epoch,tow,ecef_x,ecef_y,ecef_z,fix,gamma_fixed,consistency_pass,float_consistency_pass,ddpr_consistency_pass,ddpr_support_pass,ddpr_freshness_pass,map_float_separation_m,map_ddpr_separation_m,ddpr_guard_error_m,last_ddpr_pairs,ddpr_age_epochs,last_ddpr_nis,output_error_m,map_error_m,temporal_lineage_enabled,temporal_map_assignment_id,temporal_gamma,temporal_ess,temporal_dwell_epochs,temporal_map_error_m,integrity_lineage_enabled,integrity_anchor_available,integrity_excluded_satellite,integrity_tdcp_available,integrity_tdcp_postfit_rms_m,integrity_map_assignment_id,integrity_gamma,integrity_ess,integrity_dwell_epochs,integrity_map_error_m,integrity_map_ecef_x,integrity_map_ecef_y,integrity_map_ecef_z,integrity_map_float_separation_m,integrity_map_ddpr_separation_m,integrity_guard_pass,integrity_position_ball_gamma,integrity_position_ball_members,integrity_position_ball_spread_m,integrity_position_ball_error_m,basin_oracle_min_error_m,basin_oracle_sub50cm_available,position_cluster_error_m,position_cluster_gamma,position_cluster_spread_m,position_cluster_members,position_cluster_float_separation_m,position_cluster_ddpr_separation_m,float_error_m,float_position_sigma_m,dd_pr_nis,dd_cp_nis,ambiguities_reset,gamma,fix_streak,map_assignment_id,n_basins,basin_ess,map_n_ambiguities,n_candidates_born,respawn_triggered,n_respawn_candidates_born,respawn_oracle_min_error_m,respawn_oracle_rank,n_dd_pr,n_dd_cp
0,177000.0,-3961765.3108884394,3349009.416671417,3698311.585201168,0,0,1,1,1,1,1,0.2061006668841879,0.2359402517813181,0.3177292252570848,30,0,0.013099417336066985,0.28610230190234714,0.19226066015020857,0,,0.0,0.0,0,nan,1,1,E36,0,nan,e8fbf40b994e527a,0.03179695995731291,52.245582370201284,1,0.19226066015020857,-3961765.39018924,3349009.2270494476,3698311.6004450694,0.2061006668841879,0.2359402517813181,1,0.06263090505755173,2,0.21668759085162823,0.36441936773258143,0.19226066015020857,1,0.1948605178485552,0.08072916666666666,0.04243102299472153,2,0.20289196182243946,0.232420585885203,0.28610230190234714,3.6285841164024566,0.013099417336066985,0.0037780928343312203,0,0.07994791666666666,0,e8fbf40b994e527a,64,13.032411335482777,8,12,1,64,0.19225113898177038,1,30,29
1,177000.20000004768,-3961765.313279197,3349009.415127322,3698311.5847510514,0,0,1,1,1,1,1,0.205797265490419,0.23588379318167654,0.31487072619980544,30,1,0.013099417336066985,0.28332494266862157,0.1902229566759662,0,,0.0,0.0,0,nan,1,0,,1,0.002377964391713743,e8fbf40b994e527a,0.030985982415609414,53.20099036243089,2,0.1902229566759662,-3961765.3932435308,3349009.2261378802,3698311.6002820106,0.205797265490419,0.23588379318167654,1,0.06105724241510275,2,0.2166888891474302,0.3616125569029253,0.1902229566759662,1,0.1927832779548875,0.08072916666666666,0.04243102299472157,2,0.2025795580818343,0.23235961311211387,0.28332494266862157,3.630647873333563,nan,nan,0,0.07994791666666666,0,e8fbf40b994e527a,64,13.032411335482777,8,0,0,0,nan,-1,0,0
2,177000.40000009537,-3961765.3143942268,3349009.412626965,3698311.5836937125,0,0,1,1,1,1,1,0.20583098043607914,0.23586539865898765,0.31249676329100873,30,2,0.013099417336066985,0.2807473638439896,0.18934153340381274,0,,0.0,0.0,0,nan,1,0,,1,0.001848690578167929,e8fbf40b994e527a,0.030215052962511025,54.09417856725724,3,0.18934153340381274,-3961765.394208582,3349009.223531474,3698311.5991519284,0.20583098043607914,0.23586539865898765,1,0.05956129114898483,2,0.21669015319329452,0.35986115862129736,0.18934153340381274,1,0.19186319415098718,0.08072916666666666,0.04243102299472157,2,0.20261510554020584,0.23234207071408036,0.2807473638439896,3.6343109708255867,nan,nan,0,0.07994791666666666,0,e8fbf40b994e527a,64,13.032411335482777,8,0,0,0,nan,-1,0,0
3,177000.59999990463,-3961765.319530165,3349009.4108321522,3698311.584491989,0,0,1,1,1,1,1,0.2058623953911906,0.23595994142702237,0.30752113502308503,30,3,0.013099417336066985,0.27632345088507837,0.1867494729530617,0,,0.0,0.0,0,nan,1,0,,1,0.0016956860795135794,e8fbf40b994e527a,0.029481768746250626,54.92726652870419,4,0.1867494729530617,-3961765.399561566,3349009.2218023348,3698311.600049264,0.2058623953911906,0.23595994142702237,1,0.058138388641718636,2,0.2166913821960985,0.35543593328711925,0.1867494729530617,1,0.1891891488427034,0.08072916666666666,0.04243102299472157,2,0.2026442220578553,0.23243560808537125,0.27632345088507837,3.6383005676795186,nan,nan,0,0.07994791666666666,0,e8fbf40b994e527a,64,13.032411335482777,8,0,0,0,nan,-1,0,0
4,177000.79999995232,-3961765.325847057,3349009.4116757535,3698311.585450335,0,0,1,1,1,1,1,0.20582968747472646,0.23593879285873462,0.3028451286646795,30,4,0.013099417336066985,0.2725446665482871,0.18307053981341476,0,,0.0,0.0,0,nan,1,0,,1,0.0018390783783022173,e8fbf40b994e527a,0.028783937279939206,55.70257835612462,5,0.18307053981341476,-3961765.4059035303,3349009.2226926386,3698311.601013228,0.20582968747472646,0.23593879285873462,1,0.05678428047868249,2,0.2166925754057692,0.35068450060061335,0.18307053981341476,1,0.1854501896428978,0.08072916666666666,0.042431022994721575,2,0.20261104982061864,0.23241418687271637,0.2725446665482871,3.642378967463817,nan,nan,0,0.07994791666666666,0,e8fbf40b994e527a,64,13.032411335482777,8,0,0,0,nan,-1,0,0
5,177001.0,-3961765.1551638953,3349009.24716077,3698311.4739669757,0,0,1,1,1,1,1,0.27100356517723206,0.41514054382497156,0.5026806281582864,30,0,0.010525283928269118,0.3693651223878057,0.19477690458376762,0,,0.0,0.0,0,nan,1,1,E36,1,0.0019671544486747528,e8fbf40b994e527a,0.04754217826991729,40.96956058357287,6,0.19477690458376762,-3961765.391431113,3349009.2262494313,3698311.6050526355,0.27100356517723206,0.41514054382497156,1,0.09035473310633926,2,0.21641831151825705,0.3581871440618146,0.19477690458376762,1,0.19616360923675683,0.13153678679529088,0.031410513243664506,2,0.2694147805042264,0.4138826207394461,0.3693651223878057,2.9554103318872795,0.010525283928269118,0.004614324904751482,0,0.13084231164222504,0,e8fbf40b994e527a,64,11.928821789167019,8,12,0,0,nan,-1,30,29
6,177001.199999094,-3961765.156896986,3349009.2454644367,3698311.473466487,0,0,1,1,1,1,1,0.27142759681293627,0.41432930745381147,0.5000789404656967,30,1,0.010525283928269118,0.3677175748141455,0.19362071817352325,0,,0.0,0.0,0,nan,1,0,,1,0.0018873732933730367,e8fbf40b994e527a,0.045941914227533485,42.463786147521944,7,0.19362071817352325,-3961765.393482126,3349009.224381804,3698311.604828333,0.27142759681293627,0.41432930745381147,1,0.08739088411912974,2,0.21642012543459832,0.35617484022308243,0.19362071817352325,1,0.19499511993348748,0.13225533479713258,0.03153787221166384,2,0.26982581794233285,0.41306696521168224,0.3677175748141455,2.957340457886866,nan,nan,0,0.13155130459411524,0,e8fbf40b994e527a,64,11.908467159649323,8,0,0,0,nan,-1,0,0
7,177001.39999890327,-3961765.160853964,3349009.2451535203,3698311.4745993274,0,0,1,1,1,1,1,0.27158743635264965,0.41412360568069695,0.49578642584670635,30,2,0.010525283928269118,0.36380375284760175,0.19184732354745063,0,,0.0,0.0,0,nan,1,0,,1,0.0020902871299353374,e8fbf40b994e527a,0.044420193085434954,43.90999753316714,8,0.19184732354745063,-3961765.397564501,3349009.2240885533,3698311.6060684277,0.27158743635264965,0.41412360568069695,1,0.0845728314261871,2,0.21642874080601102,0.35342072402355157,0.19184732354745063,1,0.19319483232531967,0.1323251022395382,0.031551199911866404,2,0.2699845383639704,0.41286103579678374,0.36380375284760175,2.9615225973469723,nan,nan,0,0.1316200894786578,0,e8fbf40b994e527a,64,11.90724057480957,8,0,0,0,nan,-1,0,0
8,177001.59999990463,-3961765.162823227,3349009.2424130864,3698311.4738010173,0,0,1,1,1,1,1,0.2715744664910588,0.4141045996956072,0.49462910533489834,30,3,0.010525283928269118,0.36199261865793314,0.1906161385089283,0,,0.0,0.0,0,nan,1,0,,1,0.002230827828503672,e8fbf40b994e527a,0.04297419806433147,45.30246066906157,9,0.1906161385089283,-3961765.3995189094,3349009.221301605,3698311.6052626087,0.2715744664910588,0.4141045996956072,1,0.0818950230062834,2,0.21643806759082412,0.3510792216664482,0.1906161385089283,1,0.1919341238960342,0.13233231260503522,0.03155239671082386,2,0.2699713031522525,0.412842424480727,0.36199261865793314,2.9663154855527036,nan,nan,0,0.13162720017287094,0,e8fbf40b994e527a,64,11.907116853654623,8,0,0,0,nan,-1,0,0
9,177001.79999995232,-3961765.164889187,3349009.2409266084,3698311.4734000196,0,0,1,1,1,1,1,0.2715850740663208,0.41408927180807253,0.4930267256795564,30,4,0.010525283928269118,0.3600255702996937,0.18933996684909124,0,,0.0,0.0,0,nan,1,0,,1,0.0021412281540817064,e8fbf40b994e527a,0.04160321728955813,46.634148973914655,10,0.18933996684909124,-3961765.4015930174,3349009.219814553,3698311.604868762,0.2715850740663208,0.41408927180807253,1,0.07935624738971225,2,0.21644819407260069,0.34906283420741785,0.18933996684909124,1,0.1906356574859522,0.13233304397487777,0.0315525046951729,2,0.269981910225465,0.41282717153526516,0.3600255702996937,2.9712839713286647,nan,nan,0,0.1316279210809241,0,e8fbf40b994e527a,64,11.90710452244241,8,0,0,0,nan,-1,0,0
10,177002.0,-3961765.1486493805,3349009.1635822942,3698311.4175557145,0,0,1,1,1,1,1,0.3146903398496929,0.4457255756375006,0.5117992284728392,29,0,0.005698474987023572,0.3923290710975758,0.19447476868136185,0,,0.0,0.0,0,nan,1,1,G04,1,0.0023079266626501228,e8fbf40b994e527a,0.06473739870500479,32.1805294414152,11,0.19447476868136185,-3961765.3929085652,3349009.2258799337,3698311.605934229,0.3146903398496929,0.4457255756375006,1,0.1229005344361151,2,0.21638869655443613,0.3570554480546462,0.19447476868136185,1,0.19526584928100466,0.2003974105825479,0.02389113108570111,2,0.3140866658500931,0.4452697434144396,0.3923290710975758,2.5659310933571224,0.005698474987023572,0.005023355230376275,0,0.1997865843447661,0,e8fbf40b994e527a,64,9.862795197437624,8,12,0,0,nan,-1,29,29
11,177002.20000004768,-3961765.1483476884,3349009.1627834667,3698311.4173814976,0,0,1,1,1,1,1,0.31484300478006505,0.44554646624847793,0.5118973415986676,29,1,0.005698474987023572,0.3928492648145469,0.19461457385095413,0,,0.0,0.0,0,nan,1,0,,1,0.0014962810878995985,e8fbf40b994e527a,0.06227516554294478,33.82445673511212,12,0.19461457385095413,-3961765.39276925,3349009.2251453428,3698311.605783234,0.31484300478006505,0.44554646624847793,1,0.11830571949600496,2,0.21639822918143642,0.35711667572028677,0.19461457385095413,1,0.19540880223027204,0.20192246111734735,0.023974225859591757,2,0.31423503292741034,0.44508991347749655,0.3928492648145469,2.568149500521978,nan,nan,0,0.2013026922121149,0,e8fbf40b994e527a,64,9.791445336099427,8,0,0,0,nan,-1,0,0
12,177002.39999890327,-3961765.1506924974,3349009.161692421,3698311.417606769,0,0,1,1,1,1,1,0.31494162467001097,0.44536206509819093,0.5098318725527317,29,2,0.005698474987023572,0.39086831591259,0.19339451678453545,0,,0.0,0.0,0,nan,1,0,,1,0.001353964227131313,e8fbf40b994e527a,0.05993662794594254,35.45857615891289,13,0.19339451678453545,-3961765.395201212,3349009.2240985855,3698311.606045582,0.31494162467001097,0.44536206509819093,1,0.11394175137853449,2,0.2164088333243925,0.3551296596865981,0.19339451678453545,1,0.19417690615618366,0.2020578716073496,0.02398325973765288,2,0.31433320204903487,0.44490628381822683,0.39086831591259,2.5729605802100934,nan,nan,0,0.20143723163125046,0,e8fbf40b994e527a,64,9.786266111868365,8,0,0,0,nan,-1,0,0
13,177002.59999990463,-3961765.1485368703,3349009.1582412296,3698311.4163241372,0,0,1,1,1,1,1,0.3148970205668631,0.4454284791819154,0.513517968935884,29,3,0.005698474987023572,0.39402399583569736,0.19471601475477696,0,,0.0,0.0,0,nan,1,0,,1,0.0022113458852222297,e8fbf40b994e527a,0.05771545015450737,37.07459596091711,14,0.19471601475477696,-3961765.3930152757,3349009.220614312,3698311.604738684,0.3148970205668631,0.4454284791819154,1,0.10979671202844474,2,0.21641659378403635,0.35594450955060164,0.19471601475477696,1,0.19549258009698356,0.20207173767585568,0.02398409519735607,2,0.3142884986371134,0.4449727797977946,0.39402399583569736,2.578474596776601,nan,nan,0,0.20145100846113037,0,e8fbf40b994e527a,64,9.785742553961871,8,0,0,0,nan,-1,0,0
14,177002.79999899864,-3961765.1491677416,3349009.158051193,3698311.416327457,0,0,1,1,1,1,1,0.3149158634342016,0.4454027208463706,0.5129816046350221,29,4,0.005698474987023572,0.3934745463141427,0.19433172182346395,0,,0.0,0.0,0,nan,1,0,,1,0.0016566388866279301,e8fbf40b994e527a,0.05560556756035201,38.66452116125941,15,0.19433172182346395,-3961765.3936609393,3349009.2204371467,3698311.604750041,0.3149158634342016,0.4454027208463706,1,0.10585937087342684,2,0.21642509537875104,0.35551446574724177,0.19433172182346395,1,0.19510548765294014,0.20207315006669554,0.023984202265139944,2,0.31430735224685163,0.44494707543678963,0.3934745463141427,2.5841884338470607,nan,nan,0,0.2014524115847918,0,e8fbf40b994e527a,64,9.785689228147934,8,0,0,0,nan,-1,0,0
15,177003.0,-3961765.1280218554,3349009.1038474417,3698311.3801718703,0,0,1,1,1,1,1,0.362053117531633,0.49800088090437944,0.5660234226285757,30,0,0.0076061547505964265,0.436813373905198,0.1983792648136137,0,,0.0,0.0,0,nan,1,1,G04,1,0.001585366508592032,e8fbf40b994e527a,0.07964337729400502,26.932896869423796,16,0.1983792648136137,-3961765.3874518694,3349009.220074618,3698311.6043810835,0.362053117531633,0.49800088090437944,1,0.1526412664481956,2,0.21648833289915612,0.3620078397054381,0.1983792648136137,1,0.19884168369563968,0.28655119143166663,0.018352026122649676,2,0.36178667192599884,0.497800281220795,0.436813373905198,2.291689653640516,0.0076061547505964265,0.005512399110511435,0,0.2860364392831428,0,e8fbf40b994e527a,65,7.2722282195254575,8,12,0,0,nan,-1,30,29
16,177003.20000004768,-3961765.1269950215,3349009.1032077842,3698311.380489733,0,0,1,1,1,1,1,0.3612841557177812,0.49766597842342464,0.5675748001361213,30,1,0.0076061547505964265,0.4379181491906412,0.1998719153295758,0,,0.0,0.0,0,nan,1,0,,1,0.002424259990933417,e8fbf40b994e527a,0.07642260945867929,28.56802263114819,17,0.1998719153295758,-3961765.385818018,3349009.218810036,3698311.6044830745,0.3612841557177812,0.49766597842342464,1,0.14653283256760608,2,0.21649304460338104,0.36336747172728684,0.1998719153295758,1,0.20033623531385902,0.2892716034104165,0.018397135750770982,2,0.36101620380929705,0.4974648685343839,0.4379181491906412,2.2941749080589324,nan,nan,0,0.2887494040193411,0,e8fbf40b994e527a,65,7.185597939978901,8,0,0,0,nan,-1,0,0
17,177003.39999890327,-3961765.124732516,3349009.101641455,3698311.378652197,0,0,1,1,1,1,1,0.3609831879114763,0.49778498522447123,0.5710960177166161,30,2,0.0076061547505964265,0.44092095122116987,0.20070515824317695,0,,0.0,0.0,0,nan,1,0,,1,0.002530493671829553,e8fbf40b994e527a,0.07336149532845411,30.224596312190418,18,0.20070515824317695,-3961765.383335525,3349009.2170251342,3698311.602527055,0.3609831879114763,0.49778498522447123,1,0.1407271517290413,2,0.21649745365743242,0.3644258714038256,0.20070515824317695,1,0.20117126369066746,0.2895213162985071,0.018401900078716556,2,0.36071500676382595,0.4975839645463357,0.44092095122116987,2.2995596194359473,nan,nan,0,0.2889983949957051,0,e8fbf40b994e527a,65,7.178302013897416,8,0,0,0,nan,-1,0,0
18,177003.59999990463,-3961765.1210975735,3349009.101380034,3698311.378845197,0,0,1,1,1,1,1,0.360937741026478,0.49775360332432705,0.5742565548712179,30,3,0.0076061547505964265,0.44427320136225157,0.20349263388167435,0,,0.0,0.0,0,nan,1,0,,1,0.003338071565601962,e8fbf40b994e527a,0.07045439707681671,31.892831095720734,19,0.20349263388167435,-3961765.379660634,3349009.216725775,3698311.602712472,0.360937741026478,0.49775360332432705,1,0.13521361842870466,2,0.2165015228840593,0.3677678630308113,0.20349263388167435,1,0.20396396486443685,0.28954681881625993,0.018402358937600744,2,0.36066954223202374,0.4975525108132237,0.44427320136225157,2.305727649359002,nan,nan,0,0.2890238233931068,0,e8fbf40b994e527a,65,7.177560808919261,8,0,0,0,nan,-1,0,0
19,177003.79999899864,-3961765.1183431083,3349009.0979000474,3698311.376628561,0,0,1,1,1,1,1,0.3609096493003773,0.49776292125076194,0.5788412679444097,30,4,0.0076061547505964265,0.44851292932717574,0.20488978710258673,0,,0.0,0.0,0,nan,1,0,,1,0.0011787526085678861,e8fbf40b994e527a,0.06769225487475741,33.56479208533342,20,0.20488978710258673,-3961765.376886558,3349009.213223867,3698311.6004844885,0.3609096493003773,0.49776292125076194,1,0.1299749798198436,2,0.21650625092034945,0.36877697479793986,0.20488978710258673,1,0.20535884194405646,0.2895494577319208,0.0184024250717422,2,0.360641436830069,0.49756188770013715,0.44851292932717574,2.31211564270619,nan,nan,0,0.2890264546816351,0,e8fbf40b994e527a,65,7.177484084639799,8,0,0,0,nan,-1,0,0
20,177004.0,-3961765.1081194594,3349009.047977454,3698311.325427062,0,0,1,1,1,1,1,0.43294704336024387,0.5880966796972728,0.6423205635984806,30,0,0.009091133235989457,0.49073159403642186,0.19962204114257315,0,,0.0,0.0,0,nan,1,1,G04,1,0.0016703472113259361,e8fbf40b994e527a,0.09319310146722855,23.70185028765154,21,0.19962204114257315,-3961765.3874790403,3349009.2218621993,3698311.6067906385,0.43294704336024387,0.5880966796972728,1,0.17956165248657896,2,0.21653699478229987,0.3645172785629268,0.19962204114257315,1,0.19988264607863843,0.37633654447081044,0.013755459209983128,2,0.4328436281082387,0.5880163271602448,0.49073159403642186,2.0894604313525296,0.009091133235989457,0.0038433475888416373,0,0.37595704362479593,0,e8fbf40b994e527a,65,5.243004155603698,8,12,0,0,nan,-1,30,29
21,177004.20000004768,-3961765.108234337,3349009.0460962104,3698311.3253856176,0,0,1,1,1,1,1,0.432556772079362,0.5892295398779582,0.6448348590834894,30,1,0.009091133235989457,0.4914851221678795,0.20026616405291453,0,,0.0,0.0,0,nan,1,0,,1,0.0018600881712442614,e8fbf40b994e527a,0.08929314051081143,25.271058806217685,22,0.20026616405291453,-3961765.3872229336,3349009.219624877,3698311.6067368677,0.432556772079362,0.5892295398779582,1,0.17210386642834824,2,0.21654073810208724,0.36442620124355257,0.20026616405291453,1,0.2005249515057156,0.3803171621276031,0.0137812555656027,2,0.4324530252002544,0.589149131537003,0.4914851221678795,2.0921876016938215,nan,nan,0,0.3799322092973055,0,e8fbf40b994e527a,65,5.159667306512392,8,0,0,0,nan,-1,0,0
22,177004.40000009537,-3961765.1092461683,3349009.045744229,3698311.32580181,0,0,1,1,1,1,1,0.43261703822030845,0.5892874873791432,0.6440855011181681,30,2,0.009091133235989457,0.4906665577520593,0.19997781868475448,0,,0.0,0.0,0,nan,1,0,,1,0.0013869499692159637,e8fbf40b994e527a,0.08558824095282934,26.876741104488573,23,0.19997781868475448,-3961765.38824611,3349009.2193017397,3698311.607216672,0.43261703822030845,0.5892874873791432,1,0.16501901779304792,2,0.21654365802789957,0.36379432046314003,0.19997781868475448,1,0.20023500874621625,0.38068354515033204,0.013783986082127527,2,0.43251328086095436,0.5892070015381621,0.4906665577520593,2.0980912324490486,nan,nan,0,0.3802980688172252,0,e8fbf40b994e527a,65,5.152387613560088,8,0,0,0,nan,-1,0,0
23,177004.59999895096,-3961765.1114202803,3349009.0435468457,3698311.325232706,0,0,1,1,1,1,1,0.4325915627192163,0.5893771866868104,0.643839829419751,30,3,0.009091133235989457,0.48998972567414695,0.19865909317675798,0,,0.0,0.0,0,nan,1,0,,1,0.0015963072435608335,e8fbf40b994e527a,0.0820666051100674,28.51238930136318,24,0.19865909317675798,-3961765.3903977955,3349009.217079625,3698311.606645891,0.4325915627192163,0.5893771866868104,1,0.15828465836743744,2,0.21654696783681404,0.3613968706675388,0.19865909317675798,1,0.19891131518320082,0.3807208599256319,0.013784289819357332,2,0.4324878022152009,0.5892967502402295,0.48998972567414695,2.1048497359045624,nan,nan,0,0.38033533014891524,0,e8fbf40b994e527a,65,5.151648744878686,8,0,0,0,nan,-1,0,0
24,177004.79999899864,-3961765.1118782996,3349009.0407657526,3698311.32443644,0,0,1,1,1,1,1,0.43258318439798066,0.5894075116700688,0.6452627335251647,30,4,0.009091133235989457,0.49110615749514186,0.19850891923119823,0,,0.0,0.0,0,nan,1,0,,1,0.0021154834173509533,e8fbf40b994e527a,0.07872283898124167,30.168202164540634,25,0.19850891923119823,-3961765.3908474827,3349009.2142915437,3698311.605849315,0.43258318439798066,0.5894075116700688,1,0.1518904005688708,2,0.21654992244271826,0.3602881335011433,0.19850891923119823,1,0.19875713898632913,0.3807246937714598,0.01378431618429255,2,0.4324794250041173,0.5893270682202663,0.49110615749514186,2.111845513343217,nan,nan,0,0.3803391585030207,0,e8fbf40b994e527a,65,5.151572841002679,8,0,0,0,nan,-1,0,0
25,177005.0,-3961765.0921376897,3349009.0284806453,3698311.3051952966,0,0,1,1,1,1,1,0.45596954605026874,0.6003145855092726,0.6593459295039382,30,0,0.009259057043382568,0.5190624918249209,0.197023919236032,0,,0.0,0.0,0,nan,1,1,E36,1,0.0018794000137471322,e8fbf40b994e527a,0.10886668375808049,20.930365290318175,26,0.197023919236032,-3961765.384765623,3349009.2181882947,3698311.5989437047,0.45596954605026874,0.6003145855092726,1,0.20551238876922745,2,0.216309233539517,0.3584296963097233,0.197023919236032,1,0.19718346077531462,0.4795192353419399,0.010735499035102295,2,0.4559089815064773,0.600269387819502,0.5190624918249209,1.9322137162313968,0.009259057043382568,0.004533866401179011,0,0.47922481442319903,0,e8fbf40b994e527a,65,3.7177821782695455,8,12,0,0,nan,-1,30,29
26,177005.20000004768,-3961765.090120325,3349009.0271748872,3698311.3047715966,0,0,1,1,1,1,1,0.45507474988953134,0.6006880221995119,0.6631510544888389,30,1,0.009259057043382568,0.5214714936823254,0.19846894686798244,0,,0.0,0.0,0,nan,1,0,,1,0.002077127286496858,e8fbf40b994e527a,0.10418103486875309,22.41570527011471,27,0.19846894686798244,-3961765.38232585,3349009.2164236424,3698311.5978481527,0.45507474988953134,0.6006880221995119,1,0.19675372059464563,2,0.21631391935591693,0.3598907558444728,0.19846894686798244,1,0.19862915580711438,0.484875546013412,0.010751200875613135,2,0.45501390077913656,0.6006427088017463,0.5214714936823254,1.935163694640533,nan,nan,0,0.4845769606978287,0,e8fbf40b994e527a,65,3.6481888494811843,8,0,0,0,nan,-1,0,0
27,177005.40000009537,-3961765.0858413656,3349009.026633736,3698311.3045430435,0,0,1,1,1,1,1,0.45496849408204276,0.6005703814973762,0.6668143395335321,30,2,0.009259057043382568,0.5253545220240544,0.2014844855974979,0,,0.0,0.0,0,nan,1,0,,1,0.0020778074872689605,e8fbf40b994e527a,0.09971915978067454,23.95304639928399,28,0.2014844855974979,-3961765.3780158884,3349009.2158586625,3698311.5975009007,0.45496849408204276,0.6005703814973762,1,0.1884135280753983,2,0.21631910591431094,0.36352989006360714,0.2014844855974979,1,0.2016467569289322,0.48536301619034944,0.01075281940127127,2,0.4549076096235351,0.6005250146911041,0.5253545220240544,1.9415451309015561,nan,nan,0,0.4850640378543581,0,e8fbf40b994e527a,65,3.6420950162761097,8,0,0,0,nan,-1,0,0
28,177005.59999895096,-3961765.080937958,3349009.0244526276,3698311.303875339,0,0,1,1,1,1,1,0.4549111457071501,0.600578481471022,0.672054238969765,30,3,0.009259057043382568,0.5306467851806058,0.20518676763084054,0,,0.0,0.0,0,nan,1,0,,1,0.0022379583886219276,e8fbf40b994e527a,0.09549029538908475,25.529299660008142,29,0.20518676763084054,-3961765.373087582,3349009.213648159,3698311.5967879514,0.4549111457071501,0.600578481471022,1,0.1805086383407502,2,0.21632537697245202,0.3673517240342395,0.20518676763084054,1,0.20534999409658436,0.4854126336002052,0.010752988152763937,2,0.4548502506917548,0.600533138181813,0.5306467851806058,1.9488466844855574,nan,nan,0,0.48511361515717993,0,e8fbf40b994e527a,65,3.641476496931164,8,0,0,0,nan,-1,0,0
29,177005.79999899864,-3961765.0769222486,3349009.0203302023,3698311.3013934083,0,0,1,1,1,1,1,0.45489412974781646,0.6005807895846229,0.6782183488314159,30,4,0.009259057043382568,0.5366469246754051,0.20771267964119394,0,,0.0,0.0,0,nan,1,0,,1,0.0018826248669391455,e8fbf40b994e527a,0.09147336991940216,27.140745110640367,30,0.20771267964119394,-3961765.3690653215,3349009.2095174985,3698311.594291447,0.45489412974781646,0.6005807895846229,1,0.17299990899143217,2,0.21633189903228664,0.36939311078805387,0.20771267964119394,1,0.20787514054300552,0.48541775363552575,0.010753007494865331,2,0.45483323252664115,0.600535460750493,0.5366469246754051,1.9564004081462942,nan,nan,0,0.48511873106109327,0,e8fbf40b994e527a,65,3.6414126922464862,8,0,0,0,nan,-1,0,0
30,177006.0,-3961765.135220134,3349009.048173922,3698311.3230750035,0,0,1,1,1,1,1,0.40998831430424026,0.5475972754261236,0.6044745880338295,29,0,0.008669178683565322,0.4686163024915451,0.20151661215161643,0,,0.0,0.0,0,nan,1,1,C22,1,0.0020055901499641724,e8fbf40b994e527a,0.1246746086794408,19.111814803319255,31,0.20151661215161643,-3961765.383123783,3349009.2160592633,3698311.603161974,0.40998831430424026,0.5475972754261236,1,0.22913123601186994,2,0.21585345922302335,0.35600041421972833,0.20151661215161643,1,0.20161381513876417,0.5725246953944174,0.008436781358310186,2,0.4099567035901786,0.5475727379814445,0.4686163024915451,1.808636873723652,0.008669178683565322,0.006518871095127575,0,0.5723076553479257,0,e8fbf40b994e527a,65,2.8002443592957706,8,12,0,0,nan,-1,29,29
31,177006.20000004768,-3961765.135487643,3349009.0464083883,3698311.322335388,0,0,1,1,1,1,1,0.4091579366739788,0.549318308127747,0.60798311322724,29,1,0.008669178683565322,0.4694470221905618,0.2017413831184567,0,,0.0,0.0,0,nan,1,0,,1,0.0018313790947855815,e8fbf40b994e527a,0.11919705479032904,20.528107789686924,32,0.2017413831184567,-3961765.382791131,3349009.2135369303,3698311.602191159,0.4091579366739788,0.549318308127747,1,0.21918932053790827,2,0.215867159361719,0.3556212753795334,0.2017413831184567,1,0.20183779594451345,0.5789986358757487,0.0084472206036897,2,0.4091262250566004,0.5492938418222497,0.4694470221905618,1.811789090930821,nan,nan,0,0.578778601625828,0,e8fbf40b994e527a,65,2.744162152995148,8,0,0,0,nan,-1,0,0
32,177006.40000009537,-3961765.1333498633,3349009.0447890284,3698311.322473867,0,0,1,1,1,1,1,0.40912008452526605,0.5494155812594509,0.6107058229557746,29,2,0.008669178683565322,0.47193185813256106,0.2038414058688549,0,,0.0,0.0,0,nan,1,0,,1,0.002272572499290918,e8fbf40b994e527a,0.11399385867100874,21.99908174752334,33,0.2038414058688549,-3961765.380597858,3349009.211845069,3698311.6023666174,0.40912008452526605,0.5494155812594509,1,0.20974550422729232,2,0.21587891792608532,0.3575296790849108,0.2038414058688549,1,0.20393771052675796,0.5795770727647616,0.00844830384175025,2,0.40908836945354793,0.5493909900021654,0.47193185813256106,1.8186037417169887,nan,nan,0,0.5793567612083665,0,e8fbf40b994e527a,65,2.739315821220303,8,0,0,0,nan,-1,0,0
33,177006.59999895096,-3961765.1331645213,3349009.0442400267,3698311.322824395,0,0,1,1,1,1,1,0.40911497014931175,0.5494444515186775,0.6110480452220911,29,3,0.008669178683565322,0.4722349135183486,0.2043641815012178,0,,0.0,0.0,0,nan,1,0,,1,0.002206984769694152,e8fbf40b994e527a,0.10905163783065765,23.519656509578837,34,0.2043641815012178,-3961765.380405767,3349009.2112790705,3698311.602725776,0.40911497014931175,0.5494444515186775,1,0.2007753502426,2,0.21589172825319045,0.3579275890797324,0.2043641815012178,1,0.2044602007986815,0.5796360342998839,0.008448425649419597,2,0.4090832530981146,0.5494198644634254,0.4722349135183486,1.8263969241032247,nan,nan,0,0.5794156944255326,0,e8fbf40b994e527a,65,2.738823068002937,8,0,0,0,nan,-1,0,0
34,177006.79999899864,-3961765.131600626,3349009.0429240055,3698311.3225935884,0,0,1,1,1,1,1,0.4091015981769281,0.5494760460920576,0.6130859846536977,29,4,0.008669178683565322,0.474218507397794,0.20567885252700485,0,,0.0,0.0,0,nan,1,0,,1,0.001422096772114212,e8fbf40b994e527a,0.10435593389296516,25.08443292586677,35,0.20567885252700485,-3961765.3788312958,3349009.2099500434,3698311.6024925276,0.4091015981769281,0.5494760460920576,1,0.19225262399353285,2,0.21590467554110182,0.3591680891878668,0.20567885252700485,1,0.20577477477676237,0.579642013240186,0.008448437214711857,2,0.4090698809963638,0.5494514550695555,0.474218507397794,1.8344549486080308,nan,nan,0,0.5794216704909589,0,e8fbf40b994e527a,65,2.7387731147074694,8,0,0,0,nan,-1,0,0
35,177007.0,-3961765.160885648,3349009.068008446,3698311.341282598,0,0,1,1,1,1,1,0.38039365859498314,0.5105765891768314,0.5600882018424627,29,0,0.008998550649127296,0.43256212050250414,0.1962069272697544,0,,0.0,0.0,0,nan,1,1,C22,1,0.001876975951072826,e8fbf40b994e527a,0.1388011320313435,17.57033664730382,36,0.1962069272697544,-3961765.3885105546,3349009.2235050215,3698311.6034028996,0.38039365859498314,0.5105765891768314,1,0.25085479728278565,2,0.21546409936804148,0.3489865130687903,0.1962069272697544,1,0.19625991327064993,0.6756936586765082,0.006169341994155386,2,0.38037729441886203,0.5105644913839289,0.43256212050250414,1.7055804106800259,0.008998550649127296,0.006742591878277379,0,0.6755567156319949,0,e8fbf40b994e527a,65,2.1046871745023537,8,12,0,0,nan,-1,29,29
36,177007.20000004768,-3961765.1605042373,3349009.066968227,3698311.3403488,0,0,1,1,1,1,1,0.38094222004185974,0.5107524489649212,0.5608636080888307,29,1,0.008998550649127296,0.433633076600615,0.19574431101191966,0,,0.0,0.0,0,nan,1,0,,1,0.001460324718792922,e8fbf40b994e527a,0.13261514542333336,18.919590423474855,37,0.19574431101191966,-3961765.3885119613,3349009.223046155,3698311.602587495,0.38094222004185974,0.5107524489649212,1,0.2398234782621193,2,0.21547979219854005,0.3486545754891654,0.19574431101191966,1,0.19579736691988925,0.683296095471621,0.0061757667362655625,2,0.38092584177155175,0.5107403118479457,0.433633076600615,1.7089234280877854,nan,nan,0,0.6831573227532729,0,e8fbf40b994e527a,65,2.060940932093394,8,0,0,0,nan,-1,0,0
37,177007.40000009537,-3961765.1595880063,3349009.064490459,3698311.3395202653,0,0,1,1,1,1,1,0.38094474243012433,0.5110719394408095,0.5635488237893872,29,2,0.008998550649127296,0.43578577138858465,0.19634252493039014,0,,0.0,0.0,0,nan,1,0,,1,0.0016740378184397751,e8fbf40b994e527a,0.12673939291400005,20.327997087247798,38,0.19634252493039014,-3961765.3876009504,3349009.220606661,3698311.6017353022,0.38094474243012433,0.5110719394408095,1,0.22934540504816098,2,0.21549625088484553,0.34880779394349654,0.19634252493039014,1,0.1963951722411641,0.6839555934990013,0.00617645008274567,2,0.3809283629906059,0.5110598155032609,0.43578577138858465,1.7161467638773362,nan,nan,0,0.6838166561798975,0,e8fbf40b994e527a,65,2.0572520576548867,8,0,0,0,nan,-1,0,0
38,177007.59999895096,-3961765.1573211523,3349009.06300109,3698311.3388609337,0,0,1,1,1,1,1,0.3809695339531834,0.5111277168792893,0.5663676407068288,29,3,0.008998550649127296,0.43856451435768407,0.19780948025633657,0,,0.0,0.0,0,nan,1,0,,1,0.0013057025719669384,e8fbf40b994e527a,0.12115678533450776,21.7920351304581,39,0.19780948025633657,-3961765.3853503936,3349009.2191495653,3698311.6010786,0.3809695339531834,0.5111277168792893,1,0.21939008747939648,2,0.21551300654351951,0.3503782575207568,0.19780948025633657,1,0.19786222004018408,0.6840225935181353,0.006176515815085309,2,0.3809531559371806,0.5111155847164794,0.43856451435768407,1.7244030943011548,nan,nan,0,0.6838836394372091,0,e8fbf40b994e527a,65,2.05687812184137,8,0,0,0,nan,-1,0,0
39,177007.79999899864,-3961765.153441545,3349009.060389276,3698311.3384544356,0,0,1,1,1,1,1,0.38097143339538414,0.5111546618248269,0.5709371480029959,29,4,0.008998550649127296,0.44313811796240815,0.20090245547684193,0,,0.0,0.0,0,nan,1,0,,1,0.0015207696900303392,e8fbf40b994e527a,0.11585079919868502,23.30747179057013,40,0.20090245547684193,-3961765.3814720525,3349009.2165426556,3698311.60067084,0.38097143339538414,0.5111546618248269,1,0.20992805876430165,2,0.21553040974273024,0.3533523222320288,0.20090245547684193,1,0.2009552359018824,0.6840294916378885,0.006176522425305327,2,0.38095505552858844,0.5111425288886772,0.44313811796240815,1.7329354619153983,nan,nan,0,0.6838905358285706,0,e8fbf40b994e527a,65,2.0568396311866137,8,0,0,0,nan,-1,0,0
40,177008.0,-3961765.1508411006,3349009.095355927,3698311.3444569376,0,0,1,1,1,1,1,0.3707443636313891,0.5033067228399727,0.5598120788931265,30,0,0.016885950822831428,0.42852053879416774,0.20006735593061498,0,,0.0,0.0,0,nan,1,1,E36,1,0.0014721038936290312,e8fbf40b994e527a,0.15304526676373764,16.001986863054746,41,0.20006735593061498,-3961765.3837804915,3349009.221801661,3698311.6036906154,0.3707443636313891,0.5033067228399727,1,0.27214941625880584,2,0.2150030965733707,0.34947193516251196,0.20006735593061498,1,0.20009968049109986,0.7528589691417368,0.004800269023276729,2,0.37073143142241566,0.5032958750832303,0.42852053879416774,1.6153443910826872,0.016885950822831428,0.006291938291504257,0,0.7527665970829092,0,e8fbf40b994e527a,65,1.7271552701740653,8,12,0,0,nan,-1,30,29
41,177008.199999094,-3961765.1520517687,3349009.0948630767,3698311.3447257644,0,0,1,1,1,1,1,0.3702544168251898,0.5035401628139379,0.5599134621648957,30,1,0.016885950822831428,0.42758609718059726,0.19993299329993505,0,,0.0,0.0,0,nan,1,0,,1,0.0020562985544214664,e8fbf40b994e527a,0.14614430019643476,17.274870905000014,42,0.19993299329993505,-3961765.3844575654,3349009.2209531744,3698311.6039113468,0.3702544168251898,0.5035401628139379,1,0.26004900136222875,2,0.21502296886244207,0.34901922811821007,0.19993299329993505,1,0.19996514642955093,0.7611238078813634,0.004804756028961065,2,0.37024148318576944,0.5035292989769257,0.42758609718059726,1.6188743669314003,nan,nan,0,0.7610302468891351,0,e8fbf40b994e527a,65,1.6913434330771555,8,0,0,0,nan,-1,0,0
42,177008.40000009537,-3961765.1516101705,3349009.093170986,3698311.3431942053,0,0,1,1,1,1,1,0.37006057836753786,0.5038017411302338,0.5620245118177848,30,2,0.016885950822831428,0.42909269352786167,0.19970311628830584,0,,0.0,0.0,0,nan,1,0,,1,0.0015467853990228809,e8fbf40b994e527a,0.13959044057400746,18.61029276023191,43,0.19970311628830584,-3961765.3838429516,3349009.219138015,3698311.602317872,0.37006057836753786,0.5038017411302338,1,0.24855716529735056,2,0.21504363125568965,0.34868020323011983,0.19970311628830584,1,0.19973513800981388,0.7618158541753398,0.004805227300017943,2,0.3700476460217198,0.5037908805312465,0.42909269352786167,1.6264978543652957,nan,nan,0,0.7617221896561529,0,e8fbf40b994e527a,65,1.6884201041823346,8,0,0,0,nan,-1,0,0
43,177008.59999895096,-3961765.15232379,3349009.091302916,3698311.3432940696,0,0,1,1,1,1,1,0.3700484129277595,0.5037751191534235,0.5623079954192121,30,3,0.016885950822831428,0.4292014043186029,0.1997422494634417,0,,0.0,0.0,0,nan,1,0,,1,0.0022513957189557727,e8fbf40b994e527a,0.13336373212930996,20.005986128847255,44,0.1997422494634417,-3961765.3845342826,3349009.2172575216,3698311.602426376,0.3700484129277595,0.5037751191534235,1,0.2376389862271313,2,0.21506511752147991,0.34803959485417424,0.1997422494634417,1,0.1997738663768955,0.7618860987768685,0.004805277645708013,2,0.3700354827462506,0.5037642615752012,0.4292014043186029,1.635206944194594,nan,nan,0,0.7617924236940103,0,e8fbf40b994e527a,65,1.6881239651573527,8,0,0,0,nan,-1,0,0
44,177008.79999995232,-3961765.155109045,3349009.090882139,3698311.3436927013,0,0,1,1,1,1,1,0.3700455948261438,0.5037692507103155,0.5601170575061098,30,4,0.016885950822831428,0.426847872768765,0.19818810416390295,0,,0.0,0.0,0,nan,1,0,,1,0.0015627721536361759,e8fbf40b994e527a,0.12744450235008242,21.45913469395067,45,0.19818810416390295,-3961765.3873139685,3349009.216835069,3698311.6028267886,0.3700455948261438,0.5037692507103155,1,0.22725994815756545,2,0.21508727904763705,0.34593459769118906,0.19818810416390295,1,0.19821929589091808,0.7618933220338917,0.004805283068633655,2,0.37003266424508346,0.5037583931862902,0.426847872768765,1.6442023335475404,nan,nan,0,0.7617996458654872,0,e8fbf40b994e527a,65,1.6880935190406576,8,0,0,0,nan,-1,0,0
45,177009.0,-3961765.1838362375,3349009.1103274673,3698311.3477770723,0,0,1,1,1,1,1,0.34871740711283855,0.47559372384150056,0.5171163876357951,29,0,0.00664563249326421,0.3929362227179695,0.1983053005145468,0,,0.0,0.0,0,nan,1,1,C22,1,0.0025215531705710783,e8fbf40b994e527a,0.16878686500198586,14.847509849148304,46,0.1983053005145468,-3961765.388198969,3349009.224257122,3698311.6063495725,0.34871740711283855,0.47559372384150056,1,0.2917844577786301,2,0.21401481840453204,0.341153488353436,0.1983053005145468,1,0.19832261239093177,0.8149219965790326,0.003527516967288505,2,0.348711471023537,0.4755895060012447,0.3929362227179695,1.5396703489866377,0.00664563249326421,0.005355574841873859,0,0.8148680074532513,0,e8fbf40b994e527a,65,1.4890866043311697,8,12,0,0,nan,-1,29,29
46,177009.199999094,-3961765.1841197265,3349009.1083696755,3698311.347221069,0,0,1,1,1,1,1,0.3482725486354135,0.4770452132955987,0.5197836582138582,29,1,0.00664563249326421,0.39364129576136525,0.19809459986448244,0,,0.0,0.0,0,nan,1,0,,1,0.002258619301778557,e8fbf40b994e527a,0.161095642905954,16.058852462267073,47,0.19809459986448244,-3961765.388307324,3349009.2220160146,3698311.6054568193,0.3482725486354135,0.4770452132955987,1,0.27869761324537307,2,0.21404450377721448,0.34047161009196847,0.19809459986448244,1,0.19811176378630987,0.8236030073446767,0.0035305582187695585,2,0.3482665907943004,0.4770410089130963,0.39364129576136525,1.543374141903529,nan,nan,0,0.8235483489044751,0,e8fbf40b994e527a,65,1.4587154779584357,8,0,0,0,nan,-1,0,0
47,177009.40000009537,-3961765.1841414366,3349009.10685463,3698311.3462812863,0,0,1,1,1,1,1,0.34835894104878823,0.4769395824463789,0.5206334817789069,29,2,0.00664563249326421,0.3945206422682654,0.19771333334827443,0,,0.0,0.0,0,nan,1,0,,1,0.0015352670425881586,e8fbf40b994e527a,0.15379109359659618,17.334655015000987,48,0.19771333334827443,-3961765.3884161455,3349009.2205601213,3698311.6045386316,0.34835894104878823,0.4769395824463789,1,0.26626887175757047,2,0.21407531494376783,0.33989977821932116,0.19771333334827443,1,0.19773039198590894,0.8243070926598445,0.003530880484013281,2,0.348352980774282,0.4769353849065277,0.3945206422682654,1.5513688583683758,nan,nan,0,0.8242523774795635,0,e8fbf40b994e527a,65,1.456308432380813,8,0,0,0,nan,-1,0,0
48,177009.59999895096,-3961765.1888006814,3349009.105773434,3698311.346507875,0,0,1,1,1,1,1,0.34839924869513245,0.47687594362169583,0.5173025802306086,29,3,0.00664563249326421,0.3908854975371554,0.19494024903095614,0,,0.0,0.0,0,nan,1,0,,1,0.0012621805837123683,e8fbf40b994e527a,0.14684677331726445,18.674339156662892,49,0.19494024903095614,-3961765.393113534,3349009.219502919,3698311.6047788546,0.34839924869513245,0.47687594362169583,1,0.2544531102865337,2,0.21410748259270443,0.3360411767191942,0.19494024903095614,1,0.19495688969304403,0.8243789307591867,0.003530917663720006,2,0.34839328656079543,0.4768717537510994,0.3908854975371554,1.5604973458758213,nan,nan,0,0.8243242097710201,0,e8fbf40b994e527a,65,1.4560632759244012,8,0,0,0,nan,-1,0,0
49,177009.79999995232,-3961765.1901784013,3349009.1030644984,3698311.346209369,0,0,1,1,1,1,1,0.34838940922167416,0.4769029970993678,0.51775074854337,29,4,0.00664563249326421,0.3909191671679271,0.1944757070852029,0,,0.0,0.0,0,nan,1,0,,1,0.001905612629432515,e8fbf40b994e527a,0.14025115562965776,20.073901557706694,50,0.1944757070852029,-3961765.3944864166,3349009.216787154,3698311.60447391,0.34838940922167416,0.4769029970993678,1,0.24323060284694248,2,0.2141404328724951,0.3345562333296673,0.1944757070852029,1,0.19449200811302797,0.8243860294041946,0.0035309202827306235,2,0.34838344715996805,0.47689880733703555,0.3909191671679271,1.5699208821487054,nan,nan,0,0.8243313078407367,0,e8fbf40b994e527a,65,1.4560390563325498,8,0,0,0,nan,-1,0,0
50,177010.0,-3961765.181387109,3349009.1055429415,3698311.338537488,0,0,1,1,1,1,1,0.35263245140959504,0.4735560992923865,0.5118529177079794,29,0,0.0071935347781133824,0.39986322985952144,0.19854998772865382,0,,0.0,0.0,0,nan,1,1,C22,1,0.0024143504778720757,e8fbf40b994e527a,0.18192790541738033,13.891639332958087,51,0.19854998772865382,-3961765.3846887406,3349009.221514378,3698311.602296314,0.35263245140959504,0.4735560992923865,1,0.3111925168003993,2,0.213574744684458,0.33944368445390866,0.19854998772865382,1,0.1985601471463979,0.8547202990044226,0.0026933018469120773,2,0.3526291660908504,0.47355432488777055,0.39986322985952144,1.4732223901115724,0.0071935347781133824,0.003526263474355071,0,0.8546872900528011,0,e8fbf40b994e527a,65,1.3594139938912186,8,12,0,0,nan,-1,29,29
51,177010.199999094,-3961765.1818322404,3349009.1053061048,3698311.338775909,0,0,1,1,1,1,1,0.3526607629673544,0.47336806945594323,0.5112414744500712,29,1,0.0071935347781133824,0.39949989912228767,0.19837273536792288,0,,0.0,0.0,0,nan,1,0,,1,0.0015629666572212892,e8fbf40b994e527a,0.1735798863631791,15.048076683615138,52,0.19837273536792288,-3961765.3852124102,3349009.2212960264,3698311.6025039097,0.3526607629673544,0.47336806945594323,1,0.29713630249376544,2,0.21360721267145485,0.3392353732131675,0.19837273536792288,1,0.1983828774015951,0.8635558445554118,0.002695518541580687,2,0.3526574693352177,0.4733663087373498,0.39949989912228767,1.4770932354436253,nan,nan,0,0.8635224394134289,0,e8fbf40b994e527a,65,1.3323037427528508,8,0,0,0,nan,-1,0,0
52,177010.40000009537,-3961765.180737488,3349009.1032618876,3698311.337776033,0,0,1,1,1,1,1,0.3525783544144498,0.47350167619187866,0.513686905387842,29,2,0.0071935347781133824,0.40158576541815877,0.19894116168464288,0,,0.0,0.0,0,nan,1,0,,1,0.0018161501464119792,e8fbf40b994e527a,0.165651337849893,16.269971802742965,53,0.19894116168464288,-3961765.3840788146,3349009.219193273,3698311.6014495334,0.3525783544144498,0.47350167619187866,1,0.28378631110703945,2,0.2136409640928451,0.33960641053066337,0.19894116168464288,1,0.19895125459633714,0.8642431356534033,0.002695752822437619,2,0.3525750592186693,0.4734999242807312,0.40158576541815877,1.4854448229401473,nan,nan,0,0.8642096981094335,0,e8fbf40b994e527a,65,1.3302401296061892,8,0,0,0,nan,-1,0,0
53,177010.59999895096,-3961765.1797678466,3349009.1014276254,3698311.3372913934,0,0,1,1,1,1,1,0.35258977741519243,0.4734601444148493,0.5154891080928682,29,3,0.0071935347781133824,0.40331697435899305,0.19973147423918539,0,,0.0,0.0,0,nan,1,0,,1,0.0013504450787307797,e8fbf40b994e527a,0.15811850409207417,17.556511015476804,54,0.19973147423918539,-3961765.3831209075,3349009.217366113,3698311.6009679963,0.35258977741519243,0.4734601444148493,1,0.2711026261921039,2,0.21367590365319283,0.3401617196209212,0.19973147423918539,1,0.19974151321129016,0.8643125679493352,0.0026957768393599565,2,0.3525864823918126,0.4734583950482977,0.40331697435899305,1.4949759326542404,nan,nan,0,0.8642791271175203,0,e8fbf40b994e527a,65,1.3300320000327799,8,0,0,0,nan,-1,0,0
54,177010.79999995232,-3961765.1821782147,3349009.0997469295,3698311.3371563856,0,0,1,1,1,1,1,0.3525979221141297,0.47343928385708095,0.5145267841507127,29,4,0.0071935347781133824,0.4019978455925458,0.19836298611778022,0,,0.0,0.0,0,nan,1,0,,1,0.0009535554774234745,e8fbf40b994e527a,0.15096260722612992,18.90544811799147,55,0.19836298611778022,-3961765.3855389417,3349009.215690353,3698311.600835797,0.3525979221141297,0.47343928385708095,1,0.2590536267322536,2,0.21371211763372258,0.3379971422741983,0.19836298611778022,1,0.1983728481116384,0.8643197277312211,0.002695780000660572,2,0.3525946266475391,0.4734375358578713,0.4019978455925458,1.504809846822572,nan,nan,0,0.8642862865603188,0,e8fbf40b994e527a,65,1.3300105409167085,8,0,0,0,nan,-1,0,0
55,177011.0,-3961765.216516592,3349009.1312154084,3698311.350317675,0,0,1,1,1,1,1,0.322374730141554,0.45004728246221265,0.4754846869332141,29,0,0.008063899597361143,0.3557556210443481,0.20052935285758294,0,,0.0,0.0,0,nan,1,1,C22,1,0.001839996299665405,e8fbf40b994e527a,0.1969822684931412,12.923518173860817,56,0.20052935285758294,-3961765.3871500674,3349009.2227674588,3698311.608053792,0.322374730141554,0.45004728246221265,1,0.3295711037379681,2,0.21252382313866952,0.3353956742155885,0.20052935285758294,1,0.20053512092769957,0.8909198416334734,0.002043082546534651,2,0.32237310331475566,0.45004664844249576,0.3557556210443481,1.4142062249897436,0.008063899597361143,0.006490816387364139,0,0.8909000427496439,0,e8fbf40b994e527a,65,1.2550176608628052,8,12,0,0,nan,-1,29,29
56,177011.199999094,-3961765.2169654276,3349009.1312032514,3698311.3507585367,0,0,1,1,1,1,1,0.32286798839146347,0.44977174460995073,0.47439945866598504,29,1,0.008063899597361143,0.3552266217880689,0.20079393265280138,0,,0.0,0.0,0,nan,1,0,,1,0.002231978900172496,e8fbf40b994e527a,0.1878778881196639,14.021706590083207,57,0.20079393265280138,-3961765.3877743394,3349009.2226964952,3698311.6090162373,0.32286798839146347,0.44977174460995073,1,0.3145905533751609,2,0.21256506595277927,0.3355314549866343,0.20079393265280138,1,0.2007996832341176,0.8997915420062021,0.0020446980830020798,2,0.32286635906932737,0.4497711140375326,0.3552266217880689,1.4182386196741834,nan,nan,0,0.8997715143323618,0,e8fbf40b994e527a,65,1.2307539343125016,8,0,0,0,nan,-1,0,0
57,177011.40000009537,-3961765.2108000373,3349009.1288832757,3698311.3499308177,0,0,1,1,1,1,1,0.32268805219650787,0.4504047229556604,0.4815514116573335,29,2,0.008063899597361143,0.3617119636020215,0.20510841785439982,0,,0.0,0.0,0,nan,1,0,,1,0.002266040218884448,e8fbf40b994e527a,0.17923083890524616,15.185856015067692,58,0.20510841785439982,-3961765.3814338758,3349009.2201633533,3698311.6081547895,0.32268805219650787,0.4504047229556604,1,0.30036279299116836,2,0.21260706273649588,0.3403784511533367,0.20510841785439982,1,0.20511423659197567,0.9004525524275572,0.0020448610045214442,2,0.322686423618561,0.4504040866405094,0.3617119636020215,1.4269348255827983,nan,nan,0,0.9004325066962213,0,e8fbf40b994e527a,65,1.2289820137760104,8,0,0,0,nan,-1,0,0
58,177011.59999895096,-3961765.20847509,3349009.1268696357,3698311.349389686,0,0,1,1,1,1,1,0.3227418237925952,0.45037338160372203,0.48443514393255904,29,3,0.008063899597361143,0.3646664691805186,0.20682708343929535,0,,0.0,0.0,0,nan,1,0,,1,0.002114591196051558,e8fbf40b994e527a,0.17101097000798718,16.416542710919693,59,0.20682708343929535,-3961765.3791394057,3349009.218159559,3698311.6076572333,0.3227418237925952,0.45037338160372203,1,0.28683772223803095,2,0.21265158380053326,0.3420637116969731,0.20682708343929535,1,0.20683289478065367,0.9005191387000128,0.0020448804072414795,2,0.32274019446754965,0.45037274784217146,0.3646664691805186,1.4368541343721117,nan,nan,0,0.9004990911401392,0,e8fbf40b994e527a,65,1.2288037854722866,8,0,0,0,nan,-1,0,0
59,177011.79999995232,-3961765.204319212,3349009.12350442,3698311.348121312,0,0,1,1,1,1,1,0.32273864961652793,0.4504028627614735,0.48985688177527587,29,4,0.008063899597361143,0.3699617499270858,0.2097217435611528,0,,0.0,0.0,0,nan,1,0,,1,0.001815025122277038,e8fbf40b994e527a,0.163207599506562,17.71078211046124,60,0.2097217435611528,-3961765.374977671,3349009.2147839256,3698311.606392445,0.32273864961652793,0.4504028627614735,1,0.27399801837275495,2,0.2126974443825686,0.3448685779711714,0.2097217435611528,1,0.20972755130167536,0.9005259552875485,0.0020448819324167217,2,0.3227370199120947,0.450402228604787,0.3699617499270858,1.4470830891241302,nan,nan,0,0.9005059075405554,0,e8fbf40b994e527a,65,1.2287855428199512,8,0,0,0,nan,-1,0,0
60,177012.0,-3961765.256984346,3349009.165856457,3698311.3548527746,0,0,1,1,1,1,1,0.2933725842985949,0.4300478148801549,0.44363620237411555,29,0,0.007241970885437213,0.30680349301671306,0.19873086787715694,0,,0.0,0.0,0,nan,1,1,C22,1,0.001967143026098517,e8fbf40b994e527a,0.21164426757691324,12.061078535691538,61,0.19873086787715694,-3961765.3908299883,3349009.2239054986,3698311.60937807,0.2933725842985949,0.4300478148801549,1,0.34665822592948425,2,0.21133965566748547,0.3282531193917239,0.19873086787715694,1,0.19873414102726195,0.9225580775340281,0.0015471468519370373,2,0.2933718284614457,0.43004749483503885,0.30680349301671306,1.3612803427248443,0.007241970885437213,0.008928749918967787,0,0.9225463209136496,0,e8fbf40b994e527a,65,1.172781140773449,8,12,0,0,nan,-1,29,29
61,177012.199999094,-3961765.25963404,3349009.1655844403,3698311.355332398,0,0,1,1,1,1,1,0.29295230251119797,0.4303773629962704,0.442797094574938,29,1,0.007241970885437213,0.3044119480879537,0.19744084499218675,0,,0.0,0.0,0,nan,1,0,,1,0.0018958685420475076,e8fbf40b994e527a,0.20180400292363584,13.104500336131066,62,0.19744084499218675,-3961765.393187931,3349009.2233233177,3698311.609597283,0.29295230251119797,0.4303773629962704,1,0.33081981441357633,2,0.21138933639991972,0.326503891516916,0.19744084499218675,1,0.19744408147295062,0.9313639406829288,0.0015483217231043909,2,0.2929515457771826,0.4303770312311158,0.3044119480879537,1.3654694516538184,nan,nan,0,0.9313520537198662,0,e8fbf40b994e527a,65,1.1509309901527571,8,0,0,0,nan,-1,0,0
62,177012.40000009537,-3961765.260753596,3349009.1636615195,3698311.35420238,0,0,1,1,1,1,1,0.29276713609760663,0.4307393958675594,0.4439930072458755,29,2,0.007241970885437213,0.3045024336126088,0.19634441467658448,0,,0.0,0.0,0,nan,1,0,,1,0.0013691929415325156,e8fbf40b994e527a,0.19245453049943886,14.21428396067771,63,0.19634441467658448,-3961765.394184736,3349009.2212648015,3698311.608349166,0.29276713609760663,0.4307393958675594,1,0.3157713905264622,2,0.21144167857236482,0.32496131089347075,0.19634441467658448,1,0.19634761139667833,0.9319886403976203,0.0015484458843429444,2,0.2927663785636561,0.4307390635578594,0.3045024336126088,1.3744996568643169,nan,nan,0,0.9319767435453413,0,e8fbf40b994e527a,65,1.1494089308309134,8,0,0,0,nan,-1,0,0
63,177012.59999895096,-3961765.262822046,3349009.161744987,3698311.354822518,0,0,1,1,1,1,1,0.29275624628514985,0.43073036019705896,0.44315846756091437,29,3,0.007241970885437213,0.3031372196014274,0.19587988020972005,0,,0.0,0.0,0,nan,1,0,,1,0.0021318532453535725,e8fbf40b994e527a,0.1835747979964936,15.3900623768409,64,0.19587988020972005,-3961765.3962464714,3349009.219336962,3698311.608962847,0.29275624628514985,0.43073036019705896,1,0.30147904814851867,2,0.21149599209273243,0.323534463206752,0.19587988020972005,1,0.19588301118390766,0.9320512435913606,0.0015484586382232728,2,0.2927554893205308,0.4307300282392217,0.3031372196014274,1.3847946380790574,nan,nan,0,0.932039345740585,0,e8fbf40b994e527a,65,1.149256599568195,8,0,0,0,nan,-1,0,0
64,177012.79999995232,-3961765.2642997704,3349009.1588948662,3698311.353664787,0,0,1,1,1,1,1,0.2927408047221754,0.4307633455485531,0.4440595922429563,29,4,0.007241970885437213,0.3032956642090053,0.1947906404999799,0,,0.0,0.0,0,nan,1,0,,1,0.0018188918442157012,e8fbf40b994e527a,0.17514286474823698,16.630861890030502,65,0.1947906404999799,-3961765.3977141487,3349009.216476049,3698311.6077950485,0.2927408047221754,0.4307633455485531,1,0.2879074620563479,2,0.21155226892135776,0.3215854800483683,0.1947906404999799,1,0.19479370749750782,0.9320576836454545,0.0015484598676264428,2,0.2927400471285016,0.4307630129588348,0.3032956642090053,1.3954052731253794,nan,nan,0,0.9320457856924882,0,e8fbf40b994e527a,65,1.1492409312139542,8,0,0,0,nan,-1,0,0
65,177013.0,-3961765.2748032263,3349009.1957810703,3698311.362144701,0,0,1,1,1,1,1,0.26841720286889076,0.4011198707377927,0.40813660234004767,29,0,0.006400630222581585,0.2797053350082253,0.19804626694012925,0,,0.0,0.0,0,nan,1,1,C22,1,0.002103661055078458,e8fbf40b994e527a,0.22320741306046707,11.358359111956343,66,0.19804626694012925,-3961765.3873181622,3349009.222067657,3698311.60441975,0.26841720286889076,0.4011198707377927,1,0.36199356489143675,2,0.21072544829714054,0.3261696663514301,0.19804626694012925,1,0.19804832861871569,0.9417008063727024,0.0012193289056975207,2,0.268416694272946,0.4011197208045342,0.2797053350082253,1.3134194274404896,0.006400630222581585,0.01181317815637865,0,0.9416933525820047,0,e8fbf40b994e527a,65,1.1265356684501084,8,12,0,0,nan,-1,29,29
66,177013.199999094,-3961765.2726618648,3349009.1941618784,3698311.361444057,0,0,1,1,1,1,1,0.26793166579690786,0.40169498056553016,0.41200525417454814,29,1,0.006400630222581585,0.28228663267583076,0.19935857534925,0,,0.0,0.0,0,nan,1,0,,1,0.0022845596875647276,e8fbf40b994e527a,0.21278987735985871,12.354914575268893,67,0.19935857534925,-3961765.3849372454,3349009.2202294967,3698311.6033161217,0.26793166579690786,0.40169498056553016,1,0.34539045911285504,2,0.21077954402326887,0.3276362688350587,0.19935857534925,1,0.19936064218579383,0.9503896737717078,0.001220239917581379,2,0.2679311560531006,0.4016948345759625,0.28228663267583076,1.3177610644113271,nan,nan,0,0.9503821399661619,0,e8fbf40b994e527a,65,1.1061814542353887,8,0,0,0,nan,-1,0,0
67,177013.40000009537,-3961765.27306572,3349009.193146809,3698311.3617432113,0,0,1,1,1,1,1,0.2680201211140243,0.40133383894121655,0.41136116516244914,29,2,0.006400630222581585,0.28207464510296343,0.19942127493669123,0,,0.0,0.0,0,nan,1,0,,1,0.001910027845101732,e8fbf40b994e527a,0.20289518611592536,13.41697616732039,68,0.19942127493669123,-3961765.3854632983,3349009.219337881,3698311.6036431855,0.2680201211140243,0.40133383894121655,1,0.32962043247655665,2,0.21083593912136409,0.32745889327729527,0.19942127493669123,1,0.19942332769242016,0.950983472545344,0.001220338819984111,2,0.2680196111232639,0.40133369640555777,0.28207464510296343,1.3271160243800146,nan,nan,0,0.9509759328357575,0,e8fbf40b994e527a,65,1.1048137641949485,8,0,0,0,nan,-1,0,0
68,177013.59999895096,-3961765.2717901967,3349009.192324227,3698311.3613023763,0,0,1,1,1,1,1,0.26799346458838375,0.40135339429398253,0.41294088428147896,29,3,0.006400630222581585,0.2835882355974534,0.20019654202613674,0,,0.0,0.0,0,nan,1,0,,1,0.0017528856490202427,e8fbf40b994e527a,0.1934964670879305,14.545109710420286,69,0.20019654202613674,-3961765.3841776336,3349009.2185104666,3698311.603178051,0.26799346458838375,0.40135339429398253,1,0.31464091324091015,2,0.21089401107919456,0.3284526821168203,0.20019654202613674,1,0.20019859720740657,0.9510424731572537,0.0012203482483814445,2,0.26799295457166633,0.40135325184210563,0.2835882355974534,1.337775725470838,nan,nan,0,0.95103493285791,0,e8fbf40b994e527a,65,1.104678029196297,8,0,0,0,nan,-1,0,0
69,177013.79999995232,-3961765.2737345695,3349009.1902833194,3698311.3619472506,0,0,1,1,1,1,1,0.26799645034028274,0.4013302755489075,0.4120531926205454,29,4,0.006400630222581585,0.28215773445052533,0.19977266855777936,0,,0.0,0.0,0,nan,1,0,,1,0.0012641622538894935,e8fbf40b994e527a,0.18456946819707706,15.739068771191054,70,0.19977266855777936,-3961765.386128491,3349009.2164745857,3698311.603822676,0.26799645034028274,0.4013302755489075,1,0.3004132143210694,2,0.21095435414561126,0.32711753937710714,0.19977266855777936,1,0.19977468391666947,0.9510485744266824,0.001220349666674057,2,0.2679959398693571,0.40133013315575883,0.28215773445052533,1.348756315518402,nan,nan,0,0.9510410340660341,0,e8fbf40b994e527a,65,1.1046639942393839,8,0,0,0,nan,-1,0,0
70,177014.0,-3961765.300713822,3349009.2243449613,3698311.3739649444,0,0,1,1,1,1,1,0.2463795723145288,0.388720749435836,0.38797971621044475,29,0,0.00702712297898407,0.24583419487336952,0.20286725597147034,0,,0.0,0.0,0,nan,1,1,C22,1,0.001969789571428133,e8fbf40b994e527a,0.23894708834544442,10.534811679210186,71,0.20286725597147034,-3961765.3832779513,3349009.2179871355,3698311.6060115695,0.2463795723145288,0.388720749435836,1,0.3796481902302715,2,0.20932027664273817,0.32519552971870513,0.20286725597147034,1,0.20286852336047437,0.9545962652299782,0.0009605448757974771,2,0.24637929459907323,0.38872069476809895,0.24583419487336952,1.269824692901742,0.00702712297898407,0.009624014129349448,0,0.9545915763279705,0,e8fbf40b994e527a,66,1.096752608403451,8,12,0,0,nan,-1,29,29
71,177014.199999094,-3961765.301727579,3349009.2232343666,3698311.373995335,0,0,1,1,1,1,1,0.24619602817309674,0.3884542820920563,0.3880766827356555,29,1,0.00702712297898407,0.2450934631373999,0.20301896121780638,0,,0.0,0.0,0,nan,1,0,,1,0.001967327857694977,e8fbf40b994e527a,0.22772772097645474,11.477689541502576,72,0.20301896121780638,-3961765.3837010046,3349009.2162151043,3698311.6060375115,0.24619602817309674,0.3884542820920563,1,0.3621349825280511,2,0.20938393237571665,0.3248875405802637,0.20301896121780638,1,0.20302021667214537,0.9631203744146314,0.0009612570161400883,2,0.24619575183851955,0.38845423117892003,0.2450934631373999,1.2743152060812737,nan,nan,0,0.9631156366582981,0,e8fbf40b994e527a,66,1.0775314911669283,8,0,0,0,nan,-1,0,0
72,177014.40000009537,-3961765.3010249035,3349009.2212387254,3698311.3726735744,0,0,1,1,1,1,1,0.24607858469178706,0.38869244244844925,0.39057373495018627,29,2,0.00702712297898407,0.24659398375803648,0.20325997139780044,0,,0.0,0.0,0,nan,1,0,,1,0.00167871134259732,e8fbf40b994e527a,0.2170729944351303,12.485733229710565,73,0.20325997139780044,-3961765.382798249,3349009.2140200376,3698311.6046556435,0.24607858469178706,0.38869244244844925,1,0.3455029398303439,2,0.2094492418297742,0.32497323069450396,0.20325997139780044,1,0.20326121938000152,0.9636777145923706,0.0009613317271813899,2,0.24607830874371758,0.38869239155808966,0.24659398375803648,1.2839868269903725,nan,nan,0,0.9636729733569553,0,e8fbf40b994e527a,66,1.07629447181077,8,0,0,0,nan,-1,0,0
73,177014.59999895096,-3961765.2988837473,3349009.2194965268,3698311.372534354,0,0,1,1,1,1,1,0.2460651889615576,0.3886745702297634,0.3930171521446048,29,3,0.00702712297898407,0.24890478064605995,0.20515173111338333,0,,0.0,0.0,0,nan,1,0,,1,0.0019849064343327736,e8fbf40b994e527a,0.20695183911002793,13.560343417957279,74,0.20515173111338333,-3961765.380613589,3349009.2122327806,3698311.6045161383,0.2460651889615576,0.3886745702297634,1,0.32970378973727665,2,0.2095170251771482,0.3268515550643429,0.20515173111338333,1,0.20515297752311434,0.9637332368165125,0.0009613393207481019,2,0.24606491253289056,0.3886745186484333,0.24890478064605995,1.295001613933934,nan,nan,0,0.9637284952312762,0,e8fbf40b994e527a,66,1.076171371082346,8,0,0,0,nan,-1,0,0
74,177014.79999995232,-3961765.29819405,3349009.217495952,3698311.3719224976,0,0,1,1,1,1,1,0.24606063551873777,0.3886795149959556,0.3947060769699399,29,4,0.00702712297898407,0.2501436713681568,0.20577295086069322,0,,0.0,0.0,0,nan,1,0,,1,0.0016458867983436924,e8fbf40b994e527a,0.19733859010553062,14.701958239050851,75,0.20577295086069322,-3961765.3799121315,3349009.2102190116,3698311.6039031814,0.24606063551873777,0.3886795149959556,1,0.3146974856095803,2,0.20958743224940982,0.3272224944886529,0.20577295086069322,1,0.2057741887713598,0.963738913632242,0.0009613402856067096,2,0.24606035997796458,0.38867946450312146,0.2501436713681568,1.306341802538385,nan,nan,0,0.963734172011316,0,e8fbf40b994e527a,66,1.0761587860692017,8,0,0,0,nan,-1,0,0
75,177015.0,-3961765.2892188597,3349009.23929699,3698311.3735210164,0,0,1,1,1,1,1,0.24789839217343287,0.4012052584254326,0.3989014136262417,30,0,0.008936731410191188,0.25448283431639457,0.1987018859368955,0,,0.0,0.0,0,nan,1,1,E36,1,0.001974508714347447,e8fbf40b994e527a,0.24777878095059255,10.098909000685449,76,0.1987018859368955,-3961765.383770538,3349009.223201617,3698311.6021135184,0.24789839217343287,0.4012052584254326,1,0.39090474509764683,2,0.20878629877091012,0.3216564380875527,0.1987018859368955,1,0.19870268163203014,0.964318341390369,0.0007487867132405075,2,0.24789814369058405,0.40120518328770394,0.25448283431639457,1.2287190650357376,0.008936731410191188,0.008048203494823535,0,0.9643154628346237,0,e8fbf40b994e527a,66,1.0750096775142803,8,12,0,0,nan,-1,30,29
76,177015.199999094,-3961765.2913767295,3349009.237937844,3698311.3732669,0,0,1,1,1,1,1,0.24795629241019754,0.4008183111866006,0.3967995182126136,30,1,0.008936731410191188,0.2527358915807499,0.19674333718116205,0,,0.0,0.0,0,nan,1,0,,1,0.002418639949162976,e8fbf40b994e527a,0.2361208369189806,11.010179528273563,77,0.19674333718116205,-3961765.3864158485,3349009.2226000056,3698311.6017721286,0.24795629241019754,0.4008183111866006,1,0.37283369647883574,2,0.2088528955755011,0.31936311112090787,0.19674333718116205,1,0.19674412483828213,0.9726997392158377,0.0007493373800227882,2,0.24795604294542634,0.40081823917091075,0.2527358915807499,1.2333595165731035,nan,nan,0,0.9726968313975806,0,e8fbf40b994e527a,66,1.0566394885693475,8,0,0,0,nan,-1,0,0
77,177015.40000009537,-3961765.2917864346,3349009.237192139,3698311.3738125283,0,0,1,1,1,1,1,0.24789282266010124,0.400914319961493,0.39672308857979816,30,2,0.008936731410191188,0.25223860270782994,0.1969001996602626,0,,0.0,0.0,0,nan,1,0,,1,0.00195985160628838,e8fbf40b994e527a,0.22504085693068682,11.986612017118741,78,0.1969001996602626,-3961765.3868527,3349009.221972023,3698311.602245461,0.24789282266010124,0.400914319961493,1,0.355658276481068,2,0.2089207028784864,0.31937759022541734,0.1969001996602626,1,0.19690098297485117,0.9732252865090234,0.0007493941319161307,2,0.24789257364699369,0.4009142475633559,0.25223860270782994,1.2433498237691776,nan,nan,0,0.9732223766701877,0,e8fbf40b994e527a,66,1.055504651218044,8,0,0,0,nan,-1,0,0
78,177015.59999895096,-3961765.2888329485,3349009.233733098,3698311.371594808,0,0,1,1,1,1,1,0.24784853803182083,0.4010359145242377,0.40160855831685044,30,3,0.008936731410191188,0.25620042183734065,0.19825833018115546,0,,0.0,0.0,0,nan,1,0,,1,0.003438315299828078,e8fbf40b994e527a,0.21451254759739682,13.02953797397549,79,0.19825833018115546,-3961765.3838860374,3349009.21852149,3698311.599985734,0.24784853803182083,0.4010359145242377,1,0.33933806753629703,2,0.20899151646969555,0.3206507747905658,0.19825833018115546,1,0.19825911068126678,0.9732775654597312,0.0007494000730281909,2,0.2478482886150479,0.401035841642677,0.25620042183734065,1.254721418292438,nan,nan,0,0.9732746554189267,0,e8fbf40b994e527a,66,1.055391872265417,8,0,0,0,nan,-1,0,0
79,177015.79999995232,-3961765.284018531,3349009.233699733,3698311.3730849363,0,0,1,1,1,1,1,0.24785386012669483,0.40101040409707006,0.4043926274294771,30,4,0.008936731410191188,0.2600832215130015,0.20266399040026967,0,,0.0,0.0,0,nan,1,0,,1,0.0023355789541003296,e8fbf40b994e527a,0.20450829684038832,14.139927887981012,80,0.20266399040026967,-3961765.3790833517,3349009.21850838,3698311.601478103,0.24785386012669483,0.40101040409707006,1,0.3238302110592719,2,0.20906497594568907,0.32576464225516377,0.20266399040026967,1,0.20266478193255297,0.9732829317247973,0.0007494005061566651,2,0.2478536111178817,0.4010103316232526,0.2600832215130015,1.2664223530408192,nan,nan,0,0.973280021662928,0,e8fbf40b994e527a,66,1.0553802970509503,8,0,0,0,nan,-1,0,0
80,177016.0,-3961765.3165193684,3349009.2660264517,3698311.388825015,0,0,1,1,1,1,1,0.2281526197175832,0.38104177420627827,0.37560051221811147,29,0,0.006382452432287015,0.222074067515801,0.20256882831378611,0,,0.0,0.0,0,nan,1,1,C22,1,0.0019629338296165096,e8fbf40b994e527a,0.2639265833751861,9.388651882438573,81,0.20256882831378611,-3961765.380288534,3349009.218793403,3698311.6027318886,0.2281526197175832,0.38104177420627827,1,0.40465655026235225,2,0.2064156909686124,0.317633700398874,0.20256882831378611,1,0.20256925637636886,0.9712914188048225,0.0005520165098452302,2,0.22815249836551696,0.3810417390549329,0.222074067515801,1.1919776552716728,0.006382452432287015,0.008473857723717011,0,0.9712898431338065,0,e8fbf40b994e527a,66,1.0597706363477613,8,12,0,0,nan,-1,29,29
81,177016.199999094,-3961765.315773696,3349009.265362552,3698311.3888781196,0,0,1,1,1,1,1,0.2282136087518653,0.38024324459709047,0.3756599852514265,29,1,0.006382452432287015,0.22275293929340365,0.20372038601438497,0,,0.0,0.0,0,nan,1,0,,1,0.001837000130365425,e8fbf40b994e527a,0.25145546178608735,10.247841002295388,82,0.20372038601438497,-3961765.3791560484,3349009.217713942,3698311.602872836,0.2282136087518653,0.38024324459709047,1,0.38589016754118344,2,0.20649933386758126,0.31881176634641334,0.20372038601438497,1,0.2037208134379885,0.979491222475772,0.0005524180233390845,2,0.2282134882049843,0.3802432102469581,0.22275293929340365,1.1967609820613576,nan,nan,0,0.9794896312028545,0,e8fbf40b994e527a,66,1.0421565482283344,8,0,0,0,nan,-1,0,0
82,177016.39999890327,-3961765.315810298,3349009.262726846,3698311.386902402,0,0,1,1,1,1,1,0.2281013009041999,0.3805619126545271,0.37824075209132074,29,2,0.006382452432287015,0.2234513055747342,0.20321048167505135,0,,0.0,0.0,0,nan,1,0,,1,0.0026679594511421598,e8fbf40b994e527a,0.23961037218824677,11.170087507647231,83,0.20321048167505135,-3961765.3789454163,3349009.2148117837,3698311.600790941,0.2281013009041999,0.3805619126545271,1,0.36806577313669875,2,0.20658596260972573,0.3179497855916428,0.20321048167505135,1,0.20321090457309182,0.9799834094216526,0.0005524618319325012,2,0.2281011799180206,0.3805618780770792,0.2234513055747342,1.2070542375259699,nan,nan,0,0.9799818171048191,0,e8fbf40b994e527a,66,1.0411140995708024,8,0,0,0,nan,-1,0,0
83,177016.59999990463,-3961765.315329483,3349009.2608126295,3698311.387174482,0,0,1,1,1,1,1,0.22810126226112354,0.38050701083682187,0.37913611989577095,29,3,0.006382452432287015,0.22383712381318355,0.20426144473083344,0,,0.0,0.0,0,nan,1,0,,1,0.002344656416651234,e8fbf40b994e527a,0.22836017343527704,12.157128845525195,84,0.20426144473083344,-3961765.3784249644,3349009.212856602,3698311.601065495,0.22810126226112354,0.38050701083682187,1,0.35113662198088474,2,0.20667541950872298,0.3186414546572236,0.20426144473083344,1,0.2042618638580268,0.980031746397167,0.0005524661982525388,2,0.2281011407527465,0.3805069755529116,0.22383712381318355,1.2187647376273718,nan,nan,0,0.9800301539765395,0,e8fbf40b994e527a,66,1.0410118128149046,8,0,0,0,nan,-1,0,0
84,177016.79999995232,-3961765.3163911663,3349009.259256588,3698311.387219012,0,0,1,1,1,1,1,0.22809827091913565,0.3805111461188557,0.37887157968754775,29,4,0.006382452432287015,0.22287321409226524,0.20395842845568163,0,,0.0,0.0,0,nan,1,0,,1,0.001695202006889038,e8fbf40b994e527a,0.2176716947703748,13.210601780536633,85,0.20395842845568163,-3961765.3794736676,3349009.2112864344,3698311.601107496,0.22809827091913565,0.3805111461188557,1,0.3350527415000121,2,0.20676838019449517,0.3179092544298074,0.20395842845568163,1,0.20395884244829135,0.9800366509785523,0.000552466755611339,2,0.22809814998588362,0.3805111114483169,0.22287321409226524,1.2308074913912377,nan,nan,0,0.9800350585474309,0,e8fbf40b994e527a,66,1.0410014350484489,8,0,0,0,nan,-1,0,0
85,177017.0,-3961765.347212636,3349009.3007374858,3698311.4057519133,0,0,1,1,1,1,1,0.21904321671505142,0.3608731670103463,0.34081859701036415,29,0,0.005577212166277995,0.19061817694917405,0.2022938307735172,0,,0.0,0.0,0,nan,1,1,C22,1,0.0013997955288785524,e8fbf40b994e527a,0.2783415987091627,8.824935092685486,86,0.2022938307735172,-3961765.383363297,3349009.217042145,3698311.6049205614,0.21904321671505142,0.3608731670103463,1,0.416998495995718,2,0.20418323680877812,0.31035270010181876,0.2022938307735172,1,0.20229410392766775,0.9772577902827119,0.000446416792861567,2,0.21904314087624632,0.3608731464710735,0.19061817694917405,1.1579357391223735,0.005577212166277995,0.009423606027762791,0,0.9772567534681272,0,e8fbf40b994e527a,66,1.0469696547515244,8,12,0,0,nan,-1,29,29
86,177017.199999094,-3961765.3479711567,3349009.299936938,3698311.4054828924,0,0,1,1,1,1,1,0.21926901004836127,0.36097601134990215,0.34027229992413055,29,1,0.005577212166277995,0.18985852166831257,0.20172112258369634,0,,0.0,0.0,0,nan,1,0,,1,0.0014870569590594207,e8fbf40b994e527a,0.2651491251254758,9.641267487566086,87,0.20172112258369634,-3961765.3843985014,3349009.2161864853,3698311.604826337,0.21926901004836127,0.36097601134990215,1,0.39761542050150933,2,0.2042820978339939,0.30960270222280395,0.20172112258369634,1,0.20172139384042748,0.9852535219461327,0.00044673929739183396,2,0.21926893272438028,0.360975990122437,0.18985852166831257,1.1628592993962918,nan,nan,0,0.9852524751423001,0,e8fbf40b994e527a,66,1.03008407474605,8,0,0,0,nan,-1,0,0
87,177017.39999890327,-3961765.3482728796,3349009.29895101,3698311.4061616706,0,0,1,1,1,1,1,0.21932007434757697,0.3609934981864393,0.3399936737063066,29,2,0.005577212166277995,0.18918184101942428,0.20222387468066566,0,,0.0,0.0,0,nan,1,0,,1,0.0023857686455294675,e8fbf40b994e527a,0.2526115717321881,10.51967631653166,88,0.20222387468066566,-3961765.3847402483,3349009.2151675574,3698311.6055401023,0.21932007434757697,0.3609934981864393,1,0.3791944043136688,2,0.20438435331923824,0.3098663261091188,0.20222387468066566,1,0.2022241436252502,0.9857058243239861,0.00044677315863923535,2,0.21931999727177315,0.3609934774689578,0.18918184101942428,1.1734500178136908,nan,nan,0,0.9857047768798934,0,e8fbf40b994e527a,66,1.0291415148488965,8,0,0,0,nan,-1,0,0
88,177017.59999990463,-3961765.3506375803,3349009.296558258,3698311.4053657562,0,0,1,1,1,1,1,0.2193312701398795,0.3610441553287002,0.33938089279165995,29,3,0.005577212166277995,0.18684588374580513,0.20067452485349416,0,,0.0,0.0,0,nan,1,0,,1,0.0012714884296909786,e8fbf40b994e527a,0.24070818166235441,11.461393877242026,89,0.20067452485349416,-3961765.387120918,3349009.2127651437,3698311.604749522,0.2193312701398795,0.3610441553287002,1,0.36170521912003584,2,0.20449087495809587,0.30753867809198765,0.20067452485349416,1,0.20067478849520484,0.9857502991337372,0.0004467770271711702,2,0.21933119345476884,0.3610441351815846,0.18684588374580513,1.1854925257772735,nan,nan,0,0.9857492516260488,0,e8fbf40b994e527a,66,1.0290489062385848,8,0,0,0,nan,-1,0,0
89,177017.79999995232,-3961765.34836118,3349009.2950792057,3698311.405856179,0,0,1,1,1,1,1,0.21933436632710876,0.3610488489347922,0.3412664737913438,29,4,0.005577212166277995,0.18856417947747808,0.20296251052719996,0,,0.0,0.0,0,nan,1,0,,1,0.001103200050674452,e8fbf40b994e527a,0.2294033973314374,12.468281969081707,90,0.20296251052719996,-3961765.384843868,3349009.2112809895,3698311.6052413257,0.21933436632710876,0.3610488489347922,1,0.34509550991250415,2,0.2046012326458673,0.3099100523424037,0.20296251052719996,1,0.20296277382000877,0.9857548887431258,0.0004467772325969968,2,0.2193342892161698,0.3610488282903058,0.18856417947747808,1.1978698315544896,nan,nan,0,0.9857538412288357,0,e8fbf40b994e527a,66,1.0290393501544455,8,0,0,0,nan,-1,0,0
90,177018.0,-3961765.365658954,3349009.3344479403,3698311.4202972683,0,0,1,1,1,1,1,0.21710795009829206,0.3453639426934473,0.31728131818484867,30,0,0.003830897150616472,0.17897641783771018,0.20268112802725277,0,,0.0,0.0,0,nan,1,1,C22,1,0.0018103800125917591,e8fbf40b994e527a,0.29041419496429927,8.36346096622301,91,0.20268112802725277,-3961765.3810949414,3349009.220088492,3698311.604198081,0.21710795009829206,0.3453639426934473,1,0.42945930464072657,2,0.20279085315153103,0.30890390735713796,0.20268112802725277,1,0.20268128964763318,0.981769606877589,0.0003389241970336737,2,0.2171079055947501,0.3453639315083526,0.17897641783771018,1.1253689774737903,0.003830897150616472,0.0075798411373170895,0,0.981769006467748,0,e8fbf40b994e527a,66,1.0374234286609154,8,12,0,0,nan,-1,30,29
91,177018.199999094,-3961765.3632913735,3349009.333146985,3698311.4195750565,0,0,1,1,1,1,1,0.21701497230897762,0.3446921345104602,0.31899270587491607,30,1,0.003830897150616472,0.18077874732113766,0.20413858265341545,0,,0.0,0.0,0,nan,1,0,,1,0.0015352595863983801,e8fbf40b994e527a,0.27659357939601525,9.145186112850453,92,0.20413858265341545,-3961765.3786960836,3349009.218863508,3698311.603415966,0.21701497230897762,0.3446921345104602,1,0.4094178444274687,2,0.2028983415125944,0.310693584960511,0.20413858265341545,1,0.204138744832013,0.9894943051700762,0.0003391689299960243,2,0.21701492742392017,0.3446921236246207,0.18077874732113766,1.1304346028628325,nan,nan,0,0.9894936991672151,0,e8fbf40b994e527a,66,1.021315584404177,8,0,0,0,nan,-1,0,0
92,177018.39999890327,-3961765.362244765,3349009.33179454,3698311.4202131596,0,0,1,1,1,1,1,0.21698469906020038,0.34460774621702456,0.3196825415898582,30,2,0.003830897150616472,0.18104491096592992,0.20562119207266885,0,,0.0,0.0,0,nan,1,0,,1,0.001127451017159834,e8fbf40b994e527a,0.2634889434620878,9.985941509514582,93,0.20562119207266885,-3961765.3776216535,3349009.217520164,3698311.60402632,0.21698469906020038,0.34460774621702456,1,0.3904149619732548,2,0.2030093295038426,0.3120858902953788,0.20562119207266885,1,0.20562135361725375,0.9899050803859393,0.00033919498793728544,2,0.21698465452882015,0.3446077364701328,0.18104491096592992,1.141326290557884,nan,nan,0,0.9899044740395084,0,e8fbf40b994e527a,66,1.0204696453033206,8,0,0,0,nan,-1,0,0
93,177018.59999990463,-3961765.362610888,3349009.330525216,3698311.4197961856,0,0,1,1,1,1,1,0.21697189761599348,0.34463015027051613,0.31994480934421327,30,3,0.003830897150616472,0.18037060939523863,0.20538498507379516,0,,0.0,0.0,0,nan,1,0,,1,0.0017841317465024224,e8fbf40b994e527a,0.25104201256130276,10.889122473362844,94,0.20538498507379516,-3961765.37797968,3349009.2162522767,3698311.6035958044,0.21697189761599348,0.34463015027051613,1,0.37236578331018766,2,0.20312463570410946,0.3117385463023844,0.20538498507379516,1,0.2053851456120823,0.9899452880050361,0.0003391978472633184,2,0.2169718533335403,0.3446301405522269,0.18037060939523863,1.1537041729232318,nan,nan,0,0.9899446816245615,0,e8fbf40b994e527a,66,1.0203869004502406,8,0,0,0,nan,-1,0,0
94,177018.79999995232,-3961765.3586818236,3349009.327399222,3698311.418626479,0,0,1,1,1,1,1,0.21696752771254174,0.34464241562876163,0.32441823984083534,30,4,0.003830897150616472,0.18313303525398075,0.20821443224586497,0,,0.0,0.0,0,nan,1,0,,1,0.002145443850653705,e8fbf40b994e527a,0.23921461085941897,11.857074394846663,95,0.20821443224586497,-3961765.374036946,3349009.21311661,3698311.6024160674,0.21696752771254174,0.34464241562876163,1,0.3552149805388103,2,0.20324432345093482,0.3146043317338397,0.20821443224586497,1,0.2082145923362211,0.9899495056422499,0.0003391980789077506,2,0.21696748304092056,0.34464240545216523,0.18313303525398075,1.1664188498634591,nan,nan,0,0.9899488992582174,0,e8fbf40b994e527a,66,1.0203782213895296,8,0,0,0,nan,-1,0,0
95,177019.0,-3961765.3666598992,3349009.358371007,3698311.436466748,0,0,1,1,1,1,1,0.216278233962961,0.3476566555993032,0.3240465394269645,30,0,0.0071973866562736,0.1851557622107517,0.20140187594429884,0,,0.0,0.0,0,nan,1,1,E36,1,0.0021351193576397047,e8fbf40b994e527a,0.29242178248946127,8.27805625317021,96,0.20140187594429884,-3961765.381730635,3349009.221877796,3698311.6035557985,0.216278233962961,0.3476566555993032,1,0.430383967631634,2,0.20226117105275052,0.3069915576356113,0.20140187594429884,1,0.20140196450098283,0.9842730904714024,0.0002498160237521665,2,0.21627820090572678,0.3476566392194838,0.1851557622107517,1.095018315513632,0.0071973866562736,0.01148794238367422,0,0.9842727634404049,0,e8fbf40b994e527a,66,1.0321749090629873,8,12,0,0,nan,-1,30,29
96,177019.199999094,-3961765.359814115,3349009.357046056,3698311.4355986794,0,0,1,1,1,1,1,0.21613728651041775,0.3479655461765249,0.33193019142108576,30,1,0.0071973866562736,0.19051570768386666,0.20621881958943114,0,,0.0,0.0,0,nan,1,0,,1,0.001435892839870621,e8fbf40b994e527a,0.27849880513009495,9.053425666307483,97,0.20621881958943114,-3961765.374354381,3349009.2202631626,3698311.6023150473,0.21613728651041775,0.3479655461765249,1,0.4102949801703523,2,0.2023714960044295,0.3127698389436541,0.20621881958943114,1,0.20621890967842205,0.9917970103114946,0.0002499939468062321,2,0.21613725290716818,0.34796552886779636,0.19051570768386666,1.1002239847180553,nan,nan,0,0.991796680309187,1,e8fbf40b994e527a,66,1.0165942181872445,8,0,0,0,nan,-1,0,0
97,177019.39999890327,-3961765.353746918,3349009.356341419,3698311.43522515,0,0,1,1,1,1,1,0.21609705179099462,0.3479517258795884,0.33718903656681426,30,2,0.0071973866562736,0.19550415533681814,0.2105822505195037,0,,0.0,0.0,0,nan,1,0,,1,0.0016221523996972874,e8fbf40b994e527a,0.2652494266824154,9.890500759313818,98,0.2105822505195037,-3961765.3682485544,3349009.2195766564,3698311.601907597,0.21609705179099462,0.3479517258795884,1,0.3911770080874536,2,0.20248684165719147,0.31802815313066385,0.2105822505195037,1,0.21058234242320972,0.9921787078025722,0.00025001286977376487,2,0.21609701885931157,0.34795170898780287,0.19550415533681814,1.1114118423389858,nan,nan,0,0.9921783776232743,2,e8fbf40b994e527a,66,1.0158131668710222,8,0,0,0,nan,-1,0,0
98,177019.59999990463,-3961765.363072979,3349009.2176698726,3698311.6007527597,1,1,1,1,1,1,1,0.21608650043167552,0.34798915088484533,0.3423510109864903,30,3,0.0071973866562736,0.2141415482066052,0.2141415482066052,0,,0.0,0.0,0,nan,1,0,,1,0.0019143756069948832,e8fbf40b994e527a,0.2526918585975279,10.788408347710758,99,0.2141415482066052,-3961765.363072979,3349009.2176698726,3698311.6007527597,0.21608650043167552,0.34798915088484533,1,0.37305728864835913,2,0.20260657771020135,0.3220833804688396,0.2141415482066052,1,0.21414164049439746,0.9922159258188149,0.0002500148662986751,2,0.2160864671480943,0.34798913355652145,0.19934315247734175,1.1241191861027187,nan,nan,0,0.9922155956219955,3,e8fbf40b994e527a,66,1.0157370574610238,8,0,0,0,nan,-1,0,0
99,177019.79999995232,-3961765.3581875386,3349009.2151194518,3698311.5997796194,1,1,1,1,1,1,1,0.21608359675816435,0.3479939648887251,0.34724014798903124,30,4,0.0071973866562736,0.2178266988238489,0.2178266988238489,0,,0.0,0.0,0,nan,1,0,,1,0.0020081983957045777,e8fbf40b994e527a,0.24078083072029233,11.74939314757145,100,0.2178266988238489,-3961765.3581875386,3349009.2151194518,3698311.5997796194,0.21608359675816435,0.3479939648887251,1,0.355870502707216,2,0.20273078115612078,0.32600068405583577,0.2178266988238489,1,0.21782679107407743,0.9922197279820084,0.00025001506510854336,2,0.21608356327765207,0.3479939481467297,0.2027186911199007,1.1371647078519258,nan,nan,0,0.9922193977833921,4,e8fbf40b994e527a,66,1.0157292826660853,8,0,0,0,nan,-1,0,0
100,177020.0,-3961765.3764325166,3349009.3772220737,3698311.4473231803,0,0,1,1,1,1,1,0.22129935900473072,0.3583213992195502,0.3415787867953065,30,0,0.007001362060490574,0.185940965919371,0.20201344474835264,0,,0.0,0.0,0,nan,1,1,C22,1,0.0017200734268507747,e8fbf40b994e527a,0.07529152808247283,42.70396035879392,101,0.20201344474835264,-3961765.381388906,3349009.220746524,3698311.603733675,0.22129935900473072,0.3583213992195502,1,0.1230875316388721,2,0.21122133677249563,0.3327321145466419,0.20201344474835264,1,0.20201349805793706,0.9860488270123382,0.00019400168752309118,2,0.2212993382448634,0.35832138471966524,0.185940965919371,1.0666242802346804,0.007001362060490574,0.010918700441728737,0,0.9860486294320928,0,e8fbf40b994e527a,66,1.0284735587647567,8,12,0,0,nan,-1,30,29
101,177020.199999094,-3961765.3769760528,3349009.375032587,3698311.446426085,0,0,1,1,1,1,1,0.22154687311129043,0.3595324352236985,0.3446938778559223,30,1,0.007001362060490574,0.1843083828176265,0.20189255909064743,0,,0.0,0.0,0,nan,1,0,,1,0.0014382460371354748,e8fbf40b994e527a,0.07227772281529081,44.229459926908106,102,0.20189255909064743,-3961765.3812595676,3349009.217722606,3698311.6023691464,0.22154687311129043,0.3595324352236985,1,0.11843786945162367,2,0.21136234004427865,0.3323798631119199,0.20189255909064743,1,0.2018926112903344,0.9934203930984761,0.00019413970441656153,2,0.22154685208308797,0.359532420699068,0.1843083828176265,1.0719680612606362,nan,nan,0,0.9934201937572443,1,e8fbf40b994e527a,66,1.0132828342379407,8,0,0,0,nan,-1,0,0
102,177020.39999890327,-3961765.3770138538,3349009.374006228,3698311.446605123,0,0,1,1,1,1,1,0.2215832008881776,0.35950750790711355,0.34358341112163904,30,2,0.007001362060490574,0.1840202331999379,0.2033570793890208,0,,0.0,0.0,0,nan,1,0,,1,0.001483338742895125,e8fbf40b994e527a,0.06941390642460558,45.703070997759774,103,0.2033570793890208,-3961765.3812761027,3349009.2166463616,3698311.602550051,0.2215832008881776,0.35950750790711355,1,0.11401950774744649,2,0.2115049688770217,0.3340000040666418,0.2033570793890208,1,0.20335713179789938,0.9937800632270622,0.00019415415530305556,2,0.22158318018260506,0.35950749311784624,0.1840202331999379,1.0834477850392723,nan,nan,0,0.9937798637834376,2,e8fbf40b994e527a,66,1.0125501329256474,8,0,0,0,nan,-1,0,0
103,177020.59999990463,-3961765.3830945594,3349009.2155368384,3698311.603282313,1,1,1,1,1,1,1,0.22159707552387034,0.3595327568861498,0.3416415132383618,30,3,0.007001362060490574,0.2023697812278131,0.2023697812278131,0,,0.0,0.0,0,nan,1,0,,1,0.001760730665137997,e8fbf40b994e527a,0.06669379773720777,47.119451271835864,104,0.2023697812278131,-3961765.3830945594,3349009.2155368384,3698311.603282313,0.22159707552387034,0.3595327568861498,1,0.10982291723202786,2,0.2116493549767815,0.33347198735874795,0.2023697812278131,1,0.20236983347286636,0.9938150129624307,0.0001941557210917135,2,0.22159705481873015,0.359532742089154,0.18303134855849237,1.0964792728164086,nan,nan,0,0.9938148135086767,3,e8fbf40b994e527a,66,1.012478976839469,8,0,0,0,nan,-1,0,0
104,177020.79999995232,-3961765.3814948266,3349009.2162110577,3698311.6057200287,1,1,1,1,1,1,1,0.22160154006906688,0.35954642059345926,0.33825019069952256,30,4,0.007001362060490574,0.1976495918367161,0.1976495918367161,0,,0.0,0.0,0,nan,1,0,,1,0.0018123001159323715,e8fbf40b994e527a,0.06410431303055876,48.47790970267625,105,0.1976495918367161,-3961765.3814948266,3349009.2162110577,3698311.6057200287,0.22160154006906688,0.35954642059345926,1,0.10582775182411591,2,0.2117950646157361,0.3286082699974109,0.1976495918367161,1,0.19764964322283446,0.9938185644168319,0.00019415580072556926,2,0.2216015193593778,0.3595464051844128,0.17874737865870183,1.1098497346896476,nan,nan,0,0.9938183649620436,4,e8fbf40b994e527a,66,1.0124717466479298,8,0,0,0,nan,-1,0,0
105,177021.0,-3961765.3574117427,3349009.393553224,3698311.4768131324,0,0,1,1,1,1,1,0.21813001851980288,0.37016970409758987,0.3289443549194989,30,0,0.008320007209259789,0.18514223919386377,0.19985245642528454,0,,0.0,0.0,0,nan,1,1,E36,1,0.0026372151286409135,e8fbf40b994e527a,0.10182206098895655,30.429721956792697,106,0.19985245642528454,-3961765.364410056,3349009.2394969575,3698311.631080418,0.21813001851980288,0.37016970409758987,1,0.1626786977722434,2,0.20971326575959878,0.325744324350365,0.19985245642528454,1,0.19985248671437034,0.9871772394935578,0.00014606435296125777,2,0.21813000633081994,0.37016969781671094,0.18514223919386377,1.0399689245170318,0.008320007209259789,0.024749490394746672,0,0.987177127363948,0,e8fbf40b994e527a,66,1.0261298332833293,8,12,0,0,nan,-1,30,29
106,177021.199999094,-3961765.3363154847,3349009.4028640394,3698311.496048838,0,0,1,1,1,1,1,0.21822376817031475,0.36982412184123703,0.3250823282149403,30,1,0.008320007209259789,0.18037574501981818,0.1933207570953555,0,,0.0,0.0,0,nan,1,0,,1,0.002045905889911372,e8fbf40b994e527a,0.09721925992182763,32.19501744058276,107,0.1933207570953555,-3961765.3438722105,3349009.2494027996,3698311.651013856,0.21822376817031475,0.36982412184123703,1,0.15563126883240605,2,0.2098483666817056,0.3190647635612401,0.1933207570953555,1,0.19332078715829723,0.9944199362449229,0.00014616632010197147,2,0.21822375630431484,0.36982411574248686,0.18037574501981818,1.0454491715817502,nan,nan,0,0.9944198231315249,1,e8fbf40b994e527a,66,1.0112503086228704,8,0,0,0,nan,-1,0,0
107,177021.39999890327,-3961765.302852233,3349009.4143486116,3698311.523103029,0,0,1,1,1,1,1,0.21828229045557104,0.3697052115459962,0.32305231105958643,30,2,0.008320007209259789,0.1762066224041794,0.18773204407497032,0,,0.0,0.0,0,nan,1,0,,1,0.0031488141254884037,e8fbf40b994e527a,0.09296953192837457,33.93358494302578,108,0.18773204407497032,-3961765.3104420477,3349009.260946896,3698311.678207725,0.21828229045557104,0.3697052115459962,1,0.14913257123724785,2,0.20998732527355338,0.31335976126605664,0.18773204407497032,1,0.18773207351441815,0.9947538893076232,0.00014617541394539065,2,0.21828227827171043,0.36970520531634865,0.1762066224041794,1.0572169381258039,nan,nan,0,0.9947537761394172,2,e8fbf40b994e527a,66,1.0105718562908927,8,0,0,0,nan,-1,0,0
108,177021.59999990463,-3961765.266605202,3349009.27623613,3698311.713822129,1,1,1,1,1,1,1,0.2182962382417945,0.3696136841264587,0.3207402704105407,30,3,0.008320007209259789,0.18159748156304026,0.18159748156304026,0,,0.0,0.0,0,nan,1,0,,1,0.0048547044591483336,e8fbf40b994e527a,0.08905776895078296,35.62918685792682,109,0.18159748156304026,-3961765.266605202,3349009.27623613,3698311.713822129,0.2182962382417945,0.3696136841264587,1,0.14315862435619375,2,0.21013023139820483,0.3066688026445143,0.18159748156304026,1,0.181597509624585,0.9947842782078528,0.00014617585661778597,2,0.21829622605233706,0.36961367698871467,0.17092159895900327,1.0705677824349684,nan,nan,0,0.9947841650345239,3,e8fbf40b994e527a,66,1.0105101518556068,8,0,0,0,nan,-1,0,0
109,177021.79999995232,-3961765.207375469,3349009.2999416967,3698311.7618571883,1,1,1,1,1,1,1,0.21830078616260537,0.3695672283949363,0.31701070764531597,30,4,0.008320007209259789,0.17961854986617104,0.17961854986617104,0,,0.0,0.0,0,nan,1,0,,1,0.004276102325291166,e8fbf40b994e527a,0.08533951588559158,37.312594780215996,110,0.17961854986617104,-3961765.207375469,3349009.2999416967,3698311.7618571883,0.21830078616260537,0.3695672283949363,1,0.13748029768839168,2,0.21027641806098954,0.3051054947373676,0.17961854986617104,1,0.17961857796993563,0.9947861108672429,0.00014617563095333885,2,0.21830077365113326,0.3695672216618963,0.17014482339483877,1.084257821627603,nan,nan,0,0.9947859976935828,4,e8fbf40b994e527a,66,1.0105064308336145,8,0,0,0,nan,-1,0,0
110,177022.0,-3961765.119519382,3349009.499792759,3698311.6812011013,0,0,1,1,1,1,1,0.2181964718531364,0.33653738462460037,0.29524958487629105,30,0,0.004178474073828385,0.19390289375211478,0.19006746360902474,0,,0.0,0.0,0,nan,1,1,C22,1,0.0031438937500259073,e8fbf40b994e527a,0.03195643996003116,52.73560900790816,1,0.19006746360902474,-3961765.106199718,3349009.319777454,3698311.8037848556,0.2181964718531364,0.33653738462460037,1,0.06074924507357554,2,0.2164022232471218,0.3600893215291339,0.19006746360902474,1,0.1900674814831692,0.987830946419523,0.00010856949476948392,2,0.21819646513357577,0.3365373832617538,0.19390289375211478,1.0148673339659893,0.004178474073828385,0.02808148246513561,0,0.9878308844275512,0,e8fbf40b994e527a,66,1.024774861534196,8,12,0,0,nan,-1,30,29
111,177022.199999094,-3961765.0435860925,3349009.5249589738,3698311.7401573663,0,0,1,1,1,1,1,0.21806338352280627,0.3345203967975263,0.2953817337252141,30,1,0.004178474073828385,0.19234158014846517,0.18177973798641595,0,,0.0,0.0,0,nan,1,0,,1,0.003975956690223841,e8fbf40b994e527a,0.031080256230487626,53.803132765057484,2,0.18177973798641595,-3961765.0300001875,3349009.34463603,3698311.862020808,0.21806338352280627,0.3345203967975263,1,0.059158621304324574,2,0.2164135683791053,0.3535046954804122,0.18177973798641595,1,0.18177975590450046,0.9949694804074679,0.00010864504858599401,2,0.21806337663994677,0.3345203958117882,0.19234158014846517,1.0204825876115609,nan,nan,0,0.994969417878536,1,e8fbf40b994e527a,66,1.0101347870101773,8,0,0,0,nan,-1,0,0
112,177022.39999890327,-3961764.9564042073,3349009.5511059808,3698311.80734554,0,0,1,1,1,1,1,0.21809448763473582,0.33369520854862167,0.2960889390295754,30,2,0.004178474073828385,0.18766994960252087,0.17792124344788718,0,,0.0,0.0,0,nan,1,0,,1,0.0046695406873185465,e8fbf40b994e527a,0.030263560923563502,54.79956436621409,3,0.17792124344788718,-3961764.942687951,3349009.370635307,3698311.929031224,0.21809448763473582,0.33369520854862167,1,0.05767745513466138,2,0.21642580761888314,0.34887605459878696,0.17792124344788718,1,0.17792126099135003,0.9952908756421281,0.00010865201483970804,2,0.21809448075317328,0.3336952075218264,0.18766994960252087,1.0325349833335893,nan,nan,0,0.9952908130836602,2,e8fbf40b994e527a,66,1.0094828405880203,8,0,0,0,nan,-1,0,0
113,177022.59999990463,-3961764.8498954247,3349009.3995916042,3698312.0059572593,1,1,1,1,1,1,1,0.21808648216486815,0.3333757131309221,0.29303382061457617,30,3,0.004178474073828385,0.173615596404388,0.173615596404388,0,,0.0,0.0,0,nan,1,0,,1,0.004212497804652423,e8fbf40b994e527a,0.02950500921986573,55.72427498490315,4,0.173615596404388,-3961764.8498954247,3349009.3995916042,3698312.0059572593,0.21808648216486815,0.3333757131309221,1,0.05630329808194295,2,0.21643918865324374,0.34389701213901147,0.173615596404388,1,0.17361561358566818,0.9953203111631648,0.00010865247235179073,2,0.2180864752823339,0.3333757120939779,0.18367031517455887,1.0462008609705586,nan,nan,0,0.9953202486019067,3,e8fbf40b994e527a,66,1.0094231616331797,8,0,0,0,nan,-1,0,0
114,177022.79999995232,-3961764.7376916357,3349009.4325270755,3698312.0941885975,1,1,1,1,1,1,1,0.21809248282379176,0.33327954806705046,0.29186336237782573,30,4,0.004178474073828385,0.1687686095929541,0.1687686095929541,0,,0.0,0.0,0,nan,1,0,,1,0.004483942772582299,e8fbf40b994e527a,0.028783770978583693,56.58643704454084,5,0.1687686095929541,-3961764.7376916357,3349009.4325270755,3698312.0941885975,0.21809248282379176,0.33327954806705046,1,0.05499671404594096,2,0.21645238695186553,0.3383408897193498,0.1687686095929541,1,0.1687686267047153,0.9953217762632229,0.00010865229302802418,2,0.2180924759715866,0.3332795469071489,0.17926285413842177,1.0602055917526154,nan,nan,0,0.9953217137018087,4,e8fbf40b994e527a,66,1.009420191363487,8,0,0,0,nan,-1,0,0
115,177023.0,-3961764.6310451175,3349009.690839756,3698312.109503334,0,0,1,1,1,1,1,0.24594203433879322,0.3457455311588168,0.27919938237892883,30,0,0.00560944162250831,0.19865022898753115,0.18764776591688292,0,,0.0,0.0,0,nan,1,1,E36,1,0.005325147301428136,dbe4e316ead6ad20,0.1490812504269022,12.13270644144481,6,0.8913072349562193,-3961764.7459185817,3349009.718772102,3698312.9688863456,0.8674763913537722,1.123948257742477,0,0.15670189287709535,2,0.09338378438016796,0.886022146838609,0.18764776591688292,1,0.18764777491679172,0.988431339068606,7.60385285606441e-05,2,0.24594203247107518,0.3457455318706976,0.19865022898753115,0.9911614978406922,0.00560944162250831,0.03708953020728461,0,0.9884313086421161,0,e8fbf40b994e527a,66,1.0235321875677197,8,12,0,0,nan,-1,30,29
116,177023.199999094,-3961764.46608891,3349009.7404897255,3698312.244931467,0,0,1,1,1,1,1,0.2474593666545535,0.3412767943751489,0.2813918468392075,30,1,0.00560944162250831,0.19800288050227155,0.16968454961488685,0,,0.0,0.0,0,nan,1,0,,1,0.006179026564456665,dbe4e316ead6ad20,0.18362469992530164,8.007668745907974,7,0.8867966476857004,-3961764.570966469,3349009.768555039,3698313.111947064,0.8737865926841437,1.1246464549535327,0,0.18473325236594768,2,0.03428301659803845,0.8860815644827124,0.16968454961488685,1,0.16968455860662943,0.9953454969879196,7.608764910613419e-05,2,0.2474593645521351,0.34127679529687466,0.19800288050227155,0.996910471914666,nan,nan,0,0.9953454663057877,1,e8fbf40b994e527a,66,1.0093723384222366,8,0,0,0,nan,-1,0,0
117,177023.39999890327,-3961764.2651894884,3349009.7974431664,3698312.407656058,0,0,1,1,1,1,1,0.2478214222352723,0.33981930509178876,0.28079871710269,30,2,0.00560944162250831,0.19435699051992716,0.15940600911764138,0,,0.0,0.0,0,nan,1,0,,1,0.005875679943113949,dbe4e316ead6ad20,0.17532231974797685,8.745566216485157,8,0.8849810217524273,-3961764.364512743,3349009.8265314354,3698313.278924518,0.8773938482644561,1.1261553880940813,0,0.17712045567185047,2,0.04509403630172638,0.883751460042116,0.15940600911764138,1,0.15940601765072332,0.9955983489759345,7.608945676034281e-05,2,0.24782142030011356,0.33981930544893907,0.19435699051992716,1.0092444490227055,nan,nan,0,0.9955983182822906,2,e8fbf40b994e527a,66,1.0088599247140502,8,0,0,0,nan,-1,0,0
118,177023.59999990463,-3961763.990145468,3349009.6535797967,3698312.720025918,1,1,1,1,1,1,1,0.2479056573688549,0.3392561211467744,0.2764909868397297,30,3,0.00560944162250831,0.15223363654105843,0.15223363654105843,0,,0.0,0.0,0,nan,1,0,,1,0.004771785152537042,dbe4e316ead6ad20,0.16729137558527102,9.54853020728756,9,0.8858932211819723,-3961764.140660604,3349009.8912008833,3698313.4690898363,0.8788532233402117,1.1268115542008987,0,0.16975125197470006,2,0.05397245446430356,0.8841638675709474,0.15223363654105843,1,0.15223364487264385,0.99560907771974,7.608889282424331e-05,2,0.24790565543516016,0.3392561214775642,0.19323188086808854,1.0232214484577755,nan,nan,0,0.9956090470255554,3,e8fbf40b994e527a,66,1.0088381908979411,8,0,0,0,nan,-1,0,0
119,177023.79999995232,-3961763.7509918343,3349009.7287936537,3698312.9253796735,1,1,1,1,1,1,1,0.24792502924276658,0.33915074303236126,0.27008706549685085,30,4,0.00560944162250831,0.14308844069230126,0.14308844069230126,0,,0.0,0.0,0,nan,1,0,,1,0.006799211907024959,dbe4e316ead6ad20,0.15962172945571027,10.420359420442734,10,0.8878927111631447,-3961763.901021859,3349009.9665932064,3698313.6748364535,0.8792312990700999,1.1270157512506334,0,0.16271732028344577,2,0.06177771460416624,0.8856925933641786,0.14308844069230126,1,0.14308844890318298,0.9956067210934958,7.608860118991753e-05,2,0.2479250275669014,0.33915074283016106,0.19656200763070103,1.0375364068453972,nan,nan,0,0.9956066903994094,4,e8fbf40b994e527a,66,1.0088429647904524,8,0,0,0,nan,-1,0,0
120,177024.0,-3961763.5743215745,3349010.054894146,3698313.0637394483,0,0,1,1,1,1,1,0.294352974301166,0.33458414204419407,0.25123706162904497,30,0,0.0070353934943396266,0.2513050033280158,0.168093582690853,0,,0.0,0.0,0,nan,1,1,E36,1,0.003840843314390126,dbe4e316ead6ad20,0.2113826909880425,6.834128524630351,11,0.8850746109629665,-3961763.626407599,3349010.0367467105,3698313.8909880887,0.8290853974972802,1.1110855147618959,0,0.21324638014382483,2,0.04061963590290108,0.8840953767550016,0.168093582690853,1,0.16809358753200443,0.9887142688500977,5.557007998352057e-05,2,0.2943529736541947,0.3345841434345329,0.2513050033280158,0.9687155007325812,0.0070353934943396266,0.14737026912651496,0,0.9887142525947232,0,e8fbf40b994e527a,67,1.022947445090977,8,12,0,0,nan,-1,30,29
121,177024.199999094,-3961763.297154374,3349010.120160824,3698313.291123662,0,0,1,1,1,1,1,0.2947677002787628,0.3317416144112199,0.2600872935571744,30,1,0.0070353934943396266,0.24983861584882053,0.1632742423987667,0,,0.0,0.0,0,nan,1,0,,1,0.004450802465668796,dbe4e316ead6ad20,0.2021376155796918,7.4829798583977585,12,0.8791127824672937,-3961763.3425996145,3349010.101979091,3698314.1224363763,0.8327524686335839,1.1117695726901777,0,0.2046666346810195,2,0.04892809050454502,0.8776411883026964,0.1632742423987667,1,0.16327424774043103,0.9955747476544428,5.5608230073208816e-05,2,0.2947676998420683,0.33174161524211393,0.24983861584882053,0.9745970627584554,nan,nan,0,0.9955747312629942,1,e8fbf40b994e527a,67,1.0089078545955266,8,0,0,0,nan,-1,0,0
122,177024.39999890327,-3961763.0009716786,3349010.197070109,3698313.537618362,0,0,1,1,1,1,1,0.29463172580771024,0.33033861408532256,0.26020160549512555,30,2,0.0070353934943396266,0.24563694519258955,0.16189420052117667,0,,0.0,0.0,0,nan,1,0,,1,0.0036814289488457867,dbe4e316ead6ad20,0.19277286911695848,8.195232184614364,13,0.8800469099625096,-3961763.043259658,3349010.1807500767,3698314.372106732,0.8357185269585984,1.1130557271458303,0,0.19592462341598338,2,0.05625340112882575,0.8780794985488757,0.16189420052117667,1,0.16189420545233885,0.9958537222045156,5.561097460443376e-05,2,0.294631725594815,0.3303386148875481,0.24563694519258955,0.987209899308455,nan,nan,0,0.9958537058061265,2,e8fbf40b994e527a,67,1.0083428913427162,8,0,0,0,nan,-1,0,0
123,177024.59999990463,-3961762.5701318244,3349010.0145094926,3698313.895307582,1,1,1,1,1,1,1,0.2947147395328442,0.3298267084909108,0.26093708942642946,30,3,0.0070353934943396266,0.16796072764073922,0.16796072764073922,0,,0.0,0.0,0,nan,1,0,,1,0.0037078551045925615,dbe4e316ead6ad20,0.18383823493260204,8.966803866261055,14,0.8810673744302779,-3961762.7243020437,3349010.25401963,3698314.638941448,0.8368371762566761,1.1135452360077036,0,0.1875824359795999,2,0.06272826162545073,0.8786074754557389,0.16796072764073922,1,0.16796073263192401,0.9958723920559389,5.561091537704273e-05,2,0.29471473906110024,0.329826709761049,0.23648108796049216,1.001494474788816,nan,nan,0,0.9958723756570461,3,e8fbf40b994e527a,67,1.0083050986471793,8,0,0,0,nan,-1,0,0
124,177024.79999995232,-3961762.24057219,3349010.0933591337,3698314.177554181,1,1,1,1,1,1,1,0.2947098171007376,0.32968821037838175,0.2587539791557595,30,4,0.0070353934943396266,0.170776452246289,0.170776452246289,0,,0.0,0.0,0,nan,1,0,,1,0.004802039737337709,dbe4e316ead6ad20,0.17536868407086822,9.79645889083627,15,0.8828398424004744,-3961762.39438973,3349010.3329798137,3698314.9215423334,0.8371919659774755,1.1137260777431874,0,0.17967359833322552,2,0.06864984404822397,0.8799302873120936,0.170776452246289,1,0.1707764571206235,0.995872749000538,5.5610817213655814e-05,2,0.2947098170670018,0.3296882111550253,0.22959606905147303,1.0161155707061134,nan,nan,0,0.9958727326016276,4,e8fbf40b994e527a,67,1.0083043761143562,8,0,0,0,nan,-1,0,0
125,177025.0,-3961762.0541986213,3349010.4684158564,3698314.4167420096,0,0,1,1,1,1,1,0.3278387578776352,0.32289928396747974,0.23767854904410737,30,0,0.006455074587547572,0.2659864590495766,0.1802077520227777,0,,0.0,0.0,0,nan,1,1,E36,1,0.006417486592774335,dbe4e316ead6ad20,0.2576642250564353,8.043652368823121,16,0.89083156727287,-3961762.0626993813,3349010.4320186316,3698315.2238077326,0.8079307533003993,1.1036937868568728,0,0.2652741010263653,2,0.07258341967377703,0.8875552459126268,0.1802077520227777,1,0.18020775477689632,0.9887735089576263,4.1815779646694195e-05,2,0.3278387577109548,0.32289928504760235,0.2659864590495766,0.9477610834897241,0.006455074587547572,0.11883274186253066,0,0.9887734997528267,0,e8fbf40b994e527a,67,1.022824889490297,8,12,0,0,nan,-1,30,28
126,177025.199999094,-3961761.7045150716,3349010.567129883,3698314.718648231,0,0,1,1,1,1,1,0.32897226433022625,0.32379130545902024,0.23979624767180976,30,1,0.006455074587547572,0.2747063180014915,0.17451466390834264,0,,0.0,0.0,0,nan,1,0,,1,0.007554178900459984,dbe4e316ead6ad20,0.24590529945021888,8.77362516511377,17,0.8890321123255769,-3961761.7071568505,3349010.5303660966,3698315.5237740376,0.8059690560082436,1.1035335400318151,0,0.25384905622620996,2,0.07639144290750664,0.885429833743269,0.17451466390834264,1,0.17451466710223143,0.9956731453847236,4.184478342785278e-05,2,0.32897226439836863,0.32379130650390003,0.2747063180014915,0.953791464255016,nan,nan,0,0.9956731361025649,1,e8fbf40b994e527a,67,1.0087084934045636,8,0,0,0,nan,-1,0,0
127,177025.39999890327,-3961761.3511844617,3349010.6852503945,3698315.046162561,0,0,1,1,1,1,1,0.3284254186021209,0.3211596333618906,0.21579143149657593,30,2,0.006455074587547572,0.29953106780981403,0.17310188217865632,0,,0.0,0.0,0,nan,1,0,,1,0.008168483829787083,dbe4e316ead6ad20,0.2348100191418524,9.554001610185516,18,0.9132020306741135,-3961761.353141638,3349010.6517292275,3698315.8555106097,0.810044296947498,1.1047818069035273,0,0.24306101042463882,2,0.08000032683047066,0.9092318296361539,0.17310188217865632,1,0.17310188499697815,0.9959708723856723,4.1847390202644834e-05,2,0.3284254189678949,0.32115963391147245,0.29953106780981403,0.9666805585669132,nan,nan,0,0.9959708630993004,2,e8fbf40b994e527a,67,1.008105745552964,8,0,0,0,nan,-1,0,0
128,177025.59999990463,-3961760.7926691757,3349010.4976801984,3698315.4345030584,1,1,1,1,1,1,1,0.32889108946265094,0.3213454385282853,0.2195073879759085,30,3,0.006455074587547572,0.1737184433969422,0.1737184433969422,0,,0.0,0.0,0,nan,1,0,,1,0.007154582671977173,dbe4e316ead6ad20,0.2238140869147896,10.425671432377511,19,0.9087860017619396,-3961760.954905973,3349010.7403425365,3698316.1758982297,0.8096279894178421,1.1045062186231362,0,0.2323970005133768,2,0.08353926536392661,0.9044944898431325,0.1737184433969422,1,0.1737184465927656,0.9959940742819847,4.184738939053365e-05,2,0.3288910893973596,0.3213454400164054,0.29123372336165315,0.9812653603282907,nan,nan,0,0.9959940649952795,3,e8fbf40b994e527a,67,1.0080587953500069,8,0,0,0,nan,-1,0,0
129,177025.79999995232,-3961760.386445199,3349010.5991186677,3698315.7692384375,1,1,1,1,1,1,1,0.32887598799871,0.3212079744644206,0.2245295412659367,30,4,0.006455074587547572,0.1684655180661924,0.1684655180661924,0,,0.0,0.0,0,nan,1,0,,1,0.00953433170473,dbe4e316ead6ad20,0.21331435475461355,11.36630437341059,20,0.9026759280785103,-3961760.5484164176,3349010.8420056505,3698316.510888397,0.8098856392132434,1.1046213845254162,0,0.22221635257788022,2,0.08693933779605625,0.8980346672768068,0.1684655180661924,1,0.16846552092417946,0.9959958278159379,4.184733584215792e-05,2,0.32887598783799765,0.32120797548541796,0.2885104854455582,0.9961838067634718,nan,nan,0,0.9959958185292043,4,e8fbf40b994e527a,67,1.008055247116598,8,0,0,0,nan,-1,0,0
130,177026.0,-3961760.1139724026,3349010.9588132603,3698316.0850724285,0,0,1,1,1,1,1,0.375366453294743,0.2804492485598167,0.17778459909246228,30,0,0.008979991187537473,0.26725278221765425,0.22217038900660557,0,,0.0,0.0,0,nan,1,1,E36,1,0.004241932277444117,845fbc9997661f66,0.016143980167228785,74.40257596156358,1,0.5741416556071365,-3961759.682758577,3349010.9344805083,3698315.6504970132,0.6126934287315632,0.41406039767829067,0,0.07892118033426049,5,0.34351098819216014,0.33010424199368366,0.201228077638279,1,0.1674858920480991,0.1645833333333334,0.22885220066672607,10,0.43177435385654744,0.2466206760723524,0.26725278221765425,0.9264903901053754,0.008979991187537473,0.09201070912482076,10,0.07916666666666669,0,1593d441ee53829e,76,13.289496452673466,8,12,1,64,0.201228077638279,10,30,28
131,177026.199999094,-3961759.6749217017,3349011.071038836,3698316.4588028747,0,0,1,1,1,1,1,0.42758464724792933,0.28850834430585803,0.18390127593182132,30,1,0.008979991187537473,0.2661041788193983,0.25036660724083526,0,,0.0,0.0,0,nan,1,0,,1,0.0036143672992487727,845fbc9997661f66,0.013159477265883011,75.99999890527307,1,0.5813130922974801,-3961759.2152950196,3349011.008558387,3698316.0158467786,0.6413817868023929,0.41746472493655423,0,0.06579681220914708,5,0.3438825601770884,0.3354310276922596,0.21827988385867647,1,0.21838738545204275,0.16468500758462218,0.22838642402671708,10,0.481377723035542,0.2589531634138996,0.2661041788193983,0.9326754160529025,nan,nan,0,0.07937001516924432,0,1593d441ee53829e,76,13.222172860095924,8,0,0,0,nan,-1,0,0
132,177026.39999890327,-3961759.2084243638,3349011.1833435255,3698316.850639168,0,0,1,1,1,1,1,0.43224267725213766,0.29380668516800257,0.18335907721427494,30,2,0.008979991187537473,0.2540213627411276,0.25922347433695186,0,,0.0,0.0,0,nan,1,0,,1,0.004640214438997672,845fbc9997661f66,0.013159669976307823,75.9999980676928,2,0.5816508416498488,-3961758.743179312,3349011.120570297,3698316.411140452,0.6430805220409989,0.42010813594308555,0,0.06579780454940624,5,0.34388256722520544,0.3362973943731056,0.2241477930340657,1,0.232131536565026,0.16467135682213546,0.228490790079257,10,0.4831595293623484,0.2640863437660283,0.2540213627411276,0.9458568297970824,nan,nan,0,0.07934271364427097,0,1593d441ee53829e,76,13.23118403162204,8,0,0,0,nan,-1,0,0
133,177026.59999990463,-3961758.7489460516,3349011.379643432,3698317.277702908,0,0,1,1,1,1,1,0.4311753689547168,0.29522349020489613,0.1721167643565472,30,3,0.008979991187537473,0.3267937677590398,0.22646316621288995,0,,0.0,0.0,0,nan,1,0,,1,0.004374269281435798,eb6883acadf820c0,0.013158571110197902,75.99999999732238,1,1.8601248835715896,-3961757.2472092737,3349010.2824722356,3698316.286084863,2.1076774732452606,1.795870783313588,0,0.026316456825695757,2,0.04408787230685964,1.8200434133601144,0.20567968796467218,1,0.15724377637504044,0.16466471670876925,0.228538005447755,10,0.48074279978928725,0.264709015486847,0.3267937677590398,0.9607590889561723,nan,nan,0,0.07932943341753856,0,1593d441ee53829e,76,13.235570414463538,8,0,0,0,nan,-1,0,0
134,177026.79999995232,-3961758.256649631,3349011.5095757064,3698317.687082577,0,0,1,1,1,1,1,0.4334883282174235,0.2959675056138512,0.16791248596581024,30,4,0.008979991187537473,0.3264992246747009,0.22539875092060568,0,,0.0,0.0,0,nan,1,0,,1,0.006387393773649084,eb6883acadf820c0,0.013158696335257665,75.99999999430263,2,1.8590434693322868,-3961756.753684013,3349010.410409946,3698316.6950145005,2.109803328754808,1.7973380384393651,0,0.026316552665887505,2,0.044133755486315714,1.8188733586558985,0.20313814313800377,1,0.16001396361145948,0.16466675445601175,0.2285284302307964,10,0.48305512161124603,0.265757687013305,0.3264992246747009,0.9759914247731313,nan,nan,0,0.07933350891202347,0,1593d441ee53829e,76,13.234224086321497,8,0,0,0,nan,-1,0,0
135,177027.0,-3961757.7028967226,3349011.574063716,3698318.094520459,0,0,1,1,1,1,1,0.33368611114509916,0.27765026545895705,0.1651204994150894,29,0,0.006041562313226176,0.25086855779244294,0.20427684264252957,0,,0.0,0.0,0,nan,1,1,G20,1,0.00744754276327664,46ceb4fcf01d9b50,0.01639695568794102,74.39368861794703,1,0.20427684264252957,-3961757.501976646,3349011.3078145375,3698318.103950124,0.33368611114509916,0.27765026545895705,1,0.11044352755533227,7,0.3306136031766232,0.2227790047890767,0.1761391047933368,1,0.3763808244140888,0.16302083333333336,0.22813932797357472,8,0.37698033760628147,0.41160324731675113,0.25086855779244294,0.9094420509584041,0.006041562313226176,0.06085039817431743,9,0.07916666666666669,0,46ceb4fcf01d9b50,76,13.289496452673466,8,12,1,64,0.1761391047933368,1,29,27
136,177027.199999094,-3961757.1919660624,3349011.699989055,3698318.5035694265,0,0,1,1,1,1,1,0.3270717884195946,0.2795268501953632,0.16362372057532237,29,1,0.006041562313226176,0.23538763514806205,0.21298392739493713,0,,0.0,0.0,0,nan,1,0,,1,0.005806426279021782,86307155ca09339d,0.01622498221562213,74.55021967566822,2,0.1805002222872774,-3961757.074242078,3349011.512802051,3698318.55863997,0.2278830308948653,0.2874432503134152,1,0.1248060591949411,8,0.35283874160488876,0.16512382049968602,0.1805002222872774,1,0.3813821853859655,0.16301031140242206,0.22820932028076774,8,0.37380091969411106,0.41329186122332934,0.23538763514806205,0.9157412036620537,nan,nan,0,0.0791546416027681,0,46ceb4fcf01d9b50,76,13.293492604400345,8,0,0,0,nan,-1,0,0
137,177027.39999890327,-3961756.680320355,3349011.8286168803,3698318.9092152524,0,0,1,1,1,1,1,0.3265536538240698,0.27980537341835726,0.16441344153942336,29,2,0.006041562313226176,0.2257253242690294,0.22085930899287023,0,,0.0,0.0,0,nan,1,0,,1,0.0134676535196006,86307155ca09339d,0.016071566124631287,74.68987023831397,3,0.18298852021382306,-3961756.5628014216,3349011.6424934086,3698318.9637787445,0.2267814390903344,0.28761682312020354,1,0.12382062909699104,8,0.3530024985542173,0.16682718021383242,0.18298852021382306,1,0.3849623238706657,0.16301240270389322,0.22820917752336983,8,0.3734669517946897,0.41367693562641294,0.2257253242690294,0.9291630356923444,nan,nan,0,0.07915703166159224,0,46ceb4fcf01d9b50,76,13.292698210161884,8,0,0,0,nan,-1,0,0
138,177027.59999990463,-3961756.1748492992,3349011.958453279,3698319.310957174,0,0,1,1,1,1,1,0.32587855889023576,0.27984325275501404,0.1657306840391558,29,3,0.006041562313226176,0.2076491921553451,0.2305444782010276,0,,0.0,0.0,0,nan,1,0,,1,0.006898531880752249,86307155ca09339d,0.015925410465500153,74.81601648289087,4,0.18454506205102428,-3961756.0579368863,3349011.7729164297,3698319.365593012,0.2260033397042626,0.28770976460890646,1,0.12288972947364654,8,0.35314004088479817,0.16551801092502028,0.18454506205102428,1,0.38615464577616215,0.16301206158741083,0.22821241010456858,8,0.37286194582422943,0.41373393701761135,0.2076491921553451,0.9443288425441045,nan,nan,0,0.0791566418141838,0,46ceb4fcf01d9b50,76,13.292827780922508,8,0,0,0,nan,-1,0,0
139,177027.79999995232,-3961755.6760941944,3349012.1039803545,3698319.7221942935,0,0,1,1,1,1,1,0.3254583160551049,0.2799064083313052,0.1563458550739213,29,4,0.006041562313226176,0.21569778422731728,0.23253841261435423,0,,0.0,0.0,0,nan,1,0,,1,0.01163048943922856,86307155ca09339d,0.015786538492127623,74.93020998559984,5,0.19181790350692782,-3961755.5593757257,3349011.9189035962,3698319.7770911925,0.22558873401466506,0.28783261664816884,1,0.12200546590451103,8,0.3532665639597655,0.1674227904758805,0.19181790350692782,1,0.39036965604857593,0.16301162058745539,0.22821451750213634,8,0.37264371146005454,0.41384423202521814,0.21569778422731728,0.9598219844287363,nan,nan,0,0.07915613781423479,0,46ceb4fcf01d9b50,76,13.292995294345971,8,0,0,0,nan,-1,0,0
140,177028.0,-3961755.2055807174,3349012.2923797644,3698320.1176999426,0,0,1,1,1,1,1,0.34675100299372513,0.2663570761894883,0.16369004314946436,30,0,0.003715791369403048,0.2530616267755468,0.21787752567563598,0,,0.0,0.0,0,nan,1,1,G20,1,0.006037580778821606,35d2fc4e7ad4b9a6,0.05126166720772502,29.3459721055743,6,0.8552622681509258,-3961755.110487773,3349012.174018456,3698320.848085054,0.745998980336407,0.9730635465969372,0,0.10090633246445213,3,0.22061355616265638,0.8223617032563645,0.18218128225673663,1,0.32951458822572616,0.23343843632561648,0.20701480939397288,8,0.37929132542403393,0.33689820609293114,0.2530616267755468,0.8932573143759696,0.003715791369403048,0.056653618921712695,0,0.14808702217617245,0,46ceb4fcf01d9b50,78,10.72441424559718,8,12,0,0,nan,-1,30,27
141,177028.199999094,-3961754.716772099,3349012.4550876277,3698320.488579025,0,0,1,1,1,1,1,0.3458073748082349,0.274631876754543,0.16888053684659932,30,1,0.003715791369403048,0.25674001525331097,0.21001717482524254,0,,0.0,0.0,0,nan,1,0,,1,0.006359246906030984,35d2fc4e7ad4b9a6,0.04925909364629401,31.282394053767035,7,0.8480800546091171,-3961754.6212920477,3349012.334694354,3698321.2181037534,0.7455315619857683,0.9764752439956302,0,0.09755803703997351,3,0.22060192167855586,0.815073655646395,0.17575555009186702,1,0.32333630351911335,0.23506437723585677,0.20708229985121182,8,0.3779741306094557,0.34198355932030994,0.25674001525331097,0.8996498101923532,nan,nan,0,0.14980338556740402,0,46ceb4fcf01d9b50,78,10.695063075599238,8,0,0,0,nan,-1,0,0
142,177028.39999890327,-3961754.2275439478,3349012.605167334,3698320.868272087,0,0,1,1,1,1,1,0.34667733494362923,0.27259584760254213,0.17020270361603057,30,2,0.003715791369403048,0.2584406196865146,0.21264135312505472,0,,0.0,0.0,0,nan,1,0,,1,0.006365741692898908,35d2fc4e7ad4b9a6,0.04743423021498435,33.23178700466108,8,0.8489861379861032,-3961754.131657417,3349012.48371285,3698321.597629466,0.7455921168912016,0.9751707143497729,0,0.09460230413924318,3,0.2205214919989905,0.8154944000689657,0.17844271174707724,1,0.32645294845630446,0.23492736394628738,0.20713384121184647,8,0.378741000007731,0.3397661668230491,0.2584406196865146,0.9133028694126776,nan,nan,0,0.14983732199285976,0,46ceb4fcf01d9b50,78,10.690580519710284,8,0,0,0,nan,-1,0,0
143,177028.59999990463,-3961753.742524787,3349012.752995001,3698321.2375828964,0,0,1,1,1,1,1,0.34676753863686005,0.27306818784707476,0.16757646533823295,30,3,0.003715791369403048,0.2665586474427091,0.20853271343324947,0,,0.0,0.0,0,nan,1,0,,1,0.005396890871241161,35d2fc4e7ad4b9a6,0.045698412007382554,35.20784457971479,9,0.8508930692493767,-3961753.6465388066,3349012.631323815,3698321.9668045845,0.7455075159903524,0.975534763877927,0,0.09178670570657982,3,0.22042579543281646,0.8180708404892648,0.17707738603989875,1,0.3244290195725482,0.23496807517147092,0.20718151098642518,8,0.3788565986229584,0.3401354675289107,0.2665586474427091,0.9287262013264767,nan,nan,0,0.14983595955685355,0,46ceb4fcf01d9b50,78,10.690675848836408,8,0,0,0,nan,-1,0,0
144,177028.79999995232,-3961753.2526424644,3349012.890577332,3698321.5928841378,0,0,1,1,1,1,1,0.3468459192872563,0.27316630746735976,0.18594817899479546,30,4,0.003715791369403048,0.24209963483320207,0.21257422596855965,0,,0.0,0.0,0,nan,1,0,,1,0.009176839751198108,35d2fc4e7ad4b9a6,0.04401834064315367,37.24389273290349,10,0.8337535834536859,-3961753.156602671,3349012.7688160655,3698322.322046804,0.7454714223115606,0.9756557274610312,0,0.08905887591418632,3,0.22031819373831604,0.8005046440546927,0.17277384275902416,1,0.32477762238330754,0.23497035266739005,0.20720280545170852,8,0.3789496720117687,0.340214939404048,0.24209963483320207,0.9444748676179737,nan,nan,0,0.14981746472442475,0,46ceb4fcf01d9b50,78,10.690716807382556,8,0,0,0,nan,-1,0,0
145,177029.0,-3961752.7977341185,3349013.103854408,3698321.982572665,0,0,1,1,1,1,1,0.32678239699014805,0.27110387300046007,0.19644887005066303,29,0,0.0032908386277296004,0.2936746390124438,0.182750875103548,0,,0.0,0.0,0,nan,1,1,G20,1,0.004838871804306537,46ceb4fcf01d9b50,0.0791413441610846,50.46925904882102,1,0.182750875103548,-3961752.6199705927,3349012.8298502224,3698321.992992365,0.32678239699014805,0.27110387300046007,1,0.1572627105171558,7,0.2691655696848524,0.15987240465327018,0.16312252410939734,1,0.2560007880647485,0.26270215672437697,0.17577531415174694,8,0.34177243000621144,0.29973561677460925,0.2936746390124438,0.8783615174995061,0.0032908386277296004,0.07441985393605394,0,0.20636252669962765,0,46ceb4fcf01d9b50,80,8.241401728026611,8,12,0,0,nan,-1,29,26
146,177029.199999094,-3961752.3265341395,3349013.259924661,3698322.3457612074,0,0,1,1,1,1,1,0.32790735998120196,0.2744823100357258,0.20073030896790767,29,1,0.0032908386277296004,0.29596734507922884,0.18765947053476975,0,,0.0,0.0,0,nan,1,0,,1,0.0045638508182838195,46ceb4fcf01d9b50,0.07580222096038464,52.37174670683892,2,0.18765947053476975,-3961752.147005848,3349012.9856838407,3698322.3549700007,0.32790735998120196,0.2744823100357258,1,0.14107563512557228,6,0.24273778542405935,0.2058516114067164,0.16768718200276805,1,0.26180180312537127,0.26448462980676174,0.1764394450647737,8,0.34363183507497364,0.3045979586107975,0.29596734507922884,0.8848659686990843,nan,nan,0,0.20724756449735712,0,46ceb4fcf01d9b50,80,8.185590437394703,8,0,0,0,nan,-1,0,0
147,177029.39999890327,-3961751.8506731396,3349013.40084686,3698322.6930110366,0,0,1,1,1,1,1,0.3277388519555115,0.2753905732519935,0.21162492752929143,29,2,0.0032908386277296004,0.2798890962943813,0.19077032492945342,0,,0.0,0.0,0,nan,1,0,,1,0.004135604480172707,46ceb4fcf01d9b50,0.07258818642642458,54.74947073659025,3,0.19077032492945342,-3961751.670999071,3349013.126898433,3698322.7020798647,0.3277388519555115,0.2753905732519935,1,0.13793995402479414,6,0.24558387487299524,0.20728402555496023,0.1654091576724038,1,0.26363221873872705,0.26463953099195225,0.17651119378088498,8,0.34361898599471113,0.30556833373999587,0.2798890962943813,0.8987447387216402,nan,nan,0,0.20732339318429,0,46ceb4fcf01d9b50,80,8.18214680152381,8,0,0,0,nan,-1,0,0
148,177029.59999990463,-3961751.389468529,3349013.5574203823,3698323.0479476363,0,0,1,1,1,1,1,0.32739627458214066,0.27520380013943513,0.2089100221310495,29,3,0.0032908386277296004,0.28582527279377723,0.1908456801094751,0,,0.0,0.0,0,nan,1,0,,1,0.005019432062046089,46ceb4fcf01d9b50,0.06957466859655698,56.49983052290096,4,0.1908456801094751,-3961751.2099676854,3349013.28377279,3698323.057154319,0.32739627458214066,0.27520380013943513,1,0.13478652026058519,6,0.2481190200313503,0.20902926465953173,0.16746831120037162,1,0.264562638504391,0.2646869111373266,0.17650420857005159,8,0.3433162496045956,0.3054199043059777,0.28582527279377723,0.9144139633962879,nan,nan,0,0.2073713841655686,0,46ceb4fcf01d9b50,80,8.18146225345187,8,0,0,0,nan,-1,0,0
149,177029.79999995232,-3961750.9372771513,3349013.728436676,3698323.399309897,0,0,1,1,1,1,1,0.3273219141350438,0.2752619423648755,0.20284404430694933,29,4,0.0032908386277296004,0.30455497783457725,0.18965776759090183,0,,0.0,0.0,0,nan,1,0,,1,0.0053141866916509035,46ceb4fcf01d9b50,0.06670526258894525,58.17530523448108,5,0.18965776759090183,-3961750.757804237,3349013.45486023,3698323.4085314325,0.3273219141350438,0.2752619423648755,1,0.13178178948310101,6,0.25061520740859516,0.2121045425028579,0.1724679802780743,1,0.26575764128512985,0.26469306545870064,0.17650358503739844,8,0.3432546680730292,0.30547553433018304,0.30455497783457725,0.9304050133461357,nan,nan,0,0.2073781783477921,0,46ceb4fcf01d9b50,80,8.181375113994708,8,0,0,0,nan,-1,0,0
150,177030.0,-3961750.5402509016,3349013.933936801,3698323.810817977,0,0,0,0,0,1,1,1.6296202224517333,2.0982341248712864,0.20020472043041193,29,0,0.0029869126499815365,0.39625588523905253,2.0005679112471992,0,,0.0,0.0,0,nan,1,1,E36,1,0.004752581888613003,46ceb4fcf01d9b50,0.31263260972720947,8.316620274015357,6,0.19228054903191072,-3961750.307767966,3349013.6091843615,3698323.759231477,0.40270787081101567,0.28264172210008703,1,0.3866352472967342,9,0.17314253497589435,0.24579273982816413,0.17183348103486168,1,0.5314123804416786,0.3226091468044596,0.39636808534401324,10,0.4123875287434242,0.6641387645227674,0.39625588523905253,0.8650788213976971,0.0029869126499815365,2.229509486180592,0,0.21676605327791243,0,f5ed223729e4bb0d,110,7.2644314001706025,8,12,1,64,0.17143635044084882,2,29,27
151,177030.199999094,-3961750.0956977066,3349014.1028937763,3698324.1491885046,0,0,0,0,0,1,1,1.6208377680626653,2.111863921375373,0.20069209363161905,29,1,0.0029869126499815365,0.415387847145518,2.010364413971292,0,,0.0,0.0,0,nan,1,0,,1,0.014887223431288031,46ceb4fcf01d9b50,0.2974307209919942,9.14377035055325,7,0.19247326935157105,-3961749.8588734027,3349013.7706448925,3698324.095312662,0.411555194469694,0.2850217506411933,1,0.3713686573400322,9,0.1760831512344629,0.2466668626027811,0.1696640690340294,1,2.0095491108626797,0.23017250003918194,0.01742752509767672,3,1.6199801562341278,2.111031354064443,0.415387847145518,0.8716823352201288,nan,nan,0,0.22628331789486333,0,f5ed223729e4bb0d,110,6.696863467146097,8,0,0,0,nan,-1,0,0
152,177030.39999890327,-3961749.653360042,3349014.257710112,3698324.5003481265,0,0,0,0,0,1,1,1.621040123825513,2.109238134664877,0.19057823563753465,29,2,0.0029869126499815365,0.42991333583533853,2.025831888777224,0,,0.0,0.0,0,nan,1,0,,1,0.004306364571099218,46ceb4fcf01d9b50,0.28293220969398936,10.046891091759218,8,0.19559142911384406,-3961749.4168703873,3349013.9251419352,3698324.4470672193,0.41154319800757516,0.28347549051445897,1,0.3568104352515613,9,0.17933406411752403,0.24929133670234854,0.17252577944681388,1,2.025040299989578,0.23072092813142037,0.01662119251029963,3,1.6202110415431599,2.1084327374665746,0.42991333583533853,0.8857676995801408,nan,nan,0,0.2269673335584921,0,f5ed223729e4bb0d,110,6.658569026945122,8,0,0,0,nan,-1,0,0
153,177030.59999990463,-3961749.2261981866,3349014.4464741377,3698324.8437628937,0,0,0,0,0,1,1,1.6211117973282065,2.1084812142321194,0.19198704756681206,29,3,0.0029869126499815365,0.47008500401870557,2.0651637015462465,0,,0.0,0.0,0,nan,1,0,,1,0.0037421480780417556,46ceb4fcf01d9b50,0.24275140530194428,13.04989564090944,9,0.20335571581030915,-3961748.989821068,3349014.1138888067,3698324.7905583,0.41148253113736405,0.2840902422036326,1,0.3138941425659802,9,0.18721573005780853,0.25782710389522984,0.1847579326990274,1,2.064375243656415,0.230800318854956,0.016493939126002208,3,1.6202854503575672,2.10767790832063,0.47008500401870557,0.9016624705290736,nan,nan,0,0.22706689872499944,0,f5ed223729e4bb0d,110,6.652974749568349,8,0,0,0,nan,-1,0,0
154,177030.79999995232,-3961748.812235427,3349014.627564277,3698325.187367029,0,0,0,0,0,1,1,1.6210586178733795,2.1084183312651046,0.19434371566568057,29,4,0.0029869126499815365,0.5106299699812156,2.1071662696568594,0,,0.0,0.0,0,nan,1,0,,1,0.005785061566970703,46ceb4fcf01d9b50,0.2249594088517554,14.673831955731565,10,0.21538527365924104,-3961748.5758519894,3349014.2949031973,3698325.134173962,0.41154589773648864,0.2840938002077938,1,0.29586402415372554,9,0.1921557309804867,0.26798117395478743,0.20022772776447464,1,2.1063739790235276,0.23080221987751054,0.016489356729665793,3,1.6202295804501181,2.107612348567757,0.5106299699812156,0.9178757017942034,nan,nan,0,0.22706946581821666,0,f5ed223729e4bb0d,110,6.652820546849716,8,0,0,0,nan,-1,0,0
155,177031.0,-3961748.3487851648,3349014.75330272,3698325.5534891617,0,0,0,0,0,1,1,1.57631583495722,1.971151779519556,0.23698075649168182,27,0,0.00485559957461777,0.5000964800543165,2.0427929577626527,0,,0.0,0.0,0,nan,1,1,C22,1,0.004487857555148255,af13527642210678,0.22812596863731924,9.411061273081328,1,0.19637632430001842,-3961748.1445283215,3349014.4042983744,3698325.460460465,0.414944851295221,0.2890661183127332,1,0.2996242479510763,11,0.12653441270912652,0.19832324763488593,0.17599881425722202,1,2.0406789577978626,0.40003330177123914,0.030295742326992624,5,1.574059457664534,1.968940697895587,0.5000964800543165,0.8534931208639839,0.00485559957461777,1.1070741741718597,0,0.39095426047513865,0,f5ed223729e4bb0d,128,4.5378734221173715,8,12,1,64,0.17599881425722202,22,27,24
156,177031.199999094,-3961747.9494157513,3349014.954086471,3698325.8969425857,0,0,0,0,0,1,1,1.5954296319285688,1.9554930588233062,0.3141676070469314,27,1,0.00485559957461777,0.567402482174213,2.129010241340447,0,,0.0,0.0,0,nan,1,0,,1,0.17162674809117187,af13527642210678,0.21114744335425853,11.016203252658885,2,0.25637407963757775,-3961747.765446446,3349014.643151847,3698325.814997892,0.3704591453547179,0.28681093991932394,1,0.2911491898918164,11,0.13349150121901177,0.25155447032794936,0.19621590323943297,1,2.127572135949595,0.4143064284768959,0.023036912428141588,5,1.5938936782863244,1.9539828020316747,0.567402482174213,0.8602273266125352,nan,nan,0,0.40650064140424375,0,f5ed223729e4bb0d,128,4.1985982499928065,8,0,0,0,nan,-1,0,0
157,177031.39999890327,-3961747.554799727,3349015.1484055505,3698326.2340680915,0,0,0,0,0,1,1,1.596603680525152,1.9565988122893054,0.3695874420440365,27,2,0.00485559957461777,0.6316424495358338,2.193563108175194,0,,0.0,0.0,0,nan,1,0,,1,0.006749331630931897,46ceb4fcf01d9b50,0.04370791962101763,109.7554870647765,1,0.27585352569753835,-3961747.3376487438,3349014.7944610273,3698326.1452668537,0.4246374158789455,0.31040406703824514,1,0.12651655529933453,12,0.3075004897247843,0.2830017866248833,0.23529650410182953,1,2.1921682281936037,0.41529177156493197,0.022511014098911347,5,1.5951094197727749,1.9551292721085727,0.6316424495358338,0.8745074649009179,nan,nan,0,0.4075572715244585,0,f5ed223729e4bb0d,128,4.176847277628546,8,0,0,0,nan,-1,0,0
158,177031.59999990463,-3961747.1975077004,3349015.369067045,3698326.5600810116,0,0,0,0,0,1,1,1.5979431129168085,1.9554244756078485,0.4555500680437988,27,3,0.00485559957461777,0.7226172015821579,2.284001150329309,0,,0.0,0.0,0,nan,1,0,,1,0.006043594923160396,9534bda0a2525a51,0.011264387585201464,127.75793422695877,1,0.6554306991024595,-3961746.4091729894,3349014.596085886,3698325.9834594857,1.2455777265013286,0.9134392829492008,0,0.04234275087546621,5,0.22137842565575663,0.7684428282088448,0.3096329857179475,1,2.2826155302815434,0.41526781444446914,0.022482725802935824,5,1.5964505627261882,1.9539564284881374,0.7226172015821579,0.8906060881852258,nan,nan,0,0.40753532502847556,0,f5ed223729e4bb0d,128,4.177303928666967,8,0,0,0,nan,-1,0,0
159,177031.79999995232,-3961746.8573790183,3349015.5419127224,3698326.857443842,0,0,0,0,0,1,1,1.5980143660767852,1.9555361504476634,0.5142485412145621,27,4,0.00485559957461777,0.7839424723912075,2.343087125785723,0,,0.0,0.0,0,nan,1,0,,1,0.005355839426825487,056ba19a4094d690,0.007998706271232706,127.99904144709484,1,0.7995260244104571,-3961747.216746751,3349014.349950694,3698326.363996089,1.3391823362168551,1.1647789126748174,0,0.03923782171378144,5,0.24276910548548433,0.6095856390325554,0.3631650251078685,1,2.3417089040918766,0.41530175829669935,0.022458579506517414,5,1.5965231195774172,1.9540694724340526,0.7839424723912075,0.907017841514748,nan,nan,0,0.40757114220358254,0,f5ed223729e4bb0d,128,4.176563520596084,8,0,0,0,nan,-1,0,0
160,177032.0,-3961746.4244755227,3349015.3762337817,3698327.0682835774,0,0,0,0,1,1,1,1.6633020641669323,1.7212965609417699,0.5858488467090557,26,0,0.00861010298890753,0.5040221100327857,2.1354046643673446,0,,0.0,0.0,0,nan,1,1,C22,1,0.005653196945291955,29ef61075567fbf2,0.009881434777660573,123.50134301233318,1,0.6929730448106256,-3961745.7238898897,3349014.6494022775,3698326.576648755,1.1228575436353865,1.1451670718001818,0,0.03851029899970235,4,0.1888512046910868,0.7850636380081278,0.2394765297257409,1,2.132029508977109,0.30744857706870626,0.038660550839485,5,1.6597154464186616,1.7178564761782886,0.5040221100327857,0.8428866590529408,0.00861010298890753,0.27771565767992573,0,0.29655971197343106,0,f5ed223729e4bb0d,128,5.243059694617964,8,12,0,0,nan,-1,26,24
161,177032.20000004768,-3961746.10605521,3349015.498110137,3698327.325856737,0,0,0,0,1,1,1,1.6830634149647195,1.4408566941656484,0.6255496061697289,26,1,0.00861010298890753,0.522003713118192,1.407061220468797,0,,0.0,0.0,0,nan,1,0,,1,0.003703867078957652,d27bc40256525033,0.02102596492965275,70.44781127232248,2,0.5838791123896587,-3961745.5235521845,3349015.3371283864,3698327.297859787,0.60498655178831,0.7022232408811738,0,0.10026883361251986,6,0.3533842096919881,0.503770310361155,0.2683060626398119,1,0.3602645029180076,0.1036490727243395,0.3042081513510537,5,0.404964457147111,0.5522715487847712,0.522003713118192,0.849689165394882,nan,nan,0,0.09423317437305109,0,2c35f8a994ccb8de,73,28.05899613010677,8,0,0,0,nan,-1,0,0
162,177032.39999890327,-3961745.8067012466,3349015.629960951,3698327.5803388995,0,0,0,0,1,1,1,1.6817372802933328,1.4424634956348439,0.6670099752390996,26,2,0.00861010298890753,0.5601382825772959,1.3951760582007693,0,,0.0,0.0,0,nan,1,0,,1,0.005942277321372195,2c35f8a994ccb8de,0.018921078020583276,71.12509253056277,3,1.3951760582007693,-3961745.311739255,3349015.582626983,3698325.973785943,1.6817372802933328,1.4424634956348439,0,0.03314012043849622,2,0.23143462942680793,1.315679522481587,0.30141953395087634,1,0.383008010410044,0.10223208662989712,0.30590470844624074,5,0.4002806324982667,0.5546230799170985,0.5601382825772959,0.8641400308604693,nan,nan,0,0.09367460634787968,0,2c35f8a994ccb8de,73,28.337089971067527,8,0,0,0,nan,-1,0,0
163,177032.59999990463,-3961745.529018687,3349015.779954055,3698327.817507368,0,0,0,0,1,1,1,1.6815813662971595,1.4428092087262405,0.7220376943046906,26,3,0.00861010298890753,0.6125546975982838,1.3900337583048437,0,,0.0,0.0,0,nan,1,0,,1,0.003581803553210437,31d76d0e57b38825,0.01392201621561151,72.99306417475498,1,1.140819670131171,-3961744.998347919,3349014.711543753,3698326.575068817,1.722430141038708,1.6905721028149998,0,0.02780069150262098,2,0.23046032346174833,1.1950291553238115,0.34264844359244634,1,0.4123634876850169,0.10212465547030847,0.30590779513172783,5,0.3987978908354732,0.5558100265321027,0.6125546975982838,0.8804273244517938,nan,nan,0,0.09361859276052495,0,2c35f8a994ccb8de,73,28.36178642190548,8,0,0,0,nan,-1,0,0
164,177032.79999899864,-3961745.284571029,3349015.953059897,3698328.0624697665,0,0,0,0,1,1,1,1.6813184489172095,1.4430213859819023,0.8066272586962931,26,4,0.00861010298890753,0.6969343516255234,1.3848586481734229,0,,0.0,0.0,0,nan,1,0,,1,0.0050997626656769535,3c2120df4778fb1a,0.013698630587954754,72.9999999999999,1,1.9656358054218874,-3961743.8884864724,3349013.8648110074,3698327.381292246,2.602659856251402,2.7131721123706716,0,0.027397259491781727,2,0.23132128862780452,2.079869823763736,0.4161489216654819,1,0.4710408426735705,0.1021133893502001,0.3058875208931012,5,0.3981601169985165,0.5561843156656161,0.6969343516255234,0.8970249233892688,nan,nan,0,0.09359939452735237,0,2c35f8a994ccb8de,73,28.366628690467074,8,0,0,0,nan,-1,0,0
165,177033.0,-3961744.9664347586,3349015.8695556894,3698328.224436982,0,0,0,0,1,1,1,1.706718558597705,1.6358751363503463,0.9063299033254144,26,0,0.014342470361727118,0.5253938704448939,1.3957158946258255,0,,0.0,0.0,0,nan,1,1,C22,1,0.005134914858583705,ce1fa024ce98ebda,0.016923431919481383,71.36710214670227,1,0.7598360932312197,-3961744.2114104247,3349015.1067601764,3698327.6559379534,1.2145410183147134,1.532370568270459,0,0.03197429184760048,2,0.23008462724145323,0.9136999317671989,0.2448963915878544,1,1.3928841958739664,0.18248483476964314,0.04485088315504498,3,1.7041459389495814,1.6339325972345737,0.5253938704448939,0.832552774368232,0.014342470361727118,0.20970220789330382,0,0.18122556763951028,0,2c35f8a994ccb8de,74,13.83982383736518,8,12,0,0,nan,-1,26,24
166,177033.20000004768,-3961744.7478296733,3349015.981251284,3698328.421414049,0,0,0,0,1,1,1,1.7046907169523469,1.6361128243926417,0.961126234224592,26,1,0.014342470361727118,0.5683815084078037,1.385322051797694,0,,0.0,0.0,0,nan,1,0,,1,0.0037306463356361745,d27bc40256525033,0.017136438769078312,73.58201881169492,1,0.5853367860062385,-3961744.1506051226,3349015.7903525187,3698328.3756609517,0.6286595649260228,0.9733050528407612,0,0.0885256414871746,6,0.3597512046818268,0.5260844598656252,0.27944146279598703,1,1.3824359271959554,0.18395632290615466,0.045110911734395985,3,1.7020855829915826,1.634183468461526,0.5683815084078037,0.8394403752105353,nan,nan,0,0.182673169519336,0,2c35f8a994ccb8de,74,13.768707897562061,8,0,0,0,nan,-1,0,0
167,177033.39999890327,-3961744.567780498,3349016.07625818,3698328.582260166,0,0,0,0,1,1,1,1.7042269784094344,1.6367949471886254,1.0025404004466512,26,2,0.014342470361727118,0.6025914325367707,1.3843446864668048,0,,0.0,0.0,0,nan,1,0,,1,0.00365712462145451,d27bc40256525033,0.01701451373546855,72.88617122042817,2,0.5903100117326883,-3961743.9713582266,3349015.885887851,3698328.5364202154,0.6277433305417874,0.9782479636543493,0,0.08888098204439543,6,0.36036683540129755,0.5347834668391686,0.30896587938818154,1,1.3814226910894973,0.1840621436584417,0.045149291469437094,3,1.7016170646671918,1.6348737194696998,0.6025914325367707,0.8540649950330808,nan,nan,0,0.18277667162768818,0,2c35f8a994ccb8de,74,13.766360876197467,8,0,0,0,nan,-1,0,0
168,177033.59999990463,-3961744.4093890763,3349016.1681236266,3698328.731388729,0,0,0,0,1,1,1,1.7039954511554432,1.6374547041340644,1.0429099915941942,26,3,0.014342470361727118,0.6401131164846556,1.3815368261527086,0,,0.0,0.0,0,nan,1,0,,1,0.0033379156166172025,d27bc40256525033,0.01682467254914789,72.99233784375228,3,0.6054277218327617,-3961743.8132356396,3349015.977992275,3698328.6856235913,0.6274099926372148,0.9796928292496991,0,0.08847414100935984,6,0.3606935283054237,0.5533602161628567,0.3427003050766214,1,1.378596678376309,0.1840666355592888,0.04515424828214804,3,1.7013847848518535,1.6355359091367672,0.6401131164846556,0.8705408976915556,nan,nan,0,0.18278100083883472,0,2c35f8a994ccb8de,74,13.766280839820856,8,0,0,0,nan,-1,0,0
169,177033.79999899864,-3961744.2668096097,3349016.229372546,3698328.8584107654,0,0,0,0,1,1,1,1.70399018842738,1.6374922329785702,1.0635019091967484,26,4,0.014342470361727118,0.6601857967901646,1.379676120174491,0,,0.0,0.0,0,nan,1,0,,1,0.0036596037747117956,d27bc40256525033,0.016657258681294643,73.08958471994751,4,0.6124160344618116,-3961743.6706950907,3349016.0392323458,3698328.81261084,0.6273782342191278,0.9800043823918873,0,0.08810154545805125,6,0.36096995175155305,0.5626655863153215,0.35878336030857133,1,1.3767237431451103,0.18406804031160767,0.04515678193057851,3,1.7013792513445403,1.6355739682419732,0.6601857967901646,0.8873234712279742,nan,nan,0,0.18278230210568466,0,2c35f8a994ccb8de,74,13.76674461255376,8,0,0,0,nan,-1,0,0
170,177034.0,-3961744.0805329573,3349016.1505230865,3698328.9154918827,0,0,0,0,0,1,1,1.728516670765634,1.7769339465237577,1.0608937598121173,27,0,0.009928184845941539,0.5264007060745902,1.4248598722813168,0,,0.0,0.0,0,nan,1,1,C22,1,0.004441639296902262,af13527642210678,0.010814822907804921,115.63866622055676,1,0.2275558156798148,-3961743.9137128247,3349015.8078275924,3698328.8281510905,0.39102119170772326,1.0004069604188122,1,0.05205632786598147,5,0.3658948330110424,0.22584787523202865,0.2275558156798148,1,1.4245528821591626,0.27020599582595467,0.014764652730006557,3,1.7282388204280825,1.7767432240320398,0.5264007060745902,0.8223197635317561,0.009928184845941539,0.12886219393239914,0,0.27000752529771127,0,2c35f8a994ccb8de,120,9.079238788517491,8,12,1,64,0.1991702484001066,1,27,24
171,177034.20000004768,-3961743.941984233,3349016.1674294514,3698329.008778276,0,0,0,0,0,1,1,1.727978365014897,1.7800337448858732,1.0436848512063324,27,1,0.009928184845941539,0.5062607126130237,1.4307598173278577,0,,0.0,0.0,0,nan,1,0,,1,0.005045946083741299,af13527642210678,0.010702382412044579,116.025100697791,2,0.21732320358639406,-3961743.77616734,3349015.82421765,3698328.921730827,0.3909818932302325,1.003110542742722,1,0.05158933952242929,5,0.3665026242842855,0.2188397984182342,0.21732320358639406,1,1.4304515081206857,0.2839290493134327,0.014837316009282847,3,1.727697719330759,1.779841659368606,0.5062607126130237,0.8292921782282463,nan,nan,0,0.2837184219781627,0,2c35f8a994ccb8de,120,8.339594054867419,8,0,0,0,nan,-1,0,0
172,177034.39999890327,-3961743.824269221,3349016.1949510933,3698329.100365638,0,0,0,0,0,1,1,1.7272073275904534,1.7826327360258307,1.041411722359108,27,2,0.009928184845941539,0.5006811218700996,1.4284029912677683,0,,0.0,0.0,0,nan,1,0,,1,0.004027048341811785,af13527642210678,0.01059565539737025,116.38741560600208,3,0.21693440085429516,-3961743.659449703,3349015.852486275,3698329.0137888724,0.38979887317525974,1.0070771165697165,1,0.05114033362729212,5,0.367186903992207,0.217219612717654,0.21693440085429516,1,1.428094648792164,0.2848034456592383,0.01484513500697524,3,1.7269263013940674,1.7824411632363129,0.5006811218700996,0.844092599500128,nan,nan,0,0.28459196731240155,0,2c35f8a994ccb8de,120,8.299180534126888,8,0,0,0,nan,-1,0,0
173,177034.59999990463,-3961743.745655317,3349016.207337635,3698329.1638946133,0,0,0,0,0,1,1,1.7272186913962833,1.7826646805116984,1.0333988498318822,27,3,0.009928184845941539,0.4934582382249214,1.4297590083473577,0,,0.0,0.0,0,nan,1,0,,1,0.005640049531673038,af13527642210678,0.01047554238616318,116.74098895453108,4,0.21657919786611868,-3961743.5811123066,3349015.864768208,3698329.0771682383,0.3898072327795322,1.0076768501143185,1,0.0506396939309762,5,0.36788305947804184,0.21912220222030568,0.21657919786611868,1,1.4294521371067084,0.2848679838014933,0.014846441394166302,3,1.7269376208028806,1.7824733646413218,0.4934582382249214,0.8607593942625864,nan,nan,0,0.28465644116694494,0,2c35f8a994ccb8de,120,8.296299240540206,8,0,0,0,nan,-1,0,0
174,177034.79999899864,-3961743.728386372,3349016.2062162263,3698329.1719057052,0,0,0,0,0,1,1,1.7272371219644578,1.78257476763562,1.0278388400360376,27,4,0.009928184845941539,0.4812842671071369,1.441587461190622,0,,0.0,0.0,0,nan,1,0,,1,0.003428527674286974,af13527642210678,0.010367702392074352,117.05240317065264,5,0.19853025141936895,-3961743.5639740378,3349015.8636283195,3698329.0850803326,0.38979037298336283,1.0079959946812465,1,0.05018821809696869,5,0.36827983174796103,0.2009960891983992,0.19853025141936895,1,1.4412787144482702,0.28485975126268637,0.014846838503873049,3,1.7269560396780212,1.7823836027185787,0.4812842671071369,0.8777290108893627,nan,nan,0,0.28464821669942164,0,2c35f8a994ccb8de,120,8.29668610992794,8,0,0,0,nan,-1,0,0
175,177035.0,-3961743.73789728,3349016.2515702397,3698329.196241716,0,0,0,0,0,1,1,1.7856764190971561,1.8306872396996237,1.009571483058028,27,0,0.005467485871005627,0.5333541319546069,1.4808665663377827,0,,0.0,0.0,0,nan,1,1,G22,1,0.0022553101859528937,2b683c0977d45a23,0.010218603760796693,121.91533026341301,1,0.8718434296838199,-3961744.0484445235,3349016.4674856947,3698329.287503545,0.38908584597509693,0.43048605929973033,1,0.07877763494841643,8,0.34634827837223964,0.909614562078499,0.1836716971166424,1,1.4808343943740796,0.35620733203804444,0.004810958376386155,3,1.7856474815620567,1.8306664255230978,0.5333541319546069,0.8123360333519519,0.005467485871005627,0.0733248960067691,0,0.356179646139706,0,2c35f8a994ccb8de,126,6.238440807609331,8,12,1,64,0.18353948917411522,1,27,24
176,177035.20000004768,-3961743.74863603,3349016.256480143,3698329.1916919868,0,0,0,0,0,1,1,1.7892112652159184,1.8300954435632113,1.0182121766436938,27,1,0.005467485871005627,0.5476071282873969,1.4843651285315063,0,,0.0,0.0,0,nan,1,0,,1,0.0011423373374700857,2b683c0977d45a23,0.010834412661122499,121.71429617722183,2,0.878144217347121,-3961744.0707406434,3349016.4627218097,3698329.2745134253,0.39133923610823723,0.43177279992194945,1,0.07944692003307639,8,0.3486699638544825,0.9191245792260198,0.19198542903831564,1,1.4843328449266955,0.37471724295263514,0.004829168457918935,3,1.7891821623117277,1.8300746088522504,0.5476071282873969,0.8193934613291841,nan,nan,0,0.3746879067071079,0,2c35f8a994ccb8de,126,5.692929055045464,8,0,0,0,nan,-1,0,0
177,177035.39999890327,-3961743.765034469,3349016.238058647,3698329.1706548617,0,0,0,0,0,1,1,1.7904781100211822,1.8293270472799947,1.0100216651063643,27,2,0.005467485871005627,0.5398469285217004,1.4929208267949268,0,,0.0,0.0,0,nan,1,0,,1,0.0026716931900016704,2b683c0977d45a23,0.010685580324975394,122.12400974572103,3,0.8664053415054134,-3961744.0884346934,3349016.4393584314,3698329.250121787,0.3891327544977713,0.4329123888326483,1,0.07864054387316995,8,0.34937974800464094,0.9082916385086367,0.18400742014831567,1,1.4928885507346776,0.3759453565592464,0.004831236346839707,3,1.7904489999689495,1.8293061863309237,0.5398469285217004,0.8343695017224042,nan,nan,0,0.3759159017152889,0,2c35f8a994ccb8de,126,5.661287782126885,8,0,0,0,nan,-1,0,0
178,177035.59999990463,-3961743.768023394,3349016.2367975344,3698329.1658585356,0,0,0,0,0,1,1,1.7905651963776148,1.8299220911715675,1.015193220521239,27,3,0.005467485871005627,0.5419150864236444,1.498587132162066,0,,0.0,0.0,0,nan,1,0,,1,0.0020030765952666367,2b683c0977d45a23,0.010550654053823272,122.4893514836803,4,0.8690495807956125,-3961744.0912890444,3349016.438552003,3698329.2458036686,0.3893542994860452,0.43297191753873576,1,0.07788553375647665,8,0.3494655426774782,0.9103814592325832,0.1818554478722187,1,1.4985548133000424,0.3761375020770816,0.004831493799697621,3,1.7905360855047447,1.8299012224984224,0.5419150864236444,0.8512266969870519,nan,nan,0,0.3761080287232142,0,2c35f8a994ccb8de,126,5.656350993156469,8,0,0,0,nan,-1,0,0
179,177035.79999899864,-3961743.7542611514,3349016.2322656102,3698329.17682438,0,0,0,0,0,1,1,1.790634383440953,1.8300148437068782,1.010019981282616,27,4,0.005467485871005627,0.5355858709902067,1.501346393402668,0,,0.0,0.0,0,nan,1,0,,1,0.0022212575618301375,2b683c0977d45a23,0.010418571323952925,122.82565113703268,5,0.8643344057653765,-3961744.077422451,3349016.4337156117,3698329.2568712374,0.3891308624745223,0.43310324339667877,1,0.07716038125192337,8,0.3495765839452629,0.9057217604983043,0.17436447778105818,1,1.5013140118427089,0.3761627210068775,0.004831514359473361,3,1.7906052744738679,1.8299939713747788,0.5355858709902067,0.8683826191476357,nan,nan,0,0.37613324520558605,0,2c35f8a994ccb8de,126,5.655708639946131,8,0,0,0,nan,-1,0,0
180,177036.0,-3961743.725734428,3349016.258720939,3698329.222782742,0,0,0,0,0,1,1,1.8096814270858883,1.8422691506275295,0.9888990590349286,28,0,0.00708728695303453,0.5557949701162458,1.5083870586981236,0,,0.0,0.0,0,nan,1,1,G12,1,0.0023875712869651246,298414addf935e0d,0.014184377768138561,108.94746635773903,6,1.847402510867131,-3961744.172351438,3349017.300872309,3698329.8445429695,1.2931094354421215,0.9906317559061925,0,0.05965092871632746,5,0.3569550016723333,1.881947774580076,0.1710786530380853,1,1.5083817323016875,0.4335488448259726,0.001954029492965408,3,1.8096766687827146,1.8422656251473912,0.5557949701162458,0.8017504793498796,0.00708728695303453,0.056770759662338355,0,0.4335432915331339,0,2c35f8a994ccb8de,128,4.6091601246098834,8,12,1,64,0.17769897229032952,1,28,24
181,177036.20000004768,-3961743.6696834313,3349016.2758727395,3698329.273347234,0,0,0,0,0,1,1,1.8093300728978943,1.8464495074204854,0.9860851304021611,28,1,0.00708728695303453,0.5491233771591321,1.512358643988794,0,,0.0,0.0,0,nan,1,0,,1,0.004174023424779952,46aec38c70b2530f,0.030793275764629962,55.4999006211234,7,0.9604600130513367,-3961744.276206949,3349016.3786155256,3698329.1453768658,0.6283337270199233,0.6072821815402422,0,0.0806290254965041,6,0.23052452218751296,0.9600292834022296,0.151355964055396,1,1.5123532241160553,0.45548798548047925,0.001959227437731446,3,1.8093252894264222,1.846445928093279,0.5491233771591321,0.8088999939232865,nan,nan,0,0.4554821173625305,0,2c35f8a994ccb8de,128,4.2024580809807555,8,0,0,0,nan,-1,0,0
182,177036.39999890327,-3961743.564617463,3349016.3087050207,3698329.367857883,0,0,0,0,0,1,1,1.809034265558028,1.8483949614499904,0.9829386070675705,28,2,0.00708728695303453,0.5450301390105392,1.5115019884113563,0,,0.0,0.0,0,nan,1,0,,1,0.003661763378270312,46aec38c70b2530f,0.0312895961436896,53.164045339266266,8,0.9633678155038881,-3961744.16196014,3349016.4142591255,3698329.2481465572,0.6182966474971037,0.6027256950135885,0,0.08047075063843355,5,0.21860976626294634,0.9625657240240098,0.1398995007539558,1,1.5114965233949984,0.4562655531499551,0.0019591884101730376,3,1.8090294814736354,1.8483913664156009,0.5450301390105392,0.8240666921201162,nan,nan,0,0.45625967318616256,0,2c35f8a994ccb8de,128,4.189505824124244,8,0,0,0,nan,-1,0,0
183,177036.59999990463,-3961743.4004948135,3349016.3539632065,3698329.5079872655,0,0,0,0,0,1,1,1.8089782598683066,1.848984486599601,0.9745025374374905,28,3,0.00708728695303453,0.5389270059375947,1.5062094927454126,0,,0.0,0.0,0,nan,1,0,,1,0.004136285683199315,46aec38c70b2530f,0.030712241228143165,54.077988916952954,9,0.962907235179557,-3961743.9937432907,3349016.460403793,3698329.391525994,0.6138701669757411,0.6007033087265055,0,0.07981247981679108,5,0.220144332347895,0.9609530038042045,0.13384727548652867,1,1.5062040058152562,0.45607839503474007,0.001958958982430203,3,1.8089734773349448,1.8489808865609587,0.5389270059375947,0.8411303744089135,nan,nan,0,0.4560725180255787,0,2c35f8a994ccb8de,128,4.192573523509457,8,0,0,0,nan,-1,0,0
184,177036.79999899864,-3961743.1718178573,3349016.4376456877,3698329.6946662846,0,0,0,0,0,1,1,1.8089280126039753,1.8492357204020111,0.9836196111904312,28,4,0.00708728695303453,0.550890230563297,1.496635616439724,0,,0.0,0.0,0,nan,1,0,,1,0.005030299393784431,46aec38c70b2530f,0.02956720166623889,57.28529785121742,10,0.966245379192825,-3961743.7635730044,3349016.544860583,3698329.5793435834,0.6123467263249112,0.5998515390123083,0,0.07778322264569736,5,0.22473728616258615,0.9643648293516351,0.14917368087116398,1,1.4966301443431775,0.4559554182377628,0.001958857857688926,3,1.8089232310284635,1.849232119587348,0.550890230563297,0.8584880785194697,nan,nan,0,0.45594954315108915,0,2c35f8a994ccb8de,128,4.1945969880054,8,0,0,0,nan,-1,0,0
185,177037.0,-3961742.9366744114,3349016.5289396835,3698329.877214439,0,0,0,0,0,1,1,1.8176550487277099,1.8683144863725012,0.9961851666663643,29,0,0.00735960498979418,0.5647253203642034,1.504111277142377,0,,0.0,0.0,0,nan,1,1,G04,1,0.006899137400102685,2b683c0977d45a23,0.01017402733514452,123.46044395470565,1,0.8823046247022758,-3961743.238009434,3349016.73524556,3698329.9459880083,0.3716109718325793,0.3487590636540782,1,0.07898706811122785,8,0.346738814788493,0.9165405535062178,0.1711996044305169,1,1.5041107045103672,0.519883057645044,0.000639687605286097,3,1.8176545381724851,1.8683141146401012,0.5647253203642034,0.7910285264876867,0.00735960498979418,0.09337656572435732,0,0.5198823442092951,0,2c35f8a994ccb8de,128,3.395827015159198,8,12,1,64,0.1763883995541125,1,29,24
186,177037.20000004768,-3961742.7298444603,3349016.6004748135,3698330.0465460164,0,0,0,0,0,1,1,1.8176935358978674,1.868715451884226,0.9927329457290293,29,1,0.00735960498979418,0.5633447772057135,1.5023149009060979,0,,0.0,0.0,0,nan,1,0,,1,0.005764038576227666,2b683c0977d45a23,0.01198915643248071,116.461063438142,2,0.8793101236160946,-3961743.020981273,3349016.8062123777,3698330.120909363,0.3641682255329778,0.34819765077931597,1,0.08379072140964267,8,0.34349663198957964,0.9223426624343536,0.16724954557658067,1,1.502314324162511,0.547092306514817,0.0006412741680592353,3,1.8176930231894661,1.8687150763194076,0.5633447772057135,0.7982742320408088,nan,nan,0,0.5470915519168169,0,2c35f8a994ccb8de,128,3.0801995372191335,8,0,0,0,nan,-1,0,0
187,177037.39999890327,-3961742.5093155443,3349016.6689706855,3698330.2157250927,0,0,0,0,0,1,1,1.8178203718208437,1.8681899389930163,0.9926479627956606,29,2,0.00735960498979418,0.5642188595704977,1.5015493066157215,0,,0.0,0.0,0,nan,1,0,,1,0.004808194681674572,2b683c0977d45a23,0.0117766465964081,117.50644765259295,3,0.8781301901340486,-3961742.7979938816,3349016.8740105564,3698330.290087988,0.3618098552369237,0.3477680229457584,1,0.08271589469939873,8,0.3432065057354657,0.9212884742359876,0.16850862015504403,1,1.501548729691491,0.5488404291334383,0.0006414374282065574,3,1.8178198588552748,1.8681895635174037,0.5642188595704977,0.8136390616196314,nan,nan,0,0.54883967172251,0,2c35f8a994ccb8de,128,3.061934597830498,8,0,0,0,nan,-1,0,0
188,177037.59999990463,-3961742.2889427096,3349016.7472789083,3698330.3890173123,0,0,0,0,0,1,1,1.817722703724055,1.8683927174278079,0.9999379434526245,29,3,0.00735960498979418,0.570994143774782,1.4990691371422618,0,,0.0,0.0,0,nan,1,0,,1,0.006643194471673961,2b683c0977d45a23,0.011575498781855716,118.46425442849953,4,0.8857840810716813,-3961742.577037389,3349016.952865384,3698330.463947225,0.36177179975729806,0.3475558999232221,1,0.08169542767393458,8,0.34319026310973927,0.928578540761466,0.17107321070069592,1,1.4990685591036865,0.5490158952460283,0.0006414528447979758,3,1.8177221911678345,1.8683923424236435,0.570994143774782,0.8309169231939536,nan,nan,0,0.5490151375488126,0,2c35f8a994ccb8de,128,3.0601149625992825,8,0,0,0,nan,-1,0,0
189,177037.79999899864,-3961742.0554702403,3349016.8293448235,3698330.575844756,0,0,0,0,0,1,1,1.8177044411450387,1.8684604379567733,1.0103756058435664,29,4,0.00735960498979418,0.5817960733274193,1.49535256300217,0,,0.0,0.0,0,nan,1,0,,1,0.00550857819993394,2b683c0977d45a23,0.011388595235946769,119.32879262780759,5,0.8963609454672838,-3961742.3431122173,3349017.0349778393,3698330.651119425,0.3615095018390902,0.3475333605084149,1,0.08073359182230604,8,0.3432215134012138,0.9387519355292889,0.17795014844191565,1,1.4953519834521884,0.5490219838191882,0.0006414506077141099,3,1.8177039281062837,1.86846006236497,0.5817960733274193,0.8484835959823812,nan,nan,0,0.5490212261111989,0,2c35f8a994ccb8de,128,3.0600529116985316,8,0,0,0,nan,-1,0,0
190,177038.0,-3961741.815853453,3349016.91377447,3698330.775745804,0,0,0,0,0,1,1,1.8455241346954792,1.962692820027149,1.1482273317359337,30,0,0.0535350282266498,0.5987190461458085,1.4996985507121052,0,,0.0,0.0,0,nan,1,1,G03,1,0.00579660341874466,76beb349540a5ddc,0.053446736010031824,32.74767707112259,6,1.5572475978755593,-3961742.228258917,3349017.856310801,3698330.732878677,1.0297041290095916,0.4121620119752083,0,0.06115841296457835,5,0.12957011636690385,1.5607204380770288,0.16570569293499612,1,1.49967902135376,0.586979958871885,0.0018446574161422626,3,1.845529181174742,1.962723602745581,0.5987190461458085,0.7793002072838631,0.0535350282266498,0.08015014840895782,0,0.5854053535683771,0,2c35f8a994ccb8de,128,2.7386203905350888,8,12,1,64,0.16570569293499612,2,30,25
191,177038.20000004768,-3961741.60977278,3349017.0382939107,3698331.0031251237,0,0,0,0,0,1,1,1.8361099652702808,1.9889323787942457,1.188343100104927,30,1,0.0535350282266498,0.6002799763014312,1.50394722461521,0,,0.0,0.0,0,nan,1,0,,1,0.005859752091393947,e242eb6de966c71c,0.06767994862695066,42.17755230866624,1,1.213650009351107,-3961741.4151035505,3349017.687562901,3698331.1157288128,0.6871141983388016,0.49591673584884277,0,0.10417863289562407,6,0.13817635059594793,1.2256531071148875,0.18555103580632312,1,1.5039109949956786,0.6065092429592485,0.0012546743795694162,3,1.836073700294731,1.9888987440183525,0.6002799763014312,0.7866536561447703,nan,nan,0,0.6058036061715616,0,2c35f8a994ccb8de,128,2.557605385908727,8,0,0,0,nan,-1,0,0
192,177038.39999890327,-3961741.3967623864,3349017.113940174,3698331.171483373,0,0,0,0,0,1,1,1.8389684099672825,1.980123762635156,1.188954805239321,30,2,0.0535350282266498,0.6119565077419061,1.5014790947797527,0,,0.0,0.0,0,nan,1,0,,1,0.006707626252564394,e242eb6de966c71c,0.06604349455159249,45.04212037592319,2,1.2133247786364867,-3961741.2015837654,3349017.754958392,3698331.273259476,0.6777591201222914,0.49328543819512777,0,0.10175763290222403,6,0.14712785697699968,1.2282327404246798,0.19173027342118992,1,1.5014566698353227,0.6099642652247053,0.0009905015307681998,3,1.8389476769599704,1.9801056157934194,0.6119565077419061,0.8022410089082244,nan,nan,0,0.6094100339212463,0,2c35f8a994ccb8de,128,2.5274372042733626,8,0,0,0,nan,-1,0,0
193,177038.59999990463,-3961741.1291602426,3349017.1108824294,3698331.2849191,0,0,0,0,0,1,1,1.8396504215735943,1.9782953554539844,1.1681626107597531,30,3,0.0535350282266498,0.5929755034787683,1.5074212260326223,0,,0.0,0.0,0,nan,1,0,,1,0.005808213881761351,e242eb6de966c71c,0.0626607008775957,48.11723748088694,3,1.1916217048393933,-3961740.932317324,3349017.749384338,3698331.3852028945,0.6756394462994334,0.4932694930769968,0,0.09869717069097597,6,0.15531105036198953,1.2080686318576919,0.17944715434705572,1,1.507400449163646,0.6104217982226493,0.0009513805552001816,3,1.8396317828725686,1.9782797172107702,0.5929755034787683,0.8197591204193401,nan,nan,0,0.6098872406477349,0,2c35f8a994ccb8de,128,2.5234885445707302,8,0,0,0,nan,-1,0,0
194,177038.79999899864,-3961740.917434542,3349017.2209056164,3698331.519612379,0,0,0,0,0,1,1,1.8391549749653582,1.979681855007922,1.1855643368275104,30,4,0.0535350282266498,0.6097295927297351,1.4995972933543638,0,,0.0,0.0,0,nan,1,0,,1,0.007547402567871211,e242eb6de966c71c,0.057814202669164066,51.335644870289215,4,1.210036254381402,-3961740.7221144564,3349017.862062165,3698331.6225663484,0.6781085278478787,0.4932470136587629,0,0.09359354552251392,6,0.1642222654127995,1.2269367865099798,0.1886120832140241,1,1.4995743557746168,0.6102438416717637,0.0009988273430915893,3,1.8391335863403264,1.9796630823048613,0.6097295927297351,0.8375598398037928,nan,nan,0,0.609701536054403,0,2c35f8a994ccb8de,128,2.5250264705378096,8,0,0,0,nan,-1,0,0
195,177039.0,-3961740.71774178,3349017.2967893356,3698331.7103906367,0,0,0,0,0,1,1,1.875009662897372,2.0292121151365086,1.2342336318826246,29,0,0.02585130511644958,0.628362349962948,1.5062118846741686,0,,0.0,0.0,0,nan,1,1,G03,1,0.009593819992159847,23a19febf196e423,0.1455890137593425,19.380999783365265,1,1.2089851948923245,-3961740.49117022,3349017.9325617435,3698331.8020802634,0.681137441458558,0.5164734874481391,0,0.14897956129564097,5,0.059160882616405105,1.2065529734356248,0.1504202624158663,1,1.5062196964232675,0.6260572293777293,0.0016880595325607952,3,1.8750353694317308,2.029254709105665,0.628362349962948,0.7683859006259849,0.02585130511644958,0.12089925376947484,0,0.6250749101277864,0,2c35f8a994ccb8de,128,2.4263508489145535,8,12,1,64,0.15000278835159037,4,29,25
196,177039.20000004768,-3961740.4815275623,3349017.3625777382,3698331.896852877,0,0,0,0,0,1,1,1.874426615994609,2.033843494141213,1.2340719545915972,29,1,0.02585130511644958,0.6215011257362157,1.5114880892843903,0,,0.0,0.0,0,nan,1,0,,1,0.009187165095069363,23a19febf196e423,0.1384048311876448,21.223255059183504,2,1.2043981637540289,-3961740.2548572277,3349017.999867012,3698331.989179887,0.6826722020991999,0.5123063005314501,0,0.14327820167181873,5,0.07195173146050414,1.2009894104481085,0.15330547642612918,1,1.5114924647931318,0.6533476524366648,0.0013219218134452129,3,1.8744391343634446,2.0338640235837686,0.6215011257362157,0.7758374522844911,nan,nan,0,0.6529172792650452,0,2c35f8a994ccb8de,128,2.224102295624003,8,0,0,0,nan,-1,0,0
197,177039.39999890327,-3961740.2546837153,3349017.451514244,3698332.0995440306,0,0,0,0,0,1,1,1.873872050256301,2.035821087538889,1.2510970810622009,29,2,0.02585130511644958,0.634619368962893,1.5069203716112347,0,,0.0,0.0,0,nan,1,0,,1,0.008327941643175504,23a19febf196e423,0.13186565628775218,23.10441198220174,3,1.2152288035918586,-3961740.028321715,3349018.089562371,3698332.1922984575,0.6833363381216195,0.5127613746910592,0,0.1380494545200758,5,0.08228411448021856,1.2109217473371219,0.15199803411965562,1,1.5069236266329005,0.6544419205643583,0.001281064296777483,3,1.8738828472293563,2.0358391725943035,0.634619368962893,0.7916363833505338,nan,nan,0,0.6540341842637474,0,2c35f8a994ccb8de,128,2.216515740412511,8,0,0,0,nan,-1,0,0
198,177039.59999990463,-3961739.994978162,3349017.551311879,3698332.317869564,0,0,0,0,0,1,1,1.8739317540694551,2.0359409658903074,1.2746555160998143,29,3,0.02585130511644958,0.6540620510873953,1.5115327792732671,0,,0.0,0.0,0,nan,1,0,,1,0.010527356386777754,23a19febf196e423,0.12342369134691242,25.94552192790512,4,1.2356124871042506,-3961739.7685081917,3349018.1893907217,3698332.410608544,0.6833986943624942,0.5114784235422161,0,0.1315044962666419,5,0.09625332485566723,1.229796292213318,0.1561656160468912,1,1.5115354357799442,0.6545253648716707,0.001281998520209895,3,1.8739422651693323,2.0359587832697357,0.6540620510873953,0.8093836479328634,nan,nan,0,0.6541193093782289,0,2c35f8a994ccb8de,128,2.215940301940607,8,0,0,0,nan,-1,0,0
199,177039.79999899864,-3961739.7122166264,3349017.6649134234,3698332.5943709477,0,0,0,0,0,1,1,1.8738416734569232,2.036327822976163,1.3098761749451464,29,4,0.02585130511644958,0.691394200768105,1.49377690375309,0,,0.0,0.0,0,nan,1,0,,1,0.007487612632365495,23a19febf196e423,0.10506041302800755,34.143764055923874,5,1.265759867206441,-3961739.4857757557,3349018.3030640674,3698332.6871904745,0.6834670269515284,0.5109911127944736,0,0.11773241832359871,5,0.1270231563412381,1.2555709926638297,0.17179456310347815,1,1.4937785753741386,0.6545063952883894,0.0012834693976011018,3,1.8738517464433555,2.0363452526010555,0.691394200768105,0.8274074919419376,nan,nan,0,0.6541000286203471,0,2c35f8a994ccb8de,128,2.2160708771899857,8,0,0,0,nan,-1,0,0
