epoch,tow,ecef_x,ecef_y,ecef_z,fix,gamma_fixed,consistency_pass,float_consistency_pass,ddpr_consistency_pass,ddpr_support_pass,ddpr_freshness_pass,map_float_separation_m,map_ddpr_separation_m,ddpr_guard_error_m,last_ddpr_pairs,ddpr_age_epochs,last_ddpr_nis,output_error_m,map_error_m,temporal_lineage_enabled,temporal_map_assignment_id,temporal_gamma,temporal_ess,temporal_dwell_epochs,temporal_map_error_m,integrity_lineage_enabled,integrity_anchor_available,integrity_excluded_satellite,integrity_tdcp_available,integrity_tdcp_postfit_rms_m,integrity_map_assignment_id,integrity_gamma,integrity_ess,integrity_dwell_epochs,integrity_map_error_m,integrity_map_ecef_x,integrity_map_ecef_y,integrity_map_ecef_z,integrity_map_float_separation_m,integrity_map_ddpr_separation_m,integrity_guard_pass,integrity_position_ball_gamma,integrity_position_ball_members,integrity_position_ball_spread_m,integrity_position_ball_error_m,basin_oracle_min_error_m,basin_oracle_sub50cm_available,position_cluster_error_m,position_cluster_gamma,position_cluster_spread_m,position_cluster_members,position_cluster_float_separation_m,position_cluster_ddpr_separation_m,float_error_m,float_position_sigma_m,dd_pr_nis,dd_cp_nis,ambiguities_reset,gamma,fix_streak,map_assignment_id,n_basins,basin_ess,map_n_ambiguities,n_candidates_born,respawn_triggered,n_respawn_candidates_born,n_respawn_position_seeds,n_respawn_history_seeds,n_respawn_assignment_candidates,respawn_oracle_min_error_m,respawn_oracle_rank,completion_shadow_candidates,completion_shadow_oracle_min_error_m,position_shadow_candidates,position_shadow_oracle_min_error_m,subset_shadow_candidates,subset_shadow_oracle_min_error_m,respawn_excluded_satellite,n_dd_pr,n_dd_cp
0,553800.0,-3811466.693664207,3566805.2211901695,3652668.9111347175,0,0,0,0,0,1,1,2.2807246951232343,2.318489096106827,3.2894435773932713,18,0,0.08822792079773784,3.0558360247270064,3.445061071959801,0,,0.0,0.0,0,nan,0,0,,0,nan,,0.0,0.0,0,nan,nan,nan,nan,nan,nan,0,0.0,0,nan,nan,0.6905407999360933,0,3.445061071959801,0.08072916666666667,0.0,1,2.2807246951232343,2.318489096106827,3.0558360247270064,5.592639952376013,0.08822792079773784,0.02210678010972702,0,0.08072916666666667,0,5b857f9f29778b93,32,12.778702163061563,8,12,1,32,1,0,0,0.6901279228386981,10,0,nan,0,nan,0,nan,,18,17
1,553800.2000000477,-3811466.7043680125,3566805.2303698813,3652668.917540918,0,0,0,0,0,1,1,2.277488888100524,2.3141331037193327,3.303230346751093,18,1,0.08822792079773784,3.069661387013538,3.4594083160030347,0,,0.0,0.0,0,nan,0,0,,0,nan,,0.0,0.0,0,nan,nan,nan,nan,nan,nan,0,0.0,0,nan,nan,0.6863089815333416,0,3.4594083160030347,0.08072916666666667,0.0,1,2.277488888100524,2.3141331037193327,3.069661387013538,5.593979167573447,nan,nan,0,0.08072916666666667,0,5b857f9f29778b93,32,12.778702163061563,8,0,0,0,0,0,0,nan,-1,0,nan,0,nan,0,nan,,0,0
2,553800.4000000954,-3811466.7189359865,3566805.2446287237,3652668.9324123603,0,0,0,0,0,1,1,2.277128237589655,2.3135705897012917,3.327614176726829,18,2,0.08822792079773784,3.094081993370175,3.475613969236647,0,,0.0,0.0,0,nan,0,0,,0,nan,,0.0,0.0,0,nan,nan,nan,nan,nan,nan,0,0.0,0,nan,nan,0.682306458619883,0,3.475613969236647,0.08072916666666667,0.0,1,2.277128237589655,2.3135705897012917,3.094081993370175,5.596357313446614,nan,nan,0,0.08072916666666667,0,5b857f9f29778b93,32,12.778702163061563,8,0,0,0,0,0,0,nan,-1,0,nan,0,nan,0,nan,,0,0
3,553800.5999999046,-3811466.7297525406,3566805.2565932283,3652668.9432305964,0,0,0,0,0,1,1,2.2770303930510964,2.3134329779177984,3.3462107675928867,18,3,0.08822792079773784,3.1127126119283113,3.486683566696081,0,,0.0,0.0,0,nan,0,0,,0,nan,,0.0,0.0,0,nan,nan,nan,nan,nan,nan,0,0.0,0,nan,nan,0.681451192108008,0,3.486683566696081,0.08072916666666667,0.0,1,2.2770303930510964,2.3134329779177984,3.1127126119283113,5.598949005651086,nan,nan,0,0.08072916666666667,0,5b857f9f29778b93,32,12.778702163061563,8,0,0,0,0,0,0,nan,-1,0,nan,0,nan,0,nan,,0,0
4,553800.7999999523,-3811466.744267113,3566805.269113487,3652668.957473204,0,0,0,0,0,1,1,2.2769573673609487,2.3133322511815133,3.3692803897087065,18,4,0.08822792079773784,3.1358149569928515,3.5010272917140774,0,,0.0,0.0,0,nan,0,0,,0,nan,,0.0,0.0,0,nan,nan,nan,nan,nan,nan,0,0.0,0,nan,nan,0.6784984237560375,0,3.5010272917140774,0.08072916666666667,0.0,1,2.2769573673609487,2.3133322511815133,3.1358149569928515,5.601600082987624,nan,nan,0,0.08072916666666667,0,5b857f9f29778b93,32,12.778702163061563,8,0,0,0,0,0,0,nan,-1,0,nan,0,nan,0,nan,,0,0
5,553801.0,-3811466.9368616007,3566805.2810216984,3652668.5074501694,0,0,0,0,0,1,1,2.3168154949227096,2.16779107830686,3.06684737130577,18,0,0.03619621658262093,2.9079889661919456,5.195549334356196,0,,0.0,0.0,0,nan,0,0,,0,nan,,0.0,0.0,0,nan,nan,nan,nan,nan,nan,0,0.0,0,nan,nan,0.7261394499208791,0,5.195373472715119,0.1647523518423071,0.02129438998327467,2,2.316699768993304,2.16773544132814,2.9079889661919456,4.501492370248857,0.03619621658262093,3.1660466738236344,0,0.1644398518423071,0,88c65eb697abea09,193,10.74793560214273,8,12,1,320,9,8,32,0.7611313232783544,47,0,nan,0,nan,0,nan,,18,17
6,553801.199999094,-3811466.943173036,3566805.2829087083,3652668.510097194,0,0,0,0,0,1,1,2.3288911727325585,2.1844784297112696,3.0684249955277783,18,1,0.03619621658262093,2.9140634395128653,5.214224121205395,0,,0.0,0.0,0,nan,0,0,,0,nan,,0.0,0.0,0,nan,nan,nan,nan,nan,nan,0,0.0,0,nan,nan,0.7352939725673118,0,5.214152882445789,0.17175618068739135,0.012528278598626005,2,2.3288406631512952,2.184447221796819,2.9140634395128653,4.502767777265328,nan,nan,0,0.17164655395111525,0,88c65eb697abea09,193,9.888372006104639,8,0,0,0,0,0,0,nan,-1,0,nan,0,nan,0,nan,,0,0
7,553801.3999989033,-3811466.946169016,3566805.286060807,3652668.511625461,0,0,0,0,0,1,1,2.3323853498219718,2.1886701222097598,3.0717992484845156,18,2,0.03619621658262093,2.9183103719055286,5.222048480980951,0,,0.0,0.0,0,nan,0,0,,0,nan,,0.0,0.0,0,nan,nan,nan,nan,nan,nan,0,0.0,0,nan,nan,0.7402487191966794,0,5.221980154607098,0.17210409172633845,0.01208586136515966,2,2.332336268883095,2.1886385871167655,2.9183103719055286,4.50551780653807,nan,nan,0,0.17200267897764465,0,88c65eb697abea09,193,9.84967995912596,8,0,0,0,0,0,0,nan,-1,0,nan,0,nan,0,nan,,0,0
8,553801.5999999046,-3811466.9486808027,3566805.286849198,3652668.513592462,0,0,0,0,0,1,1,2.3333715058176887,2.189937220664646,3.0738302970372007,18,3,0.03619621658262093,2.9206910900352514,5.225330524341147,0,,0.0,0.0,0,nan,0,0,,0,nan,,0.0,0.0,0,nan,nan,nan,nan,nan,nan,0,0.0,0,nan,nan,0.741459823663843,0,5.225261808290237,0.17213617621779892,0.01204976691187069,2,2.33332197522646,2.1899050335017085,2.9206910900352514,4.508670296585049,nan,nan,0,0.1720355163561748,0,88c65eb697abea09,193,9.846149713191425,8,0,0,0,0,0,0,nan,-1,0,nan,0,nan,0,nan,,0,0
9,553801.7999999523,-3811466.9503314686,3566805.2865787297,3652668.5142038413,0,0,0,0,0,1,1,2.333678148435687,2.1903317093400925,3.0748751962741196,18,4,0.03619621658262093,2.9218277684509317,5.226686568916969,0,,0.0,0.0,0,nan,0,0,,0,nan,,0.0,0.0,0,nan,nan,nan,nan,nan,nan,0,0.0,0,nan,nan,0.7412838228851525,0,5.226617556285653,0.17213902095826078,0.01204964279630374,2,2.3336283888679987,2.190299261565023,2.9218277684509317,4.5119408764961015,nan,nan,0,0.17203842976465605,0,88c65eb697abea09,193,9.845838847975461,8,0,0,0,0,0,0,nan,-1,0,nan,0,nan,0,nan,,0,0
10,553802.0,-3811467.108242471,3566805.588651914,3652667.7996094953,0,0,0,0,0,1,1,2.739153867723953,1.7549650196996591,2.752803433053683,18,0,0.046176996803574594,2.787643238761087,2.539269612151208,0,,0.0,0.0,0,nan,0,0,,0,nan,,0.0,0.0,0,nan,nan,nan,nan,nan,nan,0,0.0,0,nan,nan,0.4084945331117679,1,2.5553431901887125,0.07325245776909359,0.11078056426469463,3,2.7574525930750715,1.7713942376129967,2.787643238761087,3.871270358899591,0.046176996803574594,9.477003009138702,0,0.07053131006733442,0,e66bb176ec095c56,370,45.56917520571261,8,12,1,416,9,8,128,0.2795902720162745,99,0,nan,0,nan,0,nan,,18,17
11,553802.2000000477,-3811467.1168671288,3566805.5932573597,3652667.807037842,0,0,0,0,1,1,1,2.7315905154575537,1.7437445080542089,2.7568795700474764,18,1,0.046176996803574594,2.7992336434849636,2.550134212894599,0,,0.0,0.0,0,nan,0,0,,0,nan,,0.0,0.0,0,nan,nan,nan,nan,nan,nan,0,0.0,0,nan,nan,0.3951081348363578,1,2.565078266063137,0.07704291283495436,0.10924748817015391,3,2.7491321843776735,1.7597105160052473,2.7992336434849636,3.872751816434111,nan,nan,0,0.07442025865113644,0,e66bb176ec095c56,370,41.5965344713956,8,0,0,0,0,0,0,nan,-1,0,nan,0,nan,0,nan,,0,0
12,553802.3999989033,-3811467.1156772557,3566805.5935875596,3652667.8073552107,0,0,0,0,1,1,1,2.72990027218171,1.7405712795128356,2.75279174445856,18,2,0.046176996803574594,2.7984202360446475,2.5495901541794184,0,,0.0,0.0,0,nan,0,0,,0,nan,,0.0,0.0,0,nan,nan,nan,nan,nan,nan,0,0.0,0,nan,nan,0.3952527024475188,1,2.564488641278445,0.07728600037806452,0.10919882802281011,3,2.7474246009428724,1.7565526762511754,2.7984202360446475,3.875946808143127,nan,nan,0,0.0746630647181264,0,e66bb176ec095c56,370,41.38367553778902,8,0,0,0,0,0,0,nan,-1,0,nan,0,nan,0,nan,,0,0
13,553802.5999999046,-3811467.1215451485,3566805.594223698,3652667.8148330706,0,0,0,0,1,1,1,2.729326782886047,1.7397369205909288,2.761835492704452,18,3,0.046176996803574594,2.806213529699768,2.559189387944745,0,,0.0,0.0,0,nan,0,0,,0,nan,,0.0,0.0,0,nan,nan,nan,nan,nan,nan,0,0.0,0,nan,nan,0.3877658839028286,1,2.574068775617133,0.07731674169642078,0.10919453489745502,3,2.746850861477505,1.7557230170422613,2.806213529699768,3.879610208024698,nan,nan,0,0.07469375247984263,0,e66bb176ec095c56,370,41.35693663670982,8,0,0,0,0,0,0,nan,-1,0,nan,0,nan,0,nan,,0,0
14,553802.7999989986,-3811467.116370178,3566805.592753338,3652667.8157646162,0,0,0,0,1,1,1,2.7291771650142165,1.7394543194735077,2.75928551563088,18,4,0.046176996803574594,2.8025256514549035,2.5593213561549897,0,,0.0,0.0,0,nan,0,0,,0,nan,,0.0,0.0,0,nan,nan,nan,nan,nan,nan,0,0.0,0,nan,nan,0.38841495278937355,1,2.574211152444245,0.07731763053182365,0.10919401909274881,3,2.7467019566389195,1.755443686462736,2.8025256514549035,3.883410359678399,nan,nan,0,0.07469463238050521,0,e66bb176ec095c56,370,41.356190925375465,8,0,0,0,0,0,0,nan,-1,0,nan,0,nan,0,nan,,0,0
15,553803.0,-3811467.4750908157,3566806.067215958,3652666.8251926755,0,0,0,0,0,1,1,4.253088408131369,3.1481541318661157,2.6867900666417883,18,0,0.052747126368075915,3.105797010015602,5.757176558396342,0,,0.0,0.0,0,nan,0,0,,0,nan,,0.0,0.0,0,nan,nan,nan,nan,nan,nan,0,0.0,0,nan,nan,0.4538629500487696,1,3.331367601177632,0.06376199055329054,0.16641299103947554,2,4.2296643594176,1.9859659365772393,3.105797010015602,3.446529888958384,0.052747126368075915,19.23047039825005,0,0.04519123502693382,0,eea7295143f6fc6b,512,65.51633383660777,8,12,1,416,9,8,128,0.4557065300638294,125,0,nan,0,nan,0,nan,,18,17
16,553803.2000000477,-3811467.48701839,3566806.0741598764,3652666.835594138,0,0,0,0,0,1,1,4.2553924142686315,3.1631641533980726,2.6932109336103984,18,1,0.052747126368075915,3.119802368110178,5.779865557897608,0,,0.0,0.0,0,nan,0,0,,0,nan,,0.0,0.0,0,nan,nan,nan,nan,nan,nan,0,0.0,0,nan,nan,0.4594286030360762,1,3.343464875999018,0.06652826902193602,0.16613549858465615,2,4.222811520359818,1.9763775652807456,3.119802368110178,3.4481955702239153,nan,nan,0,0.04736902651034602,0,eea7295143f6fc6b,512,60.550012882309495,8,0,0,0,0,0,0,nan,-1,0,nan,0,nan,0,nan,,0,0
17,553803.3999989033,-3811467.4909215695,3566806.077141064,3652666.8399957465,0,0,0,0,0,1,1,4.256150635186915,3.1669012993989964,2.6974381539937564,18,2,0.052747126368075915,3.125009995011446,5.788100882151894,0,,0.0,0.0,0,nan,0,0,,0,nan,,0.0,0.0,0,nan,nan,nan,nan,nan,nan,0,0.0,0,nan,nan,0.46245815480596003,1,3.348665889074702,0.06666612378884235,0.1661155325718157,2,4.221295335433885,1.9740537014797983,3.125009995011446,3.451783951486298,nan,nan,0,0.047489176996994516,0,eea7295143f6fc6b,512,60.323306076736735,8,0,0,0,0,0,0,nan,-1,0,nan,0,nan,0,nan,,0,0
18,553803.5999999046,-3811467.4922913876,3566806.0785539644,3652666.8408402093,0,0,0,0,0,1,1,4.256382330889138,3.1680270471281258,2.6986596699223018,18,3,0.052747126368075915,3.127045929572931,5.790560031873344,0,,0.0,0.0,0,nan,0,0,,0,nan,,0.0,0.0,0,nan,nan,nan,nan,nan,nan,0,0.0,0,nan,nan,0.46357242033983725,1,3.349815223007717,0.06668018972641412,0.16611441706587948,2,4.22087499137156,1.9734634756001108,3.127045929572931,3.4558971212947447,nan,nan,0,0.04750127688224284,0,eea7295143f6fc6b,512,60.30194127042421,8,0,0,0,0,0,0,nan,-1,0,nan,0,nan,0,nan,,0,0
19,553803.7999989986,-3811467.493717931,3566806.0821427926,3652666.841862358,0,0,0,0,0,1,1,4.25647015927477,3.1683513319739203,2.70156110159452,18,4,0.052747126368075915,3.1307497522122483,5.7940323732865,0,,0.0,0.0,0,nan,0,0,,0,nan,,0.0,0.0,0,nan,nan,nan,nan,nan,nan,0,0.0,0,nan,nan,0.4662071340942495,1,3.351219517503784,0.06668138700827778,0.16611450741657235,2,4.22074658783825,1.9732856943614163,3.1307497522122483,3.4601626839851276,nan,nan,0,0.047502418512499506,0,eea7295143f6fc6b,512,60.29942322813355,8,0,0,0,0,0,0,nan,-1,0,nan,0,nan,0,nan,,0,0
20,553804.0,-3811468.2512258226,3566807.127161279,3652666.0411167447,0,0,0,0,0,1,1,5.81421465544554,2.48879130869185,4.2342337806555,19,0,0.41380108143408434,4.432677198843442,3.8222122118659545,0,,0.0,0.0,0,nan,0,0,,0,nan,,0.0,0.0,0,nan,nan,nan,nan,nan,nan,0,0.0,0,nan,nan,0.22653228559001562,1,4.842329232950244,0.06223327965039851,0.3909787878299994,4,4.714357763037789,0.9798122585603836,4.432677198843442,3.1278257037825994,0.41380108143408434,31.3281035856981,0,0.05318009578742629,0,df592ade4d163c07,512,62.08164308092091,8,12,1,416,9,8,128,0.22797390428576378,66,0,nan,0,nan,0,nan,,19,17
21,553804.2000000477,-3811468.2762016263,3566807.1477124835,3652666.0704713147,0,0,0,0,0,1,1,5.8079553119099145,2.4667739489471177,4.260340552251378,19,1,0.41380108143408434,4.461016016307509,3.8612001233555437,0,,0.0,0.0,0,nan,0,0,,0,nan,,0.0,0.0,0,nan,nan,nan,nan,nan,nan,0,0.0,0,nan,nan,0.21916070658949138,1,4.890637545954807,0.06514576225616336,0.3913101158575159,4,4.711394000277192,0.9921188165868848,4.461016016307509,3.1296622776171215,nan,nan,0,0.05327283241175971,0,df592ade4d163c07,512,58.063895632553255,8,0,0,0,0,0,0,nan,-1,0,nan,0,nan,0,nan,,0,0
22,553804.4000000954,-3811468.3232041937,3566807.190374269,3652666.116779394,0,0,0,0,0,1,1,5.806278768066414,2.4651447932846797,4.341755494745182,19,2,0.41380108143408434,4.518888540953368,3.9204672663691427,0,,0.0,0.0,0,nan,0,0,,0,nan,,0.0,0.0,0,nan,nan,nan,nan,nan,nan,0,0.0,0,nan,nan,0.17608465364324463,1,4.970433468318631,0.06521276127535829,0.39134773198454986,4,4.711928469920809,0.9922548925233244,4.518888540953368,3.133615782308128,nan,nan,0,0.054043016546210104,0,df592ade4d163c07,512,57.592274184206666,8,0,0,0,0,0,0,nan,-1,0,nan,0,nan,0,nan,,0,0
23,553804.599998951,-3811468.384972638,3566807.249667508,3652666.178069575,0,0,0,0,0,1,1,5.805825005898461,2.4641620689132453,4.444964421550181,19,3,0.41380108143408434,4.598291171453807,3.995673766849651,0,,0.0,0.0,0,nan,0,0,,0,nan,,0.0,0.0,0,nan,nan,nan,nan,nan,nan,0,0.0,0,nan,nan,0.17177574764081605,1,5.071816147126606,0.0652165280144441,0.39135210639991924,4,4.711995803455407,0.9926760760142377,4.598291171453807,3.1381460194226714,nan,nan,0,0.05411394246425706,0,df592ade4d163c07,512,57.55215513123085,8,0,0,0,0,0,0,nan,-1,0,nan,0,nan,0,nan,,0,0
24,553804.7999989986,-3811468.4433766464,3566807.3058876065,3652666.23595854,0,0,0,0,0,1,1,5.805689045695342,2.4637670576798554,4.542244326854964,19,4,0.41380108143408434,4.674433012700302,4.067312019176815,0,,0.0,0.0,0,nan,0,0,,0,nan,,0.0,0.0,0,nan,nan,nan,nan,nan,nan,0,0.0,0,nan,nan,0.2199508334949946,1,5.1671282464114405,0.06521892826976611,0.39135234667972124,4,4.711990694887684,0.992871716524931,4.674433012700302,3.1428429254599144,nan,nan,0,0.05410711904003008,0,df592ade4d163c07,512,57.552676546592345,8,0,0,0,0,0,0,nan,-1,0,nan,0,nan,0,nan,,0,0
25,553805.0,-3811469.1430459116,3566808.378780037,3652665.242065848,0,0,0,0,0,1,1,7.601693034675952,2.453634046915972,5.576263921042656,19,0,0.45207347146779936,6.079049261901037,5.434516912887551,0,,0.0,0.0,0,nan,0,0,,0,nan,,0.0,0.0,0,nan,nan,nan,nan,nan,nan,0,0.0,0,nan,nan,0.46032564316447705,1,5.432444062743034,0.06837540696617202,0.06894348753765826,5,7.595280114800274,2.4468618109966713,6.079049261901037,2.8664917765706495,0.45207347146779936,34.1184370362641,2,0.0674815903878834,0,511ad5a717ba24e8,512,41.69957953962611,8,12,1,416,9,8,128,0.46032564316447705,78,0,nan,0,nan,0,nan,,19,17
26,553805.2000000477,-3811469.1998369913,3566808.4256508183,3652665.301046837,0,0,0,0,0,1,1,7.597949496427915,2.4480951301089307,5.685037985231231,19,1,0.45207347146779936,6.137242304290757,5.530801400035675,0,,0.0,0.0,0,nan,0,0,,0,nan,,0.0,0.0,0,nan,nan,nan,nan,nan,nan,0,0.0,0,nan,nan,0.465177075420838,1,5.5335336641357165,0.07154827087886392,0.058753253394801294,5,7.596641138207853,2.445337905044484,6.137242304290757,2.8685097516386144,nan,nan,0,0.07082822952875195,0,511ad5a717ba24e8,512,38.42691935950437,8,0,0,0,0,0,0,nan,-1,0,nan,0,nan,0,nan,,0,0
27,553805.4000000954,-3811469.2591386302,3566808.4816262787,3652665.3585166847,0,0,0,0,0,1,1,7.5969922670539045,2.44680835359,5.785510162209737,19,2,0.45207347146779936,6.205098567218218,5.615861079904557,0,,0.0,0.0,0,nan,0,0,,0,nan,,0.0,0.0,0,nan,nan,nan,nan,nan,nan,0,0.0,0,nan,nan,0.4047615690054522,1,5.618587607125112,0.07165520622126646,0.05857738993256857,5,7.595675193473509,2.4440586284605437,6.205098567218218,2.8728261188560356,nan,nan,0,0.07094026973166233,0,511ad5a717ba24e8,512,38.310061501974374,8,0,0,0,0,0,0,nan,-1,0,nan,0,nan,0,nan,,0,0
28,553805.599998951,-3811469.281269085,3566808.503256852,3652665.3844249053,0,0,0,0,0,1,1,7.596659816590889,2.445688799982826,5.824694535605474,19,3,0.45207347146779936,6.23036815478936,5.651242608290724,0,,0.0,0.0,0,nan,0,0,,0,nan,,0.0,0.0,0,nan,nan,nan,nan,nan,nan,0,0.0,0,nan,nan,0.383938725815926,1,5.653975727848263,0.07153674449098722,0.05855204615075559,5,7.595343418794919,2.442942815047119,6.23036815478936,2.8777679017205555,nan,nan,0,0.07082312540408221,0,511ad5a717ba24e8,512,38.33910916236059,8,0,0,0,0,0,0,nan,-1,0,nan,0,nan,0,nan,,0,0
29,553805.7999989986,-3811469.289832711,3566808.5094558434,3652665.3944452847,0,0,0,0,0,1,1,7.596572168948641,2.4455086464014193,5.839031602667341,19,4,0.45207347146779936,6.238536922683064,5.664252807611596,0,,0.0,0.0,0,nan,0,0,,0,nan,,0.0,0.0,0,nan,nan,nan,nan,nan,nan,0,0.0,0,nan,nan,0.37780213182953537,1,5.666987731144324,0.07152231537477192,0.05854817926926504,5,7.595256027743219,2.442763274095968,6.238536922683064,2.8828893551859838,nan,nan,0,0.0708088424955328,0,511ad5a717ba24e8,512,38.34284785453743,8,0,0,0,0,0,0,nan,-1,0,nan,0,nan,0,nan,,0,0
30,553806.0,-3811469.988626393,3566809.4754408807,3652663.9545203396,0,0,0,0,1,1,1,6.9781390378832056,1.4497275034476786,5.499014590877071,18,0,0.20942828977675063,7.767906518983791,6.6505954361785165,0,,0.0,0.0,0,nan,0,0,,0,nan,,0.0,0.0,0,nan,nan,nan,nan,nan,nan,0,0.0,0,nan,nan,0.31688725052359346,1,5.491919063279684,0.09655099251698632,0.33434990022381944,4,8.099533932772102,0.9676339147667528,7.767906518983791,2.6759519396472196,0.20942828977675063,48.48841794941493,0,0.07204633360682453,0,c07392b1eed49dbd,512,42.60649888427419,8,12,1,416,9,8,128,0.6659274815277431,397,0,nan,0,nan,0,nan,,18,17
31,553806.2000000477,-3811469.984735076,3566809.4685588456,3652663.951979333,0,0,0,0,1,1,1,6.982473155546605,1.463812581801888,5.501499054116888,18,1,0.20942828977675063,7.761402624521035,6.666160726479919,0,,0.0,0.0,0,nan,0,0,,0,nan,,0.0,0.0,0,nan,nan,nan,nan,nan,nan,0,0.0,0,nan,nan,0.3083382703006934,1,5.504832336340208,0.09997904722891562,0.3327629705652251,4,8.099557548953534,0.965428903076594,7.761402624521035,2.678099417447205,nan,nan,0,0.07496389151262273,0,c07392b1eed49dbd,512,39.467221038760954,8,0,0,0,0,0,0,nan,-1,0,nan,0,nan,0,nan,,0,0
32,553806.4000000954,-3811469.9869406754,3566809.470428908,3652663.9587578727,0,0,0,0,1,1,1,6.983763175913139,1.466767588275429,5.511743731192529,18,2,0.20942828977675063,7.761809677319955,6.67878335730778,0,,0.0,0.0,0,nan,0,0,,0,nan,,0.0,0.0,0,nan,nan,nan,nan,nan,nan,0,0.0,0,nan,nan,0.2984018744936477,1,5.517448412495751,0.10015109328471296,0.3324094914242397,4,8.09961922874984,0.9651073191645221,7.761809677319955,2.6827187110635777,nan,nan,0,0.07513132131288176,0,c07392b1eed49dbd,512,39.31217625932447,8,0,0,0,0,0,0,nan,-1,0,nan,0,nan,0,nan,,0,0
33,553806.599998951,-3811469.989975492,3566809.47058704,3652663.963755162,0,0,0,0,1,1,1,6.984079022286804,1.4677804034740567,5.5172720222958995,18,3,0.20942828977675063,7.762046597964363,6.685208799487418,0,,0.0,0.0,0,nan,0,0,,0,nan,,0.0,0.0,0,nan,nan,nan,nan,nan,nan,0,0.0,0,nan,nan,0.29400031323994963,1,5.524301832474421,0.10016009097059256,0.3323478471402041,4,8.099561679173075,0.964906688050334,7.762046597964363,2.688009043087361,nan,nan,0,0.07513880059314007,0,c07392b1eed49dbd,512,39.30377639804681,8,0,0,0,0,0,0,nan,-1,0,nan,0,nan,0,nan,,0,0
34,553806.7999989986,-3811469.990245999,3566809.4692104803,3652663.967523169,0,0,0,0,1,1,1,6.984180926498019,1.4681048613476484,5.518776482198639,18,4,0.20942828977675063,7.7602707554821695,6.686762546444616,0,,0.0,0.0,0,nan,0,0,,0,nan,,0.0,0.0,0,nan,nan,nan,nan,nan,nan,0,0.0,0,nan,nan,0.2926604318535587,1,5.526529242448608,0.10016021557276707,0.3323295581117942,4,8.09954558178057,0.9648486629423834,7.7602707554821695,2.693491032534563,nan,nan,0,0.07513864678841725,0,c07392b1eed49dbd,512,39.30360456942527,8,0,0,0,0,0,0,nan,-1,0,nan,0,nan,0,nan,,0,0
35,553807.0,-3811469.6260167784,3566809.1338563124,3652663.7525704727,0,0,0,0,0,1,1,2.982191446175133,4.58699074543391,5.190504025042034,18,0,0.290947663274422,7.379445960938236,5.150935924497962,0,,0.0,0.0,0,nan,0,0,,0,nan,,0.0,0.0,0,nan,nan,nan,nan,nan,nan,0,0.0,0,nan,nan,0.7327850176447208,0,5.150935924497962,0.07916666666666666,0.0,1,2.982191446175133,4.58699074543391,7.379445960938236,2.51694055961129,0.290947663274422,11.353875378426523,3,0.07916666666666666,0,60cbf5c6bd3b273a,196,13.29302134008797,8,12,1,288,9,8,0,0.7327850176447208,268,0,nan,0,nan,0,nan,,18,17
36,553807.2000000477,-3811469.6224498507,3566809.1424942133,3652663.7536380137,0,0,0,0,0,1,1,2.9826159158053196,4.586748144571808,5.190754228212314,18,1,0.290947663274422,7.383300340107547,5.153871505021943,0,,0.0,0.0,0,nan,0,0,,0,nan,,0.0,0.0,0,nan,nan,nan,nan,nan,nan,0,0.0,0,nan,nan,0.7356077628456722,0,5.153871505021943,0.0791561535371481,0.0,1,2.9826159158053196,4.586748144571808,7.383300340107547,2.5192272188702924,nan,nan,0,0.0791561535371481,0,60cbf5c6bd3b273a,196,13.296534633902299,8,0,0,0,0,0,0,nan,-1,0,nan,0,nan,0,nan,,0,0
37,553807.4000000954,-3811469.6206808384,3566809.146307388,3652663.7510239463,0,0,0,0,0,1,1,2.982650297229474,4.586946412962997,5.189321476759525,18,2,0.290947663274422,7.386063756140029,5.1551203656758355,0,,0.0,0.0,0,nan,0,0,,0,nan,,0.0,0.0,0,nan,nan,nan,nan,nan,nan,0,0.0,0,nan,nan,0.7360580385473396,0,5.1551203656758355,0.07915716793396331,0.0,1,2.982650297229474,4.586946412962997,7.386063756140029,2.5241381694578493,nan,nan,0,0.07915716793396331,0,60cbf5c6bd3b273a,196,13.29619558258104,8,0,0,0,0,0,0,nan,-1,0,nan,0,nan,0,nan,,0,0
38,553807.599998951,-3811469.6210586494,3566809.147532764,3652663.7527582804,0,0,0,0,0,1,1,2.9829554368090885,4.586894388211663,5.191298903562126,18,3,0.290947663274422,7.386515143862588,5.155976702619806,0,,0.0,0.0,0,nan,0,0,,0,nan,,0.0,0.0,0,nan,nan,nan,nan,nan,nan,0,0.0,0,nan,nan,0.7366425487307986,0,5.155976702619806,0.07915686812924849,0.0,1,2.9829554368090885,4.586894388211663,7.386515143862588,2.5297604073832183,nan,nan,0,0.07915686812924849,0,60cbf5c6bd3b273a,196,13.296295787807004,8,0,0,0,0,0,0,nan,-1,0,nan,0,nan,0,nan,,0,0
39,553807.7999989986,-3811469.626019064,3566809.149713479,3652663.7578284247,0,0,0,0,0,1,1,2.982984993091164,4.5868990248727215,5.198263857891848,18,4,0.290947663274422,7.389012841815085,5.160582719992699,0,,0.0,0.0,0,nan,0,0,,0,nan,,0.0,0.0,0,nan,nan,nan,nan,nan,nan,0,0.0,0,nan,nan,0.7410234709369071,0,5.160582719992699,0.07915682079069132,0.0,1,2.982984993091164,4.5868990248727215,7.389012841815085,2.535584634868319,nan,nan,0,0.07915682079069132,0,60cbf5c6bd3b273a,196,13.296311610109218,8,0,0,0,0,0,0,nan,-1,0,nan,0,nan,0,nan,,0,0
40,553808.0,-3811469.5997325815,3566809.023372303,3652663.9772674013,0,0,0,0,1,1,1,7.106546602125755,1.4307703107332705,4.974431904281264,18,0,0.30400967615543767,7.200881418648142,4.23586323803915,0,,0.0,0.0,0,nan,0,0,,0,nan,,0.0,0.0,0,nan,nan,nan,nan,nan,nan,0,0.0,0,nan,nan,0.48448325376450185,1,4.23586323803915,0.05101823411631467,0.0,1,7.106546602125755,1.4307703107332705,7.200881418648142,2.3699637257269357,0.30400967615543767,10.823505896235373,1,0.05101823411631467,0,a5667da7983d8ee3,395,68.98319004927868,8,12,1,297,9,8,9,0.6813601332379683,259,0,nan,0,nan,0,nan,,18,17
41,553808.199999094,-3811469.604565452,3566809.022197833,3652663.975938404,0,0,0,0,1,1,1,7.105466599290674,1.4243565165065106,4.975390854091056,18,1,0.30400967615543767,7.203308836127141,4.25346489303787,0,,0.0,0.0,0,nan,0,0,,0,nan,,0.0,0.0,0,nan,nan,nan,nan,nan,nan,0,0.0,0,nan,nan,0.4773988949040115,1,4.25346489303787,0.053276571204433534,0.0,1,7.105466599290674,1.4243565165065106,7.203308836127141,2.3723777286033028,nan,nan,0,0.053276571204433534,0,a5667da7983d8ee3,395,63.81942523573746,8,0,0,0,0,0,0,nan,-1,0,nan,0,nan,0,nan,,0,0
42,553808.4000000954,-3811469.6200710684,3566809.0384342065,3652663.9914526143,0,0,0,0,1,1,1,7.105314679031582,1.4238869699623136,5.004874842567653,18,2,0.30400967615543767,7.218677470522274,4.2843958127629325,0,,0.0,0.0,0,nan,0,0,,0,nan,,0.0,0.0,0,nan,nan,nan,nan,nan,nan,0,0.0,0,nan,nan,0.45791172741688013,1,4.2843958127629325,0.05337592002201871,0.0,1,7.105314679031582,1.4238869699623136,7.218677470522274,2.3775886360799108,nan,nan,0,0.05337592002201871,0,a5667da7983d8ee3,395,63.5882317048898,8,0,0,0,0,0,0,nan,-1,0,nan,0,nan,0,nan,,0,0
43,553808.599998951,-3811469.6378614362,3566809.0555787836,3652664.004021144,0,0,0,0,1,1,1,7.10523391747358,1.4232993804168692,5.030793260613999,18,3,0.30400967615543767,7.237151120487444,4.310959363074628,0,,0.0,0.0,0,nan,0,0,,0,nan,,0.0,0.0,0,nan,nan,nan,nan,nan,nan,0,0.0,0,nan,nan,0.4447433003988604,1,4.310959363074628,0.05338533241005798,0.0,1,7.10523391747358,1.4232993804168692,7.237151120487444,2.3835556216658462,nan,nan,0,0.05338533241005798,0,a5667da7983d8ee3,395,63.56966042503578,8,0,0,0,0,0,0,nan,-1,0,nan,0,nan,0,nan,,0,0
44,553808.7999999523,-3811469.6511755534,3566809.0698531303,3652664.016906605,0,0,0,0,1,1,1,7.10521493171746,1.4231368649659113,5.053571782890433,18,4,0.30400967615543767,7.250854808964697,4.333400246339171,0,,0.0,0.0,0,nan,0,0,,0,nan,,0.0,0.0,0,nan,nan,nan,nan,nan,nan,0,0.0,0,nan,nan,0.432752664793112,1,4.333400246339171,0.053386618367004375,0.0,1,7.10521493171746,1.4231368649659113,7.250854808964697,2.3897359609892086,nan,nan,0,0.053386618367004375,0,a5667da7983d8ee3,395,63.56858256378111,8,0,0,0,0,0,0,nan,-1,0,nan,0,nan,0,nan,,0,0
45,553809.0,-3811469.415095297,3566808.780492458,3652664.2735296553,0,0,0,0,0,1,1,2.3057863654600306,4.654559158394107,5.037513551886008,19,0,0.28473158978728563,6.812160832921714,4.997351737901142,0,,0.0,0.0,0,nan,0,0,,0,nan,,0.0,0.0,0,nan,nan,nan,nan,nan,nan,0,0.0,0,nan,nan,0.4861084858783008,1,4.997351737901142,0.07916666666666666,0.0,1,2.3057863654600306,4.654559158394107,6.812160832921714,2.21892742224765,0.28473158978728563,2.718979748563414,6,0.07916666666666666,0,832d821e147a649e,206,13.293213079416468,8,12,1,288,9,8,0,0.4861084858783008,278,0,nan,0,nan,0,nan,,19,17
46,553809.199999094,-3811469.414116654,3566808.77971777,3652664.2705520685,0,0,0,0,0,1,1,2.303630504754548,4.660630251919467,5.057972790812813,19,1,0.28473158978728563,6.812011773640396,5.003517423812425,0,,0.0,0.0,0,nan,0,0,,0,nan,,0.0,0.0,0,nan,nan,nan,nan,nan,nan,0,0.0,0,nan,nan,0.5033164460996687,0,5.003517423812425,0.07914996752973455,0.0,1,2.303630504754548,4.660630251919467,6.812011773640396,2.2215420717411725,nan,nan,0,0.07914996752973455,0,832d821e147a649e,206,13.29879595370505,8,0,0,0,0,0,0,nan,-1,0,nan,0,nan,0,nan,,0,0
47,553809.4000000954,-3811469.4182153256,3566808.7827237993,3652664.2755420734,0,0,0,0,0,1,1,2.3038957754651537,4.66205706801148,5.070793541123231,19,2,0.28473158978728563,6.814965548955687,5.00887706550206,0,,0.0,0.0,0,nan,0,0,,0,nan,,0.0,0.0,0,nan,nan,nan,nan,nan,nan,0,0.0,0,nan,nan,0.5144949607143153,0,5.00887706550206,0.07915362504160887,0.0,1,2.3038957754651537,4.66205706801148,6.814965548955687,2.2271151595485317,nan,nan,0,0.07915362504160887,0,832d821e147a649e,206,13.297572879154046,8,0,0,0,0,0,0,nan,-1,0,nan,0,nan,0,nan,,0,0
48,553809.599998951,-3811469.4134697006,3566808.7775105317,3652664.2671238803,0,0,0,0,0,1,1,2.3036752959280538,4.662816911822628,5.060965283991186,19,3,0.28473158978728563,6.8111547264812495,5.003085704256851,0,,0.0,0.0,0,nan,0,0,,0,nan,,0.0,0.0,0,nan,nan,nan,nan,nan,nan,0,0.0,0,nan,nan,0.503724928858487,0,5.003085704256851,0.07916279709134318,0.0,1,2.3036752959280538,4.662816911822628,6.8111547264812495,2.233486817838483,nan,nan,0,0.07916279709134318,0,832d821e147a649e,206,13.294506457319796,8,0,0,0,0,0,0,nan,-1,0,nan,0,nan,0,nan,,0,0
49,553809.7999999523,-3811469.3977967124,3566808.765014775,3652664.2510027033,0,0,0,0,0,1,1,2.3036794528493614,4.663006145282517,5.036159613657036,19,4,0.28473158978728563,6.798190767216363,4.985797898741431,0,,0.0,0.0,0,nan,0,0,,0,nan,,0.0,0.0,0,nan,nan,nan,nan,nan,nan,0,0.0,0,nan,nan,0.4797365536473061,1,4.985797898741431,0.07916480303094672,0.0,1,2.3036794528493614,4.663006145282517,6.798190767216363,2.240082038541546,nan,nan,0,0.07916480303094672,0,832d821e147a649e,206,13.293835963537791,8,0,0,0,0,0,0,nan,-1,0,nan,0,nan,0,nan,,0,0
50,553810.0,-3811469.2985404828,3566808.640770682,3652664.524779216,0,0,0,0,0,1,1,1.9865896870800188,4.629798964574417,4.962177133669494,19,0,0.26506036033573993,6.559054910956704,5.043675287647507,0,,0.0,0.0,0,nan,0,0,,0,nan,,0.0,0.0,0,nan,nan,nan,nan,nan,nan,0,0.0,0,nan,nan,0.5126793465354568,0,5.043675287647507,0.182660299810223,0.0,1,1.9865896870800188,4.629798964574417,6.559054910956704,2.1205173581613557,0.26506036033573993,1.8608898760313553,0,0.182660299810223,0,832d821e147a649e,225,13.385253006106131,8,12,1,290,9,8,2,0.5027874928815063,283,0,nan,0,nan,0,nan,,19,17
51,553810.199999094,-3811469.3039292046,3566808.64487794,3652664.529502901,0,0,0,0,0,1,1,1.983575829544135,4.629099127082512,4.972768557405449,19,1,0.26506036033573993,6.563846145743955,5.053657769779616,0,,0.0,0.0,0,nan,0,0,,0,nan,,0.0,0.0,0,nan,nan,nan,nan,nan,nan,0,0.0,0,nan,nan,0.5217649521934528,0,5.053657769779616,0.19602963978029148,0.0,1,1.983575829544135,4.629099127082512,6.563846145743955,2.1232300878221277,nan,nan,0,0.19602963978029148,0,832d821e147a649e,225,11.740127285600389,8,0,0,0,0,0,0,nan,-1,0,nan,0,nan,0,nan,,0,0
52,553810.4000000954,-3811469.315596398,3566808.65828624,3652664.5406800522,0,0,0,0,0,1,1,1.9828701571463752,4.629367466536742,4.993502813661418,19,2,0.26506036033573993,6.5773148379183635,5.070348826077119,0,,0.0,0.0,0,nan,0,0,,0,nan,,0.0,0.0,0,nan,nan,nan,nan,nan,nan,0,0.0,0,nan,nan,0.5414934518236071,0,5.070348826077119,0.1971419171432996,0.0,1,1.9828701571463752,4.629367466536742,6.5773148379183635,2.129054448480933,nan,nan,0,0.1971419171432996,0,832d821e147a649e,225,11.619367324546069,8,0,0,0,0,0,0,nan,-1,0,nan,0,nan,0,nan,,0,0
53,553810.599998951,-3811469.34256695,3566808.6845943565,3652664.568832754,0,0,0,0,0,1,1,1.9826478888821384,4.629520588399696,5.040506943397922,19,3,0.26506036033573993,6.60440914717434,5.103904695105021,0,,0.0,0.0,0,nan,0,0,,0,nan,,0.0,0.0,0,nan,nan,nan,nan,nan,nan,0,0.0,0,nan,nan,0.5865085410430823,0,5.103904695105021,0.19726036559705473,0.0,1,1.9826478888821384,4.629520588399696,6.60440914717434,2.1357169279087573,nan,nan,0,0.19726036559705473,0,832d821e147a649e,225,11.608079877823599,8,0,0,0,0,0,0,nan,-1,0,nan,0,nan,0,nan,,0,0
54,553810.7999999523,-3811469.3769528917,3566808.7217116025,3652664.6004809807,0,0,0,0,0,1,1,1.9825797200002628,4.629491483267727,5.098551211388733,19,4,0.26506036033573993,6.643192315066824,5.149498790579453,0,,0.0,0.0,0,nan,0,0,,0,nan,,0.0,0.0,0,nan,nan,nan,nan,nan,nan,0,0.0,0,nan,nan,0.6419335768034865,0,5.149498790579453,0.19727385155147664,0.0,1,1.9825797200002628,4.629491483267727,6.643192315066824,2.142612579201163,nan,nan,0,0.19727385155147667,0,832d821e147a649e,225,11.606842742626934,8,0,0,0,0,0,0,nan,-1,0,nan,0,nan,0,nan,,0,0
55,553811.0,-3811469.235102616,3566808.4984445698,3652664.8116010264,0,0,0,0,0,1,1,1.681684379785201,4.654843061162661,5.151119482644341,19,0,0.25623423622778385,6.33108764208706,5.0999087919269925,0,,0.0,0.0,0,nan,0,0,,0,nan,,0.0,0.0,0,nan,nan,nan,nan,nan,nan,0,0.0,0,nan,nan,0.5701932347825733,0,5.099716568788593,0.2721984148518016,0.008952119715224314,2,1.6818943173780931,4.654678211347661,6.33108764208706,2.0332112461865335,0.25623423622778385,1.334637417535249,0,0.2720283468245907,0,832d821e147a649e,319,10.541472433662747,8,12,1,294,9,8,6,0.8275928653131508,196,0,nan,0,nan,0,nan,,19,17
56,553811.199999094,-3811469.2729791864,3566808.5359099815,3652664.848355844,0,0,0,0,0,1,1,1.6801752320277394,4.655470047920454,5.235284514033264,19,1,0.25623423622778385,6.372082856127787,5.155911811288324,0,,0.0,0.0,0,nan,0,0,,0,nan,,0.0,0.0,0,nan,nan,nan,nan,nan,nan,0,0.0,0,nan,nan,0.6425914989808942,0,5.155850479550473,0.2892653698280455,0.005070417096552556,2,1.6802438731115845,4.65541554349177,6.372082856127787,2.036041422985263,nan,nan,0,0.2892056545186461,0,832d821e147a649e,319,9.410239129197333,8,0,0,0,0,0,0,nan,-1,0,nan,0,nan,0,nan,,0,0
57,553811.4000000954,-3811469.3265806404,3566808.588842787,3652664.9009892987,0,0,0,0,0,1,1,1.6798302653499144,4.656078292997157,5.331168126328143,19,2,0.25623423622778385,6.430540122500017,5.226014451500941,0,,0.0,0.0,0,nan,0,0,,0,nan,,0.0,0.0,0,nan,nan,nan,nan,nan,nan,0,0.0,0,nan,nan,0.6801069306580354,0,5.225958615238694,0.2905713420547402,0.004860609162238164,2,1.679893706743451,4.65602765538017,6.430540122500017,2.042114738166459,nan,nan,0,0.2905157829267946,0,832d821e147a649e,319,9.333418234960165,8,0,0,0,0,0,0,nan,-1,0,nan,0,nan,0,nan,,0,0
58,553811.599998951,-3811469.383561751,3566808.6461469145,3652664.9577724473,0,0,0,0,0,1,1,1.6797430209579196,4.656183572584426,5.429669591884242,19,3,0.25623423622778385,6.494106070676691,5.30022183415757,0,,0.0,0.0,0,nan,0,0,,0,nan,,0.0,0.0,0,nan,nan,nan,nan,nan,nan,0,0.0,0,nan,nan,0.6141078575654106,0,5.300166974484229,0.29070463955534404,0.004836062502757709,2,1.6798059193002148,4.656133304306337,6.494106070676691,2.0490599946754635,nan,nan,0,0.2906494872331629,0,832d821e147a649e,319,9.325635552907519,8,0,0,0,0,0,0,nan,-1,0,nan,0,nan,0,nan,,0,0
59,553811.7999999523,-3811469.4447181495,3566808.7062500827,3652665.0216358565,0,0,0,0,0,1,1,1.6797166353470179,4.65625037330433,5.535782839134796,19,4,0.25623423622778385,6.561561787920344,5.379152343727616,0,,0.0,0.0,0,nan,0,0,,0,nan,,0.0,0.0,0,nan,nan,nan,nan,nan,nan,0,0.0,0,nan,nan,0.5460484096988645,0,5.379098004804537,0.2907158084859219,0.004833379836983059,2,1.6797794920333458,4.656200113033221,6.561561787920344,2.056246294564471,nan,nan,0,0.29066068520564453,0,832d821e147a649e,319,9.324995595568245,8,0,0,0,0,0,0,nan,-1,0,nan,0,nan,0,nan,,0,0
60,553812.0,-3811469.1845345027,3566808.40403197,3652665.053313325,0,0,0,0,0,1,1,1.451379644085301,4.739467355869776,5.6052376997611,19,0,0.24999160052313082,6.166848881541285,5.176742490927322,0,,0.0,0.0,0,nan,0,0,,0,nan,,0.0,0.0,0,nan,nan,nan,nan,nan,nan,0,0.0,0,nan,nan,0.6936186187632124,0,5.176428921581688,0.22224466228153586,0.011498299271402586,2,1.4516699855622357,4.739286114143433,6.166848881541285,1.9549034460280577,0.24999160052313082,1.3371359063100048,0,0.2220529559070149,0,832d821e147a649e,404,15.643332024917477,8,12,1,305,9,8,17,1.4471739182913397,5,0,nan,0,nan,0,nan,,19,17
61,553812.199999094,-3811469.2331142887,3566808.4537998647,3652665.1059620883,0,0,0,0,0,1,1,1.4495120468884675,4.743574086451142,5.7343701358619805,19,1,0.24999160052313082,6.221608856680122,5.255430032699107,0,,0.0,0.0,0,nan,0,0,,0,nan,,0.0,0.0,0,nan,nan,nan,nan,nan,nan,0,0.0,0,nan,nan,0.6583674920853864,0,5.255316699059878,0.2329626947127458,0.006883828515039815,2,1.4496205102156972,4.743504524803966,6.221608856680122,1.9578471472005274,nan,nan,0,0.23288649198149428,0,832d821e147a649e,404,14.302822325385218,8,0,0,0,0,0,0,nan,-1,0,nan,0,nan,0,nan,,0,0
62,553812.4000000954,-3811469.2980974317,3566808.5156194377,3652665.1719480325,0,0,0,0,0,1,1,1.4491880099811882,4.7445487781914615,5.853623862766625,19,2,0.24999160052313082,6.29338323410037,5.341289701135656,0,,0.0,0.0,0,nan,0,0,,0,nan,,0.0,0.0,0,nan,nan,nan,nan,nan,nan,0,0.0,0,nan,nan,0.5553362288830453,0,5.341186289930999,0.2337007875570706,0.006586287693110879,2,1.4492881374686597,4.744484298034672,6.29338323410037,1.9641623367477135,nan,nan,0,0.23363005164117115,0,832d821e147a649e,404,14.220738241314793,8,0,0,0,0,0,0,nan,-1,0,nan,0,nan,0,nan,,0,0
63,553812.599998951,-3811469.323044764,3566808.5407642205,3652665.198648223,0,0,0,0,0,1,1,1.4491713165548221,4.744423598243674,5.897989477991351,19,3,0.24999160052313082,6.322016967199731,5.3743923015930175,0,,0.0,0.0,0,nan,0,0,,0,nan,,0.0,0.0,0,nan,nan,nan,nan,nan,nan,0,0.0,0,nan,nan,0.5164500492231807,0,5.374290742904494,0.2339388069386149,0.006533969709862004,2,1.4492694738869636,4.744360609321461,6.322016967199731,1.971382263637691,nan,nan,0,0.23386939129930676,0,832d821e147a649e,404,14.195820264262323,8,0,0,0,0,0,0,nan,-1,0,nan,0,nan,0,nan,,0,0
64,553812.7999999523,-3811469.331030157,3566808.5471869325,3652665.210737892,0,0,0,0,0,1,1,1.449154856572502,4.744508941575182,5.9142620585397925,19,4,0.24999160052313082,6.329239134620994,5.38373689837588,0,,0.0,0.0,0,nan,0,0,,0,nan,,0.0,0.0,0,nan,nan,nan,nan,nan,nan,0,0.0,0,nan,nan,0.5023181497315208,0,5.38363563612947,0.2339635580317473,0.006527680904953645,2,1.449252818331367,4.744446086762414,6.329239134620994,1.978850681069604,nan,nan,0,0.23389427579251312,0,832d821e147a649e,404,14.193243879434334,8,0,0,0,0,0,0,nan,-1,0,nan,0,nan,0,nan,,0,0
65,553813.0,-3811469.0978832426,3566808.2461486016,3652665.22409359,0,0,0,0,0,1,1,1.2356212627040049,4.782500917493686,5.734677466175247,18,0,0.20590055846808142,5.954818255721592,5.148935118579808,0,,0.0,0.0,0,nan,0,0,,0,nan,,0.0,0.0,0,nan,nan,nan,nan,nan,nan,0,0.0,0,nan,nan,0.6586610286875172,0,5.148967418065654,0.16423275095843348,0.015975494208405282,3,1.235575420113814,4.78213982020467,5.954818255721592,1.887203157661293,0.20590055846808142,0.8545983346324524,0,0.16404173005065611,0,832d821e147a649e,437,19.41593231613237,8,12,1,351,9,8,63,1.4552636404800874,10,0,nan,0,nan,0,nan,,18,17
66,553813.199999094,-3811469.0866705896,3566808.2339572455,3652665.214502371,0,0,0,0,0,1,1,1.2349334870780697,4.78992587092864,5.739384637460836,18,1,0.20590055846808142,5.940850326801397,5.138497129883168,0,,0.0,0.0,0,nan,0,0,,0,nan,,0.0,0.0,0,nan,nan,nan,nan,nan,nan,0,0.0,0,nan,nan,0.6484461356013838,0,5.138472673069186,0.17229331590432495,0.010596793071461632,3,1.2349598928455372,4.789759129251102,5.940850326801397,1.890252728871852,nan,nan,0,0.1721979567762136,0,832d821e147a649e,437,17.706997142697666,8,0,0,0,0,0,0,nan,-1,0,nan,0,nan,0,nan,,0,0
67,553813.4000000954,-3811469.0863395133,3566808.2326866523,3652665.2164501403,0,0,0,0,0,1,1,1.2347621936885098,4.791469288931588,5.74575562771126,18,2,0.20590055846808142,5.9392505269522475,5.138215688866548,0,,0.0,0.0,0,nan,0,0,,0,nan,,0.0,0.0,0,nan,nan,nan,nan,nan,nan,0,0.0,0,nan,nan,0.6509302368182214,0,5.138154437302377,0.17274592018444498,0.005110322283499541,2,1.2348277513769421,4.791417158238833,5.9392505269522475,1.8967930862073663,nan,nan,0,0.17271001319640872,0,832d821e147a649e,437,17.60873574543579,8,0,0,0,0,0,0,nan,-1,0,nan,0,nan,0,nan,,0,0
68,553813.599998951,-3811469.0871777595,3566808.234115772,3652665.22406919,0,0,0,0,0,1,1,1.2347298744428097,4.792064669460243,5.753886074567227,18,3,0.20590055846808142,5.939136892899335,5.139052678219083,0,,0.0,0.0,0,nan,0,0,,0,nan,,0.0,0.0,0,nan,nan,nan,nan,nan,nan,0,0.0,0,nan,nan,0.6585205129962711,0,5.138991521669602,0.17279503374847807,0.0051097571031417975,2,1.2347954382152444,4.792012486355417,5.939136892899335,1.9042684866028543,nan,nan,0,0.1727591060580653,0,832d821e147a649e,437,17.59927778304472,8,0,0,0,0,0,0,nan,-1,0,nan,0,nan,0,nan,,0,0
69,553813.7999999523,-3811469.0913300556,3566808.235501047,3652665.228706436,0,0,0,0,0,1,1,1.2347182720529533,4.792178817004477,5.7603227340181204,18,4,0.20590055846808142,5.941714552284891,5.142493902633641,0,,0.0,0.0,0,nan,0,0,,0,nan,,0.0,0.0,0,nan,nan,nan,nan,nan,nan,0,0.0,0,nan,nan,0.6645556438173199,0,5.142432808756214,0.1728012941107355,0.005109320189875252,2,1.2347838312430008,4.792126622307714,5.941714552284891,1.9119990826985265,nan,nan,0,0.1727653657074512,0,832d821e147a649e,437,17.59813770499768,8,0,0,0,0,0,0,nan,-1,0,nan,0,nan,0,nan,,0,0
70,553814.0,-3811469.037298305,3566808.123900659,3652665.37507361,0,0,0,0,0,1,1,1.0804435904507166,4.730982529387047,5.580307989813202,19,0,0.17166137233746512,5.7928469079199845,5.081117150268137,0,,0.0,0.0,0,nan,0,0,,0,nan,,0.0,0.0,0,nan,nan,nan,nan,nan,nan,0,0.0,0,nan,nan,0.5585848295780792,0,5.0807691352021225,0.1309074789981406,0.012066185953583403,2,1.0807961219336093,4.730692213853263,5.7928469079199845,1.8222119807090562,0.17166137233746512,0.6712067054049101,0,0.130755076210387,0,832d821e147a649e,461,18.368211506104423,8,12,1,363,9,8,75,1.4605480967231574,11,0,nan,0,nan,0,nan,,19,17
71,553814.199999094,-3811469.0540562454,3566808.1413113913,3652665.3910148344,0,0,0,0,0,1,1,1.0808101328818929,4.735428099217317,5.61628545237455,19,1,0.17166137233746512,5.813242256654249,5.10164241778298,0,,0.0,0.0,0,nan,0,0,,0,nan,,0.0,0.0,0,nan,nan,nan,nan,nan,nan,0,0.0,0,nan,nan,0.5834004020379544,0,5.101519444487623,0.13639587417233323,0.007224189590444667,2,1.080937339363003,4.735320735157275,5.813242256654249,1.8253700871584446,nan,nan,0,0.13633821464679485,0,832d821e147a649e,461,16.795300693999202,8,0,0,0,0,0,0,nan,-1,0,nan,0,nan,0,nan,,0,0
72,553814.4000000954,-3811469.078650902,3566808.166167389,3652665.413996416,0,0,0,0,0,1,1,1.080951830680748,4.736376887045373,5.658664875517778,19,2,0.17166137233746512,5.8428614098649145,5.132597969691297,0,,0.0,0.0,0,nan,0,0,,0,nan,,0.0,0.0,0,nan,nan,nan,nan,nan,nan,0,0.0,0,nan,nan,0.6215722355036891,0,5.132485030736394,0.13670029221395233,0.006946231093291467,2,1.081069694776309,4.736276619578937,5.8428614098649145,1.8321420652407963,nan,nan,0,0.13664660887752103,0,832d821e147a649e,461,16.70791574286215,8,0,0,0,0,0,0,nan,-1,0,nan,0,nan,0,nan,,0,0
73,553814.599998951,-3811469.1003943384,3566808.188215709,3652665.432468175,0,0,0,0,0,1,1,1.0810345630681244,4.736549517601615,5.6937449792407095,19,3,0.17166137233746512,5.86957827210506,5.160502946380283,0,,0.0,0.0,0,nan,0,0,,0,nan,,0.0,0.0,0,nan,nan,nan,nan,nan,nan,0,0.0,0,nan,nan,0.6544487814907192,0,5.160391411601901,0.1367395693717124,0.006913632482584138,2,1.0811513694753205,4.73645002073424,5.86957827210506,1.8398801572128798,nan,nan,0,0.13668632640809955,0,832d821e147a649e,461,16.697709670390534,8,0,0,0,0,0,0,nan,-1,0,nan,0,nan,0,nan,,0,0
74,553814.7999999523,-3811469.1283504013,3566808.217287369,3652665.456551214,0,0,0,0,0,1,1,1.0810411993588787,4.736650129866055,5.739741364493762,19,4,0.17166137233746512,5.904559055478418,5.1972406221662615,0,,0.0,0.0,0,nan,0,0,,0,nan,,0.0,0.0,0,nan,nan,nan,nan,nan,nan,0,0.0,0,nan,nan,0.6981589745614587,0,5.1971296153691755,0.13673920389940503,0.006910211005683167,2,1.0811579245959366,4.736550603445029,5.904559055478418,1.8478801402022942,nan,nan,0,0.13668597879785888,0,832d821e147a649e,461,16.697410553030583,8,0,0,0,0,0,0,nan,-1,0,nan,0,nan,0,nan,,0,0
75,553815.0,-3811468.9644313212,3566808.0002683788,3652665.475848125,0,0,0,0,1,1,1,6.607731275141986,1.576774824926101,5.563605699858875,18,0,0.16723452360142665,5.634140693340448,6.490897781964758,0,,0.0,0.0,0,nan,0,0,,0,nan,,0.0,0.0,0,nan,nan,nan,nan,nan,nan,0,0.0,0,nan,nan,0.5866111525209173,0,6.49117253626573,0.1489673721836615,0.03106095072912614,2,6.610014351740014,1.5786602638930682,5.634140693340448,1.7651404205727586,0.16723452360142665,0.6444207763429423,0,0.14777904263691555,0,994d54c9040caa4d,474,16.506865637012766,8,12,1,375,9,8,87,1.4342886233966523,12,0,nan,0,nan,0,nan,,18,17
76,553815.199999094,-3811468.9626228022,3566807.997926585,3652665.473465487,0,0,0,0,1,1,1,6.610227467039265,1.577081740845321,5.570540408788409,18,1,0.16723452360142665,5.631694436909621,6.493525745231699,0,,0.0,0.0,0,nan,0,0,,0,nan,,0.0,0.0,0,nan,nan,nan,nan,nan,nan,0,0.0,0,nan,nan,0.5889731750666656,0,6.493730575128162,0.15629645679371504,0.026305607486917106,2,6.611869390673587,1.5784415183997889,5.631694436909621,1.7684010070562826,nan,nan,0,0.1553984394099561,0,994d54c9040caa4d,474,15.016758015080903,8,0,0,0,0,0,0,nan,-1,0,nan,0,nan,0,nan,,0,0
77,553815.4000000954,-3811468.961974218,3566807.996615348,3652665.4761489625,0,0,0,0,1,1,1,6.610888896742236,1.576482879678081,5.574369835415747,18,2,0.16723452360142665,5.6297856190029805,6.496424746840711,0,,0.0,0.0,0,nan,0,0,,0,nan,,0.0,0.0,0,nan,nan,nan,nan,nan,nan,0,0.0,0,nan,nan,0.5918648937733143,0,6.496625983772627,0.15674552335931108,0.025910401725596173,2,6.612481998245966,1.5778030777975125,5.6297856190029805,1.775390432894277,nan,nan,0,0.15587226824960568,0,994d54c9040caa4d,474,14.933661518963468,8,0,0,0,0,0,0,nan,-1,0,nan,0,nan,0,nan,,0,0
78,553815.599998951,-3811468.965777788,3566807.9991327194,3652665.4802612495,0,0,0,0,1,1,1,6.611083424407179,1.5764665594584122,5.581459481005151,18,3,0.16723452360142665,5.633293496618416,6.502731763987175,0,,0.0,0.0,0,nan,0,0,,0,nan,,0.0,0.0,0,nan,nan,nan,nan,nan,nan,0,0.0,0,nan,nan,0.598194997214299,0,6.502932868538562,0.15678949609699258,0.025861263463488264,2,6.612671409956035,1.5777829250491584,5.633293496618416,1.7833748257732964,nan,nan,0,0.15591864198600108,0,994d54c9040caa4d,474,14.9256461652774,8,0,0,0,0,0,0,nan,-1,0,nan,0,nan,0,nan,,0,0
79,553815.7999999523,-3811468.9675551504,3566807.998609478,3652665.478977498,0,0,0,0,1,1,1,6.611124468607663,1.5764783179910495,5.581387508215798,18,4,0.16723452360142665,5.634264974908431,6.502141635569262,0,,0.0,0.0,0,nan,0,0,,0,nan,,0.0,0.0,0,nan,nan,nan,nan,nan,nan,0,0.0,0,nan,nan,0.5976622031979513,0,6.502342299902523,0.15679401947308466,0.0258549425327071,2,6.61271173481865,1.577794138472797,5.634264974908431,1.7916271459200621,nan,nan,0,0.15592344599365662,0,994d54c9040caa4d,474,14.924777967696693,8,0,0,0,0,0,0,nan,-1,0,nan,0,nan,0,nan,,0,0
80,553816.0,-3811468.878908008,3566807.8702539033,3652665.593582837,0,0,0,0,0,1,1,6.786292941907563,2.607313321758181,5.38969395983052,18,0,0.15067004659052766,5.460617008571898,4.814767114056718,0,,0.0,0.0,0,nan,0,0,,0,nan,,0.0,0.0,0,nan,nan,nan,nan,nan,nan,0,0.0,0,nan,nan,0.5340758705500427,0,4.816147445434937,0.1764698962282059,0.0325146489414264,2,6.7892941396393285,2.6101024396860923,5.460617008571898,1.7121542298193912,0.15067004659052766,0.48750634448403524,0,0.17490992228086108,0,67f4087b5dcda2f7,491,13.306220400118056,8,12,1,389,9,8,101,1.4554037812598708,15,0,nan,0,nan,0,nan,,18,17
81,553816.199999094,-3811468.889186431,3566807.880308708,3652665.603812291,0,0,0,0,0,1,1,6.7865739449823534,2.6119983427380893,5.415210176595309,18,1,0.15067004659052766,5.472926503892927,4.829374821130553,0,,0.0,0.0,0,nan,0,0,,0,nan,,0.0,0.0,0,nan,nan,nan,nan,nan,nan,0,0.0,0,nan,nan,0.5506096338020482,0,4.830471811018946,0.18520153874316167,0.02878530029076413,2,6.788929476826506,2.6141718685490645,5.472926503892927,1.7155155646892941,nan,nan,0,0.1839163489053932,0,67f4087b5dcda2f7,491,12.118173216622132,8,0,0,0,0,0,0,nan,-1,0,nan,0,nan,0,nan,,0,0
82,553816.3999989033,-3811468.902836786,3566807.895093014,3652665.6192629123,0,0,0,0,0,1,1,6.786598331114217,2.6122905897026447,5.440614649113292,18,2,0.15067004659052766,5.490079674497418,4.84982456513394,0,,0.0,0.0,0,nan,0,0,,0,nan,,0.0,0.0,0,nan,nan,nan,nan,nan,nan,0,0.0,0,nan,nan,0.5740496024201042,0,4.8508945217229265,0.1857394943458186,0.02843592411607132,2,6.788898382369526,2.6144090954205734,5.490079674497418,1.7227195117517602,nan,nan,0,0.18448116881729093,0,67f4087b5dcda2f7,491,12.05213388141639,8,0,0,0,0,0,0,nan,-1,0,nan,0,nan,0,nan,,0,0
83,553816.5999999046,-3811468.909679358,3566807.900495396,3652665.6277586543,0,0,0,0,0,1,1,6.786590029014113,2.6122050716056813,5.452336005349673,18,3,0.15067004659052766,5.497062703441286,4.860400073473368,0,,0.0,0.0,0,nan,0,0,,0,nan,,0.0,0.0,0,nan,nan,nan,nan,nan,nan,0,0.0,0,nan,nan,0.5855629697822313,0,4.861465276074011,0.18580143849105563,0.028395357823944187,2,6.78888349771511,2.6143171398682203,5.497062703441286,1.730947006658849,nan,nan,0,0.18454639903778508,0,67f4087b5dcda2f7,491,12.044519101660168,8,0,0,0,0,0,0,nan,-1,0,nan,0,nan,0,nan,,0,0
84,553816.7999999523,-3811468.902958673,3566807.893729498,3652665.6224793,0,0,0,0,0,1,1,6.786583101222336,2.612159543805426,5.441563480377495,18,4,0.15067004659052766,5.488584600800307,4.852283568907611,0,,0.0,0.0,0,nan,0,0,,0,nan,,0.0,0.0,0,nan,nan,nan,nan,nan,nan,0,0.0,0,nan,nan,0.5757150146312421,0,4.853351324022731,0.18581128266991054,0.028388213611065416,2,6.788875409120468,2.6142706137793406,5.488584600800307,1.7394480273096997,nan,nan,0,0.1845568107308668,0,67f4087b5dcda2f7,491,12.04328638663938,8,0,0,0,0,0,0,nan,-1,0,nan,0,nan,0,nan,,0,0
85,553817.0,-3811468.8169170558,3566807.7924411534,3652665.732098982,0,0,0,0,0,1,1,6.619252516346631,2.563209702202684,5.294819844578226,19,0,0.16129119387086358,5.33972507027378,4.798995022304694,0,,0.0,0.0,0,nan,0,0,,0,nan,,0.0,0.0,0,nan,nan,nan,nan,nan,nan,0,0.0,0,nan,nan,0.5106851612042485,0,4.799917556465026,0.20739325148074697,0.026241820748776783,2,6.621209461470328,2.565034010966412,5.33972507027378,1.6605523074598696,0.16129119387086358,0.3482728961220111,0,0.20619936365719121,0,67f4087b5dcda2f7,506,10.579561073254327,8,12,1,391,9,8,103,1.4653213233933684,15,0,nan,0,nan,0,nan,,19,17
86,553817.199999094,-3811468.789584278,3566807.765068103,3652665.7043454917,0,0,0,0,0,1,1,6.619016048169219,2.5620617765932026,5.241449213974157,19,1,0.16129119387086358,5.306002063462841,4.758356497888192,0,,0.0,0.0,0,nan,0,0,,0,nan,,0.0,0.0,0,nan,nan,nan,nan,nan,nan,0,0.0,0,nan,nan,0.46432757740018665,1,4.759028755186832,0.21774750535593207,0.02241647941594499,2,6.620440672816767,2.563395383645908,5.306002063462841,1.664017975913443,nan,nan,0,0.21683406012318618,0,67f4087b5dcda2f7,506,9.623574358743982,8,0,0,0,0,0,0,nan,-1,0,nan,0,nan,0,nan,,0,0
87,553817.3999989033,-3811468.7791701336,3566807.7530020396,3652665.6942558023,0,0,0,0,0,1,1,6.619164670427864,2.5635980615140173,5.227438423879993,19,2,0.16129119387086358,5.291895731050397,4.745255822003155,0,,0.0,0.0,0,nan,0,0,,0,nan,,0.0,0.0,0,nan,nan,nan,nan,nan,nan,0,0.0,0,nan,nan,0.4491204011149024,1,4.745914527865572,0.21842918625744215,0.022047639106103398,2,6.620544226277677,2.564885744425784,5.291895731050397,1.6714439156460614,nan,nan,0,0.21754193019156348,0,67f4087b5dcda2f7,506,9.56758451854093,8,0,0,0,0,0,0,nan,-1,0,nan,0,nan,0,nan,,0,0
88,553817.5999999046,-3811468.777137907,3566807.7511370927,3652665.6918531856,0,0,0,0,0,1,1,6.619171547020013,2.563832865437012,5.224177145156627,19,3,0.16129119387086358,5.289586413029958,4.7422024657866055,0,,0.0,0.0,0,nan,0,0,,0,nan,,0.0,0.0,0,nan,nan,nan,nan,nan,nan,0,0.0,0,nan,nan,0.4457783810638146,1,4.742859817724455,0.21849282511382886,0.022008038369361386,2,6.620546548926974,2.5651160085997686,5.289586413029958,1.6799225601746655,nan,nan,0,0.2176080705262799,0,67f4087b5dcda2f7,506,9.562395559418285,8,0,0,0,0,0,0,nan,-1,0,nan,0,nan,0,nan,,0,0
89,553817.7999999523,-3811468.7767216642,3566807.7499405225,3652665.6927631916,0,0,0,0,0,1,1,6.61917408136468,2.5638435063344023,5.224023634889864,19,4,0.16129119387086358,5.288271008541489,4.742767849723275,0,,0.0,0.0,0,nan,0,0,,0,nan,,0.0,0.0,0,nan,nan,nan,nan,nan,nan,0,0.0,0,nan,nan,0.4460303409340134,1,4.743425390974313,0.21849934262567597,0.02200493492731116,2,6.620548669233424,2.565126244305591,5.288271008541489,1.6886804655036185,nan,nan,0,0.21761484543959805,0,67f4087b5dcda2f7,506,9.561863603613325,8,0,0,0,0,0,0,nan,-1,0,nan,0,nan,0,nan,,0,0
90,553818.0,-3811468.7353828726,3566807.691360277,3652665.845512674,0,0,0,0,0,1,1,6.443961558838678,2.453666776311108,5.072363734970376,18,0,0.11031835963790779,5.194834180173555,4.782995560454999,0,,0.0,0.0,0,nan,0,0,,0,nan,,0.0,0.0,0,nan,nan,nan,nan,nan,nan,0,0.0,0,nan,nan,0.49018596136137493,1,4.7836468515621196,0.224079233516209,0.02136946657190633,2,6.44526782188434,2.4548990493168263,5.194834180173555,1.6144343408829938,0.11031835963790779,0.3497947379215988,0,0.22321918692925757,0,67f4087b5dcda2f7,512,9.297669057339085,8,12,1,399,9,8,111,0.529212791158165,395,0,nan,0,nan,0,nan,,18,17
91,553818.199999094,-3811468.7391064353,3566807.6956073996,3652665.849251501,0,0,0,0,0,1,1,6.443363433927916,2.4514615468578107,5.069550064158991,18,1,0.11031835963790779,5.199922486511884,4.7843589094508925,0,,0.0,0.0,0,nan,0,0,,0,nan,,0.0,0.0,0,nan,nan,nan,nan,nan,nan,0,0.0,0,nan,nan,0.49178924198169394,1,4.784781285764236,0.23526458251884538,0.017355287698052328,2,6.444223165882174,2.452276517404257,5.199922486511884,1.6179992590076882,nan,nan,0,0.23466984122894274,0,67f4087b5dcda2f7,512,8.445174990153259,8,0,0,0,0,0,0,nan,-1,0,nan,0,nan,0,nan,,0,0
92,553818.3999989033,-3811468.74180484,3566807.696229558,3652665.8534990577,0,0,0,0,0,1,1,6.443309048462683,2.4507533606214977,5.073472589110489,18,2,0.11031835963790779,5.201547054065843,4.788784189904082,0,,0.0,0.0,0,nan,0,0,,0,nan,,0.0,0.0,0,nan,nan,nan,nan,nan,nan,0,0.0,0,nan,nan,0.49604806375802446,1,4.789190037829102,0.23594211201876242,0.017038280000341736,2,6.444136646446136,2.4515382729147044,5.201547054065843,1.6256355387093915,nan,nan,0,0.23536843047444925,0,67f4087b5dcda2f7,512,8.39845577501298,8,0,0,0,0,0,0,nan,-1,0,nan,0,nan,0,nan,,0,0
93,553818.5999999046,-3811468.7435135636,3566807.6972454316,3652665.8559057238,0,0,0,0,0,1,1,6.443274785699441,2.4506371944149663,5.076054612069313,18,3,0.11031835963790779,5.203086526608415,4.791496400806069,0,,0.0,0.0,0,nan,0,0,,0,nan,,0.0,0.0,0,nan,nan,nan,nan,nan,nan,0,0.0,0,nan,nan,0.4988535364438564,1,4.791900008160753,0.23600669160573362,0.017004302302456867,2,6.444099086024459,2.4514192831203467,5.203086526608415,1.6343518753605377,nan,nan,0,0.2354350468390978,0,67f4087b5dcda2f7,512,8.394024049936888,8,0,0,0,0,0,0,nan,-1,0,nan,0,nan,0,nan,,0,0
94,553818.7999999523,-3811468.744718246,3566807.6983538847,3652665.855421672,0,0,0,0,0,1,1,6.4432640117022135,2.45060019266074,5.076747743709925,18,4,0.11031835963790779,5.204760967274487,4.791483734316007,0,,0.0,0.0,0,nan,0,0,,0,nan,,0.0,0.0,0,nan,nan,nan,nan,nan,nan,0,0.0,0,nan,nan,0.4992234748711222,1,4.7918867610922655,0.23601307230118262,0.01700055177559999,2,6.444087948430631,2.451382035429807,5.204760967274487,1.6433526676771246,nan,nan,0,0.2354416309006334,0,67f4087b5dcda2f7,512,8.393585271261328,8,0,0,0,0,0,0,nan,-1,0,nan,0,nan,0,nan,,0,0
95,553819.0,-3811468.636547822,3566807.554884948,3652665.9106425443,0,0,0,0,0,1,1,6.30228692241186,2.3699891817286622,4.890138159597874,18,0,0.09650807870128013,5.019691785494193,4.808747236028375,0,,0.0,0.0,0,nan,0,0,,0,nan,,0.0,0.0,0,nan,nan,nan,nan,nan,nan,0,0.0,0,nan,nan,0.513765975938442,0,4.808972941492443,0.24816006061983714,0.01924570915508512,5,6.3029126700683715,2.370649207612461,5.019691785494193,1.5710678464020085,0.09650807870128013,0.27321485315356214,0,0.2471911697936245,0,67f4087b5dcda2f7,512,8.607704069228415,8,12,1,408,9,8,120,0.6130293808910804,401,0,nan,0,nan,0,nan,,18,17
96,553819.199999094,-3811468.636808119,3566807.5548408963,3652665.9143909067,0,0,0,0,0,1,1,6.302860145514458,2.3696783690840886,4.893977517305169,18,1,0.09650807870128013,5.019348060966175,4.814307482824151,0,,0.0,0.0,0,nan,0,0,,0,nan,,0.0,0.0,0,nan,nan,nan,nan,nan,nan,0,0.0,0,nan,nan,0.5189372856071682,0,4.81449551290802,0.2595238373998418,0.014269518446102235,5,6.303299184556563,2.370123943196742,5.019348060966175,1.5747309510157785,nan,nan,0,0.2590137698208289,0,67f4087b5dcda2f7,512,7.859736052504647,8,0,0,0,0,0,0,nan,-1,0,nan,0,nan,0,nan,,0,0
97,553819.3999989033,-3811468.6387844095,3566807.555983467,3652665.918199778,0,0,0,0,0,1,1,6.302991854508987,2.3698367608002187,4.898568483565775,18,2,0.09650807870128013,5.0209986749369175,4.819150911725276,0,,0.0,0.0,0,nan,0,0,,0,nan,,0.0,0.0,0,nan,nan,nan,nan,nan,nan,0,0.0,0,nan,nan,0.5238143431794158,0,4.819333446484595,0.2601092725859717,0.01394841288450312,5,6.303415869146009,2.370266515631422,5.0209986749369175,1.5825760258817991,nan,nan,0,0.2596229085044804,0,67f4087b5dcda2f7,512,7.824835576849578,8,0,0,0,0,0,0,nan,-1,0,nan,0,nan,0,nan,,0,0
98,553819.5999999046,-3811468.6393151586,3566807.556565854,3652665.922912061,0,0,0,0,0,1,1,6.303034125831085,2.369771324815838,4.902479296001756,18,3,0.09650807870128013,5.021187289397074,4.823995042940813,0,,0.0,0.0,0,nan,0,0,,0,nan,,0.0,0.0,0,nan,nan,nan,nan,nan,nan,0,0.0,0,nan,nan,0.5283782356979161,0,4.824177049690551,0.26016655370634173,0.013918333628340593,5,6.303456761272594,2.3701996695514076,5.021187289397074,1.5915282050527608,nan,nan,0,0.25968250837043566,0,67f4087b5dcda2f7,512,7.821437577987641,8,0,0,0,0,0,0,nan,-1,0,nan,0,nan,0,nan,,0,0
99,553819.7999999523,-3811468.641817714,3566807.556025829,3652665.9311662726,0,0,0,0,0,1,1,6.303049067071079,2.3697501239634273,4.909242387919663,18,4,0.09650807870128013,5.021359757160374,4.832458395513343,0,,0.0,0.0,0,nan,0,0,,0,nan,,0.0,0.0,0,nan,nan,nan,nan,nan,nan,0,0.0,0,nan,nan,0.5361344003903051,0,4.832640522843635,0.26017262667501095,0.01391571212583136,5,6.303471602299157,2.370178351895241,5.021359757160374,1.600769804175733,nan,nan,0,0.2596888200185035,0,67f4087b5dcda2f7,512,7.821081171854645,8,0,0,0,0,0,0,nan,-1,0,nan,0,nan,0,nan,,0,0
100,553820.0,-3811468.5541079477,3566807.437510714,3652665.968508439,0,0,0,0,0,1,1,6.174133997278225,2.3075943693582337,4.730786090350278,18,0,0.08261153489824674,4.870813625953213,4.816266196553705,0,,0.0,0.0,0,nan,0,0,,0,nan,,0.0,0.0,0,nan,nan,nan,nan,nan,nan,0,0.0,0,nan,nan,0.5185939575078666,0,4.816851706152626,0.2521722045827044,0.023640826205560576,8,6.175211114944194,2.3086200023756445,4.870813625953213,1.5301583551075884,0.08261153489824674,0.2516350132432009,0,0.25113701421812745,0,67f4087b5dcda2f7,512,8.530468709119399,8,12,1,416,9,8,128,1.1376106567920339,125,0,nan,0,nan,0,nan,,18,17
101,553820.199999094,-3811468.5551112634,3566807.4387408583,3652665.9705805383,0,0,0,0,0,1,1,6.174263226101936,2.3065176675148664,4.737012736466261,18,1,0.08261153489824674,4.872141507085222,4.820189206603846,0,,0.0,0.0,0,nan,0,0,,0,nan,,0.0,0.0,0,nan,nan,nan,nan,nan,nan,0,0.0,0,nan,nan,0.5226994851088248,0,4.820455532721271,0.2635719220908447,0.01579719748211679,8,6.174768978266417,2.3070049916890363,4.872141507085222,1.5339193345582653,nan,nan,0,0.2630839765232643,0,67f4087b5dcda2f7,512,7.808580405050044,8,0,0,0,0,0,0,nan,-1,0,nan,0,nan,0,nan,,0,0
102,553820.3999989033,-3811468.554467566,3566807.438987627,3652665.970344634,0,0,0,0,0,1,1,6.174209815566632,2.306318317440868,4.736208478639028,18,2,0.08261153489824674,4.871941036236305,4.819787745686416,0,,0.0,0.0,0,nan,0,0,,0,nan,,0.0,0.0,0,nan,nan,nan,nan,nan,nan,0,0.0,0,nan,nan,0.5222918115995766,0,4.820038864012948,0.26415504851974364,0.015349576965725836,8,6.174687973395219,2.3067794446570105,4.871941036236305,1.5419721028542017,nan,nan,0,0.26369446765468746,0,67f4087b5dcda2f7,512,7.775833094361158,8,0,0,0,0,0,0,nan,-1,0,nan,0,nan,0,nan,,0,0
103,553820.5999999046,-3811468.566214731,3566807.449401112,3652665.982010112,0,0,0,0,0,1,1,6.174242632873965,2.3063966515444885,4.756360157979746,18,3,0.08261153489824674,4.886003146619511,4.836064808472623,0,,0.0,0.0,0,nan,0,0,,0,nan,,0.0,0.0,0,nan,nan,nan,nan,nan,nan,0,0.0,0,nan,nan,0.540773492866436,0,4.836314859200679,0.2642133777853691,0.015309922880226144,8,6.174718547477529,2.306855062626744,4.886003146619511,1.5511586485323297,nan,nan,0,0.2637552598790268,0,67f4087b5dcda2f7,512,7.772724315084557,8,0,0,0,0,0,0,nan,-1,0,nan,0,nan,0,nan,,0,0
104,553820.7999999523,-3811468.580364131,3566807.4643471627,3652665.9947485225,0,0,0,0,0,1,1,6.1742423800407655,2.306405593550111,4.780039635860467,18,4,0.08261153489824674,4.904954528168594,4.854572913551697,0,,0.0,0.0,0,nan,0,0,,0,nan,,0.0,0.0,0,nan,nan,nan,nan,nan,nan,0,0.0,0,nan,nan,0.5627395167670097,0,4.854821607477604,0.26421933761204014,0.015305323818074002,8,6.1747180276555325,2.306863690260375,4.904954528168594,1.560639325014739,nan,nan,0,0.26376148346196976,0,67f4087b5dcda2f7,512,7.772400410259082,8,0,0,0,0,0,0,nan,-1,0,nan,0,nan,0,nan,,0,0
105,553821.0,-3811468.4539604494,3566807.306149873,3652666.019897038,0,0,0,0,0,1,1,6.040948847314299,2.2699478077140953,4.575131479767411,19,0,0.10109941856354684,4.701028825705114,4.833342006245306,0,,0.0,0.0,0,nan,0,0,,0,nan,,0.0,0.0,0,nan,nan,nan,nan,nan,nan,0,0.0,0,nan,nan,0.44412057773338154,1,4.833941537623144,0.24905506020030713,0.026866610029123855,9,6.04215198150272,2.271154991487931,4.701028825705114,1.4898935554101393,0.10109941856354684,0.22508718476253217,0,0.24784433855595223,0,67f4087b5dcda2f7,512,8.570600653536102,8,12,1,416,9,8,128,0.44412057773338154,322,0,nan,0,nan,0,nan,,19,17
106,553821.199999094,-3811468.463041869,3566807.315766122,3652666.0304021374,0,0,0,0,0,1,1,6.041666291850793,2.269938668424392,4.598205726212484,19,1,0.10109941856354684,4.712981367175279,4.85080092545288,0,,0.0,0.0,0,nan,0,0,,0,nan,,0.0,0.0,0,nan,nan,nan,nan,nan,nan,0,0.0,0,nan,nan,0.46580625971167827,1,4.851036814184221,0.2601093068754085,0.01671080654668213,9,6.042144562053694,2.270418557982769,4.712981367175279,1.493755958423994,nan,nan,0,0.25960821604858714,0,67f4087b5dcda2f7,512,7.851907548332421,8,0,0,0,0,0,0,nan,-1,0,nan,0,nan,0,nan,,0,0
107,553821.3999989033,-3811468.4721323354,3566807.3232537475,3652666.0398862143,0,0,0,0,0,1,1,6.041764043086609,2.27003815661002,4.613731244953801,19,2,0.10109941856354684,4.723474482020924,4.864044509747337,0,,0.0,0.0,0,nan,0,0,,0,nan,,0.0,0.0,0,nan,nan,nan,nan,nan,nan,0,0.0,0,nan,nan,0.47975972389813265,1,4.864263444623573,0.26066419307398275,0.016137749115709626,9,6.042210391183123,2.2704862522702514,4.723474482020924,1.5020240791443242,nan,nan,0,0.2601960170529081,0,67f4087b5dcda2f7,512,7.820298320884496,8,0,0,0,0,0,0,nan,-1,0,nan,0,nan,0,nan,,0,0
108,553821.5999999046,-3811468.487521388,3566807.33707183,3652666.0585040287,0,0,0,0,0,1,1,6.041834864697884,2.270106190983199,4.642317865016059,19,3,0.10109941856354684,4.741889378283319,4.8886406494060815,0,,0.0,0.0,0,nan,0,0,,0,nan,,0.0,0.0,0,nan,nan,nan,nan,nan,nan,0,0.0,0,nan,nan,0.5069915581049197,0,4.88885807288423,0.2607207004686407,0.016086074271652213,9,6.0422786226713,2.2705512749172083,4.741889378283319,1.5114534494126786,nan,nan,0,0.26025556043124526,0,67f4087b5dcda2f7,512,7.817262725467701,8,0,0,0,0,0,0,nan,-1,0,nan,0,nan,0,nan,,0,0
109,553821.7999999523,-3811468.498966446,3566807.3479712936,3652666.0694378703,0,0,0,0,0,1,1,6.041839315103508,2.270137326660576,4.661247801351581,19,4,0.10109941856354684,4.756408538925942,4.904087477007025,0,,0.0,0.0,0,nan,0,0,,0,nan,,0.0,0.0,0,nan,nan,nan,nan,nan,nan,0,0.0,0,nan,nan,0.524159171848979,0,4.9043036525483155,0.2607259355438499,0.0160790349446705,9,6.04228265499562,2.2705820404603134,4.756408538925942,1.5211816072400826,nan,nan,0,0.26026115111491954,0,67f4087b5dcda2f7,512,7.816940536590167,8,0,0,0,0,0,0,nan,-1,0,nan,0,nan,0,nan,,0,0
110,553822.0,-3811468.366795978,3566807.1951820585,3652666.079515507,0,0,0,0,0,1,1,5.925497940709983,2.269570216978667,4.513442818290191,19,0,0.09580900580672519,4.554417796108927,4.859074246376918,0,,0.0,0.0,0,nan,0,0,,0,nan,,0.0,0.0,0,nan,nan,nan,nan,nan,nan,0,0.0,0,nan,nan,0.2771901382096802,1,4.8598121213560805,0.22305751081607925,0.03334137556839472,9,5.9270801520885,2.271145389218576,4.554417796108927,1.4518613891260537,0.09580900580672519,0.23458075987996396,0,0.22161489336550813,0,67f4087b5dcda2f7,512,8.652200927250766,8,12,1,416,9,8,128,0.2771901382096802,287,0,nan,0,nan,0,nan,,19,17
111,553822.199999094,-3811468.396445469,3566807.224230911,3652666.1126333876,0,0,0,0,0,1,1,5.926830888476385,2.2722572221036526,4.579754089202728,19,1,0.09580900580672519,4.592267392438219,4.909588249287194,0,,0.0,0.0,0,nan,0,0,,0,nan,,0.0,0.0,0,nan,nan,nan,nan,nan,nan,0,0.0,0,nan,nan,0.22714809949759046,1,4.909858338104099,0.2329304823251169,0.020051273467067886,9,5.927414952276918,2.272840785105689,4.592267392438219,1.4558249861039145,nan,nan,0,0.23235518142767864,0,67f4087b5dcda2f7,512,7.923864279591634,8,0,0,0,0,0,0,nan,-1,0,nan,0,nan,0,nan,,0,0
112,553822.3999989033,-3811468.433035671,3566807.2606027587,3652666.149549613,0,0,0,0,0,1,1,5.927106588157245,2.272853659244674,4.645149069337984,19,2,0.09580900580672519,4.640125253966821,4.9623918811128584,0,,0.0,0.0,0,nan,0,0,,0,nan,,0.0,0.0,0,nan,nan,nan,nan,nan,nan,0,0.0,0,nan,nan,0.18896866019571334,1,4.962640865847492,0.2334494409230179,0.01929818306199281,9,5.927648354443402,2.27339415928777,4.640125253966821,1.464307366794698,nan,nan,0,0.23291313706615707,0,67f4087b5dcda2f7,512,7.891181706088295,8,0,0,0,0,0,0,nan,-1,0,nan,0,nan,0,nan,,0,0
113,553822.5999999046,-3811468.495169431,3566807.3239307012,3652666.2178813745,0,0,0,0,0,1,1,5.9272975870299485,2.2731382484885385,4.758861840996554,19,3,0.09580900580672519,4.72301200125036,5.057080552795709,0,,0.0,0.0,0,nan,0,0,,0,nan,,0.0,0.0,0,nan,nan,nan,nan,nan,nan,0,0.0,0,nan,nan,0.17365889434584714,1,5.057327331408856,0.23349025849296506,0.019256857346794286,9,5.927838164548363,2.2736757079936285,4.72301200125036,1.4739780586275537,nan,nan,0,0.23295566455701563,0,67f4087b5dcda2f7,512,7.889428947143474,8,0,0,0,0,0,0,nan,-1,0,nan,0,nan,0,nan,,0,0
114,553822.7999999523,-3811468.5736154537,3566807.399910786,3652666.298941172,0,0,0,0,0,1,1,5.927334658644127,2.2732274574538494,4.894133650654775,19,4,0.09580900580672519,4.8266094848585706,5.1710681627031905,0,,0.0,0.0,0,nan,0,0,,0,nan,,0.0,0.0,0,nan,nan,nan,nan,nan,nan,0,0.0,0,nan,nan,0.23855437692931242,1,5.171308414174845,0.23349338901043076,0.019251394491473735,9,5.927875125734666,2.273764469079827,4.8266094848585706,1.4839519154548166,nan,nan,0,0.23295885497247998,0,67f4087b5dcda2f7,512,7.889337372723324,8,0,0,0,0,0,0,nan,-1,0,nan,0,nan,0,nan,,0,0
115,553823.0,-3811468.3071210613,3566807.122528986,3652666.160279836,0,0,0,0,0,1,1,5.828542028075312,2.359306428831182,4.856889811956668,19,0,0.07818896748069047,4.453110749404401,4.965002859681416,0,,0.0,0.0,0,nan,0,0,,0,nan,,0.0,0.0,0,nan,nan,nan,nan,nan,nan,0,0.0,0,nan,nan,0.21618694773950256,1,5.002214535239685,0.25381900883137726,0.3531368099136396,9,5.766809958162286,2.2503715603761996,4.453110749404401,1.4158440950765059,0.07818896748069047,0.5499291585600596,0,0.2026942773706673,0,67f4087b5dcda2f7,512,8.296475639411248,8,12,1,416,9,8,128,0.4156534719238759,365,0,nan,0,nan,0,nan,,19,17
116,553823.199999094,-3811468.35837787,3566807.175700028,3652666.2083267174,0,0,0,0,0,1,1,5.833513426138274,2.3671505162620177,4.987374587346828,19,1,0.07818896748069047,4.52266282746532,5.056357250327685,0,,0.0,0.0,0,nan,0,0,,0,nan,,0.0,0.0,0,nan,nan,nan,nan,nan,nan,0,0.0,0,nan,nan,0.21242477925131387,1,5.094282623767929,0.2654930568480148,0.35180798349370945,9,5.772472007361534,2.258680161988067,4.52266282746532,1.4199083665795802,nan,nan,0,0.21281721616524318,0,67f4087b5dcda2f7,512,7.581567696977035,8,0,0,0,0,0,0,nan,-1,0,nan,0,nan,0,nan,,0,0
117,553823.3999989033,-3811468.433264046,3566807.25222931,3652666.2826369973,0,0,0,0,0,1,1,5.834761840135254,2.3689447318075803,5.127727183479904,19,2,0.07818896748069047,4.624302905662867,5.168295286794118,0,,0.0,0.0,0,nan,0,0,,0,nan,,0.0,0.0,0,nan,nan,nan,nan,nan,nan,0,0.0,0,nan,nan,0.27645761509324035,1,5.207908225149143,0.2660884492057429,0.35174748654519145,9,5.77385689040822,2.2604053173796483,4.624302905662867,1.428604050663526,nan,nan,0,0.2133340080036796,0,67f4087b5dcda2f7,512,7.55086413553749,8,0,0,0,0,0,0,nan,-1,0,nan,0,nan,0,nan,,0,0
118,553823.5999999046,-3811468.526425609,3566807.342732031,3652666.378323031,0,0,0,0,0,1,1,5.835181437433005,2.3695852986621055,5.2919738973191155,19,3,0.07818896748069047,4.749034182664432,5.30622271006514,0,,0.0,0.0,0,nan,0,0,,0,nan,,0.0,0.0,0,nan,nan,nan,nan,nan,nan,0,0.0,0,nan,nan,0.29145474443662533,1,5.347632781729268,0.2661213173210982,0.3517513704362478,9,5.774317745472485,2.261005763524943,4.749034182664432,1.4393613695508036,nan,nan,0,0.21336141803385317,0,67f4087b5dcda2f7,512,7.549793305932373,8,0,0,0,0,0,0,nan,-1,0,nan,0,nan,0,nan,,0,0
119,553823.7999999523,-3811468.626168303,3566807.4400163204,3652666.4852314456,0,0,0,0,0,1,1,5.835306338753264,2.369770415699279,5.4679409752809,19,4,0.07818896748069047,4.885182020055159,5.458251886029018,0,,0.0,0.0,0,nan,0,0,,0,nan,,0.0,0.0,0,nan,nan,nan,nan,nan,nan,0,0.0,0,nan,nan,0.22077715844081033,1,5.501436226132748,0.2661249865750243,0.35175304930924367,9,5.774454787014947,2.261177716000795,4.885182020055159,1.4513607916494302,nan,nan,0,0.21336442544122589,0,67f4087b5dcda2f7,512,7.5497031629467255,8,0,0,0,0,0,0,nan,-1,0,nan,0,nan,0,nan,,0,0
120,553824.0,-3811468.259865396,3566807.0599575657,3652666.3579538884,0,0,0,0,0,1,1,3.9612734676898844,4.68283710015231,5.4538701772375715,19,0,0.08988941241842627,4.361917432117349,0.7839273436686154,0,,0.0,0.0,0,nan,0,0,,0,nan,,0.0,0.0,0,nan,nan,nan,nan,nan,nan,0,0.0,0,nan,nan,0.2604144408537337,1,5.102997070858961,0.23458102419322757,0.35328509813049586,6,5.584632845431688,2.444546850702632,4.361917432117349,1.373252962372899,0.08988941241842627,0.7202377201934707,3,0.18770977700808658,0,f6fa57c2bd06c57a,512,8.773053452846684,8,12,1,416,9,8,128,0.43503752915718474,294,0,nan,0,nan,0,nan,,19,17
121,553824.199999094,-3811468.3186313105,3566807.114591428,3652666.4297831175,0,0,0,0,0,1,1,3.9456889489880678,4.71260114284782,5.61549863522789,19,1,0.08988941241842627,4.439043102720355,0.9137633786832271,0,,0.0,0.0,0,nan,0,0,,0,nan,,0.0,0.0,0,nan,nan,nan,nan,nan,nan,0,0.0,0,nan,nan,0.3422742471173789,1,5.21963052053813,0.24722404850091195,0.35199340868820245,6,5.58977486403359,2.4614994904621277,4.439043102720355,1.3775673270551245,nan,nan,0,0.19871781788790863,0,f6fa57c2bd06c57a,512,7.896467663679151,8,0,0,0,0,0,0,nan,-1,0,nan,0,nan,0,nan,,0,0
122,553824.3999989033,-3811468.4017194808,3566807.191496991,3652666.5269679357,0,0,0,0,0,1,1,3.9420549270311764,4.721098715980872,5.77867702660189,19,2,0.08988941241842627,4.549974274877567,1.0663649980019088,0,,0.0,0.0,0,nan,0,0,,0,nan,,0.0,0.0,0,nan,nan,nan,nan,nan,nan,0,0.0,0,nan,nan,0.27345630792439785,1,5.357325491047594,0.24797151258355363,0.351924654167994,6,5.591066844905533,2.4656689087662396,4.549974274877567,1.3865624694209557,nan,nan,0,0.19936787383510998,0,f6fa57c2bd06c57a,512,7.8512879705136225,8,0,0,0,0,0,0,nan,-1,0,nan,0,nan,0,nan,,0,0
123,553824.5999999046,-3811468.469013541,3566807.2541610976,3652666.6065085335,0,0,0,0,0,1,1,3.941387144939003,4.722601860745118,5.902634963983915,19,3,0.08988941241842627,4.641685113627941,1.1876449318728672,0,,0.0,0.0,0,nan,0,0,,0,nan,,0.0,0.0,0,nan,nan,nan,nan,nan,nan,0,0.0,0,nan,nan,0.19816316282194454,1,5.467179973793403,0.24816688607346665,0.35189820331705035,6,5.591343562926322,2.4665342530329677,4.641685113627941,1.396781349938426,nan,nan,0,0.19956151092129265,0,f6fa57c2bd06c57a,512,7.837817677725377,8,0,0,0,0,0,0,nan,-1,0,nan,0,nan,0,nan,,0,0
124,553824.7999999523,-3811468.5337115326,3566807.315192017,3652666.679677825,0,0,0,0,0,1,1,3.9411147468778527,4.723313908203069,6.018655124037361,19,4,0.08988941241842627,4.731626776497732,1.3018209471280597,0,,0.0,0.0,0,nan,0,0,,0,nan,,0.0,0.0,0,nan,nan,nan,nan,nan,nan,0,0.0,0,nan,nan,0.18437166669764957,1,5.569915093895373,0.24818086757777202,0.3518987968824209,6,5.591442850374112,2.466934279351071,4.731626776497732,1.407305432486407,nan,nan,0,0.19957498500886767,0,f6fa57c2bd06c57a,512,7.836883762007168,8,0,0,0,0,0,0,nan,-1,0,nan,0,nan,0,nan,,0,0
125,553825.0,-3811468.213257993,3566806.992953297,3652666.4700697195,0,0,0,0,0,1,1,3.8674650516556377,5.133822949931511,5.890272139779201,18,0,0.08969191766896357,4.277212282198917,0.7693557542308589,0,,0.0,0.0,0,nan,0,0,,0,nan,,0.0,0.0,0,nan,nan,nan,nan,nan,nan,0,0.0,0,nan,nan,0.26361006887374705,1,0.8065536755690002,0.19982091908088365,0.17833779099658562,8,3.831820509157643,5.095281184969496,4.277212282198917,1.341081887224252,0.08969191766896357,0.5287017041840866,1,0.18446989077787257,0,f6fa57c2bd06c57a,512,9.779122551277558,8,12,1,416,9,8,128,0.4286355783391484,329,0,nan,0,nan,0,nan,,18,17
126,553825.199999094,-3811468.215952453,3566806.9975593677,3652666.470325392,0,0,0,0,0,1,1,3.8541182531690237,5.167256662996081,5.949408345863716,18,1,0.08969191766896357,4.282452446087192,0.7942754914094102,0,,0.0,0.0,0,nan,0,0,,0,nan,,0.0,0.0,0,nan,nan,nan,nan,nan,nan,0,0.0,0,nan,nan,0.2810357356051021,1,0.8310155538782796,0.21063188687415427,0.17697874988583068,8,3.8189254403204056,5.1293727200642225,4.282452446087192,1.345371540844225,nan,nan,0,0.19476758870059896,0,f6fa57c2bd06c57a,512,8.844248482730306,8,0,0,0,0,0,0,nan,-1,0,nan,0,nan,0,nan,,0,0
127,553825.3999989033,-3811468.238187265,3566807.0211028242,3652666.4891943247,0,0,0,0,0,1,1,3.851852010846893,5.173603963399485,5.99605464083504,18,2,0.08969191766896357,4.314483734331186,0.83289128384644,0,,0.0,0.0,0,nan,0,0,,0,nan,,0.0,0.0,0,nan,nan,nan,nan,nan,nan,0,0.0,0,nan,nan,0.3015705371238152,1,0.8698245484987287,0.21180779432129224,0.17686450750638966,8,3.8167093372107193,5.135779534536461,4.314483734331186,1.354545942352799,nan,nan,0,0.19588651359799392,0,f6fa57c2bd06c57a,512,8.753373565490245,8,0,0,0,0,0,0,nan,-1,0,nan,0,nan,0,nan,,0,0
128,553825.5999999046,-3811468.261695421,3566807.0505434126,3652666.5058137137,0,0,0,0,0,1,1,3.851198248948418,5.175647230782361,6.038101056480596,18,3,0.08969191766896357,4.351916627772232,0.8708740891681801,0,,0.0,0.0,0,nan,0,0,,0,nan,,0.0,0.0,0,nan,nan,nan,nan,nan,nan,0,0.0,0,nan,nan,0.32571834923684334,1,0.9082256615111544,0.21192410440600704,0.1768640450436581,8,3.816061281330681,5.137824431859301,4.351916627772232,1.3649945563252466,nan,nan,0,0.19599716745832588,0,f6fa57c2bd06c57a,512,8.74448198892251,8,0,0,0,0,0,0,nan,-1,0,nan,0,nan,0,nan,,0,0
129,553825.7999999523,-3811468.278472328,3566807.074131695,3652666.5131957456,0,0,0,0,0,1,1,3.8510330519787983,5.176204228654139,6.065133181303713,18,4,0.08969191766896357,4.3806593548427015,0.8956972900486105,0,,0.0,0.0,0,nan,0,0,,0,nan,,0.0,0.0,0,nan,nan,nan,nan,nan,nan,0,0.0,0,nan,nan,0.3434535455649573,1,0.9334596181623076,0.21196395927066247,0.17686295769262605,8,3.8158979062429434,5.138382548162229,4.3806593548427015,1.3757587604714319,nan,nan,0,0.1960350532948936,0,f6fa57c2bd06c57a,512,8.741436622838087,8,0,0,0,0,0,0,nan,-1,0,nan,0,nan,0,nan,,0,0
130,553826.0,-3811468.1517025777,3566806.937944159,3652666.5636500316,0,0,0,0,0,1,1,3.8570132504503096,5.297148565201763,5.915966385510824,19,0,0.10437133364055624,4.194577476519986,0.6343445676545868,0,,0.0,0.0,0,nan,0,0,,0,nan,,0.0,0.0,0,nan,nan,nan,nan,nan,nan,0,0.0,0,nan,nan,0.5341763020398212,0,2.689419637813642,0.28764753517860625,0.4371092078554428,9,2.252187681485689,3.503063308854697,4.194577476519986,1.3114539874734326,0.10437133364055624,0.11782175146010418,0,0.19869498246463616,0,f6fa57c2bd06c57a,512,8.923730645455842,8,12,1,416,9,8,128,0.4267768327349671,326,0,nan,0,nan,0,nan,,19,17
131,553826.199999094,-3811468.159587029,3566806.949774481,3652666.568268415,0,0,0,0,0,1,1,3.8571589673776088,5.3144452066427945,5.945868363315383,19,1,0.10437133364055624,4.208702179491958,0.6454567601304056,0,,0.0,0.0,0,nan,0,0,,0,nan,,0.0,0.0,0,nan,nan,nan,nan,nan,nan,0,0.0,0,nan,nan,0.5544868960649181,0,2.7149463893400863,0.30843171440865297,0.4376519569573801,11,2.24775227617508,3.5123337904936576,4.208702179491958,1.3158415864574493,nan,nan,0,0.21104738543864537,0,f6fa57c2bd06c57a,512,7.98338585371071,8,0,0,0,0,0,0,nan,-1,0,nan,0,nan,0,nan,,0,0
132,553826.3999989033,-3811468.1752835745,3566806.9684575084,3652666.582082078,0,0,0,0,0,1,1,3.857625462689207,5.31797816660434,5.975879376587724,19,2,0.10437133364055624,4.233177470332,0.6703148468374327,0,,0.0,0.0,0,nan,0,0,,0,nan,,0.0,0.0,0,nan,nan,nan,nan,nan,nan,0,0.0,0,nan,nan,0.5656561784787016,0,2.7418205497268437,0.30927891187703643,0.4376211432142254,11,2.2477773925883895,3.515405880185126,4.233177470332,1.3252205081739585,nan,nan,0,0.2119705678593488,0,f6fa57c2bd06c57a,512,7.921803768943373,8,0,0,0,0,0,0,nan,-1,0,nan,0,nan,0,nan,,0,0
133,553826.5999999046,-3811468.186702761,3566806.98243011,3652666.5923306453,0,0,0,0,0,1,1,3.8578555247673427,5.318822594370053,5.996578759226646,19,3,0.10437133364055624,4.251301327647518,0.6890911251845727,0,,0.0,0.0,0,nan,0,0,,0,nan,,0.0,0.0,0,nan,nan,nan,nan,nan,nan,0,0.0,0,nan,nan,0.5466546433013674,0,2.761884246332548,0.30938831051298427,0.43761688678891103,11,2.247832114231902,3.5161257727839215,4.251301327647518,1.335898510189637,nan,nan,0,0.21209201919432513,0,f6fa57c2bd06c57a,512,7.913850328450402,8,0,0,0,0,0,0,nan,-1,0,nan,0,nan,0,nan,,0,0
134,553826.7999999523,-3811468.1878019567,3566806.985637567,3652666.589243545,0,0,0,0,0,1,1,3.8579580404749607,5.319006266351707,5.996847591735163,19,4,0.10437133364055624,4.254421475626382,0.688471901879772,0,,0.0,0.0,0,nan,0,0,,0,nan,,0.0,0.0,0,nan,nan,nan,nan,nan,nan,0,0.0,0,nan,nan,0.5439263506529485,0,2.763384695357245,0.3094149421983942,0.43761564800558606,11,2.2478611630349237,3.5162721522546803,4.254421475626382,1.3468952651177057,nan,nan,0,0.21212176645744452,0,f6fa57c2bd06c57a,512,7.911934184288254,8,0,0,0,0,0,0,nan,-1,0,nan,0,nan,0,nan,,0,0
135,553827.0,-3811468.111643901,3566806.9077284085,3652666.6593171554,0,0,0,0,0,1,1,3.8506169199852804,5.307969469370001,5.852315110497573,19,0,0.09857460373214366,4.146925816126614,0.5635563284671421,0,,0.0,0.0,0,nan,0,0,,0,nan,,0.0,0.0,0,nan,nan,nan,nan,nan,nan,0,0.0,0,nan,nan,0.27683728924955237,1,0.5610962415381241,0.21677168503221772,0.05383946062793902,5,3.8495542930473623,5.3096450149778365,4.146925816126614,1.2831498675486563,0.09857460373214366,0.09671186119271143,0,0.21448810234117024,0,f6fa57c2bd06c57a,512,7.792680229160082,8,12,1,416,9,8,128,0.27683728924955237,256,0,nan,0,nan,0,nan,,19,17
136,553827.199999094,-3811468.0940148463,3566806.8905580505,3652666.641000069,0,0,0,0,0,1,1,3.853035235738178,5.310937458804491,5.821861451540427,19,1,0.09857460373214366,4.121989119095179,0.5321901326671662,0,,0.0,0.0,0,nan,0,0,,0,nan,,0.0,0.0,0,nan,nan,nan,nan,nan,nan,0,0.0,0,nan,nan,0.30348831790827613,1,0.5308893807596974,0.22901098616375995,0.03964171879449444,5,3.852423928401251,5.311778002850195,4.121989119095179,1.287633609556804,nan,nan,0,0.22769691115204344,0,f6fa57c2bd06c57a,512,6.982797047993343,8,0,0,0,0,0,0,nan,-1,0,nan,0,nan,0,nan,,0,0
137,553827.3999989033,-3811468.078006212,3566806.8730734205,3652666.6263896944,0,0,0,0,0,1,1,3.8533622775815566,5.312652910773391,5.795875092548235,19,2,0.09857460373214366,4.098010376793993,0.5070551199628427,0,,0.0,0.0,0,nan,0,0,,0,nan,,0.0,0.0,0,nan,nan,nan,nan,nan,nan,0,0.0,0,nan,nan,0.2816339937881951,1,0.5057955585158342,0.22982125397365855,0.03861355413535366,5,3.852776632424686,5.313442361417708,4.098010376793993,1.297216416217571,nan,nan,0,0.2285657077347063,0,f6fa57c2bd06c57a,512,6.936470094212839,8,0,0,0,0,0,0,nan,-1,0,nan,0,nan,0,nan,,0,0
138,553827.5999999046,-3811468.073391289,3566806.8684036015,3652666.622026189,0,0,0,0,0,1,1,3.853331254980249,5.313481645653312,5.788990947328956,19,3,0.09857460373214366,4.091385907821337,0.5000452205252492,0,,0.0,0.0,0,nan,0,0,,0,nan,,0.0,0.0,0,nan,nan,nan,nan,nan,nan,0,0.0,0,nan,nan,0.2760016773511606,1,0.49878588660660905,0.22989312656301736,0.03851054495546278,5,3.852745162866858,5.314263246478093,4.091385907821337,1.3081230098219792,nan,nan,0,0.228642995506151,0,f6fa57c2bd06c57a,512,6.932307362574923,8,0,0,0,0,0,0,nan,-1,0,nan,0,nan,0,nan,,0,0
139,553827.7999999523,-3811468.072745622,3566806.869852144,3652666.622304268,0,0,0,0,0,1,1,3.853353656222136,5.313659177922772,5.789835079659558,19,4,0.09857460373214366,4.092071765221815,0.5006358023845698,0,,0.0,0.0,0,nan,0,0,,0,nan,,0.0,0.0,0,nan,nan,nan,nan,nan,nan,0,0.0,0,nan,nan,0.27702590180071385,1,0.499376060560632,0.22990022234367238,0.03849900290330987,5,3.852767341046653,5.314439753253216,4.092071765221815,1.3193512865544206,nan,nan,0,0.22865063219951204,0,f6fa57c2bd06c57a,512,6.931894265856028,8,0,0,0,0,0,0,nan,-1,0,nan,0,nan,0,nan,,0,0
140,553828.0,-3811468.0661813403,3566806.8627250856,3652666.7517490285,0,0,0,0,0,1,1,3.8186154844608313,5.203254166125255,5.691473398636357,19,0,0.08938931574877321,4.086669609186195,0.5092816892928378,0,,0.0,0.0,0,nan,0,0,,0,nan,,0.0,0.0,0,nan,nan,nan,nan,nan,nan,0,0.0,0,nan,nan,0.2889632462898248,1,2.8758388771881935,0.2203770811552839,0.08226135664036506,10,1.9861962070149637,3.2766604315330996,4.086669609186195,1.2560395952379817,0.08938931574877321,0.09337008776853428,0,0.21780453772667627,0,f6fa57c2bd06c57a,512,7.148514205616345,8,12,1,416,9,8,128,0.3473044779658678,221,0,nan,0,nan,0,nan,,19,17
141,553828.199999094,-3811468.071403873,3566806.866550798,3652666.7560254876,0,0,0,0,0,1,1,3.8222632088532085,5.20223731175561,5.692747720509161,19,1,0.08938931574877321,4.093174758981942,0.5111655865586506,0,,0.0,0.0,0,nan,0,0,,0,nan,,0.0,0.0,0,nan,nan,nan,nan,nan,nan,0,0.0,0,nan,nan,0.2850361266922854,1,0.5106065278077497,0.2310903598784963,0.02882330423932943,6,3.821792546892784,5.202527895134842,4.093174758981942,1.2606199405867662,nan,nan,0,0.23022340917194184,0,f6fa57c2bd06c57a,512,6.455549566283673,8,0,0,0,0,0,0,nan,-1,0,nan,0,nan,0,nan,,0,0
142,553828.3999989033,-3811468.0737366793,3566806.8712654174,3652666.757193967,0,0,0,0,0,1,1,3.8230273951334155,5.202224916958246,5.69617299389664,19,2,0.08938931574877321,4.098326032270089,0.5137859028264045,0,,0.0,0.0,0,nan,0,0,,0,nan,,0.0,0.0,0,nan,nan,nan,nan,nan,nan,0,0.0,0,nan,nan,0.282390008430453,1,0.5132620510328826,0.2318139834465079,0.02808487624718008,6,3.8225792340790976,5.202498115985065,4.098326032270089,1.2704065723485602,nan,nan,0,0.2309886685495791,0,f6fa57c2bd06c57a,512,6.418658236466413,8,0,0,0,0,0,0,nan,-1,0,nan,0,nan,0,nan,,0,0
143,553828.5999999046,-3811468.07287442,3566806.869024292,3652666.75345029,0,0,0,0,0,1,1,3.823339548305002,5.201988620192796,5.691295474766989,19,3,0.08938931574877321,4.095879325702708,0.5089788579332982,0,,0.0,0.0,0,nan,0,0,,0,nan,,0.0,0.0,0,nan,nan,nan,nan,nan,nan,0,0.0,0,nan,nan,0.2850878753280325,1,0.5084578549867174,0.23188656315160394,0.028014330731149138,6,3.822894606134569,5.202261194677937,4.095879325702708,1.2815413639290947,nan,nan,0,0.23106524238368648,0,f6fa57c2bd06c57a,512,6.4150500588192285,8,0,0,0,0,0,0,nan,-1,0,nan,0,nan,0,nan,,0,0
144,553828.7999999523,-3811468.072885572,3566806.8682263196,3652666.7582660215,0,0,0,0,0,1,1,3.8233918722237656,5.202027697300651,5.694046754211204,19,4,0.08938931574877321,4.09552060330058,0.5126515003355372,0,,0.0,0.0,0,nan,0,0,,0,nan,,0.0,0.0,0,nan,nan,nan,nan,nan,nan,0,0.0,0,nan,nan,0.28354720029841063,1,0.5121266942119536,0.23189355859379607,0.028003414467809653,6,3.822947214398767,5.202299910485227,4.09552060330058,1.293000496976616,nan,nan,0,0.2310726628971474,0,f6fa57c2bd06c57a,512,6.414684493900903,8,0,0,0,0,0,0,nan,-1,0,nan,0,nan,0,nan,,0,0
145,553829.0,-3811468.017554418,3566806.811584417,3652666.8119255626,0,0,0,0,0,1,1,3.7440607605549214,5.058949936247907,5.547042366255168,18,0,0.06618040356829674,4.019729389049064,0.5088448533180185,0,,0.0,0.0,0,nan,0,0,,0,nan,,0.0,0.0,0,nan,nan,nan,nan,nan,nan,0,0.0,0,nan,nan,0.291174106091016,1,2.8747984335404686,0.2470044683627657,0.07012467933785556,10,1.8988411526034232,3.1340366356223415,4.019729389049064,1.23087193110204,0.06618040356829674,0.051197964908721645,0,0.2398975775444613,0,f6fa57c2bd06c57a,512,6.405411221942713,8,12,1,416,9,8,128,0.3312092892330358,216,0,nan,0,nan,0,nan,,18,17
146,553829.199999094,-3811468.0165300644,3566806.8080750396,3652666.8104859213,0,0,0,0,0,1,1,3.7425889860762496,5.06159928795761,5.548157189626425,18,1,0.06618040356829674,4.016309146082557,0.5076424674475203,0,,0.0,0.0,0,nan,0,0,,0,nan,,0.0,0.0,0,nan,nan,nan,nan,nan,nan,0,0.0,0,nan,nan,0.29182582328544415,1,2.8720614443181014,0.2572270446358856,0.05643727316712151,10,1.8965125130807496,3.1381595184626847,4.016309146082557,1.235545772389991,nan,nan,0,0.25169460966145085,0,f6fa57c2bd06c57a,512,5.827251928469241,8,0,0,0,0,0,0,nan,-1,0,nan,0,nan,0,nan,,0,0
147,553829.3999989033,-3811468.014394675,3566806.8054189156,3652666.8067850103,0,0,0,0,0,1,1,3.7427023625799523,5.0609090265618955,5.542232905212141,18,2,0.06618040356829674,4.012672954542102,0.5024746822347429,0,,0.0,0.0,0,nan,0,0,,0,nan,,0.0,0.0,0,nan,nan,nan,nan,nan,nan,0,0.0,0,nan,nan,0.29580916115326555,1,2.867353547619423,0.25774336141378396,0.055441300938449505,10,1.8964179942663382,3.137477557687257,4.012672954542102,1.2455294838489075,nan,nan,0,0.2523485922802607,0,f6fa57c2bd06c57a,512,5.797916495475786,8,0,0,0,0,0,0,nan,-1,0,nan,0,nan,0,nan,,0,0
148,553829.5999999046,-3811468.0146250697,3566806.803597285,3652666.804401425,0,0,0,0,0,1,1,3.7426427526315162,5.060942659702758,5.539804631685444,18,3,0.06618040356829674,4.0112892774506035,0.4998668279357972,0,,0.0,0.0,0,nan,0,0,,0,nan,,0.0,0.0,0,nan,nan,nan,nan,nan,nan,0,0.0,0,nan,nan,0.2967837577483999,1,2.8650250146850866,0.25779057276989914,0.05535068656907516,10,1.8963765046169898,3.1375275180928313,4.0112892774506035,1.2568846948071117,nan,nan,0,0.2524099204879455,0,f6fa57c2bd06c57a,512,5.795167690175393,8,0,0,0,0,0,0,nan,-1,0,nan,0,nan,0,nan,,0,0
149,553829.7999999523,-3811468.0067259683,3566806.792402367,3652666.796458958,0,0,0,0,0,1,1,3.742676223725925,5.060832324218304,5.524190092080554,18,4,0.06618040356829674,3.99718053721089,0.4859239222288391,0,,0.0,0.0,0,nan,0,0,,0,nan,,0.0,0.0,0,nan,nan,nan,nan,nan,nan,0,0.0,0,nan,nan,0.3092584861683276,1,2.849561756062555,0.2577974063339173,0.05533728916943626,10,1.8963879983256586,3.1374389118072354,3.99718053721089,1.2685665783557698,nan,nan,0,0.2524180120347873,0,f6fa57c2bd06c57a,512,5.794814514368659,8,0,0,0,0,0,0,nan,-1,0,nan,0,nan,0,nan,,0,0
150,553830.0,-3811467.985260387,3566806.771353855,3652666.878964111,0,0,0,0,0,1,1,3.7053358089877895,4.935820702935853,5.4030003838471705,18,0,0.053549020670663715,3.973227598342918,0.48910632025327083,0,,0.0,0.0,0,nan,0,0,,0,nan,,0.0,0.0,0,nan,nan,nan,nan,nan,nan,0,0.0,0,nan,nan,0.30790024519971865,1,2.8547414066725527,0.2688379349836165,0.05957587534703231,10,1.834549688673896,3.0179152684915036,3.973227598342918,1.2066205478812713,0.053549020670663715,0.09588026818371093,0,0.25741853500851175,0,f6fa57c2bd06c57a,512,5.838144650382861,8,12,1,416,9,8,128,0.3198920552329628,213,0,nan,0,nan,0,nan,,18,17
151,553830.199999094,-3811467.9851125004,3566806.768358622,3652666.880671127,0,0,0,0,0,1,1,3.7060126276625125,4.937781693089791,5.403788527481263,18,1,0.053549020670663715,3.971003122751979,0.4888983262493862,0,,0.0,0.0,0,nan,0,0,,0,nan,,0.0,0.0,0,nan,nan,nan,nan,nan,nan,0,0.0,0,nan,nan,0.3084501040872575,1,2.851730658523482,0.280382292389661,0.048818686038999866,10,1.8340120911430458,3.02143929377299,3.971003122751979,1.2113879539230077,nan,nan,0,0.2698930923519399,0,f6fa57c2bd06c57a,512,5.315875950006536,8,0,0,0,0,0,0,nan,-1,0,nan,0,nan,0,nan,,0,0
152,553830.3999989033,-3811467.9863232654,3566806.7665131297,3652666.883861564,0,0,0,0,0,1,1,3.7064120338583804,4.937506970270635,5.4046828928923,18,2,0.053549020670663715,3.9706548931090153,0.4908854233579004,0,,0.0,0.0,0,nan,0,0,,0,nan,,0.0,0.0,0,nan,nan,nan,nan,nan,nan,0,0.0,0,nan,nan,0.3069435491620945,1,2.8513318789228776,0.28096584723750756,0.048193941153043464,10,1.8341719022862646,3.02120125989162,3.9706548931090153,1.2215691181494948,nan,nan,0,0.2705605684196914,0,f6fa57c2bd06c57a,512,5.2901037310399825,8,0,0,0,0,0,0,nan,-1,0,nan,0,nan,0,nan,,0,0
153,553830.5999999046,-3811467.9856298915,3566806.764454131,3652666.8898634403,0,0,0,0,0,1,1,3.706512783888152,4.937465426843668,5.407062639292708,18,3,0.053549020670663715,3.969153137695144,0.49494210928924426,0,,0.0,0.0,0,nan,0,0,,0,nan,,0.0,0.0,0,nan,nan,nan,nan,nan,nan,0,0.0,0,nan,nan,0.30587739668817193,1,2.851566922970628,0.28102164850413364,0.04814071264091925,10,1.8342293454939012,3.021203274162232,3.969153137695144,1.2331449834508021,nan,nan,0,0.27062498913336436,0,f6fa57c2bd06c57a,512,5.28762551047806,8,0,0,0,0,0,0,nan,-1,0,nan,0,nan,0,nan,,0,0
154,553830.7999999523,-3811467.9903496564,3566806.765487584,3652666.8982066484,0,0,0,0,0,1,1,3.7065267882646267,4.937486369724766,5.415491101303163,18,4,0.053549020670663715,3.9737126486476058,0.5041093881334928,0,,0.0,0.0,0,nan,0,0,,0,nan,,0.0,0.0,0,nan,nan,nan,nan,nan,nan,0,0.0,0,nan,nan,0.2984195424697685,1,2.857388194549776,0.2810265345244013,0.0481362569687508,10,1.8342376997053618,3.021224654738569,3.9737126486476058,1.2450496285497097,nan,nan,0,0.270630850032925,0,f6fa57c2bd06c57a,512,5.287399256803875,8,0,0,0,0,0,0,nan,-1,0,nan,0,nan,0,nan,,0,0
155,553831.0,-3811467.941213719,3566806.7208671384,3652666.943855947,0,0,0,0,0,1,1,1.7485042870442287,2.899923333539572,5.285965730854099,19,0,0.045751172293329055,3.9124282073757004,2.85909481271936,0,,0.0,0.0,0,nan,0,0,,0,nan,,0.0,0.0,0,nan,nan,nan,nan,nan,nan,0,0.0,0,nan,nan,0.2755362166679209,1,2.86474186008789,0.2821092228288889,0.057548359476197464,10,1.750052414652737,2.8932136432611,3.9124282073757004,1.182481384915011,0.045751172293329055,0.07387401011273749,0,0.26802213620346527,0,0495d0a68a8d8223,512,5.4432832875739114,8,12,1,416,9,8,128,0.27552330168830075,191,0,nan,0,nan,0,nan,,19,17
156,553831.199999094,-3811467.9375429526,3566806.7170734573,3652666.936109979,0,0,0,0,0,1,1,1.7485431457495522,2.8977108244500394,5.273563828073329,19,1,0.045751172293329055,3.906416893204607,2.851152918107964,0,,0.0,0.0,0,nan,0,0,,0,nan,,0.0,0.0,0,nan,nan,nan,nan,nan,nan,0,0.0,0,nan,nan,0.2853185776059235,1,2.8564378296865147,0.29405379432713113,0.04676471640658878,10,1.7491173975533845,2.891950027117506,3.906416893204607,1.1873457377292325,nan,nan,0,0.28063010079580725,0,0495d0a68a8d8223,512,4.9708805363725475,8,0,0,0,0,0,0,nan,-1,0,nan,0,nan,0,nan,,0,0
157,553831.3999989033,-3811467.9339334266,3566806.7150494764,3652666.923380547,0,0,0,0,0,1,1,1.748402881886987,2.8976223956297105,5.26252002642132,19,2,0.045751172293329055,3.9013209807799902,2.843522506703107,0,,0.0,0.0,0,nan,0,0,,0,nan,,0.0,0.0,0,nan,nan,nan,nan,nan,nan,0,0.0,0,nan,nan,0.2938064460102177,1,2.8487652856471284,0.29463721774424584,0.046166699329997264,10,1.7489353204649185,2.8919175855567487,3.9013209807799902,1.197731291984316,nan,nan,0,0.2812719814781016,0,0495d0a68a8d8223,512,4.948677920243664,8,0,0,0,0,0,0,nan,-1,0,nan,0,nan,0,nan,,0,0
158,553831.5999999046,-3811467.934313512,3566806.716264473,3652666.924297403,0,0,0,0,0,1,1,1.74834344977547,2.8979750304400245,5.264496451142877,19,3,0.045751172293329055,3.9025741748056184,2.8452448085796807,0,,0.0,0.0,0,nan,0,0,,0,nan,,0.0,0.0,0,nan,nan,nan,nan,nan,nan,0,0.0,0,nan,nan,0.2925846322624852,1,2.850488115677593,0.2946966526242588,0.046123630808037025,10,1.7488737396834322,2.8922715788531788,3.9025741748056184,1.2095353202027972,nan,nan,0,0.28133706673946657,0,0495d0a68a8d8223,512,4.946414441571457,8,0,0,0,0,0,0,nan,-1,0,nan,0,nan,0,nan,,0,0
159,553831.7999999523,-3811467.9425369482,3566806.7217578874,3652666.9313570894,0,0,0,0,0,1,1,1.7483225454666045,2.8980424533213625,5.275786553086618,19,4,0.045751172293329055,3.9119685797088577,2.854772769759157,0,,0.0,0.0,0,nan,0,0,,0,nan,,0.0,0.0,0,nan,nan,nan,nan,nan,nan,0,0.0,0,nan,nan,0.28168011085083505,1,2.8600201476144242,0.2947030152398048,0.04611863128047592,10,1.7488525389543328,2.8923388535844725,3.9119685797088577,1.2216700533079259,nan,nan,0,0.28134402193753055,0,0495d0a68a8d8223,512,4.946168793670815,8,0,0,0,0,0,0,nan,-1,0,nan,0,nan,0,nan,,0,0
160,553832.0,-3811467.8971034507,3566806.660175587,3652667.001338215,0,0,0,0,0,1,1,1.6628796026942134,2.761097678866643,5.1578292351717865,19,0,0.053054975301947395,3.843556512390465,2.8714500080005654,0,,0.0,0.0,0,nan,0,0,,0,nan,,0.0,0.0,0,nan,nan,nan,nan,nan,nan,0,0.0,0,nan,nan,0.27471248186609365,1,2.8777406875396414,0.2869343564125305,0.05659746188526192,10,1.6642665495993554,2.753840305188654,3.843556512390465,1.1592398702399043,0.053054975301947395,0.07174449441085436,0,0.2711071614071903,0,0495d0a68a8d8223,512,5.209627533642876,8,12,1,416,9,8,128,0.26623577834597434,212,0,nan,0,nan,0,nan,,19,17
161,553832.2000000477,-3811467.923542705,3566806.6856013197,3652667.027341143,0,0,0,0,0,1,1,1.661086283599482,2.767657388735283,5.2153084285072735,19,1,0.053054975301947395,3.882917288575281,2.9176099428971303,0,,0.0,0.0,0,nan,0,0,,0,nan,,0.0,0.0,0,nan,nan,nan,nan,nan,nan,0,0.0,0,nan,nan,0.22596948466956318,1,2.923619662646555,0.2986398900738595,0.04559430092062333,10,1.6614688395363215,2.76125521970922,3.882917288575281,1.1642015862100588,nan,nan,0,0.28344470855002746,0,0495d0a68a8d8223,512,4.770323439363495,8,0,0,0,0,0,0,nan,-1,0,nan,0,nan,0,nan,,0,0
162,553832.3999989033,-3811467.97635213,3566806.736962265,3652667.0881054373,0,0,0,0,0,1,1,1.660504807347517,2.770322865358264,5.315730978782877,19,2,0.053054975301947395,3.9636450512398866,3.0065562647630775,0,,0.0,0.0,0,nan,0,0,,0,nan,,0.0,0.0,0,nan,nan,nan,nan,nan,nan,0,0.0,0,nan,nan,0.17169465080885107,1,3.0126192441042363,0.29907060172181343,0.04529468460594819,10,1.6608593559890439,2.7639160564773384,3.9636450512398866,1.1747917570804605,nan,nan,0,0.28391665216837586,0,0495d0a68a8d8223,512,4.754603503585449,8,0,0,0,0,0,0,nan,-1,0,nan,0,nan,0,nan,,0,0
163,553832.5999999046,-3811468.0341906943,3566806.7926369924,3652667.153666211,0,0,0,0,0,1,1,1.6604504594322762,2.770337784155896,5.418378896979437,19,3,0.053054975301947395,4.051940813799846,3.100994418759205,0,,0.0,0.0,0,nan,0,0,,0,nan,,0.0,0.0,0,nan,nan,nan,nan,nan,nan,0,0.0,0,nan,nan,0.1726150847606969,1,3.1070906988017537,0.29912588191042055,0.04525246622058291,10,1.6607994508009032,2.7639311788929564,4.051940813799846,1.1868239656301016,nan,nan,0,0.2839774602271333,0,0495d0a68a8d8223,512,4.752608408204384,8,0,0,0,0,0,0,nan,-1,0,nan,0,nan,0,nan,,0,0
164,553832.7999989986,-3811468.0931589496,3566806.8458652617,3652667.2118589464,0,0,0,0,0,1,1,1.6604412173872545,2.7702836477426467,5.518312078111911,19,4,0.053054975301947395,4.139193567746055,3.1946455084420555,0,,0.0,0.0,0,nan,0,0,,0,nan,,0.0,0.0,0,nan,nan,nan,nan,nan,nan,0,0.0,0,nan,nan,0.22759460220389044,1,3.2007689034391578,0.29913428031296624,0.04524493474449218,10,1.6607887667563397,2.76387706290703,4.139193567746055,1.199188445176101,nan,nan,0,0.283986740970626,0,0495d0a68a8d8223,512,4.752307673422606,8,0,0,0,0,0,0,nan,-1,0,nan,0,nan,0,nan,,0,0
165,553833.0,-3811467.8769136514,3566806.585056034,3652667.0628408715,0,0,0,0,0,1,1,3.3687905508925655,4.872274724566671,5.508245525757731,18,0,0.047267940201068906,3.783660693091006,0.6551735122326023,0,,0.0,0.0,0,nan,0,0,,0,nan,,0.0,0.0,0,nan,nan,nan,nan,nan,nan,0,0.0,0,nan,nan,0.25428347468732965,1,3.017424708328272,0.2712329429290279,0.05899269099775641,9,1.5541420619796433,2.932424567206292,3.783660693091006,1.1373604200894354,0.047267940201068906,0.36198271512667823,0,0.2530338125669179,0,f6fa57c2bd06c57a,512,5.321334718738363,8,12,1,416,9,8,128,0.26847019847237635,369,0,nan,0,nan,0,nan,,18,16
166,553833.2000000477,-3811467.942841122,3566806.6108432873,3652667.1120599834,0,0,0,0,0,1,1,3.349151682164182,4.891326308335232,5.636008652975201,18,1,0.047267940201068906,3.854746832013611,0.7608041116667692,0,,0.0,0.0,0,nan,0,0,,0,nan,,0.0,0.0,0,nan,nan,nan,nan,nan,nan,0,0.0,0,nan,nan,0.1862127538401772,1,3.1129779170196286,0.28383814154978526,0.09030963811523954,11,1.5493818109151607,2.952363386505639,3.854746832013611,1.1424217871181015,nan,nan,0,0.264498944151949,0,f6fa57c2bd06c57a,512,4.873178659739958,8,0,0,0,0,0,0,nan,-1,0,nan,0,nan,0,nan,,0,0
167,553833.3999989033,-3811468.0480415085,3566806.6463518525,3652667.1859335355,0,0,0,0,0,1,1,3.344788448611241,4.895606086948616,5.772089162175528,18,2,0.047267940201068906,3.963573068034506,0.8898001854112063,0,,0.0,0.0,0,nan,0,0,,0,nan,,0.0,0.0,0,nan,nan,nan,nan,nan,nan,0,0.0,0,nan,nan,0.20175172860786786,1,3.2370321743995163,0.2842886387530211,0.08967555444468818,11,1.5480970319633893,2.95679298620234,3.963573068034506,1.1532131646327353,nan,nan,0,0.265043234967459,0,f6fa57c2bd06c57a,512,4.853405588199591,8,0,0,0,0,0,0,nan,-1,0,nan,0,nan,0,nan,,0,0
168,553833.5999999046,-3811468.164357494,3566806.663408221,3652667.2313815723,0,0,0,0,0,1,1,3.343918262936268,4.896062727378415,5.874802713751717,18,3,0.047267940201068906,4.058980586629926,0.9884809762802865,0,,0.0,0.0,0,nan,0,0,,0,nan,,0.0,0.0,0,nan,nan,nan,nan,nan,nan,0,0.0,0,nan,nan,0.26434245635784676,1,3.3378062679860636,0.2843388039167474,0.08951148654148885,11,1.547796929642115,2.957220804954365,4.058980586629926,1.1654685053963985,nan,nan,0,0.26515253815142964,0,f6fa57c2bd06c57a,512,4.84944509356403,8,0,0,0,0,0,0,nan,-1,0,nan,0,nan,0,nan,,0,0
169,553833.7999989986,-3811468.339641392,3566806.6803187616,3652667.3166121943,0,0,0,0,0,1,1,3.3433941756872434,4.896818351887571,6.039818000383368,18,4,0.047267940201068906,4.20174968702978,1.151530467987369,0,,0.0,0.0,0,nan,0,0,,0,nan,,0.0,0.0,0,nan,nan,nan,nan,nan,nan,0,0.0,0,nan,nan,0.2114795133398772,1,3.4890395837848587,0.2843174555356505,0.0896106099056067,11,1.5476495735065021,2.958043685276022,4.20174968702978,1.178280152302728,nan,nan,0,0.2651151814208439,0,f6fa57c2bd06c57a,512,4.850802347927547,8,0,0,0,0,0,0,nan,-1,0,nan,0,nan,0,nan,,0,0
170,553834.0,-3811468.1819686536,3566806.3127259864,3652666.9904269995,0,0,0,0,0,1,1,3.2348938489951338,5.271607015080482,6.079798042507498,19,0,0.05682785282250618,3.773263474308673,0.8277610771685451,0,,0.0,0.0,0,nan,0,0,,0,nan,,0.0,0.0,0,nan,nan,nan,nan,nan,nan,0,0.0,0,nan,nan,0.21963328665961282,1,3.1785587573579406,0.2993593616500331,0.05605173919124613,10,1.5318812438906526,3.29098235350476,3.773263474308673,1.1146720770202667,0.05682785282250618,0.7585077761725596,1,0.28289254174836037,0,f6fa57c2bd06c57a,512,5.061049318247411,8,12,1,416,9,8,128,0.5134313591837822,198,0,nan,0,nan,0,nan,,19,16
171,553834.2000000477,-3811468.3609831757,3566806.2911363347,3652667.0129717146,0,0,0,0,0,1,1,3.208158583576214,5.3066109571972815,6.261165152777496,19,1,0.05682785282250618,3.868069932031674,0.9708235681600521,0,,0.0,0.0,0,nan,0,0,,0,nan,,0.0,0.0,0,nan,nan,nan,nan,nan,nan,0,0.0,0,nan,nan,0.292858404604024,1,3.3170608738534644,0.3104548385557265,0.05323624224848346,11,1.5295924214860115,3.327228826954579,3.868069932031674,1.1207849122552709,nan,nan,0,0.2942182489162477,0,f6fa57c2bd06c57a,512,4.684261143966189,8,0,0,0,0,0,0,nan,-1,0,nan,0,nan,0,nan,,0,0
172,553834.3999989033,-3811468.5935654556,3566806.291800705,3652667.0650551766,0,0,0,0,0,1,1,3.2015386325838784,5.315378305928741,6.45067762101507,19,2,0.05682785282250618,4.016028926985504,1.14915786073512,0,,0.0,0.0,0,nan,0,0,,0,nan,,0.0,0.0,0,nan,nan,nan,nan,nan,nan,0,0.0,0,nan,nan,0.2388990280513909,1,3.485271218702636,0.31115515937334143,0.05312239709190264,11,1.5289445041410787,3.335269536276288,4.016028926985504,1.1344753920671016,nan,nan,0,0.29500284516111996,0,f6fa57c2bd06c57a,512,4.659937131693637,8,0,0,0,0,0,0,nan,-1,0,nan,0,nan,0,nan,,0,0
173,553834.5999999046,-3811468.8537251814,3566806.2975220517,3652667.1028132853,0,0,0,0,0,1,1,3.199496054789631,5.318194360023173,6.634467523048352,19,3,0.05682785282250618,4.177159762217223,1.3271496257983408,0,,0.0,0.0,0,nan,0,0,,0,nan,,0.0,0.0,0,nan,nan,nan,nan,nan,nan,0,0.0,0,nan,nan,0.19685673325486128,1,3.6568042412209514,0.3112314223508479,0.05314060804316881,11,1.528719693597617,3.3377655425985755,4.177159762217223,1.1514234305888231,nan,nan,0,0.2951082496095681,0,f6fa57c2bd06c57a,512,4.656684322794603,8,0,0,0,0,0,0,nan,-1,0,nan,0,nan,0,nan,,0,0
174,553834.7999989986,-3811469.114811977,3566806.323649526,3652667.122325002,0,0,0,0,0,1,1,3.198694438715217,5.319344563622233,6.813729067694002,19,4,0.05682785282250618,4.345613150211294,1.5017134146045208,0,,0.0,0.0,0,nan,0,0,,0,nan,,0.0,0.0,0,nan,nan,nan,nan,nan,nan,0,0.0,0,nan,nan,0.2934674592666072,1,3.831386207275223,0.3112551218458737,0.05316922901905692,11,1.5286433549218612,3.3386678907108833,4.345613150211294,1.1711677443423605,nan,nan,0,0.29513944169694395,0,f6fa57c2bd06c57a,512,4.655725307310033,8,0,0,0,0,0,0,nan,-1,0,nan,0,nan,0,nan,,0,0
175,553835.0,-3811468.9221727075,3566805.8889285713,3652666.7511459067,0,0,0,0,0,1,1,1.4707118304891544,3.9431571673753965,6.8501941470861425,19,0,0.07947955307913723,3.8078952838316265,3.2561365527348842,0,,0.0,0.0,0,nan,0,0,,0,nan,,0.0,0.0,0,nan,nan,nan,nan,nan,nan,0,0.0,0,nan,nan,0.20934747711472576,1,3.275150528193352,0.32737411884718687,0.0738479032763352,11,1.4750759401250506,3.924630184826396,3.8078952838316265,1.0921800440234188,0.07947955307913723,0.7428734976749565,3,0.2911236875882674,0,0495d0a68a8d8223,512,5.636487087407725,8,12,1,416,9,8,128,0.21803985563011322,414,0,nan,0,nan,0,nan,,19,16
176,553835.2000000477,-3811469.14593144,3566805.8887803154,3652666.7461278667,0,0,0,0,0,1,1,1.4646792956050447,4.019986296435004,7.09789012124363,19,1,0.07947955307913723,3.923234607812135,3.411592634721022,0,,0.0,0.0,0,nan,0,0,,0,nan,,0.0,0.0,0,nan,nan,nan,nan,nan,nan,0,0.0,0,nan,nan,0.19959470262184023,1,3.432953065224473,0.3327380827870908,0.07836335706661653,11,1.4703486707525024,3.9990276960299385,3.923234607812135,1.1012254354878293,nan,nan,0,0.29422810422959983,0,0495d0a68a8d8223,512,5.518350985964373,8,0,0,0,0,0,0,nan,-1,0,nan,0,nan,0,nan,,0,0
177,553835.3999989033,-3811469.426497666,3566805.9428132623,3652666.7865170296,0,0,0,0,0,1,1,1.4627120301669414,4.047816482375024,7.366613282876145,19,2,0.07947955307913723,4.121643685872361,3.6340663534053474,0,,0.0,0.0,0,nan,0,0,,0,nan,,0.0,0.0,0,nan,nan,nan,nan,nan,nan,0,0.0,0,nan,nan,0.1902590063286564,1,3.6563280604395865,0.3327604731666151,0.08032301286205747,11,1.4688311896850161,4.026035108286201,4.121643685872361,1.124376975870655,nan,nan,0,0.2939306725792891,0,0495d0a68a8d8223,512,5.528950594669491,8,0,0,0,0,0,0,nan,-1,0,nan,0,nan,0,nan,,0,0
178,553835.5999999046,-3811469.724018108,3566806.017251087,3652666.8257139185,0,0,0,0,0,1,1,1.4619791346500195,4.058375774145203,7.6318468953995175,19,3,0.07947955307913723,4.342795068315257,3.8742034183923546,0,,0.0,0.0,0,nan,0,0,,0,nan,,0.0,0.0,0,nan,nan,nan,nan,nan,nan,0,0.0,0,nan,nan,0.35981831142096093,1,3.8968074188842494,0.333071061146862,0.08093548104144406,11,1.4682485089552404,4.036335286538186,4.342795068315257,1.15654221137226,nan,nan,0,0.29421446269366985,0,0495d0a68a8d8223,512,5.518422689438299,8,0,0,0,0,0,0,nan,-1,0,nan,0,nan,0,nan,,0,0
179,553835.7999989986,-3811470.054085611,3566806.104452153,3652666.8646822744,0,0,0,0,0,1,1,1.461686681153318,4.062479247292961,7.908610218492271,19,4,0.07947955307913723,4.587383456620978,4.132412124276527,0,,0.0,0.0,0,nan,0,0,,0,nan,,0.0,0.0,0,nan,nan,nan,nan,nan,nan,0,0.0,0,nan,nan,0.48333798874507383,1,4.155184859243205,0.3330061506490716,0.08119837133580554,11,1.4680095599268113,4.040341827202291,4.587383456620978,1.18934885985337,nan,nan,0,0.29414425967301044,0,0495d0a68a8d8223,512,5.520990620067633,8,0,0,0,0,0,0,nan,-1,0,nan,0,nan,0,nan,,0,0
180,553836.0,-3811469.7342828037,3566805.5704881656,3652666.157351709,0,0,0,0,0,1,1,1.4493746416973403,4.992558142454145,7.981830352750347,19,0,0.1302654067284061,3.788254931287446,3.3023502767901753,0,,0.0,0.0,0,nan,0,0,,0,nan,,0.0,0.0,0,nan,nan,nan,nan,nan,nan,0,0.0,0,nan,nan,0.2790685781803254,1,3.325792757510309,0.3426434254767578,0.08443874367740195,9,1.4549549830264759,4.969404068944784,3.788254931287446,1.0694199344821425,0.1302654067284061,1.0123440031286453,4,0.2997693846185877,0,0495d0a68a8d8223,512,6.464914862269723,8,12,1,416,9,8,128,0.4026294589389049,22,0,nan,0,nan,0,nan,,19,16
181,553836.2000000477,-3811470.01414231,3566805.58588379,3652666.0946779614,0,0,0,0,0,1,1,1.4479345591207058,5.085792995792921,8.26328948934378,19,1,0.1302654067284061,3.909997348660112,3.478198082228066,0,,0.0,0.0,0,nan,0,0,,0,nan,,0.0,0.0,0,nan,nan,nan,nan,nan,nan,0,0.0,0,nan,nan,0.1568222455652306,1,3.5037821960923163,0.3461297070219405,0.08832656124181273,10,1.4548561981269759,5.060512422084035,3.909997348660112,1.079791469158277,nan,nan,0,0.3018049149564147,0,0495d0a68a8d8223,512,6.379892562393212,8,0,0,0,0,0,0,nan,-1,0,nan,0,nan,0,nan,,0,0
182,553836.3999989033,-3811470.3718807334,3566805.6227375017,3652666.0573353483,0,0,0,0,0,1,1,1.4476609510291423,5.115736414823625,8.519488585058388,19,2,0.1302654067284061,4.093862800363508,3.6914859106309903,0,,0.0,0.0,0,nan,0,0,,0,nan,,0.0,0.0,0,nan,nan,nan,nan,nan,nan,0,0.0,0,nan,nan,0.1887364475643446,1,3.7177278157373963,0.34725598545056663,0.08921522335840533,10,1.4548048390511379,5.089898507342988,4.093862800363508,1.103650178408427,nan,nan,0,0.3028680447390201,0,0495d0a68a8d8223,512,6.33611957334658,8,0,0,0,0,0,0,nan,-1,0,nan,0,nan,0,nan,,0,0
183,553836.5999999046,-3811470.7880433723,3566805.656280313,3652665.997618948,0,0,0,0,0,1,1,1.4474905911771292,5.127588496207012,8.761814019283616,19,3,0.1302654067284061,4.298836990706948,3.912810536693277,0,,0.0,0.0,0,nan,0,0,,0,nan,,0.0,0.0,0,nan,nan,nan,nan,nan,nan,0,0.0,0,nan,nan,0.3988511410935971,1,3.9392697641098806,0.34753185464058534,0.08952152583235996,10,1.454669486453596,5.101607023581457,4.298836990706948,1.133195553484325,nan,nan,0,0.3032143239010548,0,0495d0a68a8d8223,512,6.321977281943225,8,0,0,0,0,0,0,nan,-1,0,nan,0,nan,0,nan,,0,0
184,553836.7999989986,-3811471.240296312,3566805.6763788345,3652665.8875884935,0,0,0,0,0,1,1,1.447409655040296,5.130792129282266,8.984297062262753,19,4,0.1302654067284061,4.507567206460244,4.130247458409222,0,,0.0,0.0,0,nan,0,0,,0,nan,,0.0,0.0,0,nan,nan,nan,nan,nan,nan,0,0.0,0,nan,nan,0.4739823126657381,1,4.156695172679024,0.34791765550750403,0.0894545367010929,10,1.4545635461857123,5.10483424492711,4.507567206460244,1.1628915280469658,nan,nan,0,0.3036762320775072,0,0495d0a68a8d8223,512,6.303182128902364,8,0,0,0,0,0,0,nan,-1,0,nan,0,nan,0,nan,,0,0
185,553837.0,-3811471.1321867257,3566805.020532759,3652665.048045897,0,0,0,0,0,1,1,1.4298821413891536,5.775854771532552,8.739895452178526,18,0,0.059649574053261115,3.706928963300558,3.283266366751436,0,,0.0,0.0,0,nan,0,0,,0,nan,,0.0,0.0,0,nan,nan,nan,nan,nan,nan,0,0.0,0,nan,nan,0.3422427176937941,1,3.3011655571712124,0.38311733008632637,0.07770203121345476,11,1.4360372248417121,5.758463469922362,3.706928963300558,1.0476351539322752,0.059649574053261115,0.6921808849583109,4,0.34065842433487886,0,0495d0a68a8d8223,512,5.213174322530982,8,12,1,416,9,8,128,0.4128523897880491,25,0,nan,0,nan,0,nan,,18,16
186,553837.2000000477,-3811471.536153029,3566804.8660424314,3652664.8337527113,0,0,0,0,0,1,1,1.4295903335367082,5.81299261536012,8.798749433709412,18,1,0.059649574053261115,3.7140805438819338,3.307134647554118,0,,0.0,0.0,0,nan,0,0,,0,nan,,0.0,0.0,0,nan,nan,nan,nan,nan,nan,0,0.0,0,nan,nan,0.30683904098318704,1,3.323992578279995,0.4001657117844769,0.07030931255956344,11,1.4357526860275842,5.795851500938477,3.7140805438819338,1.0534563734458915,nan,nan,0,0.35857891813152926,0,0495d0a68a8d8223,512,4.7074701754205055,8,0,0,0,0,0,0,nan,-1,0,nan,0,nan,0,nan,,0,0
187,553837.3999989033,-3811471.988791694,3566804.656074496,3652664.6492312504,0,0,0,0,0,1,1,1.4295821642138802,5.821761355762716,8.82640908304139,18,2,0.059649574053261115,3.7124140940803096,3.3112659522306913,0,,0.0,0.0,0,nan,0,0,,0,nan,,0.0,0.0,0,nan,nan,nan,nan,nan,nan,0,0.0,0,nan,nan,0.2901991179878654,1,3.328180821560667,0.40094622084739184,0.07004434234548138,11,1.435768536003787,5.804573918250655,3.7124140940803096,1.0652810612270611,nan,nan,0,0.3594419300102044,0,0495d0a68a8d8223,512,4.685214916607048,8,0,0,0,0,0,0,nan,-1,0,nan,0,nan,0,nan,,0,0
188,553837.5999999046,-3811472.4596249466,3566804.412137243,3652664.402035916,0,0,0,0,0,1,1,1.4295122786968588,5.822422707308665,8.814395709881845,18,3,0.059649574053261115,3.7081553019276754,3.3027605430101894,0,,0.0,0.0,0,nan,0,0,,0,nan,,0.0,0.0,0,nan,nan,nan,nan,nan,nan,0,0.0,0,nan,nan,0.302968364211223,1,3.319556966755519,0.40148227019049876,0.06978962872529858,11,1.43565749959772,5.805304701277782,3.7081553019276754,1.0785765427303338,nan,nan,0,0.36007923230861566,0,0495d0a68a8d8223,512,4.668962977729583,8,0,0,0,0,0,0,nan,-1,0,nan,0,nan,0,nan,,0,0
189,553837.7999989986,-3811472.948954458,3566804.1485699685,3652664.12001046,0,0,0,0,0,1,1,1.4294971538087462,5.823073568222661,8.802410496049836,18,4,0.059649574053261115,3.724756144699225,3.3144277843393364,0,,0.0,0.0,0,nan,0,0,,0,nan,,0.0,0.0,0,nan,nan,nan,nan,nan,nan,0,0.0,0,nan,nan,0.314287431025427,1,3.3310880559601546,0.4015270875697897,0.06977224892307335,11,1.4356388770935602,5.805958649694876,3.724756144699225,1.0921798870652077,nan,nan,0,0.3601386441884907,0,0495d0a68a8d8223,512,4.667463772101396,8,0,0,0,0,0,0,nan,-1,0,nan,0,nan,0,nan,,0,0
190,553838.0,-3811473.400858441,3566803.6512107565,3652663.8937843777,0,0,0,0,0,1,1,1.3961233813211371,5.6624491515163715,8.412587145628454,19,0,0.055135917062739785,3.5578092078939645,3.068363098003447,0,,0.0,0.0,0,nan,0,0,,0,nan,,0.0,0.0,0,nan,nan,nan,nan,nan,nan,0,0.0,0,nan,nan,0.25182116202346433,1,3.0833533588132642,0.43562393232403446,0.06913337076548874,8,1.396825442070361,5.648576524068362,3.5578092078939645,1.029718279614267,0.055135917062739785,0.3240978608489135,0,0.39716874578448885,0,0495d0a68a8d8223,512,4.03011082371083,8,12,1,416,9,8,128,0.25182116202346433,318,0,nan,0,nan,0,nan,,19,15
191,553838.2000000477,-3811473.9294951134,3566803.255051186,3652663.660612985,0,0,0,0,0,1,1,1.3974653521914477,5.675479673073002,8.343082660236535,19,1,0.055135917062739785,3.5210223029125123,3.011605061922833,0,,0.0,0.0,0,nan,0,0,,0,nan,,0.0,0.0,0,nan,nan,nan,nan,nan,nan,0,0.0,0,nan,nan,0.28404879218569273,1,3.0239687049862605,0.4550594762177923,0.05499871497819941,8,1.3976448930192504,5.663317160939016,3.5210223029125123,1.0353261299275098,nan,nan,0,0.41783345792769216,0,0495d0a68a8d8223,512,3.642719203461798,8,0,0,0,0,0,0,nan,-1,0,nan,0,nan,0,nan,,0,0
192,553838.3999989033,-3811474.474158754,3566802.7750047864,3652663.4687548866,0,0,0,0,0,1,1,1.3982354204110856,5.677698667033056,8.251586384683092,19,2,0.055135917062739785,3.4583867667308295,2.9333946359650724,0,,0.0,0.0,0,nan,0,0,,0,nan,,0.0,0.0,0,nan,nan,nan,nan,nan,nan,0,0.0,0,nan,nan,0.3439575886435049,1,2.9455659738497193,0.4557470741169612,0.05425465756424638,8,1.3983362862265705,5.665585377663916,3.4583867667308295,1.047227901092408,nan,nan,0,0.41868751028155843,0,0495d0a68a8d8223,512,3.6281031723339665,8,0,0,0,0,0,0,nan,-1,0,nan,0,nan,0,nan,,0,0
193,553838.5999999046,-3811475.0235142596,3566802.230578476,3652663.299152193,0,0,0,0,0,1,1,1.3984243455731582,5.678192657135219,8.163803191399802,19,3,0.055135917062739785,3.3922772350084647,2.8587072757592944,0,,0.0,0.0,0,nan,0,0,,0,nan,,0.0,0.0,0,nan,nan,nan,nan,nan,nan,0,0.0,0,nan,nan,0.351695249410388,1,2.8708104227867914,0.45568722471465933,0.05420979074562095,8,1.3984980902490896,5.666069706885871,3.3922772350084647,1.060710327286877,nan,nan,0,0.4186367892551584,0,0495d0a68a8d8223,512,3.629012032006734,8,0,0,0,0,0,0,nan,-1,0,nan,0,nan,0,nan,,0,0
194,553838.7999989986,-3811475.5915414966,3566801.6362085417,3652663.170854875,0,0,0,0,0,1,1,1.3984777869274994,5.678552138210986,8.083266922969692,19,4,0.055135917062739785,3.3276308601441613,2.7885878262068187,0,,0.0,0.0,0,nan,0,0,,0,nan,,0.0,0.0,0,nan,nan,nan,nan,nan,nan,0,0.0,0,nan,nan,0.28018224720773127,1,2.8006447826405125,0.45560299071132265,0.0542499511393914,8,1.398545262502508,5.666416015988736,3.3276308601441613,1.0745276402902655,nan,nan,0,0.418549478478915,0,0495d0a68a8d8223,512,3.630523551810011,8,0,0,0,0,0,0,nan,-1,0,nan,0,nan,0,nan,,0,0
195,553839.0,-3811476.3373462083,3566801.087225709,3652663.392351419,0,0,0,0,0,1,1,0.7265253068600654,5.6465004561717365,7.721341135935944,19,0,0.04437860562556492,3.464890266520668,2.7665130056415395,0,,0.0,0.0,0,nan,0,0,,0,nan,,0.0,0.0,0,nan,nan,nan,nan,nan,nan,0,0.0,0,nan,nan,0.16133218510391362,1,0.8151622054651163,0.08003472222222222,0.04066039755363013,4,2.793476270931408,7.2307584961326885,3.464890266520668,1.0129440453883733,0.04437860562556492,0.3487962827525198,5,0.07916666666666666,0,042f32f7418a68e7,276,13.294566064107045,8,12,1,288,9,8,0,0.16133218510391362,96,0,nan,0,nan,0,nan,,19,15
196,553839.2000000477,-3811476.978264595,3566800.450204135,3652663.3254909385,0,0,0,0,0,1,1,0.7461076890021546,5.633205257525552,7.672425896101207,19,1,0.04437860562556492,3.4602300782763526,2.742398923028814,0,,0.0,0.0,0,nan,0,0,,0,nan,,0.0,0.0,0,nan,nan,nan,nan,nan,nan,0,0.0,0,nan,nan,0.1968436755173475,1,0.7975509856254752,0.07999329869253294,0.040767997018322254,4,2.817614836191682,7.219549761428807,3.4602300782763526,1.0187636433564544,nan,nan,0,0.07911434220811177,0,042f32f7418a68e7,276,13.31210847141178,8,0,0,0,0,0,0,nan,-1,0,nan,0,nan,0,nan,,0,0
197,553839.3999989033,-3811477.6375063662,3566799.766257532,3652663.2860595253,0,0,0,0,0,1,1,0.7485099084766614,5.628911271161947,7.647288550538712,19,2,0.04437860562556492,3.446685709639301,2.7250672228239727,0,,0.0,0.0,0,nan,0,0,,0,nan,,0.0,0.0,0,nan,nan,nan,nan,nan,nan,0,0.0,0,nan,nan,0.21657363594534013,1,0.7838473814815032,0.08004610409713397,0.04041145985271547,4,2.823127736363449,7.216711111165417,3.446685709639301,1.0308866779839807,nan,nan,0,0.07918104377181834,0,042f32f7418a68e7,276,13.28975192634788,8,0,0,0,0,0,0,nan,-1,0,nan,0,nan,0,nan,,0,0
198,553839.5999999046,-3811478.3218709286,3566799.0368336514,3652663.27045938,0,0,0,0,0,1,1,0.7500193851152088,5.627800082419208,7.624725230639617,19,3,0.04437860562556492,3.4266566392361657,2.7032033983384243,0,,0.0,0.0,0,nan,0,0,,0,nan,,0.0,0.0,0,nan,nan,nan,nan,nan,nan,0,0.0,0,nan,nan,0.23310350068201283,1,0.7670167574218378,0.0800538857576653,0.04035524528282198,4,2.8257905267207484,7.216148102583838,3.4266566392361657,1.044588531981833,nan,nan,0,0.07919087323775267,0,042f32f7418a68e7,276,13.286462031308309,8,0,0,0,0,0,0,nan,-1,0,nan,0,nan,0,nan,,0,0
199,553839.7999989986,-3811479.0603560405,3566798.3049326013,3652663.2737814356,0,0,0,0,0,1,1,0.7496349238215306,5.627230589876618,7.643612130562249,19,4,0.04437860562556492,3.4528275140272133,2.7298888703145443,0,,0.0,0.0,0,nan,0,0,,0,nan,,0.0,0.0,0,nan,nan,nan,nan,nan,nan,0,0.0,0,nan,nan,0.21968738725633538,1,0.7906005258107243,0.08005921175608811,0.04031915151712962,4,2.8257284235415683,7.215697049201703,3.4528275140272133,1.058618868788378,nan,nan,0,0.0791976008147078,0,042f32f7418a68e7,276,13.28421102106409,8,0,0,0,0,0,0,nan,-1,0,nan,0,nan,0,nan,,0,0
