epoch,tow,ecef_x,ecef_y,ecef_z,fix,gamma_fixed,consistency_pass,float_consistency_pass,ddpr_consistency_pass,ddpr_support_pass,ddpr_freshness_pass,map_float_separation_m,map_ddpr_separation_m,ddpr_guard_error_m,last_ddpr_pairs,ddpr_age_epochs,last_ddpr_nis,output_error_m,map_error_m,temporal_lineage_enabled,temporal_map_assignment_id,temporal_gamma,temporal_ess,temporal_dwell_epochs,temporal_map_error_m,integrity_lineage_enabled,integrity_anchor_available,integrity_excluded_satellite,integrity_tdcp_available,integrity_tdcp_postfit_rms_m,integrity_map_assignment_id,integrity_gamma,integrity_ess,integrity_dwell_epochs,integrity_map_error_m,integrity_map_ecef_x,integrity_map_ecef_y,integrity_map_ecef_z,integrity_map_float_separation_m,integrity_map_ddpr_separation_m,integrity_guard_pass,integrity_position_ball_gamma,integrity_position_ball_members,integrity_position_ball_spread_m,integrity_position_ball_error_m,basin_oracle_min_error_m,basin_oracle_sub50cm_available,position_cluster_error_m,position_cluster_gamma,position_cluster_spread_m,position_cluster_members,position_cluster_float_separation_m,position_cluster_ddpr_separation_m,float_error_m,float_position_sigma_m,dd_pr_nis,dd_cp_nis,ambiguities_reset,gamma,fix_streak,map_assignment_id,n_basins,basin_ess,map_n_ambiguities,n_candidates_born,respawn_triggered,n_respawn_candidates_born,n_respawn_position_seeds,respawn_oracle_min_error_m,respawn_oracle_rank,n_dd_pr,n_dd_cp
0,553800.0,-3811466.693664207,3566805.2211901695,3652668.9111347175,0,0,0,0,0,1,1,2.526312492131694,2.6675804777875163,3.2894435773932713,18,0,0.08822792079773784,3.0558360247270064,2.7910337004612153,0,,0.0,0.0,0,nan,0,0,,0,nan,,0.0,0.0,0,nan,nan,nan,nan,nan,nan,0,0.0,0,nan,nan,0.6905511262864958,0,2.7910337004612153,0.08009259259259262,0.0,1,2.526312492131694,2.6675804777875163,3.0558360247270064,5.592639952376013,0.08822792079773784,0.02210678010972702,0,0.08009259259259262,0,d72122b9958dbbcc,151,13.139148641969742,8,12,1,216,27,0.6912850697282674,126,18,17
1,553800.2000000477,-3811466.7043680125,3566805.2303698813,3652668.917540918,0,0,0,0,0,1,1,2.521078138026086,2.6616039540270693,3.303230346751093,18,1,0.08822792079773784,3.069661387013538,2.8109229672191685,0,,0.0,0.0,0,nan,0,0,,0,nan,,0.0,0.0,0,nan,nan,nan,nan,nan,nan,0,0.0,0,nan,nan,0.6863176442821538,0,2.8109229672191685,0.08009259259259265,0.0,1,2.521078138026086,2.6616039540270693,3.069661387013538,5.593979167573447,nan,nan,0,0.08009259259259265,0,d72122b9958dbbcc,151,13.139148641969742,8,0,0,0,0,nan,-1,0,0
2,553800.4000000954,-3811466.7189359865,3566805.2446287237,3652668.9324123603,0,0,0,0,0,1,1,2.520055844899744,2.660455143066149,3.327614176726829,18,2,0.08822792079773784,3.094081993370175,2.8307869360202322,0,,0.0,0.0,0,nan,0,0,,0,nan,,0.0,0.0,0,nan,nan,nan,nan,nan,nan,0,0.0,0,nan,nan,0.6823133801258595,0,2.8307869360202322,0.08009259259259269,0.0,1,2.520055844899744,2.660455143066149,3.094081993370175,5.596357313446614,nan,nan,0,0.08009259259259269,0,d72122b9958dbbcc,151,13.139148641969742,8,0,0,0,0,nan,-1,0,0
3,553800.5999999046,-3811466.7297525406,3566805.2565932283,3652668.9432305964,0,0,0,0,0,1,1,2.5199005232183875,2.660272095689956,3.3462107675928867,18,3,0.08822792079773784,3.1127126119283113,2.846240257411191,0,,0.0,0.0,0,nan,0,0,,0,nan,,0.0,0.0,0,nan,nan,nan,nan,nan,nan,0,0.0,0,nan,nan,0.6814568247905115,0,2.846240257411191,0.08009259259259269,0.0,1,2.5199005232183875,2.660272095689956,3.1127126119283113,5.598949005651086,nan,nan,0,0.08009259259259269,0,d72122b9958dbbcc,151,13.139148641969742,8,0,0,0,0,nan,-1,0,0
4,553800.7999999523,-3811466.744267113,3566805.269113487,3652668.957473204,0,0,0,0,0,1,1,2.51974836096984,2.6601028735630816,3.3692803897087065,18,4,0.08822792079773784,3.1358149569928515,2.8633617491032877,0,,0.0,0.0,0,nan,0,0,,0,nan,,0.0,0.0,0,nan,nan,nan,nan,nan,nan,0,0.0,0,nan,nan,0.6785024931198732,0,2.8633617491032877,0.08009259259259269,0.0,1,2.51974836096984,2.6601028735630816,3.1358149569928515,5.601600082987624,nan,nan,0,0.08009259259259269,0,d72122b9958dbbcc,151,13.139148641969742,8,0,0,0,0,nan,-1,0,0
5,553801.0,-3811466.9368616007,3566805.2810216984,3652668.5074501694,0,0,0,0,0,1,1,2.3161162665642294,2.1670824271994618,3.06684737130577,18,0,0.03619621658262093,2.9079889661919456,5.194841694236563,0,,0.0,0.0,0,nan,0,0,,0,nan,,0.0,0.0,0,nan,nan,nan,nan,nan,nan,0,0.0,0,nan,nan,0.7254629540335337,0,5.194841694236563,0.1690213389614002,0.0,1,2.3161162665642294,2.1670824271994618,2.9079889661919456,4.501492370248857,0.03619621658262093,3.1660466738236344,0,0.1690213389614002,0,88c65eb697abea09,341,10.192763972483247,8,12,1,216,27,0.765696558613383,123,18,17
6,553801.199999094,-3811466.943173036,3566805.2829087083,3652668.510097194,0,0,0,0,0,1,1,2.328264539672001,2.1838445969737523,3.0684249955277783,18,1,0.03619621658262093,2.9140634395128653,5.213591707404407,0,,0.0,0.0,0,nan,0,0,,0,nan,,0.0,0.0,0,nan,nan,nan,nan,nan,nan,0,0.0,0,nan,nan,0.7346676220376119,0,5.213591707404407,0.17596859522777997,0.0,1,2.328264539672001,2.1838445969737523,2.9140634395128653,4.502767777265328,nan,nan,0,0.17596859522777997,0,88c65eb697abea09,341,9.40724912301344,8,0,0,0,0,nan,-1,0,0
7,553801.3999989033,-3811466.946169016,3566805.286060807,3652668.511625461,0,0,0,0,0,1,1,2.331783234291147,2.188061676043793,3.0717992484845156,18,2,0.03619621658262093,2.9183103719055286,5.221441539064977,0,,0.0,0.0,0,nan,0,0,,0,nan,,0.0,0.0,0,nan,nan,nan,nan,nan,nan,0,0.0,0,nan,nan,0.7396456843581747,0,5.221441539064977,0.17625068064445207,0.0,1,2.331783234291147,2.188061676043793,2.9183103719055286,4.50551780653807,nan,nan,0,0.17625068064445207,0,88c65eb697abea09,341,9.3772935625102,8,0,0,0,0,nan,-1,0,0
8,553801.5999999046,-3811466.9486808027,3566805.286849198,3652668.513592462,0,0,0,0,0,1,1,2.3327768137016975,2.1893364442593355,3.0738302970372007,18,3,0.03619621658262093,2.9206910900352514,5.224731232420478,0,,0.0,0.0,0,nan,0,0,,0,nan,,0.0,0.0,0,nan,nan,nan,nan,nan,nan,0,0.0,0,nan,nan,0.740864144587944,0,5.224731232420478,0.17627636829153354,0.0,1,2.3327768137016975,2.1893364442593355,2.9206910900352514,4.508670296585049,nan,nan,0,0.17627636829153354,0,88c65eb697abea09,341,9.37458725996554,8,0,0,0,0,nan,-1,0,0
9,553801.7999999523,-3811466.9503314686,3566805.2865787297,3652668.5142038413,0,0,0,0,0,1,1,2.3330857744058706,2.1897333120045377,3.0748751962741196,18,4,0.03619621658262093,2.9218277684509317,5.22608967097438,0,,0.0,0.0,0,nan,0,0,,0,nan,,0.0,0.0,0,nan,nan,nan,nan,nan,nan,0,0.0,0,nan,nan,0.7406890701275085,0,5.22608967097438,0.17627867893290014,0.0,1,2.3330857744058706,2.1897333120045377,2.9218277684509317,4.5119408764961015,nan,nan,0,0.17627867893290014,0,88c65eb697abea09,341,9.374345763335581,8,0,0,0,0,nan,-1,0,0
10,553802.0,-3811467.108242471,3566805.588651914,3652667.7996094953,0,0,0,0,0,1,1,5.091083997585345,5.106584266005971,2.752803433053683,18,0,0.046176996803574594,2.787643238761087,2.432277002043795,0,,0.0,0.0,0,nan,0,0,,0,nan,,0.0,0.0,0,nan,nan,nan,nan,nan,nan,0,0.0,0,nan,nan,0.6705876815065963,0,2.432277002043795,0.06618138126191186,0.0,1,5.091083997585345,5.106584266005971,2.787643238761087,3.871270358899591,0.046176996803574594,9.477003009138702,0,0.06618138126191189,0,e12283cbbd85fc2b,512,54.00413270279458,8,12,1,216,27,1.7537308692798534,123,18,17
11,553802.2000000477,-3811467.1168671288,3566805.5932573597,3652667.807037842,0,0,0,0,0,1,1,5.082304780932602,5.091904347265973,2.7568795700474764,18,1,0.046176996803574594,2.7992336434849636,2.4148903272534588,0,,0.0,0.0,0,nan,0,0,,0,nan,,0.0,0.0,0,nan,nan,nan,nan,nan,nan,0,0.0,0,nan,nan,0.672392146829401,0,2.4148903272534588,0.06934683508586097,0.0,1,5.082304780932602,5.091904347265973,2.7992336434849636,3.872751816434111,nan,nan,0,0.06934683508586097,0,e12283cbbd85fc2b,512,49.76004162615115,8,0,0,0,0,nan,-1,0,0
12,553802.3999989033,-3811467.1156772557,3566805.5935875596,3652667.8073552107,0,0,0,0,0,1,1,5.080532329229859,5.087413173913361,2.75279174445856,18,2,0.046176996803574594,2.7984202360446475,2.4139733121023417,0,,0.0,0.0,0,nan,0,0,,0,nan,,0.0,0.0,0,nan,nan,nan,nan,nan,nan,0,0.0,0,nan,nan,0.6737999903633767,0,2.4139733121023417,0.06950577401537505,0.0,1,5.080532329229859,5.087413173913361,2.7984202360446475,3.875946808143127,nan,nan,0,0.06950577401537505,0,e12283cbbd85fc2b,512,49.579993235221266,8,0,0,0,0,nan,-1,0,0
13,553802.5999999046,-3811467.1215451485,3566805.594223698,3652667.8148330706,0,0,0,0,0,1,1,5.079771912464984,5.08636196810172,2.761835492704452,18,3,0.046176996803574594,2.806213529699768,2.405911618333287,0,,0.0,0.0,0,nan,0,0,,0,nan,,0.0,0.0,0,nan,nan,nan,nan,nan,nan,0,0.0,0,nan,nan,0.6699888370659259,0,2.405911618333287,0.06952384089875872,0.0,1,5.079771912464984,5.08636196810172,2.806213529699768,3.879610208024698,nan,nan,0,0.06952384089875872,0,e12283cbbd85fc2b,512,49.55934553942075,8,0,0,0,0,nan,-1,0,0
14,553802.7999989986,-3811467.116370178,3566805.592753338,3652667.8157646162,0,0,0,0,0,1,1,5.079611894429024,5.085943318618462,2.75928551563088,18,4,0.046176996803574594,2.8025256514549035,2.407350507684562,0,,0.0,0.0,0,nan,0,0,,0,nan,,0.0,0.0,0,nan,nan,nan,nan,nan,nan,0,0.0,0,nan,nan,0.669273318237784,0,2.407350507684562,0.069524800830855,0.0,1,5.079611894429024,5.085943318618462,2.8025256514549035,3.883410359678399,nan,nan,0,0.069524800830855,0,e12283cbbd85fc2b,512,49.558347197878454,8,0,0,0,0,nan,-1,0,0
15,553803.0,-3811467.4750908157,3566806.067215958,3652666.8251926755,0,0,0,0,0,1,1,3.225013559479731,1.789178320483277,2.6867900666417883,18,0,0.052747126368075915,3.105797010015602,4.456833012603384,0,,0.0,0.0,0,nan,0,0,,0,nan,,0.0,0.0,0,nan,nan,nan,nan,nan,nan,0,0.0,0,nan,nan,0.7125753536102606,0,4.456833012603384,0.03437923404643821,0.0,1,3.225013559479731,1.789178320483277,3.105797010015602,3.446529888958384,0.052747126368075915,19.23047039825005,0,0.03437923404643822,0,da26416811a3d5cf,512,85.43472673693917,8,12,1,216,27,0.709450039223141,111,18,17
16,553803.2000000477,-3811467.48701839,3566806.0741598764,3652666.835594138,0,0,0,0,0,1,1,3.228375169173512,1.8103432868505707,2.6932109336103984,18,1,0.052747126368075915,3.119802368110178,4.485388210029189,0,,0.0,0.0,0,nan,0,0,,0,nan,,0.0,0.0,0,nan,nan,nan,nan,nan,nan,0,0.0,0,nan,nan,0.7164437392836026,0,4.485388210029189,0.03407044141167009,0.0,1,3.228375169173512,1.8103432868505707,3.119802368110178,3.4481955702239153,nan,nan,0,0.03407044141167009,0,da26416811a3d5cf,512,80.10638933068674,8,0,0,0,0,nan,-1,0,0
17,553803.3999989033,-3811467.4909215695,3566806.077141064,3652666.8399957465,0,0,0,0,0,1,1,3.229450042164697,1.8157207164984086,2.6974381539937564,18,2,0.052747126368075915,3.125009995011446,4.495215919335252,0,,0.0,0.0,0,nan,0,0,,0,nan,,0.0,0.0,0,nan,nan,nan,nan,nan,nan,0,0.0,0,nan,nan,0.7179629842439782,0,4.495215919335252,0.033956098238167795,0.0,1,3.229450042164697,1.8157207164984086,3.125009995011446,3.451783951486298,nan,nan,0,0.033956098238167795,0,da26416811a3d5cf,512,79.94548379075074,8,0,0,0,0,nan,-1,0,0
18,553803.5999999046,-3811467.4922913876,3566806.0785539644,3652666.8408402093,0,0,0,0,0,1,1,3.22977978593886,1.8173468284216518,2.6986596699223018,18,3,0.052747126368075915,3.127045929572931,4.49813433213936,0,,0.0,0.0,0,nan,0,0,,0,nan,,0.0,0.0,0,nan,nan,nan,nan,nan,nan,0,0.0,0,nan,nan,0.7189117065980349,0,4.49813433213936,0.033939801903416944,0.0,1,3.22977978593886,1.8173468284216518,3.127045929572931,3.4558971212947447,nan,nan,0,0.033939801903416944,0,da26416811a3d5cf,512,79.93276106147438,8,0,0,0,0,nan,-1,0,0
19,553803.7999989986,-3811467.493717931,3566806.0821427926,3652666.841862358,0,0,0,0,0,1,1,3.229900662849365,1.8178373643745827,2.70156110159452,18,4,0.052747126368075915,3.1307497522122483,4.501631089309239,0,,0.0,0.0,0,nan,0,0,,0,nan,,0.0,0.0,0,nan,nan,nan,nan,nan,nan,0,0.0,0,nan,nan,0.7208227203268011,0,4.501631089309239,0.03393998321417125,0.0,1,3.229900662849365,1.8178373643745827,3.1307497522122483,3.4601626839851276,nan,nan,0,0.03393998321417125,0,da26416811a3d5cf,512,79.93043263621536,8,0,0,0,0,nan,-1,0,0
20,553804.0,-3811468.2512258226,3566807.127161279,3652666.0411167447,0,0,0,0,0,1,1,4.359407232909223,2.1734083698641324,4.2342337806555,19,0,0.41380108143408434,4.432677198843442,6.22454257359904,0,,0.0,0.0,0,nan,0,0,,0,nan,,0.0,0.0,0,nan,nan,nan,nan,nan,nan,0,0.0,0,nan,nan,0.6877726386501497,0,6.22454257359904,0.0640625531611473,0.0,1,4.359407232909223,2.1734083698641324,4.432677198843442,3.1278257037825994,0.41380108143408434,31.3281035856981,0,0.0640625531611473,0,6a1e7e50dc8a564e,512,57.57338961648463,8,12,1,216,27,0.6877726386501497,127,19,17
21,553804.2000000477,-3811468.2762016263,3566807.1477124835,3652666.0704713147,0,0,0,0,0,1,1,4.3612620253769645,2.199137649662735,4.260340552251378,19,1,0.41380108143408434,4.461016016307509,6.275434733744991,0,,0.0,0.0,0,nan,0,0,,0,nan,,0.0,0.0,0,nan,nan,nan,nan,nan,nan,0,0.0,0,nan,nan,0.6849990596484696,0,6.275434733744991,0.06678669259980297,0.0,1,4.3612620253769645,2.199137649662735,4.461016016307509,3.1296622776171215,nan,nan,0,0.06678669259980297,0,6a1e7e50dc8a564e,512,53.13629091707906,8,0,0,0,0,nan,-1,0,0
22,553804.4000000954,-3811468.3232041937,3566807.190374269,3652666.116779394,0,0,0,0,0,1,1,4.3642641001887,2.1996476097540496,4.341755494745182,19,2,0.41380108143408434,4.518888540953368,6.359146300928403,0,,0.0,0.0,0,nan,0,0,,0,nan,,0.0,0.0,0,nan,nan,nan,nan,nan,nan,0,0.0,0,nan,nan,0.6798089870519486,0,6.359146300928403,0.06694564290424856,0.0,1,4.3642641001887,2.1996476097540496,4.518888540953368,3.133615782308128,nan,nan,0,0.06694564290424856,0,6a1e7e50dc8a564e,512,52.8605127372748,8,0,0,0,0,nan,-1,0,0
23,553804.599998951,-3811468.384972638,3566807.249667508,3652666.178069575,0,0,0,0,0,1,1,4.36486517381124,2.200528662192339,4.444964421550181,19,3,0.41380108143408434,4.598291171453807,6.465429717546157,0,,0.0,0.0,0,nan,0,0,,0,nan,,0.0,0.0,0,nan,nan,nan,nan,nan,nan,0,0.0,0,nan,nan,0.6895700099955092,0,6.465429717546157,0.06695793888241654,0.0,1,4.36486517381124,2.200528662192339,4.598291171453807,3.1381460194226714,nan,nan,0,0.06695793888241654,0,6a1e7e50dc8a564e,512,52.838786592614014,8,0,0,0,0,nan,-1,0,0
24,553804.7999989986,-3811468.4433766464,3566807.3058876065,3652666.23595854,0,0,0,0,0,1,1,4.364987427830654,2.2009433479493037,4.542244326854964,19,4,0.41380108143408434,4.674433012700302,6.5651504737780355,0,,0.0,0.0,0,nan,0,0,,0,nan,,0.0,0.0,0,nan,nan,nan,nan,nan,nan,0,0.0,0,nan,nan,0.7129118225934695,0,6.5651504737780355,0.06695911256072454,0.0,1,4.364987427830654,2.2009433479493037,4.674433012700302,3.1428429254599144,nan,nan,0,0.06695911256072454,0,6a1e7e50dc8a564e,512,52.8372882539254,8,0,0,0,0,nan,-1,0,0
25,553805.0,-3811469.1430459116,3566808.378780037,3652665.242065848,0,0,0,0,0,1,1,7.208199270714733,4.376665501439557,5.576263921042656,19,0,0.45207347146779936,6.079049261901037,9.757970129474536,0,,0.0,0.0,0,nan,0,0,,0,nan,,0.0,0.0,0,nan,nan,nan,nan,nan,nan,0,0.0,0,nan,nan,0.8043075189545764,0,9.749205570568355,0.06345277482146841,0.07498571314021434,3,7.205168685141692,4.366952003736318,6.079049261901037,2.8664917765706495,0.45207347146779936,34.1184370362641,2,0.06192782821542909,0,86de0e37e28547f0,512,61.99383133360079,8,12,1,216,27,1.5341445342919604,128,19,17
26,553805.2000000477,-3811469.1998369913,3566808.4256508183,3652665.301046837,0,0,0,0,0,1,1,7.221332677101384,4.380421066026602,5.685037985231231,19,1,0.45207347146779936,6.137242304290757,9.870838724509815,0,,0.0,0.0,0,nan,0,0,,0,nan,,0.0,0.0,0,nan,nan,nan,nan,nan,nan,0,0.0,0,nan,nan,0.8732776503205012,0,9.862090893771603,0.06551758548684089,0.07305045362437003,3,7.217828722925635,4.370899050106535,6.137242304290757,2.8685097516386144,nan,nan,0,0.06408643428421065,0,86de0e37e28547f0,512,57.311007511154486,8,0,0,0,0,nan,-1,0,0
27,553805.4000000954,-3811469.2591386302,3566808.4816262787,3652665.3585166847,0,0,0,0,0,1,1,7.224205587170253,4.381956140213799,5.785510162209737,19,2,0.45207347146779936,6.205098567218218,9.973922545205214,0,,0.0,0.0,0,nan,0,0,,0,nan,,0.0,0.0,0,nan,nan,nan,nan,nan,nan,0,0.0,0,nan,nan,0.9453980562481616,0,9.96519366639356,0.06558596749795872,0.07284801526705972,3,7.220696759467535,4.372464235783315,6.205098567218218,2.8728261188560356,nan,nan,0,0.06415967139996824,0,86de0e37e28547f0,512,57.14878271240393,8,0,0,0,0,nan,-1,0,0
28,553805.599998951,-3811469.281269085,3566808.503256852,3652665.3844249053,0,0,0,0,0,1,1,7.22452799865271,4.383472862703019,5.824694535605474,19,3,0.45207347146779936,6.23036815478936,10.014411975356452,0,,0.0,0.0,0,nan,0,0,,0,nan,,0.0,0.0,0,nan,nan,nan,nan,nan,nan,0,0.0,0,nan,nan,0.9740383421599799,0,10.005708085981285,0.06561877716260497,0.07272378358282347,3,7.221029266282941,4.374007553851444,6.23036815478936,2.8777679017205555,nan,nan,0,0.06419562992523091,0,86de0e37e28547f0,512,57.145063036469935,8,0,0,0,0,nan,-1,0,0
29,553805.7999989986,-3811469.289832711,3566808.5094558434,3652665.3944452847,0,0,0,0,0,1,1,7.224731694645658,4.383710556401608,5.839031602667341,19,4,0.45207347146779936,6.238536922683064,10.028690849583029,0,,0.0,0.0,0,nan,0,0,,0,nan,,0.0,0.0,0,nan,nan,nan,nan,nan,nan,0,0.0,0,nan,nan,0.9832875104990184,0,10.0199912131964,0.06562255971378313,0.07270209200064913,3,7.221234912287297,4.374249525659287,6.238536922683064,2.8828893551859838,nan,nan,0,0.0641997782891718,0,86de0e37e28547f0,512,57.14497585577208,8,0,0,0,0,nan,-1,0,0
30,553806.0,-3811469.988626393,3566809.4754408807,3652663.9545203396,0,0,0,0,0,1,1,8.548248462356243,4.968158645811898,5.499014590877071,18,0,0.20942828977675063,7.767906518983791,10.280509371318884,0,,0.0,0.0,0,nan,0,0,,0,nan,,0.0,0.0,0,nan,nan,nan,nan,nan,nan,0,0.0,0,nan,nan,1.295725369735627,0,10.279930204654834,0.14704590563727102,0.03669907639721856,3,8.550154196521856,4.966998914897719,7.767906518983791,2.6759519396472196,0.20942828977675063,48.48841794941493,0,0.14560695812632993,0,86de0e37e28547f0,512,23.4018035534791,8,12,1,216,27,1.3900693143001301,128,18,17
31,553806.2000000477,-3811469.984735076,3566809.4685588456,3652663.951979333,0,0,0,0,0,1,1,8.561385200225244,4.981467108713585,5.501499054116888,18,1,0.20942828977675063,7.761402624521035,10.295620523659135,0,,0.0,0.0,0,nan,0,0,,0,nan,,0.0,0.0,0,nan,nan,nan,nan,nan,nan,0,0.0,0,nan,nan,1.2937706340776485,0,10.295169797879607,0.15303120852631846,0.033271876378372,3,8.563212417664467,4.980455596039287,7.761402624521035,2.678099417447205,nan,nan,0,0.15169399717714355,0,86de0e37e28547f0,512,21.57361209333548,8,0,0,0,0,nan,-1,0,0
32,553806.4000000954,-3811469.9869406754,3566809.470428908,3652663.9587578727,0,0,0,0,0,1,1,8.565012841725464,4.98416173030512,5.511743731192529,18,2,0.20942828977675063,7.761809677319955,10.307960655175764,0,,0.0,0.0,0,nan,0,0,,0,nan,,0.0,0.0,0,nan,nan,nan,nan,nan,nan,0,0.0,0,nan,nan,1.294347838410492,0,10.307511062631367,0.15334124897860454,0.03313137629363874,3,8.566831260753187,4.983151660556362,7.761809677319955,2.6827187110635777,nan,nan,0,0.15200873884398058,0,86de0e37e28547f0,512,21.48810152314576,8,0,0,0,0,nan,-1,0,0
33,553806.599998951,-3811469.989975492,3566809.47058704,3652663.963755162,0,0,0,0,0,1,1,8.565949455983862,4.985178048621514,5.5172720222958995,18,3,0.20942828977675063,7.762046597964363,10.313995179373665,0,,0.0,0.0,0,nan,0,0,,0,nan,,0.0,0.0,0,nan,nan,nan,nan,nan,nan,0,0.0,0,nan,nan,1.2964810734184256,0,10.313544795885498,0.15335442175886596,0.03312734262294899,3,8.567766254503189,4.984166432815838,7.762046597964363,2.688009043087361,nan,nan,0,0.15202220040653863,0,86de0e37e28547f0,512,21.483902627183376,8,0,0,0,0,nan,-1,0,0
34,553806.7999989986,-3811469.990245999,3566809.4692104803,3652663.967523169,0,0,0,0,0,1,1,8.566244934137417,4.985486511736465,5.518776482198639,18,4,0.20942828977675063,7.7602707554821695,10.31529454206185,0,,0.0,0.0,0,nan,0,0,,0,nan,,0.0,0.0,0,nan,nan,nan,nan,nan,nan,0,0.0,0,nan,nan,1.299053897950909,0,10.31492313792344,0.1532811621454451,0.03129959651116747,2,8.568039644435453,4.9845623383249285,7.7602707554821695,2.693491032534563,nan,nan,0,0.15202184727361664,0,86de0e37e28547f0,512,21.48388687024355,8,0,0,0,0,nan,-1,0,0
35,553807.0,-3811469.6260167784,3566809.1338563124,3652663.7525704727,0,0,0,0,0,1,1,2.982191446175133,4.58699074543391,5.190504025042034,18,0,0.290947663274422,7.379445960938236,5.150935924497962,0,,0.0,0.0,0,nan,0,0,,0,nan,,0.0,0.0,0,nan,nan,nan,nan,nan,nan,0,0.0,0,nan,nan,0.6517689846457129,0,5.150935924497962,0.07916666666666662,0.0,1,2.982191446175133,4.58699074543391,7.379445960938236,2.51694055961129,0.290947663274422,11.353875378426523,3,0.07916666666666662,0,60cbf5c6bd3b273a,218,13.294163572692502,8,12,1,216,27,0.6517689846457129,110,18,17
36,553807.2000000477,-3811469.6224498507,3566809.1424942133,3652663.7536380137,0,0,0,0,0,1,1,2.9826159158053196,4.586748144571808,5.190754228212314,18,1,0.290947663274422,7.383300340107547,5.153871505021943,0,,0.0,0.0,0,nan,0,0,,0,nan,,0.0,0.0,0,nan,nan,nan,nan,nan,nan,0,0.0,0,nan,nan,0.6513988956254568,0,5.153871505021943,0.07915615353714814,0.0,1,2.9826159158053196,4.586748144571808,7.383300340107547,2.5192272188702924,nan,nan,0,0.07915615353714814,0,60cbf5c6bd3b273a,218,13.297683245260481,8,0,0,0,0,nan,-1,0,0
37,553807.4000000954,-3811469.6206808384,3566809.146307388,3652663.7510239463,0,0,0,0,0,1,1,2.982650297229474,4.586946412962997,5.189321476759525,18,2,0.290947663274422,7.386063756140029,5.1551203656758355,0,,0.0,0.0,0,nan,0,0,,0,nan,,0.0,0.0,0,nan,nan,nan,nan,nan,nan,0,0.0,0,nan,nan,0.6492085122904103,0,5.1551203656758355,0.07915716793396335,0.0,1,2.982650297229474,4.586946412962997,7.386063756140029,2.5241381694578493,nan,nan,0,0.07915716793396335,0,60cbf5c6bd3b273a,218,13.297343577544753,8,0,0,0,0,nan,-1,0,0
38,553807.599998951,-3811469.6210586494,3566809.147532764,3652663.7527582804,0,0,0,0,0,1,1,2.9829554368090885,4.586894388211663,5.191298903562126,18,3,0.290947663274422,7.386515143862588,5.155976702619806,0,,0.0,0.0,0,nan,0,0,,0,nan,,0.0,0.0,0,nan,nan,nan,nan,nan,nan,0,0.0,0,nan,nan,0.6512702746353717,0,5.155976702619806,0.07915686812924852,0.0,1,2.9829554368090885,4.586894388211663,7.386515143862588,2.5297604073832183,nan,nan,0,0.07915686812924852,0,60cbf5c6bd3b273a,218,13.297443964925533,8,0,0,0,0,nan,-1,0,0
39,553807.7999989986,-3811469.626019064,3566809.149713479,3652663.7578284247,0,0,0,0,0,1,1,2.982984993091164,4.5868990248727215,5.198263857891848,18,4,0.290947663274422,7.389012841815085,5.160582719992699,0,,0.0,0.0,0,nan,0,0,,0,nan,,0.0,0.0,0,nan,nan,nan,nan,nan,nan,0,0.0,0,nan,nan,0.6583406066619742,0,5.160582719992699,0.07915682079069136,0.0,1,2.982984993091164,4.5868990248727215,7.389012841815085,2.535584634868319,nan,nan,0,0.07915682079069136,0,60cbf5c6bd3b273a,218,13.297459815991182,8,0,0,0,0,nan,-1,0,0
40,553808.0,-3811469.5997325815,3566809.023372303,3652663.9772674013,0,0,0,0,0,1,1,2.3760740305607353,5.663910906065409,4.974431904281264,18,0,0.30400967615543767,7.200881418648142,5.761509744057745,0,,0.0,0.0,0,nan,0,0,,0,nan,,0.0,0.0,0,nan,nan,nan,nan,nan,nan,0,0.0,0,nan,nan,0.8305658935824183,0,5.761509744057745,0.056261789410776586,0.0,1,2.3760740305607353,5.663910906065409,7.200881418648142,2.3699637257269357,0.30400967615543767,10.823505896235373,1,0.05626178941077661,0,9bb9b17a10643453,437,67.03006580779474,8,12,1,216,27,0.8305658935824183,106,18,17
41,553808.199999094,-3811469.604565452,3566809.022197833,3652663.975938404,0,0,0,0,0,1,1,2.3680494199530098,5.668259756031346,4.975390854091056,18,1,0.30400967615543767,7.203308836127141,5.78158499464817,0,,0.0,0.0,0,nan,0,0,,0,nan,,0.0,0.0,0,nan,nan,nan,nan,nan,nan,0,0.0,0,nan,nan,0.8306791538945861,0,5.78158499464817,0.058397525389728665,0.0,1,2.3680494199530098,5.668259756031346,7.203308836127141,2.3723777286033028,nan,nan,0,0.058397525389728665,0,9bb9b17a10643453,437,62.12615402438624,8,0,0,0,0,nan,-1,0,0
42,553808.4000000954,-3811469.6200710684,3566809.0384342065,3652663.9914526143,0,0,0,0,0,1,1,2.3658773388664556,5.669447249732941,5.004874842567653,18,2,0.30400967615543767,7.218677470522274,5.803527950400851,0,,0.0,0.0,0,nan,0,0,,0,nan,,0.0,0.0,0,nan,nan,nan,nan,nan,nan,0,0.0,0,nan,nan,0.8279983867780444,0,5.803527950400851,0.05856460848096107,0.0,1,2.3658773388664556,5.669447249732941,7.218677470522274,2.3775886360799108,nan,nan,0,0.05856460848096107,0,9bb9b17a10643453,437,61.865775321424294,8,0,0,0,0,nan,-1,0,0
43,553808.599998951,-3811469.6378614362,3566809.0555787836,3652664.004021144,0,0,0,0,0,1,1,2.3653146014641218,5.669517849592819,5.030793260613999,18,3,0.30400967615543767,7.237151120487444,5.82501418405384,0,,0.0,0.0,0,nan,0,0,,0,nan,,0.0,0.0,0,nan,nan,nan,nan,nan,nan,0,0.0,0,nan,nan,0.825504392985773,0,5.82501418405384,0.058575753327251685,0.0,1,2.3653146014641218,5.669517849592819,7.237151120487444,2.3835556216658462,nan,nan,0,0.058575753327251685,0,9bb9b17a10643453,437,61.84693692018226,8,0,0,0,0,nan,-1,0,0
44,553808.7999999523,-3811469.6511755534,3566809.0698531303,3652664.016906605,0,0,0,0,0,1,1,2.365143074864826,5.669612217758002,5.053571782890433,18,4,0.30400967615543767,7.250854808964697,5.840522722608411,0,,0.0,0.0,0,nan,0,0,,0,nan,,0.0,0.0,0,nan,nan,nan,nan,nan,nan,0,0.0,0,nan,nan,0.825024521146791,0,5.840522722608411,0.05857281878274537,0.0,1,2.365143074864826,5.669612217758002,7.250854808964697,2.3897359609892086,nan,nan,0,0.05857281878274539,0,9bb9b17a10643453,437,61.84847607878758,8,0,0,0,0,nan,-1,0,0
45,553809.0,-3811469.415095297,3566808.780492458,3652664.2735296553,0,0,0,0,0,1,1,2.3057863654600306,4.654559158394107,5.037513551886008,19,0,0.28473158978728563,6.812160832921714,4.997351737901142,0,,0.0,0.0,0,nan,0,0,,0,nan,,0.0,0.0,0,nan,nan,nan,nan,nan,nan,0,0.0,0,nan,nan,0.5124148325419137,0,4.997351737901142,0.07916666666666662,0.0,1,2.3057863654600306,4.654559158394107,6.812160832921714,2.21892742224765,0.28473158978728563,2.718979748563414,6,0.07916666666666662,0,832d821e147a649e,224,13.29427721485806,8,12,1,216,27,0.5124148325419137,111,19,17
46,553809.199999094,-3811469.414116654,3566808.77971777,3652664.2705520685,0,0,0,0,0,1,1,2.303630504754548,4.660630251919467,5.057972790812813,19,1,0.28473158978728563,6.812011773640396,5.003517423812425,0,,0.0,0.0,0,nan,0,0,,0,nan,,0.0,0.0,0,nan,nan,nan,nan,nan,nan,0,0.0,0,nan,nan,0.5296888924194807,0,5.003517423812425,0.07914996752973452,0.0,1,2.303630504754548,4.660630251919467,6.812011773640396,2.2215420717411725,nan,nan,0,0.07914996752973452,0,832d821e147a649e,224,13.299869537832535,8,0,0,0,0,nan,-1,0,0
47,553809.4000000954,-3811469.4182153256,3566808.7827237993,3652664.2755420734,0,0,0,0,0,1,1,2.3038957754651537,4.66205706801148,5.070793541123231,19,2,0.28473158978728563,6.814965548955687,5.00887706550206,0,,0.0,0.0,0,nan,0,0,,0,nan,,0.0,0.0,0,nan,nan,nan,nan,nan,nan,0,0.0,0,nan,nan,0.5408804553614386,0,5.00887706550206,0.0791536250416088,0.0,1,2.3038957754651537,4.66205706801148,6.814965548955687,2.2271151595485317,nan,nan,0,0.0791536250416088,0,832d821e147a649e,224,13.298644389558035,8,0,0,0,0,nan,-1,0,0
48,553809.599998951,-3811469.4134697006,3566808.7775105317,3652664.2671238803,0,0,0,0,0,1,1,2.3036752959280538,4.662816911822628,5.060965283991186,19,3,0.28473158978728563,6.8111547264812495,5.003085704256851,0,,0.0,0.0,0,nan,0,0,,0,nan,,0.0,0.0,0,nan,nan,nan,nan,nan,nan,0,0.0,0,nan,nan,0.5301034395871838,0,5.003085704256851,0.07916279709134318,0.0,1,2.3036752959280538,4.662816911822628,6.8111547264812495,2.233486817838483,nan,nan,0,0.07916279709134318,0,832d821e147a649e,224,13.295572777834549,8,0,0,0,0,nan,-1,0,0
49,553809.7999999523,-3811469.3977967124,3566808.765014775,3652664.2510027033,0,0,0,0,0,1,1,2.3036794528493614,4.663006145282517,5.036159613657036,19,4,0.28473158978728563,6.798190767216363,4.985797898741431,0,,0.0,0.0,0,nan,0,0,,0,nan,,0.0,0.0,0,nan,nan,nan,nan,nan,nan,0,0.0,0,nan,nan,0.5060626600033752,0,4.985797898741431,0.07916480303094676,0.0,1,2.3036794528493614,4.663006145282517,6.798190767216363,2.240082038541546,nan,nan,0,0.07916480303094676,0,832d821e147a649e,224,13.294901151006318,8,0,0,0,0,nan,-1,0,0
50,553810.0,-3811469.2985404828,3566808.640770682,3652664.524779216,0,0,0,0,0,1,1,1.986573552872013,4.629802593335225,4.962177133669494,19,0,0.26506036033573993,6.559054910956704,5.043697071492655,0,,0.0,0.0,0,nan,0,0,,0,nan,,0.0,0.0,0,nan,nan,nan,nan,nan,nan,0,0.0,0,nan,nan,0.5226140215964951,0,5.043697071492655,0.20464085238508928,0.0,1,1.986573552872013,4.629802593335225,6.559054910956704,2.1205173581613557,0.26506036033573993,1.8608898760313553,0,0.20464085238508928,0,832d821e147a649e,254,10.729448596000665,8,12,1,216,27,0.5306028789481609,110,19,17
51,553810.199999094,-3811469.3039292046,3566808.64487794,3652664.529502901,0,0,0,0,0,1,1,1.9835598198908984,4.629102607423167,4.972768557405449,19,1,0.26506036033573993,6.563846145743955,5.053676241840732,0,,0.0,0.0,0,nan,0,0,,0,nan,,0.0,0.0,0,nan,nan,nan,nan,nan,nan,0,0.0,0,nan,nan,0.5310000901598055,0,5.053676241840732,0.2172541786687969,0.0,1,1.9835598198908984,4.629102607423167,6.563846145743955,2.1232300878221277,nan,nan,0,0.2172541786687969,0,832d821e147a649e,254,9.590076319275823,8,0,0,0,0,nan,-1,0,0
52,553810.4000000954,-3811469.315596398,3566808.65828624,3652664.5406800522,0,0,0,0,0,1,1,1.9828542493261314,4.62937160645734,4.993502813661418,19,2,0.26506036033573993,6.5773148379183635,5.070365952571118,0,,0.0,0.0,0,nan,0,0,,0,nan,,0.0,0.0,0,nan,nan,nan,nan,nan,nan,0,0.0,0,nan,nan,0.5505657392460802,0,5.070365952571118,0.21814343321352045,0.0,1,1.9828542493261314,4.62937160645734,6.5773148379183635,2.129054448480933,nan,nan,0,0.21814343321352045,0,832d821e147a649e,254,9.519265665563154,8,0,0,0,0,nan,-1,0,0
53,553810.599998951,-3811469.34256695,3566808.6845943565,3652664.568832754,0,0,0,0,0,1,1,1.9826319841359696,4.629525181729492,5.040506943397922,19,3,0.26506036033573993,6.60440914717434,5.103920748740745,0,,0.0,0.0,0,nan,0,0,,0,nan,,0.0,0.0,0,nan,nan,nan,nan,nan,nan,0,0.0,0,nan,nan,0.5955461306938155,0,5.103920748740745,0.21823483642243324,0.0,1,1.9826319841359696,4.629525181729492,6.60440914717434,2.1357169279087573,nan,nan,0,0.21823483642243324,0,832d821e147a649e,254,9.51327493930595,8,0,0,0,0,nan,-1,0,0
54,553810.7999999523,-3811469.3769528917,3566808.7217116025,3652664.6004809807,0,0,0,0,0,1,1,1.9825639480522221,4.629496062535124,5.098551211388733,19,4,0.26506036033573993,6.643192315066824,5.149514571494804,0,,0.0,0.0,0,nan,0,0,,0,nan,,0.0,0.0,0,nan,nan,nan,nan,nan,nan,0,0.0,0,nan,nan,0.6510031530014441,0,5.149514571494804,0.2182448487298833,0.0,1,1.9825639480522221,4.629496062535124,6.643192315066824,2.142612579201163,nan,nan,0,0.2182448487298833,0,832d821e147a649e,254,9.512666613872987,8,0,0,0,0,nan,-1,0,0
55,553811.0,-3811469.235102616,3566808.4984445698,3652664.8116010264,0,0,0,0,0,1,1,1.6816409989226704,4.6547918514206135,5.151119482644341,19,0,0.25623423622778385,6.33108764208706,5.100039633164779,0,,0.0,0.0,0,nan,0,0,,0,nan,,0.0,0.0,0,nan,nan,nan,nan,nan,nan,0,0.0,0,nan,nan,0.5731162629188586,0,5.100039633164779,0.37445479589523817,0.0,1,1.6816409989226704,4.6547918514206135,6.33108764208706,2.0332112461865335,0.25623423622778385,1.334637417535249,0,0.37445479589523817,0,832d821e147a649e,292,5.721212103405172,8,12,1,216,27,0.8273730241024261,105,19,17
56,553811.199999094,-3811469.2729791864,3566808.5359099815,3652664.848355844,0,0,0,0,0,1,1,1.680146113816975,4.655415268571459,5.235284514033264,19,1,0.25623423622778385,6.372082856127787,5.156013993638641,0,,0.0,0.0,0,nan,0,0,,0,nan,,0.0,0.0,0,nan,nan,nan,nan,nan,nan,0,0.0,0,nan,nan,0.6452284351770592,0,5.156013993638641,0.39744213336920275,0.0,1,1.680146113816975,4.655415268571459,6.372082856127787,2.036041422985263,nan,nan,0,0.39744213336920275,0,832d821e147a649e,292,5.095021529074386,8,0,0,0,0,nan,-1,0,0
57,553811.4000000954,-3811469.3265806404,3566808.588842787,3652664.9009892987,0,0,0,0,0,1,1,1.6798048941871122,4.656026324836901,5.331168126328143,19,2,0.25623423622778385,6.430540122500017,5.226103736512342,0,,0.0,0.0,0,nan,0,0,,0,nan,,0.0,0.0,0,nan,nan,nan,nan,nan,nan,0,0.0,0,nan,nan,0.7357822785882651,0,5.226103736512342,0.3990255414682998,0.0,1,1.6798048941871122,4.656026324836901,6.430540122500017,2.042114738166459,nan,nan,0,0.3990255414682998,0,832d821e147a649e,292,5.05626689916435,8,0,0,0,0,nan,-1,0,0
58,553811.599998951,-3811469.383561751,3566808.6461469145,3652664.9577724473,0,0,0,0,0,1,1,1.679718868833504,4.656131932448222,5.429669591884242,19,3,0.25623423622778385,6.494106070676691,5.300309057202907,0,,0.0,0.0,0,nan,0,0,,0,nan,,0.0,0.0,0,nan,nan,nan,nan,nan,nan,0,0.0,0,nan,nan,0.8318346596267722,0,5.300309057202907,0.3991858096140665,0.0,1,1.679718868833504,4.656131932448222,6.494106070676691,2.0490599946754635,nan,nan,0,0.3991858096140665,0,832d821e147a649e,292,5.052367885691581,8,0,0,0,0,nan,-1,0,0
59,553811.7999999523,-3811469.4447181495,3566808.7062500827,3652665.0216358565,0,0,0,0,0,1,1,1.6796926174988345,4.656199147610309,5.535782839134796,19,4,0.25623423622778385,6.561561787920344,5.379239718755202,0,,0.0,0.0,0,nan,0,0,,0,nan,,0.0,0.0,0,nan,nan,nan,nan,nan,nan,0,0.0,0,nan,nan,0.9313162845448922,0,5.379239718755202,0.3991991292097287,0.0,1,1.6796926174988345,4.656199147610309,6.561561787920344,2.056246294564471,nan,nan,0,0.3991991292097287,0,832d821e147a649e,292,5.052051334913686,8,0,0,0,0,nan,-1,0,0
60,553812.0,-3811469.1845345027,3566808.40403197,3652665.053313325,0,0,0,0,0,1,1,1.451246597590632,4.739104993710151,5.6052376997611,19,0,0.24999160052313082,6.166848881541285,5.1773557281077505,0,,0.0,0.0,0,nan,0,0,,0,nan,,0.0,0.0,0,nan,nan,nan,nan,nan,nan,0,0.0,0,nan,nan,0.6944623087193902,0,5.1773557281077505,0.43908909794077533,0.0,1,1.451246597590632,4.739104993710151,6.166848881541285,1.9549034460280577,0.24999160052313082,1.3371359063100048,0,0.43908909794077533,0,832d821e147a649e,348,4.786577274293302,8,12,1,216,27,0.8288721080727263,105,19,17
61,553812.199999094,-3811469.2331142887,3566808.4537998647,3652665.1059620883,0,0,0,0,0,1,1,1.4494138755064905,4.743213305752775,5.7343701358619805,19,1,0.24999160052313082,6.221608856680122,5.255953508288335,0,,0.0,0.0,0,nan,0,0,,0,nan,,0.0,0.0,0,nan,nan,nan,nan,nan,nan,0,0.0,0,nan,nan,0.8020720427833995,0,5.255953508288335,0.46351049705685254,0.0,1,1.4494138755064905,4.743213305752775,6.221608856680122,1.9578471472005274,nan,nan,0,0.46351049705685254,0,832d821e147a649e,348,4.301027803611853,8,0,0,0,0,nan,-1,0,0
62,553812.4000000954,-3811469.2980974317,3566808.5156194377,3652665.1719480325,0,0,0,0,0,1,1,1.4490956429356041,4.744188081472018,5.853623862766625,19,2,0.24999160052313082,6.29338323410037,5.341794599243039,0,,0.0,0.0,0,nan,0,0,,0,nan,,0.0,0.0,0,nan,nan,nan,nan,nan,nan,0,0.0,0,nan,nan,0.9148032053202836,0,5.341794599243039,0.46519876674705807,0.0,1,1.4490956429356041,4.744188081472018,6.29338323410037,1.9641623367477135,nan,nan,0,0.46519876674705807,0,832d821e147a649e,348,4.270382557130886,8,0,0,0,0,nan,-1,0,0
63,553812.599998951,-3811469.323044764,3566808.5407642205,3652665.198648223,0,0,0,0,0,1,1,1.4490781304411637,4.744053636615398,5.897989477991351,19,3,0.24999160052313082,6.322016967199731,5.374916112035617,0,,0.0,0.0,0,nan,0,0,,0,nan,,0.0,0.0,0,nan,nan,nan,nan,nan,nan,0,0.0,0,nan,nan,0.9402685837427713,0,5.374916112035617,0.4656376505513839,0.0,1,1.4490781304411637,4.744053636615398,6.322016967199731,1.971382263637691,nan,nan,0,0.4656376505513839,0,832d821e147a649e,348,4.262460625185276,8,0,0,0,0,nan,-1,0,0
64,553812.7999999523,-3811469.331030157,3566808.5471869325,3652665.210737892,0,0,0,0,0,1,1,1.4490613128121723,4.744138274564349,5.9142620585397925,19,4,0.24999160052313082,6.329239134620994,5.384263062617429,0,,0.0,0.0,0,nan,0,0,,0,nan,,0.0,0.0,0,nan,nan,nan,nan,nan,nan,0,0.0,0,nan,nan,0.9507378841174742,0,5.384263062617429,0.4656824333931669,0.0,1,1.4490613128121723,4.744138274564349,6.329239134620994,1.978850681069604,nan,nan,0,0.4656824333931669,0,832d821e147a649e,348,4.261653390149278,8,0,0,0,0,nan,-1,0,0
65,553813.0,-3811469.0978832426,3566808.2461486016,3652665.22409359,0,0,0,0,0,1,1,1.2353712958740157,4.781824382857739,5.734677466175247,18,0,0.20590055846808142,5.954818255721592,5.1499449212810635,0,,0.0,0.0,0,nan,0,0,,0,nan,,0.0,0.0,0,nan,nan,nan,nan,nan,nan,0,0.0,0,nan,nan,0.6588948295664433,0,5.1499449212810635,0.4318035805278546,0.0,1,1.2353712958740157,4.781824382857739,5.954818255721592,1.887203157661293,0.20590055846808142,0.8545983346324524,0,0.4318035805278546,0,832d821e147a649e,388,4.977043656828438,8,12,1,216,27,0.8307957498392476,105,18,17
66,553813.199999094,-3811469.0866705896,3566808.2339572455,3652665.214502371,0,0,0,0,0,1,1,1.2346953176751676,4.789325701956105,5.739384637460836,18,1,0.20590055846808142,5.940850326801397,5.139401101539663,0,,0.0,0.0,0,nan,0,0,,0,nan,,0.0,0.0,0,nan,nan,nan,nan,nan,nan,0,0.0,0,nan,nan,0.6486548923590412,0,5.139401101539663,0.45424990676634075,0.0,1,1.2346953176751676,4.789325701956105,5.940850326801397,1.890252728871852,nan,nan,0,0.45424990676634075,0,832d821e147a649e,388,4.502007758618296,8,0,0,0,0,nan,-1,0,0
67,553813.4000000954,-3811469.0863395133,3566808.2326866523,3652665.2164501403,0,0,0,0,0,1,1,1.2345326615746752,4.790893153982138,5.74575562771126,18,2,0.20590055846808142,5.9392505269522475,5.139076250053771,0,,0.0,0.0,0,nan,0,0,,0,nan,,0.0,0.0,0,nan,nan,nan,nan,nan,nan,0,0.0,0,nan,nan,0.6511325372716632,0,5.139076250053771,0.4555375907204975,0.0,1,1.2345326615746752,4.790893153982138,5.9392505269522475,1.8967930862073663,nan,nan,0,0.4555375907204975,0,832d821e147a649e,388,4.476978371262876,8,0,0,0,0,nan,-1,0,0
68,553813.599998951,-3811469.0871777595,3566808.234115772,3652665.22406919,0,0,0,0,0,1,1,1.2345005365567099,4.791498265468539,5.753886074567227,18,3,0.20590055846808142,5.939136892899335,5.1399050332213445,0,,0.0,0.0,0,nan,0,0,,0,nan,,0.0,0.0,0,nan,nan,nan,nan,nan,nan,0,0.0,0,nan,nan,0.6587207382869333,0,5.1399050332213445,0.45566091358896665,0.0,1,1.2345005365567099,4.791498265468539,5.939136892899335,1.9042684866028543,nan,nan,0,0.45566091358896665,0,832d821e147a649e,388,4.474590969811772,8,0,0,0,0,nan,-1,0,0
69,553813.7999999523,-3811469.0913300556,3566808.235501047,3652665.228706436,0,0,0,0,0,1,1,1.2344895999769023,4.79161370354334,5.7603227340181204,18,4,0.20590055846808142,5.941714552284891,5.143343339855948,0,,0.0,0.0,0,nan,0,0,,0,nan,,0.0,0.0,0,nan,nan,nan,nan,nan,nan,0,0.0,0,nan,nan,0.6647553030524085,0,5.143343339855948,0.45567604727251426,0.0,1,1.2344895999769023,4.79161370354334,5.941714552284891,1.9119990826985265,nan,nan,0,0.45567604727251426,0,832d821e147a649e,388,4.474299889766242,8,0,0,0,0,nan,-1,0,0
70,553814.0,-3811469.037298305,3566808.123900659,3652665.37507361,0,0,0,0,0,1,1,1.0801103396367149,4.730527255066843,5.580307989813202,19,0,0.17166137233746512,5.7928469079199845,5.081861417881488,0,,0.0,0.0,0,nan,0,0,,0,nan,,0.0,0.0,0,nan,nan,nan,nan,nan,nan,0,0.0,0,nan,nan,0.5586486202149169,0,5.081861417881488,0.40028884515409047,0.0,1,1.0801103396367149,4.730527255066843,5.7928469079199845,1.8222119807090562,0.17166137233746512,0.6712067054049101,0,0.40028884515409047,0,832d821e147a649e,408,5.383729699592237,8,12,1,216,27,0.8291170883679387,105,19,17
71,553814.199999094,-3811469.0540562454,3566808.1413113913,3652665.3910148344,0,0,0,0,0,1,1,1.0805247720851725,4.735070778301293,5.61628545237455,19,1,0.17166137233746512,5.813242256654249,5.102229176876084,0,,0.0,0.0,0,nan,0,0,,0,nan,,0.0,0.0,0,nan,nan,nan,nan,nan,nan,0,0.0,0,nan,nan,0.5834577719652113,0,5.102229176876084,0.4195129501015241,0.0,1,1.0805247720851725,4.735070778301293,5.813242256654249,1.8253700871584446,nan,nan,0,0.4195129501015241,0,832d821e147a649e,408,4.901416805603708,8,0,0,0,0,nan,-1,0,0
72,553814.4000000954,-3811469.078650902,3566808.166167389,3652665.413996416,0,0,0,0,0,1,1,1.0806872218471477,4.73605497255545,5.658664875517778,19,2,0.17166137233746512,5.8428614098649145,5.133125918946832,0,,0.0,0.0,0,nan,0,0,,0,nan,,0.0,0.0,0,nan,nan,nan,nan,nan,nan,0,0.0,0,nan,nan,0.6216281959590021,0,5.133125918946832,0.42052371829693785,0.0,1,1.0806872218471477,4.73605497255545,5.8428614098649145,1.8321420652407963,nan,nan,0,0.42052371829693785,0,832d821e147a649e,408,4.877779518141488,8,0,0,0,0,nan,-1,0,0
73,553814.599998951,-3811469.1003943384,3566808.188215709,3652665.432468175,0,0,0,0,0,1,1,1.0807743071786444,4.736233749651868,5.6937449792407095,19,3,0.17166137233746512,5.86957827210506,5.161021377275862,0,,0.0,0.0,0,nan,0,0,,0,nan,,0.0,0.0,0,nan,nan,nan,nan,nan,nan,0,0.0,0,nan,nan,0.6545044791235246,0,5.161021377275862,0.42064718563649667,0.0,1,1.0807743071786444,4.736233749651868,5.86957827210506,1.8398801572128798,nan,nan,0,0.42064718563649667,0,832d821e147a649e,408,4.8749527036308855,8,0,0,0,0,nan,-1,0,0
74,553814.7999999523,-3811469.1283504013,3566808.217287369,3652665.456551214,0,0,0,0,0,1,1,1.080783450739978,4.736338030360242,5.739741364493762,19,4,0.17166137233746512,5.904559055478418,5.19775501091745,0,,0.0,0.0,0,nan,0,0,,0,nan,,0.0,0.0,0,nan,nan,nan,nan,nan,nan,0,0.0,0,nan,nan,0.6982147718701518,0,5.19775501091745,0.42064837490423135,0.0,1,1.080783450739978,4.736338030360242,5.904559055478418,1.8478801402022942,nan,nan,0,0.42064837490423135,0,832d821e147a649e,408,4.874906604859024,8,0,0,0,0,nan,-1,0,0
75,553815.0,-3811468.9644313212,3566808.0002683788,3652665.475848125,0,0,0,0,0,1,1,0.9310711330057458,4.675686830556579,5.563605699858875,18,0,0.16723452360142665,5.634140693340448,5.099650160565595,0,,0.0,0.0,0,nan,0,0,,0,nan,,0.0,0.0,0,nan,nan,nan,nan,nan,nan,0,0.0,0,nan,nan,0.5866288275224866,0,5.099650160565595,0.2831180563435169,0.0,1,0.9310711330057458,4.675686830556579,5.634140693340448,1.7651404205727586,0.16723452360142665,0.6444207763429423,0,0.2831180563435169,0,832d821e147a649e,432,7.470686271460902,8,12,1,216,27,0.8277173029944058,105,18,17
76,553815.199999094,-3811468.9626228022,3566807.997926585,3652665.473465487,0,0,0,0,0,1,1,0.9295317753671309,4.675756105921691,5.570540408788409,18,1,0.16723452360142665,5.631694436909621,5.10126477994917,0,,0.0,0.0,0,nan,0,0,,0,nan,,0.0,0.0,0,nan,nan,nan,nan,nan,nan,0,0.0,0,nan,nan,0.5889890023607921,0,5.10126477994917,0.29585103325499135,0.0,1,0.9295317753671309,4.675756105921691,5.631694436909621,1.7684010070562826,nan,nan,0,0.29585103325499135,0,832d821e147a649e,432,6.825699920687173,8,0,0,0,0,nan,-1,0,0
77,553815.4000000954,-3811468.961974218,3566807.996615348,3652665.4761489625,0,0,0,0,0,1,1,0.9291920889222863,4.676504892282088,5.574369835415747,18,2,0.16723452360142665,5.6297856190029805,5.100515470468692,0,,0.0,0.0,0,nan,0,0,,0,nan,,0.0,0.0,0,nan,nan,nan,nan,nan,nan,0,0.0,0,nan,nan,0.5918802275238039,0,5.100515470468692,0.29645144704877546,0.0,1,0.9291920889222863,4.676504892282088,5.6297856190029805,1.775390432894277,nan,nan,0,0.29645144704877546,0,832d821e147a649e,432,6.7962709368324825,8,0,0,0,0,nan,-1,0,0
78,553815.599998951,-3811468.965777788,3566807.9991327194,3652665.4802612495,0,0,0,0,0,1,1,0.9290754908041121,4.676558885974318,5.581459481005151,18,3,0.16723452360142665,5.633293496618416,5.1047231069484535,0,,0.0,0.0,0,nan,0,0,,0,nan,,0.0,0.0,0,nan,nan,nan,nan,nan,nan,0,0.0,0,nan,nan,0.5982101990162014,0,5.1047231069484535,0.29650500544721936,0.0,1,0.9290754908041121,4.676558885974318,5.633293496618416,1.7833748257732964,nan,nan,0,0.29650500544721936,0,832d821e147a649e,432,6.793539891789997,8,0,0,0,0,nan,-1,0,0
79,553815.7999999523,-3811468.9675551504,3566807.998609478,3652665.478977498,0,0,0,0,0,1,1,0.9290492426780154,4.676557301756868,5.581387508215798,18,4,0.16723452360142665,5.634264974908431,5.105927010674827,0,,0.0,0.0,0,nan,0,0,,0,nan,,0.0,0.0,0,nan,nan,nan,nan,nan,nan,0,0.0,0,nan,nan,0.5976773682646079,0,5.105927010674827,0.29651289853107976,0.0,1,0.9290492426780154,4.676557301756868,5.634264974908431,1.7916271459200621,nan,nan,0,0.29651289853107976,0,832d821e147a649e,432,6.793205628396127,8,0,0,0,0,nan,-1,0,0
80,553816.0,-3811468.878908008,3566807.8702539033,3652665.593582837,0,0,0,0,1,1,1,6.434424648916714,1.648108443263771,5.38969395983052,18,0,0.15067004659052766,5.460617008571898,6.442317626915742,0,,0.0,0.0,0,nan,0,0,,0,nan,,0.0,0.0,0,nan,nan,nan,nan,nan,nan,0,0.0,0,nan,nan,0.5340807385594332,0,6.442317626915742,0.22808690013134295,0.0,1,6.434424648916714,1.648108443263771,5.460617008571898,1.7121542298193912,0.15067004659052766,0.48750634448403524,0,0.22808690013134295,0,994d54c9040caa4d,445,8.191940734618903,8,12,1,216,27,0.8285840188071699,105,18,17
81,553816.199999094,-3811468.889186431,3566807.880308708,3652665.603812291,0,0,0,0,1,1,1,6.43478494672776,1.6452001504042468,5.415210176595309,18,1,0.15067004659052766,5.472926503892927,6.459174626604874,0,,0.0,0.0,0,nan,0,0,,0,nan,,0.0,0.0,0,nan,nan,nan,nan,nan,nan,0,0.0,0,nan,nan,0.550614009876094,0,6.459174626604874,0.2392442871944356,0.0,1,6.43478494672776,1.6452001504042468,5.472926503892927,1.7155155646892941,nan,nan,0,0.2392442871944356,0,994d54c9040caa4d,445,7.493522867401665,8,0,0,0,0,nan,-1,0,0
82,553816.3999989033,-3811468.902836786,3566807.895093014,3652665.6192629123,0,0,0,0,1,1,1,6.434603960316943,1.6446964119531766,5.440614649113292,18,2,0.15067004659052766,5.490079674497418,6.482793741759298,0,,0.0,0.0,0,nan,0,0,,0,nan,,0.0,0.0,0,nan,nan,nan,nan,nan,nan,0,0.0,0,nan,nan,0.5740538637941959,0,6.482793741759298,0.23984304417458496,0.0,1,6.434603960316943,1.6446964119531766,5.490079674497418,1.7227195117517602,nan,nan,0,0.23984304417458496,0,994d54c9040caa4d,445,7.4605622789016115,8,0,0,0,0,nan,-1,0,0
83,553816.5999999046,-3811468.909679358,3566807.900495396,3652665.6277586543,0,0,0,0,1,1,1,6.4344790985866265,1.6446925026319767,5.452336005349673,18,3,0.15067004659052766,5.497062703441286,6.494249848947329,0,,0.0,0.0,0,nan,0,0,,0,nan,,0.0,0.0,0,nan,nan,nan,nan,nan,nan,0,0.0,0,nan,nan,0.5855671961056516,0,6.494249848947329,0.2399085108007779,0.0,1,6.4344790985866265,1.6446925026319767,5.497062703441286,1.730947006658849,nan,nan,0,0.2399085108007779,0,994d54c9040caa4d,445,7.456735149051981,8,0,0,0,0,nan,-1,0,0
84,553816.7999999523,-3811468.902958673,3566807.893729498,3652665.6224793,0,0,0,0,1,1,1,6.434424181279621,1.6447168889787211,5.441563480377495,18,4,0.15067004659052766,5.488584600800307,6.484355470436186,0,,0.0,0.0,0,nan,0,0,,0,nan,,0.0,0.0,0,nan,nan,nan,nan,nan,nan,0,0.0,0,nan,nan,0.5757192197074518,0,6.484355470436186,0.2399178920421159,0.0,1,6.434424181279621,1.6447168889787211,5.488584600800307,1.7394480273096997,nan,nan,0,0.2399178920421159,0,994d54c9040caa4d,445,7.456089718920341,8,0,0,0,0,nan,-1,0,0
85,553817.0,-3811468.8169170558,3566807.7924411534,3652665.732098982,0,0,0,0,1,1,1,6.2703219343876455,1.6746970603722597,5.294819844578226,19,0,0.16129119387086358,5.33972507027378,6.421651325161868,0,,0.0,0.0,0,nan,0,0,,0,nan,,0.0,0.0,0,nan,nan,nan,nan,nan,nan,0,0.0,0,nan,nan,0.5106864905170204,0,6.421651325161868,0.2825102326995928,0.0,1,6.2703219343876455,1.6746970603722597,5.33972507027378,1.6605523074598696,0.16129119387086358,0.3482728961220111,0,0.2825102326995928,0,994d54c9040caa4d,454,6.7951913356871385,8,12,1,216,27,0.8327886016092789,105,19,17
86,553817.199999094,-3811468.789584278,3566807.765068103,3652665.7043454917,0,0,0,0,1,1,1,6.269022453122016,1.676544255054823,5.241449213974157,19,1,0.16129119387086358,5.306002063462841,6.374078048214963,0,,0.0,0.0,0,nan,0,0,,0,nan,,0.0,0.0,0,nan,nan,nan,nan,nan,nan,0,0.0,0,nan,nan,0.4643287496695325,1,6.374078048214963,0.2959335949655918,0.0,1,6.269022453122016,1.676544255054823,5.306002063462841,1.664017975913443,nan,nan,0,0.2959335949655918,0,994d54c9040caa4d,454,6.211105069477677,8,0,0,0,0,nan,-1,0,0
87,553817.3999989033,-3811468.7791701336,3566807.7530020396,3652665.6942558023,0,0,0,0,1,1,1,6.269650100017688,1.6750378275928313,5.227438423879993,19,2,0.16129119387086358,5.291895731050397,6.3580307412203725,0,,0.0,0.0,0,nan,0,0,,0,nan,,0.0,0.0,0,nan,nan,nan,nan,nan,nan,0,0.0,0,nan,nan,0.44912152939623945,1,6.3580307412203725,0.2967111123336726,0.0,1,6.269650100017688,1.6750378275928313,5.291895731050397,1.6714439156460614,nan,nan,0,0.29671111233367253,0,994d54c9040caa4d,454,6.182017408480246,8,0,0,0,0,nan,-1,0,0
88,553817.5999999046,-3811468.777137907,3566807.7511370927,3652665.6918531856,0,0,0,0,1,1,1,6.269683484037342,1.6749190594613563,5.224177145156627,19,3,0.16129119387086358,5.289586413029958,6.354587389775703,0,,0.0,0.0,0,nan,0,0,,0,nan,,0.0,0.0,0,nan,nan,nan,nan,nan,nan,0,0.0,0,nan,nan,0.4457794972871456,1,6.354587389775703,0.2967823812362385,0.0,1,6.269683484037342,1.6749190594613563,5.289586413029958,1.6799225601746655,nan,nan,0,0.2967823812362385,0,994d54c9040caa4d,454,6.17935431636611,8,0,0,0,0,nan,-1,0,0
89,553817.7999999523,-3811468.7767216642,3566807.7499405225,3652665.6927631916,0,0,0,0,1,1,1,6.2696845350057755,1.6748778939323827,5.224023634889864,19,4,0.16129119387086358,5.288271008541489,6.3546290427956995,0,,0.0,0.0,0,nan,0,0,,0,nan,,0.0,0.0,0,nan,nan,nan,nan,nan,nan,0,0.0,0,nan,nan,0.4460314525602892,1,6.3546290427956995,0.29678967436544795,0.0,1,6.2696845350057755,1.6748778939323827,5.288271008541489,1.6886804655036185,nan,nan,0,0.29678967436544795,0,994d54c9040caa4d,454,6.179081389250701,8,0,0,0,0,nan,-1,0,0
90,553818.0,-3811468.7353828726,3566807.691360277,3652665.845512674,0,0,0,0,0,1,1,6.1160467250356705,1.7746550183634424,5.072363734970376,18,0,0.11031835963790779,5.194834180173555,6.404990190931198,0,,0.0,0.0,0,nan,0,0,,0,nan,,0.0,0.0,0,nan,nan,nan,nan,nan,nan,0,0.0,0,nan,nan,0.49008399079624915,1,6.404990190931198,0.30143616257571054,0.0,1,6.1160467250356705,1.7746550183634424,5.194834180173555,1.6144343408829938,0.11031835963790779,0.3497947379215988,0,0.30143616257571054,0,994d54c9040caa4d,465,5.579983409748698,8,12,1,216,27,0.8283683073277721,105,18,17
91,553818.199999094,-3811468.7391064353,3566807.6956073996,3652665.849251501,0,0,0,0,0,1,1,6.113862539238396,1.7770687059878099,5.069550064158991,18,1,0.11031835963790779,5.199922486511884,6.406900493991329,0,,0.0,0.0,0,nan,0,0,,0,nan,,0.0,0.0,0,nan,nan,nan,nan,nan,nan,0,0.0,0,nan,nan,0.4917188187690139,1,6.406900493991329,0.31583808516866835,0.0,1,6.113862539238396,1.7770687059878099,5.199922486511884,1.6179992590076882,nan,nan,0,0.31583808516866835,0,994d54c9040caa4d,465,5.090139081005268,8,0,0,0,0,nan,-1,0,0
92,553818.3999989033,-3811468.74180484,3566807.696229558,3652665.8534990577,0,0,0,0,0,1,1,6.113626083393521,1.776805832139214,5.073472589110489,18,2,0.11031835963790779,5.201547054065843,6.41106565565344,0,,0.0,0.0,0,nan,0,0,,0,nan,,0.0,0.0,0,nan,nan,nan,nan,nan,nan,0,0.0,0,nan,nan,0.4959814014448381,1,6.41106565565344,0.3166032212541991,0.0,1,6.113626083393521,1.776805832139214,5.201547054065843,1.6256355387093915,nan,nan,0,0.3166032212541991,0,994d54c9040caa4d,465,5.06659943199982,8,0,0,0,0,nan,-1,0,0
93,553818.5999999046,-3811468.7435135636,3566807.6972454316,3652665.8559057238,0,0,0,0,0,1,1,6.1135126528197326,1.7769069825991022,5.076054612069313,18,3,0.11031835963790779,5.203086526608415,6.413856769031539,0,,0.0,0.0,0,nan,0,0,,0,nan,,0.0,0.0,0,nan,nan,nan,nan,nan,nan,0,0.0,0,nan,nan,0.49878986772074363,1,6.413856769031539,0.3166747106671877,0.0,1,6.1135126528197326,1.7769069825991022,5.203086526608415,1.6343518753605377,nan,nan,0,0.3166747106671877,0,994d54c9040caa4d,465,5.06438092058411,8,0,0,0,0,nan,-1,0,0
94,553818.7999999523,-3811468.744718246,3566807.6983538847,3652665.855421672,0,0,0,0,0,1,1,6.113477413280411,1.7769442909323208,5.076747743709925,18,4,0.11031835963790779,5.204760967274487,6.41431914902859,0,,0.0,0.0,0,nan,0,0,,0,nan,,0.0,0.0,0,nan,nan,nan,nan,nan,nan,0,0.0,0,nan,nan,0.49916069682770436,1,6.41431914902859,0.31668168268334074,0.0,1,6.113477413280411,1.7769442909323208,5.204760967274487,1.6433526676771246,nan,nan,0,0.31668168268334074,0,994d54c9040caa4d,465,5.064160783712474,8,0,0,0,0,nan,-1,0,0
95,553819.0,-3811468.636547822,3566807.554884948,3652665.9106425443,0,0,0,0,0,1,1,4.831202729389749,4.3940613866305345,4.890138159597874,18,0,0.09650807870128013,5.019691785494193,0.5137425310126194,0,,0.0,0.0,0,nan,0,0,,0,nan,,0.0,0.0,0,nan,nan,nan,nan,nan,nan,0,0.0,0,nan,nan,0.5137425310126194,0,0.5137425310126194,0.3466348687991521,0.0,1,4.831202729389749,4.3940613866305345,5.019691785494193,1.5710678464020085,0.09650807870128013,0.27321485315356214,0,0.3466348687991521,0,f6fa57c2bd06c57a,512,4.84206261569807,8,12,1,216,27,0.913397818712496,125,18,17
96,553819.199999094,-3811468.636808119,3566807.5548408963,3652665.9143909067,0,0,0,0,0,1,1,4.830350253056637,4.3932756546547305,4.893977517305169,18,1,0.09650807870128013,5.019348060966175,0.5189162333951579,0,,0.0,0.0,0,nan,0,0,,0,nan,,0.0,0.0,0,nan,nan,nan,nan,nan,nan,0,0.0,0,nan,nan,0.5189162333951579,0,0.5189162333951579,0.36160755132086386,0.0,1,4.830350253056637,4.3932756546547305,5.019348060966175,1.5747309510157785,nan,nan,0,0.36160755132086386,0,f6fa57c2bd06c57a,512,4.45091599524481,8,0,0,0,0,nan,-1,0,0
97,553819.3999989033,-3811468.6387844095,3566807.555983467,3652665.918199778,0,0,0,0,0,1,1,4.830104006362504,4.393141339925579,4.898568483565775,18,2,0.09650807870128013,5.0209986749369175,0.5237939316419145,0,,0.0,0.0,0,nan,0,0,,0,nan,,0.0,0.0,0,nan,nan,nan,nan,nan,nan,0,0.0,0,nan,nan,0.5237939316419145,0,0.5237939316419145,0.3622333582227656,0.0,1,4.830104006362504,4.393141339925579,5.0209986749369175,1.5825760258817991,nan,nan,0,0.3622333582227656,0,f6fa57c2bd06c57a,512,4.435653245375178,8,0,0,0,0,nan,-1,0,0
98,553819.5999999046,-3811468.6393151586,3566807.556565854,3652665.922912061,0,0,0,0,0,1,1,4.830049194929244,4.393068483739726,4.902479296001756,18,3,0.09650807870128013,5.021187289397074,0.52835802541988,0,,0.0,0.0,0,nan,0,0,,0,nan,,0.0,0.0,0,nan,nan,nan,nan,nan,nan,0,0.0,0,nan,nan,0.52835802541988,0,0.52835802541988,0.36229389218514385,0.0,1,4.830049194929244,4.393068483739726,5.021187289397074,1.5915282050527608,nan,nan,0,0.36229389218514385,0,f6fa57c2bd06c57a,512,4.434186555172695,8,0,0,0,0,nan,-1,0,0
99,553819.7999999523,-3811468.641817714,3566807.556025829,3652665.9311662726,0,0,0,0,0,1,1,4.830024779499125,4.3930716555916325,4.909242387919663,18,4,0.09650807870128013,5.021359757160374,0.5361142831434182,0,,0.0,0.0,0,nan,0,0,,0,nan,,0.0,0.0,0,nan,nan,nan,nan,nan,nan,0,0.0,0,nan,nan,0.5361142831434182,0,0.5361142831434182,0.36229989881373115,0.0,1,4.830024779499125,4.3930716555916325,5.021359757160374,1.600769804175733,nan,nan,0,0.36229989881373115,0,f6fa57c2bd06c57a,512,4.434035698992345,8,0,0,0,0,nan,-1,0,0
100,553820.0,-3811468.5541079477,3566807.437510714,3652665.968508439,0,0,0,0,0,1,1,4.674702703267832,4.2288011908495236,4.730786090350278,18,0,0.08261153489824674,4.870813625953213,0.518587782548586,0,,0.0,0.0,0,nan,0,0,,0,nan,,0.0,0.0,0,nan,nan,nan,nan,nan,nan,0,0.0,0,nan,nan,0.518587782548586,0,0.518587782548586,0.43684129307129443,0.0,1,4.674702703267832,4.2288011908495236,4.870813625953213,1.5301583551075884,0.08261153489824674,0.2516350132432009,0,0.43684129307129443,0,f6fa57c2bd06c57a,512,3.9812705888912903,8,12,1,216,27,0.8785549099134945,108,18,17
101,553820.199999094,-3811468.5551112634,3566807.4387408583,3652665.9705805383,0,0,0,0,0,1,1,4.673647388080696,4.230800726626053,4.737012736466261,18,1,0.08261153489824674,4.872141507085222,0.5226939973887564,0,,0.0,0.0,0,nan,0,0,,0,nan,,0.0,0.0,0,nan,nan,nan,nan,nan,nan,0,0.0,0,nan,nan,0.5226939973887564,0,0.5226939973887564,0.45566208752285453,0.0,1,4.673647388080696,4.230800726626053,4.872141507085222,1.5339193345582653,nan,nan,0,0.45566208752285453,0,f6fa57c2bd06c57a,512,3.6595863971668634,8,0,0,0,0,nan,-1,0,0
102,553820.3999989033,-3811468.554467566,3566807.438987627,3652665.970344634,0,0,0,0,0,1,1,4.673648634069317,4.230421291054277,4.736208478639028,18,2,0.08261153489824674,4.871941036236305,0.5222864815522535,0,,0.0,0.0,0,nan,0,0,,0,nan,,0.0,0.0,0,nan,nan,nan,nan,nan,nan,0,0.0,0,nan,nan,0.5222864815522535,0,0.5222864815522535,0.4564595402434496,0.0,1,4.673648634069317,4.230421291054277,4.871941036236305,1.5419721028542017,nan,nan,0,0.4564595402434496,0,f6fa57c2bd06c57a,512,3.6469025653684812,8,0,0,0,0,nan,-1,0,0
103,553820.5999999046,-3811468.566214731,3566807.449401112,3652665.982010112,0,0,0,0,0,1,1,4.673450967471765,4.230928712994789,4.756360157979746,18,3,0.08261153489824674,4.886003146619511,0.5407682033508356,0,,0.0,0.0,0,nan,0,0,,0,nan,,0.0,0.0,0,nan,nan,nan,nan,nan,nan,0,0.0,0,nan,nan,0.5407682033508356,0,0.5407682033508356,0.4565249614727831,0.0,1,4.673450967471765,4.230928712994789,4.886003146619511,1.5511586485323297,nan,nan,0,0.4565249614727831,0,f6fa57c2bd06c57a,512,3.6458074348701817,8,0,0,0,0,nan,-1,0,0
104,553820.7999999523,-3811468.580364131,3566807.4643471627,3652665.9947485225,0,0,0,0,0,1,1,4.673429414184705,4.230960643037843,4.780039635860467,18,4,0.08261153489824674,4.904954528168594,0.5627342168830377,0,,0.0,0.0,0,nan,0,0,,0,nan,,0.0,0.0,0,nan,nan,nan,nan,nan,nan,0,0.0,0,nan,nan,0.5627342168830377,0,0.5627342168830377,0.45653225995929303,0.0,1,4.673429414184705,4.230960643037843,4.904954528168594,1.560639325014739,nan,nan,0,0.45653225995929303,0,f6fa57c2bd06c57a,512,3.645688763078571,8,0,0,0,0,nan,-1,0,0
105,553821.0,-3811468.4539604494,3566807.306149873,3652666.019897038,0,0,0,0,0,1,1,4.488255869146856,4.054661144144319,4.575131479767411,19,0,0.10109941856354684,4.701028825705114,0.5352536189010799,0,,0.0,0.0,0,nan,0,0,,0,nan,,0.0,0.0,0,nan,nan,nan,nan,nan,nan,0,0.0,0,nan,nan,0.5352536189010799,0,0.5352536189010799,0.5142956444106613,0.0,1,4.488255869146856,4.054661144144319,4.701028825705114,1.4898935554101393,0.10109941856354684,0.22508718476253217,0,0.5142956444106613,0,f6fa57c2bd06c57a,512,3.2784121192383493,8,12,1,216,27,0.8751661363504359,109,19,17
106,553821.199999094,-3811468.463041869,3566807.315766122,3652666.0304021374,0,0,0,0,0,1,1,4.4861335211631985,4.057196563666548,4.598205726212484,19,1,0.10109941856354684,4.712981367175279,0.5549120056659734,0,,0.0,0.0,0,nan,0,0,,0,nan,,0.0,0.0,0,nan,nan,nan,nan,nan,nan,0,0.0,0,nan,nan,0.5549120056659734,0,0.5549120056659734,0.5368460611569771,0.0,1,4.4861335211631985,4.057196563666548,4.712981367175279,1.493755958423994,nan,nan,0,0.5368460611569771,0,f6fa57c2bd06c57a,512,3.0090124721200784,8,0,0,0,0,nan,-1,0,0
107,553821.3999989033,-3811468.4721323354,3566807.3232537475,3652666.0398862143,0,0,0,0,0,1,1,4.4858323905078095,4.05722962641593,4.613731244953801,19,2,0.10109941856354684,4.723474482020924,0.5697539564944364,0,,0.0,0.0,0,nan,0,0,,0,nan,,0.0,0.0,0,nan,nan,nan,nan,nan,nan,0,0.0,0,nan,nan,0.5697539564944364,0,0.5697539564944364,0.5378047256015808,0.0,1,4.4858323905078095,4.05722962641593,4.723474482020924,1.5020240791443242,nan,nan,0,0.5378047256015808,0,f6fa57c2bd06c57a,512,2.9983215529088345,8,0,0,0,0,nan,-1,0,0
108,553821.5999999046,-3811468.487521388,3566807.33707183,3652666.0585040287,0,0,0,0,0,1,1,4.485608982336955,4.057682527053042,4.642317865016059,19,3,0.10109941856354684,4.741889378283319,0.5970864485397068,0,,0.0,0.0,0,nan,0,0,,0,nan,,0.0,0.0,0,nan,nan,nan,nan,nan,nan,0,0.0,0,nan,nan,0.5970864485397068,0,0.5970864485397068,0.5378906065798332,0.0,1,4.485608982336955,4.057682527053042,4.741889378283319,1.5114534494126786,nan,nan,0,0.5378906065798332,0,f6fa57c2bd06c57a,512,2.997354391706469,8,0,0,0,0,nan,-1,0,0
109,553821.7999999523,-3811468.498966446,3566807.3479712936,3652666.0694378703,0,0,0,0,0,1,1,4.48559147962439,4.057661779661198,4.661247801351581,19,4,0.10109941856354684,4.756408538925942,0.6151012904274495,0,,0.0,0.0,0,nan,0,0,,0,nan,,0.0,0.0,0,nan,nan,nan,nan,nan,nan,0,0.0,0,nan,nan,0.6151012904274495,0,0.6151012904274495,0.5379013193112354,0.0,1,4.48559147962439,4.057661779661198,4.756408538925942,1.5211816072400826,nan,nan,0,0.5379013193112354,0,f6fa57c2bd06c57a,512,2.997237585997169,8,0,0,0,0,nan,-1,0,0
110,553822.0,-3811468.366795978,3566807.1951820585,3652666.079515507,0,0,0,0,0,1,1,4.327446904848176,3.9696110241932065,4.513442818290191,19,0,0.09580900580672519,4.554417796108927,0.5591882207568222,0,,0.0,0.0,0,nan,0,0,,0,nan,,0.0,0.0,0,nan,nan,nan,nan,nan,nan,0,0.0,0,nan,nan,0.5591882207568222,0,0.5591882207568222,0.5898180687432106,0.0,1,4.327446904848176,3.9696110241932065,4.554417796108927,1.4518613891260537,0.09580900580672519,0.23458075987996396,0,0.5898180687432106,0,f6fa57c2bd06c57a,512,2.657447023022327,8,12,1,216,27,0.8776667433706704,108,19,17
111,553822.199999094,-3811468.396445469,3566807.224230911,3652666.1126333876,0,0,0,0,0,1,1,4.323560344690034,3.976473834226933,4.579754089202728,19,1,0.09580900580672519,4.592267392438219,0.616299866582431,0,,0.0,0.0,0,nan,0,0,,0,nan,,0.0,0.0,0,nan,nan,nan,nan,nan,nan,0,0.0,0,nan,nan,0.616299866582431,0,0.616299866582431,0.6161244304138485,0.0,1,4.323560344690034,3.976473834226933,4.592267392438219,1.4558249861039145,nan,nan,0,0.6161244304138485,0,f6fa57c2bd06c57a,512,2.4375435474756535,8,0,0,0,0,nan,-1,0,0
112,553822.3999989033,-3811468.433035671,3566807.2606027587,3652666.149549613,0,0,0,0,0,1,1,4.322784168954756,3.977838830480289,4.645149069337984,19,2,0.09580900580672519,4.640125253966821,0.6776483872434511,0,,0.0,0.0,0,nan,0,0,,0,nan,,0.0,0.0,0,nan,nan,nan,nan,nan,nan,0,0.0,0,nan,nan,0.6776483872434511,0,0.6776483872434511,0.6172893097526446,0.0,1,4.322784168954756,3.977838830480289,4.640125253966821,1.464307366794698,nan,nan,0,0.6172893097526446,0,f6fa57c2bd06c57a,512,2.428569201677139,8,0,0,0,0,nan,-1,0,0
113,553822.5999999046,-3811468.495169431,3566807.3239307012,3652666.2178813745,0,0,0,0,0,1,1,4.322217962377632,3.97933015377159,4.758861840996554,19,3,0.09580900580672519,4.72301200125036,0.7869076392395098,0,,0.0,0.0,0,nan,0,0,,0,nan,,0.0,0.0,0,nan,nan,nan,nan,nan,nan,0,0.0,0,nan,nan,0.7869076392395098,0,0.7869076392395098,0.6173414511021105,0.0,1,4.322217962377632,3.97933015377159,4.72301200125036,1.4739780586275537,nan,nan,0,0.6173414511021105,0,f6fa57c2bd06c57a,512,2.4281629785859096,8,0,0,0,0,nan,-1,0,0
114,553822.7999999523,-3811468.5736154537,3566807.399910786,3652666.298941172,0,0,0,0,0,1,1,4.322104178508134,3.9796062980220066,4.894133650654775,19,4,0.09580900580672519,4.8266094848585706,0.919222879691034,0,,0.0,0.0,0,nan,0,0,,0,nan,,0.0,0.0,0,nan,nan,nan,nan,nan,nan,0,0.0,0,nan,nan,0.8698843372147669,0,0.919222879691034,0.6173433937379452,0.0,1,4.322104178508134,3.9796062980220066,4.8266094848585706,1.4839519154548166,nan,nan,0,0.6173433937379452,0,f6fa57c2bd06c57a,512,2.428147274751241,8,0,0,0,0,nan,-1,0,0
115,553823.0,-3811468.3071210613,3566807.122528986,3652666.160279836,0,0,0,0,0,1,1,4.142617039931381,4.193175825877966,4.856889811956668,19,0,0.07818896748069047,4.453110749404401,0.6766771347674347,0,,0.0,0.0,0,nan,0,0,,0,nan,,0.0,0.0,0,nan,nan,nan,nan,nan,nan,0,0.0,0,nan,nan,0.6766771347674347,0,0.6766771347674347,0.6432287990864801,0.0,1,4.142617039931381,4.193175825877966,4.453110749404401,1.4158440950765059,0.07818896748069047,0.5499291585600596,0,0.6432287990864801,0,f6fa57c2bd06c57a,512,2.2961519701041064,8,12,1,216,27,0.8750220286389515,108,19,17
116,553823.199999094,-3811468.35837787,3566807.175700028,3652666.2083267174,0,0,0,0,0,1,1,4.12792762997755,4.212261280436917,4.987374587346828,19,1,0.07818896748069047,4.52266282746532,0.7841614581725144,0,,0.0,0.0,0,nan,0,0,,0,nan,,0.0,0.0,0,nan,nan,nan,nan,nan,nan,0,0.0,0,nan,nan,0.7841614581725144,0,0.7841614581725144,0.6720187562644087,0.0,1,4.12792762997755,4.212261280436917,4.52266282746532,1.4199083665795802,nan,nan,0,0.6720187562644087,0,f6fa57c2bd06c57a,512,2.1052199165211176,8,0,0,0,0,nan,-1,0,0
117,553823.3999989033,-3811468.433264046,3566807.25222931,3652666.2826369973,0,0,0,0,0,1,1,4.124401030010311,4.2176869399199,5.127727183479904,19,2,0.07818896748069047,4.624302905662867,0.9158394106742083,0,,0.0,0.0,0,nan,0,0,,0,nan,,0.0,0.0,0,nan,nan,nan,nan,nan,nan,0,0.0,0,nan,nan,0.8471614984852485,0,0.9158394106742083,0.6732196091230962,0.0,1,4.124401030010311,4.2176869399199,4.624302905662867,1.428604050663526,nan,nan,0,0.6732196091230962,0,f6fa57c2bd06c57a,512,2.0978646077765277,8,0,0,0,0,nan,-1,0,0
118,553823.5999999046,-3811468.526425609,3566807.342732031,3652666.378323031,0,0,0,0,0,1,1,4.123230240765619,4.219772400494913,5.2919738973191155,19,3,0.07818896748069047,4.749034182664432,1.0757290987253034,0,,0.0,0.0,0,nan,0,0,,0,nan,,0.0,0.0,0,nan,nan,nan,nan,nan,nan,0,0.0,0,nan,nan,0.8837675597841362,0,1.0757290987253034,0.6732651244777602,0.0,1,4.123230240765619,4.219772400494913,4.749034182664432,1.4393613695508036,nan,nan,0,0.6732651244777602,0,f6fa57c2bd06c57a,512,2.097590543768678,8,0,0,0,0,nan,-1,0,0
119,553823.7999999523,-3811468.626168303,3566807.4400163204,3652666.4852314456,0,0,0,0,0,1,1,4.122883398988584,4.220363749568234,5.4679409752809,19,4,0.07818896748069047,4.885182020055159,1.249730539342848,0,,0.0,0.0,0,nan,0,0,,0,nan,,0.0,0.0,0,nan,nan,nan,nan,nan,nan,0,0.0,0,nan,nan,0.9549109725724457,0,1.249730539342848,0.6732692246003067,0.0,1,4.122883398988584,4.220363749568234,4.885182020055159,1.4513607916494302,nan,nan,0,0.6732692246003067,0,f6fa57c2bd06c57a,512,2.0975660970641097,8,0,0,0,0,nan,-1,0,0
120,553824.0,-3811468.259865396,3566807.0599575657,3652666.3579538884,0,0,0,0,0,1,1,3.961273483856796,4.682837130788234,5.4538701772375715,19,0,0.08988941241842627,4.361917432117349,0.7839273129937235,0,,0.0,0.0,0,nan,0,0,,0,nan,,0.0,0.0,0,nan,nan,nan,nan,nan,nan,0,0.0,0,nan,nan,0.7839273129937235,0,0.7839273129937235,0.6548371986567836,0.0,1,3.961273483856796,4.682837130788234,4.361917432117349,1.373252962372899,0.08988941241842627,0.7202377201934707,3,0.6548371986567836,0,f6fa57c2bd06c57a,512,2.230773086527179,8,12,1,216,27,0.8716779389542003,106,19,17
121,553824.199999094,-3811468.3186313105,3566807.114591428,3652666.4297831175,0,0,0,0,0,1,1,3.9456889625065696,4.712601170014976,5.61549863522789,19,1,0.08988941241842627,4.439043102720355,0.9137633512767098,0,,0.0,0.0,0,nan,0,0,,0,nan,,0.0,0.0,0,nan,nan,nan,nan,nan,nan,0,0.0,0,nan,nan,0.8660259885000586,0,0.9137633512767098,0.6863486545046679,0.0,1,3.9456889625065696,4.712601170014976,4.439043102720355,1.3775673270551245,nan,nan,0,0.6863486545046679,0,f6fa57c2bd06c57a,512,2.03214141459434,8,0,0,0,0,nan,-1,0,0
122,553824.3999989033,-3811468.4017194808,3566807.191496991,3652666.5269679357,0,0,0,0,0,1,1,3.9420549400764466,4.721098742038609,5.77867702660189,19,2,0.08988941241842627,4.549974274877567,1.0663649717240211,0,,0.0,0.0,0,nan,0,0,,0,nan,,0.0,0.0,0,nan,nan,nan,nan,nan,nan,0,0.0,0,nan,nan,0.9096681360137697,0,1.0663649717240211,0.6877949666073497,0.0,1,3.9420549400764466,4.721098742038609,4.549974274877567,1.3865624694209557,nan,nan,0,0.6877949666073497,0,f6fa57c2bd06c57a,512,2.023740351235218,8,0,0,0,0,nan,-1,0,0
123,553824.5999999046,-3811468.469013541,3566807.2541610976,3652666.6065085335,0,0,0,0,0,1,1,3.941387157536959,4.722601886853228,5.902634963983915,19,3,0.08988941241842627,4.641685113627941,1.1876449054814486,0,,0.0,0.0,0,nan,0,0,,0,nan,,0.0,0.0,0,nan,nan,nan,nan,nan,nan,0,0.0,0,nan,nan,0.9606187088842852,0,1.1876449054814486,0.6881726894227198,0.0,1,3.941387157536959,4.722601886853228,4.641685113627941,1.396781349938426,nan,nan,0,0.6881726894227198,0,f6fa57c2bd06c57a,512,2.021546124152967,8,0,0,0,0,nan,-1,0,0
124,553824.7999999523,-3811468.5337115326,3566807.315192017,3652666.679677825,0,0,0,0,0,1,1,3.941114759473758,4.7233139343110535,6.018655124037361,19,4,0.08988941241842627,4.731626776497732,1.3018209207516618,0,,0.0,0.0,0,nan,0,0,,0,nan,,0.0,0.0,0,nan,nan,nan,nan,nan,nan,0,0.0,0,nan,nan,1.018080362697687,0,1.3018209207516618,0.6881994438410031,0.0,1,3.941114759473758,4.7233139343110535,4.731626776497732,1.407305432486407,nan,nan,0,0.6881994438410031,0,f6fa57c2bd06c57a,512,2.0213910067535186,8,0,0,0,0,nan,-1,0,0
125,553825.0,-3811468.213257993,3566806.992953297,3652666.4700697195,0,0,0,0,0,1,1,3.867465069354485,5.133822976361987,5.890272139779201,18,0,0.08969191766896357,4.277212282198917,0.7693557284843364,0,,0.0,0.0,0,nan,0,0,,0,nan,,0.0,0.0,0,nan,nan,nan,nan,nan,nan,0,0.0,0,nan,nan,0.7693557284843364,0,0.7693557284843364,0.6682023825508203,0.0,1,3.867465069354485,5.133822976361987,4.277212282198917,1.341081887224252,0.08969191766896357,0.5287017041840866,1,0.6682023825508203,0,f6fa57c2bd06c57a,512,2.159721895711951,8,12,1,216,27,1.5376640089916098,110,18,17
126,553825.199999094,-3811468.215952453,3566806.9975593677,3652666.470325392,0,0,0,0,0,1,1,3.854118271424821,5.167256689920249,5.949408345863716,18,1,0.08969191766896357,4.282452446087192,0.7942754651887516,0,,0.0,0.0,0,nan,0,0,,0,nan,,0.0,0.0,0,nan,nan,nan,nan,nan,nan,0,0.0,0,nan,nan,0.7942754651887516,0,0.7942754651887516,0.6991288186394057,0.0,1,3.854118271424821,5.167256689920249,4.282452446087192,1.345371540844225,nan,nan,0,0.6991288186394057,0,f6fa57c2bd06c57a,512,1.9741082046744354,8,0,0,0,0,nan,-1,0,0
127,553825.3999989033,-3811468.238187265,3566807.0211028242,3652666.4891943247,0,0,0,0,0,1,1,3.8518520295177763,5.173603990272658,5.99605464083504,18,2,0.08969191766896357,4.314483734331186,0.8328912576479996,0,,0.0,0.0,0,nan,0,0,,0,nan,,0.0,0.0,0,nan,nan,nan,nan,nan,nan,0,0.0,0,nan,nan,0.8328912576479996,0,0.8328912576479996,0.7013965814110575,0.0,1,3.8518520295177763,5.173603990272658,4.314483734331186,1.354545942352799,nan,nan,0,0.7013965814110575,0,f6fa57c2bd06c57a,512,1.9615072475889042,8,0,0,0,0,nan,-1,0,0
128,553825.5999999046,-3811468.261695421,3566807.0505434126,3652666.5058137137,0,0,0,0,0,1,1,3.851198267314076,5.175647257416634,6.038101056480596,18,3,0.08969191766896357,4.351916627772232,0.8708740630157947,0,,0.0,0.0,0,nan,0,0,,0,nan,,0.0,0.0,0,nan,nan,nan,nan,nan,nan,0,0.0,0,nan,nan,0.8473141975004104,0,0.8708740630157947,0.7016149470297116,0.0,1,3.851198267314076,5.175647257416634,4.351916627772232,1.3649945563252466,nan,nan,0,0.7016149470297116,0,f6fa57c2bd06c57a,512,1.9603008339131551,8,0,0,0,0,nan,-1,0,0
129,553825.7999999523,-3811468.278472328,3566807.074131695,3652666.5131957456,0,0,0,0,0,1,1,3.851033070343354,5.176204255288378,6.065133181303713,18,4,0.08969191766896357,4.3806593548427015,0.8956972637773535,0,,0.0,0.0,0,nan,0,0,,0,nan,,0.0,0.0,0,nan,nan,nan,nan,nan,nan,0,0.0,0,nan,nan,0.8417334928475614,0,0.8956972637773535,0.7016807646830147,0.0,1,3.851033070343354,5.176204255288378,4.3806593548427015,1.3757587604714319,nan,nan,0,0.7016807646830147,0,f6fa57c2bd06c57a,512,1.9599371174226405,8,0,0,0,0,nan,-1,0,0
130,553826.0,-3811468.1517025777,3566806.937944159,3652666.5636500316,0,0,0,0,0,1,1,3.8570132541331588,5.297148567949256,5.915966385510824,19,0,0.10437133364055624,4.194577476519986,0.6343445654260336,0,,0.0,0.0,0,nan,0,0,,0,nan,,0.0,0.0,0,nan,nan,nan,nan,nan,nan,0,0.0,0,nan,nan,0.6343445654260336,0,0.6343445654260336,0.7068001104011863,0.0,1,3.8570132541331588,5.297148567949256,4.194577476519986,1.3114539874734326,0.10437133364055624,0.11782175146010418,0,0.7068001104011863,0,f6fa57c2bd06c57a,512,1.9441479230835184,8,12,1,216,27,1.4785363585950402,112,19,17
131,553826.199999094,-3811468.159587029,3566806.949774481,3652666.568268415,0,0,0,0,0,1,1,3.857158970168143,5.314445208356226,5.945868363315383,19,1,0.10437133364055624,4.208702179491958,0.6454567587865224,0,,0.0,0.0,0,nan,0,0,,0,nan,,0.0,0.0,0,nan,nan,nan,nan,nan,nan,0,0.0,0,nan,nan,0.6454567587865224,0,0.6454567587865224,0.7404485059804794,0.0,1,3.857158970168143,5.314445208356226,4.208702179491958,1.3158415864574493,nan,nan,0,0.7404485059804794,0,f6fa57c2bd06c57a,512,1.7725114514661975,8,0,0,0,0,nan,-1,0,0
132,553826.3999989033,-3811468.1752835745,3566806.9684575084,3652666.582082078,0,0,0,0,0,1,1,3.857625465889652,5.317978168277034,5.975879376587724,19,2,0.10437133364055624,4.233177470332,0.6703148456026514,0,,0.0,0.0,0,nan,0,0,,0,nan,,0.0,0.0,0,nan,nan,nan,nan,nan,nan,0,0.0,0,nan,nan,0.6703148456026514,0,0.6703148456026514,0.7422101672835284,0.0,1,3.857625465889652,5.317978168277034,4.233177470332,1.3252205081739585,nan,nan,0,0.7422101672835284,0,f6fa57c2bd06c57a,512,1.7642115199963735,8,0,0,0,0,nan,-1,0,0
133,553826.5999999046,-3811468.186702761,3566806.98243011,3652666.5923306453,0,0,0,0,0,1,1,3.857855527967769,5.318822596042977,5.996578759226646,19,3,0.10437133364055624,4.251301327647518,0.6890911239123617,0,,0.0,0.0,0,nan,0,0,,0,nan,,0.0,0.0,0,nan,nan,nan,nan,nan,nan,0,0.0,0,nan,nan,0.6890911239123617,0,0.6890911239123617,0.7424261966252015,0.0,1,3.857855527967769,5.318822596042977,4.251301327647518,1.335898510189637,nan,nan,0,0.7424261966252015,0,f6fa57c2bd06c57a,512,1.763199072556112,8,0,0,0,0,nan,-1,0,0
134,553826.7999999523,-3811468.1878019567,3566806.985637567,3652666.589243545,0,0,0,0,0,1,1,3.857958043675379,5.3190062680247205,5.996847591735163,19,4,0.10437133364055624,4.254421475626382,0.688471900576764,0,,0.0,0.0,0,nan,0,0,,0,nan,,0.0,0.0,0,nan,nan,nan,nan,nan,nan,0,0.0,0,nan,nan,0.688471900576764,0,0.688471900576764,0.7424743343940869,0.0,1,3.857958043675379,5.3190062680247205,4.254421475626382,1.3468952651177057,nan,nan,0,0.7424743343940869,0,f6fa57c2bd06c57a,512,1.7629739182557096,8,0,0,0,0,nan,-1,0,0
135,553827.0,-3811468.111643901,3566806.9077284085,3652666.6593171554,0,0,0,0,0,1,1,3.8506169146818268,5.307969463985747,5.852315110497573,19,0,0.09857460373214366,4.146925816126614,0.5635563330841927,0,,0.0,0.0,0,nan,0,0,,0,nan,,0.0,0.0,0,nan,nan,nan,nan,nan,nan,0,0.0,0,nan,nan,0.5635563330841927,0,0.5635563330841927,0.7478831098236876,0.0,1,3.8506169146818268,5.307969463985747,4.146925816126614,1.2831498675486563,0.09857460373214366,0.09671186119271143,0,0.7478831098236876,0,f6fa57c2bd06c57a,512,1.752586407474433,8,12,1,216,27,1.4765640722461264,108,19,17
136,553827.199999094,-3811468.0940148463,3566806.8905580505,3652666.641000069,0,0,0,0,0,1,1,3.8530352300818547,5.310937453151773,5.821861451540427,19,1,0.09857460373214366,4.121989119095179,0.5321901374109872,0,,0.0,0.0,0,nan,0,0,,0,nan,,0.0,0.0,0,nan,nan,nan,nan,nan,nan,0,0.0,0,nan,nan,0.5321901374109872,0,0.5321901374109872,0.7830799500603406,0.0,1,3.8530352300818547,5.310937453151773,4.121989119095179,1.287633609556804,nan,nan,0,0.7830799500603406,0,f6fa57c2bd06c57a,512,1.5993960850974362,8,0,0,0,0,nan,-1,0,0
137,553827.3999989033,-3811468.078006212,3566806.8730734205,3652666.6263896944,0,0,0,0,0,1,1,3.8533622719251466,5.312652905120529,5.795875092548235,19,2,0.09857460373214366,4.098010376793993,0.5070551246149345,0,,0.0,0.0,0,nan,0,0,,0,nan,,0.0,0.0,0,nan,nan,nan,nan,nan,nan,0,0.0,0,nan,nan,0.5070551246149345,0,0.5070551246149345,0.7847366504997051,0.0,1,3.8533622719251466,5.312652905120529,4.098010376793993,1.297216416217571,nan,nan,0,0.7847366504997051,0,f6fa57c2bd06c57a,512,1.5927268941681172,8,0,0,0,0,nan,-1,0,0
138,553827.5999999046,-3811468.073391289,3566806.8684036015,3652666.622026189,0,0,0,0,0,1,1,3.853331248972139,5.313481639732578,5.788990947328956,19,3,0.09857460373214366,4.091385907821337,0.5000452253373588,0,,0.0,0.0,0,nan,0,0,,0,nan,,0.0,0.0,0,nan,nan,nan,nan,nan,nan,0,0.0,0,nan,nan,0.5000452253373588,0,0.5000452253373588,0.7848874283566138,0.0,1,3.853331248972139,5.313481639732578,4.091385907821337,1.3081230098219792,nan,nan,0,0.7848874283566138,0,f6fa57c2bd06c57a,512,1.5921218878909973,8,0,0,0,0,nan,-1,0,0
139,553827.7999999523,-3811468.072745622,3566806.869852144,3652666.622304268,0,0,0,0,0,1,1,3.853353650214022,5.313659172001991,5.789835079659558,19,4,0.09857460373214366,4.092071765221815,0.5006358072101424,0,,0.0,0.0,0,nan,0,0,,0,nan,,0.0,0.0,0,nan,nan,nan,nan,nan,nan,0,0.0,0,nan,nan,0.5006358072101424,0,0.5006358072101424,0.784902446229084,0.0,1,3.853353650214022,5.313659172001991,4.092071765221815,1.3193512865544206,nan,nan,0,0.784902446229084,0,f6fa57c2bd06c57a,512,1.592061638815388,8,0,0,0,0,nan,-1,0,0
140,553828.0,-3811468.0661813403,3566806.8627250856,3652666.7517490285,0,0,0,0,0,1,1,3.8186154963610024,5.2032541774365395,5.691473398636357,19,0,0.08938931574877321,4.086669609186195,0.5092816801014267,0,,0.0,0.0,0,nan,0,0,,0,nan,,0.0,0.0,0,nan,nan,nan,nan,nan,nan,0,0.0,0,nan,nan,0.5092816801014267,0,0.5092816801014267,0.7680374779877606,0.0,1,3.8186154963610024,5.2032541774365395,4.086669609186195,1.2560395952379817,0.08938931574877321,0.09337008776853428,0,0.7680374779877606,0,f6fa57c2bd06c57a,512,1.667577033393409,8,12,1,216,27,0.8648257367127312,112,19,17
141,553828.199999094,-3811468.071403873,3566806.866550798,3652666.7560254876,0,0,0,0,0,1,1,3.822263222068023,5.202237324061146,5.692747720509161,19,1,0.08938931574877321,4.093174758981942,0.5111655766342538,0,,0.0,0.0,0,nan,0,0,,0,nan,,0.0,0.0,0,nan,nan,nan,nan,nan,nan,0,0.0,0,nan,nan,0.5111655766342538,0,0.5111655766342538,0.8035012102915984,0.0,1,3.822263222068023,5.202237324061146,4.093174758981942,1.2606199405867662,nan,nan,0,0.8035012102915984,0,f6fa57c2bd06c57a,512,1.524316703270919,8,0,0,0,0,nan,-1,0,0
142,553828.3999989033,-3811468.0737366793,3566806.8712654174,3652666.757193967,0,0,0,0,0,1,1,3.8230274090322,5.202224929458155,5.69617299389664,19,2,0.08938931574877321,4.098326032270089,0.5137858928798756,0,,0.0,0.0,0,nan,0,0,,0,nan,,0.0,0.0,0,nan,nan,nan,nan,nan,nan,0,0.0,0,nan,nan,0.5137858928798756,0,0.5137858928798756,0.8051458318992583,0.0,1,3.8230274090322,5.202224929458155,4.098326032270089,1.2704065723485602,nan,nan,0,0.8051458318992583,0,f6fa57c2bd06c57a,512,1.51816177362342,8,0,0,0,0,nan,-1,0,0
143,553828.5999999046,-3811468.07287442,3566806.869024292,3652666.75345029,0,0,0,0,0,1,1,3.8233395625573725,5.201988632963155,5.691295474766989,19,3,0.08938931574877321,4.095879325702708,0.508978847793953,0,,0.0,0.0,0,nan,0,0,,0,nan,,0.0,0.0,0,nan,nan,nan,nan,nan,nan,0,0.0,0,nan,nan,0.508978847793953,0,0.508978847793953,0.8053051754131012,0.0,1,3.8233395625573725,5.201988632963155,4.095879325702708,1.2815413639290947,nan,nan,0,0.8053051754131012,0,f6fa57c2bd06c57a,512,1.5175680987279245,8,0,0,0,0,nan,-1,0,0
144,553828.7999999523,-3811468.072885572,3566806.8682263196,3652666.7582660215,0,0,0,0,0,1,1,3.823391886476185,5.202027710070908,5.694046754211204,19,4,0.08938931574877321,4.09552060330058,0.5126514902601249,0,,0.0,0.0,0,nan,0,0,,0,nan,,0.0,0.0,0,nan,nan,nan,nan,nan,nan,0,0.0,0,nan,nan,0.5126514902601249,0,0.5126514902601249,0.8053212389149979,0.0,1,3.823391886476185,5.202027710070908,4.09552060330058,1.293000496976616,nan,nan,0,0.8053212389149979,0,f6fa57c2bd06c57a,512,1.5175081697961432,8,0,0,0,0,nan,-1,0,0
145,553829.0,-3811468.017554418,3566806.811584417,3652666.8119255626,0,0,0,0,0,1,1,3.7440998191898904,5.059022585697856,5.547042366255168,18,0,0.06618040356829674,4.019729389049064,0.5087694406958319,0,,0.0,0.0,0,nan,0,0,,0,nan,,0.0,0.0,0,nan,nan,nan,nan,nan,nan,0,0.0,0,nan,nan,0.5087694406958319,0,0.5087694406958319,0.7967383645399225,0.0,1,3.7440998191898904,5.059022585697856,4.019729389049064,1.23087193110204,0.06618040356829674,0.051197964908721645,0,0.7967383645399225,0,f6fa57c2bd06c57a,512,1.5560119709312683,8,12,1,216,27,0.8700411665198773,110,18,17
146,553829.199999094,-3811468.0165300644,3566806.8080750396,3652666.8104859213,0,0,0,0,0,1,1,3.742642656479694,5.061696273028416,5.548157189626425,18,1,0.06618040356829674,4.016309146082557,0.5075423734727464,0,,0.0,0.0,0,nan,0,0,,0,nan,,0.0,0.0,0,nan,nan,nan,nan,nan,nan,0,0.0,0,nan,nan,0.5075423734727464,0,0.5075423734727464,0.8325160444372608,0.0,1,3.742642656479694,5.061696273028416,4.016309146082557,1.235545772389991,nan,nan,0,0.8325160444372608,0,f6fa57c2bd06c57a,512,1.4256412402183123,8,0,0,0,0,nan,-1,0,0
147,553829.3999989033,-3811468.014394675,3566806.8054189156,3652666.8067850103,0,0,0,0,0,1,1,3.742758036340943,5.061007804131139,5.542232905212141,18,2,0.06618040356829674,4.012672954542102,0.5023732081997323,0,,0.0,0.0,0,nan,0,0,,0,nan,,0.0,0.0,0,nan,nan,nan,nan,nan,nan,0,0.0,0,nan,nan,0.5023732081997323,0,0.5023732081997323,0.8341878128698185,0.0,1,3.742758036340943,5.061007804131139,4.012672954542102,1.2455294838489075,nan,nan,0,0.8341878128698185,0,f6fa57c2bd06c57a,512,1.4199808662296507,8,0,0,0,0,nan,-1,0,0
148,553829.5999999046,-3811468.0146250697,3566806.803597285,3652666.804401425,0,0,0,0,0,1,1,3.742700197067312,5.0610440426720755,5.539804631685444,18,3,0.06618040356829674,4.0112892774506035,0.49976277942626074,0,,0.0,0.0,0,nan,0,0,,0,nan,,0.0,0.0,0,nan,nan,nan,nan,nan,nan,0,0.0,0,nan,nan,0.49976277942626074,1,0.49976277942626074,0.8343434605066,0.0,1,3.742700197067312,5.0610440426720755,4.0112892774506035,1.2568846948071117,nan,nan,0,0.8343434605066,0,f6fa57c2bd06c57a,512,1.4194558112430156,8,0,0,0,0,nan,-1,0,0
149,553829.7999999523,-3811468.0067259683,3566806.792402367,3652666.796458958,0,0,0,0,0,1,1,3.742733037967902,5.060933252379787,5.524190092080554,18,4,0.06618040356829674,3.99718053721089,0.4858202780793203,0,,0.0,0.0,0,nan,0,0,,0,nan,,0.0,0.0,0,nan,nan,nan,nan,nan,nan,0,0.0,0,nan,nan,0.4858202780793203,1,0.4858202780793203,0.8343635406608552,0.0,1,3.742733037967902,5.060933252379787,3.99718053721089,1.2685665783557698,nan,nan,0,0.8343635406608552,0,f6fa57c2bd06c57a,512,1.4193881347695938,8,0,0,0,0,nan,-1,0,0
150,553830.0,-3811467.985260387,3566806.771353855,3652666.878964111,0,0,0,0,0,1,1,3.705419352987033,4.935945284301123,5.4030003838471705,18,0,0.053549020670663715,3.973227598342918,0.48898356209078064,0,,0.0,0.0,0,nan,0,0,,0,nan,,0.0,0.0,0,nan,nan,nan,nan,nan,nan,0,0.0,0,nan,nan,0.48898356209078064,1,0.48898356209078064,0.8204437052129976,0.0,1,3.705419352987033,4.935945284301123,3.973227598342918,1.2066205478812713,0.053549020670663715,0.09588026818371093,0,0.8204437052129976,0,f6fa57c2bd06c57a,512,1.4722845892648968,8,12,1,216,27,0.8732690901149561,108,18,17
151,553830.199999094,-3811467.9851125004,3566806.768358622,3652666.880671127,0,0,0,0,0,1,1,3.706108030950729,4.937926627735207,5.403788527481263,18,1,0.053549020670663715,3.971003122751979,0.488754715878083,0,,0.0,0.0,0,nan,0,0,,0,nan,,0.0,0.0,0,nan,nan,nan,nan,nan,nan,0,0.0,0,nan,nan,0.488754715878083,1,0.488754715878083,0.8571193382234975,0.0,1,3.706108030950729,4.937926627735207,3.971003122751979,1.2113879539230077,nan,nan,0,0.8571193382234975,0,f6fa57c2bd06c57a,512,1.349389219054038,8,0,0,0,0,nan,-1,0,0
152,553830.3999989033,-3811467.9863232654,3566806.7665131297,3652666.883861564,0,0,0,0,0,1,1,3.7065114673672155,4.937657190665963,5.4046828928923,18,2,0.053549020670663715,3.9706548931090153,0.49073693197122437,0,,0.0,0.0,0,nan,0,0,,0,nan,,0.0,0.0,0,nan,nan,nan,nan,nan,nan,0,0.0,0,nan,nan,0.49073693197122437,1,0.49073693197122437,0.8587914311343224,0.0,1,3.7065114673672155,4.937657190665963,3.9706548931090153,1.2215691181494948,nan,nan,0,0.8587914311343224,0,f6fa57c2bd06c57a,512,1.3441779617993905,8,0,0,0,0,nan,-1,0,0
153,553830.5999999046,-3811467.9856298915,3566806.764454131,3652666.8898634403,0,0,0,0,0,1,1,3.7066128789352026,4.937617596166472,5.407062639292708,18,3,0.053549020670663715,3.969153137695144,0.49479167881691477,0,,0.0,0.0,0,nan,0,0,,0,nan,,0.0,0.0,0,nan,nan,nan,nan,nan,nan,0,0.0,0,nan,nan,0.49479167881691477,1,0.49479167881691477,0.8589512038063947,0.0,1,3.7066128789352026,4.937617596166472,3.969153137695144,1.2331449834508021,nan,nan,0,0.8589512038063947,0,f6fa57c2bd06c57a,512,1.3436818127149304,8,0,0,0,0,nan,-1,0,0
154,553830.7999999523,-3811467.9903496564,3566806.765487584,3652666.8982066484,0,0,0,0,0,1,1,3.7066276629861927,4.937639492744469,5.415491101303163,18,4,0.053549020670663715,3.9737126486476058,0.5039580974383602,0,,0.0,0.0,0,nan,0,0,,0,nan,,0.0,0.0,0,nan,nan,nan,nan,nan,nan,0,0.0,0,nan,nan,0.5039580974383602,0,0.5039580974383602,0.8589658709351362,0.0,1,3.7066276629861927,4.937639492744469,3.9737126486476058,1.2450496285497097,nan,nan,0,0.8589658709351362,0,f6fa57c2bd06c57a,512,1.3436362683041239,8,0,0,0,0,nan,-1,0,0
155,553831.0,-3811467.941213719,3566806.7208671384,3652666.943855947,0,0,0,0,0,1,1,3.6290714121496364,4.807866272695051,5.285965730854099,19,0,0.045751172293329055,3.9124282073757004,0.49981455371799727,0,,0.0,0.0,0,nan,0,0,,0,nan,,0.0,0.0,0,nan,nan,nan,nan,nan,nan,0,0.0,0,nan,nan,0.49981455371799727,1,0.49981455371799727,0.8315373367101405,0.0,1,3.6290714121496364,4.807866272695051,3.9124282073757004,1.182481384915011,0.045751172293329055,0.07387401011273749,0,0.8315373367101405,0,f6fa57c2bd06c57a,512,1.4343949617278222,8,12,1,216,27,0.8688688569879048,106,19,17
156,553831.199999094,-3811467.9375429526,3566806.7170734573,3652666.936109979,0,0,0,0,0,1,1,3.629312293854938,4.804898297695892,5.273563828073329,19,1,0.045751172293329055,3.906416893204607,0.4900885304122336,0,,0.0,0.0,0,nan,0,0,,0,nan,,0.0,0.0,0,nan,nan,nan,nan,nan,nan,0,0.0,0,nan,nan,0.4900885304122336,1,0.4900885304122336,0.8686884014035781,0.0,1,3.629312293854938,4.804898297695892,3.906416893204607,1.1873457377292325,nan,nan,0,0.8686884014035781,0,f6fa57c2bd06c57a,512,1.3147088207194488,8,0,0,0,0,nan,-1,0,0
157,553831.3999989033,-3811467.9339334266,3566806.7150494764,3652666.923380547,0,0,0,0,0,1,1,3.6290587207026075,4.80494114218479,5.26252002642132,19,2,0.045751172293329055,3.9013209807799902,0.4775102110336082,0,,0.0,0.0,0,nan,0,0,,0,nan,,0.0,0.0,0,nan,nan,nan,nan,nan,nan,0,0.0,0,nan,nan,0.4775102110336082,1,0.4775102110336082,0.87038174000667,0.0,1,3.6290587207026075,4.80494114218479,3.9013209807799902,1.197731291984316,nan,nan,0,0.87038174000667,0,f6fa57c2bd06c57a,512,1.309633887114566,8,0,0,0,0,nan,-1,0,0
158,553831.5999999046,-3811467.934313512,3566806.716264473,3652666.924297403,0,0,0,0,0,1,1,3.6288992124662296,4.805190165780192,5.264496451142877,19,3,0.045751172293329055,3.9025741748056184,0.4791330110918672,0,,0.0,0.0,0,nan,0,0,,0,nan,,0.0,0.0,0,nan,nan,nan,nan,nan,nan,0,0.0,0,nan,nan,0.4791330110918672,1,0.4791330110918672,0.8705565724749152,0.0,1,3.6288992124662296,4.805190165780192,3.9025741748056184,1.2095353202027972,nan,nan,0,0.8705565724749152,0,f6fa57c2bd06c57a,512,1.309111853790568,8,0,0,0,0,nan,-1,0,0
159,553831.7999999523,-3811467.9425369482,3566806.7217578874,3652666.9313570894,0,0,0,0,0,1,1,3.6288543761652505,4.805248847670385,5.275786553086618,19,4,0.045751172293329055,3.9119685797088577,0.48984632408056666,0,,0.0,0.0,0,nan,0,0,,0,nan,,0.0,0.0,0,nan,nan,nan,nan,nan,nan,0,0.0,0,nan,nan,0.48984632408056666,1,0.48984632408056666,0.8705757958451823,0.0,1,3.6288543761652505,4.805248847670385,3.9119685797088577,1.2216700533079259,nan,nan,0,0.8705757958451823,0,f6fa57c2bd06c57a,512,1.3090544743936203,8,0,0,0,0,nan,-1,0,0
160,553832.0,-3811467.8971034507,3566806.660175587,3652667.001338215,0,0,0,0,0,1,1,3.542028666368105,4.665554995667544,5.1578292351717865,19,0,0.053054975301947395,3.843556512390465,0.513770391817128,0,,0.0,0.0,0,nan,0,0,,0,nan,,0.0,0.0,0,nan,nan,nan,nan,nan,nan,0,0.0,0,nan,nan,0.513770391817128,0,0.513770391817128,0.8370326322639321,0.0,1,3.542028666368105,4.665554995667544,3.843556512390465,1.1592398702399043,0.053054975301947395,0.07174449441085436,0,0.8370326322639323,0,f6fa57c2bd06c57a,512,1.4157341004649306,8,12,1,216,27,0.8704662538441914,108,19,17
161,553832.2000000477,-3811467.923542705,3566806.6856013197,3652667.027341143,0,0,0,0,0,1,1,3.5379479259162747,4.673449097730342,5.2153084285072735,19,1,0.053054975301947395,3.882917288575281,0.5605394172362071,0,,0.0,0.0,0,nan,0,0,,0,nan,,0.0,0.0,0,nan,nan,nan,nan,nan,nan,0,0.0,0,nan,nan,0.5605394172362071,0,0.5605394172362071,0.8737663561978424,0.0,1,3.5379479259162747,4.673449097730342,3.882917288575281,1.1642015862100588,nan,nan,0,0.8737663561978424,0,f6fa57c2bd06c57a,512,1.299560087784099,8,0,0,0,0,nan,-1,0,0
162,553832.3999989033,-3811467.97635213,3566806.736962265,3652667.0881054373,0,0,0,0,0,1,1,3.5365084863080996,4.676237622402675,5.315730978782877,19,2,0.053054975301947395,3.9636450512398866,0.6553677477786782,0,,0.0,0.0,0,nan,0,0,,0,nan,,0.0,0.0,0,nan,nan,nan,nan,nan,nan,0,0.0,0,nan,nan,0.6553677477786782,0,0.6553677477786782,0.875073808796576,0.0,1,3.5365084863080996,4.676237622402675,3.9636450512398866,1.1747917570804605,nan,nan,0,0.875073808796576,0,f6fa57c2bd06c57a,512,1.2957054771246053,8,0,0,0,0,nan,-1,0,0
163,553832.5999999046,-3811468.0341906943,3566806.7926369924,3652667.153666211,0,0,0,0,0,1,1,3.5363969444745145,4.67629614679754,5.418378896979437,19,3,0.053054975301947395,4.051940813799846,0.7555555223302833,0,,0.0,0.0,0,nan,0,0,,0,nan,,0.0,0.0,0,nan,nan,nan,nan,nan,nan,0,0.0,0,nan,nan,0.7555555223302833,0,0.7555555223302833,0.8752373523664343,0.0,1,3.5363969444745145,4.67629614679754,4.051940813799846,1.1868239656301016,nan,nan,0,0.8752373523664343,0,f6fa57c2bd06c57a,512,1.2952246901029196,8,0,0,0,0,nan,-1,0,0
164,553832.7999989986,-3811468.0931589496,3566806.8458652617,3652667.2118589464,0,0,0,0,0,1,1,3.536385907181549,4.676257368126468,5.518312078111911,19,4,0.053054975301947395,4.139193567746055,0.8535323014129973,0,,0.0,0.0,0,nan,0,0,,0,nan,,0.0,0.0,0,nan,nan,nan,nan,nan,nan,0,0.0,0,nan,nan,0.8535323014129973,0,0.8535323014129973,0.8752616152465827,0.0,1,3.536385907181549,4.676257368126468,4.139193567746055,1.199188445176101,nan,nan,0,0.8752616152465827,0,f6fa57c2bd06c57a,512,1.2951533890247697,8,0,0,0,0,nan,-1,0,0
165,553833.0,-3811467.8769136514,3566806.585056034,3652667.0628408715,0,0,0,0,0,1,1,3.368643980020872,4.872095429180831,5.508245525757731,18,0,0.047267940201068906,3.783660693091006,0.6553430911826776,0,,0.0,0.0,0,nan,0,0,,0,nan,,0.0,0.0,0,nan,nan,nan,nan,nan,nan,0,0.0,0,nan,nan,0.6553430911826776,0,0.6553430911826776,0.8346500651449413,0.0,1,3.368643980020872,4.872095429180831,3.783660693091006,1.1373604200894354,0.047267940201068906,0.36198271512667823,0,0.8346500651449413,0,f6fa57c2bd06c57a,512,1.4227692845184026,8,12,1,216,27,0.8662120792281578,108,18,16
166,553833.2000000477,-3811467.942841122,3566806.6108432873,3652667.1120599834,0,0,0,0,0,1,1,3.3490430542270513,4.891180435177339,5.636008652975201,18,1,0.047267940201068906,3.854746832013611,0.7609465218872297,0,,0.0,0.0,0,nan,0,0,,0,nan,,0.0,0.0,0,nan,nan,nan,nan,nan,nan,0,0.0,0,nan,nan,0.7609465218872297,0,0.7609465218872297,0.8711590832804454,0.0,1,3.3490430542270513,4.891180435177339,3.854746832013611,1.1424217871181015,nan,nan,0,0.8711590832804454,0,f6fa57c2bd06c57a,512,1.306408170823986,8,0,0,0,0,nan,-1,0,0
167,553833.3999989033,-3811468.0480415085,3566806.6463518525,3652667.1859335355,0,0,0,0,0,1,1,3.344694897482811,4.895475795032374,5.772089162175528,18,2,0.047267940201068906,3.963573068034506,0.8899285461946768,0,,0.0,0.0,0,nan,0,0,,0,nan,,0.0,0.0,0,nan,nan,nan,nan,nan,nan,0,0.0,0,nan,nan,0.866429486144052,0,0.8899285461946768,0.872709665466456,0.0,1,3.344694897482811,4.895475795032374,3.963573068034506,1.1532131646327353,nan,nan,0,0.872709665466456,0,f6fa57c2bd06c57a,512,1.3018034302298973,8,0,0,0,0,nan,-1,0,0
168,553833.5999999046,-3811468.164357494,3566806.663408221,3652667.2313815723,0,0,0,0,0,1,1,3.3438240962679804,4.895926237545899,5.874802713751717,18,3,0.047267940201068906,4.058980586629926,0.988616959323116,0,,0.0,0.0,0,nan,0,0,,0,nan,,0.0,0.0,0,nan,nan,nan,nan,nan,nan,0,0.0,0,nan,nan,0.8771459888379138,0,0.988616959323116,0.8729556725255772,0.0,1,3.3438240962679804,4.895926237545899,4.058980586629926,1.1654685053963985,nan,nan,0,0.8729556725255772,0,f6fa57c2bd06c57a,512,1.3010733450647736,8,0,0,0,0,nan,-1,0,0
169,553833.7999989986,-3811468.339641392,3566806.6803187616,3652667.3166121943,0,0,0,0,0,1,1,3.343304318813527,4.896687538044501,6.039818000383368,18,4,0.047267940201068906,4.20174968702978,1.1516594040051664,0,,0.0,0.0,0,nan,0,0,,0,nan,,0.0,0.0,0,nan,nan,nan,nan,nan,nan,0,0.0,0,nan,nan,0.9491980284109196,0,1.1516594040051664,0.8728702253359161,0.0,1,3.343304318813527,4.896687538044501,4.20174968702978,1.178280152302728,nan,nan,0,0.8728702253359161,0,f6fa57c2bd06c57a,512,1.3013272626427899,8,0,0,0,0,nan,-1,0,0
170,553834.0,-3811468.1819686536,3566806.3127259864,3652666.9904269995,0,0,0,0,0,1,1,3.2344688081382316,5.271024340474452,6.079798042507498,19,0,0.05682785282250618,3.773263474308673,0.828332160599736,0,,0.0,0.0,0,nan,0,0,,0,nan,,0.0,0.0,0,nan,nan,nan,nan,nan,nan,0,0.0,0,nan,nan,0.828332160599736,0,0.828332160599736,0.8561071529270574,0.0,1,3.2344688081382316,5.271024340474452,3.773263474308673,1.1146720770202667,0.05682785282250618,0.7585077761725596,1,0.8561071529270574,0,f6fa57c2bd06c57a,512,1.3570117029505517,8,12,1,216,27,1.5883645859965254,105,19,16
171,553834.2000000477,-3811468.3609831757,3566806.2911363347,3652667.0129717146,0,0,0,0,0,1,1,3.207820436130497,5.3061458131178085,6.261165152777496,19,1,0.05682785282250618,3.868069932031674,0.9712824333823589,0,,0.0,0.0,0,nan,0,0,,0,nan,,0.0,0.0,0,nan,nan,nan,nan,nan,nan,0,0.0,0,nan,nan,0.8763440198216833,0,0.9712824333823589,0.888956643977485,0.0,1,3.207820436130497,5.3061458131178085,3.868069932031674,1.1207849122552709,nan,nan,0,0.888956643977485,0,f6fa57c2bd06c57a,512,1.258831421736457,8,0,0,0,0,nan,-1,0,0
172,553834.3999989033,-3811468.5935654556,3566806.291800705,3652667.0650551766,0,0,0,0,0,1,1,3.2012338574984307,5.314948033144121,6.45067762101507,19,2,0.05682785282250618,4.016028926985504,1.1495848132056228,0,,0.0,0.0,0,nan,0,0,,0,nan,,0.0,0.0,0,nan,nan,nan,nan,nan,nan,0,0.0,0,nan,nan,0.9430644461642756,0,1.1495848132056228,0.8909206110677033,0.0,1,3.2012338574984307,5.314948033144121,4.016028926985504,1.1344753920671016,nan,nan,0,0.8909206110677033,0,f6fa57c2bd06c57a,512,1.2533123160630806,8,0,0,0,0,nan,-1,0,0
173,553834.5999999046,-3811468.8537251814,3566806.2975220517,3652667.1028132853,0,0,0,0,0,1,1,3.199201908813358,5.317771458076586,6.634467523048352,19,3,0.05682785282250618,4.177159762217223,1.327570027545049,0,,0.0,0.0,0,nan,0,0,,0,nan,,0.0,0.0,0,nan,nan,nan,nan,nan,nan,0,0.0,0,nan,nan,1.0327622630670115,0,1.327570027545049,0.8911567461504795,0.0,1,3.199201908813358,5.317771458076586,4.177159762217223,1.1514234305888231,nan,nan,0,0.8911567461504795,0,f6fa57c2bd06c57a,512,1.25265099250135,8,0,0,0,0,nan,-1,0,0
174,553834.7999989986,-3811469.114811977,3566806.323649526,3652667.122325002,0,0,0,0,0,1,1,3.1984044904759497,5.318924501174225,6.813729067694002,19,4,0.05682785282250618,4.345613150211294,1.5021316801614122,0,,0.0,0.0,0,nan,0,0,,0,nan,,0.0,0.0,0,nan,nan,nan,nan,nan,nan,0,0.0,0,nan,nan,0.9790510368747957,0,1.5021316801614122,0.8912274750451602,0.0,1,3.1984044904759497,5.318924501174225,4.345613150211294,1.1711677443423605,nan,nan,0,0.8912274750451602,0,f6fa57c2bd06c57a,512,1.2524530225712498,8,0,0,0,0,nan,-1,0,0
175,553835.0,-3811468.9221727075,3566805.8889285713,3652666.7511459067,0,0,0,0,0,1,1,3.173735582515796,5.948522411137517,6.8501941470861425,19,0,0.07947955307913723,3.8078952838316265,0.9179732575304786,0,,0.0,0.0,0,nan,0,0,,0,nan,,0.0,0.0,0,nan,nan,nan,nan,nan,nan,0,0.0,0,nan,nan,0.8738400810401605,0,0.9179732575304786,0.8413076739619901,0.0,1,3.173735582515796,5.948522411137517,3.8078952838316265,1.0921800440234188,0.07947955307913723,0.7428734976749565,3,0.8413076739619901,0,f6fa57c2bd06c57a,512,1.408177625352613,8,12,1,216,27,2.071909877902248,108,19,16
176,553835.2000000477,-3811469.14593144,3566805.8887803154,3652666.7461278667,0,0,0,0,0,1,1,3.1467481690049834,6.027991589784244,7.09789012124363,19,1,0.07947955307913723,3.923234607812135,1.0839015757508201,0,,0.0,0.0,0,nan,0,0,,0,nan,,0.0,0.0,0,nan,nan,nan,nan,nan,nan,0,0.0,0,nan,nan,0.940384623539096,0,1.0839015757508201,0.8572784154778397,0.0,1,3.1467481690049834,6.027991589784244,3.923234607812135,1.1012254354878293,nan,nan,0,0.8572784154778397,0,f6fa57c2bd06c57a,512,1.3563245095903447,8,0,0,0,0,nan,-1,0,0
177,553835.3999989033,-3811469.426497666,3566805.9428132623,3652666.7865170296,0,0,0,0,0,1,1,3.1374060142246427,6.057548679460547,7.366613282876145,19,2,0.07947955307913723,4.121643685872361,1.3213705600556978,0,,0.0,0.0,0,nan,0,0,,0,nan,,0.0,0.0,0,nan,nan,nan,nan,nan,nan,0,0.0,0,nan,nan,1.0502609668849865,0,1.3213705600556978,0.8576465608145099,0.0,1,3.1374060142246427,6.057548679460547,4.121643685872361,1.124376975870655,nan,nan,0,0.8576465608145099,0,f6fa57c2bd06c57a,512,1.355164586496242,8,0,0,0,0,nan,-1,0,0
178,553835.5999999046,-3811469.724018108,3566806.017251087,3652666.8257139185,0,0,0,0,0,1,1,3.1339359420468,6.068965924838594,7.6318468953995175,19,3,0.07947955307913723,4.342795068315257,1.5739451020516986,0,,0.0,0.0,0,nan,0,0,,0,nan,,0.0,0.0,0,nan,nan,nan,nan,nan,nan,0,0.0,0,nan,nan,1.007531344192481,0,1.5739451020516986,0.8584203494926531,0.0,1,3.1339359420468,6.068965924838594,4.342795068315257,1.15654221137226,nan,nan,0,0.8584203494926531,0,f6fa57c2bd06c57a,512,1.3527276423539245,8,0,0,0,0,nan,-1,0,0
179,553835.7999989986,-3811470.054085611,3566806.104452153,3652666.8646822744,0,0,0,0,0,1,1,3.132620703227988,6.073335522529109,7.908610218492271,19,4,0.07947955307913723,4.587383456620978,1.8455184472144335,0,,0.0,0.0,0,nan,0,0,,0,nan,,0.0,0.0,0,nan,nan,nan,nan,nan,nan,0,0.0,0,nan,nan,1.03442469671593,0,1.8455184472144335,0.8583123750886087,0.0,1,3.132620703227988,6.073335522529109,4.587383456620978,1.18934885985337,nan,nan,0,0.8583123750886087,0,f6fa57c2bd06c57a,512,1.353067334908845,8,0,0,0,0,nan,-1,0,0
180,553836.0,-3811469.7342828037,3566805.5704881656,3652666.157351709,0,0,0,0,0,1,1,3.1192793092153632,7.026179919664181,7.981830352750347,19,0,0.1302654067284061,3.788254931287446,0.9725019469511595,0,,0.0,0.0,0,nan,0,0,,0,nan,,0.0,0.0,0,nan,nan,nan,nan,nan,nan,0,0.0,0,nan,nan,0.9025711851900527,0,0.9725019469511595,0.8130110705188183,0.0,1,3.1192793092153632,7.026179919664181,3.788254931287446,1.0694199344821425,0.1302654067284061,1.0123440031286453,4,0.8130110705188183,0,f6fa57c2bd06c57a,512,1.5105628541437444,8,12,1,216,27,3.065171375056298,106,19,16
181,553836.2000000477,-3811470.01414231,3566805.58588379,3652666.0946779614,0,0,0,0,0,1,1,3.09345151043207,7.120558704120345,8.26328948934378,19,1,0.1302654067284061,3.909997348660112,1.1605736060584912,0,,0.0,0.0,0,nan,0,0,,0,nan,,0.0,0.0,0,nan,nan,nan,nan,nan,nan,0,0.0,0,nan,nan,0.9825264810494669,0,1.1605736060584912,0.8256715167048736,0.0,1,3.09345151043207,7.120558704120345,3.909997348660112,1.079791469158277,nan,nan,0,0.8256715167048736,0,f6fa57c2bd06c57a,512,1.4647127234667114,8,0,0,0,0,nan,-1,0,0
182,553836.3999989033,-3811470.3718807334,3566805.6227375017,3652666.0573353483,0,0,0,0,0,1,1,3.0858002238903426,7.150106379613624,8.519488585058388,19,2,0.1302654067284061,4.093862800363508,1.386550369418719,0,,0.0,0.0,0,nan,0,0,,0,nan,,0.0,0.0,0,nan,nan,nan,nan,nan,nan,0,0.0,0,nan,nan,1.0537804586103963,0,1.386550369418719,0.8285232789988415,0.0,1,3.0858002238903426,7.150106379613624,4.093862800363508,1.103650178408427,nan,nan,0,0.8285232789988415,0,f6fa57c2bd06c57a,512,1.454667676670265,8,0,0,0,0,nan,-1,0,0
183,553836.5999999046,-3811470.7880433723,3566805.656280313,3652665.997618948,0,0,0,0,0,1,1,3.0830857648383185,7.162047859015854,8.761814019283616,19,3,0.1302654067284061,4.298836990706948,1.6141051655381669,0,,0.0,0.0,0,nan,0,0,,0,nan,,0.0,0.0,0,nan,nan,nan,nan,nan,nan,0,0.0,0,nan,nan,1.0152239863986607,0,1.6141051655381669,0.8290808977151288,0.0,1,3.0830857648383185,7.162047859015854,4.298836990706948,1.133195553484325,nan,nan,0,0.8290808977151287,0,f6fa57c2bd06c57a,512,1.4527139527970265,8,0,0,0,0,nan,-1,0,0
184,553836.7999989986,-3811471.240296312,3566805.6763788345,3652665.8875884935,0,0,0,0,0,1,1,3.082349590911656,7.165407015869644,8.984297062262753,19,4,0.1302654067284061,4.507567206460244,1.829089456130766,0,,0.0,0.0,0,nan,0,0,,0,nan,,0.0,0.0,0,nan,nan,nan,nan,nan,nan,0,0.0,0,nan,nan,1.002399706070045,0,1.829089456130766,0.8297569069913104,0.0,1,3.082349590911656,7.165407015869644,4.507567206460244,1.1628915280469658,nan,nan,0,0.8297569069913104,0,f6fa57c2bd06c57a,512,1.4503508918939916,8,0,0,0,0,nan,-1,0,0
185,553837.0,-3811471.1321867257,3566805.020532759,3652665.048045897,0,0,0,0,0,1,1,3.063744924075957,7.824176053530141,8.739895452178526,18,0,0.059649574053261115,3.706928963300558,0.9301820510713549,0,,0.0,0.0,0,nan,0,0,,0,nan,,0.0,0.0,0,nan,nan,nan,nan,nan,nan,0,0.0,0,nan,nan,0.6898680169726398,0,0.9299721845474515,0.8474887330970023,0.006895607936337348,2,3.0638888695326605,7.824386060247699,3.706928963300558,1.0476351539322752,0.059649574053261115,0.6921808849583109,4,0.8466970328468706,0,f6fa57c2bd06c57a,512,1.3938819104577207,8,12,1,216,27,3.9152043992359005,106,18,16
186,553837.2000000477,-3811471.536153029,3566804.8660424314,3652664.8337527113,0,0,0,0,0,1,1,3.054345165026278,7.85621924116269,8.798749433709412,18,1,0.059649574053261115,3.7140805438819338,0.9581928427606211,0,,0.0,0.0,0,nan,0,0,,0,nan,,0.0,0.0,0,nan,nan,nan,nan,nan,nan,0,0.0,0,nan,nan,0.6773035251611093,0,0.9601754471191604,0.8862219004894296,0.04156375967353666,3,3.0523131962689085,7.8541643554936815,3.7140805438819338,1.0534563734458915,nan,nan,0,0.8825032412967373,0,f6fa57c2bd06c57a,512,1.2831041143028936,8,0,0,0,0,nan,-1,0,0
187,553837.3999989033,-3811471.988791694,3566804.656074496,3652664.6492312504,0,0,0,0,0,1,1,3.052813472146535,7.863187425102476,8.82640908304139,18,2,0.059649574053261115,3.7124140940803096,0.982947359895788,0,,0.0,0.0,0,nan,0,0,,0,nan,,0.0,0.0,0,nan,nan,nan,nan,nan,nan,0,0.0,0,nan,nan,0.6622464686351529,0,0.9848465361242726,0.887361914719971,0.04150372214636489,3,3.050787553270604,7.861137761640575,3.7124140940803096,1.0652810612270611,nan,nan,0,0.8836536087598694,0,f6fa57c2bd06c57a,512,1.2797678877281984,8,0,0,0,0,nan,-1,0,0
188,553837.5999999046,-3811472.4596249466,3566804.412137243,3652664.402035916,0,0,0,0,0,1,1,3.0526491067095423,7.863935704952929,8.814395709881845,18,3,0.059649574053261115,3.7081553019276754,0.968151267121609,0,,0.0,0.0,0,nan,0,0,,0,nan,,0.0,0.0,0,nan,nan,nan,nan,nan,nan,0,0.0,0,nan,nan,0.6517361498174168,0,0.9700615954162365,0.8880654491273077,0.04145024378315362,3,3.050628103893366,7.861891246674519,3.7081553019276754,1.0785765427303338,nan,nan,0,0.88436497781796,0,f6fa57c2bd06c57a,512,1.2777124200417775,8,0,0,0,0,nan,-1,0,0
189,553837.7999989986,-3811472.948954458,3566804.1485699685,3652664.12001046,0,0,0,0,0,1,1,3.0525365173851857,7.864578854165704,8.802410496049836,18,4,0.059649574053261115,3.724756144699225,0.9500792244604106,0,,0.0,0.0,0,nan,0,0,,0,nan,,0.0,0.0,0,nan,nan,nan,nan,nan,nan,0,0.0,0,nan,nan,0.6603734151462735,0,0.9521127331403151,0.8881204795641381,0.041445126569750024,3,3.050515916415197,7.862534778853862,3.724756144699225,1.0921798870652077,nan,nan,0,0.8844208081906493,0,f6fa57c2bd06c57a,512,1.2775514401992512,8,0,0,0,0,nan,-1,0,0
190,553838.0,-3811473.400858441,3566803.6512107565,3652663.8937843777,0,0,0,0,0,1,1,3.094284075113482,7.723797570246378,8.412587145628454,19,0,0.055135917062739785,3.5578092078939645,0.7090549714542079,0,,0.0,0.0,0,nan,0,0,,0,nan,,0.0,0.0,0,nan,nan,nan,nan,nan,nan,0,0.0,0,nan,nan,0.6801620501150603,0,0.7090168908961326,0.8814821363706797,0.0010938842464353008,2,3.0942981005501866,7.723832134772162,3.5578092078939645,1.029718279614267,0.055135917062739785,0.3240978608489135,0,0.880322487758849,0,f6fa57c2bd06c57a,512,1.289720685918127,8,12,1,216,27,3.0220439492661773,111,19,15
191,553838.2000000477,-3811473.9294951134,3566803.255051186,3652663.660612985,0,0,0,0,0,1,1,3.1021164137080772,7.734864923419602,8.343082660236535,19,1,0.055135917062739785,3.5210223029125123,0.6240470426876221,0,,0.0,0.0,0,nan,0,0,,0,nan,,0.0,0.0,0,nan,nan,nan,nan,nan,nan,0,0.0,0,nan,nan,0.6066594254809524,0,0.6240362036385878,0.918809059320056,0.0007034165581232699,2,3.1021173540325275,7.734872883771543,3.5210223029125123,1.0353261299275098,nan,nan,0,0.9182494282517838,0,f6fa57c2bd06c57a,512,1.185416646791588,8,0,0,0,0,nan,-1,0,0
192,553838.3999989033,-3811474.474158754,3566802.7750047864,3652663.4687548866,0,0,0,0,0,1,1,3.10508315731409,7.735462276507457,8.251586384683092,19,2,0.055135917062739785,3.4583867667308295,0.5308559277032551,0,,0.0,0.0,0,nan,0,0,,0,nan,,0.0,0.0,0,nan,nan,nan,nan,nan,nan,0,0.0,0,nan,nan,0.5147283858756886,0,0.5308458376843149,0.9197711034232713,0.0008642392460272407,2,3.105087498296033,7.735469514633878,3.4583867667308295,1.047227901092408,nan,nan,0,0.9192275165043965,0,f6fa57c2bd06c57a,512,1.1828961584192645,8,0,0,0,0,nan,-1,0,0
193,553838.5999999046,-3811475.0235142596,3566802.230578476,3652663.299152193,0,0,0,0,0,1,1,3.10593545213867,7.735639373713278,8.163803191399802,19,3,0.055135917062739785,3.3922772350084647,0.4452354127341294,0,,0.0,0.0,0,nan,0,0,,0,nan,,0.0,0.0,0,nan,nan,nan,nan,nan,nan,0,0.0,0,nan,nan,0.4279033781459089,1,0.4452243155076983,0.9196645737436788,0.0009471282553053423,2,3.105940652537744,7.73564659282012,3.3922772350084647,1.060710327286877,nan,nan,0,0.9191185532991806,0,f6fa57c2bd06c57a,512,1.1831766403429218,8,0,0,0,0,nan,-1,0,0
194,553838.7999989986,-3811475.5915414966,3566801.6362085417,3652663.170854875,0,0,0,0,0,1,1,3.10613065119746,7.735879177451872,8.083266922969692,19,4,0.055135917062739785,3.3276308601441613,0.3695677879690425,0,,0.0,0.0,0,nan,0,0,,0,nan,,0.0,0.0,0,nan,nan,nan,nan,nan,nan,0,0.0,0,nan,nan,0.3507935053764411,1,0.3695555783536134,0.9195376344296043,0.0009773318293331947,2,3.1061360726606915,7.73588623470577,3.3276308601441613,1.0745276402902655,nan,nan,0,0.9189889938288192,0,f6fa57c2bd06c57a,512,1.18351018266888,8,0,0,0,0,nan,-1,0,0
195,553839.0,-3811476.3373462083,3566801.087225709,3652663.392351419,0,0,0,0,0,1,1,0.7265253068600654,5.6465004561717365,7.721341135935944,19,0,0.04437860562556492,3.464890266520668,2.7665130056415395,0,,0.0,0.0,0,nan,0,0,,0,nan,,0.0,0.0,0,nan,nan,nan,nan,nan,nan,0,0.0,0,nan,nan,0.8172433943807497,0,5.1591556190412025,0.07962962962962959,0.019417230683364692,3,1.8500744814557426,4.105939542382548,3.464890266520668,1.0129440453883733,0.04437860562556492,0.3487962827525198,5,0.07916666666666662,0,042f32f7418a68e7,228,13.294352977381156,8,12,1,216,27,1.9189844490697943,109,19,15
196,553839.2000000477,-3811476.978264595,3566800.450204135,3652663.3254909385,0,0,0,0,0,1,1,0.7461076890021546,5.633205257525552,7.672425896101207,19,1,0.04437860562556492,3.4602300782763526,2.742398923028814,0,,0.0,0.0,0,nan,0,0,,0,nan,,0.0,0.0,0,nan,nan,nan,nan,nan,nan,0,0.0,0,nan,nan,0.7998105599493185,0,5.132646271489409,0.07958311899980311,0.01963901547217709,3,1.8216991169847019,4.090202857711391,3.4602300782763526,1.0187636433564544,nan,nan,0,0.07911434220811184,0,042f32f7418a68e7,228,13.311889422408813,8,0,0,0,0,nan,-1,0,0
197,553839.3999989033,-3811477.6375063662,3566799.766257532,3652663.2860595253,0,0,0,0,0,1,1,0.7485099084766614,5.628911271161947,7.647288550538712,19,2,0.04437860562556492,3.446685709639301,2.7250672228239727,0,,0.0,0.0,0,nan,0,0,,0,nan,,0.0,0.0,0,nan,nan,nan,nan,nan,nan,0,0.0,0,nan,nan,0.786112941614326,0,5.114534161608468,0.07964240927865328,0.019499255312212076,3,1.8141262579847357,4.083484965255987,3.446685709639301,1.0308866779839807,nan,nan,0,0.07918104377181827,0,042f32f7418a68e7,228,13.289540460806277,8,0,0,0,0,nan,-1,0,0
198,553839.5999999046,-3811478.3218709286,3566799.0368336514,3652663.27045938,0,0,0,0,0,1,1,0.7500193851152088,5.627800082419208,7.624725230639617,19,3,0.04437860562556492,3.4266566392361657,2.7032033983384243,0,,0.0,0.0,0,nan,0,0,,0,nan,,0.0,0.0,0,nan,nan,nan,nan,nan,nan,0,0.0,0,nan,nan,0.7692936246956824,0,5.092240926166501,0.07965114658170612,0.019483122313261946,3,1.8104964603417684,4.081374450226916,3.4266566392361657,1.044588531981833,nan,nan,0,0.07919087323775272,0,042f32f7418a68e7,228,13.286251669933506,8,0,0,0,0,nan,-1,0,0
199,553839.7999989986,-3811479.0603560405,3566798.3049326013,3652663.2737814356,0,0,0,0,0,1,1,0.7496349238215306,5.627230589876618,7.643612130562249,19,4,0.04437860562556492,3.4528275140272133,2.7298888703145443,0,,0.0,0.0,0,nan,0,0,,0,nan,,0.0,0.0,0,nan,nan,nan,nan,nan,nan,0,0.0,0,nan,nan,0.7928838380350374,0,5.117899544976382,0.07965712665011061,0.019469266014340764,3,1.8101464936025908,4.08060452370729,3.4528275140272133,1.058618868788378,nan,nan,0,0.07919760081470777,0,042f32f7418a68e7,228,13.284001413441473,8,0,0,0,0,nan,-1,0,0
