epoch,tow,ecef_x,ecef_y,ecef_z,fix,gamma_fixed,consistency_pass,float_consistency_pass,ddpr_consistency_pass,ddpr_support_pass,ddpr_freshness_pass,map_float_separation_m,map_ddpr_separation_m,ddpr_guard_error_m,last_ddpr_pairs,ddpr_age_epochs,last_ddpr_nis,output_error_m,map_error_m,temporal_lineage_enabled,temporal_map_assignment_id,temporal_gamma,temporal_ess,temporal_dwell_epochs,temporal_map_error_m,integrity_lineage_enabled,integrity_anchor_available,integrity_excluded_satellite,integrity_tdcp_available,integrity_tdcp_postfit_rms_m,integrity_map_assignment_id,integrity_gamma,integrity_ess,integrity_dwell_epochs,integrity_map_error_m,integrity_map_ecef_x,integrity_map_ecef_y,integrity_map_ecef_z,integrity_map_float_separation_m,integrity_map_ddpr_separation_m,integrity_guard_pass,integrity_position_ball_gamma,integrity_position_ball_members,integrity_position_ball_spread_m,integrity_position_ball_error_m,basin_oracle_min_error_m,basin_oracle_sub50cm_available,position_cluster_error_m,position_cluster_gamma,position_cluster_spread_m,position_cluster_members,position_cluster_float_separation_m,position_cluster_ddpr_separation_m,float_error_m,float_position_sigma_m,dd_pr_nis,dd_cp_nis,ambiguities_reset,gamma,fix_streak,map_assignment_id,n_basins,basin_ess,map_n_ambiguities,n_candidates_born,respawn_triggered,n_respawn_candidates_born,n_respawn_position_seeds,respawn_oracle_min_error_m,respawn_oracle_rank,n_dd_pr,n_dd_cp
0,553800.0,-3811466.693664207,3566805.2211901695,3652668.9111347175,0,0,0,0,0,1,1,2.280731585699767,2.318496122528398,3.2894435773932713,18,0,0.08822792079773784,3.0558360247270064,3.445062976602306,0,,0.0,0.0,0,nan,0,0,,0,nan,,0.0,0.0,0,nan,nan,nan,nan,nan,nan,0,0.0,0,nan,nan,0.6905481451041123,0,3.445062976602306,0.07983630952380953,0.0,1,2.280731585699767,2.318496122528398,3.0558360247270064,5.592639952376013,0.08822792079773784,0.02210678010972702,0,0.07983630952380953,0,5b857f9f29778b93,199,13.133497013448643,8,12,1,224,7,0.6901279228386981,10,18,17
1,553800.2000000477,-3811466.7043680125,3566805.2303698813,3652668.917540918,0,0,0,0,0,1,1,2.2774957700926173,2.314140125283566,3.303230346751093,18,1,0.08822792079773784,3.069661387013538,3.4594101760590923,0,,0.0,0.0,0,nan,0,0,,0,nan,,0.0,0.0,0,nan,nan,nan,nan,nan,nan,0,0.0,0,nan,nan,0.6863149807497053,0,3.4594101760590923,0.07983630952380953,0.0,1,2.2774957700926173,2.314140125283566,3.069661387013538,5.593979167573447,nan,nan,0,0.07983630952380953,0,5b857f9f29778b93,199,13.133497013448643,8,0,0,0,0,nan,-1,0,0
2,553800.4000000954,-3811466.7189359865,3566805.2446287237,3652668.9324123603,0,0,0,0,0,1,1,2.277135118021297,2.3135776103640535,3.327614176726829,18,2,0.08822792079773784,3.094081993370175,3.4756157861808257,0,,0.0,0.0,0,nan,0,0,,0,nan,,0.0,0.0,0,nan,nan,nan,nan,nan,nan,0,0.0,0,nan,nan,0.6823110536049756,0,3.4756157861808257,0.07983630952380953,0.0,1,2.277135118021297,2.3135776103640535,3.094081993370175,5.596357313446614,nan,nan,0,0.07983630952380953,0,5b857f9f29778b93,199,13.133497013448643,8,0,0,0,0,nan,-1,0,0
3,553800.5999999046,-3811466.7297525406,3566805.2565932283,3652668.9432305964,0,0,0,0,0,1,1,2.2770372731638835,2.3134399983933367,3.3462107675928867,18,3,0.08822792079773784,3.1127126119283113,3.4866853511726976,0,,0.0,0.0,0,nan,0,0,,0,nan,,0.0,0.0,0,nan,nan,nan,nan,nan,nan,0,0.0,0,nan,nan,0.6814547481573331,0,3.4866853511726976,0.07983630952380953,0.0,1,2.2770372731638835,2.3134399983933367,3.1127126119283113,5.598949005651086,nan,nan,0,0.07983630952380953,0,5b857f9f29778b93,199,13.133497013448643,8,0,0,0,0,nan,-1,0,0
4,553800.7999999523,-3811466.744267113,3566805.269113487,3652668.957473204,0,0,0,0,0,1,1,2.2769642472651004,2.3133392715401935,3.3692803897087065,18,4,0.08822792079773784,3.1358149569928515,3.5010290383752056,0,,0.0,0.0,0,nan,0,0,,0,nan,,0.0,0.0,0,nan,nan,nan,nan,nan,nan,0,0.0,0,nan,nan,0.6785007196256654,0,3.5010290383752056,0.07983630952380953,0.0,1,2.2769642472651004,2.3133392715401935,3.1358149569928515,5.601600082987624,nan,nan,0,0.07983630952380953,0,5b857f9f29778b93,199,13.133497013448643,8,0,0,0,0,nan,-1,0,0
5,553801.0,-3811466.9368616007,3566805.2810216984,3652668.5074501694,0,0,0,0,0,1,1,2.3161076472171365,2.1670736950952874,3.06684737130577,18,0,0.03619621658262093,2.9079889661919456,5.194832973641204,0,,0.0,0.0,0,nan,0,0,,0,nan,,0.0,0.0,0,nan,nan,nan,nan,nan,nan,0,0.0,0,nan,nan,0.7255100901657314,0,5.194709019009366,0.1666621261805632,0.01789676051223445,2,2.3160261130742428,2.1670346388332353,2.9079889661919456,4.501492370248857,0.03619621658262093,3.1660466738236344,0,0.16643891189484886,0,88c65eb697abea09,421,10.507688901663721,8,12,1,224,7,0.7611313232783544,15,18,17
6,553801.199999094,-3811466.943173036,3566805.2829087083,3652668.510097194,0,0,0,0,0,1,1,2.328256651815354,2.1838366142362977,3.0684249955277783,18,1,0.03619621658262093,2.9140634395128653,5.213583734446636,0,,0.0,0.0,0,nan,0,0,,0,nan,,0.0,0.0,0,nan,nan,nan,nan,nan,nan,0,0.0,0,nan,nan,0.7347128756087447,0,5.213533565067879,0.17339858998406804,0.010518438169711394,2,2.328221085078975,2.1838146678994037,2.9140634395128653,4.502767777265328,nan,nan,0,0.1733205793180313,0,88c65eb697abea09,421,9.693376716146409,8,0,0,0,0,nan,-1,0,0
7,553801.3999989033,-3811466.946169016,3566805.286060807,3652668.511625461,0,0,0,0,0,1,1,2.3317755744791304,2.1880539261847076,3.0717992484845156,18,2,0.03619621658262093,2.9183103719055286,5.221433798274464,0,,0.0,0.0,0,nan,0,0,,0,nan,,0.0,0.0,0,nan,nan,nan,nan,nan,nan,0,0.0,0,nan,nan,0.7396904327013224,0,5.221385675712857,0.173676731269376,0.01014618999236308,2,2.331741007373231,2.1880317380143826,2.9183103719055286,4.50551780653807,nan,nan,0,0.17360460835779365,0,88c65eb697abea09,421,9.661830207334672,8,0,0,0,0,nan,-1,0,0
8,553801.5999999046,-3811466.9486808027,3566805.286849198,3652668.513592462,0,0,0,0,0,1,1,2.332769221375116,2.1893287633569973,3.0738302970372007,18,3,0.03619621658262093,2.9206910900352514,5.2247235603483935,0,,0.0,0.0,0,nan,0,0,,0,nan,,0.0,0.0,0,nan,nan,nan,nan,nan,nan,0,0.0,0,nan,nan,0.7409088768229468,0,5.224675160093198,0.17370188009324958,0.010115835345519917,2,2.332734334193184,2.1893061120865704,2.9206910900352514,4.508670296585049,nan,nan,0,0.17363029668763272,0,88c65eb697abea09,421,9.658999240185473,8,0,0,0,0,nan,-1,0,0
9,553801.7999999523,-3811466.9503314686,3566805.2865787297,3652668.5142038413,0,0,0,0,0,1,1,2.3330782031493453,2.1897256526710738,3.0748751962741196,18,4,0.03619621658262093,2.9218277684509317,5.226082020416488,0,,0.0,0.0,0,nan,0,0,,0,nan,,0.0,0.0,0,nan,nan,nan,nan,nan,nan,0,0.0,0,nan,nan,0.7407338683498126,0,5.226033410733226,0.17370410333707698,0.010115736221215803,2,2.3330431541529024,2.1897028172086466,2.9218277684509317,4.5119408764961015,nan,nan,0,0.17363256910975539,0,88c65eb697abea09,421,9.658750774728855,8,0,0,0,0,nan,-1,0,0
10,553802.0,-3811467.108242471,3566805.588651914,3652667.7996094953,0,0,0,0,0,1,1,2.7395269937867446,1.7555666394401923,2.752803433053683,18,0,0.046176996803574594,2.787643238761087,2.538575337578191,0,,0.0,0.0,0,nan,0,0,,0,nan,,0.0,0.0,0,nan,nan,nan,nan,nan,nan,0,0.0,0,nan,nan,0.43063960998669387,1,2.538575337578191,0.06949956081527908,0.0,1,2.7395269937867446,1.7555666394401923,2.787643238761087,3.871270358899591,0.046176996803574594,9.477003009138702,0,0.06949956081527908,0,e66bb176ec095c56,512,58.70286963547096,8,12,1,224,7,1.0145742194097007,208,18,17
11,553802.2000000477,-3811467.1168671288,3566805.5932573597,3652667.807037842,0,0,0,0,1,1,1,2.7319305633584645,1.7442835104493497,2.7568795700474764,18,1,0.046176996803574594,2.7992336434849636,2.5495257015473847,0,,0.0,0.0,0,nan,0,0,,0,nan,,0.0,0.0,0,nan,nan,nan,nan,nan,nan,0,0.0,0,nan,nan,0.4149895058086295,1,2.5495257015473847,0.07279507582478884,0.0,1,2.7319305633584645,1.7442835104493497,2.7992336434849636,3.872751816434111,nan,nan,0,0.07279507582478884,0,e66bb176ec095c56,512,54.31635464239776,8,0,0,0,0,nan,-1,0,0
12,553802.3999989033,-3811467.1156772557,3566805.5935875596,3652667.8073552107,0,0,0,0,1,1,1,2.7302276831684247,1.7410886751727928,2.75279174445856,18,2,0.046176996803574594,2.7984202360446475,2.5490093098305397,0,,0.0,0.0,0,nan,0,0,,0,nan,,0.0,0.0,0,nan,nan,nan,nan,nan,nan,0,0.0,0,nan,nan,0.4142522912167362,1,2.5490093098305397,0.07295432416596905,0.0,1,2.7302276831684247,1.7410886751727928,2.7984202360446475,3.875946808143127,nan,nan,0,0.07295432416596905,0,e66bb176ec095c56,512,54.14463621344656,8,0,0,0,0,nan,-1,0,0
13,553802.5999999046,-3811467.1215451485,3566805.594223698,3652667.8148330706,0,0,0,0,1,1,1,2.7296508087944433,1.7402488552808457,2.761835492704452,18,3,0.046176996803574594,2.806213529699768,2.558613476254875,0,,0.0,0.0,0,nan,0,0,,0,nan,,0.0,0.0,0,nan,nan,nan,nan,nan,nan,0,0.0,0,nan,nan,0.4065349116500192,1,2.558613476254875,0.072973800501552,0.0,1,2.7296508087944433,1.7402488552808457,2.806213529699768,3.879610208024698,nan,nan,0,0.072973800501552,0,e66bb176ec095c56,512,54.1248271856304,8,0,0,0,0,nan,-1,0,0
14,553802.7999989986,-3811467.116370178,3566805.592753338,3652667.8157646162,0,0,0,0,1,1,1,2.7295001021187595,1.7399643473582405,2.75928551563088,18,4,0.046176996803574594,2.8025256514549035,2.558748991520003,0,,0.0,0.0,0,nan,0,0,,0,nan,,0.0,0.0,0,nan,nan,nan,nan,nan,nan,0,0.0,0,nan,nan,0.40716834376623484,1,2.558748991520003,0.0729744472015649,0.0,1,2.7295001021187595,1.7399643473582405,2.8025256514549035,3.883410359678399,nan,nan,0,0.0729744472015649,0,e66bb176ec095c56,512,54.12394418337044,8,0,0,0,0,nan,-1,0,0
15,553803.0,-3811467.4750908157,3566806.067215958,3652666.8251926755,0,0,0,0,0,1,1,7.305770806369932,6.674437650643034,2.6867900666417883,18,0,0.052747126368075915,3.105797010015602,4.285941579515512,0,,0.0,0.0,0,nan,0,0,,0,nan,,0.0,0.0,0,nan,nan,nan,nan,nan,nan,0,0.0,0,nan,nan,0.5773157940180386,0,4.250171976860241,0.048900264195035056,0.14386302433102585,2,7.264141025325771,6.654445262367131,3.105797010015602,3.446529888958384,0.052747126368075915,19.23047039825005,0,0.03817260675569746,0,ee388b74dab1ba62,512,77.78171638902167,8,12,1,224,7,0.6094736308316854,32,18,17
16,553803.2000000477,-3811467.48701839,3566806.0741598764,3652666.835594138,0,0,0,0,0,1,1,7.296083730010728,6.656261934565747,2.6932109336103984,18,1,0.052747126368075915,3.119802368110178,4.262184807817916,0,,0.0,0.0,0,nan,0,0,,0,nan,,0.0,0.0,0,nan,nan,nan,nan,nan,nan,0,0.0,0,nan,nan,0.5548981455572837,0,4.226042598830397,0.05088723395687564,0.14426583380913352,2,7.254117812300694,6.636094903353908,3.119802368110178,3.4481955702239153,nan,nan,0,0.039642038674697386,0,ee388b74dab1ba62,512,72.63639399665892,8,0,0,0,0,nan,-1,0,0
17,553803.3999989033,-3811467.4909215695,3566806.077141064,3652666.8399957465,0,0,0,0,0,1,1,7.293539867514746,6.6517431083113685,2.6974381539937564,18,2,0.052747126368075915,3.125009995011446,4.254099111495187,0,,0.0,0.0,0,nan,0,0,,0,nan,,0.0,0.0,0,nan,nan,nan,nan,nan,nan,0,0.0,0,nan,nan,0.5468293753274619,0,4.217873778534182,0.05097101479169179,0.14431425710543694,2,7.251527141113718,6.63154863940839,3.125009995011446,3.451783951486298,nan,nan,0,0.03969897141770397,0,ee388b74dab1ba62,512,72.46332940560072,8,0,0,0,0,nan,-1,0,0
18,553803.5999999046,-3811467.4922913876,3566806.0785539644,3652666.8408402093,0,0,0,0,0,1,1,7.29279141794051,6.650415709154244,2.6986596699223018,18,3,0.052747126368075915,3.127045929572931,4.251310083034739,0,,0.0,0.0,0,nan,0,0,,0,nan,,0.0,0.0,0,nan,nan,nan,nan,nan,nan,0,0.0,0,nan,nan,0.5443688738873418,0,4.215075274860188,0.05098012348415651,0.14432015942531162,2,7.250771135330286,6.630215327316897,3.127045929572931,3.4558971212947447,nan,nan,0,0.03970524873097098,0,ee388b74dab1ba62,512,72.44890891335298,8,0,0,0,0,nan,-1,0,0
19,553803.7999989986,-3811467.493717931,3566806.0821427926,3652666.841862358,0,0,0,0,0,1,1,7.292541430522989,6.650028384961043,2.70156110159452,18,4,0.052747126368075915,3.1307497522122483,4.247110282207866,0,,0.0,0.0,0,nan,0,0,,0,nan,,0.0,0.0,0,nan,nan,nan,nan,nan,nan,0,0.0,0,nan,nan,0.5407273360399784,0,4.210878250142277,0.0509806196837436,0.1443212220863469,2,7.250519448431312,6.629826659680878,3.1307497522122483,3.4601626839851276,nan,nan,0,0.03970553248164859,0,ee388b74dab1ba62,512,72.44656369192589,8,0,0,0,0,nan,-1,0,0
20,553804.0,-3811468.2512258226,3566807.127161279,3652666.0411167447,0,0,0,0,0,1,1,4.359407232909223,2.1734083698641324,4.2342337806555,19,0,0.41380108143408434,4.432677198843442,6.22454257359904,0,,0.0,0.0,0,nan,0,0,,0,nan,,0.0,0.0,0,nan,nan,nan,nan,nan,nan,0,0.0,0,nan,nan,0.22652649080820023,1,6.22454257359904,0.050734102830861084,0.0,1,4.359407232909223,2.1734083698641324,4.432677198843442,3.1278257037825994,0.41380108143408434,31.3281035856981,0,0.050734102830861084,0,6a1e7e50dc8a564e,512,63.503906513535576,8,12,1,224,7,0.44022212998624466,214,19,17
21,553804.2000000477,-3811468.2762016263,3566807.1477124835,3652666.0704713147,0,0,0,0,0,1,1,4.3612620253769645,2.199137649662735,4.260340552251378,19,1,0.41380108143408434,4.461016016307509,6.275434733744991,0,,0.0,0.0,0,nan,0,0,,0,nan,,0.0,0.0,0,nan,nan,nan,nan,nan,nan,0,0.0,0,nan,nan,0.24303055218084496,1,6.275434733744991,0.052947615008186594,0.0,1,4.3612620253769645,2.199137649662735,4.461016016307509,3.1296622776171215,nan,nan,0,0.052947615008186594,0,6a1e7e50dc8a564e,512,58.58103815851315,8,0,0,0,0,nan,-1,0,0
22,553804.4000000954,-3811468.3232041937,3566807.190374269,3652666.116779394,0,0,0,0,0,1,1,4.3642641001887,2.1996476097540496,4.341755494745182,19,2,0.41380108143408434,4.518888540953368,6.359146300928403,0,,0.0,0.0,0,nan,0,0,,0,nan,,0.0,0.0,0,nan,nan,nan,nan,nan,nan,0,0.0,0,nan,nan,0.2856983878170886,1,6.359146300928403,0.05307513917262272,0.0,1,4.3642641001887,2.1996476097540496,4.518888540953368,3.133615782308128,nan,nan,0,0.05307513917262272,0,6a1e7e50dc8a564e,512,58.25742843113813,8,0,0,0,0,nan,-1,0,0
23,553804.599998951,-3811468.384972638,3566807.249667508,3652666.178069575,0,0,0,0,0,1,1,4.36486517381124,2.200528662192339,4.444964421550181,19,3,0.41380108143408434,4.598291171453807,6.465429717546157,0,,0.0,0.0,0,nan,0,0,,0,nan,,0.0,0.0,0,nan,nan,nan,nan,nan,nan,0,0.0,0,nan,nan,0.36002791102428633,1,6.465429717546157,0.05308500228277482,0.0,1,4.36486517381124,2.200528662192339,4.598291171453807,3.1381460194226714,nan,nan,0,0.05308500228277482,0,6a1e7e50dc8a564e,512,58.231630493923014,8,0,0,0,0,nan,-1,0,0
24,553804.7999989986,-3811468.4433766464,3566807.3058876065,3652666.23595854,0,0,0,0,0,1,1,4.364987427830654,2.2009433479493037,4.542244326854964,19,4,0.41380108143408434,4.674433012700302,6.5651504737780355,0,,0.0,0.0,0,nan,0,0,,0,nan,,0.0,0.0,0,nan,nan,nan,nan,nan,nan,0,0.0,0,nan,nan,0.3730421936735446,1,6.5651504737780355,0.05308604107088305,0.0,1,4.364987427830654,2.2009433479493037,4.674433012700302,3.1428429254599144,nan,nan,0,0.05308604107088305,0,6a1e7e50dc8a564e,512,58.23000100639834,8,0,0,0,0,nan,-1,0,0
25,553805.0,-3811469.1430459116,3566808.378780037,3652665.242065848,0,0,0,0,0,1,1,8.823500548405615,6.8314475610576615,5.576263921042656,19,0,0.45207347146779936,6.079049261901037,12.098068039900033,0,,0.0,0.0,0,nan,0,0,,0,nan,,0.0,0.0,0,nan,nan,nan,nan,nan,nan,0,0.0,0,nan,nan,0.5257912020737879,0,8.028372355559334,0.05946484415227754,0.1616115998545058,3,6.557467209401557,2.495123617409449,6.079049261901037,2.8664917765706495,0.45207347146779936,34.1184370362641,2,0.04235200998091758,0,31c7012d4c9fb261,512,61.56400379283941,8,12,1,224,7,0.7993105880138022,216,19,17
26,553805.2000000477,-3811469.1998369913,3566808.4256508183,3652665.301046837,0,0,0,0,0,1,1,8.840318642844975,6.835063076978576,5.685037985231231,19,1,0.45207347146779936,6.137242304290757,12.209641568318204,0,,0.0,0.0,0,nan,0,0,,0,nan,,0.0,0.0,0,nan,nan,nan,nan,nan,nan,0,0.0,0,nan,nan,0.48178687061817743,1,8.141437259294403,0.06117854991466408,0.16030232349625062,3,6.56535424523411,2.4989586373318846,6.137242304290757,2.8685097516386144,nan,nan,0,0.043843052197340894,0,31c7012d4c9fb261,512,57.421745873870435,8,0,0,0,0,nan,-1,0,0
27,553805.4000000954,-3811469.2591386302,3566808.4816262787,3652665.3585166847,0,0,0,0,0,1,1,8.844048147833641,6.8365357355825385,5.785510162209737,19,2,0.45207347146779936,6.205098567218218,12.31165160644852,0,,0.0,0.0,0,nan,0,0,,0,nan,,0.0,0.0,0,nan,nan,nan,nan,nan,nan,0,0.0,0,nan,nan,0.4617092893776141,1,8.24449328955443,0.06122526199923588,0.16029364578429423,3,6.566984808619009,2.5006104537559497,6.205098567218218,2.8728261188560356,nan,nan,0,0.04389512905877674,0,31c7012d4c9fb261,512,57.28602360862292,8,0,0,0,0,nan,-1,0,0
28,553805.599998951,-3811469.281269085,3566808.503256852,3652665.3844249053,0,0,0,0,0,1,1,8.844541728888114,6.838000903324487,5.824694535605474,19,3,0.45207347146779936,6.23036815478936,12.351536437773047,0,,0.0,0.0,0,nan,0,0,,0,nan,,0.0,0.0,0,nan,nan,nan,nan,nan,nan,0,0.0,0,nan,nan,0.46358449028672555,1,8.285265753026826,0.06125062314761144,0.1602977103303657,3,6.567076590336344,2.5021320682073593,6.23036815478936,2.8777679017205555,nan,nan,0,0.04391033787905614,0,31c7012d4c9fb261,512,57.262111883368114,8,0,0,0,0,nan,-1,0,0
29,553805.7999989986,-3811469.289832711,3566808.5094558434,3652665.3944452847,0,0,0,0,0,1,1,8.844812844558893,6.838230825742754,5.839031602667341,19,4,0.45207347146779936,6.238536922683064,12.365463812674127,0,,0.0,0.0,0,nan,0,0,,0,nan,,0.0,0.0,0,nan,nan,nan,nan,nan,nan,0,0.0,0,nan,nan,0.4657884508654752,1,8.29981754399737,0.06125355791281339,0.16029844293298,3,6.567187244128164,2.5023744205879437,6.238536922683064,2.8828893551859838,nan,nan,0,0.04391205605080027,0,31c7012d4c9fb261,512,57.259549152483636,8,0,0,0,0,nan,-1,0,0
30,553806.0,-3811469.988626393,3566809.4754408807,3652663.9545203396,0,0,0,0,0,1,1,8.250564732654984,3.0787327797990875,5.499014590877071,18,0,0.20942828977675063,7.767906518983791,8.5419374519185,0,,0.0,0.0,0,nan,0,0,,0,nan,,0.0,0.0,0,nan,nan,nan,nan,nan,nan,0,0.0,0,nan,nan,0.5180883757530498,0,8.543874957288539,0.07584434557531584,0.06782489733102687,4,8.244962135140025,3.081640109484065,7.767906518983791,2.6759519396472196,0.20942828977675063,48.48841794941493,0,0.07422827926353694,0,86b1938a14e21d03,512,43.96635590572758,8,12,1,224,7,0.8199925629360661,211,18,17
31,553806.2000000477,-3811469.984735076,3566809.4685588456,3652663.951979333,0,0,0,0,0,1,1,8.259027047962398,3.0920980191838514,5.501499054116888,18,1,0.20942828977675063,7.761402624521035,8.557091272033867,0,,0.0,0.0,0,nan,0,0,,0,nan,,0.0,0.0,0,nan,nan,nan,nan,nan,nan,0,0.0,0,nan,nan,0.525368223717022,0,8.55804218126887,0.07896034601452956,0.06278216576821208,4,8.25331988507979,3.0939605355359685,7.761402624521035,2.678099417447205,nan,nan,0,0.07743055944751562,0,86b1938a14e21d03,512,40.526473068715894,8,0,0,0,0,nan,-1,0,0
32,553806.4000000954,-3811469.9869406754,3566809.470428908,3652663.9587578727,0,0,0,0,0,1,1,8.261417209586682,3.0948241536073753,5.511743731192529,18,2,0.20942828977675063,7.761809677319955,8.569776324987906,0,,0.0,0.0,0,nan,0,0,,0,nan,,0.0,0.0,0,nan,nan,nan,nan,nan,nan,0,0.0,0,nan,nan,0.534964626153007,0,8.570681852434246,0.07912972983292405,0.06254891769245918,4,8.255709139016904,3.0966412284045557,7.761809677319955,2.6827187110635777,nan,nan,0,0.07760309829731814,0,86b1938a14e21d03,512,40.36517261429281,8,0,0,0,0,nan,-1,0,0
33,553806.599998951,-3811469.989975492,3566809.47058704,3652663.963755162,0,0,0,0,0,1,1,8.262024209245709,3.095857498043056,5.5172720222958995,18,3,0.20942828977675063,7.762046597964363,8.57617681814855,0,,0.0,0.0,0,nan,0,0,,0,nan,,0.0,0.0,0,nan,nan,nan,nan,nan,nan,0,0.0,0,nan,nan,0.5404602898875698,0,8.577074509287574,0.07913825521255954,0.0625240321249132,4,8.256315513608799,3.0976691950849835,7.762046597964363,2.688009043087361,nan,nan,0,0.07761192520081875,0,86b1938a14e21d03,512,40.3557641938611,8,0,0,0,0,nan,-1,0,0
34,553806.7999989986,-3811469.990245999,3566809.4692104803,3652663.967523169,0,0,0,0,0,1,1,8.262217011811504,3.096170909715268,5.518776482198639,18,4,0.20942828977675063,7.7602707554821695,8.577809113489591,0,,0.0,0.0,0,nan,0,0,,0,nan,,0.0,0.0,0,nan,nan,nan,nan,nan,nan,0,0.0,0,nan,nan,0.5433014532195117,0,8.57870327642396,0.0791383020989394,0.06251976908863466,4,8.256508244669062,3.097981706238759,7.7602707554821695,2.693491032534563,nan,nan,0,0.07761200253150048,0,86b1938a14e21d03,512,40.35544505949591,8,0,0,0,0,nan,-1,0,0
35,553807.0,-3811469.6260167784,3566809.1338563124,3652663.7525704727,0,0,0,0,0,1,1,2.982191446175133,4.58699074543391,5.190504025042034,18,0,0.290947663274422,7.379445960938236,5.150935924497962,0,,0.0,0.0,0,nan,0,0,,0,nan,,0.0,0.0,0,nan,nan,nan,nan,nan,nan,0,0.0,0,nan,nan,0.6517689846457129,0,5.150935924497962,0.07916666666666669,0.0,1,2.982191446175133,4.58699074543391,7.379445960938236,2.51694055961129,0.290947663274422,11.353875378426523,3,0.07916666666666669,0,60cbf5c6bd3b273a,232,13.294355586565034,8,12,1,224,7,0.6517689846457129,198,18,17
36,553807.2000000477,-3811469.6224498507,3566809.1424942133,3652663.7536380137,0,0,0,0,0,1,1,2.9826159158053196,4.586748144571808,5.190754228212314,18,1,0.290947663274422,7.383300340107547,5.153871505021943,0,,0.0,0.0,0,nan,0,0,,0,nan,,0.0,0.0,0,nan,nan,nan,nan,nan,nan,0,0.0,0,nan,nan,0.6513988956254568,0,5.153871505021943,0.0791561535371481,0.0,1,2.9826159158053196,4.586748144571808,7.383300340107547,2.5192272188702924,nan,nan,0,0.0791561535371481,0,60cbf5c6bd3b273a,232,13.29787633153016,8,0,0,0,0,nan,-1,0,0
37,553807.4000000954,-3811469.6206808384,3566809.146307388,3652663.7510239463,0,0,0,0,0,1,1,2.982650297229474,4.586946412962997,5.189321476759525,18,2,0.290947663274422,7.386063756140029,5.1551203656758355,0,,0.0,0.0,0,nan,0,0,,0,nan,,0.0,0.0,0,nan,nan,nan,nan,nan,nan,0,0.0,0,nan,nan,0.6492085122904103,0,5.1551203656758355,0.07915716793396328,0.0,1,2.982650297229474,4.586946412962997,7.386063756140029,2.5241381694578493,nan,nan,0,0.07915716793396328,0,60cbf5c6bd3b273a,232,13.297536560186042,8,0,0,0,0,nan,-1,0,0
38,553807.599998951,-3811469.6210586494,3566809.147532764,3652663.7527582804,0,0,0,0,0,1,1,2.9829554368090885,4.586894388211663,5.191298903562126,18,3,0.290947663274422,7.386515143862588,5.155976702619806,0,,0.0,0.0,0,nan,0,0,,0,nan,,0.0,0.0,0,nan,nan,nan,nan,nan,nan,0,0.0,0,nan,nan,0.6512702746353717,0,5.155976702619806,0.07915686812924849,0.0,1,2.9829554368090885,4.586894388211663,7.386515143862588,2.5297604073832183,nan,nan,0,0.07915686812924849,0,60cbf5c6bd3b273a,232,13.297636978190713,8,0,0,0,0,nan,-1,0,0
39,553807.7999989986,-3811469.626019064,3566809.149713479,3652663.7578284247,0,0,0,0,0,1,1,2.982984993091164,4.5868990248727215,5.198263857891848,18,4,0.290947663274422,7.389012841815085,5.160582719992699,0,,0.0,0.0,0,nan,0,0,,0,nan,,0.0,0.0,0,nan,nan,nan,nan,nan,nan,0,0.0,0,nan,nan,0.6583406066619742,0,5.160582719992699,0.07915682079069139,0.0,1,2.982984993091164,4.5868990248727215,7.389012841815085,2.535584634868319,nan,nan,0,0.07915682079069139,0,60cbf5c6bd3b273a,232,13.29765283409207,8,0,0,0,0,nan,-1,0,0
40,553808.0,-3811469.5997325815,3566809.023372303,3652663.9772674013,0,0,0,0,0,1,1,2.3760740305607353,5.663910906065409,4.974431904281264,18,0,0.30400967615543767,7.200881418648142,5.761509744057745,0,,0.0,0.0,0,nan,0,0,,0,nan,,0.0,0.0,0,nan,nan,nan,nan,nan,nan,0,0.0,0,nan,nan,0.46128675756901627,1,5.761509744057745,0.04674815885711989,0.0,1,2.3760740305607353,5.663910906065409,7.200881418648142,2.3699637257269357,0.30400967615543767,10.823505896235373,1,0.04674815885711989,0,9bb9b17a10643453,457,69.51154782652056,8,12,1,224,7,0.472757062103613,206,18,17
41,553808.199999094,-3811469.604565452,3566809.022197833,3652663.975938404,0,0,0,0,0,1,1,2.3680494199530098,5.668259756031346,4.975390854091056,18,1,0.30400967615543767,7.203308836127141,5.78158499464817,0,,0.0,0.0,0,nan,0,0,,0,nan,,0.0,0.0,0,nan,nan,nan,nan,nan,nan,0,0.0,0,nan,nan,0.4516249640708949,1,5.78158499464817,0.0485810748418756,0.0,1,2.3680494199530098,5.668259756031346,7.203308836127141,2.3723777286033028,nan,nan,0,0.0485810748418756,0,9bb9b17a10643453,457,64.36954708802384,8,0,0,0,0,nan,-1,0,0
42,553808.4000000954,-3811469.6200710684,3566809.0384342065,3652663.9914526143,0,0,0,0,0,1,1,2.3658773388664556,5.669447249732941,5.004874842567653,18,2,0.30400967615543767,7.218677470522274,5.803527950400851,0,,0.0,0.0,0,nan,0,0,,0,nan,,0.0,0.0,0,nan,nan,nan,nan,nan,nan,0,0.0,0,nan,nan,0.4441440512896727,1,5.803527950400851,0.04873408900114244,0.0,1,2.3658773388664556,5.669447249732941,7.218677470522274,2.3775886360799108,nan,nan,0,0.04873408900114244,0,9bb9b17a10643453,457,64.11019275984532,8,0,0,0,0,nan,-1,0,0
43,553808.599998951,-3811469.6378614362,3566809.0555787836,3652664.004021144,0,0,0,0,0,1,1,2.3653146014641218,5.669517849592819,5.030793260613999,18,3,0.30400967615543767,7.237151120487444,5.82501418405384,0,,0.0,0.0,0,nan,0,0,,0,nan,,0.0,0.0,0,nan,nan,nan,nan,nan,nan,0,0.0,0,nan,nan,0.43573143702552153,1,5.82501418405384,0.04874434057994111,0.0,1,2.3653146014641218,5.669517849592819,7.237151120487444,2.3835556216658462,nan,nan,0,0.04874434057994111,0,9bb9b17a10643453,457,64.09079294143493,8,0,0,0,0,nan,-1,0,0
44,553808.7999999523,-3811469.6511755534,3566809.0698531303,3652664.016906605,0,0,0,0,0,1,1,2.365143074864826,5.669612217758002,5.053571782890433,18,4,0.30400967615543767,7.250854808964697,5.840522722608411,0,,0.0,0.0,0,nan,0,0,,0,nan,,0.0,0.0,0,nan,nan,nan,nan,nan,nan,0,0.0,0,nan,nan,0.43289920294075684,1,5.840522722608411,0.04874182507555538,0.0,1,2.365143074864826,5.669612217758002,7.250854808964697,2.3897359609892086,nan,nan,0,0.04874182507555538,0,9bb9b17a10643453,457,64.09125721281261,8,0,0,0,0,nan,-1,0,0
45,553809.0,-3811469.415095297,3566808.780492458,3652664.2735296553,0,0,0,0,0,1,1,1.4601688712979781,5.107927954886922,5.037513551886008,19,0,0.28473158978728563,6.812160832921714,5.8849443556408145,0,,0.0,0.0,0,nan,0,0,,0,nan,,0.0,0.0,0,nan,nan,nan,nan,nan,nan,0,0.0,0,nan,nan,0.5124148325419137,0,5.8842275598706735,0.07961309523809519,0.01687453455784906,2,1.4610130878645642,5.107085301425028,6.812160832921714,2.21892742224765,0.28473158978728563,2.718979748563414,6,0.0793898809523809,0,f817268164231a69,233,13.288147323576398,8,12,1,224,7,0.5124148325419137,199,19,17
46,553809.199999094,-3811469.414116654,3566808.77971777,3652664.2705520685,0,0,0,0,0,1,1,1.4610843533607127,5.112018164204029,5.057972790812813,19,1,0.28473158978728563,6.812011773640396,5.89120506240377,0,,0.0,0.0,0,nan,0,0,,0,nan,,0.0,0.0,0,nan,nan,nan,nan,nan,nan,0,0.0,0,nan,nan,0.5296888924194807,0,5.890508796914351,0.07959823485812254,0.0168840365581723,2,1.4619404635302593,5.111163821982045,6.812011773640396,2.2215420717411725,nan,nan,0,0.07937412598785516,0,f817268164231a69,233,13.29371161367997,8,0,0,0,0,nan,-1,0,0
47,553809.4000000954,-3811469.4182153256,3566808.7827237993,3652664.2755420734,0,0,0,0,0,1,1,1.4620353081398254,5.11293251640484,5.070793541123231,19,2,0.28473158978728563,6.814965548955687,5.896369248382906,0,,0.0,0.0,0,nan,0,0,,0,nan,,0.0,0.0,0,nan,nan,nan,nan,nan,nan,0,0.0,0,nan,nan,0.5408804553614386,0,5.895678435797219,0.07960150093464176,0.016874655180108375,2,1.4628920695540515,5.112077563981548,6.814965548955687,2.2271151595485317,nan,nan,0,0.07937758800260727,0,f817268164231a69,233,13.292492589866656,8,0,0,0,0,nan,-1,0,0
48,553809.599998951,-3811469.4134697006,3566808.7775105317,3652664.2671238803,0,0,0,0,0,1,1,1.46163955815036,5.11347475592607,5.060965283991186,19,3,0.28473158978728563,6.8111547264812495,5.890633502250784,0,,0.0,0.0,0,nan,0,0,,0,nan,,0.0,0.0,0,nan,nan,nan,nan,nan,nan,0,0.0,0,nan,nan,0.5301034395871838,0,5.889944660432404,0.0796096816112282,0.016854943268411936,2,1.4624950198497193,5.112621324504472,6.8111547264812495,2.233486817838483,nan,nan,0,0.0793862600368737,0,f817268164231a69,233,13.289436345936794,8,0,0,0,0,nan,-1,0,0
49,553809.7999999523,-3811469.3977967124,3566808.765014775,3652664.2510027033,0,0,0,0,0,1,1,1.4616290025570868,5.113598705790177,5.036159613657036,19,4,0.28473158978728563,6.798190767216363,5.873841809811241,0,,0.0,0.0,0,nan,0,0,,0,nan,,0.0,0.0,0,nan,nan,nan,nan,nan,nan,0,0.0,0,nan,nan,0.5060626600033752,0,5.873151854597648,0.07961147068375181,0.016850609798591258,2,1.4624842423535809,5.112745556433076,6.798190767216363,2.240082038541546,nan,nan,0,0.07938815656997078,0,f817268164231a69,233,13.28876807895796,8,0,0,0,0,nan,-1,0,0
50,553810.0,-3811469.2985404828,3566808.640770682,3652664.524779216,0,0,0,0,0,1,1,1.9865759196422208,4.629802061481194,4.962177133669494,19,0,0.26506036033573993,6.559054910956704,5.043693874771086,0,,0.0,0.0,0,nan,0,0,,0,nan,,0.0,0.0,0,nan,nan,nan,nan,nan,nan,0,0.0,0,nan,nan,0.5226324709236171,0,5.043693874771086,0.20109115745617726,0.0,1,1.9865759196422208,4.629802061481194,6.559054910956704,2.1205173581613557,0.26506036033573993,1.8608898760313553,0,0.20109115745617726,0,832d821e147a649e,269,11.091548805454828,8,12,1,224,7,0.5306028789481609,198,19,17
51,553810.199999094,-3811469.3039292046,3566808.64487794,3652664.529502901,0,0,0,0,0,1,1,1.9835621684114721,4.629102097626848,4.972768557405449,19,1,0.26506036033573993,6.563846145743955,5.053673531236874,0,,0.0,0.0,0,nan,0,0,,0,nan,,0.0,0.0,0,nan,nan,nan,nan,nan,nan,0,0.0,0,nan,nan,0.5310330257511411,0,5.053673531236874,0.21359220606146564,0.0,1,1.9835621684114721,4.629102097626848,6.563846145743955,2.1232300878221277,nan,nan,0,0.2135922060614656,0,832d821e147a649e,269,9.915528988102256,8,0,0,0,0,nan,-1,0,0
52,553810.4000000954,-3811469.315596398,3566808.65828624,3652664.5406800522,0,0,0,0,0,1,1,1.9828565828546736,4.629370999658899,4.993502813661418,19,2,0.26506036033573993,6.5773148379183635,5.070363439347214,0,,0.0,0.0,0,nan,0,0,,0,nan,,0.0,0.0,0,nan,nan,nan,nan,nan,nan,0,0.0,0,nan,nan,0.5506067082139354,0,5.070363439347214,0.21449961484966706,0.0,1,1.9828565828546736,4.629370999658899,6.5773148379183635,2.129054448480933,nan,nan,0,0.21449961484966706,0,832d821e147a649e,269,9.840446316637978,8,0,0,0,0,nan,-1,0,0
53,553810.599998951,-3811469.34256695,3566808.6845943565,3652664.568832754,0,0,0,0,0,1,1,1.9826343175046153,4.629524508137032,5.040506943397922,19,3,0.26506036033573993,6.60440914717434,5.103918392644596,0,,0.0,0.0,0,nan,0,0,,0,nan,,0.0,0.0,0,nan,nan,nan,nan,nan,nan,0,0.0,0,nan,nan,0.5955930284018661,0,5.103918392644596,0.2145945779949216,0.0,1,1.9826343175046153,4.629524508137032,6.60440914717434,2.1357169279087573,nan,nan,0,0.2145945779949216,0,832d821e147a649e,269,9.833891033529829,8,0,0,0,0,nan,-1,0,0
54,553810.7999999523,-3811469.3769528917,3566808.7217116025,3652664.6004809807,0,0,0,0,0,1,1,1.9825662619566806,4.62949539096107,5.098551211388733,19,4,0.26506036033573993,6.643192315066824,5.149512255370725,0,,0.0,0.0,0,nan,0,0,,0,nan,,0.0,0.0,0,nan,nan,nan,nan,nan,nan,0,0.0,0,nan,nan,0.651051801160635,0,5.149512255370725,0.2146051443336044,0.0,1,1.9825662619566806,4.62949539096107,6.643192315066824,2.142612579201163,nan,nan,0,0.2146051443336044,0,832d821e147a649e,269,9.833206603445069,8,0,0,0,0,nan,-1,0,0
55,553811.0,-3811469.235102616,3566808.4984445698,3652664.8116010264,0,0,0,0,0,1,1,1.6816475065780447,4.6547949873903685,5.151119482644341,19,0,0.25623423622778385,6.33108764208706,5.100025252509103,0,,0.0,0.0,0,nan,0,0,,0,nan,,0.0,0.0,0,nan,nan,nan,nan,nan,nan,0,0.0,0,nan,nan,0.5699210955739068,0,5.100025252509103,0.34979321594761875,0.0,1,1.6816475065780447,4.6547949873903685,6.33108764208706,2.0332112461865335,0.25623423622778385,1.334637417535249,0,0.34979321594761886,0,832d821e147a649e,306,6.540801591498584,8,12,1,224,7,0.5075406291257607,204,19,17
56,553811.199999094,-3811469.2729791864,3566808.5359099815,3652664.848355844,0,0,0,0,0,1,1,1.6801515904463515,4.65541908657217,5.235284514033264,19,1,0.25623423622778385,6.372082856127787,5.156000880254047,0,,0.0,0.0,0,nan,0,0,,0,nan,,0.0,0.0,0,nan,nan,nan,nan,nan,nan,0,0.0,0,nan,nan,0.6428208600694042,0,5.156000880254047,0.3718785305799426,0.0,1,1.6801515904463515,4.65541908657217,6.372082856127787,2.036041422985263,nan,nan,0,0.3718785305799426,0,832d821e147a649e,306,5.810711832296712,8,0,0,0,0,nan,-1,0,0
57,553811.4000000954,-3811469.3265806404,3566808.588842787,3652664.9009892987,0,0,0,0,0,1,1,1.6798100976275532,4.656030048407343,5.331168126328143,19,2,0.25623423622778385,6.430540122500017,5.226091326530646,0,,0.0,0.0,0,nan,0,0,,0,nan,,0.0,0.0,0,nan,nan,nan,nan,nan,nan,0,0.0,0,nan,nan,0.6784884586086829,0,5.226091326530646,0.3734745849067345,0.0,1,1.6798100976275532,4.656030048407343,6.430540122500017,2.042114738166459,nan,nan,0,0.3734745849067345,0,832d821e147a649e,306,5.76343597632107,8,0,0,0,0,nan,-1,0,0
58,553811.599998951,-3811469.383561751,3566808.6461469145,3652664.9577724473,0,0,0,0,0,1,1,1.679723987728082,4.656135668067094,5.429669591884242,19,3,0.25623423622778385,6.494106070676691,5.300296692274749,0,,0.0,0.0,0,nan,0,0,,0,nan,,0.0,0.0,0,nan,nan,nan,nan,nan,nan,0,0.0,0,nan,nan,0.6127537158447949,0,5.300296692274749,0.37363678821178314,0.0,1,1.679723987728082,4.656135668067094,6.494106070676691,2.0490599946754635,nan,nan,0,0.37363678821178314,0,832d821e147a649e,306,5.758662949313807,8,0,0,0,0,nan,-1,0,0
59,553811.7999999523,-3811469.4447181495,3566808.7062500827,3652665.0216358565,0,0,0,0,0,1,1,1.6796977276106864,4.656202863720137,5.535782839134796,19,4,0.25623423622778385,6.561561787920344,5.379227286974417,0,,0.0,0.0,0,nan,0,0,,0,nan,,0.0,0.0,0,nan,nan,nan,nan,nan,nan,0,0.0,0,nan,nan,0.5555313652554057,0,5.379227286974417,0.37365027292944336,0.0,1,1.6796977276106864,4.656202863720137,6.561561787920344,2.056246294564471,nan,nan,0,0.37365027292944336,0,832d821e147a649e,306,5.758274447091569,8,0,0,0,0,nan,-1,0,0
60,553812.0,-3811469.1845345027,3566808.40403197,3652665.053313325,0,0,0,0,0,1,1,1.4512628349069303,4.739137312112875,5.6052376997611,19,0,0.24999160052313082,6.166848881541285,5.177294589906176,0,,0.0,0.0,0,nan,0,0,,0,nan,,0.0,0.0,0,nan,nan,nan,nan,nan,nan,0,0.0,0,nan,nan,0.6887646835404577,0,5.177294589906176,0.3693970308172234,0.0,1,1.4512628349069303,4.739137312112875,6.166848881541285,1.9549034460280577,0.24999160052313082,1.3371359063100048,0,0.3693970308172234,0,832d821e147a649e,344,6.681593197950237,8,12,1,224,7,0.5304584029860713,207,19,17
61,553812.199999094,-3811469.2331142887,3566808.4537998647,3652665.1059620883,0,0,0,0,0,1,1,1.4494267683185011,4.743246812587829,5.7343701358619805,19,1,0.24999160052313082,6.221608856680122,5.255897412911942,0,,0.0,0.0,0,nan,0,0,,0,nan,,0.0,0.0,0,nan,nan,nan,nan,nan,nan,0,0.0,0,nan,nan,0.6579634442298324,0,5.255897412911942,0.39064781367357304,0.0,1,1.4494267683185011,4.743246812587829,6.221608856680122,1.9578471472005274,nan,nan,0,0.39064781367357304,0,832d821e147a649e,344,5.987214586997858,8,0,0,0,0,nan,-1,0,0
62,553812.4000000954,-3811469.2980974317,3566808.5156194377,3652665.1719480325,0,0,0,0,0,1,1,1.449108087038568,4.744222364250517,5.853623862766625,19,2,0.24999160052313082,6.29338323410037,5.34173857775974,0,,0.0,0.0,0,nan,0,0,,0,nan,,0.0,0.0,0,nan,nan,nan,nan,nan,nan,0,0.0,0,nan,nan,0.5933287905832844,0,5.34173857775974,0.3922244485278423,0.0,1,1.449108087038568,4.744222364250517,6.29338323410037,1.9641623367477135,nan,nan,0,0.3922244485278423,0,832d821e147a649e,344,5.940423566154063,8,0,0,0,0,nan,-1,0,0
63,553812.599998951,-3811469.323044764,3566808.5407642205,3652665.198648223,0,0,0,0,0,1,1,1.4490908043419093,4.744089373934119,5.897989477991351,19,3,0.24999160052313082,6.322016967199731,5.37485727688597,0,,0.0,0.0,0,nan,0,0,,0,nan,,0.0,0.0,0,nan,nan,nan,nan,nan,nan,0,0.0,0,nan,nan,0.5733595557250662,0,5.37485727688597,0.39265600818523433,0.0,1,1.4490908043419093,4.744089373934119,6.322016967199731,1.971382263637691,nan,nan,0,0.39265600818523433,0,832d821e147a649e,344,5.927729145358336,8,0,0,0,0,nan,-1,0,0
64,553812.7999999523,-3811469.331030157,3566808.5471869325,3652665.210737892,0,0,0,0,0,1,1,1.4490740370225372,4.744174191087351,5.9142620585397925,19,4,0.24999160052313082,6.329239134620994,5.384203795479689,0,,0.0,0.0,0,nan,0,0,,0,nan,,0.0,0.0,0,nan,nan,nan,nan,nan,nan,0,0.0,0,nan,nan,0.569811218096127,0,5.384203795479689,0.3927002688645791,0.0,1,1.4490740370225372,4.744174191087351,6.329239134620994,1.978850681069604,nan,nan,0,0.3927002688645791,0,832d821e147a649e,344,5.926429603469629,8,0,0,0,0,nan,-1,0,0
65,553813.0,-3811469.0978832426,3566808.2461486016,3652665.22409359,0,0,0,0,0,1,1,1.2354017449912083,4.78189351941122,5.734677466175247,18,0,0.20590055846808142,5.954818255721592,5.149834664750849,0,,0.0,0.0,0,nan,0,0,,0,nan,,0.0,0.0,0,nan,nan,nan,nan,nan,nan,0,0.0,0,nan,nan,0.6547107620460138,0,5.149834664750849,0.334329552017838,0.0,1,1.2354017449912083,4.78189351941122,5.954818255721592,1.887203157661293,0.20590055846808142,0.8545983346324524,0,0.334329552017838,0,832d821e147a649e,377,8.027833024134216,8,12,1,224,7,0.5203565909490271,213,18,17
66,553813.199999094,-3811469.0866705896,3566808.2339572455,3652665.214502371,0,0,0,0,0,1,1,1.2347241734061782,4.789389409260353,5.739384637460836,18,1,0.20590055846808142,5.940850326801397,5.139299101367289,0,,0.0,0.0,0,nan,0,0,,0,nan,,0.0,0.0,0,nan,nan,nan,nan,nan,nan,0,0.0,0,nan,nan,0.6450103663004113,0,5.139299101367289,0.35227718853887896,0.0,1,1.2347241734061782,4.789389409260353,5.940850326801397,1.890252728871852,nan,nan,0,0.35227718853887896,0,832d821e147a649e,377,7.243618873921528,8,0,0,0,0,nan,-1,0,0
67,553813.4000000954,-3811469.0863395133,3566808.2326866523,3652665.2164501403,0,0,0,0,0,1,1,1.2345606085973477,4.790955134770794,5.74575562771126,18,2,0.20590055846808142,5.9392505269522475,5.138977783608206,0,,0.0,0.0,0,nan,0,0,,0,nan,,0.0,0.0,0,nan,nan,nan,nan,nan,nan,0,0.0,0,nan,nan,0.6476615036221425,0,5.138977783608206,0.3533835545922845,0.0,1,1.2345606085973477,4.790955134770794,5.9392505269522475,1.8967930862073663,nan,nan,0,0.3533835545922845,0,832d821e147a649e,377,7.199404663291656,8,0,0,0,0,nan,-1,0,0
68,553813.599998951,-3811469.0871777595,3566808.234115772,3652665.22406919,0,0,0,0,0,1,1,1.2345284493494033,4.791559497535065,5.753886074567227,18,3,0.20590055846808142,5.939136892899335,5.139807126584799,0,,0.0,0.0,0,nan,0,0,,0,nan,,0.0,0.0,0,nan,nan,nan,nan,nan,nan,0,0.0,0,nan,nan,0.6553046528272174,0,5.139807126584799,0.3534898861238746,0.0,1,1.2345284493494033,4.791559497535065,5.939136892899335,1.9042684866028543,nan,nan,0,0.3534898861238746,0,832d821e147a649e,377,7.195172751221436,8,0,0,0,0,nan,-1,0,0
69,553813.7999999523,-3811469.0913300556,3566808.235501047,3652665.228706436,0,0,0,0,0,1,1,1.2345174457714003,4.791674874070848,5.7603227340181204,18,4,0.20590055846808142,5.941714552284891,5.143245630954411,0,,0.0,0.0,0,nan,0,0,,0,nan,,0.0,0.0,0,nan,nan,nan,nan,nan,nan,0,0.0,0,nan,nan,0.6613534762519617,0,5.143245630954411,0.35350316017868416,0.0,1,1.2345174457714003,4.791674874070848,5.941714552284891,1.9119990826985265,nan,nan,0,0.35350316017868416,0,832d821e147a649e,377,7.194649334470579,8,0,0,0,0,nan,-1,0,0
70,553814.0,-3811469.037298305,3566808.123900659,3652665.37507361,0,0,0,0,0,1,1,1.0801503464868325,4.730573125242876,5.580307989813202,19,0,0.17166137233746512,5.7928469079199845,5.081777721328593,0,,0.0,0.0,0,nan,0,0,,0,nan,,0.0,0.0,0,nan,nan,nan,nan,nan,nan,0,0.0,0,nan,nan,0.5570481940906516,0,5.081777721328593,0.29906161687120697,0.0,1,1.0801503464868325,4.730573125242876,5.7928469079199845,1.8222119807090562,0.17166137233746512,0.6712067054049101,0,0.29906161687120697,0,832d821e147a649e,398,9.092718306971504,8,12,1,224,7,0.511681573220638,209,19,17
71,553814.199999094,-3811469.0540562454,3566808.1413113913,3652665.3910148344,0,0,0,0,0,1,1,1.080560089493903,4.735109002338831,5.61628545237455,19,1,0.17166137233746512,5.813242256654249,5.102159104608177,0,,0.0,0.0,0,nan,0,0,,0,nan,,0.0,0.0,0,nan,nan,nan,nan,nan,nan,0,0.0,0,nan,nan,0.5821071105763966,0,5.102159104608177,0.3139306623288152,0.0,1,1.080560089493903,4.735109002338831,5.813242256654249,1.8253700871584446,nan,nan,0,0.3139306623288152,0,832d821e147a649e,398,8.258847187922031,8,0,0,0,0,nan,-1,0,0
72,553814.4000000954,-3811469.078650902,3566808.166167389,3652665.413996416,0,0,0,0,0,1,1,1.0807206425236466,4.736090377117814,5.658664875517778,19,2,0.17166137233746512,5.8428614098649145,5.13306079328833,0,,0.0,0.0,0,nan,0,0,,0,nan,,0.0,0.0,0,nan,nan,nan,nan,nan,nan,0,0.0,0,nan,nan,0.620355522554614,0,5.13306079328833,0.3147849936198263,0.0,1,1.0807206425236466,4.736090377117814,5.8428614098649145,1.8321420652407963,nan,nan,0,0.3147849936198263,0,832d821e147a649e,398,8.214560271995682,8,0,0,0,0,nan,-1,0,0
73,553814.599998951,-3811469.1003943384,3566808.188215709,3652665.432468175,0,0,0,0,0,1,1,1.0808073128632683,4.7362686687373206,5.6937449792407095,19,3,0.17166137233746512,5.86957827210506,5.160957029243607,0,,0.0,0.0,0,nan,0,0,,0,nan,,0.0,0.0,0,nan,nan,nan,nan,nan,nan,0,0.0,0,nan,nan,0.6532452875775298,0,5.160957029243607,0.31489161683962613,0.0,1,1.0808073128632683,4.7362686687373206,5.86957827210506,1.8398801572128798,nan,nan,0,0.31489161683962613,0,832d821e147a649e,398,8.209173309778,8,0,0,0,0,nan,-1,0,0
74,553814.7999999523,-3811469.1283504013,3566808.217287369,3652665.456551214,0,0,0,0,0,1,1,1.0808162341048446,4.7363726565019135,5.739741364493762,19,4,0.17166137233746512,5.904559055478418,5.197690912793121,0,,0.0,0.0,0,nan,0,0,,0,nan,,0.0,0.0,0,nan,nan,nan,nan,nan,nan,0,0.0,0,nan,nan,0.6969586609323897,0,5.197690912793121,0.3148921241614471,0.0,1,1.0808162341048446,4.7363726565019135,5.904559055478418,1.8478801402022942,nan,nan,0,0.3148921241614471,0,832d821e147a649e,398,8.209105141895636,8,0,0,0,0,nan,-1,0,0
75,553815.0,-3811468.9644313212,3566808.0002683788,3652665.475848125,0,0,0,0,0,1,1,0.9311216298715903,4.6757383570804825,5.563605699858875,18,0,0.16723452360142665,5.634140693340448,5.099540418687989,0,,0.0,0.0,0,nan,0,0,,0,nan,,0.0,0.0,0,nan,nan,nan,nan,nan,nan,0,0.0,0,nan,nan,0.5859518106843506,0,5.099540418687989,0.20202322595772487,0.0,1,0.9311216298715903,4.6757383570804825,5.634140693340448,1.7651404205727586,0.16723452360142665,0.6444207763429423,0,0.20202322595772487,0,832d821e147a649e,410,12.745140691065638,8,12,1,224,7,0.5356120233880144,209,18,17
76,553815.199999094,-3811468.9626228022,3566807.997926585,3652665.473465487,0,0,0,0,0,1,1,0.9295792769855451,4.67581386317656,5.570540408788409,18,1,0.16723452360142665,5.631694436909621,5.101156674912512,0,,0.0,0.0,0,nan,0,0,,0,nan,,0.0,0.0,0,nan,nan,nan,nan,nan,nan,0,0.0,0,nan,nan,0.5883782343253999,0,5.101156674912512,0.21155218955877386,0.0,1,0.9295792769855451,4.67581386317656,5.631694436909621,1.7684010070562826,nan,nan,0,0.21155218955877386,0,832d821e147a649e,410,11.602161207213323,8,0,0,0,0,nan,-1,0,0
77,553815.4000000954,-3811468.961974218,3566807.996615348,3652665.4761489625,0,0,0,0,0,1,1,0.929240284417301,4.676562426185777,5.574369835415747,18,2,0.16723452360142665,5.6297856190029805,5.100406153751639,0,,0.0,0.0,0,nan,0,0,,0,nan,,0.0,0.0,0,nan,nan,nan,nan,nan,nan,0,0.0,0,nan,nan,0.591288632035471,0,5.100406153751639,0.212063326255496,0.0,1,0.929240284417301,4.676562426185777,5.6297856190029805,1.775390432894277,nan,nan,0,0.212063326255496,0,832d821e147a649e,410,11.543667228597664,8,0,0,0,0,nan,-1,0,0
78,553815.599998951,-3811468.965777788,3566807.9991327194,3652665.4802612495,0,0,0,0,0,1,1,0.929123238852325,4.676616970753746,5.581459481005151,18,3,0.16723452360142665,5.633293496618416,5.104614447928027,0,,0.0,0.0,0,nan,0,0,,0,nan,,0.0,0.0,0,nan,nan,nan,nan,nan,nan,0,0.0,0,nan,nan,0.5976243750590773,0,5.104614447928027,0.2121092062638118,0.0,1,0.929123238852325,4.676616970753746,5.633293496618416,1.7833748257732964,nan,nan,0,0.2121092062638118,0,832d821e147a649e,410,11.538195638929102,8,0,0,0,0,nan,-1,0,0
79,553815.7999999523,-3811468.9675551504,3566807.998609478,3652665.478977498,0,0,0,0,0,1,1,0.9290969665720933,4.676615684813463,5.581387508215798,18,4,0.16723452360142665,5.634264974908431,5.1058182755722195,0,,0.0,0.0,0,nan,0,0,,0,nan,,0.0,0.0,0,nan,nan,nan,nan,nan,nan,0,0.0,0,nan,nan,0.5970922015634692,0,5.1058182755722195,0.212116145359993,0.0,1,0.9290969665720933,4.676615684813463,5.634264974908431,1.7916271459200621,nan,nan,0,0.21211614535999307,0,832d821e147a649e,410,11.537517945814475,8,0,0,0,0,nan,-1,0,0
80,553816.0,-3811468.878908008,3566807.8702539033,3652665.593582837,0,0,0,0,1,1,1,6.434356153897503,1.6480262038681803,5.38969395983052,18,0,0.15067004659052766,5.460617008571898,6.442178116551208,0,,0.0,0.0,0,nan,0,0,,0,nan,,0.0,0.0,0,nan,nan,nan,nan,nan,nan,0,0.0,0,nan,nan,0.5338145875075877,0,6.442178116551208,0.15468839244056193,0.0,1,6.434356153897503,1.6480262038681803,5.460617008571898,1.7121542298193912,0.15067004659052766,0.48750634448403524,0,0.15468839244056193,0,994d54c9040caa4d,420,13.169092876391888,8,12,1,224,7,0.5119515439616412,209,18,17
81,553816.199999094,-3811468.889186431,3566807.880308708,3652665.603812291,0,0,0,0,1,1,1,6.434729910822853,1.6451345969530946,5.415210176595309,18,1,0.15067004659052766,5.472926503892927,6.459071512970888,0,,0.0,0.0,0,nan,0,0,,0,nan,,0.0,0.0,0,nan,nan,nan,nan,nan,nan,0,0.0,0,nan,nan,0.5504142491540888,0,6.459071512970888,0.1622755404264054,0.0,1,6.434729910822853,1.6451345969530946,5.472926503892927,1.7155155646892941,nan,nan,0,0.1622755404264054,0,994d54c9040caa4d,420,12.028369241349015,8,0,0,0,0,nan,-1,0,0
82,553816.3999989033,-3811468.902836786,3566807.895093014,3652665.6192629123,0,0,0,0,1,1,1,6.434553809246823,1.6446368088507357,5.440614649113292,18,2,0.15067004659052766,5.490079674497418,6.4827017671380975,0,,0.0,0.0,0,nan,0,0,,0,nan,,0.0,0.0,0,nan,nan,nan,nan,nan,nan,0,0.0,0,nan,nan,0.5738735935781393,0,6.4827017671380975,0.16270322899439674,0.0,1,6.434553809246823,1.6446368088507357,5.490079674497418,1.7227195117517602,nan,nan,0,0.16270322899439674,0,994d54c9040caa4d,420,11.970725972472257,8,0,0,0,0,nan,-1,0,0
83,553816.5999999046,-3811468.909679358,3566807.900495396,3652665.6277586543,0,0,0,0,1,1,1,6.4344297704951146,1.6446337243260831,5.452336005349673,18,3,0.15067004659052766,5.497062703441286,6.494159376295305,0,,0.0,0.0,0,nan,0,0,,0,nan,,0.0,0.0,0,nan,nan,nan,nan,nan,nan,0,0.0,0,nan,nan,0.5853900091842047,0,6.494159376295305,0.1627513673335068,0.0,1,6.4344297704951146,1.6446337243260831,5.497062703441286,1.730947006658849,nan,nan,0,0.16275136733350684,0,994d54c9040caa4d,420,11.963961668043508,8,0,0,0,0,nan,-1,0,0
84,553816.7999999523,-3811468.902958673,3566807.893729498,3652665.6224793,0,0,0,0,1,1,1,6.434374885230512,1.6446581709017816,5.441563480377495,18,4,0.15067004659052766,5.488584600800307,6.48426502937931,0,,0.0,0.0,0,nan,0,0,,0,nan,,0.0,0.0,0,nan,nan,nan,nan,nan,nan,0,0.0,0,nan,nan,0.5755426563582309,0,6.48426502937931,0.16275872155609034,0.0,1,6.434374885230512,1.6446581709017816,5.488584600800307,1.7394480273096997,nan,nan,0,0.16275872155609028,0,994d54c9040caa4d,420,11.962808310430354,8,0,0,0,0,nan,-1,0,0
85,553817.0,-3811468.8169170558,3566807.7924411534,3652665.732098982,0,0,0,0,1,1,1,6.270284170343722,1.6746502222670459,5.294819844578226,19,0,0.16129119387086358,5.33972507027378,6.4215783527798305,0,,0.0,0.0,0,nan,0,0,,0,nan,,0.0,0.0,0,nan,nan,nan,nan,nan,nan,0,0.0,0,nan,nan,0.5106020976675756,0,6.4215783527798305,0.18336551288922598,0.0,1,6.270284170343722,1.6746502222670459,5.33972507027378,1.6605523074598696,0.16129119387086358,0.3482728961220111,0,0.18336551288922598,0,994d54c9040caa4d,425,11.117873857492954,8,12,1,224,7,0.5002326767511331,205,19,17
86,553817.199999094,-3811468.789584278,3566807.765068103,3652665.7043454917,0,0,0,0,1,1,1,6.268979226550729,1.676491371342277,5.241449213974157,19,1,0.16129119387086358,5.306002063462841,6.373993872339805,0,,0.0,0.0,0,nan,0,0,,0,nan,,0.0,0.0,0,nan,nan,nan,nan,nan,nan,0,0.0,0,nan,nan,0.46423223881006476,1,6.373993872339805,0.19215830183819305,0.0,1,6.268979226550729,1.676491371342277,5.306002063462841,1.664017975913443,nan,nan,0,0.192158301838193,0,994d54c9040caa4d,425,10.143040249955492,8,0,0,0,0,nan,-1,0,0
87,553817.3999989033,-3811468.7791701336,3566807.7530020396,3652665.6942558023,0,0,0,0,1,1,1,6.269610726696817,1.6749898906435443,5.227438423879993,19,2,0.16129119387086358,5.291895731050397,6.357956413996034,0,,0.0,0.0,0,nan,0,0,,0,nan,,0.0,0.0,0,nan,nan,nan,nan,nan,nan,0,0.0,0,nan,nan,0.44903958845657654,1,6.357956413996034,0.19267823182259453,0.0,1,6.269610726696817,1.6749898906435443,5.291895731050397,1.6714439156460614,nan,nan,0,0.19267823182259453,0,994d54c9040caa4d,425,10.091652786136175,8,0,0,0,0,nan,-1,0,0
88,553817.5999999046,-3811468.777137907,3566807.7511370927,3652665.6918531856,0,0,0,0,1,1,1,6.269644102310011,1.6748713680808782,5.224177145156627,19,3,0.16129119387086358,5.289586413029958,6.354513915711006,0,,0.0,0.0,0,nan,0,0,,0,nan,,0.0,0.0,0,nan,nan,nan,nan,nan,nan,0,0.0,0,nan,nan,0.4456988592094706,1,6.354513915711006,0.19272619561610443,0.0,1,6.269644102310011,1.6748713680808782,5.289586413029958,1.6799225601746655,nan,nan,0,0.19272619561610443,0,994d54c9040caa4d,425,10.086919554991894,8,0,0,0,0,nan,-1,0,0
89,553817.7999999523,-3811468.7767216642,3566807.7499405225,3652665.6927631916,0,0,0,0,1,1,1,6.269645238270301,1.674830288076104,5.224023634889864,19,4,0.16129119387086358,5.288271008541489,6.354555664858648,0,,0.0,0.0,0,nan,0,0,,0,nan,,0.0,0.0,0,nan,nan,nan,nan,nan,nan,0,0.0,0,nan,nan,0.44595111001491483,1,6.354555664858648,0.19273111336718532,0.0,1,6.269645238270301,1.674830288076104,5.288271008541489,1.6886804655036185,nan,nan,0,0.19273111336718532,0,994d54c9040caa4d,425,10.08643437438795,8,0,0,0,0,nan,-1,0,0
90,553818.0,-3811468.7353828726,3566807.691360277,3652665.845512674,0,0,0,0,0,1,1,6.116036018670822,1.7746429967417432,5.072363734970376,18,0,0.11031835963790779,5.194834180173555,6.404977837276679,0,,0.0,0.0,0,nan,0,0,,0,nan,,0.0,0.0,0,nan,nan,nan,nan,nan,nan,0,0.0,0,nan,nan,0.4900980793741487,1,6.404977837276679,0.19908123925666868,0.0,1,6.116036018670822,1.7746429967417432,5.194834180173555,1.6144343408829938,0.11031835963790779,0.3497947379215988,0,0.19908123925666868,0,994d54c9040caa4d,432,9.092522287779273,8,12,1,224,7,0.5147478870457715,209,18,17
91,553818.199999094,-3811468.7391064353,3566807.6956073996,3652665.849251501,0,0,0,0,0,1,1,6.11384744428989,1.7770509687157332,5.069550064158991,18,1,0.11031835963790779,5.199922486511884,6.406876552642395,0,,0.0,0.0,0,nan,0,0,,0,nan,,0.0,0.0,0,nan,nan,nan,nan,nan,nan,0,0.0,0,nan,nan,0.49171974781680045,1,6.406876552642395,0.20841730002494388,0.0,1,6.11384744428989,1.7770509687157332,5.199922486511884,1.6179992590076882,nan,nan,0,0.20841730002494388,0,994d54c9040caa4d,432,8.301768924352059,8,0,0,0,0,nan,-1,0,0
92,553818.3999989033,-3811468.74180484,3566807.696229558,3652665.8534990577,0,0,0,0,0,1,1,6.11361176889837,1.7767881257016032,5.073472589110489,18,2,0.11031835963790779,5.201547054065843,6.41104031695281,0,,0.0,0.0,0,nan,0,0,,0,nan,,0.0,0.0,0,nan,nan,nan,nan,nan,nan,0,0.0,0,nan,nan,0.49598095712873014,1,6.41104031695281,0.208904117231734,0.0,1,6.11361176889837,1.7767881257016032,5.201547054065843,1.6256355387093915,nan,nan,0,0.208904117231734,0,994d54c9040caa4d,432,8.263847410045203,8,0,0,0,0,nan,-1,0,0
93,553818.5999999046,-3811468.7435135636,3566807.6972454316,3652665.8559057238,0,0,0,0,0,1,1,6.113497753639996,1.776888595962427,5.076054612069313,18,3,0.11031835963790779,5.203086526608415,6.413830287646116,0,,0.0,0.0,0,nan,0,0,,0,nan,,0.0,0.0,0,nan,nan,nan,nan,nan,nan,0,0.0,0,nan,nan,0.49878808704160565,1,6.413830287646116,0.20894972498846187,0.0,1,6.113497753639996,1.776888595962427,5.203086526608415,1.6343518753605377,nan,nan,0,0.20894972498846187,0,994d54c9040caa4d,432,8.260275350107378,8,0,0,0,0,nan,-1,0,0
94,553818.7999999523,-3811468.744718246,3566807.6983538847,3652665.855421672,0,0,0,0,0,1,1,6.113462311440928,1.776925661428895,5.076747743709925,18,4,0.11031835963790779,5.204760967274487,6.414292297975403,0,,0.0,0.0,0,nan,0,0,,0,nan,,0.0,0.0,0,nan,nan,nan,nan,nan,nan,0,0.0,0,nan,nan,0.49915847064680574,1,6.414292297975403,0.20895420201264361,0.0,1,6.113462311440928,1.776925661428895,5.204760967274487,1.6433526676771246,nan,nan,0,0.20895420201264361,0,994d54c9040caa4d,432,8.259920602900186,8,0,0,0,0,nan,-1,0,0
95,553819.0,-3811468.636547822,3566807.554884948,3652665.9106425443,0,0,0,0,0,1,1,4.83120276380741,4.394060970702723,4.890138159597874,18,0,0.09650807870128013,5.019691785494193,0.5137430272883704,0,,0.0,0.0,0,nan,0,0,,0,nan,,0.0,0.0,0,nan,nan,nan,nan,nan,nan,0,0.0,0,nan,nan,0.5137430272883704,0,0.5138043981850456,0.227587923078592,0.0020657978004209043,2,4.831163980521989,4.393996626970549,5.019691785494193,1.5710678464020085,0.09650807870128013,0.27321485315356214,0,0.227364703281666,0,f6fa57c2bd06c57a,512,7.6862177969406345,8,12,1,224,7,0.5766961897977918,211,18,17
96,553819.199999094,-3811468.636808119,3566807.5548408963,3652665.9143909067,0,0,0,0,0,1,1,4.830349910570416,4.393275226928199,4.893977517305169,18,1,0.09650807870128013,5.019348060966175,0.5189165787538619,0,,0.0,0.0,0,nan,0,0,,0,nan,,0.0,0.0,0,nan,nan,nan,nan,nan,nan,0,0.0,0,nan,nan,0.5189165787538619,0,0.5189362225411893,0.23725731905571215,0.0011619101047324225,2,4.8303375008131395,4.393254610238114,5.019348060966175,1.5747309510157785,nan,nan,0,0.23718181455960935,0,f6fa57c2bd06c57a,512,7.066037052461374,8,0,0,0,0,nan,-1,0,0
97,553819.3999989033,-3811468.6387844095,3566807.555983467,3652665.918199778,0,0,0,0,0,1,1,4.830103578865233,4.393140925569269,4.898568483565775,18,2,0.09650807870128013,5.0209986749369175,0.5237942249103308,0,,0.0,0.0,0,nan,0,0,,0,nan,,0.0,0.0,0,nan,nan,nan,nan,nan,nan,0,0.0,0,nan,nan,0.5237942249103308,0,0.5238122744240259,0.23766064756515778,0.0011138009522332218,2,4.830092085881852,4.393121952013772,5.0209986749369175,1.5825760258817991,nan,nan,0,0.23759093436855488,0,f6fa57c2bd06c57a,512,7.0418857100488275,8,0,0,0,0,nan,-1,0,0
98,553819.5999999046,-3811468.6393151586,3566807.556565854,3652665.922912061,0,0,0,0,0,1,1,4.830048742699862,4.3930680692512,4.902479296001756,18,3,0.09650807870128013,5.021187289397074,0.528358306797265,0,,0.0,0.0,0,nan,0,0,,0,nan,,0.0,0.0,0,nan,nan,nan,nan,nan,nan,0,0.0,0,nan,nan,0.528358306797265,0,0.528376172631266,0.2376997282906796,0.0011076938723718144,2,4.830037380296695,4.393049275398356,5.021187289397074,1.5915282050527608,nan,nan,0,0.23763056977394487,0,f6fa57c2bd06c57a,512,7.0395665230904,8,0,0,0,0,nan,-1,0,0
99,553819.7999999523,-3811468.641817714,3566807.556025829,3652665.9311662726,0,0,0,0,0,1,1,4.830024321739604,4.393071243990329,4.909242387919663,18,4,0.09650807870128013,5.021359757160374,0.5361145606190939,0,,0.0,0.0,0,nan,0,0,,0,nan,,0.0,0.0,0,nan,nan,nan,nan,nan,nan,0,0.0,0,nan,nan,0.5361145606190939,0,0.53613237916517,0.23770352391362579,0.0011075389628693788,2,4.830012974503305,4.393052458910971,5.021359757160374,1.600769804175733,nan,nan,0,0.23763442239589286,0,f6fa57c2bd06c57a,512,7.039327557633055,8,0,0,0,0,nan,-1,0,0
100,553820.0,-3811468.5541079477,3566807.437510714,3652665.968508439,0,0,0,0,0,1,1,4.674702718351807,4.22880123820877,4.730786090350278,18,0,0.08261153489824674,4.870813625953213,0.5185877324599877,0,,0.0,0.0,0,nan,0,0,,0,nan,,0.0,0.0,0,nan,nan,nan,nan,nan,nan,0,0.0,0,nan,nan,0.5185877324599877,0,0.5185980566147311,0.2974151444267814,0.00078479230187236,2,4.674695283218006,4.22879019246821,4.870813625953213,1.5301583551075884,0.08261153489824674,0.2516350132432009,0,0.2973546855673974,0,f6fa57c2bd06c57a,512,6.4794202041628175,8,12,1,224,7,0.836751414382891,219,18,17
101,553820.199999094,-3811468.5551112634,3566807.4387408583,3652665.9705805383,0,0,0,0,0,1,1,4.67364743231661,4.23080079418589,4.737012736466261,18,1,0.08261153489824674,4.872141507085222,0.5226939374341666,0,,0.0,0.0,0,nan,0,0,,0,nan,,0.0,0.0,0,nan,nan,nan,nan,nan,nan,0,0.0,0,nan,nan,0.5226939374341666,0,0.5227042129128385,0.31021340874738995,0.0007831213428713247,2,4.673640056872608,4.230789813786514,4.872141507085222,1.5339193345582653,nan,nan,0,0.31015081836109637,0,f6fa57c2bd06c57a,512,5.956433110274713,8,0,0,0,0,nan,-1,0,0
102,553820.3999989033,-3811468.554467566,3566807.438987627,3652665.970344634,0,0,0,0,0,1,1,4.673648679467479,4.2304213528697865,4.736208478639028,18,2,0.08261153489824674,4.871941036236305,0.5222864296790866,0,,0.0,0.0,0,nan,0,0,,0,nan,,0.0,0.0,0,nan,nan,nan,nan,nan,nan,0,0.0,0,nan,nan,0.5222864296790866,0,0.5222966893157304,0.31075695538054365,0.0007823810436780835,2,4.673641309924382,4.23041038829541,4.871941036236305,1.5419721028542017,nan,nan,0,0.31069430462736924,0,f6fa57c2bd06c57a,512,5.9358751133537435,8,0,0,0,0,nan,-1,0,0
103,553820.5999999046,-3811468.566214731,3566807.449401112,3652665.982010112,0,0,0,0,0,1,1,4.67345101718087,4.230928779836458,4.756360157979746,18,3,0.08261153489824674,4.886003146619511,0.5407681464880582,0,,0.0,0.0,0,nan,0,0,,0,nan,,0.0,0.0,0,nan,nan,nan,nan,nan,nan,0,0.0,0,nan,nan,0.5407681464880582,0,0.5407784635452975,0.31079875971208615,0.0007826544474720314,2,4.673443650050182,4.230917810638997,4.886003146619511,1.5511586485323297,nan,nan,0,0.3107361056730704,0,f6fa57c2bd06c57a,512,5.934098281595534,8,0,0,0,0,nan,-1,0,0
104,553820.7999999523,-3811468.580364131,3566807.4643471627,3652665.9947485225,0,0,0,0,0,1,1,4.6734294640375325,4.230960710074435,4.780039635860467,18,4,0.08261153489824674,4.904954528168594,0.5627341591549951,0,,0.0,0.0,0,nan,0,0,,0,nan,,0.0,0.0,0,nan,nan,nan,nan,nan,nan,0,0.0,0,nan,nan,0.5627341591549951,0,0.5627445483537343,0.3108035870414504,0.0007826614340403056,2,4.673422096598351,4.2309497406257375,4.904954528168594,1.560639325014739,nan,nan,0,0.3107409325509525,0,f6fa57c2bd06c57a,512,5.93390584152799,8,0,0,0,0,nan,-1,0,0
105,553821.0,-3811468.4539604494,3566807.306149873,3652666.019897038,0,0,0,0,0,1,1,4.488255904623841,4.054661201817605,4.575131479767411,19,0,0.10109941856354684,4.701028825705114,0.5352535637728951,0,,0.0,0.0,0,nan,0,0,,0,nan,,0.0,0.0,0,nan,nan,nan,nan,nan,nan,0,0.0,0,nan,nan,0.5352535637728951,0,0.5352651668725663,0.3726804505398856,0.0008742728827728558,2,4.488248850810346,4.05464922328187,4.701028825705114,1.4898935554101393,0.10109941856354684,0.22508718476253217,0,0.3726087793774581,0,f6fa57c2bd06c57a,512,5.225286499884599,8,12,1,224,7,0.8751661363504359,197,19,17
106,553821.199999094,-3811468.463041869,3566807.315766122,3652666.0304021374,0,0,0,0,0,1,1,4.486133551655603,4.057196614166061,4.598205726212484,19,1,0.10109941856354684,4.712981367175279,0.5549119566952351,0,,0.0,0.0,0,nan,0,0,,0,nan,,0.0,0.0,0,nan,nan,nan,nan,nan,nan,0,0.0,0,nan,nan,0.5549119566952351,0,0.5549237690822287,0.3890507632413484,0.000886178567614889,2,4.486126526344519,4.057184490405505,4.712981367175279,1.493755958423994,nan,nan,0,0.38897604619535897,0,f6fa57c2bd06c57a,512,4.795249477562658,8,0,0,0,0,nan,-1,0,0
107,553821.3999989033,-3811468.4721323354,3566807.3232537475,3652666.0398862143,0,0,0,0,0,1,1,4.485832419474459,4.057229674890684,4.613731244953801,19,2,0.10109941856354684,4.723474482020924,0.5697539092119432,0,,0.0,0.0,0,nan,0,0,,0,nan,,0.0,0.0,0,nan,nan,nan,nan,nan,nan,0,0.0,0,nan,nan,0.5697539092119432,0,0.5697657605538559,0.3897499719058996,0.0008876070292899843,2,4.485825405248266,4.057217535780396,4.723474482020924,1.5020240791443242,nan,nan,0,0.3896751501338198,0,f6fa57c2bd06c57a,512,4.778164005757008,8,0,0,0,0,nan,-1,0,0
108,553821.5999999046,-3811468.487521388,3566807.33707183,3652666.0585040287,0,0,0,0,0,1,1,4.485609011107105,4.05768257497695,4.642317865016059,19,3,0.10109941856354684,4.741889378283319,0.5970864017310098,0,,0.0,0.0,0,nan,0,0,,0,nan,,0.0,0.0,0,nan,nan,nan,nan,nan,nan,0,0.0,0,nan,nan,0.5970864017310098,0,0.5970982998338845,0.3898105043832703,0.0008890615519335965,2,4.48560199565641,4.057670415871301,4.741889378283319,1.5114534494126786,nan,nan,0,0.38973566465390314,0,f6fa57c2bd06c57a,512,4.776629107899355,8,0,0,0,0,nan,-1,0,0
109,553821.7999999523,-3811468.498966446,3566807.3479712936,3652666.0694378703,0,0,0,0,0,1,1,4.485591508394337,4.057661827585152,4.661247801351581,19,4,0.10109941856354684,4.756408538925942,0.6151012435205366,0,,0.0,0.0,0,nan,0,0,,0,nan,,0.0,0.0,0,nan,nan,nan,nan,nan,nan,0,0.0,0,nan,nan,0.6151012435205366,0,0.6151131671824294,0.38981870484942616,0.000889147590404519,2,4.485584494830018,4.0576496687100025,4.756408538925942,1.5211816072400826,nan,nan,0,0.3897438657104581,0,f6fa57c2bd06c57a,512,4.776440545174457,8,0,0,0,0,nan,-1,0,0
110,553822.0,-3811468.366795978,3566807.1951820585,3652666.079515507,0,0,0,0,0,1,1,4.327446924405805,3.9696110474469957,4.513442818290191,19,0,0.09580900580672519,4.554417796108927,0.5591881999492785,0,,0.0,0.0,0,nan,0,0,,0,nan,,0.0,0.0,0,nan,nan,nan,nan,nan,nan,0,0.0,0,nan,nan,0.5591881999492785,0,0.5592005150366555,0.45375159554402217,0.0009620398842264372,2,4.3274394840437935,3.969598366606504,4.554417796108927,1.4518613891260537,0.09580900580672519,0.23458075987996396,0,0.4536707586804363,0,f6fa57c2bd06c57a,512,4.096229301292423,8,12,1,224,7,0.8385733923688665,217,19,17
111,553822.199999094,-3811468.396445469,3566807.224230911,3652666.1126333876,0,0,0,0,0,1,1,4.323560363360623,3.9764738549099268,4.579754089202728,19,1,0.09580900580672519,4.592267392438219,0.6162998481336158,0,,0.0,0.0,0,nan,0,0,,0,nan,,0.0,0.0,0,nan,nan,nan,nan,nan,nan,0,0.0,0,nan,nan,0.6162998481336158,0,0.6163125122485436,0.4740375878860148,0.0009816273022245983,2,4.323552871597737,3.976460927564891,4.592267392438219,1.4558249861039145,nan,nan,0,0.47395317613399374,0,f6fa57c2bd06c57a,512,3.7569381686195515,8,0,0,0,0,nan,-1,0,0
112,553822.3999989033,-3811468.433035671,3566807.2606027587,3652666.149549613,0,0,0,0,0,1,1,4.322784187083252,3.9778388503644533,4.645149069337984,19,2,0.09580900580672519,4.640125253966821,0.6776483691790453,0,,0.0,0.0,0,nan,0,0,,0,nan,,0.0,0.0,0,nan,nan,nan,nan,nan,nan,0,0.0,0,nan,nan,0.6776483691790453,0,0.6776611628536254,0.47493826127165706,0.0009857294485432154,2,4.32277668338694,3.9778258722456656,4.640125253966821,1.464307366794698,nan,nan,0,0.4748537025876906,0,f6fa57c2bd06c57a,512,3.7430819275150524,8,0,0,0,0,nan,-1,0,0
113,553822.5999999046,-3811468.495169431,3566807.3239307012,3652666.2178813745,0,0,0,0,0,1,1,4.322217980159769,3.979330173406628,4.758861840996554,19,3,0.09580900580672519,4.72301200125036,0.7869076209622212,0,,0.0,0.0,0,nan,0,0,,0,nan,,0.0,0.0,0,nan,nan,nan,nan,nan,nan,0,0.0,0,nan,nan,0.6558811104148137,0,0.7869205439685814,0.4749710665490332,0.0009894830265680106,2,4.322210462589215,3.979317143566155,4.72301200125036,1.4739780586275537,nan,nan,0,0.47488645345099134,0,f6fa57c2bd06c57a,512,3.742516199725151,8,0,0,0,0,nan,-1,0,0
114,553822.7999999523,-3811468.5736154537,3566807.399910786,3652666.298941172,0,0,0,0,0,1,1,4.3221041962898425,3.979606317657148,4.894133650654775,19,4,0.09580900580672519,4.8266094848585706,0.9192228610415061,0,,0.0,0.0,0,nan,0,0,,0,nan,,0.0,0.0,0,nan,nan,nan,nan,nan,nan,0,0.0,0,nan,nan,0.5788135855602569,0,0.9192358401626881,0.4749715880822942,0.0009901621036507596,2,4.3220966764236755,3.9795932792612,4.8266094848585706,1.4839519154548166,nan,nan,0,0.47488696907709904,0,f6fa57c2bd06c57a,512,3.742499956086827,8,0,0,0,0,nan,-1,0,0
115,553823.0,-3811468.3071210613,3566807.122528986,3652666.160279836,0,0,0,0,0,1,1,4.142617038498996,4.193175832937869,4.856889811956668,19,0,0.07818896748069047,4.453110749404401,0.6766771263852897,0,,0.0,0.0,0,nan,0,0,,0,nan,,0.0,0.0,0,nan,nan,nan,nan,nan,nan,0,0.0,0,nan,nan,0.6766771263852897,0,0.6767023456512454,0.5125141284756116,0.0017202928787946141,2,4.142605835506853,4.193151119356359,4.453110749404401,1.4158440950765059,0.07818896748069047,0.5499291585600596,0,0.512399617465858,0,f6fa57c2bd06c57a,512,3.4146761593430828,8,12,1,224,7,0.8326162167101818,224,19,17
116,553823.199999094,-3811468.35837787,3566807.175700028,3652666.2083267174,0,0,0,0,0,1,1,4.127927626876654,4.212261286255612,4.987374587346828,19,1,0.07818896748069047,4.52266282746532,0.7841614511003041,0,,0.0,0.0,0,nan,0,0,,0,nan,,0.0,0.0,0,nan,nan,nan,nan,nan,nan,0,0.0,0,nan,nan,0.6598649830235902,0,0.7856949999964989,0.5370982743508983,0.032685581258195914,3,4.127393518763237,4.210809902714624,4.52266282746532,1.4199083665795802,nan,nan,0,0.5354221564473,0,f6fa57c2bd06c57a,512,3.129940418170266,8,0,0,0,0,nan,-1,0,0
117,553823.3999989033,-3811468.433264046,3566807.25222931,3652666.2826369973,0,0,0,0,0,1,1,4.124401026259356,4.2176869452464425,5.127727183479904,19,2,0.07818896748069047,4.624302905662867,0.9158394043340122,0,,0.0,0.0,0,nan,0,0,,0,nan,,0.0,0.0,0,nan,nan,nan,nan,nan,nan,0,0.0,0,nan,nan,0.5804010553512342,0,0.9173588290451805,0.5380606844115375,0.03268707060178131,3,4.123868626285741,4.216235439628169,4.624302905662867,1.428604050663526,nan,nan,0,0.5363813260880317,0,f6fa57c2bd06c57a,512,3.1189748796216556,8,0,0,0,0,nan,-1,0,0
118,553823.5999999046,-3811468.526425609,3566807.342732031,3652666.378323031,0,0,0,0,0,1,1,4.123230236372171,4.219772405330246,5.2919738973191155,19,3,0.07818896748069047,4.749034182664432,1.0757290930989094,0,,0.0,0.0,0,nan,0,0,,0,nan,,0.0,0.0,0,nan,nan,nan,nan,nan,nan,0,0.0,0,nan,nan,0.519934762402136,0,1.0772317190502356,0.5380933149338113,0.03268762210615701,3,4.122698400479025,4.218320869698347,4.749034182664432,1.4393613695508036,nan,nan,0,0.536413731740038,0,f6fa57c2bd06c57a,512,3.1185981785519434,8,0,0,0,0,nan,-1,0,0
119,553823.7999999523,-3811468.626168303,3566807.4400163204,3652666.4852314456,0,0,0,0,0,1,1,4.122883394251511,4.220363754151546,5.4679409752809,19,4,0.07818896748069047,4.885182020055159,1.2497305341613292,0,,0.0,0.0,0,nan,0,0,,0,nan,,0.0,0.0,0,nan,nan,nan,nan,nan,nan,0,0.0,0,nan,nan,0.5114699353175337,0,1.251219568471777,0.5380959777223916,0.03268777549818467,3,4.122351727176074,4.2189122045496665,4.885182020055159,1.4513607916494302,nan,nan,0,0.5364163639895024,0,f6fa57c2bd06c57a,512,3.1185669272459373,8,0,0,0,0,nan,-1,0,0
120,553824.0,-3811468.259865396,3566807.0599575657,3652666.3579538884,0,0,0,0,0,1,1,3.9612734789428727,4.682837124730551,5.4538701772375715,19,0,0.08988941241842627,4.361917432117349,0.7839273186372132,0,,0.0,0.0,0,nan,0,0,,0,nan,,0.0,0.0,0,nan,nan,nan,nan,nan,nan,0,0.0,0,nan,nan,0.6749953972732922,0,0.7850998840079921,0.5284568123191062,0.02808434171646635,3,3.960837510536336,4.681732029321894,4.361917432117349,1.373252962372899,0.08988941241842627,0.7202377201934707,3,0.5271285823765175,0,f6fa57c2bd06c57a,512,3.2793041107255876,8,12,1,224,7,0.8335423288116918,221,19,17
121,553824.199999094,-3811468.3186313105,3566807.114591428,3652666.4297831175,0,0,0,0,0,1,1,3.945688957806985,4.712601163342852,5.61549863522789,19,1,0.08988941241842627,4.439043102720355,0.913763357712876,0,,0.0,0.0,0,nan,0,0,,0,nan,,0.0,0.0,0,nan,nan,nan,nan,nan,nan,0,0.0,0,nan,nan,0.6099764770240415,0,0.9149297434441223,0.5542427837179689,0.02810832565004409,3,3.945257463779639,4.711493411528656,4.439043102720355,1.3775673270551245,nan,nan,0,0.5528471145812722,0,f6fa57c2bd06c57a,512,2.983745038717048,8,0,0,0,0,nan,-1,0,0
122,553824.3999989033,-3811468.4017194808,3566807.191496991,3652666.5269679357,0,0,0,0,0,1,1,3.9420549353824645,4.721098735366343,5.77867702660189,19,2,0.08988941241842627,4.549974274877567,1.0663649782078937,0,,0.0,0.0,0,nan,0,0,,0,nan,,0.0,0.0,0,nan,nan,nan,nan,nan,nan,0,0.0,0,nan,nan,0.561977634374754,0,1.067520816491307,0.5554476891354221,0.028114561272514903,3,3.941624499792739,4.719990272169607,4.549974274877567,1.3865624694209557,nan,nan,0,0.5540483928015048,0,f6fa57c2bd06c57a,512,2.9710261455545326,8,0,0,0,0,nan,-1,0,0
123,553824.5999999046,-3811468.469013541,3566807.2541610976,3652666.6065085335,0,0,0,0,0,1,1,3.94138715294248,4.722601879874604,5.902634963983915,19,3,0.08988941241842627,4.641685113627941,1.1876449123391355,0,,0.0,0.0,0,nan,0,0,,0,nan,,0.0,0.0,0,nan,nan,nan,nan,nan,nan,0,0.0,0,nan,nan,0.5531068130463124,0,1.188793318863307,0.5557716729794169,0.028115092921740144,3,3.940957001269524,4.721493472489839,4.641685113627941,1.396781349938426,nan,nan,0,0.5543720782204056,0,f6fa57c2bd06c57a,512,2.9676221060930756,8,0,0,0,0,nan,-1,0,0
124,553824.7999999523,-3811468.5337115326,3566807.315192017,3652666.679677825,0,0,0,0,0,1,1,3.941114754879746,4.723313927332417,6.018655124037361,19,4,0.08988941241842627,4.731626776497732,1.3018209276274388,0,,0.0,0.0,0,nan,0,0,,0,nan,,0.0,0.0,0,nan,nan,nan,nan,nan,nan,0,0.0,0,nan,nan,0.5667916432670916,0,1.302963233691317,0.5557944925769279,0.02811550318267181,3,3.9406846931173813,4.7222054914995955,4.731626776497732,1.407305432486407,nan,nan,0,0.5543948729703326,0,f6fa57c2bd06c57a,512,2.9673825165682843,8,0,0,0,0,nan,-1,0,0
125,553825.0,-3811468.213257993,3566806.992953297,3652666.4700697195,0,0,0,0,0,1,1,3.8674650553575805,5.133822957606985,5.890272139779201,18,0,0.08969191766896357,4.277212282198917,0.7693557464955366,0,,0.0,0.0,0,nan,0,0,,0,nan,,0.0,0.0,0,nan,nan,nan,nan,nan,nan,0,0.0,0,nan,nan,0.6818283458611936,0,0.770152970886995,0.542560700565797,0.022743968990552088,3,3.8671461706552117,5.13306946750597,4.277212282198917,1.341081887224252,0.08969191766896357,0.5287017041840866,1,0.5415753532194256,0,f6fa57c2bd06c57a,512,3.1577069316940793,8,12,1,224,7,0.8690715867668182,204,18,17
126,553825.199999094,-3811468.215952453,3566806.9975593677,3652666.470325392,0,0,0,0,0,1,1,3.854118256881944,5.1672566703476255,5.949408345863716,18,1,0.08969191766896357,4.282452446087192,0.7942754840829698,0,,0.0,0.0,0,nan,0,0,,0,nan,,0.0,0.0,0,nan,nan,nan,nan,nan,nan,0,0.0,0,nan,nan,0.6657520327089059,0,0.7950781519842586,0.567967847161498,0.022780509955769423,3,3.85380092387134,5.166498683266221,4.282452446087192,1.345371540844225,nan,nan,0,0.5669300770751855,0,f6fa57c2bd06c57a,512,2.883509886858127,8,0,0,0,0,nan,-1,0,0
127,553825.3999989033,-3811468.238187265,3566807.0211028242,3652666.4891943247,0,0,0,0,0,1,1,3.8518520152863913,5.173603970939524,5.99605464083504,18,2,0.08969191766896357,4.314483734331186,0.8328912764557009,0,,0.0,0.0,0,nan,0,0,,0,nan,,0.0,0.0,0,nan,nan,nan,nan,nan,nan,0,0.0,0,nan,nan,0.6386639947806289,0,0.8336922974909776,0.5699236326478544,0.022785274521488312,3,3.851535123502717,5.172845623674548,4.314483734331186,1.354545942352799,nan,nan,0,0.5688824908719758,0,f6fa57c2bd06c57a,512,2.8640055643983806,8,0,0,0,0,nan,-1,0,0
128,553825.5999999046,-3811468.261695421,3566807.0505434126,3652666.5058137137,0,0,0,0,0,1,1,3.851198253041721,5.17564723806626,6.038101056480596,18,3,0.08969191766896357,4.351916627772232,0.8708740819945032,0,,0.0,0.0,0,nan,0,0,,0,nan,,0.0,0.0,0,nan,nan,nan,nan,nan,nan,0,0.0,0,nan,nan,0.6098833403804234,0,0.8716739863621393,0.570112611765673,0.02278678087658097,3,3.8508814781864427,5.174888757958727,4.351916627772232,1.3649945563252466,nan,nan,0,0.5690711447540271,0,f6fa57c2bd06c57a,512,2.8621320930323395,8,0,0,0,0,nan,-1,0,0
129,553825.7999999523,-3811468.278472328,3566807.074131695,3652666.5131957456,0,0,0,0,0,1,1,3.8510330560717763,5.176204235938061,6.065133181303713,18,4,0.08969191766896357,4.3806593548427015,0.8956972828721144,0,,0.0,0.0,0,nan,0,0,,0,nan,,0.0,0.0,0,nan,nan,nan,nan,nan,nan,0,0.0,0,nan,nan,0.5879201998976594,0,0.8964964901910374,0.5701713095864506,0.022787108504524742,3,3.8507163166863103,5.175445736839432,4.3806593548427015,1.3757587604714319,nan,nan,0,0.5691297913642385,0,f6fa57c2bd06c57a,512,2.861551280074992,8,0,0,0,0,nan,-1,0,0
130,553826.0,-3811468.1517025777,3566806.937944159,3652666.5636500316,0,0,0,0,0,1,1,3.857013245578658,5.2971485600642385,5.915966385510824,19,0,0.10437133364055624,4.194577476519986,0.6343445721618696,0,,0.0,0.0,0,nan,0,0,,0,nan,,0.0,0.0,0,nan,nan,nan,nan,nan,nan,0,0.0,0,nan,nan,0.6343445721618696,0,0.6348623458071827,0.5805141300226753,0.018350839471337827,3,3.856779863564564,5.296653612095163,4.194577476519986,1.3114539874734326,0.10437133364055624,0.11782175146010418,0,0.5797969233420286,0,f6fa57c2bd06c57a,512,2.796483937673149,8,12,1,224,7,0.8693775796545627,204,19,17
131,553826.199999094,-3811468.159587029,3566806.949774481,3652666.568268415,0,0,0,0,0,1,1,3.8571589622034175,5.314445201270587,5.945868363315383,19,1,0.10437133364055624,4.208702179491958,0.6454567648532615,0,,0.0,0.0,0,nan,0,0,,0,nan,,0.0,0.0,0,nan,nan,nan,nan,nan,nan,0,0.0,0,nan,nan,0.6454567648532615,0,0.6459755736377762,0.6088708081153112,0.018355738792894875,3,3.856925210468363,5.31394975489064,4.208702179491958,1.3158415864574493,nan,nan,0,0.6081185965290281,0,f6fa57c2bd06c57a,512,2.5437974445761418,8,0,0,0,0,nan,-1,0,0
132,553826.3999989033,-3811468.1752835745,3566806.9684575084,3652666.582082078,0,0,0,0,0,1,1,3.857625457816439,5.317978161466,5.975879376587724,19,2,0.10437133364055624,4.233177470332,0.6703148514341902,0,,0.0,0.0,0,nan,0,0,,0,nan,,0.0,0.0,0,nan,nan,nan,nan,nan,nan,0,0.0,0,nan,nan,0.6703148514341902,0,0.6708333164820601,0.61042290138255,0.018356275064467725,3,3.8573915796079468,5.3174826625640605,4.233177470332,1.3252205081739585,nan,nan,0,0.6096687910926573,0,f6fa57c2bd06c57a,512,2.5310511779005647,8,0,0,0,0,nan,-1,0,0
133,553826.5999999046,-3811468.186702761,3566806.98243011,3652666.5923306453,0,0,0,0,0,1,1,3.857855519894375,5.318822589231682,5.996578759226646,19,3,0.10437133364055624,4.251301327647518,0.6890911298148521,0,,0.0,0.0,0,nan,0,0,,0,nan,,0.0,0.0,0,nan,nan,nan,nan,nan,nan,0,0.0,0,nan,nan,0.6890911298148521,0,0.6896093363580558,0.6106161894249107,0.018356294035581006,3,3.8576215974150148,5.318327086837305,4.251301327647518,1.335898510189637,nan,nan,0,0.6098618521964013,0,f6fa57c2bd06c57a,512,2.5294750953305996,8,0,0,0,0,nan,-1,0,0
134,553826.7999999523,-3811468.1878019567,3566806.985637567,3652666.589243545,0,0,0,0,0,1,1,3.857958035601907,5.319006261213322,5.996847591735163,19,4,0.10437133364055624,4.254421475626382,0.6884719065251099,0,,0.0,0.0,0,nan,0,0,,0,nan,,0.0,0.0,0,nan,nan,nan,nan,nan,nan,0,0.0,0,nan,nan,0.6884719065251099,0,0.6889904022662506,0.6106604079403671,0.018356248281824576,3,3.857724096871076,5.318510763857362,4.254421475626382,1.3468952651177057,nan,nan,0,0.6099060230598881,0,f6fa57c2bd06c57a,512,2.5291164435401337,8,0,0,0,0,nan,-1,0,0
135,553827.0,-3811468.111643901,3566806.9077284085,3652666.6593171554,0,0,0,0,0,1,1,3.850616905422545,5.307969453900453,5.852315110497573,19,0,0.09857460373214366,4.146925816126614,0.56355634195259,0,,0.0,0.0,0,nan,0,0,,0,nan,,0.0,0.0,0,nan,nan,nan,nan,nan,nan,0,0.0,0,nan,nan,0.4606242173877418,1,0.563545602163591,0.6209859937400489,0.0028663203755372223,3,3.8506353704954845,5.3079839304738154,4.146925816126614,1.2831498675486563,0.09857460373214366,0.09671186119271143,0,0.6205909230191536,0,f6fa57c2bd06c57a,512,2.479804052291488,8,12,1,224,7,0.4606242173877418,224,19,17
136,553827.199999094,-3811468.0940148463,3566806.8905580505,3652666.641000069,0,0,0,0,0,1,1,3.853035220863805,5.31093744276256,5.821861451540427,19,1,0.09857460373214366,4.121989119095179,0.5321901465520315,0,,0.0,0.0,0,nan,0,0,,0,nan,,0.0,0.0,0,nan,nan,nan,nan,nan,nan,0,0.0,0,nan,nan,0.4322183637319364,1,0.5322051004987091,0.6509036496372628,0.002122075611275425,3,3.853028940156252,5.310923341097506,4.121989119095179,1.287633609556804,nan,nan,0,0.6506479803093592,0,f6fa57c2bd06c57a,512,2.257380358978001,8,0,0,0,0,nan,-1,0,0
137,553827.3999989033,-3811468.078006212,3566806.8730734205,3652666.6263896944,0,0,0,0,0,1,1,3.8533622627068955,5.312652894731166,5.795875092548235,19,2,0.09857460373214366,4.098010376793993,0.5070551336167058,0,,0.0,0.0,0,nan,0,0,,0,nan,,0.0,0.0,0,nan,nan,nan,nan,nan,nan,0,0.0,0,nan,nan,0.4102867326353818,1,0.5070710770661978,0.6523744927243733,0.0020809968986790625,3,3.8533550284557623,5.312637681827848,4.098010376793993,1.297216416217571,nan,nan,0,0.652124251728573,0,f6fa57c2bd06c57a,512,2.2472944932150085,8,0,0,0,0,nan,-1,0,0
138,553827.5999999046,-3811468.073391289,3566806.8684036015,3652666.622026189,0,0,0,0,0,1,1,3.8533312397540023,5.31348162934306,5.788990947328956,19,3,0.09857460373214366,4.091385907821337,0.5000452343005839,0,,0.0,0.0,0,nan,0,0,,0,nan,,0.0,0.0,0,nan,nan,nan,nan,nan,nan,0,0.0,0,nan,nan,0.40466651852266305,1,0.5000613404322681,0.6525056102349591,0.0020712908978307654,3,3.853323838766285,5.313466227735689,4.091385907821337,1.3081230098219792,nan,nan,0,0.652255899758425,0,f6fa57c2bd06c57a,512,2.2463946446342034,8,0,0,0,0,nan,-1,0,0
139,553827.7999999523,-3811468.072745622,3566806.869852144,3652666.622304268,0,0,0,0,0,1,1,3.8533536409958735,5.313659161612434,5.789835079659558,19,4,0.09857460373214366,4.092071765221815,0.5006358161825282,0,,0.0,0.0,0,nan,0,0,,0,nan,,0.0,0.0,0,nan,nan,nan,nan,nan,nan,0,0.0,0,nan,nan,0.405309163588397,1,0.5006519483136114,0.652518597431313,0.002069692248094711,3,3.8533462196935133,5.31364373851366,4.092071765221815,1.3193512865544206,nan,nan,0,0.6522689411188045,0,f6fa57c2bd06c57a,512,2.2463054317254074,8,0,0,0,0,nan,-1,0,0
140,553828.0,-3811468.0661813403,3566806.8627250856,3652666.7517490285,0,0,0,0,0,1,1,3.8186154811492856,5.20325416164306,5.691473398636357,19,0,0.08938931574877321,4.086669609186195,0.5092816935163574,0,,0.0,0.0,0,nan,0,0,,0,nan,,0.0,0.0,0,nan,nan,nan,nan,nan,nan,0,0.0,0,nan,nan,0.47428237061155676,1,0.5092877619363014,0.6421786753412823,0.0017453795795769546,3,3.818622345459704,5.203251663326996,4.086669609186195,1.2560395952379817,0.08938931574877321,0.09337008776853428,0,0.6417514285401323,0,f6fa57c2bd06c57a,512,2.329822878951184,8,12,1,224,7,0.47931513171321105,221,19,17
141,553828.199999094,-3811468.071403873,3566806.866550798,3652666.7560254876,0,0,0,0,0,1,1,3.822263206496015,5.202237307998361,5.692747720509161,19,1,0.08938931574877321,4.093174758981942,0.5111655902669948,0,,0.0,0.0,0,nan,0,0,,0,nan,,0.0,0.0,0,nan,nan,nan,nan,nan,nan,0,0.0,0,nan,nan,0.475495959948514,1,0.5111806870382648,0.6723709627556419,0.0014843322158972895,3,3.82225618486189,5.202222947317492,4.093174758981942,1.2606199405867662,nan,nan,0,0.6720947464904644,0,f6fa57c2bd06c57a,512,2.1253570321663515,8,0,0,0,0,nan,-1,0,0
142,553828.3999989033,-3811468.0737366793,3566806.8712654174,3652666.757193967,0,0,0,0,0,1,1,3.8230273931565537,5.202224913167895,5.69617299389664,19,2,0.08938931574877321,4.098326032270089,0.513785906746898,0,,0.0,0.0,0,nan,0,0,,0,nan,,0.0,0.0,0,nan,nan,nan,nan,nan,nan,0,0.0,0,nan,nan,0.47772882512792947,1,0.5138013441760719,0.6738248425693933,0.00146883270441193,3,3.823019770213259,5.202210085849671,4.098326032270089,1.2704065723485602,nan,nan,0,0.6735551442006691,0,f6fa57c2bd06c57a,512,2.116256378177671,8,0,0,0,0,nan,-1,0,0
143,553828.5999999046,-3811468.07287442,3566806.869024292,3652666.75345029,0,0,0,0,0,1,1,3.823339546681131,5.201988616673005,5.691295474766989,19,3,0.08938931574877321,4.095879325702708,0.50897886165923,0,,0.0,0.0,0,nan,0,0,,0,nan,,0.0,0.0,0,nan,nan,nan,nan,nan,nan,0,0.0,0,nan,nan,0.47259939006160756,1,0.5089942590537031,0.6739676889035292,0.001468581964705121,3,3.82333192733865,5.20197381999771,4.095879325702708,1.2815413639290947,nan,nan,0,0.6736985928102269,0,f6fa57c2bd06c57a,512,2.115368395893702,8,0,0,0,0,nan,-1,0,0
144,553828.7999999523,-3811468.072885572,3566806.8682263196,3652666.7582660215,0,0,0,0,0,1,1,3.8233918705998473,5.202027693780833,5.694046754211204,19,4,0.08938931574877321,4.09552060330058,0.512651504060521,0,,0.0,0.0,0,nan,0,0,,0,nan,,0.0,0.0,0,nan,nan,nan,nan,nan,nan,0,0.0,0,nan,nan,0.4766651673537882,1,0.5126669147230939,0.673981519633409,0.001468287875321238,3,3.8233842474320165,5.202012882589492,4.09552060330058,1.293000496976616,nan,nan,0,0.6737124937542327,0,f6fa57c2bd06c57a,512,2.115281592828064,8,0,0,0,0,nan,-1,0,0
145,553829.0,-3811468.017554418,3566806.811584417,3652666.8119255626,0,0,0,0,0,1,1,3.7440970636666044,5.059017472461718,5.547042366255168,18,0,0.06618040356829674,4.019729389049064,0.508774745629784,0,,0.0,0.0,0,nan,0,0,,0,nan,,0.0,0.0,0,nan,nan,nan,nan,nan,nan,0,0.0,0,nan,nan,0.4524069057120735,1,0.5087657364449768,0.6856864441620069,0.001729402497551569,3,3.744112754471657,5.0590299000104855,4.019729389049064,1.23087193110204,0.06618040356829674,0.051197964908721645,0,0.685249824570783,0,f6fa57c2bd06c57a,512,2.072146594895128,8,12,1,224,7,0.45430122044196425,213,18,17
146,553829.199999094,-3811468.0165300644,3566806.8080750396,3652666.8104859213,0,0,0,0,0,1,1,3.742638873791033,5.061689449326782,5.548157189626425,18,1,0.06618040356829674,4.016309146082557,0.5075494130887187,0,,0.0,0.0,0,nan,0,0,,0,nan,,0.0,0.0,0,nan,nan,nan,nan,nan,nan,0,0.0,0,nan,nan,0.45553877820096184,1,0.5075551226586752,0.7165049737604543,0.0012411274877667771,3,3.7426374681355288,5.0616844713293885,4.016309146082557,1.235545772389991,nan,nan,0,0.7162224045414628,0,f6fa57c2bd06c57a,512,1.897441749832551,8,0,0,0,0,nan,-1,0,0
147,553829.3999989033,-3811468.014394675,3566806.8054189156,3652666.8067850103,0,0,0,0,0,1,1,3.742754113184035,5.061000854815658,5.542232905212141,18,2,0.06618040356829674,4.012672954542102,0.5023803444731832,0,,0.0,0.0,0,nan,0,0,,0,nan,,0.0,0.0,0,nan,nan,nan,nan,nan,nan,0,0.0,0,nan,nan,0.4504125526404887,1,0.5023865372448237,0.7179696160243648,0.0012147704646977326,3,3.7427520240946217,5.060995263917724,4.012672954542102,1.2455294838489075,nan,nan,0,0.7176939281424489,0,f6fa57c2bd06c57a,512,1.8897323705758304,8,0,0,0,0,nan,-1,0,0
148,553829.5999999046,-3811468.0146250697,3566806.803597285,3652666.804401425,0,0,0,0,0,1,1,3.74269614958616,5.0610369101835735,5.539804631685444,18,3,0.06618040356829674,4.0112892774506035,0.4997700967769087,0,,0.0,0.0,0,nan,0,0,,0,nan,,0.0,0.0,0,nan,nan,nan,nan,nan,nan,0,0.0,0,nan,nan,0.4482030017942782,1,0.499776378853169,0.7181051729220563,0.0012091332061457212,3,3.742693968058203,5.061031216019848,4.0112892774506035,1.2568846948071117,nan,nan,0,0.7178301332448009,0,f6fa57c2bd06c57a,512,1.8890207917295678,8,0,0,0,0,nan,-1,0,0
149,553829.7999999523,-3811468.0067259683,3566806.792402367,3652666.796458958,0,0,0,0,0,1,1,3.742729035350276,5.060926152464566,5.524190092080554,18,4,0.06618040356829674,3.99718053721089,0.48582756635101343,0,,0.0,0.0,0,nan,0,0,,0,nan,,0.0,0.0,0,nan,nan,nan,nan,nan,nan,0,0.0,0,nan,nan,0.435079996069703,1,0.4858338508939385,0.7181233922770561,0.0012093696267845859,3,3.7427268646488363,5.060920470742714,3.99718053721089,1.2685665783557698,nan,nan,0,0.717848426727236,0,f6fa57c2bd06c57a,512,1.8889258205981743,8,0,0,0,0,nan,-1,0,0
150,553830.0,-3811467.985260387,3566806.771353855,3652666.878964111,0,0,0,0,0,1,1,3.705413930112592,4.935937212666118,5.4030003838471705,18,0,0.053549020670663715,3.973227598342918,0.48899151080272596,0,,0.0,0.0,0,nan,0,0,,0,nan,,0.0,0.0,0,nan,nan,nan,nan,nan,nan,0,0.0,0,nan,nan,0.4339881064267773,1,0.48898003934655276,0.7219887070344071,0.0015643567464850882,3,3.7054303334090433,4.935951936416466,3.973227598342918,1.2066205478812713,0.053549020670663715,0.09588026818371093,0,0.7215484031404059,0,f6fa57c2bd06c57a,512,1.8855458506285938,8,12,1,224,7,0.43699364833255777,209,18,17
151,553830.199999094,-3811467.9851125004,3566806.768358622,3652666.880671127,0,0,0,0,0,1,1,3.7061018716963168,4.937917299412735,5.403788527481263,18,1,0.053549020670663715,3.971003122751979,0.4887639495630573,0,,0.0,0.0,0,nan,0,0,,0,nan,,0.0,0.0,0,nan,nan,nan,nan,nan,nan,0,0.0,0,nan,nan,0.4378714919985831,1,0.48876629361674656,0.7543467659107101,0.0010789782495626214,3,3.7061024343649684,4.937915704063493,3.971003122751979,1.2113879539230077,nan,nan,0,0.754062146081732,0,f6fa57c2bd06c57a,512,1.7269700626772664,8,0,0,0,0,nan,-1,0,0
152,553830.3999989033,-3811467.9863232654,3566806.7665131297,3652666.883861564,0,0,0,0,0,1,1,3.706505057707635,4.93764753661811,5.4046828928923,18,2,0.053549020670663715,3.9706548931090153,0.49074646495044516,0,,0.0,0.0,0,nan,0,0,,0,nan,,0.0,0.0,0,nan,nan,nan,nan,nan,nan,0,0.0,0,nan,nan,0.4407690640653428,1,0.4907494004969464,0.7558480710307958,0.0010487794222942448,3,3.7065049154854806,4.937645235867925,3.9706548931090153,1.2215691181494948,nan,nan,0,0.7555704487987934,0,f6fa57c2bd06c57a,512,1.7201302708161268,8,0,0,0,0,nan,-1,0,0
153,553830.5999999046,-3811467.9856298915,3566806.764454131,3652666.8898634403,0,0,0,0,0,1,1,3.7066064287954186,4.937607821961123,5.407062639292708,18,3,0.053549020670663715,3.969153137695144,0.4948013304152205,0,,0.0,0.0,0,nan,0,0,,0,nan,,0.0,0.0,0,nan,nan,nan,nan,nan,nan,0,0.0,0,nan,nan,0.44570268378108213,1,0.4948043713001172,0.7559914482834226,0.0010446356449189248,3,3.706606219783467,4.937605426866158,3.969153137695144,1.2331449834508021,nan,nan,0,0.7557144943708819,0,f6fa57c2bd06c57a,512,1.7194793424680543,8,0,0,0,0,nan,-1,0,0
154,553830.7999999523,-3811467.9903496564,3566806.765487584,3652666.8982066484,0,0,0,0,0,1,1,3.706621164156477,4.937629659140442,5.415491101303163,18,4,0.053549020670663715,3.9737126486476058,0.503967802342478,0,,0.0,0.0,0,nan,0,0,,0,nan,,0.0,0.0,0,nan,nan,nan,nan,nan,nan,0,0.0,0,nan,nan,0.45509294517011534,1,0.5039708681455429,0.7560043724121471,0.0010430216714255886,3,3.7066209346760544,4.93762723960195,3.9737126486476058,1.2450496285497097,nan,nan,0,0.7557274822985681,0,f6fa57c2bd06c57a,512,1.7194205526530701,8,0,0,0,0,nan,-1,0,0
155,553831.0,-3811467.941213719,3566806.7208671384,3652666.943855947,0,0,0,0,0,1,1,3.629067005928619,4.80785975851225,5.285965730854099,19,0,0.045751172293329055,3.9124282073757004,0.49982099674415087,0,,0.0,0.0,0,nan,0,0,,0,nan,,0.0,0.0,0,nan,nan,nan,nan,nan,nan,0,0.0,0,nan,nan,0.45225960298943085,1,0.49981454847717466,0.746974259432303,0.001498439038716479,3,3.6290805068875462,4.807869501678463,3.9124282073757004,1.182481384915011,0.045751172293329055,0.07387401011273749,0,0.7465321800016049,0,f6fa57c2bd06c57a,512,1.7687933387078845,8,12,1,224,7,0.4542686615739669,209,19,17
156,553831.199999094,-3811467.9375429526,3566806.7170734573,3652666.936109979,0,0,0,0,0,1,1,3.6293089944087717,4.804893215947688,5.273563828073329,19,1,0.045751172293329055,3.906416893204607,0.4900936216025352,0,,0.0,0.0,0,nan,0,0,,0,nan,,0.0,0.0,0,nan,nan,nan,nan,nan,nan,0,0.0,0,nan,nan,0.4391273646438393,1,0.4900978586391223,0.7804468907112584,0.001151014985422464,3,3.6293086803088923,4.80488983830475,3.906416893204607,1.1873457377292325,nan,nan,0,0.7801609408962034,0,f6fa57c2bd06c57a,512,1.620079691813139,8,0,0,0,0,nan,-1,0,0
157,553831.3999989033,-3811467.9339334266,3566806.7150494764,3652666.923380547,0,0,0,0,0,1,1,3.629055539809396,4.804936403541777,5.26252002642132,19,2,0.045751172293329055,3.9013209807799902,0.47751491496751364,0,,0.0,0.0,0,nan,0,0,,0,nan,,0.0,0.0,0,nan,nan,nan,nan,nan,nan,0,0.0,0,nan,nan,0.42527924261760164,1,0.4775195714546835,0.7819911488728014,0.0011338618518615567,3,3.629054575003016,4.804932463756639,3.9013209807799902,1.197731291984316,nan,nan,0,0.7817122742796011,0,f6fa57c2bd06c57a,512,1.6136997504857449,8,0,0,0,0,nan,-1,0,0
158,553831.5999999046,-3811467.934313512,3566806.716264473,3652666.924297403,0,0,0,0,0,1,1,3.6288960806083463,4.805185403165239,5.264496451142877,19,3,0.045751172293329055,3.9025741748056184,0.47913776983168793,0,,0.0,0.0,0,nan,0,0,,0,nan,,0.0,0.0,0,nan,nan,nan,nan,nan,nan,0,0.0,0,nan,nan,0.4272096295172722,1,0.47914254280471924,0.7821492720006162,0.0011321351305609054,3,3.628895051857349,4.805181350386088,3.9025741748056184,1.2095353202027972,nan,nan,0,0.7818711135028966,0,f6fa57c2bd06c57a,512,1.613048563483936,8,0,0,0,0,nan,-1,0,0
159,553831.7999999523,-3811467.9425369482,3566806.7217578874,3652666.9313570894,0,0,0,0,0,1,1,3.628851238384311,4.805244083576009,5.275786553086618,19,4,0.045751172293329055,3.9119685797088577,0.4898510873003939,0,,0.0,0.0,0,nan,0,0,,0,nan,,0.0,0.0,0,nan,nan,nan,nan,nan,nan,0,0.0,0,nan,nan,0.4375243933736643,1,0.48985585376278284,0.7821664817623586,0.0011317297587401258,3,3.6288501954223684,4.805240015187066,3.9119685797088577,1.2216700533079259,nan,nan,0,0.781888401652734,0,f6fa57c2bd06c57a,512,1.6129776620677885,8,0,0,0,0,nan,-1,0,0
160,553832.0,-3811467.8971034507,3566806.660175587,3652667.001338215,0,0,0,0,0,1,1,3.5420265617158435,4.66555162486019,5.1578292351717865,19,0,0.053054975301947395,3.843556512390465,0.5137738312867007,0,,0.0,0.0,0,nan,0,0,,0,nan,,0.0,0.0,0,nan,nan,nan,nan,nan,nan,0,0.0,0,nan,nan,0.4606853042887445,1,0.5137666910424674,0.7631494684827994,0.001621356101160301,3,3.5420411272158576,4.66556221761561,3.843556512390465,1.1592398702399043,0.053054975301947395,0.07174449441085436,0,0.7627114493376278,0,f6fa57c2bd06c57a,512,1.6978405389312878,8,12,1,224,7,0.4622264526433527,211,19,17
161,553832.2000000477,-3811467.923542705,3566806.6856013197,3652667.027341143,0,0,0,0,0,1,1,3.537943636480377,4.673443414174352,5.2153084285072735,19,1,0.053054975301947395,3.882917288575281,0.5605449360069652,0,,0.0,0.0,0,nan,0,0,,0,nan,,0.0,0.0,0,nan,nan,nan,nan,nan,nan,0,0.0,0,nan,nan,0.5154262883786354,0,0.5605514201427942,0.7966687609178453,0.0011358037162360005,3,3.537941474166885,4.673437626768289,3.882917288575281,1.1642015862100588,nan,nan,0,0.7963836131919988,0,f6fa57c2bd06c57a,512,1.5577403508937655,8,0,0,0,0,nan,-1,0,0
162,553832.3999989033,-3811467.97635213,3566806.736962265,3652667.0881054373,0,0,0,0,0,1,1,3.536502848699991,4.676230149110723,5.315730978782877,19,2,0.053054975301947395,3.9636450512398866,0.6553750798012394,0,,0.0,0.0,0,nan,0,0,,0,nan,,0.0,0.0,0,nan,nan,nan,nan,nan,nan,0,0.0,0,nan,nan,0.6158529986908019,0,0.6553829072859694,0.7978637850513922,0.0010851219605059583,3,3.5364994785204575,4.676222867341243,3.9636450512398866,1.1747917570804605,nan,nan,0,0.7975840215259743,0,f6fa57c2bd06c57a,512,1.5530830824130593,8,0,0,0,0,nan,-1,0,0
163,553832.5999999046,-3811468.0341906943,3566806.7926369924,3652667.153666211,0,0,0,0,0,1,1,3.5363910490045463,4.676288379189567,5.418378896979437,19,3,0.053054975301947395,4.051940813799846,0.7555631869511091,0,,0.0,0.0,0,nan,0,0,,0,nan,,0.0,0.0,0,nan,nan,nan,nan,nan,nan,0,0.0,0,nan,nan,0.6575674014544404,0,0.7555711421406142,0.7980147828487457,0.001076453766404726,3,3.536387487219566,4.676280886682276,4.051940813799846,1.1868239656301016,nan,nan,0,0.7977356953982917,0,f6fa57c2bd06c57a,512,1.5524966180388493,8,0,0,0,0,nan,-1,0,0
164,553832.7999989986,-3811468.0931589496,3566806.8458652617,3652667.2118589464,0,0,0,0,0,1,1,3.536379941103792,4.6762495329336025,5.518312078111911,19,4,0.053054975301947395,4.139193567746055,0.8535400642828808,0,,0.0,0.0,0,nan,0,0,,0,nan,,0.0,0.0,0,nan,nan,nan,nan,nan,nan,0,0.0,0,nan,nan,0.6079101883009222,0,0.8535480070842701,0.7980374301153822,0.0010741607910234843,3,3.5363763324660233,4.676241995925621,4.139193567746055,1.199188445176101,nan,nan,0,0.7977584440108751,0,f6fa57c2bd06c57a,512,1.5524087439945582,8,0,0,0,0,nan,-1,0,0
165,553833.0,-3811467.8769136514,3566806.585056034,3652667.0628408715,0,0,0,0,0,1,1,3.368649610127086,4.872102273933883,5.508245525757731,18,0,0.047267940201068906,3.783660693091006,0.6553366307137998,0,,0.0,0.0,0,nan,0,0,,0,nan,,0.0,0.0,0,nan,nan,nan,nan,nan,nan,0,0.0,0,nan,nan,0.5260525806673995,0,0.6553535879278571,0.7632288425746792,0.005868082281208255,4,3.368660367826187,4.8720918392596175,3.783660693091006,1.1373604200894354,0.047267940201068906,0.36198271512667823,0,0.76265326341844,0,f6fa57c2bd06c57a,512,1.6968195132832398,8,12,1,224,7,0.49834613600643557,208,18,16
166,553833.2000000477,-3811467.942841122,3566806.6108432873,3652667.1120599834,0,0,0,0,0,1,1,3.349047153847733,4.89118595041026,5.636008652975201,18,1,0.047267940201068906,3.854746832013611,0.7609411374579367,0,,0.0,0.0,0,nan,0,0,,0,nan,,0.0,0.0,0,nan,nan,nan,nan,nan,nan,0,0.0,0,nan,nan,0.6446587502815376,0,0.7609922717433847,0.7966957348879012,0.005392039635567794,4,3.349025008942958,4.891138055245651,3.854746832013611,1.1424217871181015,nan,nan,0,0.7962681559891613,0,f6fa57c2bd06c57a,512,1.5570507593190517,8,0,0,0,0,nan,-1,0,0
167,553833.3999989033,-3811468.0480415085,3566806.6463518525,3652667.1859335355,0,0,0,0,0,1,1,3.344698384292083,4.895480680708034,5.772089162175528,18,2,0.047267940201068906,3.963573068034506,0.8899237313428747,0,,0.0,0.0,0,nan,0,0,,0,nan,,0.0,0.0,0,nan,nan,nan,nan,nan,nan,0,0.0,0,nan,nan,0.6148816947653015,0,0.8899767650132645,0.7981366956025817,0.00536874024238814,4,3.344674383787393,4.895430416552037,3.963573068034506,1.1532131646327353,nan,nan,0,0.7977158062788822,0,f6fa57c2bd06c57a,512,1.5514438342207912,8,0,0,0,0,nan,-1,0,0
168,553833.5999999046,-3811468.164357494,3566806.663408221,3652667.2313815723,0,0,0,0,0,1,1,3.3438276110002287,4.895931382372411,5.874802713751717,18,3,0.047267940201068906,4.058980586629926,0.9886118294328831,0,,0.0,0.0,0,nan,0,0,,0,nan,,0.0,0.0,0,nan,nan,nan,nan,nan,nan,0,0.0,0,nan,nan,0.5639857123787195,0,0.988664663699087,0.7983710012972232,0.0053656095835729915,4,3.343803343391629,4.895880914971594,4.058980586629926,1.1654685053963985,nan,nan,0,0.797951890076593,0,f6fa57c2bd06c57a,512,1.55053115500469,8,0,0,0,0,nan,-1,0,0
169,553833.7999989986,-3811468.339641392,3566806.6803187616,3652667.3166121943,0,0,0,0,0,1,1,3.343307657238124,4.8966924505471585,6.039818000383368,18,4,0.047267940201068906,4.20174968702978,1.1516545643106584,0,,0.0,0.0,0,nan,0,0,,0,nan,,0.0,0.0,0,nan,nan,nan,nan,nan,nan,0,0.0,0,nan,nan,0.5306568212253197,0,1.1517068348097157,0.7982888272780502,0.005364589844721257,4,3.3432833074719865,4.896641823960371,4.20174968702978,1.178280152302728,nan,nan,0,0.7978691230217946,0,f6fa57c2bd06c57a,512,1.5508513714987502,8,0,0,0,0,nan,-1,0,0
170,553834.0,-3811468.1819686536,3566806.3127259864,3652666.9904269995,0,0,0,0,0,1,1,3.234485696285339,5.271047495933873,6.079798042507498,19,0,0.05682785282250618,3.773263474308673,0.828309464734913,0,,0.0,0.0,0,nan,0,0,,0,nan,,0.0,0.0,0,nan,nan,nan,nan,nan,nan,0,0.0,0,nan,nan,0.6618635472047592,0,0.8288563860227371,0.793962673389232,0.022402397988714157,5,3.233831835632319,5.2704201969856195,3.773263474308673,1.1146720770202667,0.05682785282250618,0.7585077761725596,1,0.7923295602013262,0,f6fa57c2bd06c57a,512,1.5804831495330836,8,12,1,224,7,0.8661692172986716,211,19,16
171,553834.2000000477,-3811468.3609831757,3566806.2911363347,3652667.0129717146,0,0,0,0,0,1,1,3.2078338603689747,5.306164290958031,6.261165152777496,19,1,0.05682785282250618,3.868069932031674,0.971264202273902,0,,0.0,0.0,0,nan,0,0,,0,nan,,0.0,0.0,0,nan,nan,nan,nan,nan,nan,0,0.0,0,nan,nan,0.5985604262874862,0,0.9715780385759223,0.8239061285803795,0.016100725782884528,5,3.207491630302089,5.305819755188878,3.868069932031674,1.1207849122552709,nan,nan,0,0.822873589310472,0,f6fa57c2bd06c57a,512,1.4656317421150145,8,0,0,0,0,nan,-1,0,0
172,553834.3999989033,-3811468.5935654556,3566806.291800705,3652667.0650551766,0,0,0,0,0,1,1,3.20124595072591,5.314965121515511,6.45067762101507,19,2,0.05682785282250618,4.016028926985504,1.149567853724436,0,,0.0,0.0,0,nan,0,0,,0,nan,,0.0,0.0,0,nan,nan,nan,nan,nan,nan,0,0.0,0,nan,nan,0.5622648346740847,0,1.149871085119177,0.8257154349934083,0.015668226038635574,5,3.200919199490771,5.314634388515577,4.016028926985504,1.1344753920671016,nan,nan,0,0.824719756545511,0,f6fa57c2bd06c57a,512,1.4591058731772613,8,0,0,0,0,nan,-1,0,0
173,553834.5999999046,-3811468.8537251814,3566806.2975220517,3652667.1028132853,0,0,0,0,0,1,1,3.1992135779073196,5.3177882527387785,6.634467523048352,19,3,0.05682785282250618,4.177159762217223,1.3275533294251742,0,,0.0,0.0,0,nan,0,0,,0,nan,,0.0,0.0,0,nan,nan,nan,nan,nan,nan,0,0.0,0,nan,nan,0.5719781718035227,0,1.327857541254896,0.825935035375203,0.015614730260488666,5,3.198887616241335,5.317458508821133,4.177159762217223,1.1514234305888231,nan,nan,0,0.8249435988834234,0,f6fa57c2bd06c57a,512,1.4583174476980822,8,0,0,0,0,nan,-1,0,0
174,553834.7999989986,-3811469.114811977,3566806.323649526,3652667.122325002,0,0,0,0,0,1,1,3.1984159921310282,5.318941182801662,6.813729067694002,19,4,0.05682785282250618,4.345613150211294,1.5021150676588466,0,,0.0,0.0,0,nan,0,0,,0,nan,,0.0,0.0,0,nan,nan,nan,nan,nan,nan,0,0.0,0,nan,nan,0.6252721625509878,0,1.5024235888550581,0.8260007879611976,0.015608277093294395,5,3.1980901404724995,5.318611609941825,4.345613150211294,1.1711677443423605,nan,nan,0,0.8250105999357241,0,f6fa57c2bd06c57a,512,1.4580815911650844,8,0,0,0,0,nan,-1,0,0
175,553835.0,-3811468.9221727075,3566805.8889285713,3652666.7511459067,0,0,0,0,0,1,1,3.1737641428617365,5.948560668399891,6.8501941470861425,19,0,0.07947955307913723,3.8078952838316265,0.9179356061401561,0,,0.0,0.0,0,nan,0,0,,0,nan,,0.0,0.0,0,nan,nan,nan,nan,nan,nan,0,0.0,0,nan,nan,0.6067275326564475,0,0.9193470760146483,0.7781424192796677,0.03536653060130261,5,3.172177774944542,5.9469976167924985,3.8078952838316265,1.0921800440234188,0.07947955307913723,0.7428734976749565,3,0.7749800267216385,0,f6fa57c2bd06c57a,512,1.6559125005452218,8,12,1,224,7,1.5378919189412854,218,19,16
176,553835.2000000477,-3811469.14593144,3566805.8887803154,3652666.7461278667,0,0,0,0,0,1,1,3.146768924309476,6.028019806473404,7.09789012124363,19,1,0.07947955307913723,3.923234607812135,1.0838736438267091,0,,0.0,0.0,0,nan,0,0,,0,nan,,0.0,0.0,0,nan,nan,nan,nan,nan,nan,0,0.0,0,nan,nan,0.5538779747551332,0,1.0851508036741337,0.7917226435632724,0.03338991840631724,5,3.1453799015680883,6.02662030257405,3.923234607812135,1.1012254354878293,nan,nan,0,0.7889530707827647,0,f6fa57c2bd06c57a,512,1.597918466654896,8,0,0,0,0,nan,-1,0,0
177,553835.3999989033,-3811469.426497666,3566805.9428132623,3652666.7865170296,0,0,0,0,0,1,1,3.137422141840907,6.057571265040257,7.366613282876145,19,2,0.07947955307913723,4.121643685872361,1.3213480629735828,0,,0.0,0.0,0,nan,0,0,,0,nan,,0.0,0.0,0,nan,nan,nan,nan,nan,nan,0,0.0,0,nan,nan,0.5661706198652737,0,1.3226548757487073,0.7919029334697207,0.03375316208027946,5,3.136015362003173,6.056143995295118,4.121643685872361,1.124376975870655,nan,nan,0,0.7891564552071264,0,f6fa57c2bd06c57a,512,1.5970967813571142,8,0,0,0,0,nan,-1,0,0
178,553835.5999999046,-3811469.724018108,3566806.017251087,3652666.8257139185,0,0,0,0,0,1,1,3.133950187472612,6.068986355099437,7.6318468953995175,19,3,0.07947955307913723,4.342795068315257,1.5739246749112825,0,,0.0,0.0,0,nan,0,0,,0,nan,,0.0,0.0,0,nan,nan,nan,nan,nan,nan,0,0.0,0,nan,nan,0.681404303906412,0,1.5752452945388697,0.7926136760645554,0.03385574101092496,5,3.1325398824194948,6.067552776605614,4.342795068315257,1.15654221137226,nan,nan,0,0.789881017094409,0,f6fa57c2bd06c57a,512,1.5941743248835387,8,0,0,0,0,nan,-1,0,0
179,553835.7999989986,-3811470.054085611,3566806.104452153,3652666.8646822744,0,0,0,0,0,1,1,3.1326341423895228,6.073355088391658,7.908610218492271,19,4,0.07947955307913723,4.587383456620978,1.845498871416171,0,,0.0,0.0,0,nan,0,0,,0,nan,,0.0,0.0,0,nan,nan,nan,nan,nan,nan,0,0.0,0,nan,nan,0.8701685956561674,0,1.8468261809201811,0.792501444637042,0.03393947785876782,5,3.1312177695720105,6.0719148773618015,4.587383456620978,1.18934885985337,nan,nan,0,0.789768620549516,0,f6fa57c2bd06c57a,512,1.5946269456040425,8,0,0,0,0,nan,-1,0,0
180,553836.0,-3811469.7342828037,3566805.5704881656,3652666.157351709,0,0,0,0,0,1,1,3.1193065686195456,7.026217264319358,7.981830352750347,19,0,0.1302654067284061,3.788254931287446,0.9724651025090898,0,,0.0,0.0,0,nan,0,0,,0,nan,,0.0,0.0,0,nan,nan,nan,nan,nan,nan,0,0.0,0,nan,nan,0.5959780341829386,0,0.9746718243095958,0.7469886532316911,0.04457602658270374,5,3.11685839252856,7.023781168663793,3.788254931287446,1.0694199344821425,0.1302654067284061,1.0123440031286453,4,0.7428041176531336,0,f6fa57c2bd06c57a,512,1.8057610274287899,8,12,1,224,7,2.1471071294626185,218,19,16
181,553836.2000000477,-3811470.01414231,3566805.58588379,3652666.0946779614,0,0,0,0,0,1,1,3.093469985639041,7.120586128339229,8.26328948934378,19,1,0.1302654067284061,3.909997348660112,1.1605460517228066,0,,0.0,0.0,0,nan,0,0,,0,nan,,0.0,0.0,0,nan,nan,nan,nan,nan,nan,0,0.0,0,nan,nan,0.5875667255339647,0,1.1626125697053185,0.7572607553051585,0.04268374171966015,5,3.0912385361512014,7.118346991352784,3.909997348660112,1.079791469158277,nan,nan,0,0.7534722612382805,0,f6fa57c2bd06c57a,512,1.755125255658561,8,0,0,0,0,nan,-1,0,0
182,553836.3999989033,-3811470.3718807334,3566805.6227375017,3652666.0573353483,0,0,0,0,0,1,1,3.0858144564051972,7.150129444366554,8.519488585058388,19,2,0.1302654067284061,4.093862800363508,1.3865267984688496,0,,0.0,0.0,0,nan,0,0,,0,nan,,0.0,0.0,0,nan,nan,nan,nan,nan,nan,0,0.0,0,nan,nan,0.6401881889065206,0,1.388602586163303,0.7598770532357237,0.0425108116694134,5,3.083594738302341,7.147901152468331,4.093862800363508,1.103650178408427,nan,nan,0,0.75614148688997,0,f6fa57c2bd06c57a,512,1.7427837236781443,8,0,0,0,0,nan,-1,0,0
183,553836.5999999046,-3811470.7880433723,3566805.656280313,3652665.997618948,0,0,0,0,0,1,1,3.0830980833197743,7.162069367475132,8.761814019283616,19,3,0.1302654067284061,4.298836990706948,1.6140829870295539,0,,0.0,0.0,0,nan,0,0,,0,nan,,0.0,0.0,0,nan,nan,nan,nan,nan,nan,0,0.0,0,nan,nan,0.747156051662438,0,1.6161898832169432,0.760437126455595,0.042556141107462614,5,3.080866455336999,7.159832707570454,4.298836990706948,1.133195553484325,nan,nan,0,0.756702378173687,0,f6fa57c2bd06c57a,512,1.7402055719168383,8,0,0,0,0,nan,-1,0,0
184,553836.7999989986,-3811471.240296312,3566805.6763788345,3652665.8875884935,0,0,0,0,0,1,1,3.0823612527385795,7.165428206888147,8.984297062262753,19,4,0.1302654067284061,4.507567206460244,1.8290675628859407,0,,0.0,0.0,0,nan,0,0,,0,nan,,0.0,0.0,0,nan,nan,nan,nan,nan,nan,0,0.0,0,nan,nan,0.8824166533692449,0,1.831213037958418,0.7611418501314806,0.042543853822775875,5,3.0801263341711023,7.163191439607985,4.507567206460244,1.1628915280469658,nan,nan,0,0.7574064962493218,0,f6fa57c2bd06c57a,512,1.736977885470935,8,0,0,0,0,nan,-1,0,0
185,553837.0,-3811471.1321867257,3566805.020532759,3652665.048045897,0,0,0,0,0,1,1,3.0637570368289704,7.824193098920082,8.739895452178526,18,0,0.059649574053261115,3.706928963300558,0.930165114853963,0,,0.0,0.0,0,nan,0,0,,0,nan,,0.0,0.0,0,nan,nan,nan,nan,nan,nan,0,0.0,0,nan,nan,0.6082271495322913,0,0.9303032276457168,0.7987354936200572,0.01795813165029529,6,3.063548544810679,7.824047099657932,3.706928963300558,1.0476351539322752,0.059649574053261115,0.6921808849583109,4,0.7969606546372182,0,f6fa57c2bd06c57a,512,1.5718505554940378,8,12,1,224,7,2.9790024645573516,222,18,16
186,553837.2000000477,-3811471.536153029,3566804.8660424314,3652664.8337527113,0,0,0,0,0,1,1,3.0543557183984875,7.856233893756533,8.798749433709412,18,1,0.059649574053261115,3.7140805438819338,0.9581783518750047,0,,0.0,0.0,0,nan,0,0,,0,nan,,0.0,0.0,0,nan,nan,nan,nan,nan,nan,0,0.0,0,nan,nan,0.6076510281719006,0,0.960371189204168,0.8355386668512386,0.043437422565239366,5,3.0521263470588584,7.853964228783384,3.7140805438819338,1.0534563734458915,nan,nan,0,0.8315532794680035,0,f6fa57c2bd06c57a,512,1.4438498705637908,8,0,0,0,0,nan,-1,0,0
187,553837.3999989033,-3811471.988791694,3566804.656074496,3652664.6492312504,0,0,0,0,0,1,1,3.0528235950558997,7.863201414529699,8.82640908304139,18,2,0.059649574053261115,3.7124140940803096,0.9829336034951079,0,,0.0,0.0,0,nan,0,0,,0,nan,,0.0,0.0,0,nan,nan,nan,nan,nan,nan,0,0.0,0,nan,nan,0.6178487032446677,0,0.9850357029471969,0.8367115613835506,0.04337720659049532,5,3.0506007328599494,7.860937305522615,3.7124140940803096,1.0652810612270611,nan,nan,0,0.832736298310011,0,f6fa57c2bd06c57a,512,1.4397543880238561,8,0,0,0,0,nan,-1,0,0
188,553837.5999999046,-3811472.4596249466,3566804.412137243,3652664.402035916,0,0,0,0,0,1,1,3.052659090498411,7.8639494827813845,8.814395709881845,18,3,0.059649574053261115,3.7081553019276754,0.9681376967812065,0,,0.0,0.0,0,nan,0,0,,0,nan,,0.0,0.0,0,nan,nan,nan,nan,nan,nan,0,0.0,0,nan,nan,0.6109566943184399,0,0.9702518288114145,0.8374613526271447,0.043321748784374704,5,3.050441649088033,7.861691133999838,3.7081553019276754,1.0785765427303338,nan,nan,0,0.8334941017625985,0,f6fa57c2bd06c57a,512,1.4371417705419847,8,0,0,0,0,nan,-1,0,0
189,553837.7999989986,-3811472.948954458,3566804.1485699685,3652664.12001046,0,0,0,0,0,1,1,3.052546460645288,7.864592570266661,8.802410496049836,18,4,0.059649574053261115,3.724756144699225,0.9500656307565636,0,,0.0,0.0,0,nan,0,0,,0,nan,,0.0,0.0,0,nan,nan,nan,nan,nan,nan,0,0.0,0,nan,nan,0.5904468276068991,0,0.9523138590668728,0.8375223386824278,0.04331648205516572,5,3.05032947238483,7.862334652157735,3.724756144699225,1.0921798870652077,nan,nan,0,0.8335559516558488,0,f6fa57c2bd06c57a,512,1.436929037464855,8,0,0,0,0,nan,-1,0,0
190,553838.0,-3811473.400858441,3566803.6512107565,3652663.8937843777,0,0,0,0,0,1,1,3.09428736768505,7.723802019529996,8.412587145628454,19,0,0.055135917062739785,3.5578092078939645,0.7090506093745657,0,,0.0,0.0,0,nan,0,0,,0,nan,,0.0,0.0,0,nan,nan,nan,nan,nan,nan,0,0.0,0,nan,nan,0.6313664775846506,0,0.7090179018662018,0.8447375379776509,0.0015799871108651167,4,3.0942959631587006,7.7238307023305675,3.5578092078939645,1.029718279614267,0.055135917062739785,0.3240978608489135,0,0.8434857162365346,0,f6fa57c2bd06c57a,512,1.4040169598899395,8,12,1,224,7,2.111080872817077,219,19,15
191,553838.2000000477,-3811473.9294951134,3566803.255051186,3652663.660612985,0,0,0,0,0,1,1,3.1021193580353783,7.734868909657748,8.343082660236535,19,1,0.055135917062739785,3.5210223029125123,0.6240431133736001,0,,0.0,0.0,0,nan,0,0,,0,nan,,0.0,0.0,0,nan,nan,nan,nan,nan,nan,0,0.0,0,nan,nan,0.544951976472154,0,0.6240391215596913,0.881240003233201,0.0013323558854426067,4,3.102113888536343,7.734869523548936,3.5210223029125123,1.0353261299275098,nan,nan,0,0.8805850240918712,0,f6fa57c2bd06c57a,512,1.2882531372058836,8,0,0,0,0,nan,-1,0,0
192,553838.3999989033,-3811474.474158754,3566802.7750047864,3652663.4687548866,0,0,0,0,0,1,1,3.105086010925499,7.735466141813415,8.251586384683092,19,2,0.055135917062739785,3.4583867667308295,0.5308521225310375,0,,0.0,0.0,0,nan,0,0,,0,nan,,0.0,0.0,0,nan,nan,nan,nan,nan,nan,0,0.0,0,nan,nan,0.4523508935484302,1,0.5308488692069449,0.8822317141636115,0.0014267506494745077,4,3.1050840688985994,7.735466015195435,3.4583867667308295,1.047227901092408,nan,nan,0,0.8815931384784794,0,f6fa57c2bd06c57a,512,1.2853099707518347,8,0,0,0,0,nan,-1,0,0
193,553838.5999999046,-3811475.0235142596,3566802.230578476,3652663.299152193,0,0,0,0,0,1,1,3.1059382791648096,7.7356432033493885,8.163803191399802,19,3,0.055135917062739785,3.3922772350084647,0.4452316749917376,0,,0.0,0.0,0,nan,0,0,,0,nan,,0.0,0.0,0,nan,nan,nan,nan,nan,nan,0,0.0,0,nan,nan,0.3688454456291241,1,0.445227262871503,0.8821271804743401,0.0014805184437579986,4,3.1059372273349948,7.735643062176178,3.3922772350084647,1.060710327286877,nan,nan,0,0.8814862233702597,0,f6fa57c2bd06c57a,512,1.2856217976061173,8,0,0,0,0,nan,-1,0,0
194,553838.7999989986,-3811475.5915414966,3566801.6362085417,3652663.170854875,0,0,0,0,0,1,1,3.1061334701474297,7.735882995960268,8.083266922969692,19,4,0.055135917062739785,3.3276308601441613,0.36956413166612445,0,,0.0,0.0,0,nan,0,0,,0,nan,,0.0,0.0,0,nan,nan,nan,nan,nan,nan,0,0.0,0,nan,nan,0.2976642285316064,1,0.3695583535484495,0.8819989005719614,0.0015009435793626508,4,3.1061326459307534,7.735882684385142,3.3276308601441613,1.0745276402902655,nan,nan,0,0.8813553412349564,0,f6fa57c2bd06c57a,512,1.2860035153529152,8,0,0,0,0,nan,-1,0,0
195,553839.0,-3811476.3373462083,3566801.087225709,3652663.392351419,0,0,0,0,0,1,1,0.7265253068600654,5.6465004561717365,7.721341135935944,19,0,0.04437860562556492,3.464890266520668,2.7665130056415395,0,,0.0,0.0,0,nan,0,0,,0,nan,,0.0,0.0,0,nan,nan,nan,nan,nan,nan,0,0.0,0,nan,nan,0.8172433943807497,0,1.7349740367171638,0.07961309523809526,0.0320661270560474,3,2.2533426330608854,6.12644015911983,3.464890266520668,1.0129440453883733,0.04437860562556492,0.3487962827525198,5,0.07916666666666669,0,042f32f7418a68e7,236,13.294426034917645,8,12,1,224,7,1.6850612988808586,211,19,15
196,553839.2000000477,-3811476.978264595,3566800.450204135,3652663.3254909385,0,0,0,0,0,1,1,0.7461076890021546,5.633205257525552,7.672425896101207,19,1,0.04437860562556492,3.4602300782763526,2.742398923028814,0,,0.0,0.0,0,nan,0,0,,0,nan,,0.0,0.0,0,nan,nan,nan,nan,nan,nan,0,0.0,0,nan,nan,0.7998105599493185,0,1.6991577792810262,0.07956637697152844,0.03177229425631851,3,2.275560722040189,6.116112287327841,3.4602300782763526,1.0187636433564544,nan,nan,0,0.07911434220811184,0,042f32f7418a68e7,236,13.311964524112016,8,0,0,0,0,nan,-1,0,0
197,553839.3999989033,-3811477.6375063662,3566799.766257532,3652663.2860595253,0,0,0,0,0,1,1,0.7485099084766614,5.628911271161947,7.647288550538712,19,2,0.04437860562556492,3.446685709639301,2.7250672228239727,0,,0.0,0.0,0,nan,0,0,,0,nan,,0.0,0.0,0,nan,nan,nan,nan,nan,nan,0,0.0,0,nan,nan,0.786112941614326,0,1.6773482528354813,0.07962593193912351,0.031424873023729934,3,2.2840130247992256,6.11391548143619,3.446685709639301,1.0308866779839807,nan,nan,0,0.07918104377181834,0,042f32f7418a68e7,236,13.289612962519556,8,0,0,0,0,nan,-1,0,0
198,553839.5999999046,-3811478.3218709286,3566799.0368336514,3652663.27045938,0,0,0,0,0,1,1,0.7500193851152088,5.627800082419208,7.624725230639617,19,3,0.04437860562556492,3.4266566392361657,2.7032033983384243,0,,0.0,0.0,0,nan,0,0,,0,nan,,0.0,0.0,0,nan,nan,nan,nan,nan,nan,0,0.0,0,nan,nan,0.7692936246956824,0,1.6567547486577607,0.07963470824799353,0.03135851670196169,3,2.287445478142668,6.11359194743174,3.4266566392361657,1.044588531981833,nan,nan,0,0.07919087323775274,0,042f32f7418a68e7,236,13.286323793083008,8,0,0,0,0,nan,-1,0,0
199,553839.7999989986,-3811479.0603560405,3566798.3049326013,3652663.2737814356,0,0,0,0,0,1,1,0.7496349238215306,5.627230589876618,7.643612130562249,19,4,0.04437860562556492,3.4528275140272133,2.7298888703145443,0,,0.0,0.0,0,nan,0,0,,0,nan,,0.0,0.0,0,nan,nan,nan,nan,nan,nan,0,0.0,0,nan,nan,0.7928838380350374,0,1.675748168137431,0.07964071501313195,0.031322928815024215,3,2.287647971985409,6.11320695541518,3.4528275140272133,1.058618868788378,nan,nan,0,0.0791976008147078,0,042f32f7418a68e7,236,13.284073278166906,8,0,0,0,0,nan,-1,0,0
