epoch,tow,ecef_x,ecef_y,ecef_z,fix,gamma_fixed,consistency_pass,float_consistency_pass,ddpr_consistency_pass,ddpr_support_pass,ddpr_freshness_pass,map_float_separation_m,map_ddpr_separation_m,ddpr_guard_error_m,last_ddpr_pairs,ddpr_age_epochs,last_ddpr_nis,output_error_m,map_error_m,temporal_lineage_enabled,temporal_map_assignment_id,temporal_gamma,temporal_ess,temporal_dwell_epochs,temporal_map_error_m,integrity_lineage_enabled,integrity_anchor_available,integrity_excluded_satellite,integrity_tdcp_available,integrity_tdcp_postfit_rms_m,integrity_map_assignment_id,integrity_gamma,integrity_ess,integrity_dwell_epochs,integrity_map_error_m,integrity_map_ecef_x,integrity_map_ecef_y,integrity_map_ecef_z,integrity_map_float_separation_m,integrity_map_ddpr_separation_m,integrity_guard_pass,integrity_position_ball_gamma,integrity_position_ball_members,integrity_position_ball_spread_m,integrity_position_ball_error_m,basin_oracle_min_error_m,basin_oracle_sub50cm_available,position_cluster_error_m,position_cluster_gamma,position_cluster_spread_m,position_cluster_members,position_cluster_float_separation_m,position_cluster_ddpr_separation_m,float_error_m,float_position_sigma_m,dd_pr_nis,dd_cp_nis,ambiguities_reset,gamma,fix_streak,map_assignment_id,n_basins,basin_ess,map_n_ambiguities,n_candidates_born,respawn_triggered,n_respawn_candidates_born,n_respawn_position_seeds,n_respawn_history_seeds,respawn_oracle_min_error_m,respawn_oracle_rank,n_dd_pr,n_dd_cp
0,553800.0,-3811466.693664207,3566805.2211901695,3652668.9111347175,0,0,0,0,0,1,1,2.2807180901680053,2.318482253773577,3.2894435773932713,18,0,0.08822792079773784,3.0558360247270064,3.445060168100005,0,,0.0,0.0,0,nan,0,0,,0,nan,,0.0,0.0,0,nan,nan,nan,nan,nan,nan,0,0.0,0,nan,nan,0.690532915428525,0,3.445060168100005,0.08229166666666667,0.0,1,2.2807180901680053,2.318482253773577,3.0558360247270064,5.592639952376013,0.08822792079773784,0.02210678010972702,0,0.08229166666666667,0,5b857f9f29778b93,18,12.45136186770428,8,12,1,16,1,0,0.6901279228386981,10,18,17
1,553800.2000000477,-3811466.7043680125,3566805.2303698813,3652668.917540918,0,0,0,0,0,1,1,2.2774822965887545,2.314126270972617,3.303230346751093,18,1,0.08822792079773784,3.069661387013538,3.4594074584024144,0,,0.0,0.0,0,nan,0,0,,0,nan,,0.0,0.0,0,nan,nan,nan,nan,nan,nan,0,0.0,0,nan,nan,0.6863024056686938,0,3.4594074584024144,0.08229166666666667,0.0,1,2.2774822965887545,2.314126270972617,3.069661387013538,5.593979167573447,nan,nan,0,0.08229166666666667,0,5b857f9f29778b93,18,12.45136186770428,8,0,0,0,0,0,nan,-1,0,0
2,553800.4000000954,-3811466.7189359865,3566805.2446287237,3652668.9324123603,0,0,0,0,0,1,1,2.277121648502786,2.3135637587075037,3.327614176726829,18,2,0.08822792079773784,3.094081993370175,3.4756131562938317,0,,0.0,0.0,0,nan,0,0,,0,nan,,0.0,0.0,0,nan,nan,nan,nan,nan,nan,0,0.0,0,nan,nan,0.6823012505106063,0,3.4756131562938317,0.08229166666666667,0.0,1,2.277121648502786,2.3135637587075037,3.094081993370175,5.596357313446614,nan,nan,0,0.08229166666666667,0,5b857f9f29778b93,18,12.451361867704277,8,0,0,0,0,0,nan,-1,0,0
3,553800.5999999046,-3811466.7297525406,3566805.2565932283,3652668.9432305964,0,0,0,0,0,1,1,2.2770238044438837,2.3134261472684647,3.3462107675928867,18,3,0.08822792079773784,3.1127126119283113,3.4866827872274673,0,,0.0,0.0,0,nan,0,0,,0,nan,,0.0,0.0,0,nan,nan,nan,nan,nan,nan,0,0.0,0,nan,nan,0.681446996430127,0,3.4866827872274673,0.08229166666666667,0.0,1,2.2770238044438837,2.3134261472684647,3.1127126119283113,5.598949005651086,nan,nan,0,0.08229166666666667,0,5b857f9f29778b93,18,12.451361867704277,8,0,0,0,0,0,nan,-1,0,0
4,553800.7999999523,-3811466.744267113,3566805.269113487,3652668.957473204,0,0,0,0,0,1,1,2.2769507790886,2.313325420772343,3.3692803897087065,18,4,0.08822792079773784,3.1358149569928515,3.5010265515253693,0,,0.0,0.0,0,nan,0,0,,0,nan,,0.0,0.0,0,nan,nan,nan,nan,nan,nan,0,0.0,0,nan,nan,0.6784954564649605,0,3.5010265515253693,0.08229166666666667,0.0,1,2.2769507790886,2.313325420772343,3.1358149569928515,5.601600082987624,nan,nan,0,0.08229166666666667,0,5b857f9f29778b93,18,12.451361867704277,8,0,0,0,0,0,nan,-1,0,0
5,553801.0,-3811466.9368616007,3566805.2810216984,3652668.5074501694,0,0,0,0,0,1,1,2.317424009511642,2.168407086442131,3.06684737130577,18,0,0.03619621658262093,2.9079889661919456,5.1961647021088195,0,,0.0,0.0,0,nan,0,0,,0,nan,,0.0,0.0,0,nan,nan,nan,nan,nan,nan,0,0.0,0,nan,nan,0.7260684179107072,0,5.1961647021088195,0.16903567673721165,0.0,1,2.317424009511642,2.168407086442131,2.9079889661919456,4.501492370248857,0.03619621658262093,3.1660466738236344,0,0.16903567673721165,0,88c65eb697abea09,130,10.281868855604763,8,12,1,272,17,16,0.7611313232783544,15,18,17
6,553801.199999094,-3811466.943173036,3566805.2829087083,3652668.510097194,0,0,0,0,0,1,1,2.32946156390419,2.1850558106213986,3.0684249955277783,18,1,0.03619621658262093,2.9140634395128653,5.214801541957435,0,,0.0,0.0,0,nan,0,0,,0,nan,,0.0,0.0,0,nan,nan,nan,nan,nan,nan,0,0.0,0,nan,nan,0.7352476374893194,0,5.214801541957435,0.17598773233883386,0.0,1,2.32946156390419,2.1850558106213986,2.9140634395128653,4.502767777265328,nan,nan,0,0.17598773233883386,0,88c65eb697abea09,130,9.49190999185128,8,0,0,0,0,0,nan,-1,0,0
7,553801.3999989033,-3811466.946169016,3566805.286060807,3652668.511625461,0,0,0,0,0,1,1,2.33294571361739,2.189237606597948,3.0717992484845156,18,2,0.03619621658262093,2.9183103719055286,5.222616199893222,0,,0.0,0.0,0,nan,0,0,,0,nan,,0.0,0.0,0,nan,nan,nan,nan,nan,nan,0,0.0,0,nan,nan,0.7402188856777454,0,5.222616199893222,0.17626997815380152,0.0,1,2.33294571361739,2.189237606597948,2.9183103719055286,4.50551780653807,nan,nan,0,0.17626997815380152,0,88c65eb697abea09,130,9.461737689127467,8,0,0,0,0,0,nan,-1,0,0
8,553801.5999999046,-3811466.9486808027,3566805.286849198,3652668.513592462,0,0,0,0,0,1,1,2.333929066286287,2.1905019323835884,3.0738302970372007,18,3,0.03619621658262093,2.9206910900352514,5.225895481120721,0,,0.0,0.0,0,nan,0,0,,0,nan,,0.0,0.0,0,nan,nan,nan,nan,nan,nan,0,0.0,0,nan,nan,0.7414370375891393,0,5.225895481120721,0.17629571708331368,0.0,1,2.333929066286287,2.1905019323835884,2.9206910900352514,4.508670296585049,nan,nan,0,0.17629571708331368,0,88c65eb697abea09,130,9.459014892399933,8,0,0,0,0,0,nan,-1,0,0
9,553801.7999999523,-3811466.9503314686,3566805.2865787297,3652668.5142038413,0,0,0,0,0,1,1,2.334234811538868,2.190895518358767,3.0748751962741196,18,4,0.03619621658262093,2.9218277684509317,5.227250637073243,0,,0.0,0.0,0,nan,0,0,,0,nan,,0.0,0.0,0,nan,nan,nan,nan,nan,nan,0,0.0,0,nan,nan,0.7412627700084687,0,5.227250637073243,0.17629803917872117,0.0,1,2.334234811538868,2.190895518358767,2.9218277684509317,4.5119408764961015,nan,nan,0,0.17629803917872117,0,88c65eb697abea09,130,9.458772544534515,8,0,0,0,0,0,nan,-1,0,0
10,553802.0,-3811467.108242471,3566805.588651914,3652667.7996094953,0,0,0,0,1,1,1,1.9649570330081991,1.2641888778409147,2.752803433053683,18,0,0.046176996803574594,2.787643238761087,3.952248113038955,0,,0.0,0.0,0,nan,0,0,,0,nan,,0.0,0.0,0,nan,nan,nan,nan,nan,nan,0,0.0,0,nan,nan,0.43096256092736185,1,3.5549800786156838,0.07198145908142187,0.07757755814322899,3,3.2857221148811333,2.1528835659473957,2.787643238761087,3.871270358899591,0.046176996803574594,9.477003009138702,0,0.07194259830887523,0,da26416811a3d5cf,339,36.66910989348884,8,12,1,528,33,32,0.8632105536790591,150,18,17
11,553802.2000000477,-3811467.1168671288,3566805.5932573597,3652667.807037842,0,0,0,0,1,1,1,1.9654168256436095,1.2756426911262253,2.7568795700474764,18,1,0.046176996803574594,2.7992336434849636,3.9704368534263246,0,,0.0,0.0,0,nan,0,0,,0,nan,,0.0,0.0,0,nan,nan,nan,nan,nan,nan,0,0.0,0,nan,nan,0.4152726480474693,1,3.9704368534263246,0.07532405136764421,0.0,1,1.9654168256436095,1.2756426911262253,2.7992336434849636,3.872751816434111,nan,nan,0,0.07532405136764421,0,da26416811a3d5cf,339,33.80158248276986,8,0,0,0,0,0,nan,-1,0,0
12,553802.3999989033,-3811467.1156772557,3566805.5935875596,3652667.8073552107,0,0,0,0,1,1,1,1.9653296562886948,1.2792264879798587,2.75279174445856,18,2,0.046176996803574594,2.7984202360446475,3.9710226934184365,0,,0.0,0.0,0,nan,0,0,,0,nan,,0.0,0.0,0,nan,nan,nan,nan,nan,nan,0,0.0,0,nan,nan,0.41452610844093135,1,3.9710226934184365,0.07548697944720838,0.0,1,1.9653296562886948,1.2792264879798587,2.7984202360446475,3.875946808143127,nan,nan,0,0.07548697944720838,0,da26416811a3d5cf,339,33.686001305759795,8,0,0,0,0,0,nan,-1,0,0
13,553802.5999999046,-3811467.1215451485,3566805.594223698,3652667.8148330706,0,0,0,0,1,1,1,1.965461149445561,1.280080116381383,2.761835492704452,18,3,0.046176996803574594,2.806213529699768,3.9807421037343755,0,,0.0,0.0,0,nan,0,0,,0,nan,,0.0,0.0,0,nan,nan,nan,nan,nan,nan,0,0.0,0,nan,nan,0.4068047903742295,1,3.9807421037343755,0.07550634393765238,0.0,1,1.965461149445561,1.280080116381383,2.806213529699768,3.879610208024698,nan,nan,0,0.07550634393765238,0,da26416811a3d5cf,339,33.67216632880482,8,0,0,0,0,0,nan,-1,0,0
14,553802.7999989986,-3811467.116370178,3566805.592753338,3652667.8157646162,0,0,0,0,1,1,1,1.9654572567008095,1.2804123851944977,2.75928551563088,18,4,0.046176996803574594,2.8025256514549035,3.9791472865768074,0,,0.0,0.0,0,nan,0,0,,0,nan,,0.0,0.0,0,nan,nan,nan,nan,nan,nan,0,0.0,0,nan,nan,0.4074388405264968,1,3.9791472865768074,0.07550712630820054,0.0,1,1.9654572567008095,1.2804123851944977,2.8025256514549035,3.883410359678399,nan,nan,0,0.07550712630820054,0,da26416811a3d5cf,339,33.671679891623896,8,0,0,0,0,0,nan,-1,0,0
15,553803.0,-3811467.4750908157,3566806.067215958,3652666.8251926755,0,0,0,0,0,1,1,2.990395009170105,2.9203388700868183,2.6867900666417883,18,0,0.052747126368075915,3.105797010015602,0.6709330631399268,0,,0.0,0.0,0,nan,0,0,,0,nan,,0.0,0.0,0,nan,nan,nan,nan,nan,nan,0,0.0,0,nan,nan,0.29280889983301234,1,0.6847571629881783,0.03681359789982333,0.0771438909820417,2,2.98156621952301,2.9250858764186103,3.105797010015602,3.446529888958384,0.052747126368075915,19.23047039825005,0,0.03490228498761911,0,2936548eecd098cd,512,83.2313112078153,8,12,1,528,33,32,0.6785567386380016,262,18,17
16,553803.2000000477,-3811467.48701839,3566806.0741598764,3652666.835594138,0,0,0,0,0,1,1,4.255664561080022,3.163526499018705,2.6932109336103984,18,1,0.052747126368075915,3.119802368110178,5.7802446638989915,0,,0.0,0.0,0,nan,0,0,,0,nan,,0.0,0.0,0,nan,nan,nan,nan,nan,nan,0,0.0,0,nan,nan,0.3180795585432041,1,0.681538019944267,0.038212282906503386,0.07745933296599648,2,2.9711159646292353,2.908181404652011,3.119802368110178,3.4481955702239153,nan,nan,0,0.03634547775400487,0,eea7295143f6fc6b,512,77.24750618757155,8,0,0,0,0,0,nan,-1,0,0
17,553803.3999989033,-3811467.4909215695,3566806.077141064,3652666.8399957465,0,0,0,0,0,1,1,4.256421077542661,3.1672690891500213,2.6974381539937564,18,2,0.052747126368075915,3.125009995011446,5.788487862709348,0,,0.0,0.0,0,nan,0,0,,0,nan,,0.0,0.0,0,nan,nan,nan,nan,nan,nan,0,0.0,0,nan,nan,0.3258632558813496,1,0.6805763722074564,0.03826464849197316,0.07749465341602897,2,2.968400796838614,2.9040655627067475,3.125009995011446,3.451783951486298,nan,nan,0,0.03642634274710592,0,eea7295143f6fc6b,512,77.01261046707764,8,0,0,0,0,0,nan,-1,0,0
18,553803.5999999046,-3811467.4922913876,3566806.0785539644,3652666.8408402093,0,0,0,0,0,1,1,4.2566530516320364,3.1683967423045476,2.6986596699223018,18,3,0.052747126368075915,3.127045929572931,5.7909495795537165,0,,0.0,0.0,0,nan,0,0,,0,nan,,0.0,0.0,0,nan,nan,nan,nan,nan,nan,0,0.0,0,nan,nan,0.3284385004132967,1,0.6809145274668147,0.03826982952910536,0.07749854193663641,2,2.967605365397848,2.902827347666396,3.127045929572931,3.4558971212947447,nan,nan,0,0.0364343636306228,0,eea7295143f6fc6b,512,76.99059877724572,8,0,0,0,0,0,nan,-1,0,0
19,553803.7999989986,-3811467.493717931,3566806.0821427926,3652666.841862358,0,0,0,0,0,1,1,4.256740699094968,3.1687212379237084,2.70156110159452,18,4,0.052747126368075915,3.1307497522122483,5.79442234348098,0,,0.0,0.0,0,nan,0,0,,0,nan,,0.0,0.0,0,nan,nan,nan,nan,nan,nan,0,0.0,0,nan,nan,0.33064140002715087,1,0.6828003033852873,0.038270271183154965,0.07749911154252387,2,2.9673417255157863,2.9024643867171274,3.1307497522122483,3.4601626839851276,nan,nan,0,0.03643515031776131,0,eea7295143f6fc6b,512,76.98807471908103,8,0,0,0,0,0,nan,-1,0,0
20,553804.0,-3811468.2512258226,3566807.127161279,3652666.0411167447,0,0,0,0,0,1,1,6.153868742768878,2.8116515443380847,4.2342337806555,19,0,0.41380108143408434,4.432677198843442,6.6531998685861,0,,0.0,0.0,0,nan,0,0,,0,nan,,0.0,0.0,0,nan,nan,nan,nan,nan,nan,0,0.0,0,nan,nan,0.2265277927682421,1,6.647356014960784,0.05611340552943496,0.11487368751351025,2,6.1231273231286245,2.79919514054026,4.432677198843442,3.1278257037825994,0.41380108143408434,31.3281035856981,0,0.049114654000590376,0,daca05125ab2755f,512,69.58310572373365,8,12,1,528,33,32,0.6253141330058138,263,19,17
21,553804.2000000477,-3811468.2762016263,3566807.1477124835,3652666.0704713147,0,0,0,0,0,1,1,6.152623880183896,2.8225007606794965,4.260340552251378,19,1,0.41380108143408434,4.461016016307509,6.697465211702136,0,,0.0,0.0,0,nan,0,0,,0,nan,,0.0,0.0,0,nan,nan,nan,nan,nan,nan,0,0.0,0,nan,nan,0.24301889582413355,1,6.691696535432931,0.05850597839514498,0.11500279598685711,2,6.121841918411992,2.8101665407917262,4.461016016307509,3.1296622776171215,nan,nan,0,0.051191608153504445,0,daca05125ab2755f,512,64.35249256551322,8,0,0,0,0,0,nan,-1,0,0
22,553804.4000000954,-3811468.3232041937,3566807.190374269,3652666.116779394,0,0,0,0,0,1,1,6.154144456122894,2.822399700079106,4.341755494745182,19,2,0.41380108143408434,4.518888540953368,6.771608406410382,0,,0.0,0.0,0,nan,0,0,,0,nan,,0.0,0.0,0,nan,nan,nan,nan,nan,nan,0,0.0,0,nan,nan,0.2856728609233496,1,6.7659825557888835,0.05858991440354595,0.1150282959438575,2,6.123366906509657,2.810063466691391,4.518888540953368,3.133615782308128,nan,nan,0,0.051261452849848635,0,daca05125ab2755f,512,64.04312517535134,8,0,0,0,0,0,nan,-1,0,0
23,553804.599998951,-3811468.384972638,3566807.249667508,3652666.178069575,0,0,0,0,0,1,1,6.154399991859906,2.8226635595627387,4.444964421550181,19,3,0.41380108143408434,4.598291171453807,6.866591135147266,0,,0.0,0.0,0,nan,0,0,,0,nan,,0.0,0.0,0,nan,nan,nan,nan,nan,nan,0,0.0,0,nan,nan,0.3599922297853094,1,6.861149544559773,0.05859550395560296,0.11503122086628481,2,6.123625422590943,2.810332325526084,4.598291171453807,3.1381460194226714,nan,nan,0,0.05126601140942495,0,daca05125ab2755f,512,64.0189843312035,8,0,0,0,0,0,nan,-1,0,0
24,553804.7999989986,-3811468.4433766464,3566807.3058876065,3652666.23595854,0,0,0,0,0,1,1,6.154433223252371,2.8228395960074706,4.542244326854964,19,4,0.41380108143408434,4.674433012700302,6.956056220623525,0,,0.0,0.0,0,nan,0,0,,0,nan,,0.0,0.0,0,nan,nan,nan,nan,nan,nan,0,0.0,0,nan,nan,0.37307250877742426,1,6.9507831892919505,0.05859691619885177,0.11503156428412784,2,6.123659735311175,2.810511051443494,4.674433012700302,3.1428429254599144,nan,nan,0,0.05126723964427198,0,daca05125ab2755f,512,64.01715160416308,8,0,0,0,0,0,nan,-1,0,0
25,553805.0,-3811469.1430459116,3566808.378780037,3652665.242065848,0,0,0,0,0,1,1,7.424183547877861,2.22821153069321,5.576263921042656,19,0,0.45207347146779936,6.079049261901037,7.219885199614493,0,,0.0,0.0,0,nan,0,0,,0,nan,,0.0,0.0,0,nan,nan,nan,nan,nan,nan,0,0.0,0,nan,nan,0.5265787492605312,0,7.220174953980603,0.0999186788515232,0.04080365559444883,4,7.42240018959148,2.227478116189706,6.079049261901037,2.8664917765706495,0.45207347146779936,34.1184370362641,2,0.09922084316573478,0,daca05125ab2755f,512,42.69628194761356,8,12,1,528,33,32,0.732890886743669,128,19,17
26,553805.2000000477,-3811469.1998369913,3566808.4256508183,3652665.301046837,0,0,0,0,0,1,1,7.4287838422594055,2.2298826255766957,5.685037985231231,19,1,0.45207347146779936,6.137242304290757,7.32774359581988,0,,0.0,0.0,0,nan,0,0,,0,nan,,0.0,0.0,0,nan,nan,nan,nan,nan,nan,0,0.0,0,nan,nan,0.48211714268280675,1,7.327752455587467,0.10431393032158827,0.028238698643942475,4,7.427607573401318,2.2293277668688503,6.137242304290757,2.8685097516386144,nan,nan,0,0.10385175166313623,0,daca05125ab2755f,512,39.40567648012385,8,0,0,0,0,0,nan,-1,0,0
27,553805.4000000954,-3811469.2591386302,3566808.4816262787,3652665.3585166847,0,0,0,0,0,1,1,7.429754565739982,2.230998388724865,5.785510162209737,19,2,0.45207347146779936,6.205098567218218,7.42321848122333,0,,0.0,0.0,0,nan,0,0,,0,nan,,0.0,0.0,0,nan,nan,nan,nan,nan,nan,0,0.0,0,nan,nan,0.4616173290938256,1,7.4232205048615665,0.10442367237019118,0.02765734407250126,4,7.42859977747527,2.230449105191158,6.205098567218218,2.8728261188560356,nan,nan,0,0.10397078493335794,0,daca05125ab2755f,512,39.31450028657431,8,0,0,0,0,0,nan,-1,0,0
28,553805.599998951,-3811469.281269085,3566808.503256852,3652665.3844249053,0,0,0,0,0,1,1,7.429775400946731,2.2315748824517634,5.824694535605474,19,3,0.45207347146779936,6.23036815478936,7.461808231639552,0,,0.0,0.0,0,nan,0,0,,0,nan,,0.0,0.0,0,nan,nan,nan,nan,nan,nan,0,0.0,0,nan,nan,0.4633261656025784,1,7.461808339708635,0.10424244990504042,0.0276092666507368,4,7.428620364291034,2.2310248938147885,6.23036815478936,2.8777679017205555,nan,nan,0,0.10379055623231409,0,daca05125ab2755f,512,39.37242632832844,8,0,0,0,0,0,nan,-1,0,0
29,553805.7999989986,-3811469.289832711,3566808.5094558434,3652665.3944452847,0,0,0,0,0,1,1,7.429838675456756,2.231710355958629,5.839031602667341,19,4,0.45207347146779936,6.238536922683064,7.475579356554996,0,,0.0,0.0,0,nan,0,0,,0,nan,,0.0,0.0,0,nan,nan,nan,nan,nan,nan,0,0.0,0,nan,nan,0.4654728106574195,1,7.475579207605271,0.10422050337905485,0.027603841714113394,4,7.428683497927785,2.231160169802361,6.238536922683064,2.8828893551859838,nan,nan,0,0.10376870764583686,0,daca05125ab2755f,512,39.37956916194862,8,0,0,0,0,0,nan,-1,0,0
30,553806.0,-3811469.988626393,3566809.4754408807,3652663.9545203396,0,0,0,0,1,1,1,8.243181447370972,1.121793099245281,5.499014590877071,18,0,0.20942828977675063,7.767906518983791,5.418421798325579,0,,0.0,0.0,0,nan,0,0,,0,nan,,0.0,0.0,0,nan,nan,nan,nan,nan,nan,0,0.0,0,nan,nan,0.3151424348891233,1,5.418722630418612,0.06542084030140512,0.02052172743411345,2,8.24437572661975,1.1229237512244907,7.767906518983791,2.6759519396472196,0.20942828977675063,48.48841794941493,0,0.06519012173325968,0,b3f4525bc8b8f4a5,512,60.353442895698464,8,12,1,528,33,32,0.6100576805815018,176,18,17
31,553806.2000000477,-3811469.984735076,3566809.4685588456,3652663.951979333,0,0,0,0,1,1,1,8.241853775247165,1.1167420587069852,5.501499054116888,18,1,0.20942828977675063,7.761402624521035,5.433009621449944,0,,0.0,0.0,0,nan,0,0,,0,nan,,0.0,0.0,0,nan,nan,nan,nan,nan,nan,0,0.0,0,nan,nan,0.30682056838099425,1,5.4333016140591095,0.06808306291699742,0.020544381389507343,2,8.243047258407408,1.1178753394659167,7.761402624521035,2.678099417447205,nan,nan,0,0.06784302825693311,0,b3f4525bc8b8f4a5,512,55.824659909872885,8,0,0,0,0,0,nan,-1,0,0
32,553806.4000000954,-3811469.9869406754,3566809.470428908,3652663.9587578727,0,0,0,0,1,1,1,8.241633066368694,1.1158440386434678,5.511743731192529,18,2,0.20942828977675063,7.761809677319955,5.4458781955311775,0,,0.0,0.0,0,nan,0,0,,0,nan,,0.0,0.0,0,nan,nan,nan,nan,nan,nan,0,0.0,0,nan,nan,0.2969543662829232,1,5.446167500695131,0.06822994357898628,0.020542884595628887,2,8.242825404941337,1.1169770716325247,7.761809677319955,2.6827187110635777,nan,nan,0,0.06798958649727022,0,b3f4525bc8b8f4a5,512,55.6174584918234,8,0,0,0,0,0,nan,-1,0,0
33,553806.599998951,-3811469.989975492,3566809.47058704,3652663.963755162,0,0,0,0,1,1,1,8.241548497097813,1.115517248853488,5.5172720222958995,18,3,0.20942828977675063,7.762046597964363,5.45279397540025,0,,0.0,0.0,0,nan,0,0,,0,nan,,0.0,0.0,0,nan,nan,nan,nan,nan,nan,0,0.0,0,nan,nan,0.29258210439083193,1,5.453082855239258,0.06823468071929785,0.02054589445736513,2,8.242740915072858,1.1166506623641386,7.762046597964363,2.688009043087361,nan,nan,0,0.06799428207827829,0,b3f4525bc8b8f4a5,512,55.60604307005144,8,0,0,0,0,0,nan,-1,0,0
34,553806.7999989986,-3811469.990245999,3566809.4692104803,3652663.967523169,0,0,0,0,1,1,1,8.241525399674657,1.115419085285785,5.518776482198639,18,4,0.20942828977675063,7.7602707554821695,5.455105564234398,0,,0.0,0.0,0,nan,0,0,,0,nan,,0.0,0.0,0,nan,nan,nan,nan,nan,nan,0,0.0,0,nan,nan,0.2912494677673047,1,5.455394739228781,0.06823421190241133,0.02054678964135607,2,8.242717836917794,1.1165525988106426,7.7602707554821695,2.693491032534563,nan,nan,0,0.06799380805988542,0,b3f4525bc8b8f4a5,512,55.6057538448259,8,0,0,0,0,0,nan,-1,0,0
35,553807.0,-3811469.6260167784,3566809.1338563124,3652663.7525704727,0,0,0,0,0,1,1,2.982191446175133,4.58699074543391,5.190504025042034,18,0,0.290947663274422,7.379445960938236,5.150935924497962,0,,0.0,0.0,0,nan,0,0,,0,nan,,0.0,0.0,0,nan,nan,nan,nan,nan,nan,0,0.0,0,nan,nan,0.6362594206582818,0,5.150935924497962,0.0791666666666666,0.0,1,2.982191446175133,4.58699074543391,7.379445960938236,2.51694055961129,0.290947663274422,11.353875378426523,3,0.0791666666666666,0,60cbf5c6bd3b273a,267,13.293406320929277,8,12,1,528,33,32,0.6327965298877277,185,18,17
36,553807.2000000477,-3811469.6224498507,3566809.1424942133,3652663.7536380137,0,0,0,0,0,1,1,2.9826159158053196,4.586748144571808,5.190754228212314,18,1,0.290947663274422,7.383300340107547,5.153871505021943,0,,0.0,0.0,0,nan,0,0,,0,nan,,0.0,0.0,0,nan,nan,nan,nan,nan,nan,0,0.0,0,nan,nan,0.6358848165792458,0,5.153871505021943,0.07915615353714807,0.0,1,2.9826159158053196,4.586748144571808,7.383300340107547,2.5192272188702924,nan,nan,0,0.07915615353714807,0,60cbf5c6bd3b273a,267,13.296921764536886,8,0,0,0,0,0,nan,-1,0,0
37,553807.4000000954,-3811469.6206808384,3566809.146307388,3652663.7510239463,0,0,0,0,0,1,1,2.982650297229474,4.586946412962997,5.189321476759525,18,2,0.290947663274422,7.386063756140029,5.1551203656758355,0,,0.0,0.0,0,nan,0,0,,0,nan,,0.0,0.0,0,nan,nan,nan,nan,nan,nan,0,0.0,0,nan,nan,0.633687510032363,0,5.1551203656758355,0.07915716793396331,0.0,1,2.982650297229474,4.586946412962997,7.386063756140029,2.5241381694578493,nan,nan,0,0.07915716793396331,0,60cbf5c6bd3b273a,267,13.296582505475923,8,0,0,0,0,0,nan,-1,0,0
38,553807.599998951,-3811469.6210586494,3566809.147532764,3652663.7527582804,0,0,0,0,0,1,1,2.9829554368090885,4.586894388211663,5.191298903562126,18,3,0.290947663274422,7.386515143862588,5.155976702619806,0,,0.0,0.0,0,nan,0,0,,0,nan,,0.0,0.0,0,nan,nan,nan,nan,nan,nan,0,0.0,0,nan,nan,0.6357499893883718,0,5.155976702619806,0.07915686812924856,0.0,1,2.9829554368090885,4.586894388211663,7.386515143862588,2.5297604073832183,nan,nan,0,0.07915686812924856,0,60cbf5c6bd3b273a,267,13.296682772092403,8,0,0,0,0,0,nan,-1,0,0
39,553807.7999989986,-3811469.626019064,3566809.149713479,3652663.7578284247,0,0,0,0,0,1,1,2.982984993091164,4.5868990248727215,5.198263857891848,18,4,0.290947663274422,7.389012841815085,5.160582719992699,0,,0.0,0.0,0,nan,0,0,,0,nan,,0.0,0.0,0,nan,nan,nan,nan,nan,nan,0,0.0,0,nan,nan,0.6428204466850908,0,5.160582719992699,0.07915682079069132,0.0,1,2.982984993091164,4.5868990248727215,7.389012841815085,2.535584634868319,nan,nan,0,0.07915682079069132,0,60cbf5c6bd3b273a,267,13.296698604088599,8,0,0,0,0,0,nan,-1,0,0
40,553808.0,-3811469.5997325815,3566809.023372303,3652663.9772674013,0,0,0,0,1,1,1,7.10659097324068,1.430348235297798,4.974431904281264,18,0,0.30400967615543767,7.200881418648142,4.236481565190493,0,,0.0,0.0,0,nan,0,0,,0,nan,,0.0,0.0,0,nan,nan,nan,nan,nan,nan,0,0.0,0,nan,nan,0.46124913975863924,1,4.236097333925546,0.05301468421282341,0.03493545127011953,2,7.103097994704221,1.429243171007951,7.200881418648142,2.3699637257269357,0.30400967615543767,10.823505896235373,1,0.052473745185988956,0,a5667da7983d8ee3,512,71.40955431689122,8,12,1,528,33,32,0.46124913975863924,171,18,17
41,553808.199999094,-3811469.604565452,3566809.022197833,3652663.975938404,0,0,0,0,1,1,1,7.10552627779448,1.423966770162675,4.975390854091056,18,1,0.30400967615543767,7.203308836127141,4.254013180350189,0,,0.0,0.0,0,nan,0,0,,0,nan,,0.0,0.0,0,nan,nan,nan,nan,nan,nan,0,0.0,0,nan,nan,0.45210347255387956,1,4.253634061985129,0.05499166766326877,0.03493767961211204,2,7.10203394287738,1.4228688126515638,7.203308836127141,2.3723777286033028,nan,nan,0,0.05443042570727021,0,a5667da7983d8ee3,512,66.55244261905862,8,0,0,0,0,0,nan,-1,0,0
42,553808.4000000954,-3811469.6200710684,3566809.0384342065,3652663.9914526143,0,0,0,0,1,1,1,7.105378043274975,1.423505010951025,5.004874842567653,18,2,0.30400967615543767,7.218677470522274,4.284926738885298,0,,0.0,0.0,0,nan,0,0,,0,nan,,0.0,0.0,0,nan,nan,nan,nan,nan,nan,0,0.0,0,nan,nan,0.4443985138109953,1,4.284554970899217,0.05506594727336964,0.034935980766565636,2,7.1018864178702295,1.422408609585424,7.218677470522274,2.3775886360799108,nan,nan,0,0.05450398801592232,0,a5667da7983d8ee3,512,66.34332436090334,8,0,0,0,0,0,nan,-1,0,0
43,553808.599998951,-3811469.6378614362,3566809.0555787836,3652664.004021144,0,0,0,0,1,1,1,7.105298285852299,1.4229198728993024,5.030793260613999,18,3,0.30400967615543767,7.237151120487444,4.311485412190034,0,,0.0,0.0,0,nan,0,0,,0,nan,,0.0,0.0,0,nan,nan,nan,nan,nan,nan,0,0.0,0,nan,nan,0.43578450285574727,1,4.311122809233584,0.055073113120113926,0.03493596985056657,2,7.101806740549233,1.4218235670628254,7.237151120487444,2.3835556216658462,nan,nan,0,0.05451107690551142,0,a5667da7983d8ee3,512,66.32610277644633,8,0,0,0,0,0,nan,-1,0,0
44,553808.7999999523,-3811469.6511755534,3566809.0698531303,3652664.016906605,0,0,0,0,1,1,1,7.105279607661038,1.4227581222945793,5.053571782890433,18,4,0.30400967615543767,7.250854808964697,4.3339249611288055,0,,0.0,0.0,0,nan,0,0,,0,nan,,0.0,0.0,0,nan,nan,nan,nan,nan,nan,0,0.0,0,nan,nan,0.43207818487741384,1,4.333568086051621,0.05507420824738306,0.0349359610463356,2,7.101788088216924,1.4216620184964897,7.250854808964697,2.3897359609892086,nan,nan,0,0.054512159851352646,0,a5667da7983d8ee3,512,66.32502261490599,8,0,0,0,0,0,nan,-1,0,0
45,553809.0,-3811469.415095297,3566808.780492458,3652664.2735296553,0,0,0,0,0,1,1,2.305628813890659,4.65457140994103,5.037513551886008,19,0,0.28473158978728563,6.812160832921714,4.997595524681794,0,,0.0,0.0,0,nan,0,0,,0,nan,,0.0,0.0,0,nan,nan,nan,nan,nan,nan,0,0.0,0,nan,nan,0.4950460711194604,1,6.488296312190482,0.07964015151515152,0.018676191662826493,2,3.7278649759818365,8.721256154379713,6.812160832921714,2.21892742224765,0.28473158978728563,2.718979748563414,6,0.07945075757575758,0,832d821e147a649e,327,13.249519451605705,8,12,1,528,33,32,0.49085502359913735,184,19,17
46,553809.199999094,-3811469.414116654,3566808.77971777,3652664.2705520685,0,0,0,0,0,1,1,2.303467832839415,4.660623918069003,5.057972790812813,19,1,0.28473158978728563,6.812011773640396,5.003797385577546,0,,0.0,0.0,0,nan,0,0,,0,nan,,0.0,0.0,0,nan,nan,nan,nan,nan,nan,0,0.0,0,nan,nan,0.5122724716961041,0,6.491075247976529,0.0796253647731945,0.01876599077244088,2,3.7192473815331266,8.730549464445286,6.812011773640396,2.2215420717411725,nan,nan,0,0.07943523448351776,0,832d821e147a649e,327,13.254904765964302,8,0,0,0,0,0,nan,-1,0,0
47,553809.4000000954,-3811469.4182153256,3566808.7827237993,3652664.2755420734,0,0,0,0,0,1,1,2.3037329467884917,4.662047340090508,5.070793541123231,19,2,0.28473158978728563,6.814965548955687,5.009162575977724,0,,0.0,0.0,0,nan,0,0,,0,nan,,0.0,0.0,0,nan,nan,nan,nan,nan,nan,0,0.0,0,nan,nan,0.5234522689064818,0,6.48981294248485,0.07962860678885164,0.01876953065784956,2,3.717116730153249,8.732791991005373,6.814965548955687,2.2271151595485317,nan,nan,0,0.07943864295158007,0,832d821e147a649e,327,13.253724857504697,8,0,0,0,0,0,nan,-1,0,0
48,553809.599998951,-3811469.4134697006,3566808.7775105317,3652664.2671238803,0,0,0,0,0,1,1,2.3035126079520354,4.662806061449053,5.060965283991186,19,3,0.28473158978728563,6.8111547264812495,5.003372056541124,0,,0.0,0.0,0,nan,0,0,,0,nan,,0.0,0.0,0,nan,nan,nan,nan,nan,nan,0,0.0,0,nan,nan,0.5126804968030875,0,6.492331118537458,0.07963673397986434,0.018752231344797678,2,3.7176777111431942,8.733913563121483,6.8111547264812495,2.233486817838483,nan,nan,0,0.07944718309048004,0,832d821e147a649e,327,13.250766748976034,8,0,0,0,0,0,nan,-1,0,0
49,553809.7999999523,-3811469.3977967124,3566808.765014775,3652664.2510027033,0,0,0,0,0,1,1,2.3035167857573025,4.662994926323258,5.036159613657036,19,4,0.28473158978728563,6.798190767216363,4.986084146374052,0,,0.0,0.0,0,nan,0,0,,0,nan,,0.0,0.0,0,nan,nan,nan,nan,nan,nan,0,0.0,0,nan,nan,0.48868327465638195,1,6.492792274494138,0.0796385113919848,0.018748925911526534,2,3.717756634619613,8.734218885274654,6.798190767216363,2.240082038541546,nan,nan,0,0.07944905079083922,0,832d821e147a649e,327,13.250119936395901,8,0,0,0,0,0,nan,-1,0,0
50,553810.0,-3811469.2985404828,3566808.640770682,3652664.524779216,0,0,0,0,0,1,1,1.9865545139147776,4.629727086879631,4.962177133669494,19,0,0.26506036033573993,6.559054910956704,5.043826733986377,0,,0.0,0.0,0,nan,0,0,,0,nan,,0.0,0.0,0,nan,nan,nan,nan,nan,nan,0,0.0,0,nan,nan,0.5161427768165534,0,5.043826733986377,0.19109677550128568,0.0,1,1.9865545139147776,4.629727086879631,6.559054910956704,2.1205173581613557,0.26506036033573993,1.8608898760313553,0,0.19109677550128568,0,832d821e147a649e,386,12.282067873160814,8,12,1,528,33,32,0.507775466887582,183,19,17
51,553810.199999094,-3811469.3039292046,3566808.64487794,3652664.529502901,0,0,0,0,0,1,1,1.9835538704023266,4.629027086824721,4.972768557405449,19,1,0.26506036033573993,6.563846145743955,5.053793277537406,0,,0.0,0.0,0,nan,0,0,,0,nan,,0.0,0.0,0,nan,nan,nan,nan,nan,nan,0,0.0,0,nan,nan,0.5249926124364238,0,5.053793277537406,0.2037504162899839,0.0,1,1.9835538704023266,4.629027086824721,6.563846145743955,2.1232300878221277,nan,nan,0,0.2037504162899839,0,832d821e147a649e,386,10.921037749095069,8,0,0,0,0,0,nan,-1,0,0
52,553810.4000000954,-3811469.315596398,3566808.65828624,3652664.5406800522,0,0,0,0,0,1,1,1.9828512465473547,4.629294288122553,4.993502813661418,19,2,0.26506036033573993,6.5773148379183635,5.0704817346150435,0,,0.0,0.0,0,nan,0,0,,0,nan,,0.0,0.0,0,nan,nan,nan,nan,nan,nan,0,0.0,0,nan,nan,0.5446667540000599,0,5.0704817346150435,0.20474919092367194,0.0,1,1.9828512465473547,4.629294288122553,6.5773148379183635,2.129054448480933,nan,nan,0,0.20474919092367194,0,832d821e147a649e,386,10.826534174893014,8,0,0,0,0,0,nan,-1,0,0
53,553810.599998951,-3811469.34256695,3566808.6845943565,3652664.568832754,0,0,0,0,0,1,1,1.982629957957496,4.629446757774539,5.040506943397922,19,3,0.26506036033573993,6.60440914717434,5.104038716056641,0,,0.0,0.0,0,nan,0,0,,0,nan,,0.0,0.0,0,nan,nan,nan,nan,nan,nan,0,0.0,0,nan,nan,0.5896697122139821,0,5.104038716056641,0.20485619439442124,0.0,1,1.982629957957496,4.629446757774539,6.60440914717434,2.1357169279087573,nan,nan,0,0.20485619439442124,0,832d821e147a649e,386,10.81777653833023,8,0,0,0,0,0,nan,-1,0,0
54,553810.7999999523,-3811469.3769528917,3566808.7217116025,3652664.6004809807,0,0,0,0,0,1,1,1.98256185111888,4.62941769379144,5.098551211388733,19,4,0.26506036033573993,6.643192315066824,5.149633970050896,0,,0.0,0.0,0,nan,0,0,,0,nan,,0.0,0.0,0,nan,nan,nan,nan,nan,nan,0,0.0,0,nan,nan,0.5585520974878938,0,5.149633970050896,0.20486837863435106,0.0,1,1.98256185111888,4.62941769379144,6.643192315066824,2.142612579201163,nan,nan,0,0.20486837863435106,0,832d821e147a649e,386,10.81681803401872,8,0,0,0,0,0,nan,-1,0,0
55,553811.0,-3811469.235102616,3566808.4984445698,3652664.8116010264,0,0,0,0,0,1,1,1.6816674228057544,4.654814586367037,5.151119482644341,19,0,0.25623423622778385,6.33108764208706,5.099970019674806,0,,0.0,0.0,0,nan,0,0,,0,nan,,0.0,0.0,0,nan,nan,nan,nan,nan,nan,0,0.0,0,nan,nan,0.5663892385927307,0,5.099970019674806,0.29756950409728294,0.0,1,1.6816674228057544,4.654814586367037,6.33108764208706,2.0332112461865335,0.25623423622778385,1.334637417535249,0,0.29756950409728294,0,832d821e147a649e,419,8.905865579752785,8,12,1,528,33,32,0.4809404250264707,250,19,17
56,553811.199999094,-3811469.2729791864,3566808.5359099815,3652664.848355844,0,0,0,0,0,1,1,1.6801621526857622,4.655442818240282,5.235284514033264,19,1,0.25623423622778385,6.372082856127787,5.155963265456957,0,,0.0,0.0,0,nan,0,0,,0,nan,,0.0,0.0,0,nan,nan,nan,nan,nan,nan,0,0.0,0,nan,nan,0.6196877781791222,0,5.155963265456957,0.3181538537810696,0.0,1,1.6801621526857622,4.655442818240282,6.372082856127787,2.036041422985263,nan,nan,0,0.31815385378106964,0,832d821e147a649e,419,7.845418538281586,8,0,0,0,0,0,nan,-1,0,0
57,553811.4000000954,-3811469.3265806404,3566808.588842787,3652664.9009892987,0,0,0,0,0,1,1,1.6798181976910147,4.656052371493422,5.331168126328143,19,2,0.25623423622778385,6.430540122500017,5.226062161842653,0,,0.0,0.0,0,nan,0,0,,0,nan,,0.0,0.0,0,nan,nan,nan,nan,nan,nan,0,0.0,0,nan,nan,0.5304540536956864,0,5.226062161842653,0.31981053605042337,0.0,1,1.6798181976910147,4.656052371493422,6.430540122500017,2.042114738166459,nan,nan,0,0.31981053605042337,0,832d821e147a649e,419,7.769495812494731,8,0,0,0,0,0,nan,-1,0,0
58,553811.599998951,-3811469.383561751,3566808.6461469145,3652664.9577724473,0,0,0,0,0,1,1,1.6797312734111471,4.656157885355474,5.429669591884242,19,3,0.25623423622778385,6.494106070676691,5.300269142042553,0,,0.0,0.0,0,nan,0,0,,0,nan,,0.0,0.0,0,nan,nan,nan,nan,nan,nan,0,0.0,0,nan,nan,0.4441806074347092,1,5.300269142042553,0.31998023115226304,0.0,1,1.6797312734111471,4.656157885355474,6.494106070676691,2.0490599946754635,nan,nan,0,0.31998023115226304,0,832d821e147a649e,419,7.761780713618233,8,0,0,0,0,0,nan,-1,0,0
59,553811.7999999523,-3811469.4447181495,3566808.7062500827,3652665.0216358565,0,0,0,0,0,1,1,1.6797049236678625,4.65622484437655,5.535782839134796,19,4,0.25623423622778385,6.561561787920344,5.37919995758683,0,,0.0,0.0,0,nan,0,0,,0,nan,,0.0,0.0,0,nan,nan,nan,nan,nan,nan,0,0.0,0,nan,nan,0.360411651641923,1,5.37919995758683,0.3199941563212746,0.0,1,1.6797049236678625,4.65622484437655,6.561561787920344,2.056246294564471,nan,nan,0,0.3199941563212746,0,832d821e147a649e,419,7.761159109215198,8,0,0,0,0,0,nan,-1,0,0
60,553812.0,-3811469.1845345027,3566808.40403197,3652665.053313325,0,0,0,0,0,1,1,1.4513301177092748,4.739339686328404,5.6052376997611,19,0,0.24999160052313082,6.166848881541285,5.176966048512011,0,,0.0,0.0,0,nan,0,0,,0,nan,,0.0,0.0,0,nan,nan,nan,nan,nan,nan,0,0.0,0,nan,nan,0.5756173460992354,0,5.176966048512011,0.25901509169929754,0.0,1,1.4513301177092748,4.739339686328404,6.166848881541285,1.9549034460280577,0.24999160052313082,1.3371359063100048,0,0.25901509169929754,0,832d821e147a649e,479,11.963163440605621,8,12,1,528,33,32,0.5070445280605,453,19,17
61,553812.199999094,-3811469.2331142887,3566808.4537998647,3652665.1059620883,0,0,0,0,0,1,1,1.449475860115741,4.743448909767405,5.7343701358619805,19,1,0.24999160052313082,6.221608856680122,5.255614065609268,0,,0.0,0.0,0,nan,0,0,,0,nan,,0.0,0.0,0,nan,nan,nan,nan,nan,nan,0,0.0,0,nan,nan,0.48116655140180964,1,5.255614065609268,0.274635001378212,0.0,1,1.449475860115741,4.743448909767405,6.221608856680122,1.9578471472005274,nan,nan,0,0.274635001378212,0,832d821e147a649e,479,10.717293153156977,8,0,0,0,0,0,nan,-1,0,0
62,553812.4000000954,-3811469.2980974317,3566808.5156194377,3652665.1719480325,0,0,0,0,0,1,1,1.4491541633271876,4.74442437619403,5.853623862766625,19,2,0.24999160052313082,6.29338323410037,5.341464385269977,0,,0.0,0.0,0,nan,0,0,,0,nan,,0.0,0.0,0,nan,nan,nan,nan,nan,nan,0,0.0,0,nan,nan,0.39150289565036744,1,5.341464385269977,0.2759360045772877,0.0,1,1.4491541633271876,4.74442437619403,6.29338323410037,1.9641623367477135,nan,nan,0,0.2759360045772877,0,832d821e147a649e,479,10.624650811563649,8,0,0,0,0,0,nan,-1,0,0
63,553812.599998951,-3811469.323044764,3566808.5407642205,3652665.198648223,0,0,0,0,0,1,1,1.4491373320164362,4.7442958900201155,5.897989477991351,19,3,0.24999160052313082,6.322016967199731,5.374573490758898,0,,0.0,0.0,0,nan,0,0,,0,nan,,0.0,0.0,0,nan,nan,nan,nan,nan,nan,0,0.0,0,nan,nan,0.36193487465403384,1,5.374573490758898,0.27632329946691825,0.0,1,1.4491373320164362,4.7442958900201155,6.322016967199731,1.971382263637691,nan,nan,0,0.27632329946691825,0,832d821e147a649e,479,10.597994014011094,8,0,0,0,0,0,nan,-1,0,0
64,553812.7999999523,-3811469.331030157,3566808.5471869325,3652665.210737892,0,0,0,0,0,1,1,1.449120745759751,4.744381041483621,5.9142620585397925,19,4,0.24999160052313082,6.329239134620994,5.383918777044816,0,,0.0,0.0,0,nan,0,0,,0,nan,,0.0,0.0,0,nan,nan,nan,nan,nan,nan,0,0.0,0,nan,nan,0.353219972468752,1,5.383918777044816,0.2763633386780667,0.0,1,1.449120745759751,4.744381041483621,6.329239134620994,1.978850681069604,nan,nan,0,0.2763633386780667,0,832d821e147a649e,479,10.595249662390865,8,0,0,0,0,0,nan,-1,0,0
65,553813.0,-3811469.0978832426,3566808.2461486016,3652665.22409359,0,0,0,0,0,1,1,1.2355362317328653,4.782281759401053,5.734677466175247,18,0,0.20590055846808142,5.954818255721592,5.149272017672253,0,,0.0,0.0,0,nan,0,0,,0,nan,,0.0,0.0,0,nan,nan,nan,nan,nan,nan,0,0.0,0,nan,nan,0.5859591767103849,0,5.149272017672253,0.19850671240268664,0.0,1,1.2355362317328653,4.782281759401053,5.954818255721592,1.887203157661293,0.20590055846808142,0.8545983346324524,0,0.19850671240268664,0,832d821e147a649e,493,14.478276971502066,8,12,1,528,33,32,0.49729978860863544,484,18,17
66,553813.199999094,-3811469.0866705896,3566808.2339572455,3652665.214502371,0,0,0,0,0,1,1,1.2348526299726494,4.789735999262579,5.739384637460836,18,1,0.20590055846808142,5.940850326801397,5.138793228567581,0,,0.0,0.0,0,nan,0,0,,0,nan,,0.0,0.0,0,nan,nan,nan,nan,nan,nan,0,0.0,0,nan,nan,0.596201905072768,0,5.138793228567581,0.21004514498776358,0.0,1,1.2348526299726494,4.789735999262579,5.940850326801397,1.890252728871852,nan,nan,0,0.21004514498776358,0,832d821e147a649e,493,13.006423482552236,8,0,0,0,0,0,nan,-1,0,0
67,553813.4000000954,-3811469.0863395133,3566808.2326866523,3652665.2164501403,0,0,0,0,0,1,1,1.234684454310624,4.791288528232806,5.74575562771126,18,2,0.20590055846808142,5.9392505269522475,5.138495421928081,0,,0.0,0.0,0,nan,0,0,,0,nan,,0.0,0.0,0,nan,nan,nan,nan,nan,nan,0,0.0,0,nan,nan,0.5947727715685787,0,5.138495421928081,0.21088068881475922,0.0,1,1.234684454310624,4.791288528232806,5.9392505269522475,1.8967930862073663,nan,nan,0,0.21088068881475922,0,832d821e147a649e,493,12.909924710289449,8,0,0,0,0,0,nan,-1,0,0
68,553813.599998951,-3811469.0871777595,3566808.234115772,3652665.22406919,0,0,0,0,0,1,1,1.2346522200535253,4.791887541655639,5.753886074567227,18,3,0.20590055846808142,5.939136892899335,5.139329168326645,0,,0.0,0.0,0,nan,0,0,,0,nan,,0.0,0.0,0,nan,nan,nan,nan,nan,nan,0,0.0,0,nan,nan,0.5908222101806151,0,5.139329168326645,0.21096175361948338,0.0,1,1.2346522200535253,4.791887541655639,5.939136892899335,1.9042684866028543,nan,nan,0,0.21096175361948338,0,832d821e147a649e,493,12.90056561768412,8,0,0,0,0,0,nan,-1,0,0
69,553813.7999999523,-3811469.0913300556,3566808.235501047,3652665.228706436,0,0,0,0,0,1,1,1.2346408629676324,4.792002198463403,5.7603227340181204,18,4,0.20590055846808142,5.941714552284891,5.1427692333201716,0,,0.0,0.0,0,nan,0,0,,0,nan,,0.0,0.0,0,nan,nan,nan,nan,nan,nan,0,0.0,0,nan,nan,0.585162741897512,0,5.1427692333201716,0.21097201069602695,0.0,1,1.2346408629676324,4.792002198463403,5.941714552284891,1.9119990826985265,nan,nan,0,0.21097201069602695,0,832d821e147a649e,493,12.899427573701765,8,0,0,0,0,0,nan,-1,0,0
70,553814.0,-3811469.037298305,3566808.123900659,3652665.37507361,0,0,0,0,1,1,1,6.730418163702704,1.51362729236842,5.580307989813202,19,0,0.17166137233746512,5.7928469079199845,6.458377267508859,0,,0.0,0.0,0,nan,0,0,,0,nan,,0.0,0.0,0,nan,nan,nan,nan,nan,nan,0,0.0,0,nan,nan,0.5557706260247911,0,6.458655615928246,0.1858090870762205,0.031576462096855294,2,6.732806926219456,1.515603905350003,5.7928469079199845,1.8222119807090562,0.17166137233746512,0.6712067054049101,0,0.18427729963026918,0,994d54c9040caa4d,505,13.483696352905335,8,12,1,528,33,32,0.4861670440812106,452,19,17
71,553814.199999094,-3811469.0540562454,3566808.1413113913,3652665.3910148344,0,0,0,0,1,1,1,6.729627676815367,1.5097819476030045,5.61628545237455,19,1,0.17166137233746512,5.813242256654249,6.483642675839249,0,,0.0,0.0,0,nan,0,0,,0,nan,,0.0,0.0,0,nan,nan,nan,nan,nan,nan,0,0.0,0,nan,nan,0.5810073699792442,0,6.483863259947029,0.1964044214626307,0.02648263061224035,2,6.73132118841151,1.5111902197977742,5.813242256654249,1.8253700871584446,nan,nan,0,0.19526415481999537,0,994d54c9040caa4d,505,12.137006006876234,8,0,0,0,0,0,nan,-1,0,0
72,553814.4000000954,-3811469.078650902,3566808.166167389,3652665.413996416,0,0,0,0,1,1,1,6.729327728504254,1.5089406821300484,5.658664875517778,19,2,0.17166137233746512,5.8428614098649145,6.521778916043504,0,,0.0,0.0,0,nan,0,0,,0,nan,,0.0,0.0,0,nan,nan,nan,nan,nan,nan,0,0.0,0,nan,nan,0.6025896471443468,0,6.52199764585775,0.19717308023475758,0.026043460739894064,2,6.73097135956492,1.5103092507680629,5.8428614098649145,1.8321420652407963,nan,nan,0,0.19606440709791698,0,994d54c9040caa4d,505,12.05065288800344,8,0,0,0,0,0,nan,-1,0,0
73,553814.599998951,-3811469.1003943384,3566808.188215709,3652665.432468175,0,0,0,0,1,1,1,6.729171988138269,1.508790084775117,5.6937449792407095,19,3,0.17166137233746512,5.86957827210506,6.554275633025375,0,,0.0,0.0,0,nan,0,0,,0,nan,,0.0,0.0,0,nan,nan,nan,nan,nan,nan,0,0.0,0,nan,nan,0.5699991275408796,0,6.55449118286431,0.1972623607801477,0.02599004811961653,2,6.730809975715813,1.5101542129049608,5.86957827210506,1.8398801572128798,nan,nan,0,0.19615739612850747,0,994d54c9040caa4d,505,12.040407584154563,8,0,0,0,0,0,nan,-1,0,0
74,553814.7999999523,-3811469.1283504013,3566808.217287369,3652665.456551214,0,0,0,0,1,1,1,6.7291536950644035,1.5087004553883157,5.739741364493762,19,4,0.17166137233746512,5.904559055478418,6.597132627820814,0,,0.0,0.0,0,nan,0,0,,0,nan,,0.0,0.0,0,nan,nan,nan,nan,nan,nan,0,0.0,0,nan,nan,0.5280318588637608,0,6.597344078960663,0.1972658905479593,0.025985484336762902,2,6.730791832345649,1.5100649214394934,5.904559055478418,1.8478801402022942,nan,nan,0,0.19616105273594017,0,994d54c9040caa4d,505,12.040128734132313,8,0,0,0,0,0,nan,-1,0,0
75,553815.0,-3811468.9644313212,3566808.0002683788,3652665.475848125,0,0,0,0,1,1,1,6.607832494522287,1.5768891858048986,5.563605699858875,18,0,0.16723452360142665,5.634140693340448,6.491123611871531,0,,0.0,0.0,0,nan,0,0,,0,nan,,0.0,0.0,0,nan,nan,nan,nan,nan,nan,0,0.0,0,nan,nan,0.5852289279566706,0,6.491271962685565,0.2310502082790091,0.023202659712494376,2,6.609097624182417,1.5779333159410254,5.634140693340448,1.7651404205727586,0.16723452360142665,0.6444207763429423,0,0.23002890640348703,0,994d54c9040caa4d,508,11.990115937516366,8,12,1,528,33,32,0.5098944200080548,421,18,17
76,553815.199999094,-3811468.9626228022,3566807.997926585,3652665.473465487,0,0,0,0,1,1,1,6.61032920794297,1.5771950819717746,5.570540408788409,18,1,0.16723452360142665,5.631694436909621,6.493734313626956,0,,0.0,0.0,0,nan,0,0,,0,nan,,0.0,0.0,0,nan,nan,nan,nan,nan,nan,0,0.0,0,nan,nan,0.587713244525696,0,6.4938373581003175,0.24433265790605418,0.018918947888539844,2,6.611173823571371,1.5778941250809062,5.631694436909621,1.7684010070562826,nan,nan,0,0.2436102247504596,0,994d54c9040caa4d,508,10.78811081696891,8,0,0,0,0,0,nan,-1,0,0
77,553815.4000000954,-3811468.961974218,3566807.996615348,3652665.4761489625,0,0,0,0,1,1,1,6.610988021751994,1.576593554609826,5.574369835415747,18,2,0.16723452360142665,5.6297856190029805,6.496628260058775,0,,0.0,0.0,0,nan,0,0,,0,nan,,0.0,0.0,0,nan,nan,nan,nan,nan,nan,0,0.0,0,nan,nan,0.5906406650103045,0,6.496728976359676,0.2452756389888733,0.018578888734193288,2,6.6118026476284895,1.5772682154297413,5.6297856190029805,1.775390432894277,nan,nan,0,0.2445766852207565,0,994d54c9040caa4d,508,10.712710598235951,8,0,0,0,0,0,nan,-1,0,0
78,553815.599998951,-3811468.965777788,3566807.9991327194,3652665.4802612495,0,0,0,0,1,1,1,6.6111827814487105,1.5765773277966213,5.581459481005151,18,3,0.16723452360142665,5.633293496618416,6.502933506843845,0,,0.0,0.0,0,nan,0,0,,0,nan,,0.0,0.0,0,nan,nan,nan,nan,nan,nan,0,0.0,0,nan,nan,0.596981507469639,0,6.503034143071688,0.2453684165895205,0.018536784108210122,2,6.611994271835095,1.5772495969839195,5.633293496618416,1.7833748257732964,nan,nan,0,0.24467173283542942,0,994d54c9040caa4d,508,10.705409845229308,8,0,0,0,0,0,nan,-1,0,0
79,553815.7999999523,-3811468.9675551504,3566807.998609478,3652665.478977498,0,0,0,0,1,1,1,6.611224016364246,1.5765892610545869,5.581387508215798,18,4,0.16723452360142665,5.634264974908431,6.502343317349076,0,,0.0,0.0,0,nan,0,0,,0,nan,,0.0,0.0,0,nan,nan,nan,nan,nan,nan,0,0.0,0,nan,nan,0.5964497719292062,0,6.502443705368249,0.24537831399998586,0.01853144369889609,2,6.6120350679254525,1.577261188937925,5.634264974908431,1.7916271459200621,nan,nan,0,0.24468189133194515,0,994d54c9040caa4d,508,10.704600085276589,8,0,0,0,0,0,nan,-1,0,0
80,553816.0,-3811468.878908008,3566807.8702539033,3652665.593582837,0,0,0,0,1,1,1,6.43432973928932,1.6479932584159203,5.38969395983052,18,0,0.15067004659052766,5.460617008571898,6.442116340963564,0,,0.0,0.0,0,nan,0,0,,0,nan,,0.0,0.0,0,nan,nan,nan,nan,nan,nan,0,0.0,0,nan,nan,0.533429102761802,0,6.442217074364261,0.26883589428307325,0.017418442326851604,2,6.435046312000297,1.6485627040229398,5.460617008571898,1.7121542298193912,0.15067004659052766,0.48750634448403524,0,0.2681627848028404,0,994d54c9040caa4d,512,9.73641232705584,8,12,1,528,33,32,0.4861781816409236,374,18,17
81,553816.199999094,-3811468.889186431,3566807.880308708,3652665.603812291,0,0,0,0,1,1,1,6.434711913700133,1.6451121442276158,5.415210176595309,18,1,0.15067004659052766,5.472926503892927,6.459034184982189,0,,0.0,0.0,0,nan,0,0,,0,nan,,0.0,0.0,0,nan,nan,nan,nan,nan,nan,0,0.0,0,nan,nan,0.5501046459646676,0,6.4590999460073295,0.28368867437029127,0.013089584683486397,2,6.435122427668593,1.645440706101969,5.472926503892927,1.7155155646892941,nan,nan,0,0.2832846537695026,0,994d54c9040caa4d,512,8.782464848899501,8,0,0,0,0,0,nan,-1,0,0
82,553816.3999989033,-3811468.902836786,3566807.895093014,3652665.6192629123,0,0,0,0,1,1,1,6.434538932926936,1.6446181926421557,5.440614649113292,18,2,0.15067004659052766,5.490079674497418,6.482671880316885,0,,0.0,0.0,0,nan,0,0,,0,nan,,0.0,0.0,0,nan,nan,nan,nan,nan,nan,0,0.0,0,nan,nan,0.5735863475187473,0,6.482736124771451,0.28472744257757626,0.01275884134248785,2,6.4349303530517705,1.6449319457147875,5.490079674497418,1.7227195117517602,nan,nan,0,0.28434173465152013,0,994d54c9040caa4d,512,8.722987685478031,8,0,0,0,0,0,nan,-1,0,0
83,553816.5999999046,-3811468.909679358,3566807.900495396,3652665.6277586543,0,0,0,0,1,1,1,6.4344153663617565,1.6446155722620446,5.452336005349673,18,3,0.15067004659052766,5.497062703441286,6.494130397949659,0,,0.0,0.0,0,nan,0,0,,0,nan,,0.0,0.0,0,nan,nan,nan,nan,nan,nan,0,0.0,0,nan,nan,0.5851062500775378,0,6.494194351562377,0.28484964519306083,0.01272125610806579,2,6.434804552991092,1.64492751533419,5.497062703441286,1.730947006658849,nan,nan,0,0.2844660976639892,0,994d54c9040caa4d,512,8.716003612822623,8,0,0,0,0,0,nan,-1,0,0
84,553816.7999999523,-3811468.902958673,3566807.893729498,3652665.6224793,0,0,0,0,1,1,1,6.434360466529858,1.644640021967984,5.441563480377495,18,4,0.15067004659052766,5.488584600800307,6.484236017928183,0,,0.0,0.0,0,nan,0,0,,0,nan,,0.0,0.0,0,nan,nan,nan,nan,nan,nan,0,0.0,0,nan,nan,0.5752596908821263,0,6.484300172218877,0.2848695899531198,0.012714741549178156,2,6.4347492386540095,1.6449516197624845,5.488584600800307,1.7394480273096997,nan,nan,0,0.28448640746422715,0,994d54c9040caa4d,512,8.714847898496162,8,0,0,0,0,0,nan,-1,0,0
85,553817.0,-3811468.8169170558,3566807.7924411534,3652665.732098982,0,0,0,0,1,1,1,6.2702805161759905,1.6746445000733357,5.294819844578226,19,0,0.16129119387086358,5.33972507027378,6.421565462620812,0,,0.0,0.0,0,nan,0,0,,0,nan,,0.0,0.0,0,nan,nan,nan,nan,nan,nan,0,0.0,0,nan,nan,0.5104042078871127,0,6.421644158433856,0.29877825679781395,0.014170218699479663,2,6.270759355443164,1.6750172181659637,5.33972507027378,1.6605523074598696,0.16129119387086358,0.3482728961220111,0,0.2982813225499326,0,994d54c9040caa4d,512,7.998318906918643,8,12,1,528,33,32,0.4740356342482418,341,19,17
86,553817.199999094,-3811468.789584278,3566807.765068103,3652665.7043454917,0,0,0,0,1,1,1,6.268971867168386,1.6764816174368797,5.241449213974157,19,1,0.16129119387086358,5.306002063462841,6.3739739555155985,0,,0.0,0.0,0,nan,0,0,,0,nan,,0.0,0.0,0,nan,nan,nan,nan,nan,nan,0,0.0,0,nan,nan,0.464020726116487,1,6.374008875870708,0.3149346338904699,0.009822068232554845,2,6.269200036580599,1.6766583508832027,5.306002063462841,1.664017975913443,nan,nan,0,0.3146831179434985,0,994d54c9040caa4d,512,7.218326536847272,8,0,0,0,0,0,nan,-1,0,0
87,553817.3999989033,-3811468.7791701336,3566807.7530020396,3652665.6942558023,0,0,0,0,1,1,1,6.269605402882797,1.6749827403615307,5.227438423879993,19,2,0.16129119387086358,5.291895731050397,6.357941868160322,0,,0.0,0.0,0,nan,0,0,,0,nan,,0.0,0.0,0,nan,nan,nan,nan,nan,nan,0,0.0,0,nan,nan,0.4488481955074559,1,6.357976931842734,0.31609378894511225,0.00949596678198289,2,6.269819988961488,1.6751495613884702,5.291895731050397,1.6714439156460614,nan,nan,0,0.3158572327251432,0,994d54c9040caa4d,512,7.168507922219844,8,0,0,0,0,0,nan,-1,0,0
88,553817.5999999046,-3811468.777137907,3566807.7511370927,3652665.6918531856,0,0,0,0,1,1,1,6.269638730919147,1.6748643064306468,5.224177145156627,19,3,0.16129119387086358,5.289586413029958,6.3544997977194635,0,,0.0,0.0,0,nan,0,0,,0,nan,,0.0,0.0,0,nan,nan,nan,nan,nan,nan,0,0.0,0,nan,nan,0.44550937257127543,1,6.354534807315201,0.3162029178981641,0.009461795290937158,2,6.26985196347071,1.6750301452943186,5.289586413029958,1.6799225601746655,nan,nan,0,0.3159677434267732,0,994d54c9040caa4d,512,7.163850546383548,8,0,0,0,0,0,nan,-1,0,0
89,553817.7999999523,-3811468.7767216642,3566807.7499405225,3652665.6927631916,0,0,0,0,1,1,1,6.269639901556413,1.6748232598278057,5.224023634889864,19,4,0.16129119387086358,5.288271008541489,6.354541584119575,0,,0.0,0.0,0,nan,0,0,,0,nan,,0.0,0.0,0,nan,nan,nan,nan,nan,nan,0,0.0,0,nan,nan,0.44576213011305754,1,6.354576636517116,0.3162141323265821,0.009459098510892121,2,6.26985300558213,1.674989000311351,5.288271008541489,1.6886804655036185,nan,nan,0,0.31597909962718035,0,994d54c9040caa4d,512,7.163372205013359,8,0,0,0,0,0,nan,-1,0,0
90,553818.0,-3811468.7353828726,3566807.691360277,3652665.845512674,0,0,0,0,0,1,1,6.116050542441879,1.774663542247961,5.072363734970376,18,0,0.11031835963790779,5.194834180173555,6.4050076512201395,0,,0.0,0.0,0,nan,0,0,,0,nan,,0.0,0.0,0,nan,nan,nan,nan,nan,nan,0,0.0,0,nan,nan,0.4900436784435335,1,6.405102947204738,0.3134369608287811,0.012413968496088765,2,6.11643474947067,1.7749502438160707,5.194834180173555,1.6144343408829938,0.11031835963790779,0.3497947379215988,0,0.313031826401643,0,994d54c9040caa4d,512,7.071327098838246,8,12,1,528,33,32,0.49072919344755517,312,18,17
91,553818.199999094,-3811468.7391064353,3566807.6956073996,3652665.849251501,0,0,0,0,0,1,1,6.11385666280457,1.7770649327549055,5.069550064158991,18,1,0.11031835963790779,5.199922486511884,6.40689445420453,0,,0.0,0.0,0,nan,0,0,,0,nan,,0.0,0.0,0,nan,nan,nan,nan,nan,nan,0,0.0,0,nan,nan,0.4916489715150669,1,6.406932015216965,0.3301060073562451,0.008073457203352256,2,6.114018055590704,1.7771845044621444,5.199922486511884,1.6179992590076882,nan,nan,0,0.3299254579409398,0,994d54c9040caa4d,512,6.3878246135021595,8,0,0,0,0,0,nan,-1,0,0
92,553818.3999989033,-3811468.74180484,3566807.696229558,3652665.8534990577,0,0,0,0,0,1,1,6.113621330701824,1.7768017358765547,5.073472589110489,18,2,0.11031835963790779,5.201547054065843,6.411056581516809,0,,0.0,0.0,0,nan,0,0,,0,nan,,0.0,0.0,0,nan,nan,nan,nan,nan,nan,0,0.0,0,nan,nan,0.49590893910717954,1,6.411091450709441,0.3311964307918485,0.007811680003524779,2,6.113772046665221,1.7769132470769955,5.201547054065843,1.6256355387093915,nan,nan,0,0.33102739378143164,0,994d54c9040caa4d,512,6.347686521373341,8,0,0,0,0,0,nan,-1,0,0
93,553818.5999999046,-3811468.7435135636,3566807.6972454316,3652665.8559057238,0,0,0,0,0,1,1,6.113506696048621,1.7769014918951689,5.076054612069313,18,3,0.11031835963790779,5.203086526608415,6.4138454198240025,0,,0.0,0.0,0,nan,0,0,,0,nan,,0.0,0.0,0,nan,nan,nan,nan,nan,nan,0,0.0,0,nan,nan,0.4987143565787729,1,6.4138798493763245,0.33130093655670423,0.00778389789962654,2,6.113656287851174,1.777012113210032,5.203086526608415,1.6343518753605377,nan,nan,0,0.33113297998532915,0,994d54c9040caa4d,512,6.343855005557629,8,0,0,0,0,0,nan,-1,0,0
94,553818.7999999523,-3811468.744718246,3566807.6983538847,3652665.855421672,0,0,0,0,0,1,1,6.113471042804387,1.7769383075285314,5.076747743709925,18,4,0.11031835963790779,5.204760967274487,6.414307066222403,0,,0.0,0.0,0,nan,0,0,,0,nan,,0.0,0.0,0,nan,nan,nan,nan,nan,nan,0,0.0,0,nan,nan,0.4990841177147782,1,6.414341362892482,0.33131128011761796,0.007780761848740959,2,6.113620494224407,1.7770488033396046,5.204760967274487,1.6433526676771246,nan,nan,0,0.33114343097003146,0,994d54c9040caa4d,512,6.343474504250606,8,0,0,0,0,0,nan,-1,0,0
95,553819.0,-3811468.636547822,3566807.554884948,3652665.9106425443,0,0,0,0,0,1,1,6.0333028111929226,1.9144844267832084,4.890138159597874,18,0,0.09650807870128013,5.019691785494193,6.432650966680772,0,,0.0,0.0,0,nan,0,0,,0,nan,,0.0,0.0,0,nan,nan,nan,nan,nan,nan,0,0.0,0,nan,nan,0.5137213007205821,0,6.432946488737209,0.29203373330891375,0.025464380035126966,5,6.034170498419856,1.9152214264322003,5.019691785494193,1.5710678464020085,0.09650807870128013,0.27321485315356214,0,0.2909230223557628,0,994d54c9040caa4d,512,7.100464964787509,8,12,1,528,33,32,0.5284102715165409,275,18,17
96,553819.199999094,-3811468.636808119,3566807.5548408963,3652665.9143909067,0,0,0,0,0,1,1,6.034604691365121,1.915325239899864,4.893977517305169,18,1,0.09650807870128013,5.019348060966175,6.437872716562075,0,,0.0,0.0,0,nan,0,0,,0,nan,,0.0,0.0,0,nan,nan,nan,nan,nan,nan,0,0.0,0,nan,nan,0.5188971253652862,0,6.437977160917341,0.3041547083583546,0.015155565026156132,5,6.0349309354814755,1.9155942314825734,5.019348060966175,1.5747309510157785,nan,nan,0,0.3037311328571462,0,994d54c9040caa4d,512,6.519897447558433,8,0,0,0,0,0,nan,-1,0,0
97,553819.3999989033,-3811468.6387844095,3566807.555983467,3652665.918199778,0,0,0,0,0,1,1,6.034933692841163,1.9156538342196452,4.898568483565775,18,2,0.09650807870128013,5.0209986749369175,6.442734650549868,0,,0.0,0.0,0,nan,0,0,,0,nan,,0.0,0.0,0,nan,nan,nan,nan,nan,nan,0,0.0,0,nan,nan,0.5237753337491858,0,6.442831769175489,0.3046853182695129,0.01461891179677627,5,6.035239194522635,1.915904920144312,5.0209986749369175,1.5825760258817991,nan,nan,0,0.30428869254567575,0,994d54c9040caa4d,512,6.49652980727758,8,0,0,0,0,0,nan,-1,0,0
98,553819.5999999046,-3811468.6393151586,3566807.556565854,3652665.922912061,0,0,0,0,0,1,1,6.035025273043545,1.915690843186315,4.902479296001756,18,3,0.09650807870128013,5.021187289397074,6.44717558724988,0,,0.0,0.0,0,nan,0,0,,0,nan,,0.0,0.0,0,nan,nan,nan,nan,nan,nan,0,0.0,0,nan,nan,0.5283396046980505,0,6.447272040875608,0.30473650998416896,0.014568890577441419,5,6.035328857695458,1.915940229554003,5.021187289397074,1.5915282050527608,nan,nan,0,0.30434246555198297,0,994d54c9040caa4d,512,6.494280737082109,8,0,0,0,0,0,nan,-1,0,0
99,553819.7999999523,-3811468.641817714,3566807.556025829,3652665.9311662726,0,0,0,0,0,1,1,6.035060142136715,1.9156902947256038,4.909242387919663,18,4,0.09650807870128013,5.021359757160374,6.454549616301997,0,,0.0,0.0,0,nan,0,0,,0,nan,,0.0,0.0,0,nan,nan,nan,nan,nan,nan,0,0.0,0,nan,nan,0.5360959531471899,0,6.454646178539178,0.3047419823752678,0.014563938002553952,5,6.035363566158965,1.9159395308032674,5.021359757160374,1.600769804175733,nan,nan,0,0.30434820331367246,0,994d54c9040caa4d,512,6.494046051232354,8,0,0,0,0,0,nan,-1,0,0
100,553820.0,-3811468.5541079477,3566807.437510714,3652665.968508439,0,0,0,0,0,1,1,5.952431824846155,2.0325885822836502,4.730786090350278,18,0,0.08261153489824674,4.870813625953213,6.44140985574359,0,,0.0,0.0,0,nan,0,0,,0,nan,,0.0,0.0,0,nan,nan,nan,nan,nan,nan,0,0.0,0,nan,nan,0.43444712746381153,1,6.441402945248759,0.24905118931871711,0.022394382506382402,8,5.95304887884458,2.0329590073178987,4.870813625953213,1.5301583551075884,0.08261153489824674,0.2516350132432009,0,0.24790891771874773,0,994d54c9040caa4d,512,7.357536659543613,8,12,1,528,33,32,0.4122136057772875,509,18,17
101,553820.199999094,-3811468.5551112634,3566807.4387408583,3652665.9705805383,0,0,0,0,0,1,1,5.953235084066409,2.0303385135270307,4.737012736466261,18,1,0.08261153489824674,4.872141507085222,6.445726626345518,0,,0.0,0.0,0,nan,0,0,,0,nan,,0.0,0.0,0,nan,nan,nan,nan,nan,nan,0,0.0,0,nan,nan,0.4418004473930606,1,6.445761095572021,0.25951434509098315,0.015648457117547462,8,5.953550203146141,2.030548612477594,4.872141507085222,1.5339193345582653,nan,nan,0,0.2589919253353732,0,994d54c9040caa4d,512,6.773957066145518,8,0,0,0,0,0,nan,-1,0,0
102,553820.3999989033,-3811468.554467566,3566807.438987627,3652665.970344634,0,0,0,0,0,1,1,5.953176593487733,2.0305988488563806,4.736208478639028,18,2,0.08261153489824674,4.871941036236305,6.445395230764629,0,,0.0,0.0,0,nan,0,0,,0,nan,,0.0,0.0,0,nan,nan,nan,nan,nan,nan,0,0.0,0,nan,nan,0.4411446461600115,1,6.445430458138575,0.2599886018561745,0.01533158527617142,8,5.953479596327708,2.0308020526315906,4.871941036236305,1.5419721028542017,nan,nan,0,0.2594907887991186,0,994d54c9040caa4d,512,6.750980493486905,8,0,0,0,0,0,nan,-1,0,0
103,553820.5999999046,-3811468.566214731,3566807.449401112,3652665.982010112,0,0,0,0,0,1,1,5.953332806571494,2.03023810492283,4.756360157979746,18,3,0.08261153489824674,4.886003146619511,6.464075785274165,0,,0.0,0.0,0,nan,0,0,,0,nan,,0.0,0.0,0,nan,nan,nan,nan,nan,nan,0,0.0,0,nan,nan,0.45978645212130154,1,6.4641119751731635,0.26003636760090215,0.015299229812981378,8,5.953635418875558,2.0304417238128023,4.886003146619511,1.5511586485323297,nan,nan,0,0.25954072585095633,0,994d54c9040caa4d,512,6.748905179497916,8,0,0,0,0,0,nan,-1,0,0
104,553820.7999999523,-3811468.580364131,3566807.4643471627,3652665.9947485225,0,0,0,0,0,1,1,5.9533456150190345,2.0302151900993883,4.780039635860467,18,4,0.08261153489824674,4.904954528168594,6.486304586369191,0,,0.0,0.0,0,nan,0,0,,0,nan,,0.0,0.0,0,nan,nan,nan,nan,nan,nan,0,0.0,0,nan,nan,0.48066664361640005,1,6.4863403321129125,0.2600411856963192,0.015295610203628499,8,5.95364816681701,2.0304188438773556,4.904954528168594,1.560639325014739,nan,nan,0,0.2595457767683833,0,994d54c9040caa4d,512,6.748685596906666,8,0,0,0,0,0,nan,-1,0,0
105,553821.0,-3811468.4539604494,3566807.306149873,3652666.019897038,0,0,0,0,0,1,1,2.8216488215640685,2.387488301972893,4.575131479767411,19,0,0.10109941856354684,4.701028825705114,2.8975495173587094,0,,0.0,0.0,0,nan,0,0,,0,nan,,0.0,0.0,0,nan,nan,nan,nan,nan,nan,0,0.0,0,nan,nan,0.43855420942552487,1,2.8989997723555474,0.23289851846144816,0.03421986480356717,7,2.8187604753504134,2.388840056013677,4.701028825705114,1.4898935554101393,0.10109941856354684,0.22508718476253217,0,0.22998333529914727,0,0495d0a68a8d8223,512,7.4313143249484,8,12,1,528,33,32,0.42146564436721495,479,19,17
106,553821.199999094,-3811468.463041869,3566807.315766122,3652666.0304021374,0,0,0,0,0,1,1,2.8211499523638857,2.389693362581563,4.598205726212484,19,1,0.10109941856354684,4.712981367175279,2.916514330461899,0,,0.0,0.0,0,nan,0,0,,0,nan,,0.0,0.0,0,nan,nan,nan,nan,nan,nan,0,0.0,0,nan,nan,0.46001797389556004,1,2.917697420828099,0.24170831071215892,0.03185531312235139,7,2.818620531130787,2.3909405604241676,4.712981367175279,1.493755958423994,nan,nan,0,0.2393492524537965,0,0495d0a68a8d8223,512,6.819906997279492,8,0,0,0,0,0,nan,-1,0,0
107,553821.3999989033,-3811468.4721323354,3566807.3232537475,3652666.0398862143,0,0,0,0,0,1,1,2.8210763534785186,2.389756853418857,4.613731244953801,19,2,0.10109941856354684,4.723474482020924,2.930338518586925,0,,0.0,0.0,0,nan,0,0,,0,nan,,0.0,0.0,0,nan,nan,nan,nan,nan,nan,0,0.0,0,nan,nan,0.47403662080227654,1,2.931505370537049,0.24204721982810537,0.03175065657475726,7,2.818561768684316,2.3910006202813223,4.723474482020924,1.5020240791443242,nan,nan,0,0.23971408302543237,0,0495d0a68a8d8223,512,6.795036640461125,8,0,0,0,0,0,nan,-1,0,0
108,553821.5999999046,-3811468.487521388,3566807.33707183,3652666.0585040287,0,0,0,0,0,1,1,2.821019942344576,2.390133001240776,4.642317865016059,19,3,0.10109941856354684,4.741889378283319,2.955324870492396,0,,0.0,0.0,0,nan,0,0,,0,nan,,0.0,0.0,0,nan,nan,nan,nan,nan,nan,0,0.0,0,nan,nan,0.5012036948502179,0,2.9564834378517895,0.24207404000027138,0.03174252420433175,7,2.818506669644621,2.391375218893288,4.741889378283319,1.5114534494126786,nan,nan,0,0.2397432945631951,0,0495d0a68a8d8223,512,6.792766356823584,8,0,0,0,0,0,nan,-1,0,0
109,553821.7999999523,-3811468.498966446,3566807.3479712936,3652666.0694378703,0,0,0,0,0,1,1,2.8210150144940997,2.3900992294671655,4.661247801351581,19,4,0.10109941856354684,4.756408538925942,2.973059541729814,0,,0.0,0.0,0,nan,0,0,,0,nan,,0.0,0.0,0,nan,nan,nan,nan,nan,nan,0,0.0,0,nan,nan,0.5183858189904015,0,2.974214439026207,0.242078318578622,0.03174138304599984,7,2.818501895926452,2.391341514341197,4.756408538925942,1.5211816072400826,nan,nan,0,0.23974785230743334,0,0495d0a68a8d8223,512,6.792498306279089,8,0,0,0,0,0,nan,-1,0,0
110,553822.0,-3811468.366795978,3566807.1951820585,3652666.079515507,0,0,0,0,0,1,1,2.6840238829021015,2.3128201226619325,4.513442818290191,19,0,0.09580900580672519,4.554417796108927,2.918115481474656,0,,0.0,0.0,0,nan,0,0,,0,nan,,0.0,0.0,0,nan,nan,nan,nan,nan,nan,0,0.0,0,nan,nan,0.43741145231936174,1,2.919144528541711,0.27830425595787345,0.029052092730707222,7,2.6819816417771203,2.313823496792655,4.554417796108927,1.4518613891260537,0.09580900580672519,0.23458075987996396,0,0.27557042635281725,0,0495d0a68a8d8223,512,6.743201187665819,8,12,1,528,33,32,0.41097493613923436,111,19,17
111,553822.199999094,-3811468.396445469,3566807.224230911,3652666.1126333876,0,0,0,0,0,1,1,2.683185778099627,2.3180094983804915,4.579754089202728,19,1,0.09580900580672519,4.592267392438219,2.972761984429469,0,,0.0,0.0,0,nan,0,0,,0,nan,,0.0,0.0,0,nan,nan,nan,nan,nan,nan,0,0.0,0,nan,nan,0.49798441726136994,1,2.973601898165001,0.28956067085849146,0.02663675438107929,7,2.6814451147802125,2.3188699949483675,4.592267392438219,1.4558249861039145,nan,nan,0,0.28742540326605365,0,0495d0a68a8d8223,512,6.181248086678409,8,0,0,0,0,0,nan,-1,0,0
112,553822.3999989033,-3811468.433035671,3566807.2606027587,3652666.149549613,0,0,0,0,0,1,1,2.6830231080176388,2.3189710659769736,4.645149069337984,19,2,0.09580900580672519,4.640125253966821,3.0328100687567834,0,,0.0,0.0,0,nan,0,0,,0,nan,,0.0,0.0,0,nan,nan,nan,nan,nan,nan,0,0.0,0,nan,nan,0.5585485021515152,0,3.033634845303416,0.29004161155773145,0.02653114238933028,7,2.681294722578844,2.3198243076715444,4.640125253966821,1.464307366794698,nan,nan,0,0.2879363270111923,0,0495d0a68a8d8223,512,6.157476336561874,8,0,0,0,0,0,nan,-1,0,0
113,553822.5999999046,-3811468.495169431,3566807.3239307012,3652666.2178813745,0,0,0,0,0,1,1,2.682897515874168,2.3201620812411563,4.758861840996554,19,3,0.09580900580672519,4.72301200125036,3.137609616547731,0,,0.0,0.0,0,nan,0,0,,0,nan,,0.0,0.0,0,nan,nan,nan,nan,nan,nan,0,0.0,0,nan,nan,0.49300680971697863,1,3.138421789535763,0.29005235800710777,0.0265343784964815,7,2.681168835892329,2.3210112812381563,4.72301200125036,1.4739780586275537,nan,nan,0,0.2879482806003638,0,0495d0a68a8d8223,512,6.156506292801114,8,0,0,0,0,0,nan,-1,0,0
114,553822.7999999523,-3811468.5736154537,3566807.399910786,3652666.298941172,0,0,0,0,0,1,1,2.6828709044044197,2.3203789145266493,4.894133650654775,19,4,0.09580900580672519,4.8266094848585706,3.264241524595037,0,,0.0,0.0,0,nan,0,0,,0,nan,,0.0,0.0,0,nan,nan,nan,nan,nan,nan,0,0.0,0,nan,nan,0.3757058830703468,1,3.265037496303089,0.29005175535561584,0.026536261677279283,7,2.6811419362546958,2.3212273706300133,4.8266094848585706,1.4839519154548166,nan,nan,0,0.28794771108255224,0,0495d0a68a8d8223,512,6.156478699578198,8,0,0,0,0,0,nan,-1,0,0
115,553823.0,-3811468.3071210613,3566807.122528986,3652666.160279836,0,0,0,0,0,1,1,2.5481405246810227,2.4785650161005877,4.856889811956668,19,0,0.07818896748069047,4.453110749404401,3.0322280110118043,0,,0.0,0.0,0,nan,0,0,,0,nan,,0.0,0.0,0,nan,nan,nan,nan,nan,nan,0,0.0,0,nan,nan,0.46835892129648876,1,3.033456269317175,0.3114619755312986,0.033117804169075137,8,2.546873917457639,2.4789907367176474,4.453110749404401,1.4158440950765059,0.07818896748069047,0.5499291585600596,0,0.3083295786533908,0,0495d0a68a8d8223,512,6.021755126387172,8,12,1,528,33,32,0.41001447745019504,112,19,17
116,553823.199999094,-3811468.35837787,3566807.175700028,3652666.2083267174,0,0,0,0,0,1,1,2.545582745405574,2.494146499418598,4.987374587346828,19,1,0.07818896748069047,4.52266282746532,3.138547694238519,0,,0.0,0.0,0,nan,0,0,,0,nan,,0.0,0.0,0,nan,nan,nan,nan,nan,nan,0,0.0,0,nan,nan,0.44555859953950605,1,3.1392316045639923,0.32435349756950127,0.024045115922096114,8,2.5443983899051608,2.494632449213212,4.52266282746532,1.4199083665795802,nan,nan,0,0.32219328229145827,0,0495d0a68a8d8223,512,5.503680010181332,8,0,0,0,0,0,nan,-1,0,0
117,553823.3999989033,-3811468.433264046,3566807.25222931,3652666.2826369973,0,0,0,0,0,1,1,2.545023223220775,2.498697405875824,5.127727183479904,19,2,0.07818896748069047,4.624302905662867,3.266758764026136,0,,0.0,0.0,0,nan,0,0,,0,nan,,0.0,0.0,0,nan,nan,nan,nan,nan,nan,0,0.0,0,nan,nan,0.3238305122923386,1,3.2674352268268394,0.32490270348765793,0.0238800398446677,8,2.5438495625102027,2.4991638104606593,4.624302905662867,1.428604050663526,nan,nan,0,0.3227795098422118,0,0495d0a68a8d8223,512,5.482387290828467,8,0,0,0,0,0,nan,-1,0,0
118,553823.5999999046,-3811468.526425609,3566807.342732031,3652666.378323031,0,0,0,0,0,1,1,2.544841892650803,2.500489941063817,5.2919738973191155,19,3,0.07818896748069047,4.749034182664432,3.4194669528735337,0,,0.0,0.0,0,nan,0,0,,0,nan,,0.0,0.0,0,nan,nan,nan,nan,nan,nan,0,0.0,0,nan,nan,0.20750359202305338,1,3.420134352875561,0.32491507744278675,0.023884142082123645,8,2.543667881393961,2.5009506847817855,4.749034182664432,1.4393613695508036,nan,nan,0,0.32279241832143896,0,0495d0a68a8d8223,512,5.481760515440992,8,0,0,0,0,0,nan,-1,0,0
119,553823.7999999523,-3811468.626168303,3566807.4400163204,3652666.4852314456,0,0,0,0,0,1,1,2.5447891213999223,2.5009886595737014,5.4679409752809,19,4,0.07818896748069047,4.885182020055159,3.5847815021455567,0,,0.0,0.0,0,nan,0,0,,0,nan,,0.0,0.0,0,nan,nan,nan,nan,nan,nan,0,0.0,0,nan,nan,0.18921047988282547,1,3.5854353783010957,0.3249155999411709,0.02388654701743283,8,2.5436150063063754,2.501447886499778,4.885182020055159,1.4513607916494302,nan,nan,0,0.3227929184113743,0,0495d0a68a8d8223,512,5.481717109138237,8,0,0,0,0,0,nan,-1,0,0
120,553824.0,-3811468.259865396,3566807.0599575657,3652666.3579538884,0,0,0,0,0,1,1,2.3616351630898786,2.881034226774444,5.4538701772375715,19,0,0.08988941241842627,4.361917432117349,3.1319751153474162,0,,0.0,0.0,0,nan,0,0,,0,nan,,0.0,0.0,0,nan,nan,nan,nan,nan,nan,0,0.0,0,nan,nan,0.39326464863018296,1,3.134440195785642,0.3124709329279026,0.04275273470424296,8,2.360572392645017,2.880597927737138,4.361917432117349,1.373252962372899,0.08988941241842627,0.7202377201934707,3,0.3065318779968169,0,0495d0a68a8d8223,512,6.356809173032879,8,12,1,528,33,32,0.4206191655593133,112,19,17
121,553824.199999094,-3811468.3186313105,3566807.114591428,3652666.4297831175,0,0,0,0,0,1,1,2.358395118098723,2.9070767832340394,5.61549863522789,19,1,0.08988941241842627,4.439043102720355,3.2527325277545063,0,,0.0,0.0,0,nan,0,0,,0,nan,,0.0,0.0,0,nan,nan,nan,nan,nan,nan,0,0.0,0,nan,nan,0.2648082437609956,1,3.2546422614031916,0.32834261052040736,0.035831887275825536,8,2.357492644658848,2.9066147634902184,4.439043102720355,1.3775673270551245,nan,nan,0,0.3235833404822693,0,0495d0a68a8d8223,512,5.6964884944240355,8,0,0,0,0,0,nan,-1,0,0
122,553824.3999989033,-3811468.4017194808,3566807.191496991,3652666.5269679357,0,0,0,0,0,1,1,2.3577285684063014,2.9146410883632567,5.77867702660189,19,2,0.08988941241842627,4.549974274877567,3.3949804671299963,0,,0.0,0.0,0,nan,0,0,,0,nan,,0.0,0.0,0,nan,nan,nan,nan,nan,nan,0,0.0,0,nan,nan,0.15084431710747523,1,3.3968755477532104,0.32922062599842045,0.03550633198088528,8,2.3568365708038224,2.9141405933983635,4.549974274877567,1.3865624694209557,nan,nan,0,0.32454210413048085,0,0495d0a68a8d8223,512,5.661872552452243,8,0,0,0,0,0,nan,-1,0,0
123,553824.5999999046,-3811468.469013541,3566807.2541610976,3652666.6065085335,0,0,0,0,0,1,1,2.3576263614522635,2.9159407435468405,5.902634963983915,19,3,0.08988941241842627,4.641685113627941,3.5081499719297584,0,,0.0,0.0,0,nan,0,0,,0,nan,,0.0,0.0,0,nan,nan,nan,nan,nan,nan,0,0.0,0,nan,nan,0.1418851110193024,1,3.5100249183141266,0.3294927494958656,0.035380284948808925,8,2.356738318280142,2.9154362329348755,4.641685113627941,1.396781349938426,nan,nan,0,0.3248454544946405,0,0495d0a68a8d8223,512,5.65129670345102,8,0,0,0,0,0,nan,-1,0,0
124,553824.7999999523,-3811468.5337115326,3566807.315192017,3652666.679677825,0,0,0,0,0,1,1,2.3575783487777757,2.916553081406112,6.018655124037361,19,4,0.08988941241842627,4.731626776497732,3.616073311274988,0,,0.0,0.0,0,nan,0,0,,0,nan,,0.0,0.0,0,nan,nan,nan,nan,nan,nan,0,0.0,0,nan,nan,0.18270031269995557,1,3.617939019868102,0.32951149950297354,0.03538303031129037,8,2.356690362470134,2.916045033632585,4.731626776497732,1.407305432486407,nan,nan,0,0.3248663260857587,0,0495d0a68a8d8223,512,5.650565503005776,8,0,0,0,0,0,nan,-1,0,0
125,553825.0,-3811468.213257993,3566806.992953297,3652666.4700697195,0,0,0,0,0,1,1,2.238685307677082,3.2875864678478113,5.890272139779201,18,0,0.08969191766896357,4.277212282198917,3.1185620777712164,0,,0.0,0.0,0,nan,0,0,,0,nan,,0.0,0.0,0,nan,nan,nan,nan,nan,nan,0,0.0,0,nan,nan,0.3923621190803175,1,3.1234908953654648,0.30129086767579843,0.053815224724657565,8,2.2374389860270183,3.2854014088460644,4.277212282198917,1.341081887224252,0.08969191766896357,0.5287017041840866,1,0.2902502464694795,0,0495d0a68a8d8223,512,7.163373715525647,8,12,1,528,33,32,0.4338123044628784,487,18,17
126,553825.199999094,-3811468.215952453,3566806.9975593677,3652666.470325392,0,0,0,0,0,1,1,2.2367079467421784,3.3185481502910883,5.949408345863716,18,1,0.08969191766896357,4.282452446087192,3.1440833341583727,0,,0.0,0.0,0,nan,0,0,,0,nan,,0.0,0.0,0,nan,nan,nan,nan,nan,nan,0,0.0,0,nan,nan,0.36076369218256954,1,3.1486568926842566,0.3158950628225214,0.049981589429569276,8,2.2357357949276864,3.316206946194718,4.282452446087192,1.345371540844225,nan,nan,0,0.30556710113789015,0,0495d0a68a8d8223,512,6.457915849135989,8,0,0,0,0,0,nan,-1,0,0
127,553825.3999989033,-3811468.238187265,3566807.0211028242,3652666.4891943247,0,0,0,0,0,1,1,2.236386561933415,3.324483291095477,5.99605464083504,18,2,0.08969191766896357,4.314483734331186,3.183255636192033,0,,0.0,0.0,0,nan,0,0,,0,nan,,0.0,0.0,0,nan,nan,nan,nan,nan,nan,0,0.0,0,nan,nan,0.3224162000305622,1,3.187823387058355,0.3174381182883518,0.04960202887559325,8,2.235444064473305,3.3220798290359257,4.314483734331186,1.354545942352799,nan,nan,0,0.3072538582567966,0,0495d0a68a8d8223,512,6.386683908956268,8,0,0,0,0,0,nan,-1,0,0
128,553825.5999999046,-3811468.261695421,3566807.0505434126,3652666.5058137137,0,0,0,0,0,1,1,2.236290708551014,3.3263299093562866,6.038101056480596,18,3,0.08969191766896357,4.351916627772232,3.2243834196877232,0,,0.0,0.0,0,nan,0,0,,0,nan,,0.0,0.0,0,nan,nan,nan,nan,nan,nan,0,0.0,0,nan,nan,0.2861020405595964,1,3.228967806821884,0.31759025413808367,0.04962173578066931,8,2.2353520273686223,3.3239004469921047,4.351916627772232,1.3649945563252466,nan,nan,0,0.3074207055823529,0,0495d0a68a8d8223,512,6.37969453728035,8,0,0,0,0,0,nan,-1,0,0
129,553825.7999999523,-3811468.278472328,3566807.074131695,3652666.5131957456,0,0,0,0,0,1,1,2.2362685446743504,3.3268518503759283,6.065133181303713,18,4,0.08969191766896357,4.3806593548427015,3.253551819257754,0,,0.0,0.0,0,nan,0,0,,0,nan,,0.0,0.0,0,nan,nan,nan,nan,nan,nan,0,0.0,0,nan,nan,0.2638134294782043,1,3.2581396606430615,0.3176424481368148,0.04962100104461361,8,2.2353313400250365,3.3244154421310004,4.3806593548427015,1.3757587604714319,nan,nan,0,0.307479208884945,0,0495d0a68a8d8223,512,6.37727206060774,8,0,0,0,0,0,nan,-1,0,0
130,553826.0,-3811468.1517025777,3566806.937944159,3652666.5636500316,0,0,0,0,0,1,1,2.136557854080257,3.405962187656867,5.915966385510824,19,0,0.10437133364055624,4.194577476519986,2.9910976077719864,0,,0.0,0.0,0,nan,0,0,,0,nan,,0.0,0.0,0,nan,nan,nan,nan,nan,nan,0,0.0,0,nan,nan,0.535961734527343,0,2.9961210400041822,0.3292662496936124,0.04523840116608236,7,2.134333513893152,3.403253453912306,4.194577476519986,1.3114539874734326,0.10437133364055624,0.11782175146010418,0,0.3165500636949267,0,0495d0a68a8d8223,512,6.312430690734754,8,12,1,528,33,32,0.4184680231127077,393,19,17
131,553826.199999094,-3811468.159587029,3566806.949774481,3652666.568268415,0,0,0,0,0,1,1,2.1361929457167967,3.4211096905210447,5.945868363315383,19,1,0.10437133364055624,4.208702179491958,3.0052099071241756,0,,0.0,0.0,0,nan,0,0,,0,nan,,0.0,0.0,0,nan,nan,nan,nan,nan,nan,0,0.0,0,nan,nan,0.551489778250852,0,3.009700267781953,0.34716847222486225,0.04061159861188659,7,2.1344368268081526,3.4183894209857213,4.208702179491958,1.3158415864574493,nan,nan,0,0.3352898028523187,0,0495d0a68a8d8223,512,5.624250353654503,8,0,0,0,0,0,nan,-1,0,0
132,553826.3999989033,-3811468.1752835745,3566806.9684575084,3652666.582082078,0,0,0,0,0,1,1,2.1362186981781464,3.4241300498739196,5.975879376587724,19,2,0.10437133364055624,4.233177470332,3.0314476820503518,0,,0.0,0.0,0,nan,0,0,,0,nan,,0.0,0.0,0,nan,nan,nan,nan,nan,nan,0,0.0,0,nan,nan,0.5262319895275746,0,3.0359234107412867,0.34843753323074156,0.040321893146615786,7,2.1344934731871015,3.421378932388334,4.233177470332,1.3252205081739585,nan,nan,0,0.3366591392075222,0,0495d0a68a8d8223,512,5.5781928344805864,8,0,0,0,0,0,nan,-1,0,0
133,553826.5999999046,-3811468.186702761,3566806.98243011,3652666.5923306453,0,0,0,0,0,1,1,2.136254102728418,3.4248308589794636,5.996578759226646,19,3,0.10437133364055624,4.251301327647518,3.051133525883867,0,,0.0,0.0,0,nan,0,0,,0,nan,,0.0,0.0,0,nan,nan,nan,nan,nan,nan,0,0.0,0,nan,nan,0.5074777095668291,0,3.055611864647302,0.34860239185906355,0.040299915290219826,7,2.1345314293176716,3.4220704933759998,4.251301327647518,1.335898510189637,nan,nan,0,0.3368393362294445,0,0495d0a68a8d8223,512,5.572194470697187,8,0,0,0,0,0,nan,-1,0,0
134,553826.7999999523,-3811468.1878019567,3566806.985637567,3652666.589243545,0,0,0,0,0,1,1,2.1362725347377842,3.4249691385186347,5.996847591735163,19,4,0.10437133364055624,4.254421475626382,3.0528372207306855,0,,0.0,0.0,0,nan,0,0,,0,nan,,0.0,0.0,0,nan,nan,nan,nan,nan,nan,0,0.0,0,nan,nan,0.5076690767367054,0,3.057316906455605,0.3486422221918348,0.04029438251480571,7,2.134550091431932,3.422207001418441,4.254421475626382,1.3468952651177057,nan,nan,0,0.3368837685586782,0,0495d0a68a8d8223,512,5.570727837230193,8,0,0,0,0,0,nan,-1,0,0
135,553827.0,-3811468.111643901,3566806.9077284085,3652666.6593171554,0,0,0,0,0,1,1,2.0639908551242745,3.394792129915782,5.852315110497573,19,0,0.09857460373214366,4.146925816126614,2.9212536646871197,0,,0.0,0.0,0,nan,0,0,,0,nan,,0.0,0.0,0,nan,nan,nan,nan,nan,nan,0,0.0,0,nan,nan,0.465479876843291,1,2.925203424469174,0.37815994470831077,0.03454023628542554,7,2.0620678500656497,3.392178546133473,4.146925816126614,1.2831498675486563,0.09857460373214366,0.09671186119271143,0,0.36574563077996974,0,0495d0a68a8d8223,512,5.1539856042489705,8,12,1,528,33,32,0.3976428540769423,279,19,17
136,553827.199999094,-3811468.0940148463,3566806.8905580505,3652666.641000069,0,0,0,0,0,1,1,2.0651842306231423,3.3971122462665115,5.821861451540427,19,1,0.09857460373214366,4.121989119095179,2.8903154978670087,0,,0.0,0.0,0,nan,0,0,,0,nan,,0.0,0.0,0,nan,nan,nan,nan,nan,nan,0,0.0,0,nan,nan,0.4368731548162891,1,2.893864481959714,0.3985459961810007,0.03129084046102624,7,2.0636805714889923,3.3945665661289812,4.121989119095179,1.287633609556804,nan,nan,0,0.3869473089698545,0,0495d0a68a8d8223,512,4.603777263605346,8,0,0,0,0,0,nan,-1,0,0
137,553827.3999989033,-3811468.078006212,3566806.8730734205,3652666.6263896944,0,0,0,0,0,1,1,2.0653906783305036,3.3986218080905184,5.795875092548235,19,2,0.09857460373214366,4.098010376793993,2.86372075602692,0,,0.0,0.0,0,nan,0,0,,0,nan,,0.0,0.0,0,nan,nan,nan,nan,nan,nan,0,0.0,0,nan,nan,0.4144205492327477,1,2.8672406685006666,0.399776055311114,0.031042301245034723,7,2.0639164297878523,3.3960785737256587,4.098010376793993,1.297216416217571,nan,nan,0,0.38827062998460404,0,0495d0a68a8d8223,512,4.572192195382502,8,0,0,0,0,0,nan,-1,0,0
138,553827.5999999046,-3811468.073391289,3566806.8684036015,3652666.622026189,0,0,0,0,0,1,1,2.06539948834254,3.399301428376063,5.788990947328956,19,3,0.09857460373214366,4.091385907821337,2.856480733995878,0,,0.0,0.0,0,nan,0,0,,0,nan,,0.0,0.0,0,nan,nan,nan,nan,nan,nan,0,0.0,0,nan,nan,0.4084363753370295,1,2.860002986584125,0.39988509145898954,0.03103838642987104,7,2.063926150505138,3.3967535152119144,4.091385907821337,1.3081230098219792,nan,nan,0,0.38838762341133104,0,0495d0a68a8d8223,512,4.569390542674786,8,0,0,0,0,0,nan,-1,0,0
139,553827.7999999523,-3811468.072745622,3566806.869852144,3652666.622304268,0,0,0,0,0,1,1,2.065414376975718,3.399443644297704,5.789835079659558,19,4,0.09857460373214366,4.092071765221815,2.857569786669877,0,,0.0,0.0,0,nan,0,0,,0,nan,,0.0,0.0,0,nan,nan,nan,nan,nan,nan,0,0.0,0,nan,nan,0.4090382236734028,1,2.8610927656297864,0.39989586200635313,0.03103987976266659,7,2.0639408290488253,3.396894745059673,4.092071765221815,1.3193512865544206,nan,nan,0,0.3883991798087455,0,0495d0a68a8d8223,512,4.5691133502567425,8,0,0,0,0,0,nan,-1,0,0
140,553828.0,-3811468.0661813403,3566806.8627250856,3652666.7517490285,0,0,0,0,0,1,1,1.9809480785826992,3.28549498555139,5.691473398636357,19,0,0.08938931574877321,4.086669609186195,2.8690098317442363,0,,0.0,0.0,0,nan,0,0,,0,nan,,0.0,0.0,0,nan,nan,nan,nan,nan,nan,0,0.0,0,nan,nan,0.4374355656363117,1,2.873180727078022,0.4039397133405499,0.033333610233796,7,1.9791762424752815,3.282271737740653,4.086669609186195,1.2560395952379817,0.08938931574877321,0.09337008776853428,0,0.3907199665684856,0,0495d0a68a8d8223,512,4.665180338249147,8,12,1,528,33,32,0.4191525186826165,248,19,17
141,553828.199999094,-3811468.071403873,3566806.866550798,3652666.7560254876,0,0,0,0,0,1,1,1.9822799062670555,3.284872482319449,5.692747720509161,19,1,0.08938931574877321,4.093174758981942,2.870928441240979,0,,0.0,0.0,0,nan,0,0,,0,nan,,0.0,0.0,0,nan,nan,nan,nan,nan,nan,0,0.0,0,nan,nan,0.4392325590862922,1,2.874751378520633,0.4239942986962003,0.029952347323267018,7,1.980867869249802,3.281757751037669,4.093174758981942,1.2606199405867662,nan,nan,0,0.4115304202282187,0,0495d0a68a8d8223,512,4.20475253998415,8,0,0,0,0,0,nan,-1,0,0
142,553828.3999989033,-3811468.0737366793,3566806.8712654174,3652666.757193967,0,0,0,0,0,1,1,1.9825463289731065,3.2846704790382573,5.69617299389664,19,2,0.08938931574877321,4.098326032270089,2.8751890848876136,0,,0.0,0.0,0,nan,0,0,,0,nan,,0.0,0.0,0,nan,nan,nan,nan,nan,nan,0,0.0,0,nan,nan,0.441504610472593,1,2.8789803105718184,0.4251054128133262,0.029709199792150236,7,1.9811584781382345,3.2815712316742003,4.098326032270089,1.2704065723485602,nan,nan,0,0.4127312736160474,0,0495d0a68a8d8223,512,4.180159214623458,8,0,0,0,0,0,nan,-1,0,0
143,553828.5999999046,-3811468.07287442,3566806.869024292,3652666.75345029,0,0,0,0,0,1,1,1.9826626016613633,3.2844841171708943,5.691295474766989,19,3,0.08938931574877321,4.095879325702708,2.8711088732841237,0,,0.0,0.0,0,nan,0,0,,0,nan,,0.0,0.0,0,nan,nan,nan,nan,nan,nan,0,0.0,0,nan,nan,0.43655243652302456,1,2.874894612367782,0.42521528541596637,0.029677038390510037,7,1.9812764391864588,3.281388044160166,4.095879325702708,1.2815413639290947,nan,nan,0,0.41285052648021897,0,0495d0a68a8d8223,512,4.177737101039263,8,0,0,0,0,0,nan,-1,0,0
144,553828.7999999523,-3811468.072885572,3566806.8682263196,3652666.7582660215,0,0,0,0,0,1,1,1.9826834225438137,3.284533522210421,5.694046754211204,19,4,0.08938931574877321,4.09552060330058,2.8722368467398263,0,,0.0,0.0,0,nan,0,0,,0,nan,,0.0,0.0,0,nan,nan,nan,nan,nan,nan,0,0.0,0,nan,nan,0.44062292289966376,1,2.876023615566924,0.42522600672361677,0.029675834690944983,7,1.9812975600668092,3.281436920685725,4.09552060330058,1.293000496976616,nan,nan,0,0.4128622078603999,0,0495d0a68a8d8223,512,4.177496983124643,8,0,0,0,0,0,nan,-1,0,0
145,553829.0,-3811468.017554418,3566806.811584417,3652666.8119255626,0,0,0,0,0,1,1,1.8953029119005904,3.141415045235658,5.547042366255168,18,0,0.06618040356829674,4.019729389049064,2.868970996543285,0,,0.0,0.0,0,nan,0,0,,0,nan,,0.0,0.0,0,nan,nan,nan,nan,nan,nan,0,0.0,0,nan,nan,0.4214865001690685,1,2.8727390363095098,0.4373723929043961,0.02942465785898172,7,1.8939942738957258,3.1383751359641554,4.019729389049064,1.23087193110204,0.06618040356829674,0.051197964908721645,0,0.42368913357176835,0,0495d0a68a8d8223,512,4.089751146964048,8,12,1,528,33,32,0.39773088813937246,232,18,17
146,553829.199999094,-3811468.0165300644,3566806.8080750396,3652666.8104859213,0,0,0,0,0,1,1,1.8946485516488076,3.144221553499852,5.548157189626425,18,1,0.06618040356829674,4.016309146082557,2.866832551643564,0,,0.0,0.0,0,nan,0,0,,0,nan,,0.0,0.0,0,nan,nan,nan,nan,nan,nan,0,0.0,0,nan,nan,0.4237202509461481,1,2.8702273173623274,0.4585083494491562,0.026267287580978554,7,1.8935377832415723,3.141317046199122,4.016309146082557,1.235545772389991,nan,nan,0,0.4453879571650362,0,0495d0a68a8d8223,512,3.709491221147193,8,0,0,0,0,0,nan,-1,0,0
147,553829.3999989033,-3811468.014394675,3566806.8054189156,3652666.8067850103,0,0,0,0,0,1,1,1.8946584932464319,3.1434384639545816,5.542232905212141,18,2,0.06618040356829674,4.012672954542102,2.86218653216284,0,,0.0,0.0,0,nan,0,0,,0,nan,,0.0,0.0,0,nan,nan,nan,nan,nan,nan,0,0.0,0,nan,nan,0.418649358398153,1,2.8655524477771213,0.45967655400174223,0.026024624391145553,7,1.89356744809276,3.140548998456054,4.012672954542102,1.2455294838489075,nan,nan,0,0.446627090018116,0,0495d0a68a8d8223,512,3.6898134903647133,8,0,0,0,0,0,nan,-1,0,0
148,553829.5999999046,-3811468.0146250697,3566806.803597285,3652666.804401425,0,0,0,0,0,1,1,1.894628035963168,3.1434827252703066,5.539804631685444,18,3,0.06618040356829674,4.0112892774506035,2.8598638484995216,0,,0.0,0.0,0,nan,0,0,,0,nan,,0.0,0.0,0,nan,nan,nan,nan,nan,nan,0,0.0,0,nan,nan,0.41636377262328456,1,2.863227167344802,0.459785889523078,0.026002189420236438,7,1.893538790192423,3.140593890861608,4.0112892774506035,1.2568846948071117,nan,nan,0,0.4467438667420928,0,0495d0a68a8d8223,512,3.687967881024737,8,0,0,0,0,0,nan,-1,0,0
149,553829.7999999523,-3811468.0067259683,3566806.792402367,3652666.796458958,0,0,0,0,0,1,1,1.8946401639781356,3.143391609259761,5.524190092080554,18,4,0.06618040356829674,3.99718053721089,2.844405301842463,0,,0.0,0.0,0,nan,0,0,,0,nan,,0.0,0.0,0,nan,nan,nan,nan,nan,nan,0,0.0,0,nan,nan,0.4034093068362338,1,2.847766798142933,0.459800577202462,0.025995623254874426,7,1.8935511899438193,3.140503539019212,3.99718053721089,1.2685665783557698,nan,nan,0,0.44675918755373356,0,0495d0a68a8d8223,512,3.6877286512467027,8,0,0,0,0,0,nan,-1,0,0
150,553830.0,-3811467.985260387,3566806.771353855,3652666.878964111,0,0,0,0,0,1,1,1.8325383594469993,3.0242816448798773,5.4030003838471705,18,0,0.053549020670663715,3.973227598342918,2.8494893657414138,0,,0.0,0.0,0,nan,0,0,,0,nan,,0.0,0.0,0,nan,nan,nan,nan,nan,nan,0,0.0,0,nan,nan,0.41489700321083445,1,2.852953551971585,0.4629843227011493,0.027367121098827923,7,1.8312179025174913,3.0213942198859964,3.973227598342918,1.2066205478812713,0.053549020670663715,0.09588026818371093,0,0.4489378849219083,0,0495d0a68a8d8223,512,3.7175891000478765,8,12,1,528,33,32,0.38427423727006477,231,18,17
151,553830.199999094,-3811467.9851125004,3566806.768358622,3652666.880671127,0,0,0,0,0,1,1,1.8330782600973394,3.026833834450855,5.403788527481263,18,1,0.053549020670663715,3.971003122751979,2.8469012465112122,0,,0.0,0.0,0,nan,0,0,,0,nan,,0.0,0.0,0,nan,nan,nan,nan,nan,nan,0,0.0,0,nan,nan,0.41875433450306043,1,2.850147183717403,0.48514193024065466,0.024339215685993218,7,1.8320284819079489,3.0239817834564717,3.971003122751979,1.2113879539230077,nan,nan,0,0.4716148024074877,0,0495d0a68a8d8223,512,3.376088645339908,8,0,0,0,0,0,nan,-1,0,0
152,553830.3999989033,-3811467.9863232654,3566806.7665131297,3652666.883861564,0,0,0,0,0,1,1,1.833293700147944,3.0265352700218995,5.4046828928923,18,2,0.053549020670663715,3.9706548931090153,2.8465339314273375,0,,0.0,0.0,0,nan,0,0,,0,nan,,0.0,0.0,0,nan,nan,nan,nan,nan,nan,0,0.0,0,nan,nan,0.42167218473442203,1,2.8497596951816195,0.48633217548072355,0.02414355629823719,7,1.832258761742898,3.0236938928617447,3.9706548931090153,1.2215691181494948,nan,nan,0,0.472871068052006,0,0495d0a68a8d8223,512,3.358915308892932,8,0,0,0,0,0,nan,-1,0,0
153,553830.5999999046,-3811467.9856298915,3566806.764454131,3652666.8898634403,0,0,0,0,0,1,1,1.833355808121672,3.0265335900801995,5.407062639292708,18,3,0.053549020670663715,3.969153137695144,2.8467631415580987,0,,0.0,0.0,0,nan,0,0,,0,nan,,0.0,0.0,0,nan,nan,nan,nan,nan,nan,0,0.0,0,nan,nan,0.4266430366432009,1,2.8499890167084057,0.4864470998418168,0.024124999613430398,7,1.8323223943648967,3.0236925752439348,3.969153137695144,1.2331449834508021,nan,nan,0,0.47299287151992214,0,0495d0a68a8d8223,512,3.3572602850074924,8,0,0,0,0,0,nan,-1,0,0
154,553830.7999999523,-3811467.9903496564,3566806.765487584,3652666.8982066484,0,0,0,0,0,1,1,1.8333654361806913,3.0265555394399235,5.415491101303163,18,4,0.053549020670663715,3.9737126486476058,2.8525762367242824,0,,0.0,0.0,0,nan,0,0,,0,nan,,0.0,0.0,0,nan,nan,nan,nan,nan,nan,0,0.0,0,nan,nan,0.43603875290886346,1,2.855804476485148,0.4864574616455441,0.02412457959156707,7,1.832331887190124,3.0237142403283674,3.9737126486476058,1.2450496285497097,nan,nan,0,0.4730038947512556,0,0495d0a68a8d8223,512,3.3571097198497255,8,0,0,0,0,0,nan,-1,0,0
155,553831.0,-3811467.941213719,3566806.7208671384,3652666.943855947,0,0,0,0,0,1,1,1.748522169119729,2.8999970475563748,5.285965730854099,19,0,0.045751172293329055,3.9124282073757004,2.85902552514304,0,,0.0,0.0,0,nan,0,0,,0,nan,,0.0,0.0,0,nan,nan,nan,nan,nan,nan,0,0.0,0,nan,nan,0.43724028453204145,1,2.8629937523027604,0.4784246726899917,0.028699652840989843,7,1.7472540307378734,2.896551571559356,3.9124282073757004,1.182481384915011,0.045751172293329055,0.07387401011273749,0,0.46325617558851484,0,0495d0a68a8d8223,512,3.5216118671176107,8,12,1,528,33,32,0.40397337195538224,232,19,17
156,553831.199999094,-3811467.9375429526,3566806.7170734573,3652666.936109979,0,0,0,0,0,1,1,1.7485556552575232,2.897769963199345,5.273563828073329,19,1,0.045751172293329055,3.906416893204607,2.851099158423272,0,,0.0,0.0,0,nan,0,0,,0,nan,,0.0,0.0,0,nan,nan,nan,nan,nan,nan,0,0.0,0,nan,nan,0.42422710738145,1,2.854818760339654,0.5010620384232235,0.025965269875026935,7,1.7475379148308443,2.8944063223377916,3.906416893204607,1.1873457377292325,nan,nan,0,0.4863475883484748,0,0495d0a68a8d8223,512,3.202145489046429,8,0,0,0,0,0,nan,-1,0,0
157,553831.3999989033,-3811467.9339334266,3566806.7150494764,3652666.923380547,0,0,0,0,0,1,1,1.748415814134676,2.897676988640223,5.26252002642132,19,2,0.045751172293329055,3.9013209807799902,2.843471611226293,0,,0.0,0.0,0,nan,0,0,,0,nan,,0.0,0.0,0,nan,nan,nan,nan,nan,nan,0,0.0,0,nan,nan,0.41037777235663137,1,2.8471650880815154,0.5022536415360113,0.025804626876260162,7,1.7474139864056972,2.8943265704361107,3.9013209807799902,1.197731291984316,nan,nan,0,0.48760089961061037,0,0495d0a68a8d8223,512,3.1863941671220437,8,0,0,0,0,0,nan,-1,0,0
158,553831.5999999046,-3811467.934313512,3566806.716264473,3652666.924297403,0,0,0,0,0,1,1,1.7483556218645384,2.8980303169031867,5.264496451142877,19,3,0.045751172293329055,3.9025741748056184,2.845194053670685,0,,0.0,0.0,0,nan,0,0,,0,nan,,0.0,0.0,0,nan,nan,nan,nan,nan,nan,0,0.0,0,nan,nan,0.4123028364310453,1,2.848887423809549,0.5023769817543501,0.025797678710590872,7,1.747356822551409,2.8946783895186576,3.9025741748056184,1.2095353202027972,nan,nan,0,0.4877300693481104,0,0495d0a68a8d8223,512,3.18477872585087,8,0,0,0,0,0,nan,-1,0,0
159,553831.7999999523,-3811467.9425369482,3566806.7217578874,3652666.9313570894,0,0,0,0,0,1,1,1.7483348741026032,2.898097773508945,5.275786553086618,19,4,0.045751172293329055,3.9119685797088577,2.854721972019349,0,,0.0,0.0,0,nan,0,0,,0,nan,,0.0,0.0,0,nan,nan,nan,nan,nan,nan,0,0.0,0,nan,nan,0.42259753009715795,1,2.8584176623580593,0.5023903930840307,0.025798563549551626,7,1.7473363508010018,2.894745432208573,3.9119685797088577,1.2216700533079259,nan,nan,0,0.4877440656722519,0,0495d0a68a8d8223,512,3.1846032070441814,8,0,0,0,0,0,nan,-1,0,0
160,553832.0,-3811467.8971034507,3566806.660175587,3652667.001338215,0,0,0,0,0,1,1,1.6628866479145141,2.7611425564914946,5.1578292351717865,19,0,0.053054975301947395,3.843556512390465,2.8714104511614043,0,,0.0,0.0,0,nan,0,0,,0,nan,,0.0,0.0,0,nan,nan,nan,nan,nan,nan,0,0.0,0,nan,nan,0.4358972395751382,1,2.875869756959746,0.48511251912250003,0.03132410499836125,7,1.6615201858084407,2.7571979778699776,3.843556512390465,1.1592398702399043,0.053054975301947395,0.07174449441085436,0,0.4683432890231873,0,0495d0a68a8d8223,512,3.442931997608926,8,12,1,528,33,32,0.41510959044252044,233,19,17
161,553832.2000000477,-3811467.923542705,3566806.6856013197,3652667.027341143,0,0,0,0,0,1,1,1.6611127748638639,2.7677290376940915,5.2153084285072735,19,1,0.053054975301947395,3.882917288575281,2.9175407204499137,0,,0.0,0.0,0,nan,0,0,,0,nan,,0.0,0.0,0,nan,nan,nan,nan,nan,nan,0,0.0,0,nan,nan,0.49004471176645753,1,2.9217602246641525,0.507343914772561,0.02785625542505377,7,1.6601038763452625,2.7638432449456274,3.882917288575281,1.1642015862100588,nan,nan,0,0.4909081944310354,0,0495d0a68a8d8223,512,3.140207370618649,8,0,0,0,0,0,nan,-1,0,0
162,553832.3999989033,-3811467.97635213,3566806.736962265,3652667.0881054373,0,0,0,0,0,1,1,1.6605398562533589,2.7704170166857964,5.315730978782877,19,2,0.053054975301947395,3.9636450512398866,3.006465117464666,0,,0.0,0.0,0,nan,0,0,,0,nan,,0.0,0.0,0,nan,nan,nan,nan,nan,nan,0,0.0,0,nan,nan,0.5429045529621416,0,3.010708086024642,0.5082320666947636,0.027832690736114798,7,1.6595485261480591,2.766513679881893,3.9636450512398866,1.1747917570804605,nan,nan,0,0.4918365641659825,0,0495d0a68a8d8223,512,3.1288313046884295,8,0,0,0,0,0,nan,-1,0,0
163,553832.5999999046,-3811468.0341906943,3566806.7926369924,3652667.153666211,0,0,0,0,0,1,1,1.6604875870252807,2.7704354388029557,5.418378896979437,19,3,0.053054975301947395,4.051940813799846,3.1008989680766463,0,,0.0,0.0,0,nan,0,0,,0,nan,,0.0,0.0,0,nan,nan,nan,nan,nan,nan,0,0.0,0,nan,nan,0.46439034098405113,1,3.105158230865084,0.508345251970769,0.02783036521746875,7,1.6594971194259975,2.7665302795086593,4.051940813799846,1.1868239656301016,nan,nan,0,0.49195525165934306,0,0495d0a68a8d8223,512,3.1273875862633282,8,0,0,0,0,0,nan,-1,0,0
164,553832.7999989986,-3811468.0931589496,3566806.8458652617,3652667.2118589464,0,0,0,0,0,1,1,1.6604790733936443,2.770382064779728,5.518312078111911,19,4,0.053054975301947395,4.139193567746055,3.1945486787076205,0,,0.0,0.0,0,nan,0,0,,0,nan,,0.0,0.0,0,nan,nan,nan,nan,nan,nan,0,0.0,0,nan,nan,0.39755091770858914,1,3.198820901304811,0.5083622526270493,0.02783085005212664,7,1.6594883428444707,2.7664766048897462,4.139193567746055,1.199188445176101,nan,nan,0,0.491973140341087,0,0495d0a68a8d8223,512,3.127170691138813,8,0,0,0,0,0,nan,-1,0,0
165,553833.0,-3811467.8769136514,3566806.585056034,3652667.0628408715,0,0,0,0,0,1,1,1.5535129321471093,2.945507861634047,5.508245525757731,18,0,0.047267940201068906,3.783660693091006,3.0037431954636387,0,,0.0,0.0,0,nan,0,0,,0,nan,,0.0,0.0,0,nan,nan,nan,nan,nan,nan,0,0.0,0,nan,nan,0.5115551170036433,0,3.012737459386207,0.46956131679654406,0.046009933861505196,8,1.5534778789534551,2.936921821428579,3.783660693091006,1.1373604200894354,0.047267940201068906,0.36198271512667823,0,0.4449010015796239,0,0495d0a68a8d8223,512,3.696944917621962,8,12,1,528,33,32,0.4635530994621027,134,18,16
166,553833.2000000477,-3811467.942841122,3566806.6108432873,3652667.1120599834,0,0,0,0,0,1,1,1.5474282079083415,2.9639694004664863,5.636008652975201,18,1,0.047267940201068906,3.854746832013611,3.1056093481673224,0,,0.0,0.0,0,nan,0,0,,0,nan,,0.0,0.0,0,nan,nan,nan,nan,nan,nan,0,0.0,0,nan,nan,0.4617386589629116,1,3.114372767016275,0.49135210221083137,0.04426256617801297,8,1.54778754401843,2.955385795458315,3.854746832013611,1.1424217871181015,nan,nan,0,0.46634579204324217,0,0495d0a68a8d8223,512,3.3727950947079006,8,0,0,0,0,0,nan,-1,0,0
167,553833.3999989033,-3811468.0480415085,3566806.6463518525,3652667.1859335355,0,0,0,0,0,1,1,1.5461234999208453,2.9685232755185313,5.772089162175528,18,2,0.047267940201068906,3.963573068034506,3.229342308943894,0,,0.0,0.0,0,nan,0,0,,0,nan,,0.0,0.0,0,nan,nan,nan,nan,nan,nan,0,0.0,0,nan,nan,0.3512044725307827,1,3.2381578031675446,0.4924181132675577,0.044346955864593904,8,1.5465466126949015,2.9599072724801765,3.963573068034506,1.1532131646327353,nan,nan,0,0.4674288126383499,0,0495d0a68a8d8223,512,3.357919086570396,8,0,0,0,0,0,nan,-1,0,0
168,553833.5999999046,-3811468.164357494,3566806.663408221,3652667.2313815723,0,0,0,0,0,1,1,1.5458310589862414,2.968939373355661,5.874802713751717,18,3,0.047267940201068906,4.058980586629926,3.3300587455830506,0,,0.0,0.0,0,nan,0,0,,0,nan,,0.0,0.0,0,nan,nan,nan,nan,nan,nan,0,0.0,0,nan,nan,0.2621174984670445,1,3.3388718063972216,0.4925808717429122,0.04432001903606894,8,1.5462633127602354,2.9603348037785726,4.058980586629926,1.1654685053963985,nan,nan,0,0.46763786650417216,0,0495d0a68a8d8223,512,3.3550276370370056,8,0,0,0,0,0,nan,-1,0,0
169,553833.7999989986,-3811468.339641392,3566806.6803187616,3652667.3166121943,0,0,0,0,0,1,1,1.5456785011753487,2.9697904751501523,6.039818000383368,18,4,0.047267940201068906,4.20174968702978,3.481123655468596,0,,0.0,0.0,0,nan,0,0,,0,nan,,0.0,0.0,0,nan,nan,nan,nan,nan,nan,0,0.0,0,nan,nan,0.16704574889409676,1,3.4899920427950026,0.4925214193724958,0.044368975761313566,8,1.5461172245656074,2.9611737004517815,4.20174968702978,1.178280152302728,nan,nan,0,0.4675676989566428,0,0495d0a68a8d8223,512,3.356005888287977,8,0,0,0,0,0,nan,-1,0,0
170,553834.0,-3811468.1819686536,3566806.3127259864,3652666.9904269995,0,0,0,0,0,1,1,1.5296707181833358,3.3021410695491253,6.079798042507498,19,0,0.05682785282250618,3.773263474308673,3.1667642500557003,0,,0.0,0.0,0,nan,0,0,,0,nan,,0.0,0.0,0,nan,nan,nan,nan,nan,nan,0,0.0,0,nan,nan,0.404764651782182,1,3.1730066501210397,0.4900026304426446,0.03816776727916764,8,1.5307866063601667,3.296035959765226,3.773263474308673,1.1146720770202667,0.05682785282250618,0.7585077761725596,1,0.4683571080696931,0,0495d0a68a8d8223,512,3.4085964796036903,8,12,1,528,33,32,0.4976621689289536,38,19,16
171,553834.2000000477,-3811468.3609831757,3566806.2911363347,3652667.0129717146,0,0,0,0,0,1,1,1.5266550511074117,3.338720101445435,6.261165152777496,19,1,0.05682785282250618,3.868069932031674,3.305404813193281,0,,0.0,0.0,0,nan,0,0,,0,nan,,0.0,0.0,0,nan,nan,nan,nan,nan,nan,0,0.0,0,nan,nan,0.2626754518970962,1,3.3116425614453,0.5097435091773509,0.03773762716994039,8,1.5282900582853425,3.3324663238054595,3.868069932031674,1.1207849122552709,nan,nan,0,0.4877387585202738,0,0495d0a68a8d8223,512,3.1483805816729955,8,0,0,0,0,0,nan,-1,0,0
172,553834.3999989033,-3811468.5935654556,3566806.291800705,3652667.0650551766,0,0,0,0,0,1,1,1.5259452168524161,3.3468776281861112,6.45067762101507,19,2,0.05682785282250618,4.016028926985504,3.473491829917562,0,,0.0,0.0,0,nan,0,0,,0,nan,,0.0,0.0,0,nan,nan,nan,nan,nan,nan,0,0.0,0,nan,nan,0.14118738124869717,1,3.479775215674043,0.5110652009123399,0.037666929744197095,8,1.52763577318116,3.34058913538818,4.016028926985504,1.1344753920671016,nan,nan,0,0.4891072360816345,0,0495d0a68a8d8223,512,3.131352656112019,8,0,0,0,0,0,nan,-1,0,0
173,553834.5999999046,-3811468.8537251814,3566806.2975220517,3652667.1028132853,0,0,0,0,0,1,1,1.525711192469684,3.3494011640180332,6.634467523048352,19,3,0.05682785282250618,4.177159762217223,3.6449725875675405,0,,0.0,0.0,0,nan,0,0,,0,nan,,0.0,0.0,0,nan,nan,nan,nan,nan,nan,0,0.0,0,nan,nan,0.19848270231412213,1,3.6512773571369093,0.511224682535691,0.03766476380077846,8,1.5274151345878986,3.3431067006051425,4.177159762217223,1.1514234305888231,nan,nan,0,0.48929012440562225,0,0495d0a68a8d8223,512,3.1290829643616775,8,0,0,0,0,0,nan,-1,0,0
174,553834.7999989986,-3811469.114811977,3566806.323649526,3652667.122325002,0,0,0,0,0,1,1,1.525627333272532,3.3503173724803097,6.813729067694002,19,4,0.05682785282250618,4.345613150211294,3.8195340986168764,0,,0.0,0.0,0,nan,0,0,,0,nan,,0.0,0.0,0,nan,nan,nan,nan,nan,nan,0,0.0,0,nan,nan,0.2463179362919987,1,3.825846935605162,0.5112728211885063,0.037676480008346065,8,1.5273379749953395,3.34401872116609,4.345613150211294,1.1711677443423605,nan,nan,0,0.48934430268327955,0,0495d0a68a8d8223,512,3.1284103812029658,8,0,0,0,0,0,nan,-1,0,0
175,553835.0,-3811468.9221727075,3566805.8889285713,3652666.7511459067,0,0,0,0,0,1,1,1.4706469864083962,3.942639981614594,6.8501941470861425,19,0,0.07947955307913723,3.8078952838316265,3.2566512167629953,0,,0.0,0.0,0,nan,0,0,,0,nan,,0.0,0.0,0,nan,nan,nan,nan,nan,nan,0,0.0,0,nan,nan,0.21404719118197982,1,3.265284913655865,0.5004258249256907,0.04806016107481357,9,1.4728672979880986,3.934038901950016,3.8078952838316265,1.0921800440234188,0.07947955307913723,0.7428734976749565,3,0.4724210774441087,0,0495d0a68a8d8223,512,3.617332202946397,8,12,1,528,33,32,0.21404719118197982,207,19,16
176,553835.2000000477,-3811469.14593144,3566805.8887803154,3652666.7461278667,0,0,0,0,0,1,1,1.4646465823193402,4.019600508469425,7.09789012124363,19,1,0.07947955307913723,3.923234607812135,3.411979087269298,0,,0.0,0.0,0,nan,0,0,,0,nan,,0.0,0.0,0,nan,nan,nan,nan,nan,nan,0,0.0,0,nan,nan,0.19507601342234215,1,3.4214853590669603,0.5072499984969115,0.05103319548509106,9,1.4675116742380503,4.010095395731345,3.923234607812135,1.1012254354878293,nan,nan,0,0.47776770617897785,0,0495d0a68a8d8223,512,3.538394307430318,8,0,0,0,0,0,nan,-1,0,0
177,553835.3999989033,-3811469.426497666,3566805.9428132623,3652666.7865170296,0,0,0,0,0,1,1,1.4626993248986624,4.047503222861962,7.366613282876145,19,2,0.07947955307913723,4.121643685872361,3.6343813384802437,0,,0.0,0.0,0,nan,0,0,,0,nan,,0.0,0.0,0,nan,nan,nan,nan,nan,nan,0,0.0,0,nan,nan,0.1829305737923052,1,3.6442428738099437,0.5069925000942058,0.05226217629925212,9,1.4657889712034606,4.037677816644636,4.121643685872361,1.124376975870655,nan,nan,0,0.47732660953010075,0,0495d0a68a8d8223,512,3.5448480424864774,8,0,0,0,0,0,nan,-1,0,0
178,553835.5999999046,-3811469.724018108,3566806.017251087,3652666.8257139185,0,0,0,0,0,1,1,1.461975165352873,4.058089964268378,7.6318468953995175,19,3,0.07947955307913723,4.342795068315257,3.8744907825076185,0,,0.0,0.0,0,nan,0,0,,0,nan,,0.0,0.0,0,nan,nan,nan,nan,nan,nan,0,0.0,0,nan,nan,0.3436101732316526,1,3.8844954191662078,0.5074545053254581,0.05265216359280699,9,1.4651420901381729,4.048162790042982,4.342795068315257,1.15654221137226,nan,nan,0,0.4777743747431845,0,0495d0a68a8d8223,512,3.5383124235641366,8,0,0,0,0,0,nan,-1,0,0
179,553835.7999989986,-3811470.054085611,3566806.104452153,3652666.8646822744,0,0,0,0,0,1,1,1.4616880408779926,4.062204508988397,7.908610218492271,19,4,0.07947955307913723,4.587383456620978,4.1326894437107455,0,,0.0,0.0,0,nan,0,0,,0,nan,,0.0,0.0,0,nan,nan,nan,nan,nan,nan,0,0.0,0,nan,nan,0.470783701041172,1,4.142766700888485,0.5073478510933119,0.05280926881320584,9,1.464881951187369,4.052240800102171,4.587383456620978,1.18934885985337,nan,nan,0,0.4776710341216144,0,0495d0a68a8d8223,512,3.539819375328738,8,0,0,0,0,0,nan,-1,0,0
180,553836.0,-3811469.7342828037,3566805.5704881656,3652666.157351709,0,0,0,0,0,1,1,1.4493470544170683,4.99215985476114,7.981830352750347,19,0,0.1302654067284061,3.788254931287446,3.3027391827902566,0,,0.0,0.0,0,nan,0,0,,0,nan,,0.0,0.0,0,nan,nan,nan,nan,nan,nan,0,0.0,0,nan,nan,0.28162296558418193,1,3.3131773254279366,0.48313454808926154,0.05446442088186733,7,1.4522324217391542,4.981645233846859,3.788254931287446,1.0694199344821425,0.1302654067284061,1.0123440031286453,4,0.45275225741884795,0,0495d0a68a8d8223,512,4.141556917086176,8,12,1,528,33,32,0.5594345801915996,498,19,16
181,553836.2000000477,-3811470.01414231,3566805.58588379,3652666.0946779614,0,0,0,0,0,1,1,1.4479557702172725,5.085503506633814,8.26328948934378,19,1,0.1302654067284061,3.909997348660112,3.4784867760670344,0,,0.0,0.0,0,nan,0,0,,0,nan,,0.0,0.0,0,nan,nan,nan,nan,nan,nan,0,0.0,0,nan,nan,0.16078897435730222,1,3.489751147296371,0.48727959337613624,0.056980881210774874,7,1.4513473081388952,5.07419238053428,3.909997348660112,1.079791469158277,nan,nan,0,0.4560824355099499,0,0495d0a68a8d8223,512,4.083189073419098,8,0,0,0,0,0,nan,-1,0,0
182,553836.3999989033,-3811470.3718807334,3566805.6227375017,3652666.0573353483,0,0,0,0,0,1,1,1.4477140979657368,5.115495333540963,8.519488585058388,19,2,0.1302654067284061,4.093862800363508,3.691733822468894,0,,0.0,0.0,0,nan,0,0,,0,nan,,0.0,0.0,0,nan,nan,nan,nan,nan,nan,0,0.0,0,nan,nan,0.18102883317455737,1,3.7032926697573973,0.48898085871420904,0.057718281987723115,7,1.4512045339848847,5.10394530098155,4.093862800363508,1.103650178408427,nan,nan,0,0.45773289220590907,0,0495d0a68a8d8223,512,4.054294323970111,8,0,0,0,0,0,nan,-1,0,0
183,553836.5999999046,-3811470.7880433723,3566805.656280313,3652665.997618948,0,0,0,0,0,1,1,1.4475628695482448,5.127364883056266,8.761814019283616,19,3,0.1302654067284061,4.298836990706948,3.9130437480640157,0,,0.0,0.0,0,nan,0,0,,0,nan,,0.0,0.0,0,nan,nan,nan,nan,nan,nan,0,0.0,0,nan,nan,0.38902649050166,1,3.92470111165926,0.4894516278328492,0.057926036380626766,7,1.451066631719472,5.1157527918515395,4.298836990706948,1.133195553484325,nan,nan,0,0.4582523147585348,0,0495d0a68a8d8223,512,4.045211304160647,8,0,0,0,0,0,nan,-1,0,0
184,553836.7999989986,-3811471.240296312,3566805.6763788345,3652665.8875884935,0,0,0,0,0,1,1,1.4474908702070863,5.130572354782832,8.984297062262753,19,4,0.1302654067284061,4.507567206460244,4.130477132457692,0,,0.0,0.0,0,nan,0,0,,0,nan,,0.0,0.0,0,nan,nan,nan,nan,nan,nan,0,0.0,0,nan,nan,0.6021026992299183,0,4.142131045752073,0.4901026151091765,0.05788453849294331,7,1.4509811032792201,5.118971478535866,4.507567206460244,1.1628915280469658,nan,nan,0,0.45895275005365493,0,0495d0a68a8d8223,512,4.0330178383432935,8,0,0,0,0,0,nan,-1,0,0
185,553837.0,-3811471.1321867257,3566805.020532759,3652665.048045897,0,0,0,0,0,1,1,1.429880684879717,5.775690020846129,8.739895452178526,18,0,0.059649574053261115,3.706928963300558,3.2834244380555333,0,,0.0,0.0,0,nan,0,0,,0,nan,,0.0,0.0,0,nan,nan,nan,nan,nan,nan,0,0.0,0,nan,nan,0.35451036498495875,1,3.2922896020564467,0.5129963704992407,0.053748048727906006,9,1.433058946551018,5.76706383150809,3.706928963300558,1.0476351539322752,0.059649574053261115,0.6921808849583109,4,0.4821267370817631,0,0495d0a68a8d8223,512,3.6535503845603765,8,12,1,528,33,32,0.5153531031499671,280,18,16
186,553837.2000000477,-3811471.536153029,3566804.8660424314,3652664.8337527113,0,0,0,0,0,1,1,1.429586945846442,5.812851471287454,8.798749433709412,18,1,0.059649574053261115,3.7140805438819338,3.307270405314209,0,,0.0,0.0,0,nan,0,0,,0,nan,,0.0,0.0,0,nan,nan,nan,nan,nan,nan,0,0.0,0,nan,nan,0.32042145102588865,1,3.3158096505919485,0.5375429751549411,0.07773552521993045,5,1.4380918711835238,5.80295416337205,3.7140805438819338,1.0534563734458915,nan,nan,0,0.5056802201264677,0,0495d0a68a8d8223,512,3.3217330275952612,8,0,0,0,0,0,nan,-1,0,0
187,553837.3999989033,-3811471.988791694,3566804.656074496,3652664.6492312504,0,0,0,0,0,1,1,1.429578218431646,5.82162676046539,8.82640908304139,18,2,0.059649574053261115,3.7124140940803096,3.311396217129537,0,,0.0,0.0,0,nan,0,0,,0,nan,,0.0,0.0,0,nan,nan,nan,nan,nan,nan,0,0.0,0,nan,nan,0.3031758674823273,1,3.3200340716125334,0.5386388239150594,0.07768304329824526,5,1.4380810587827204,5.811708645476973,3.7124140940803096,1.0652810612270611,nan,nan,0,0.5067981890741605,0,0495d0a68a8d8223,512,3.307220126983628,8,0,0,0,0,0,nan,-1,0,0
188,553837.5999999046,-3811472.4596249466,3566804.412137243,3652664.402035916,0,0,0,0,0,1,1,1.4295081430892984,5.8222901761317605,8.814395709881845,18,3,0.059649574053261115,3.7081553019276754,3.3028886318519426,0,,0.0,0.0,0,nan,0,0,,0,nan,,0.0,0.0,0,nan,nan,nan,nan,nan,nan,0,0.0,0,nan,nan,0.3158324002153392,1,3.311453458721534,0.5394330400566353,0.07745361467181237,5,1.4379649023495196,5.812410387346273,3.7081553019276754,1.0785765427303338,nan,nan,0,0.5076579026618306,0,0495d0a68a8d8223,512,3.2961693754931556,8,0,0,0,0,0,nan,-1,0,0
189,553837.7999989986,-3811472.948954458,3566804.1485699685,3652664.12001046,0,0,0,0,0,1,1,1.4294929663957912,5.822941646124161,8.802410496049836,18,4,0.059649574053261115,3.724756144699225,3.3145543558484576,0,,0.0,0.0,0,nan,0,0,,0,nan,,0.0,0.0,0,nan,nan,nan,nan,nan,nan,0,0.0,0,nan,nan,0.32759553423953525,1,3.3229913910103046,0.5395075227895799,0.07743188118701728,5,1.437945935544285,5.813064864844268,3.724756144699225,1.0921798870652077,nan,nan,0,0.5077442344457341,0,0495d0a68a8d8223,512,3.2950678092463557,8,0,0,0,0,0,nan,-1,0,0
190,553838.0,-3811473.400858441,3566803.6512107565,3652663.8937843777,0,0,0,0,0,1,1,1.396119578395451,5.662406206776815,8.412587145628454,19,0,0.055135917062739785,3.5578092078939645,3.0684039870000746,0,,0.0,0.0,0,nan,0,0,,0,nan,,0.0,0.0,0,nan,nan,nan,nan,nan,nan,0,0.0,0,nan,nan,0.5749309320484205,0,3.0751424242712626,0.5762705785598446,0.06376747372520437,7,1.4003151077009552,5.654760466650655,3.5578092078939645,1.029718279614267,0.055135917062739785,0.3240978608489135,0,0.5455967904116024,0,0495d0a68a8d8223,512,2.8969726940961245,8,12,1,528,33,32,0.4939534765446704,431,19,15
191,553838.2000000477,-3811473.9294951134,3566803.255051186,3652663.660612985,0,0,0,0,0,1,1,1.3974619124710457,5.675441203728308,8.343082660236535,19,1,0.055135917062739785,3.5210223029125123,3.0116413621708547,0,,0.0,0.0,0,nan,0,0,,0,nan,,0.0,0.0,0,nan,nan,nan,nan,nan,nan,0,0.0,0,nan,nan,0.4991687964738888,1,3.0182353847024053,0.6022434668494207,0.0601391114909675,7,1.4009843628932441,5.6679449877276324,3.5210223029125123,1.0353261299275098,nan,nan,0,0.5714456279293247,0,0495d0a68a8d8223,512,2.6411822792216695,8,0,0,0,0,0,nan,-1,0,0
192,553838.3999989033,-3811474.474158754,3566802.7750047864,3652663.4687548866,0,0,0,0,0,1,1,1.3982320594941227,5.677661373662044,8.251586384683092,19,2,0.055135917062739785,3.4583867667308295,2.933429578278054,0,,0.0,0.0,0,nan,0,0,,0,nan,,0.0,0.0,0,nan,nan,nan,nan,nan,nan,0,0.0,0,nan,nan,0.4077089309223649,1,2.939942436657092,0.6031067637646933,0.05977170865655782,6,1.4016646885609025,5.670173599138139,3.4583867667308295,1.047227901092408,nan,nan,0,0.5724362783015576,0,0495d0a68a8d8223,512,2.6321247099567255,8,0,0,0,0,0,nan,-1,0,0
193,553838.5999999046,-3811475.0235142596,3566802.230578476,3652663.299152193,0,0,0,0,0,1,1,1.3984210072781198,5.678155707566908,8.163803191399802,19,3,0.055135917062739785,3.3922772350084647,2.85874164256472,0,,0.0,0.0,0,nan,0,0,,0,nan,,0.0,0.0,0,nan,nan,nan,nan,nan,nan,0,0.0,0,nan,nan,0.3243215918356009,1,2.8651874448657133,0.6030456106113994,0.05978391285492543,6,1.4018396016406038,5.670665605875496,3.3922772350084647,1.060710327286877,nan,nan,0,0.5723863298957542,0,0495d0a68a8d8223,512,2.632595448622498,8,0,0,0,0,0,nan,-1,0,0
194,553838.7999989986,-3811475.5915414966,3566801.6362085417,3652663.170854875,0,0,0,0,0,1,1,1.3984744583922943,5.678515294848807,8.083266922969692,19,4,0.055135917062739785,3.3276308601441613,2.788621869752018,0,,0.0,0.0,0,nan,0,0,,0,nan,,0.0,0.0,0,nan,nan,nan,nan,nan,nan,0,0.0,0,nan,nan,0.25404377955068025,1,2.7950193790667224,0.6029460207922208,0.05981279955526426,6,1.4018925774131326,5.671021197346503,3.3276308601441613,1.0745276402902655,nan,nan,0,0.5722883560422418,0,0495d0a68a8d8223,512,2.6334964758039527,8,0,0,0,0,0,nan,-1,0,0
195,553839.0,-3811476.3373462083,3566801.087225709,3652663.392351419,0,0,0,0,0,1,1,0.7265253068600654,5.6465004561717365,7.721341135935944,19,0,0.04437860562556492,3.464890266520668,2.7665130056415395,0,,0.0,0.0,0,nan,0,0,,0,nan,,0.0,0.0,0,nan,nan,nan,nan,nan,nan,0,0.0,0,nan,nan,0.4891716782976924,1,1.7343239394546601,0.07935606060606056,0.01962605646737462,3,2.2537836889695413,6.127373679696943,3.464890266520668,1.0129440453883733,0.04437860562556492,0.3487962827525198,5,0.07916666666666662,0,042f32f7418a68e7,457,13.295251157797663,8,12,1,528,33,32,0.4891716782976924,170,19,15
196,553839.2000000477,-3811476.978264595,3566800.450204135,3652663.3254909385,0,0,0,0,0,1,1,0.7461076890021546,5.633205257525552,7.672425896101207,19,1,0.04437860562556492,3.4602300782763526,2.742398923028814,0,,0.0,0.0,0,nan,0,0,,0,nan,,0.0,0.0,0,nan,nan,nan,nan,nan,nan,0,0.0,0,nan,nan,0.48434923758331017,1,1.698550640829268,0.07930611453198555,0.019483264653940343,3,2.276003738454185,6.117016585719762,3.4602300782763526,1.0187636433564544,nan,nan,0,0.07911434220811184,0,042f32f7418a68e7,457,13.312812735645792,8,0,0,0,0,0,nan,-1,0,0
197,553839.3999989033,-3811477.6375063662,3566799.766257532,3652663.2860595253,0,0,0,0,0,1,1,0.7485099084766614,5.628911271161947,7.647288550538712,19,2,0.04437860562556492,3.446685709639301,2.7250672228239727,0,,0.0,0.0,0,nan,0,0,,0,nan,,0.0,0.0,0,nan,nan,nan,nan,nan,nan,0,0.0,0,nan,nan,0.4824144280755877,1,1.6767615479770759,0.07936978420643265,0.019276278733431924,3,2.2844468621724316,6.114797926614939,3.446685709639301,1.0308866779839807,nan,nan,0,0.07918104377181834,0,042f32f7418a68e7,457,13.290431807446913,8,0,0,0,0,0,nan,-1,0,0
198,553839.5999999046,-3811478.3218709286,3566799.0368336514,3652663.27045938,0,0,0,0,0,1,1,0.7500193851152088,5.627800082419208,7.624725230639617,19,3,0.04437860562556492,3.4266566392361657,2.7032033983384243,0,,0.0,0.0,0,nan,0,0,,0,nan,,0.0,0.0,0,nan,nan,nan,nan,nan,nan,0,0.0,0,nan,nan,0.4756497709664096,1,1.6561748275544517,0.07937916687846093,0.019237748979016665,3,2.287878096009838,6.114469974512686,3.4266566392361657,1.044588531981833,nan,nan,0,0.07919087323775272,0,042f32f7418a68e7,457,13.287138362184043,8,0,0,0,0,0,nan,-1,0,0
199,553839.7999989986,-3811479.0603560405,3566798.3049326013,3652663.2737814356,0,0,0,0,0,1,1,0.7496349238215306,5.627230589876618,7.643612130562249,19,4,0.04437860562556492,3.4528275140272133,2.7298888703145443,0,,0.0,0.0,0,nan,0,0,,0,nan,,0.0,0.0,0,nan,nan,nan,nan,nan,nan,0,0.0,0,nan,nan,0.4853148602668524,1,1.675170083230272,0.07938558865646349,0.019216592153227404,3,2.288079776297992,6.114082771788358,3.4528275140272133,1.058618868788378,nan,nan,0,0.0791976008147078,0,042f32f7418a68e7,457,13.284884928404818,8,0,0,0,0,0,nan,-1,0,0
