epoch,tow,ecef_x,ecef_y,ecef_z,fix,gamma_fixed,consistency_pass,float_consistency_pass,ddpr_consistency_pass,ddpr_support_pass,ddpr_freshness_pass,map_float_separation_m,map_ddpr_separation_m,ddpr_guard_error_m,last_ddpr_pairs,ddpr_age_epochs,last_ddpr_nis,output_error_m,map_error_m,temporal_lineage_enabled,temporal_map_assignment_id,temporal_gamma,temporal_ess,temporal_dwell_epochs,temporal_map_error_m,integrity_lineage_enabled,integrity_anchor_available,integrity_excluded_satellite,integrity_tdcp_available,integrity_tdcp_postfit_rms_m,integrity_map_assignment_id,integrity_gamma,integrity_ess,integrity_dwell_epochs,integrity_map_error_m,integrity_map_ecef_x,integrity_map_ecef_y,integrity_map_ecef_z,integrity_map_float_separation_m,integrity_map_ddpr_separation_m,integrity_guard_pass,integrity_position_ball_gamma,integrity_position_ball_members,integrity_position_ball_spread_m,integrity_position_ball_error_m,basin_oracle_min_error_m,basin_oracle_sub50cm_available,position_cluster_error_m,position_cluster_gamma,position_cluster_spread_m,position_cluster_members,position_cluster_float_separation_m,position_cluster_ddpr_separation_m,float_error_m,float_position_sigma_m,dd_pr_nis,dd_cp_nis,ambiguities_reset,gamma,fix_streak,map_assignment_id,n_basins,basin_ess,map_n_ambiguities,n_candidates_born,respawn_triggered,n_respawn_candidates_born,respawn_oracle_min_error_m,respawn_oracle_rank,n_dd_pr,n_dd_cp
0,553800.0,-3811466.693664207,3566805.2211901695,3652668.9111347175,0,0,0,0,0,1,1,2.280729819796975,2.3184944049059375,3.2894435773932713,18,0,0.08822792079773784,3.0558360247270064,3.445061773705063,0,,0.0,0.0,0,nan,0,0,,0,nan,,0.0,0.0,0,nan,nan,nan,nan,nan,nan,0,0.0,0,nan,nan,0.6126637320190739,0,2.5770186745435093,0.07994791666666674,0.02426918028582358,2,3.2433670281871274,3.417349154800285,3.0558360247270064,5.592639952376013,0.08822792079773784,0.02210678010972702,0,0.07955729166666674,0,5b857f9f29778b93,128,13.163081669380388,8,12,1,128,0.6126637320190739,39,18,17
1,553800.2000000477,-3811466.7043680125,3566805.2303698813,3652668.917540918,0,0,0,0,0,1,1,2.2774940023463253,2.3141384050828737,3.303230346751093,18,1,0.08822792079773784,3.069661387013538,3.4594089818581617,0,,0.0,0.0,0,nan,0,0,,0,nan,,0.0,0.0,0,nan,nan,nan,nan,nan,nan,0,0.0,0,nan,nan,0.621666595706132,0,2.592460351834495,0.07994791666666674,0.024269180285823564,2,3.2363471266120136,3.409891218563505,3.069661387013538,5.593979167573447,nan,nan,0,0.07955729166666674,0,5b857f9f29778b93,128,13.163081669380388,8,0,0,0,nan,-1,0,0
2,553800.4000000954,-3811466.7189359865,3566805.2446287237,3652668.9324123603,0,0,0,0,0,1,1,2.277133349954487,2.3135758897052137,3.327614176726829,18,2,0.08822792079773784,3.094081993370175,3.4756146004440414,0,,0.0,0.0,0,nan,0,0,,0,nan,,0.0,0.0,0,nan,nan,nan,nan,nan,nan,0,0.0,0,nan,nan,0.63033540175438,0,2.6071453478009428,0.07994791666666674,0.024269180285823592,2,3.234983442618371,3.4084560653731715,3.094081993370175,5.596357313446614,nan,nan,0,0.07955729166666674,0,5b857f9f29778b93,128,13.163081669380388,8,0,0,0,nan,-1,0,0
3,553800.5999999046,-3811466.7297525406,3566805.2565932283,3652668.9432305964,0,0,0,0,0,1,1,2.2770355050438678,2.313438277654556,3.3462107675928867,18,3,0.08822792079773784,3.1127126119283113,3.4866841719325667,0,,0.0,0.0,0,nan,0,0,,0,nan,,0.0,0.0,0,nan,nan,nan,nan,nan,nan,0,0.0,0,nan,nan,0.6375859400314121,0,2.6190605085861334,0.07994791666666674,0.024269180285823592,2,3.234743487123959,3.4082002834915075,3.1127126119283113,5.598949005651086,nan,nan,0,0.07955729166666674,0,5b857f9f29778b93,128,13.163081669380388,8,0,0,0,nan,-1,0,0
4,553800.7999999523,-3811466.744267113,3566805.269113487,3652668.957473204,0,0,0,0,0,1,1,2.276962479093967,2.3133375507319895,3.3692803897087065,18,4,0.08822792079773784,3.1358149569928515,3.5010278664751895,0,,0.0,0.0,0,nan,0,0,,0,nan,,0.0,0.0,0,nan,nan,nan,nan,nan,nan,0,0.0,0,nan,nan,0.6476460047960644,0,2.632072882920386,0.07994791666666674,0.024269180285823592,2,3.234558611352575,3.408005233903532,3.1358149569928515,5.601600082987624,nan,nan,0,0.07955729166666674,0,5b857f9f29778b93,128,13.163081669380388,8,0,0,0,nan,-1,0,0
5,553801.0,-3811466.9368616007,3566805.2810216984,3652668.5074501694,0,0,0,0,0,1,1,2.316075455751886,2.167041087611521,3.06684737130577,18,0,0.03619621658262093,2.9079889661919456,5.1948004065198194,0,,0.0,0.0,0,nan,0,0,,0,nan,,0.0,0.0,0,nan,nan,nan,nan,nan,nan,0,0.0,0,nan,nan,0.3928252374950329,1,5.191266088100681,0.1621847087623165,0.046332547686521446,4,2.312583856227536,2.1636205545276375,2.9079889661919456,4.501492370248857,0.03619621658262093,3.1660466738236344,0,0.16101265232342882,0,88c65eb697abea09,256,11.234415856115493,8,12,1,128,0.42437892730156407,101,18,17
6,553801.199999094,-3811466.943173036,3566805.2829087083,3652668.510097194,0,0,0,0,0,1,1,2.32822724767914,2.1838068622673266,3.0684249955277783,18,1,0.03619621658262093,2.9140634395128653,5.213554015440087,0,,0.0,0.0,0,nan,0,0,,0,nan,,0.0,0.0,0,nan,nan,nan,nan,nan,nan,0,0.0,0,nan,nan,0.38284327863091744,1,5.212316738564359,0.16805990728531242,0.027792527294882206,4,2.327005907431324,2.182607969688818,2.9140634395128653,4.502767777265328,nan,nan,0,0.16765033247050712,0,88c65eb697abea09,256,10.367750112514802,8,0,0,0,nan,-1,0,0
7,553801.3999989033,-3811466.946169016,3566805.286060807,3652668.511625461,0,0,0,0,0,1,1,2.3317470218027836,2.188025043964527,3.0717992484845156,18,2,0.03619621658262093,2.9183103719055286,5.221404946093486,0,,0.0,0.0,0,nan,0,0,,0,nan,,0.0,0.0,0,nan,nan,nan,nan,nan,nan,0,0.0,0,nan,nan,0.37773718979596543,1,5.220252896134438,0.16830513687775073,0.026896213928343998,4,2.330610168133451,2.186908377271177,2.9183103719055286,4.50551780653807,nan,nan,0,0.16792647090519616,0,88c65eb697abea09,256,10.333880758803833,8,0,0,0,nan,-1,0,0
8,553801.5999999046,-3811466.9486808027,3566805.286849198,3652668.513592462,0,0,0,0,0,1,1,2.3327409207883467,2.1893001384784117,3.0738302970372007,18,3,0.03619621658262093,2.9206910900352514,5.2246949647638194,0,,0.0,0.0,0,nan,0,0,,0,nan,,0.0,0.0,0,nan,nan,nan,nan,nan,nan,0,0.0,0,nan,nan,0.37644315787240334,1,5.223548420843463,0.16832684606981463,0.02685539362230608,4,2.3316095863460586,2.18818869059489,2.9206910900352514,4.508670296585049,nan,nan,0,0.16795101329812798,0,88c65eb697abea09,256,10.33089470916498,8,0,0,0,nan,-1,0,0
9,553801.7999999523,-3811466.9503314686,3566805.2865787297,3652668.5142038413,0,0,0,0,0,1,1,2.3330499817711137,2.1896971086162864,3.0748751962741196,18,4,0.03619621658262093,2.9218277684509317,5.226053505682977,0,,0.0,0.0,0,nan,0,0,,0,nan,,0.0,0.0,0,nan,nan,nan,nan,nan,nan,0,0.0,0,nan,nan,0.3765792211721615,1,5.224906689484233,0.16832867303575955,0.026866027436160875,4,2.3319184355259774,2.188585401449619,2.9218277684509317,4.5119408764961015,nan,nan,0,0.16795309870563355,0,88c65eb697abea09,256,10.330643245096478,8,0,0,0,nan,-1,0,0
10,553802.0,-3811467.108242471,3566805.588651914,3652667.7996094953,0,0,0,0,1,1,1,0.9313609135825832,0.6164653460983718,2.752803433053683,18,0,0.046176996803574594,2.787643238761087,3.1249325477523024,0,,0.0,0.0,0,nan,0,0,,0,nan,,0.0,0.0,0,nan,nan,nan,nan,nan,nan,0,0.0,0,nan,nan,0.20525777567896733,1,3.4691603079890485,0.061770857856865244,0.32835820690472584,7,2.2326372097093925,1.1634982805792273,2.787643238761087,3.871270358899591,0.046176996803574594,9.477003009138702,0,0.03668329245276432,0,093357b6c4bec9b6,256,62.604012176800964,8,12,1,128,0.6891756241139185,80,18,17
11,553802.2000000477,-3811467.1168671288,3566805.5932573597,3652667.807037842,0,0,0,0,1,1,1,0.9315010841080564,0.6314292044501548,2.7568795700474764,18,1,0.046176996803574594,2.7992336434849636,3.1454806848152113,0,,0.0,0.0,0,nan,0,0,,0,nan,,0.0,0.0,0,nan,nan,nan,nan,nan,nan,0,0.0,0,nan,nan,0.2094637416713925,1,3.490478780049444,0.06357839347155447,0.32786745199054157,7,2.232317166094928,1.1705154306669554,2.7992336434849636,3.872751816434111,nan,nan,0,0.037812423724915285,0,093357b6c4bec9b6,256,58.15862182061917,8,0,0,0,nan,-1,0,0
12,553802.3999989033,-3811467.1156772557,3566805.5935875596,3652667.8073552107,0,0,0,0,1,1,1,0.9313756549872256,0.6358365498493358,2.75279174445856,18,2,0.046176996803574594,2.7984202360446475,3.1461242879286155,0,,0.0,0.0,0,nan,0,0,,0,nan,,0.0,0.0,0,nan,nan,nan,nan,nan,nan,0,0.0,0,nan,nan,0.20994740963060493,1,3.490826830271884,0.06364741320152492,0.3279013237701593,7,2.2316614991588324,1.1721325886159064,2.7984202360446475,3.875946808143127,nan,nan,0,0.03783991144017892,0,093357b6c4bec9b6,256,57.98969405769975,8,0,0,0,nan,-1,0,0
13,553802.5999999046,-3811467.1215451485,3566805.594223698,3652667.8148330706,0,0,0,0,1,1,1,0.931468503674113,0.6368398368482983,2.761835492704452,18,3,0.046176996803574594,2.806213529699768,3.156225734790553,0,,0.0,0.0,0,nan,0,0,,0,nan,,0.0,0.0,0,nan,nan,nan,nan,nan,nan,0,0.0,0,nan,nan,0.21332432716079464,1,3.5014391607932804,0.06365525983961001,0.32790755723424814,7,2.231515384248296,1.172379802188007,2.806213529699768,3.879610208024698,nan,nan,0,0.03784219216638183,0,093357b6c4bec9b6,256,57.97008535931961,8,0,0,0,nan,-1,0,0
14,553802.7999989986,-3811467.116370178,3566805.592753338,3652667.8157646162,0,0,0,0,1,1,1,0.931458307000824,0.6372592629018592,2.75928551563088,18,4,0.046176996803574594,2.8025256514549035,3.15331869569056,0,,0.0,0.0,0,nan,0,0,,0,nan,,0.0,0.0,0,nan,nan,nan,nan,nan,nan,0,0.0,0,nan,nan,0.21495911120351238,1,3.500086123596363,0.06365562235765197,0.327912476545249,7,2.2314493709219416,1.1725380223255715,2.8025256514549035,3.883410359678399,nan,nan,0,0.037842467581878966,0,093357b6c4bec9b6,256,57.96926860123645,8,0,0,0,nan,-1,0,0
15,553803.0,-3811467.4750908157,3566806.067215958,3652666.8251926755,0,0,0,0,1,1,1,3.175179366637066,1.013351414118268,2.6867900666417883,18,0,0.052747126368075915,3.105797010015602,3.4592243561324207,0,,0.0,0.0,0,nan,0,0,,0,nan,,0.0,0.0,0,nan,nan,nan,nan,nan,nan,0,0.0,0,nan,nan,0.5744172923517002,0,5.085053667386335,0.04890245229721538,0.32492336537187466,5,3.302939562531851,2.445777112374672,3.105797010015602,3.446529888958384,0.052747126368075915,19.23047039825005,0,0.035401606513225686,0,2f3a0bf36060d1bf,256,67.438575816144,8,12,1,128,0.6094736308316854,32,18,17
16,553803.2000000477,-3811467.48701839,3566806.0741598764,3652666.835594138,0,0,0,0,0,1,1,4.432750733272189,2.600343877135385,2.6932109336103984,18,1,0.052747126368075915,3.119802368110178,2.719120323413654,0,,0.0,0.0,0,nan,0,0,,0,nan,,0.0,0.0,0,nan,nan,nan,nan,nan,nan,0,0.0,0,nan,nan,0.5523230523500008,0,5.109855168527664,0.0503110713972936,0.3265684702463864,5,3.3047836966990776,2.464520584099909,3.119802368110178,3.4481955702239153,nan,nan,0,0.03629728302799161,0,e7c71e6c76918972,256,63.232908453405045,8,0,0,0,nan,-1,0,0
17,553803.3999989033,-3811467.4909215695,3566806.077141064,3652666.8399957465,0,0,0,0,0,1,1,4.430941900738197,2.5972348430088057,2.6974381539937564,18,2,0.052747126368075915,3.125009995011446,2.7224011381811297,0,,0.0,0.0,0,nan,0,0,,0,nan,,0.0,0.0,0,nan,nan,nan,nan,nan,nan,0,0.0,0,nan,nan,0.5443368371977023,0,5.118877971970285,0.05037439555517634,0.327101288722137,5,3.305872640021559,2.4694003580446178,3.125009995011446,3.451783951486298,nan,nan,0,0.036370121746945344,0,e7c71e6c76918972,256,63.05222812049844,8,0,0,0,nan,-1,0,0
18,553803.5999999046,-3811467.4922913876,3566806.0785539644,3652666.8408402093,0,0,0,0,0,1,1,4.430414974205272,2.5963579887951953,2.6986596699223018,18,3,0.052747126368075915,3.127045929572931,2.722776406718352,0,,0.0,0.0,0,nan,0,0,,0,nan,,0.0,0.0,0,nan,nan,nan,nan,nan,nan,0,0.0,0,nan,nan,0.5419006416905247,0,5.121650111402811,0.050379355248748925,0.3272702989361755,5,3.306232527935816,2.470861229353446,3.127045929572931,3.4558971212947447,nan,nan,0,0.03637786909232401,0,e7c71e6c76918972,256,63.034688481868315,8,0,0,0,nan,-1,0,0
19,553803.7999989986,-3811467.493717931,3566806.0821427926,3652666.841862358,0,0,0,0,0,1,1,4.430245660846071,2.5961042389215625,2.70156110159452,18,4,0.052747126368075915,3.1307497522122483,2.722311345997927,0,,0.0,0.0,0,nan,0,0,,0,nan,,0.0,0.0,0,nan,nan,nan,nan,nan,nan,0,0.0,0,nan,nan,0.5382669188867013,0,5.125292998607091,0.0503803925220615,0.3273314628657287,5,3.3063780875138167,2.471305357256675,3.1307497522122483,3.4601626839851276,nan,nan,0,0.03637841014450884,0,e7c71e6c76918972,256,63.032894864761445,8,0,0,0,nan,-1,0,0
20,553804.0,-3811468.2512258226,3566807.127161279,3652666.0411167447,0,0,0,0,0,1,1,5.074713413691692,3.3867957980143166,4.2342337806555,19,0,0.41380108143408434,4.432677198843442,7.397195089887804,0,,0.0,0.0,0,nan,0,0,,0,nan,,0.0,0.0,0,nan,nan,nan,nan,nan,nan,0,0.0,0,nan,nan,0.22650142775764304,1,4.59603173078439,0.07132413153551481,0.2943632099727535,7,4.036108112240254,0.65791581755549,4.432677198843442,3.1278257037825994,0.41380108143408434,31.3281035856981,0,0.04956518394784051,0,aed6a1f78616dc25,256,56.54539376767079,8,12,1,128,1.0220007715817274,99,19,17
21,553804.2000000477,-3811468.2762016263,3566807.1477124835,3652666.0704713147,0,0,0,0,0,1,1,5.078672003140007,3.412937608045762,4.260340552251378,19,1,0.41380108143408434,4.461016016307509,7.4485332180357124,0,,0.0,0.0,0,nan,0,0,,0,nan,,0.0,0.0,0,nan,nan,nan,nan,nan,nan,0,0.0,0,nan,nan,0.2431745264988445,1,4.647516882799234,0.07317755701664456,0.2938268548776436,7,4.034209723885897,0.679695653295293,4.461016016307509,3.1296622776171215,nan,nan,0,0.05168526112003489,0,aed6a1f78616dc25,256,52.55886451418676,8,0,0,0,nan,-1,0,0
22,553804.4000000954,-3811468.3232041937,3566807.190374269,3652666.116779394,0,0,0,0,0,1,1,5.082620268135498,3.4135213811694047,4.341755494745182,19,2,0.41380108143408434,4.518888540953368,7.532486272086448,0,,0.0,0.0,0,nan,0,0,,0,nan,,0.0,0.0,0,nan,nan,nan,nan,nan,nan,0,0.0,0,nan,nan,0.28602273699744557,1,4.7303522767868476,0.07309601770029253,0.29382264132650376,7,4.035283700553943,0.6805753492481635,4.518888540953368,3.133615782308128,nan,nan,0,0.051778387852328155,0,aed6a1f78616dc25,256,52.31007599241879,8,0,0,0,nan,-1,0,0
23,553804.599998951,-3811468.384972638,3566807.249667508,3652666.178069575,0,0,0,0,0,1,1,5.083445714568025,3.414427291363117,4.444964421550181,19,3,0.41380108143408434,4.598291171453807,7.638952199389359,0,,0.0,0.0,0,nan,0,0,,0,nan,,0.0,0.0,0,nan,nan,nan,nan,nan,nan,0,0.0,0,nan,nan,0.36048473782150736,1,4.835146341097532,0.0730864583631634,0.29382995422427516,7,4.035422957280452,0.6813329300102959,4.598291171453807,3.1381460194226714,nan,nan,0,0.051785135430606054,0,aed6a1f78616dc25,256,52.29052397008616,8,0,0,0,nan,-1,0,0
24,553804.7999989986,-3811468.4433766464,3566807.3058876065,3652666.23595854,0,0,0,0,0,1,1,5.083626442554891,3.414850185826548,4.542244326854964,19,4,0.41380108143408434,4.674433012700302,7.738820469713391,0,,0.0,0.0,0,nan,0,0,,0,nan,,0.0,0.0,0,nan,nan,nan,nan,nan,nan,0,0.0,0,nan,nan,0.3727917893053916,1,4.933514625285867,0.07308828032343802,0.29383306435395806,7,4.035426150011738,0.6816390249513987,4.674433012700302,3.1428429254599144,nan,nan,0,0.05178635934616202,0,aed6a1f78616dc25,256,52.28930775127232,8,0,0,0,nan,-1,0,0
25,553805.0,-3811469.1430459116,3566808.378780037,3652665.242065848,0,0,0,0,0,1,1,6.625211045218606,2.4678408753872536,5.576263921042656,19,0,0.45207347146779936,6.079049261901037,8.015349282996532,0,,0.0,0.0,0,nan,0,0,,0,nan,,0.0,0.0,0,nan,nan,nan,nan,nan,nan,0,0.0,0,nan,nan,1.4871511448067398,0,8.02025255925924,0.0565954116280785,0.13638390350254473,3,6.585752655415232,2.4803901917938895,6.079049261901037,2.8664917765706495,0.45207347146779936,34.1184370362641,2,0.04626793070851708,0,86b1938a14e21d03,256,54.91831956081103,8,12,1,128,3.099921702763932,88,19,17
26,553805.2000000477,-3811469.1998369913,3566808.4256508183,3652665.301046837,0,0,0,0,0,1,1,6.633312231656385,2.472068852902831,5.685037985231231,19,1,0.45207347146779936,6.137242304290757,8.12878170604694,0,,0.0,0.0,0,nan,0,0,,0,nan,,0.0,0.0,0,nan,nan,nan,nan,nan,nan,0,0.0,0,nan,nan,1.5945844952625843,0,8.133799506801003,0.058320497121946466,0.13451115929680676,3,6.592121485133564,2.485058883828248,6.137242304290757,2.8685097516386144,nan,nan,0,0.04778146728791436,0,86b1938a14e21d03,256,51.50111149757538,8,0,0,0,nan,-1,0,0
27,553805.4000000954,-3811469.2591386302,3566808.4816262787,3652665.3585166847,0,0,0,0,0,1,1,6.635019447269695,2.473819898615964,5.785510162209737,19,2,0.45207347146779936,6.205098567218218,8.23182189801895,0,,0.0,0.0,0,nan,0,0,,0,nan,,0.0,0.0,0,nan,nan,nan,nan,nan,nan,0,0.0,0,nan,nan,1.6932740730531282,0,8.236921235079455,0.05838076252551418,0.13447953724415102,3,6.59375887426328,2.4868344953984822,6.205098567218218,2.8728261188560356,nan,nan,0,0.04782662052398645,0,86b1938a14e21d03,256,51.4055003185741,8,0,0,0,nan,-1,0,0
28,553805.599998951,-3811469.281269085,3566808.503256852,3652665.3844249053,0,0,0,0,0,1,1,6.635117646752154,2.475366185772146,5.824694535605474,19,3,0.45207347146779936,6.23036815478936,8.272619378276199,0,,0.0,0.0,0,nan,0,0,,0,nan,,0.0,0.0,0,nan,nan,nan,nan,nan,nan,0,0.0,0,nan,nan,1.7330343448177976,0,8.277726642215955,0.05839107288702921,0.13448989310883422,3,6.593858340587412,2.488389966445874,6.23036815478936,2.8777679017205555,nan,nan,0,0.04783467807726539,0,86b1938a14e21d03,256,51.40385375700706,8,0,0,0,nan,-1,0,0
29,553805.7999989986,-3811469.289832711,3566808.5094558434,3652665.3944452847,0,0,0,0,0,1,1,6.635229865950133,2.4756183509076872,5.839031602667341,19,4,0.45207347146779936,6.238536922683064,8.287195918187413,0,,0.0,0.0,0,nan,0,0,,0,nan,,0.0,0.0,0,nan,nan,nan,nan,nan,nan,0,0.0,0,nan,nan,1.7472258234080034,0,8.292295390513143,0.05839218127086131,0.13449110508825965,3,6.593972763777354,2.488642909539684,6.238536922683064,2.8828893551859838,nan,nan,0,0.04783554952353685,0,86b1938a14e21d03,256,51.4038526654091,8,0,0,0,nan,-1,0,0
30,553806.0,-3811469.988626393,3566809.4754408807,3652663.9545203396,0,0,0,0,1,1,1,6.9778987741546175,1.4492496107014645,5.499014590877071,18,0,0.20942828977675063,7.767906518983791,6.649989621192352,0,,0.0,0.0,0,nan,0,0,,0,nan,,0.0,0.0,0,nan,nan,nan,nan,nan,nan,0,0.0,0,nan,nan,1.9837319696014641,0,6.593581163524163,0.11354963117393221,0.31346253463914936,6,6.996048270427771,1.3541529358581472,7.767906518983791,2.6759519396472196,0.20942828977675063,48.48841794941493,0,0.092757749443792,0,c07392b1eed49dbd,256,35.727924906424676,8,12,1,128,2.816918508945959,112,18,17
31,553806.2000000477,-3811469.984735076,3566809.4685588456,3652663.951979333,0,0,0,0,1,1,1,6.982248396553473,1.4633882173637447,5.501499054116888,18,1,0.20942828977675063,7.761402624521035,6.665615890181767,0,,0.0,0.0,0,nan,0,0,,0,nan,,0.0,0.0,0,nan,nan,nan,nan,nan,nan,0,0.0,0,nan,nan,1.9981766639076712,0,6.629824725765726,0.11132111271028801,0.20076387387853972,8,6.988291507588417,1.4131339154860576,7.761402624521035,2.678099417447205,nan,nan,0,0.09724520269049425,0,c07392b1eed49dbd,256,32.929211229613244,8,0,0,0,nan,-1,0,0
32,553806.4000000954,-3811469.9869406754,3566809.470428908,3652663.9587578727,0,0,0,0,1,1,1,6.983542899807737,1.4663579502481834,5.511743731192529,18,2,0.20942828977675063,7.761809677319955,6.678255306350814,0,,0.0,0.0,0,nan,0,0,,0,nan,,0.0,0.0,0,nan,nan,nan,nan,nan,nan,0,0.0,0,nan,nan,2.0108229607201835,0,6.642550182677516,0.11161241267590685,0.20057065181228653,8,6.989520642108815,1.4162113670679122,7.761809677319955,2.6827187110635777,nan,nan,0,0.0975382284577382,0,c07392b1eed49dbd,256,32.78481262921951,8,0,0,0,nan,-1,0,0
33,553806.599998951,-3811469.989975492,3566809.47058704,3652663.963755162,0,0,0,0,1,1,1,6.983860031667202,1.4673748858993274,5.5172720222958995,18,3,0.20942828977675063,7.762046597964363,6.684685516440881,0,,0.0,0.0,0,nan,0,0,,0,nan,,0.0,0.0,0,nan,nan,nan,nan,nan,nan,0,0.0,0,nan,nan,2.017190890918516,0,6.64895887565653,0.11163094774469373,0.20059855815931282,8,6.989821383627732,1.4172148201934576,7.762046597964363,2.688009043087361,nan,nan,0,0.09755566190498269,0,c07392b1eed49dbd,256,32.77542926584912,8,0,0,0,nan,-1,0,0
34,553806.7999989986,-3811469.990245999,3566809.4692104803,3652663.967523169,0,0,0,0,1,1,1,6.9839623435138405,1.4677006459881041,5.518776482198639,18,4,0.20942828977675063,7.7602707554821695,6.686240754186464,0,,0.0,0.0,0,nan,0,0,,0,nan,,0.0,0.0,0,nan,nan,nan,nan,nan,nan,0,0.0,0,nan,nan,2.0189458173709918,0,6.650508495348711,0.11163173612687442,0.20061249925690977,8,6.989918664609947,1.4175327412108594,7.7602707554821695,2.693491032534563,nan,nan,0,0.09755622891276122,0,c07392b1eed49dbd,256,32.77497032964876,8,0,0,0,nan,-1,0,0
35,553807.0,-3811469.6260167784,3566809.1338563124,3652663.7525704727,0,0,0,0,0,1,1,2.982191446175133,4.58699074543391,5.190504025042034,18,0,0.290947663274422,7.379445960938236,5.150935924497962,0,,0.0,0.0,0,nan,0,0,,0,nan,,0.0,0.0,0,nan,nan,nan,nan,nan,nan,0,0.0,0,nan,nan,2.8209075029112336,0,5.150935924497962,0.07916666666666666,0.0,1,2.982191446175133,4.58699074543391,7.379445960938236,2.51694055961129,0.290947663274422,11.353875378426523,3,0.07916666666666666,0,60cbf5c6bd3b273a,140,13.292946776287321,8,12,1,128,2.8209075029112336,58,18,17
36,553807.2000000477,-3811469.6224498507,3566809.1424942133,3652663.7536380137,0,0,0,0,0,1,1,2.9826159158053196,4.586748144571808,5.190754228212314,18,1,0.290947663274422,7.383300340107547,5.153871505021943,0,,0.0,0.0,0,nan,0,0,,0,nan,,0.0,0.0,0,nan,nan,nan,nan,nan,nan,0,0.0,0,nan,nan,2.8204244774154046,0,5.153871505021943,0.0791561535371481,0.0,1,2.9826159158053196,4.586748144571808,7.383300340107547,2.5192272188702924,nan,nan,0,0.0791561535371481,0,60cbf5c6bd3b273a,140,13.296459653739497,8,0,0,0,nan,-1,0,0
37,553807.4000000954,-3811469.6206808384,3566809.146307388,3652663.7510239463,0,0,0,0,0,1,1,2.982650297229474,4.586946412962997,5.189321476759525,18,2,0.290947663274422,7.386063756140029,5.1551203656758355,0,,0.0,0.0,0,nan,0,0,,0,nan,,0.0,0.0,0,nan,nan,nan,nan,nan,nan,0,0.0,0,nan,nan,2.8173337329608863,0,5.1551203656758355,0.07915716793396335,0.0,1,2.982650297229474,4.586946412962997,7.386063756140029,2.5241381694578493,nan,nan,0,0.07915716793396335,0,60cbf5c6bd3b273a,140,13.296120642652301,8,0,0,0,nan,-1,0,0
38,553807.599998951,-3811469.6210586494,3566809.147532764,3652663.7527582804,0,0,0,0,0,1,1,2.9829554368090885,4.586894388211663,5.191298903562126,18,3,0.290947663274422,7.386515143862588,5.155976702619806,0,,0.0,0.0,0,nan,0,0,,0,nan,,0.0,0.0,0,nan,nan,nan,nan,nan,nan,0,0.0,0,nan,nan,2.8194100097605497,0,5.155976702619806,0.07915686812924849,0.0,1,2.9829554368090885,4.586894388211663,7.386515143862588,2.5297604073832183,nan,nan,0,0.07915686812924849,0,60cbf5c6bd3b273a,140,13.29622083598844,8,0,0,0,nan,-1,0,0
39,553807.7999989986,-3811469.626019064,3566809.149713479,3652663.7578284247,0,0,0,0,0,1,1,2.982984993091164,4.5868990248727215,5.198263857891848,18,4,0.290947663274422,7.389012841815085,5.160582719992699,0,,0.0,0.0,0,nan,0,0,,0,nan,,0.0,0.0,0,nan,nan,nan,nan,nan,nan,0,0.0,0,nan,nan,2.8265764749169233,0,5.160582719992699,0.07915682079069129,0.0,1,2.982984993091164,4.5868990248727215,7.389012841815085,2.535584634868319,nan,nan,0,0.07915682079069129,0,60cbf5c6bd3b273a,140,13.296236656413177,8,0,0,0,nan,-1,0,0
40,553808.0,-3811469.5997325815,3566809.023372303,3652663.9772674013,0,0,0,0,1,1,1,6.676278063905767,1.1607087120137247,4.974431904281264,18,0,0.30400967615543767,7.200881418648142,5.732006924426435,0,,0.0,0.0,0,nan,0,0,,0,nan,,0.0,0.0,0,nan,nan,nan,nan,nan,nan,0,0.0,0,nan,nan,2.1821465568513125,0,5.720036390616892,0.07076882848022087,0.2763916802560233,6,6.5880879176345735,1.1557136829401413,7.200881418648142,2.3699637257269357,0.30400967615543767,10.823505896235373,1,0.048214485774899986,0,c4ee657e4f8e7408,256,60.600855063096,8,12,1,128,2.1821465568513125,104,18,17
41,553808.199999094,-3811469.604565452,3566809.022197833,3652663.975938404,0,0,0,0,1,1,1,6.679466893936289,1.176672490917708,4.975390854091056,18,1,0.30400967615543767,7.203308836127141,5.750111549794344,0,,0.0,0.0,0,nan,0,0,,0,nan,,0.0,0.0,0,nan,nan,nan,nan,nan,nan,0,0.0,0,nan,nan,2.18376440805659,0,5.737674803139968,0.07242863111168356,0.2733199600386773,6,6.592102023093749,1.1728772087428847,7.203308836127141,2.3723777286033028,nan,nan,0,0.049693212342451706,0,c4ee657e4f8e7408,256,56.75635961110668,8,0,0,0,nan,-1,0,0
42,553808.4000000954,-3811469.6200710684,3566809.0384342065,3652663.9914526143,0,0,0,0,1,1,1,6.680647791580267,1.179450746090553,5.004874842567653,18,2,0.30400967615543767,7.218677470522274,5.782500742153548,0,,0.0,0.0,0,nan,0,0,,0,nan,,0.0,0.0,0,nan,nan,nan,nan,nan,nan,0,0.0,0,nan,nan,2.2157910939367436,0,5.770106639543564,0.0724697911094167,0.27326383479875344,6,6.593273620052009,1.1756850452368226,7.218677470522274,2.3775886360799108,nan,nan,0,0.049721612102214895,0,c4ee657e4f8e7408,256,56.620013100401536,8,0,0,0,nan,-1,0,0
43,553808.599998951,-3811469.6378614362,3566809.0555787836,3652664.004021144,0,0,0,0,1,1,1,6.680864790156078,1.1806008009792435,5.030793260613999,18,3,0.30400967615543767,7.237151120487444,5.810762379940873,0,,0.0,0.0,0,nan,0,0,,0,nan,,0.0,0.0,0,nan,nan,nan,nan,nan,nan,0,0.0,0,nan,nan,2.2431614898662917,0,5.79845163499809,0.07247409597872888,0.27326140616260414,6,6.593490096430538,1.176825271083469,7.237151120487444,2.3835556216658462,nan,nan,0,0.04972431828111265,0,c4ee657e4f8e7408,256,56.609109370167225,8,0,0,0,nan,-1,0,0
44,553808.7999999523,-3811469.6511755534,3566809.0698531303,3652664.016906605,0,0,0,0,1,1,1,6.680941168856678,1.1810059031462328,5.053571782890433,18,4,0.30400967615543767,7.250854808964697,5.834350541371417,0,,0.0,0.0,0,nan,0,0,,0,nan,,0.0,0.0,0,nan,nan,nan,nan,nan,nan,0,0.0,0,nan,nan,2.2663741269884365,0,5.822088672660662,0.07247504045723645,0.2732621626209464,6,6.593566922972816,1.1772289570109717,7.250854808964697,2.3897359609892086,nan,nan,0,0.049724943334977366,0,c4ee657e4f8e7408,256,56.608307478719766,8,0,0,0,nan,-1,0,0
45,553809.0,-3811469.415095297,3566808.780492458,3652664.2735296553,0,0,0,0,0,1,1,2.3057863654600306,4.654559158394107,5.037513551886008,19,0,0.28473158978728563,6.812160832921714,4.997351737901142,0,,0.0,0.0,0,nan,0,0,,0,nan,,0.0,0.0,0,nan,nan,nan,nan,nan,nan,0,0.0,0,nan,nan,2.228508319352869,0,4.997351737901142,0.07916666666666666,0.0,1,2.3057863654600306,4.654559158394107,6.812160832921714,2.21892742224765,0.28473158978728563,2.718979748563414,6,0.07916666666666666,0,832d821e147a649e,140,13.292946776287321,8,12,1,128,2.228508319352869,57,19,17
46,553809.199999094,-3811469.414116654,3566808.77971777,3652664.2705520685,0,0,0,0,0,1,1,2.303630504754548,4.660630251919467,5.057972790812813,19,1,0.28473158978728563,6.812011773640396,5.003517423812425,0,,0.0,0.0,0,nan,0,0,,0,nan,,0.0,0.0,0,nan,nan,nan,nan,nan,nan,0,0.0,0,nan,nan,2.247641015941416,0,5.003517423812425,0.07914996752973452,0.0,1,2.303630504754548,4.660630251919467,6.812011773640396,2.2215420717411725,nan,nan,0,0.07914996752973452,0,832d821e147a649e,140,13.298527286240885,8,0,0,0,nan,-1,0,0
47,553809.4000000954,-3811469.4182153256,3566808.7827237993,3652664.2755420734,0,0,0,0,0,1,1,2.3038957754651537,4.66205706801148,5.070793541123231,19,2,0.28473158978728563,6.814965548955687,5.00887706550206,0,,0.0,0.0,0,nan,0,0,,0,nan,,0.0,0.0,0,nan,nan,nan,nan,nan,nan,0,0.0,0,nan,nan,2.2585174893775517,0,5.00887706550206,0.07915362504160887,0.0,1,2.3038957754651537,4.66205706801148,6.814965548955687,2.2271151595485317,nan,nan,0,0.07915362504160887,0,832d821e147a649e,140,13.297304730595268,8,0,0,0,nan,-1,0,0
48,553809.599998951,-3811469.4134697006,3566808.7775105317,3652664.2671238803,0,0,0,0,0,1,1,2.3036752959280538,4.662816911822628,5.060965283991186,19,3,0.28473158978728563,6.8111547264812495,5.003085704256851,0,,0.0,0.0,0,nan,0,0,,0,nan,,0.0,0.0,0,nan,nan,nan,nan,nan,nan,0,0.0,0,nan,nan,2.2484972883408374,0,5.003085704256851,0.07916279709134318,0.0,1,2.3036752959280538,4.662816911822628,6.8111547264812495,2.233486817838483,nan,nan,0,0.07916279709134318,0,832d821e147a649e,140,13.294239607421687,8,0,0,0,nan,-1,0,0
49,553809.7999999523,-3811469.3977967124,3566808.765014775,3652664.2510027033,0,0,0,0,0,1,1,2.3036794528493614,4.663006145282517,5.036159613657036,19,4,0.28473158978728563,6.798190767216363,4.985797898741431,0,,0.0,0.0,0,nan,0,0,,0,nan,,0.0,0.0,0,nan,nan,nan,nan,nan,nan,0,0.0,0,nan,nan,2.2239108135341104,0,4.985797898741431,0.0791648030309467,0.0,1,2.3036794528493614,4.663006145282517,6.798190767216363,2.240082038541546,nan,nan,0,0.0791648030309467,0,832d821e147a649e,140,13.293569397160832,8,0,0,0,nan,-1,0,0
50,553810.0,-3811469.2985404828,3566808.640770682,3652664.524779216,0,0,0,0,0,1,1,1.9865834465554137,4.629800368522829,4.962177133669494,19,0,0.26506036033573993,6.559054910956704,5.043683713318119,0,,0.0,0.0,0,nan,0,0,,0,nan,,0.0,0.0,0,nan,nan,nan,nan,nan,nan,0,0.0,0,nan,nan,2.224310245548368,0,5.043683713318119,0.19057759385798592,0.0,1,1.9865834465554137,4.629800368522829,6.559054910956704,2.1205173581613557,0.26506036033573993,1.8608898760313553,0,0.19057759385798598,0,832d821e147a649e,159,12.331250120185429,8,12,1,128,2.247957290411901,67,19,17
51,553810.199999094,-3811469.3039292046,3566808.64487794,3652664.529502901,0,0,0,0,0,1,1,1.9835696376103673,4.629100473215518,4.972768557405449,19,1,0.26506036033573993,6.563846145743955,5.053664914432884,0,,0.0,0.0,0,nan,0,0,,0,nan,,0.0,0.0,0,nan,nan,nan,nan,nan,nan,0,0.0,0,nan,nan,2.233267642250847,0,5.053664914432884,0.20382016903373135,0.0,1,1.9835696376103673,4.629100473215518,6.563846145743955,2.1232300878221277,nan,nan,0,0.20382016903373135,0,832d821e147a649e,159,10.878587949285322,8,0,0,0,nan,-1,0,0
52,553810.4000000954,-3811469.315596398,3566808.65828624,3652664.5406800522,0,0,0,0,0,1,1,1.9828640044829813,4.629369067698414,4.993502813661418,19,2,0.26506036033573993,6.5773148379183635,5.070355450778317,0,,0.0,0.0,0,nan,0,0,,0,nan,,0.0,0.0,0,nan,nan,nan,nan,nan,nan,0,0.0,0,nan,nan,2.254732127914262,0,5.070355450778317,0.20487109911469617,0.0,1,1.9828640044829813,4.629369067698414,6.5773148379183635,2.129054448480933,nan,nan,0,0.20487109911469617,0,832d821e147a649e,159,10.776757678470501,8,0,0,0,nan,-1,0,0
53,553810.599998951,-3811469.34256695,3566808.6845943565,3652664.568832754,0,0,0,0,0,1,1,1.982641737720132,4.62952236460498,5.040506943397922,19,3,0.26506036033573993,6.60440914717434,5.103910904256259,0,,0.0,0.0,0,nan,0,0,,0,nan,,0.0,0.0,0,nan,nan,nan,nan,nan,nan,0,0.0,0,nan,nan,2.3015393214206075,0,5.103910904256259,0.20498217013636252,0.0,1,1.982641737720132,4.62952236460498,6.60440914717434,2.1357169279087573,nan,nan,0,0.20498217013636258,0,832d821e147a649e,159,10.767449813795276,8,0,0,0,nan,-1,0,0
54,553810.7999999523,-3811469.3769528917,3566808.7217116025,3652664.6004809807,0,0,0,0,0,1,1,1.982573620347418,4.629493254068559,5.098551211388733,19,4,0.26506036033573993,6.643192315066824,5.149504894159186,0,,0.0,0.0,0,nan,0,0,,0,nan,,0.0,0.0,0,nan,nan,nan,nan,nan,nan,0,0.0,0,nan,nan,2.360945949533242,0,5.149504894159186,0.20499466377102615,0.0,1,1.982573620347418,4.629493254068559,6.643192315066824,2.142612579201163,nan,nan,0,0.2049946637710261,0,832d821e147a649e,159,10.76645036225675,8,0,0,0,nan,-1,0,0
55,553811.0,-3811469.235102616,3566808.4984445698,3652664.8116010264,0,0,0,0,0,1,1,1.6816610207976475,4.654801492627643,5.151119482644341,19,0,0.25623423622778385,6.33108764208706,5.0999953550931,0,,0.0,0.0,0,nan,0,0,,0,nan,,0.0,0.0,0,nan,nan,nan,nan,nan,nan,0,0.0,0,nan,nan,2.268876647307808,0,5.0999953550931,0.3081605519901178,0.0,1,1.6816610207976475,4.654801492627643,6.33108764208706,2.0332112461865335,0.25623423622778385,1.334637417535249,0,0.3081605519901178,0,832d821e147a649e,178,8.356214209684827,8,12,1,128,2.228275085566901,92,19,17
56,553811.199999094,-3811469.2729791864,3566808.5359099815,3652664.848355844,0,0,0,0,0,1,1,1.6801627396521148,4.655427155609271,5.235284514033264,19,1,0.25623423622778385,6.372082856127787,5.155973761146522,0,,0.0,0.0,0,nan,0,0,,0,nan,,0.0,0.0,0,nan,nan,nan,nan,nan,nan,0,0.0,0,nan,nan,2.345117118413697,0,5.155973761146522,0.330352532401513,0.0,1,1.6801627396521148,4.655427155609271,6.372082856127787,2.036041422985263,nan,nan,0,0.330352532401513,0,832d821e147a649e,178,7.31230866094837,8,0,0,0,nan,-1,0,0
57,553811.4000000954,-3811469.3265806404,3566808.588842787,3652664.9009892987,0,0,0,0,0,1,1,1.6798206252916625,4.656037963523531,5.331168126328143,19,2,0.25623423622778385,6.430540122500017,5.226065690094705,0,,0.0,0.0,0,nan,0,0,,0,nan,,0.0,0.0,0,nan,nan,nan,nan,nan,nan,0,0.0,0,nan,nan,2.4391597797166313,0,5.226065690094705,0.3321295236661171,0.0,1,1.6798206252916625,4.656037963523531,6.430540122500017,2.042114738166459,nan,nan,0,0.3321295236661171,0,832d821e147a649e,178,7.2379928234074,8,0,0,0,nan,-1,0,0
58,553811.599998951,-3811469.383561751,3566808.6461469145,3652664.9577724473,0,0,0,0,0,1,1,1.6797343243255283,4.656143620811542,5.429669591884242,19,3,0.25623423622778385,6.494106070676691,5.300271155903973,0,,0.0,0.0,0,nan,0,0,,0,nan,,0.0,0.0,0,nan,nan,nan,nan,nan,nan,0,0.0,0,nan,nan,2.5376350915863766,0,5.300271155903973,0.33231120247564705,0.0,1,1.6797343243255283,4.656143620811542,6.494106070676691,2.0490599946754635,nan,nan,0,0.33231120247564705,0,832d821e147a649e,178,7.230455813709437,8,0,0,0,nan,-1,0,0
59,553811.7999999523,-3811469.4447181495,3566808.7062500827,3652665.0216358565,0,0,0,0,0,1,1,1.679708039827088,4.656210780348445,5.535782839134796,19,4,0.25623423622778385,6.561561787920344,5.379201612398526,0,,0.0,0.0,0,nan,0,0,,0,nan,,0.0,0.0,0,nan,nan,nan,nan,nan,nan,0,0.0,0,nan,nan,2.6433482568517492,0,5.379201612398526,0.332326077166375,0.0,1,1.679708039827088,4.656210780348445,6.561561787920344,2.056246294564471,nan,nan,0,0.332326077166375,0,832d821e147a649e,178,7.229850195680425,8,0,0,0,nan,-1,0,0
60,553812.0,-3811469.1845345027,3566808.40403197,3652665.053313325,0,0,0,0,0,1,1,1.4512924415224342,4.739196477524003,5.6052376997611,19,0,0.24999160052313082,6.166848881541285,5.177182843154572,0,,0.0,0.0,0,nan,0,0,,0,nan,,0.0,0.0,0,nan,nan,nan,nan,nan,nan,0,0.0,0,nan,nan,2.3876395872760385,0,5.177182843154572,0.2871029605680838,0.0,1,1.4512924415224342,4.739196477524003,6.166848881541285,1.9549034460280577,0.24999160052313082,1.3371359063100048,0,0.2871029605680838,0,832d821e147a649e,199,10.504485517546609,8,12,1,128,2.7266061059870923,100,19,17
61,553812.199999094,-3811469.2331142887,3566808.4537998647,3652665.1059620883,0,0,0,0,0,1,1,1.4494501713036179,4.74330818922974,5.7343701358619805,19,1,0.24999160052313082,6.221608856680122,5.25579498412533,0,,0.0,0.0,0,nan,0,0,,0,nan,,0.0,0.0,0,nan,nan,nan,nan,nan,nan,0,0.0,0,nan,nan,2.4973960256810845,0,5.25579498412533,0.3051803239779634,0.0,1,1.4494501713036179,4.74330818922974,6.221608856680122,1.9578471472005274,nan,nan,0,0.3051803239779634,0,832d821e147a649e,199,9.343212202955746,8,0,0,0,nan,-1,0,0
62,553812.4000000954,-3811469.2980974317,3566808.5156194377,3652665.1719480325,0,0,0,0,0,1,1,1.4491306407778102,4.744285153819515,5.853623862766625,19,2,0.24999160052313082,6.29338323410037,5.341636324009481,0,,0.0,0.0,0,nan,0,0,,0,nan,,0.0,0.0,0,nan,nan,nan,nan,nan,nan,0,0.0,0,nan,nan,2.6120704819736824,0,5.341636324009481,0.30665648865504086,0.0,1,1.4491306407778102,4.744285153819515,6.29338323410037,1.9641623367477135,nan,nan,0,0.30665648865504086,0,832d821e147a649e,199,9.258054671708404,8,0,0,0,nan,-1,0,0
63,553812.599998951,-3811469.323044764,3566808.5407642205,3652665.198648223,0,0,0,0,0,1,1,1.4491137619994094,4.744154789542428,5.897989477991351,19,3,0.24999160052313082,6.322016967199731,5.374749960952311,0,,0.0,0.0,0,nan,0,0,,0,nan,,0.0,0.0,0,nan,nan,nan,nan,nan,nan,0,0.0,0,nan,nan,2.6564500860769287,0,5.374749960952311,0.30708269935572846,0.0,1,1.4491137619994094,4.744154789542428,6.322016967199731,1.971382263637691,nan,nan,0,0.30708269935572857,0,832d821e147a649e,199,9.233941724062722,8,0,0,0,nan,-1,0,0
64,553812.7999999523,-3811469.331030157,3566808.5471869325,3652665.210737892,0,0,0,0,0,1,1,1.4490970819803606,4.744239930805735,5.9142620585397925,19,4,0.24999160052313082,6.329239134620994,5.384095703532633,0,,0.0,0.0,0,nan,0,0,,0,nan,,0.0,0.0,0,nan,nan,nan,nan,nan,nan,0,0.0,0,nan,nan,2.671548222650926,0,5.384095703532633,0.30712662551026615,0.0,1,1.4490970819803606,4.744239930805735,6.329239134620994,1.978850681069604,nan,nan,0,0.30712662551026615,0,832d821e147a649e,199,9.23146405175754,8,0,0,0,nan,-1,0,0
65,553813.0,-3811469.0978832426,3566808.2461486016,3652665.22409359,0,0,0,0,0,1,1,1.2354570243155176,4.782018938757078,5.734677466175247,18,0,0.20590055846808142,5.954818255721592,5.149634694210748,0,,0.0,0.0,0,nan,0,0,,0,nan,,0.0,0.0,0,nan,nan,nan,nan,nan,nan,0,0.0,0,nan,nan,2.3517540332850997,0,5.149634694210748,0.23713260741988246,0.0,1,1.2354570243155176,4.782018938757078,5.954818255721592,1.887203157661293,0.20590055846808142,0.8545983346324524,0,0.23713260741988246,0,832d821e147a649e,212,13.440599782710443,8,12,1,128,3.7082442940458784,118,18,17
66,553813.199999094,-3811469.0866705896,3566808.2339572455,3652665.214502371,0,0,0,0,0,1,1,1.2347765838479772,4.789504972382003,5.739384637460836,18,1,0.20590055846808142,5.940850326801397,5.139114061391727,0,,0.0,0.0,0,nan,0,0,,0,nan,,0.0,0.0,0,nan,nan,nan,nan,nan,nan,0,0.0,0,nan,nan,2.339936381503449,0,5.139114061391727,0.2509388705270375,0.0,1,1.2347765838479772,4.789504972382003,5.940850326801397,1.890252728871852,nan,nan,0,0.2509388705270375,0,832d821e147a649e,212,12.068789128377622,8,0,0,0,nan,-1,0,0
67,553813.4000000954,-3811469.0863395133,3566808.2326866523,3652665.2164501403,0,0,0,0,0,1,1,1.234611375786861,4.791067567670412,5.74575562771126,18,2,0.20590055846808142,5.9392505269522475,5.138799136608415,0,,0.0,0.0,0,nan,0,0,,0,nan,,0.0,0.0,0,nan,nan,nan,nan,nan,nan,0,0.0,0,nan,nan,2.341463173423917,0,5.138799136608415,0.2518770923208672,0.0,1,1.234611375786861,4.791067567670412,5.9392505269522475,1.8967930862073663,nan,nan,0,0.2518770923208672,0,832d821e147a649e,212,11.984682258433885,8,0,0,0,nan,-1,0,0
68,553813.599998951,-3811469.0871777595,3566808.234115772,3652665.22406919,0,0,0,0,0,1,1,1.234579154739385,4.791670573556368,5.753886074567227,18,3,0.20590055846808142,5.939136892899335,5.1396294920248,0,,0.0,0.0,0,nan,0,0,,0,nan,,0.0,0.0,0,nan,nan,nan,nan,nan,nan,0,0.0,0,nan,nan,2.3471735725891523,0,5.1396294920248,0.2519676453357426,0.0,1,1.234579154739385,4.791670573556368,5.939136892899335,1.9042684866028543,nan,nan,0,0.2519676453357426,0,832d821e147a649e,212,11.97659374377294,8,0,0,0,nan,-1,0,0
69,553813.7999999523,-3811469.0913300556,3566808.235501047,3652665.228706436,0,0,0,0,0,1,1,1.234568030144105,4.791785837956504,5.7603227340181204,18,4,0.20590055846808142,5.941714552284891,5.143068353656866,0,,0.0,0.0,0,nan,0,0,,0,nan,,0.0,0.0,0,nan,nan,nan,nan,nan,nan,0,0.0,0,nan,nan,2.352694079926011,0,5.143068353656866,0.25197903645089925,0.0,1,1.234568030144105,4.791785837956504,5.941714552284891,1.9119990826985265,nan,nan,0,0.25197903645089925,0,832d821e147a649e,212,11.975597346343287,8,0,0,0,nan,-1,0,0
70,553814.0,-3811469.037298305,3566808.123900659,3652665.37507361,0,0,0,0,0,1,1,1.080225840265433,4.730658337267325,5.580307989813202,19,0,0.17166137233746512,5.7928469079199845,5.08162068013166,0,,0.0,0.0,0,nan,0,0,,0,nan,,0.0,0.0,0,nan,nan,nan,nan,nan,nan,0,0.0,0,nan,nan,2.2508570479226826,0,5.08162068013166,0.20107741192812134,0.0,1,1.080225840265433,4.730658337267325,5.7928469079199845,1.8222119807090562,0.17166137233746512,0.6712067054049101,0,0.20107741192812129,0,832d821e147a649e,224,14.151562961645073,8,12,1,128,3.377389296501213,127,19,17
71,553814.199999094,-3811469.0540562454,3566808.1413113913,3652665.3910148344,0,0,0,0,0,1,1,1.0806268123337772,4.735179712274522,5.61628545237455,19,1,0.17166137233746512,5.813242256654249,5.102027806026316,0,,0.0,0.0,0,nan,0,0,,0,nan,,0.0,0.0,0,nan,nan,nan,nan,nan,nan,0,0.0,0,nan,nan,2.2776843946223275,0,5.102027806026316,0.2114354928502006,0.0,1,1.0806268123337772,4.735179712274522,5.813242256654249,1.8253700871584446,nan,nan,0,0.2114354928502006,0,832d821e147a649e,224,12.83562718935316,8,0,0,0,nan,-1,0,0
72,553814.4000000954,-3811469.078650902,3566808.166167389,3652665.413996416,0,0,0,0,0,1,1,1.0807837842527892,4.736155727406328,5.658664875517778,19,2,0.17166137233746512,5.8428614098649145,5.132938891867745,0,,0.0,0.0,0,nan,0,0,,0,nan,,0.0,0.0,0,nan,nan,nan,nan,nan,nan,0,0.0,0,nan,nan,2.318367656353792,0,5.132938891867745,0.2120686566200628,0.0,1,1.0807837842527892,4.736155727406328,5.8428614098649145,1.8321420652407963,nan,nan,0,0.2120686566200628,0,832d821e147a649e,224,12.76194421374637,8,0,0,0,nan,-1,0,0
73,553814.599998951,-3811469.1003943384,3566808.188215709,3652665.432468175,0,0,0,0,0,1,1,1.0808696753068041,4.736333105340292,5.6937449792407095,19,3,0.17166137233746512,5.86957827210506,5.160836599984293,0,,0.0,0.0,0,nan,0,0,,0,nan,,0.0,0.0,0,nan,nan,nan,nan,nan,nan,0,0.0,0,nan,nan,2.353736287620425,0,5.160836599984293,0.2121484070638758,0.0,1,1.0808696753068041,4.736333105340292,5.86957827210506,1.8398801572128798,nan,nan,0,0.2121484070638758,0,832d821e147a649e,224,12.753099342032481,8,0,0,0,nan,-1,0,0
74,553814.7999999523,-3811469.1283504013,3566808.217287369,3652665.456551214,0,0,0,0,0,1,1,1.080878175130722,4.736436536038435,5.739741364493762,19,4,0.17166137233746512,5.904559055478418,5.197570975056877,0,,0.0,0.0,0,nan,0,0,,0,nan,,0.0,0.0,0,nan,nan,nan,nan,nan,nan,0,0.0,0,nan,nan,2.4003288507022504,0,5.197570975056877,0.21214862280093416,0.0,1,1.080878175130722,4.736436536038435,5.904559055478418,1.8478801402022942,nan,nan,0,0.21214862280093416,0,832d821e147a649e,224,12.752933796110904,8,0,0,0,nan,-1,0,0
75,553815.0,-3811468.9644313212,3566808.0002683788,3652665.475848125,0,0,0,0,1,1,1,6.607803064219284,1.576857077316236,5.563605699858875,18,0,0.16723452360142665,5.634140693340448,6.491070539139285,0,,0.0,0.0,0,nan,0,0,,0,nan,,0.0,0.0,0,nan,nan,nan,nan,nan,nan,0,0.0,0,nan,nan,2.2803835502423286,0,6.492475255956821,0.13879648346609305,0.06036798694500108,3,6.616774226929898,1.5843224825148248,5.634140693340448,1.7651404205727586,0.16723452360142665,0.6444207763429423,0,0.13448374739793503,0,994d54c9040caa4d,230,14.919807315289953,8,12,1,128,2.7391274515228585,106,18,17
76,553815.199999094,-3811468.9626228022,3566807.997926585,3652665.473465487,0,0,0,0,1,1,1,6.610301704364644,1.577165232122927,5.570540408788409,18,1,0.16723452360142665,5.631694436909621,6.493684775269751,0,,0.0,0.0,0,nan,0,0,,0,nan,,0.0,0.0,0,nan,nan,nan,nan,nan,nan,0,0.0,0,nan,nan,2.2828752586759715,0,6.494922351646104,0.1454322453494812,0.05641673980564332,3,6.618109237369852,1.583678364481047,5.631694436909621,1.7684010070562826,nan,nan,0,0.14149070185589757,0,994d54c9040caa4d,230,13.530721682533484,8,0,0,0,nan,-1,0,0
77,553815.4000000954,-3811468.961974218,3566807.996615348,3652665.4761489625,0,0,0,0,1,1,1,6.610961049117142,1.5765643116084422,5.574369835415747,18,2,0.16723452360142665,5.6297856190029805,6.496579641713137,0,,0.0,0.0,0,nan,0,0,,0,nan,,0.0,0.0,0,nan,nan,nan,nan,nan,nan,0,0.0,0,nan,nan,2.2844938053291313,0,6.497807996076818,0.14581064485343614,0.05604534922417167,3,6.618662569140873,1.582992520086255,5.6297856190029805,1.775390432894277,nan,nan,0,0.14191288254532383,0,994d54c9040caa4d,230,13.454861081353883,8,0,0,0,nan,-1,0,0
78,553815.599998951,-3811468.965777788,3566807.9991327194,3652665.4802612495,0,0,0,0,1,1,1,6.6111559419301855,1.5765482471624819,5.581459481005151,18,3,0.16723452360142665,5.633293496618416,6.502885150743842,0,,0.0,0.0,0,nan,0,0,,0,nan,,0.0,0.0,0,nan,nan,nan,nan,nan,nan,0,0.0,0,nan,nan,2.2907274669348747,0,6.5041121780028766,0.14584779030008838,0.0559985046360458,3,6.618846091727042,1.582968834323784,5.633293496618416,1.7833748257732964,nan,nan,0,0.14195434159123782,0,994d54c9040caa4d,230,13.447640313175924,8,0,0,0,nan,-1,0,0
79,553815.7999999523,-3811468.9675551504,3566807.998609478,3652665.478977498,0,0,0,0,1,1,1,6.611197220908528,1.576560231380934,5.581387508215798,18,4,0.16723452360142665,5.634264974908431,6.5022950423568044,0,,0.0,0.0,0,nan,0,0,,0,nan,,0.0,0.0,0,nan,nan,nan,nan,nan,nan,0,0.0,0,nan,nan,2.290712452029098,0,6.503520303854324,0.14585141543443764,0.055992365956832664,3,6.618885762910068,1.582979778861383,5.634264974908431,1.7916271459200621,nan,nan,0,0.14195848882005743,0,994d54c9040caa4d,230,13.446804857009452,8,0,0,0,nan,-1,0,0
80,553816.0,-3811468.878908008,3566807.8702539033,3652665.593582837,0,0,0,0,1,1,1,6.434307631117745,1.6479679252447492,5.38969395983052,18,0,0.15067004659052766,5.460617008571898,6.442079143989576,0,,0.0,0.0,0,nan,0,0,,0,nan,,0.0,0.0,0,nan,nan,nan,nan,nan,nan,0,0.0,0,nan,nan,2.225807340851999,0,6.442841509523953,0.16069293645107904,0.04162533265337765,3,6.438541642215254,1.6513703208632606,5.460617008571898,1.7121542298193912,0.15067004659052766,0.48750634448403524,0,0.15835303960487238,0,994d54c9040caa4d,233,12.211776826081262,8,12,1,128,2.716654318286969,91,18,17
81,553816.199999094,-3811468.889186431,3566807.880308708,3652665.603812291,0,0,0,0,1,1,1,6.434690869514894,1.6450881033326334,5.415210176595309,18,1,0.15067004659052766,5.472926503892927,6.458998422715026,0,,0.0,0.0,0,nan,0,0,,0,nan,,0.0,0.0,0,nan,nan,nan,nan,nan,nan,0,0.0,0,nan,nan,2.2431995682102657,0,6.45976353960456,0.16879109855565666,0.04170772793822014,3,6.438943327490711,1.6485168915860928,5.472926503892927,1.7155155646892941,nan,nan,0,0.16632396117378545,0,994d54c9040caa4d,233,11.106963194633739,8,0,0,0,nan,-1,0,0
82,553816.3999989033,-3811468.902836786,3566807.895093014,3652665.6192629123,0,0,0,0,1,1,1,6.434518193346842,1.6445944944094837,5.440614649113292,18,2,0.15067004659052766,5.490079674497418,6.482636542115321,0,,0.0,0.0,0,nan,0,0,,0,nan,,0.0,0.0,0,nan,nan,nan,nan,nan,nan,0,0.0,0,nan,nan,2.267578169325996,0,6.483397848179441,0.16927348980886292,0.041715041900192235,3,6.438772890667273,1.6480261587841998,5.490079674497418,1.7227195117517602,nan,nan,0,0.16679852321759095,0,994d54c9040caa4d,233,11.046685827524842,8,0,0,0,nan,-1,0,0
83,553816.5999999046,-3811468.909679358,3566807.900495396,3652665.6277586543,0,0,0,0,1,1,1,6.434394725279395,1.6445919815254195,5.452336005349673,18,3,0.15067004659052766,5.497062703441286,6.49409520304598,0,,0.0,0.0,0,nan,0,0,,0,nan,,0.0,0.0,0,nan,nan,nan,nan,nan,nan,0,0.0,0,nan,nan,2.27873557464288,0,6.494855783868597,0.16932812186696977,0.041714993366781694,3,6.438649743454789,1.6480236840809486,5.497062703441286,1.730947006658849,nan,nan,0,0.16685237818902102,0,994d54c9040caa4d,233,11.039604984908939,8,0,0,0,nan,-1,0,0
84,553816.7999999523,-3811468.902958673,3566807.893729498,3652665.6224793,0,0,0,0,1,1,1,6.434339858320177,1.644616466022881,5.441563480377495,18,4,0.15067004659052766,5.488584600800307,6.484200873529896,0,,0.0,0.0,0,nan,0,0,,0,nan,,0.0,0.0,0,nan,nan,nan,nan,nan,nan,0,0.0,0,nan,nan,2.2678017413293983,0,6.484965002122846,0.16933652607886476,0.04171465798236677,3,6.438594931297359,1.6480481156275057,5.488584600800307,1.7394480273096997,nan,nan,0,0.1668607045394157,0,994d54c9040caa4d,233,11.038408510419345,8,0,0,0,nan,-1,0,0
85,553817.0,-3811468.8169170558,3566807.7924411534,3652665.732098982,0,0,0,0,1,1,1,6.270255425480681,1.6746146321125863,5.294819844578226,19,0,0.16129119387086358,5.33972507027378,6.4215231120883605,0,,0.0,0.0,0,nan,0,0,,0,nan,,0.0,0.0,0,nan,nan,nan,nan,nan,nan,0,0.0,0,nan,nan,2.1988887964054173,0,6.422025162463066,0.17936008486240218,0.03282625900264561,3,6.272884325425538,1.6766798044698468,5.33972507027378,1.6605523074598696,0.16129119387086358,0.3482728961220111,0,0.17774323907542489,0,994d54c9040caa4d,236,9.715553128671212,8,12,1,128,2.705246434050596,80,19,17
86,553817.199999094,-3811468.789584278,3566807.765068103,3652665.7043454917,0,0,0,0,1,1,1,6.268945822132475,1.676450594684227,5.241449213974157,19,1,0.16129119387086358,5.306002063462841,6.373929162524639,0,,0.0,0.0,0,nan,0,0,,0,nan,,0.0,0.0,0,nan,nan,nan,nan,nan,nan,0,0.0,0,nan,nan,2.1488756373208338,0,6.374441506228849,0.18810200307901356,0.0328803779496994,3,6.271584919449166,1.678521726281136,5.306002063462841,1.664017975913443,nan,nan,0,0.18640059808540047,0,994d54c9040caa4d,236,8.820678184113541,8,0,0,0,nan,-1,0,0
87,553817.3999989033,-3811468.7791701336,3566807.7530020396,3652665.6942558023,0,0,0,0,1,1,1,6.269580384292119,1.6749530434855047,5.227438423879993,19,2,0.16129119387086358,5.291895731050397,6.357899568287252,0,,0.0,0.0,0,nan,0,0,,0,nan,,0.0,0.0,0,nan,nan,nan,nan,nan,nan,0,0.0,0,nan,nan,2.131390279380977,0,6.358415536188075,0.1886430637414514,0.03288963826368872,3,6.272220736866332,1.6770278004583972,5.291895731050397,1.6714439156460614,nan,nan,0,0.1869357893149398,0,994d54c9040caa4d,236,8.770365081589924,8,0,0,0,nan,-1,0,0
88,553817.5999999046,-3811468.777137907,3566807.7511370927,3652665.6918531856,0,0,0,0,1,1,1,6.269613738045391,1.6748346989145695,5.224177145156627,19,3,0.16129119387086358,5.289586413029958,6.354457729509229,0,,0.0,0.0,0,nan,0,0,,0,nan,,0.0,0.0,0,nan,nan,nan,nan,nan,nan,0,0.0,0,nan,nan,2.127918463700835,0,6.354974149147409,0.18869310613656348,0.03289052027255162,3,6.272254248926089,1.6769099775008198,5.289586413029958,1.6799225601746655,nan,nan,0,0.1869852891174109,0,994d54c9040caa4d,236,8.765691716462909,8,0,0,0,nan,-1,0,0
89,553817.7999999523,-3811468.7767216642,3566807.7499405225,3652665.6927631916,0,0,0,0,1,1,1,6.269614936739178,1.6747936807175114,5.224023634889864,19,4,0.16129119387086358,5.288271008541489,6.354499546312184,0,,0.0,0.0,0,nan,0,0,,0,nan,,0.0,0.0,0,nan,nan,nan,nan,nan,nan,0,0.0,0,nan,nan,2.1273031973115883,0,6.355016749884348,0.18869823121075027,0.03289057289083669,3,6.2722554730812385,1.6768690102246535,5.288271008541489,1.6886804655036185,nan,nan,0,0.18699035884605558,0,994d54c9040caa4d,236,8.76521201753723,8,0,0,0,nan,-1,0,0
90,553818.0,-3811468.7353828726,3566807.691360277,3652665.845512674,0,0,0,0,0,1,1,3.2911684958403096,2.8371265197322146,5.072363734970376,18,0,0.11031835963790779,5.194834180173555,2.8545611833682267,0,,0.0,0.0,0,nan,0,0,,0,nan,,0.0,0.0,0,nan,nan,nan,nan,nan,nan,0,0.0,0,nan,nan,2.1807532054381906,0,2.8545611833682267,0.2213277058686404,0.0,1,3.2911684958403096,2.8371265197322146,5.194834180173555,1.6144343408829938,0.11031835963790779,0.3497947379215988,0,0.2213277058686404,0,0495d0a68a8d8223,246,7.7849701837692225,8,12,1,128,2.724201827861596,41,18,17
91,553818.199999094,-3811468.7391064353,3566807.6956073996,3652665.849251501,0,0,0,0,0,1,1,3.2921444017812656,2.832584369574863,5.069550064158991,18,1,0.11031835963790779,5.199922486511884,2.8566715201472803,0,,0.0,0.0,0,nan,0,0,,0,nan,,0.0,0.0,0,nan,nan,nan,nan,nan,nan,0,0.0,0,nan,nan,2.182937315314513,0,2.8566715201472803,0.23261658978359953,0.0,1,3.2921444017812656,2.832584369574863,5.199922486511884,1.6179992590076882,nan,nan,0,0.23261658978359953,0,0495d0a68a8d8223,246,7.0885824248929055,8,0,0,0,nan,-1,0,0
92,553818.3999989033,-3811468.74180484,3566807.696229558,3652665.8534990577,0,0,0,0,0,1,1,3.292273605938596,2.832773642525523,5.073472589110489,18,2,0.11031835963790779,5.201547054065843,2.8592979294609018,0,,0.0,0.0,0,nan,0,0,,0,nan,,0.0,0.0,0,nan,nan,nan,nan,nan,nan,0,0.0,0,nan,nan,2.1862925603012604,0,2.8592979294609018,0.23325271511630238,0.0,1,3.292273605938596,2.832773642525523,5.201547054065843,1.6256355387093915,nan,nan,0,0.23325271511630238,0,0495d0a68a8d8223,246,7.05366421921758,8,0,0,0,nan,-1,0,0
93,553818.5999999046,-3811468.7435135636,3566807.6972454316,3652665.8559057238,0,0,0,0,0,1,1,3.292320998316685,2.8325660614519728,5.076054612069313,18,3,0.11031835963790779,5.203086526608415,2.861487742938895,0,,0.0,0.0,0,nan,0,0,,0,nan,,0.0,0.0,0,nan,nan,nan,nan,nan,nan,0,0.0,0,nan,nan,2.1888304722319907,0,2.861487742938895,0.23331452564061725,0.0,1,3.292320998316685,2.8325660614519728,5.203086526608415,1.6343518753605377,nan,nan,0,0.23331452564061725,0,0495d0a68a8d8223,246,7.050347346988635,8,0,0,0,nan,-1,0,0
94,553818.7999999523,-3811468.744718246,3566807.6983538847,3652665.855421672,0,0,0,0,0,1,1,3.2923354494390606,2.8325031056143297,5.076747743709925,18,4,0.11031835963790779,5.204760967274487,2.862605551625626,0,,0.0,0.0,0,nan,0,0,,0,nan,,0.0,0.0,0,nan,nan,nan,nan,nan,nan,0,0.0,0,nan,nan,2.1899111607963455,0,2.862605551625626,0.23332081194764318,0.0,1,3.2923354494390606,2.8325031056143297,5.204760967274487,1.6433526676771246,nan,nan,0,0.23332081194764318,0,0495d0a68a8d8223,246,7.050015809212391,8,0,0,0,nan,-1,0,0
95,553819.0,-3811468.636547822,3566807.554884948,3652665.9106425443,0,0,0,0,0,1,1,3.1252680711836507,2.6647701842958273,4.890138159597874,18,0,0.09650807870128013,5.019691785494193,2.874695553500059,0,,0.0,0.0,0,nan,0,0,,0,nan,,0.0,0.0,0,nan,nan,nan,nan,nan,nan,0,0.0,0,nan,nan,2.2022806207083354,0,2.874695553500059,0.2619146288124928,0.0,1,3.1252680711836507,2.6647701842958273,5.019691785494193,1.5710678464020085,0.09650807870128013,0.27321485315356214,0,0.2619146288124928,0,0495d0a68a8d8223,256,6.565779139353914,8,12,1,128,2.830586370497029,11,18,17
96,553819.199999094,-3811468.636808119,3566807.5548408963,3652665.9143909067,0,0,0,0,0,1,1,3.1251858381760376,2.664213166600701,4.893977517305169,18,1,0.09650807870128013,5.019348060966175,2.8778703844202234,0,,0.0,0.0,0,nan,0,0,,0,nan,,0.0,0.0,0,nan,nan,nan,nan,nan,nan,0,0.0,0,nan,nan,2.2060243757597777,0,2.8778703844202234,0.2734359076686873,0.0,1,3.1251858381760376,2.664213166600701,5.019348060966175,1.5747309510157785,nan,nan,0,0.2734359076686873,0,0495d0a68a8d8223,256,6.042677399605112,8,0,0,0,nan,-1,0,0
97,553819.3999989033,-3811468.6387844095,3566807.555983467,3652665.918199778,0,0,0,0,0,1,1,3.1251428917723847,2.664050266749635,4.898568483565775,18,2,0.09650807870128013,5.0209986749369175,2.8814906564089364,0,,0.0,0.0,0,nan,0,0,,0,nan,,0.0,0.0,0,nan,nan,nan,nan,nan,nan,0,0.0,0,nan,nan,2.210207993738272,0,2.8814906564089364,0.2739380855585028,0.0,1,3.1251428917723847,2.664050266749635,5.0209986749369175,1.5825760258817991,nan,nan,0,0.2739380855585028,0,0495d0a68a8d8223,256,6.02235530318841,8,0,0,0,nan,-1,0,0
98,553819.5999999046,-3811468.6393151586,3566807.556565854,3652665.922912061,0,0,0,0,0,1,1,3.125140753883092,2.6640043367375497,4.902479296001756,18,3,0.09650807870128013,5.021187289397074,2.884139834322404,0,,0.0,0.0,0,nan,0,0,,0,nan,,0.0,0.0,0,nan,nan,nan,nan,nan,nan,0,0.0,0,nan,nan,2.2133632123609495,0,2.884139834322404,0.27398697666246696,0.0,1,3.125140753883092,2.6640043367375497,5.021187289397074,1.5915282050527608,nan,nan,0,0.27398697666246696,0,0495d0a68a8d8223,256,6.02040197247429,8,0,0,0,nan,-1,0,0
99,553819.7999999523,-3811468.641817714,3566807.556025829,3652665.9311662726,0,0,0,0,0,1,1,3.125137472559463,2.664024741136956,4.909242387919663,18,4,0.09650807870128013,5.021359757160374,2.887890785719417,0,,0.0,0.0,0,nan,0,0,,0,nan,,0.0,0.0,0,nan,nan,nan,nan,nan,nan,0,0.0,0,nan,nan,2.218437490532102,0,2.887890785719417,0.27399175990853875,0.0,1,3.125137472559463,2.664024741136956,5.021359757160374,1.600769804175733,nan,nan,0,0.27399175990853875,0,0495d0a68a8d8223,256,6.020203426794625,8,0,0,0,nan,-1,0,0
100,553820.0,-3811468.5541079477,3566807.437510714,3652665.968508439,0,0,0,0,0,1,1,2.9821875688150037,2.5333980096349875,4.730786090350278,18,0,0.08261153489824674,4.870813625953213,2.8797953160803025,0,,0.0,0.0,0,nan,0,0,,0,nan,,0.0,0.0,0,nan,nan,nan,nan,nan,nan,0,0.0,0,nan,nan,2.035402820020773,0,2.8797953160803025,0.3196899364904296,0.0,1,2.9821875688150037,2.5333980096349875,4.870813625953213,1.5301583551075884,0.08261153489824674,0.2516350132432009,0,0.3196899364904296,0,0495d0a68a8d8223,256,5.532852570878592,8,12,1,128,2.035402820020773,127,18,17
101,553820.199999094,-3811468.5551112634,3566807.4387408583,3652665.9705805383,0,0,0,0,0,1,1,2.9817528551691246,2.5357519898997696,4.737012736466261,18,1,0.08261153489824674,4.872141507085222,2.883515207496613,0,,0.0,0.0,0,nan,0,0,,0,nan,,0.0,0.0,0,nan,nan,nan,nan,nan,nan,0,0.0,0,nan,nan,2.042689200000983,0,2.883515207496613,0.33256146425801747,0.0,1,2.9817528551691246,2.5357519898997696,4.872141507085222,1.5339193345582653,nan,nan,0,0.33256146425801747,0,0495d0a68a8d8223,256,5.108084962593792,8,0,0,0,nan,-1,0,0
102,553820.3999989033,-3811468.554467566,3566807.438987627,3652665.970344634,0,0,0,0,0,1,1,2.9817175137905223,2.5354724292474167,4.736208478639028,18,2,0.08261153489824674,4.871941036236305,2.8833369404327875,0,,0.0,0.0,0,nan,0,0,,0,nan,,0.0,0.0,0,nan,nan,nan,nan,nan,nan,0,0.0,0,nan,nan,2.0419951255924174,0,2.8833369404327875,0.3330719748107439,0.0,1,2.9817175137905223,2.5354724292474167,4.871941036236305,1.5419721028542017,nan,nan,0,0.3330719748107439,0,0495d0a68a8d8223,256,5.092034443171369,8,0,0,0,nan,-1,0,0
103,553820.5999999046,-3811468.566214731,3566807.449401112,3652665.982010112,0,0,0,0,0,1,1,2.9816411681993036,2.5359422362724477,4.756360157979746,18,3,0.08261153489824674,4.886003146619511,2.901249945301865,0,,0.0,0.0,0,nan,0,0,,0,nan,,0.0,0.0,0,nan,nan,nan,nan,nan,nan,0,0.0,0,nan,nan,2.060157524654638,0,2.901249945301865,0.33310994405450484,0.0,1,2.9816411681993036,2.5359422362724477,4.886003146619511,1.5511586485323297,nan,nan,0,0.33310994405450484,0,0495d0a68a8d8223,256,5.090696913569352,8,0,0,0,nan,-1,0,0
104,553820.7999999523,-3811468.580364131,3566807.4643471627,3652665.9947485225,0,0,0,0,0,1,1,2.981630350509506,2.535965166700586,4.780039635860467,18,4,0.08261153489824674,4.904954528168594,2.924037391857879,0,,0.0,0.0,0,nan,0,0,,0,nan,,0.0,0.0,0,nan,nan,nan,nan,nan,nan,0,0.0,0,nan,nan,2.0800236438450694,0,2.924037391857879,0.33311437636639973,0.0,1,2.981630350509506,2.535965166700586,4.904954528168594,1.560639325014739,nan,nan,0,0.33311437636639973,0,0495d0a68a8d8223,256,5.09054975143267,8,0,0,0,nan,-1,0,0
105,553821.0,-3811468.4539604494,3566807.306149873,3652666.019897038,0,0,0,0,0,1,1,2.821636863870861,2.3874815757648884,4.575131479767411,19,0,0.10109941856354684,4.701028825705114,2.8975735182395312,0,,0.0,0.0,0,nan,0,0,,0,nan,,0.0,0.0,0,nan,nan,nan,nan,nan,nan,0,0.0,0,nan,nan,1.7977099762218993,0,2.8975735182395312,0.36286358729443663,0.0,1,2.821636863870861,2.3874815757648884,4.701028825705114,1.4898935554101393,0.10109941856354684,0.22508718476253217,0,0.36286358729443663,0,0495d0a68a8d8223,256,4.667632924632959,8,12,1,128,1.7977099762218993,87,19,17
106,553821.199999094,-3811468.463041869,3566807.315766122,3652666.0304021374,0,0,0,0,0,1,1,2.821136541707114,2.389686866119881,4.598205726212484,19,1,0.10109941856354684,4.712981367175279,2.916537942678225,0,,0.0,0.0,0,nan,0,0,,0,nan,,0.0,0.0,0,nan,nan,nan,nan,nan,nan,0,0.0,0,nan,nan,1.8199801489194425,0,2.916537942678225,0.37802784858393174,0.0,1,2.821136541707114,2.389686866119881,4.712981367175279,1.493755958423994,nan,nan,0,0.37802784858393174,0,0495d0a68a8d8223,256,4.300564032140365,8,0,0,0,nan,-1,0,0
107,553821.3999989033,-3811468.4721323354,3566807.3232537475,3652666.0398862143,0,0,0,0,0,1,1,2.82106274904753,2.389748750410246,4.613731244953801,19,2,0.10109941856354684,4.723474482020924,2.9303644187712985,0,,0.0,0.0,0,nan,0,0,,0,nan,,0.0,0.0,0,nan,nan,nan,nan,nan,nan,0,0.0,0,nan,nan,1.8344119578802325,0,2.9303644187712985,0.37865079539249674,0.0,1,2.82106274904753,2.389748750410246,4.723474482020924,1.5020240791443242,nan,nan,0,0.37865079539249674,0,0495d0a68a8d8223,256,4.286446911330122,8,0,0,0,nan,-1,0,0
108,553821.5999999046,-3811468.487521388,3566807.33707183,3652666.0585040287,0,0,0,0,0,1,1,2.8210064126802092,2.3901263410390334,4.642317865016059,19,3,0.10109941856354684,4.741889378283319,2.955349310995403,0,,0.0,0.0,0,nan,0,0,,0,nan,,0.0,0.0,0,nan,nan,nan,nan,nan,nan,0,0.0,0,nan,nan,1.8622168376284043,0,2.955349310995403,0.37870364090428005,0.0,1,2.8210064126802092,2.3901263410390334,4.741889378283319,1.5114534494126786,nan,nan,0,0.37870364090428005,0,0495d0a68a8d8223,256,4.285202823011996,8,0,0,0,nan,-1,0,0
109,553821.7999999523,-3811468.498966446,3566807.3479712936,3652666.0694378703,0,0,0,0,0,1,1,2.821001501046615,2.3900921570362756,4.661247801351581,19,4,0.10109941856354684,4.756408538925942,2.9730842947864047,0,,0.0,0.0,0,nan,0,0,,0,nan,,0.0,0.0,0,nan,nan,nan,nan,nan,nan,0,0.0,0,nan,nan,1.8797591192564704,0,2.9730842947864047,0.378711051526627,0.0,1,2.821001501046615,2.3900921570362756,4.756408538925942,1.5211816072400826,nan,nan,0,0.378711051526627,0,0495d0a68a8d8223,256,4.285044352310244,8,0,0,0,nan,-1,0,0
110,553822.0,-3811468.366795978,3566807.1951820585,3652666.079515507,0,0,0,0,0,1,1,2.684013593959471,2.3127938260928,4.513442818290191,19,0,0.09580900580672519,4.554417796108927,2.9181585958363163,0,,0.0,0.0,0,nan,0,0,,0,nan,,0.0,0.0,0,nan,nan,nan,nan,nan,nan,0,0.0,0,nan,nan,1.5279381483269947,0,2.9181585958363163,0.42406341952568805,0.0,1,2.684013593959471,2.3127938260928,4.554417796108927,1.4518613891260537,0.09580900580672519,0.23458075987996396,0,0.42406341952568805,0,0495d0a68a8d8223,256,3.8517291126830115,8,12,1,128,2.0375927152416535,86,19,17
111,553822.199999094,-3811468.396445469,3566807.224230911,3652666.1126333876,0,0,0,0,0,1,1,2.6831831560714456,2.3179862755574994,4.579754089202728,19,1,0.09580900580672519,4.592267392438219,2.9727991482083267,0,,0.0,0.0,0,nan,0,0,,0,nan,,0.0,0.0,0,nan,nan,nan,nan,nan,nan,0,0.0,0,nan,nan,1.4809990730559077,0,2.9727991482083267,0.4420438385680704,0.0,1,2.6831831560714456,2.3179862755574994,4.592267392438219,1.4558249861039145,nan,nan,0,0.4420438385680704,0,0495d0a68a8d8223,256,3.546812041622916,8,0,0,0,nan,-1,0,0
112,553822.3999989033,-3811468.433035671,3566807.2606027587,3652666.149549613,0,0,0,0,0,1,1,2.6830233199085574,2.3189486802061703,4.645149069337984,19,2,0.09580900580672519,4.640125253966821,3.0328447869172295,0,,0.0,0.0,0,nan,0,0,,0,nan,,0.0,0.0,0,nan,nan,nan,nan,nan,nan,0,0.0,0,nan,nan,1.4311012377773789,0,3.0328447869172295,0.44279416462710236,0.0,1,2.6830233199085574,2.3189486802061703,4.640125253966821,1.464307366794698,nan,nan,0,0.44279416462710236,0,0495d0a68a8d8223,256,3.5349971897211208,8,0,0,0,nan,-1,0,0
113,553822.5999999046,-3811468.495169431,3566807.3239307012,3652666.2178813745,0,0,0,0,0,1,1,2.682899280925788,2.3201441283487823,4.758861840996554,19,3,0.09580900580672519,4.72301200125036,3.137639092597328,0,,0.0,0.0,0,nan,0,0,,0,nan,,0.0,0.0,0,nan,nan,nan,nan,nan,nan,0,0.0,0,nan,nan,1.349285743509572,0,3.137639092597328,0.4428169028221869,0.0,1,2.682899280925788,2.3201441283487823,4.72301200125036,1.4739780586275537,nan,nan,0,0.4428169028221869,0,0495d0a68a8d8223,256,3.5345753616027276,8,0,0,0,nan,-1,0,0
114,553822.7999999523,-3811468.5736154537,3566807.399910786,3652666.298941172,0,0,0,0,0,1,1,2.6828731812924542,2.3203616806544636,4.894133650654775,19,4,0.09580900580672519,4.8266094848585706,3.2642700794416855,0,,0.0,0.0,0,nan,0,0,,0,nan,,0.0,0.0,0,nan,nan,nan,nan,nan,nan,0,0.0,0,nan,nan,1.2588528525837417,0,3.2642700794416855,0.44281674505255825,0.0,1,2.6828731812924542,2.3203616806544636,4.8266094848585706,1.4839519154548166,nan,nan,0,0.44281674505255825,0,0495d0a68a8d8223,256,3.534569255669916,8,0,0,0,nan,-1,0,0
115,553823.0,-3811468.3071210613,3566807.122528986,3652666.160279836,0,0,0,0,0,1,1,2.5481234739588126,2.4784600098956373,4.856889811956668,19,0,0.07818896748069047,4.453110749404401,3.032357235006516,0,,0.0,0.0,0,nan,0,0,,0,nan,,0.0,0.0,0,nan,nan,nan,nan,nan,nan,0,0.0,0,nan,nan,1.4899258712972523,0,3.032357235006516,0.4632891052972656,0.0,1,2.5481234739588126,2.4784600098956373,4.453110749404401,1.4158440950765059,0.07818896748069047,0.5499291585600596,0,0.4632891052972656,0,0495d0a68a8d8223,256,3.408881717171004,8,12,1,128,2.7270861543964013,63,19,17
116,553823.199999094,-3811468.35837787,3566807.175700028,3652666.2083267174,0,0,0,0,0,1,1,2.5455754315474977,2.4940475344197055,4.987374587346828,19,1,0.07818896748069047,4.52266282746532,3.1386691766057995,0,,0.0,0.0,0,nan,0,0,,0,nan,,0.0,0.0,0,nan,nan,nan,nan,nan,nan,0,0.0,0,nan,nan,1.4008749260137203,0,3.1386691766057995,0.48318645091154566,0.0,1,2.5455754315474977,2.4940475344197055,4.52266282746532,1.4199083665795802,nan,nan,0,0.48318645091154566,0,0495d0a68a8d8223,256,3.136352903749418,8,0,0,0,nan,-1,0,0
117,553823.3999989033,-3811468.433264046,3566807.25222931,3652666.2826369973,0,0,0,0,0,1,1,2.545018831633857,2.498604353348974,5.127727183479904,19,2,0.07818896748069047,4.624302905662867,3.266874143295174,0,,0.0,0.0,0,nan,0,0,,0,nan,,0.0,0.0,0,nan,nan,nan,nan,nan,nan,0,0.0,0,nan,nan,1.3001019145340866,0,3.266874143295174,0.48397218739286796,0.0,1,2.545018831633857,2.498604353348974,4.624302905662867,1.428604050663526,nan,nan,0,0.48397218739286796,0,0495d0a68a8d8223,256,3.1263746626106883,8,0,0,0,nan,-1,0,0
118,553823.5999999046,-3811468.526425609,3566807.342732031,3652666.378323031,0,0,0,0,0,1,1,2.5448386013177933,2.5004001591128358,5.2919738973191155,19,3,0.07818896748069047,4.749034182664432,3.419579453380493,0,,0.0,0.0,0,nan,0,0,,0,nan,,0.0,0.0,0,nan,nan,nan,nan,nan,nan,0,0.0,0,nan,nan,1.1949326146354335,0,3.419579453380493,0.4839932346623302,0.0,1,2.5448386013177933,2.5004001591128358,4.749034182664432,1.4393613695508036,nan,nan,0,0.4839932346623302,0,0495d0a68a8d8223,256,3.126099864232137,8,0,0,0,nan,-1,0,0
119,553823.7999999523,-3811468.626168303,3566807.4400163204,3652666.4852314456,0,0,0,0,0,1,1,2.5447860479878974,2.5008995165327597,5.4679409752809,19,4,0.07818896748069047,4.885182020055159,3.584893731545899,0,,0.0,0.0,0,nan,0,0,,0,nan,,0.0,0.0,0,nan,nan,nan,nan,nan,nan,0,0.0,0,nan,nan,1.100783661119919,0,3.584893731545899,0.4839945235778476,0.0,1,2.5447860479878974,2.5008995165327597,4.885182020055159,1.4513607916494302,nan,nan,0,0.4839945235778476,0,0495d0a68a8d8223,256,3.126082159634935,8,0,0,0,nan,-1,0,0
120,553824.0,-3811468.259865396,3566807.0599575657,3652666.3579538884,0,0,0,0,0,1,1,2.3616006766917508,2.880786618383758,5.4538701772375715,19,0,0.08988941241842627,4.361917432117349,3.1322497599263466,0,,0.0,0.0,0,nan,0,0,,0,nan,,0.0,0.0,0,nan,nan,nan,nan,nan,nan,0,0.0,0,nan,nan,1.4042832897505317,0,3.1322497599263466,0.46521046559781876,0.0,1,2.3616006766917508,2.880786618383758,4.361917432117349,1.373252962372899,0.08988941241842627,0.7202377201934707,3,0.46521046559781876,0,0495d0a68a8d8223,256,3.403465834831828,8,12,1,128,3.362804374922399,105,19,17
121,553824.199999094,-3811468.3186313105,3566807.114591428,3652666.4297831175,0,0,0,0,0,1,1,2.358374860428122,2.906850317200752,5.61549863522789,19,1,0.08988941241842627,4.439043102720355,3.2529840717733216,0,,0.0,0.0,0,nan,0,0,,0,nan,,0.0,0.0,0,nan,nan,nan,nan,nan,nan,0,0.0,0,nan,nan,1.3148141360895167,0,3.2529840717733216,0.48769604976815795,0.0,1,2.358374860428122,2.906850317200752,4.439043102720355,1.3775673270551245,nan,nan,0,0.48769604976815795,0,0495d0a68a8d8223,256,3.099568602994776,8,0,0,0,nan,-1,0,0
122,553824.3999989033,-3811468.4017194808,3566807.191496991,3652666.5269679357,0,0,0,0,0,1,1,2.357712130545234,2.9144239958124905,5.77867702660189,19,2,0.08988941241842627,4.549974274877567,3.3952235302434404,0,,0.0,0.0,0,nan,0,0,,0,nan,,0.0,0.0,0,nan,nan,nan,nan,nan,nan,0,0.0,0,nan,nan,1.2242769948318293,0,3.3952235302434404,0.48874572619076856,0.0,1,2.357712130545234,2.9144239958124905,4.549974274877567,1.3865624694209557,nan,nan,0,0.48874572619076856,0,0495d0a68a8d8223,256,3.086488259263588,8,0,0,0,nan,-1,0,0
123,553824.5999999046,-3811468.469013541,3566807.2541610976,3652666.6065085335,0,0,0,0,0,1,1,2.3576101433238303,2.9157211761055706,5.902634963983915,19,3,0.08988941241842627,4.641685113627941,3.508396408484332,0,,0.0,0.0,0,nan,0,0,,0,nan,,0.0,0.0,0,nan,nan,nan,nan,nan,nan,0,0.0,0,nan,nan,1.1646636040661709,0,3.508396408484332,0.4890479184734935,0.0,1,2.3576101433238303,2.9157211761055706,4.641685113627941,1.396781349938426,nan,nan,0,0.4890479184734935,0,0495d0a68a8d8223,256,3.0827492411013186,8,0,0,0,nan,-1,0,0
124,553824.7999999523,-3811468.5337115326,3566807.315192017,3652666.679677825,0,0,0,0,0,1,1,2.3575624672161473,2.916333661375908,6.018655124037361,19,4,0.08988941241842627,4.731626776497732,3.6163202229124822,0,,0.0,0.0,0,nan,0,0,,0,nan,,0.0,0.0,0,nan,nan,nan,nan,nan,nan,0,0.0,0,nan,nan,1.1149049391100647,0,3.6163202229124822,0.48906893200022256,0.0,1,2.3575624672161473,2.916333661375908,4.731626776497732,1.407305432486407,nan,nan,0,0.48906893200022256,0,0495d0a68a8d8223,256,3.082489306327423,8,0,0,0,nan,-1,0,0
125,553825.0,-3811468.213257993,3566806.992953297,3652666.4700697195,0,0,0,0,0,1,1,2.2386335944510596,3.2872125152188634,5.890272139779201,18,0,0.08969191766896357,4.277212282198917,3.1189596409881455,0,,0.0,0.0,0,nan,0,0,,0,nan,,0.0,0.0,0,nan,nan,nan,nan,nan,nan,0,0.0,0,nan,nan,1.394978255317974,0,3.1189596409881455,0.45842078301561107,0.0,1,2.2386335944510596,3.2872125152188634,4.277212282198917,1.341081887224252,0.08969191766896357,0.5287017041840866,1,0.45842078301561107,0,0495d0a68a8d8223,256,3.4913088384759647,8,12,1,128,3.865603883983661,80,18,17
126,553825.199999094,-3811468.215952453,3566806.9975593677,3652666.470325392,0,0,0,0,0,1,1,2.2366764142359554,3.318235036676018,5.949408345863716,18,1,0.08969191766896357,4.282452446087192,3.14441762955854,0,,0.0,0.0,0,nan,0,0,,0,nan,,0.0,0.0,0,nan,nan,nan,nan,nan,nan,0,0.0,0,nan,nan,1.3650593287943127,0,3.14441762955854,0.48026086119895417,0.0,1,2.2366764142359554,3.318235036676018,4.282452446087192,1.345371540844225,nan,nan,0,0.48026086119895417,0,0495d0a68a8d8223,256,3.183602119728266,8,0,0,0,nan,-1,0,0
127,553825.3999989033,-3811468.238187265,3566807.0211028242,3652666.4891943247,0,0,0,0,0,1,1,2.2363603932205884,3.3241836388591373,5.99605464083504,18,2,0.08969191766896357,4.314483734331186,3.1835761531997164,0,,0.0,0.0,0,nan,0,0,,0,nan,,0.0,0.0,0,nan,nan,nan,nan,nan,nan,0,0.0,0,nan,nan,1.3316343081723296,0,3.1835761531997164,0.4820660162863911,0.0,1,2.2363603932205884,3.3241836388591373,4.314483734331186,1.354545942352799,nan,nan,0,0.4820660162863911,0,0495d0a68a8d8223,256,3.1601485890485117,8,0,0,0,nan,-1,0,0
128,553825.5999999046,-3811468.261695421,3566807.0505434126,3652666.5058137137,0,0,0,0,0,1,1,2.2362662521576686,3.326034024814114,6.038101056480596,18,3,0.08969191766896357,4.351916627772232,3.224699562407446,0,,0.0,0.0,0,nan,0,0,,0,nan,,0.0,0.0,0,nan,nan,nan,nan,nan,nan,0,0.0,0,nan,nan,1.295558360987677,0,3.224699562407446,0.48224087684917855,0.0,1,2.2362662521576686,3.326034024814114,4.351916627772232,1.3649945563252466,nan,nan,0,0.48224087684917855,0,0495d0a68a8d8223,256,3.1578908522062394,8,0,0,0,nan,-1,0,0
129,553825.7999999523,-3811468.278472328,3566807.074131695,3652666.5131957456,0,0,0,0,0,1,1,2.236244429282906,3.3265567006867403,6.065133181303713,18,4,0.08969191766896357,4.3806593548427015,3.2538670603138318,0,,0.0,0.0,0,nan,0,0,,0,nan,,0.0,0.0,0,nan,nan,nan,nan,nan,nan,0,0.0,0,nan,nan,1.2679553896120421,0,3.2538670603138318,0.4822963560537938,0.0,1,2.236244429282906,3.3265567006867403,4.3806593548427015,1.3757587604714319,nan,nan,0,0.4822963560537938,0,0495d0a68a8d8223,256,3.157177028090789,8,0,0,0,nan,-1,0,0
130,553826.0,-3811468.1517025777,3566806.937944159,3652666.5636500316,0,0,0,0,0,1,1,2.136504122473561,3.4057330659666145,5.915966385510824,19,0,0.10437133364055624,4.194577476519986,2.9913385844072193,0,,0.0,0.0,0,nan,0,0,,0,nan,,0.0,0.0,0,nan,nan,nan,nan,nan,nan,0,0.0,0,nan,nan,1.4550785052800954,0,2.9913385844072193,0.49066241888942713,0.0,1,2.136504122473561,3.4057330659666145,4.194577476519986,1.3114539874734326,0.10437133364055624,0.11782175146010418,0,0.49066241888942713,0,0495d0a68a8d8223,256,3.1300909770549703,8,12,1,128,3.862891755403422,104,19,17
131,553826.199999094,-3811468.159587029,3566806.949774481,3652666.568268415,0,0,0,0,0,1,1,2.1361479793678178,3.4209179425952025,5.945868363315383,19,1,0.10437133364055624,4.208702179491958,3.0054122935693948,0,,0.0,0.0,0,nan,0,0,,0,nan,,0.0,0.0,0,nan,nan,nan,nan,nan,nan,0,0.0,0,nan,nan,1.4354987560502144,0,3.0054122935693948,0.5148360408626281,0.0,1,2.1361479793678178,3.4209179425952025,4.208702179491958,1.3158415864574493,nan,nan,0,0.5148360408626281,0,0495d0a68a8d8223,256,2.8457847588152885,8,0,0,0,nan,-1,0,0
132,553826.3999989033,-3811468.1752835745,3566806.9684575084,3652666.582082078,0,0,0,0,0,1,1,2.136176388757792,3.4239507327705594,5.975879376587724,19,2,0.10437133364055624,4.233177470332,3.031637774750964,0,,0.0,0.0,0,nan,0,0,,0,nan,,0.0,0.0,0,nan,nan,nan,nan,nan,nan,0,0.0,0,nan,nan,1.4110752128705375,0,3.031637774750964,0.516199298918317,0.0,1,2.136176388757792,3.4239507327705594,4.233177470332,1.3252205081739585,nan,nan,0,0.516199298918317,0,0495d0a68a8d8223,256,2.8310456579289442,8,0,0,0,nan,-1,0,0
133,553826.5999999046,-3811468.186702761,3566806.98243011,3652666.5923306453,0,0,0,0,0,1,1,2.13621223055447,3.4246543739830515,5.996578759226646,19,3,0.10437133364055624,4.251301327647518,3.051320860598452,0,,0.0,0.0,0,nan,0,0,,0,nan,,0.0,0.0,0,nan,nan,nan,nan,nan,nan,0,0.0,0,nan,nan,1.3937959698455473,0,3.051320860598452,0.5163690479347143,0.0,1,2.13621223055447,3.4246543739830515,4.251301327647518,1.335898510189637,nan,nan,0,0.5163690479347143,0,0495d0a68a8d8223,256,2.829225533690052,8,0,0,0,nan,-1,0,0
134,553826.7999999523,-3811468.1878019567,3566806.985637567,3652666.589243545,0,0,0,0,0,1,1,2.1362307772495774,3.424793189689899,5.996847591735163,19,4,0.10437133364055624,4.254421475626382,3.053023889439929,0,,0.0,0.0,0,nan,0,0,,0,nan,,0.0,0.0,0,nan,nan,nan,nan,nan,nan,0,0.0,0,nan,nan,1.3904265815250132,0,3.053023889439929,0.5164078260957834,0.0,1,2.1362307772495774,3.424793189689899,4.254421475626382,1.3468952651177057,nan,nan,0,0.5164078260957834,0,0495d0a68a8d8223,256,2.828812601279399,8,0,0,0,nan,-1,0,0
135,553827.0,-3811468.111643901,3566806.9077284085,3652666.6593171554,0,0,0,0,0,1,1,2.063969315761386,3.394720227073554,5.852315110497573,19,0,0.09857460373214366,4.146925816126614,2.921329594725267,0,,0.0,0.0,0,nan,0,0,,0,nan,,0.0,0.0,0,nan,nan,nan,nan,nan,nan,0,0.0,0,nan,nan,1.4877227532725041,0,2.921329594725267,0.5367277392494914,0.0,1,2.063969315761386,3.394720227073554,4.146925816126614,1.2831498675486563,0.09857460373214366,0.09671186119271143,0,0.5367277392494914,0,0495d0a68a8d8223,256,2.776791334996186,8,12,1,128,3.8610336339280944,93,19,17
136,553827.199999094,-3811468.0940148463,3566806.8905580505,3652666.641000069,0,0,0,0,0,1,1,2.0651649499468854,3.3970455169643072,5.821861451540427,19,1,0.09857460373214366,4.121989119095179,2.8903851371524976,0,,0.0,0.0,0,nan,0,0,,0,nan,,0.0,0.0,0,nan,nan,nan,nan,nan,nan,0,0.0,0,nan,nan,1.5132847015689597,0,2.8903851371524976,0.5622232933133604,0.0,1,2.0651649499468854,3.3970455169643072,4.121989119095179,1.287633609556804,nan,nan,0,0.5622232933133604,0,0495d0a68a8d8223,256,2.5333355364346146,8,0,0,0,nan,-1,0,0
137,553827.3999989033,-3811468.078006212,3566806.8730734205,3652666.6263896944,0,0,0,0,0,1,1,2.065372119222216,3.398557930263369,5.795875092548235,19,2,0.09857460373214366,4.098010376793993,2.863787721023672,0,,0.0,0.0,0,nan,0,0,,0,nan,,0.0,0.0,0,nan,nan,nan,nan,nan,nan,0,0.0,0,nan,nan,1.5364364046729355,0,2.863787721023672,0.5634630023563152,0.0,1,2.065372119222216,3.398557930263369,4.098010376793993,1.297216416217571,nan,nan,0,0.5634630023563152,0,0495d0a68a8d8223,256,2.5224474780087514,8,0,0,0,nan,-1,0,0
138,553827.5999999046,-3811468.073391289,3566806.8684036015,3652666.622026189,0,0,0,0,0,1,1,2.0653817695834196,3.399239202028838,5.788990947328956,19,3,0.09857460373214366,4.091385907821337,2.856545823132824,0,,0.0,0.0,0,nan,0,0,,0,nan,,0.0,0.0,0,nan,nan,nan,nan,nan,nan,0,0.0,0,nan,nan,1.5423048266237775,0,2.856545823132824,0.5635734542244977,0.0,1,2.0653817695834196,3.399239202028838,4.091385907821337,1.3081230098219792,nan,nan,0,0.5635734542244977,0,0495d0a68a8d8223,256,2.521476523183964,8,0,0,0,nan,-1,0,0
139,553827.7999999523,-3811468.072745622,3566806.869852144,3652666.622304268,0,0,0,0,0,1,1,2.0653967812955725,3.399381730026609,5.789835079659558,19,4,0.09857460373214366,4.092071765221815,2.857634514475619,0,,0.0,0.0,0,nan,0,0,,0,nan,,0.0,0.0,0,nan,nan,nan,nan,nan,nan,0,0.0,0,nan,nan,1.5411957261414744,0,2.857634514475619,0.5635843961687341,0.0,1,2.0653967812955725,3.399381730026609,4.092071765221815,1.3193512865544206,nan,nan,0,0.5635843961687341,0,0495d0a68a8d8223,256,2.5213802419583624,8,0,0,0,nan,-1,0,0
140,553828.0,-3811468.0661813403,3566806.8627250856,3652666.7517490285,0,0,0,0,0,1,1,1.9809442069512724,3.285492325779756,5.691473398636357,19,0,0.08938931574877321,4.086669609186195,2.869015243941811,0,,0.0,0.0,0,nan,0,0,,0,nan,,0.0,0.0,0,nan,nan,nan,nan,nan,nan,0,0.0,0,nan,nan,1.511875882067437,0,2.869015243941811,0.5361867897296455,0.0,1,1.9809442069512724,3.285492325779756,4.086669609186195,1.2560395952379817,0.08938931574877321,0.09337008776853428,0,0.5361867897296455,0,0495d0a68a8d8223,256,2.700942353141678,8,12,1,128,3.382968347993525,124,19,17
141,553828.199999094,-3811468.071403873,3566806.866550798,3652666.7560254876,0,0,0,0,0,1,1,1.9822762123414803,3.2848737104276027,5.692747720509161,19,1,0.08938931574877321,4.093174758981942,2.8709310381116366,0,,0.0,0.0,0,nan,0,0,,0,nan,,0.0,0.0,0,nan,nan,nan,nan,nan,nan,0,0.0,0,nan,nan,1.5097480199793205,0,2.8709310381116366,0.5607232342801469,0.0,1,1.9822762123414803,3.2848737104276027,4.093174758981942,1.2606199405867662,nan,nan,0,0.5607232342801469,0,0495d0a68a8d8223,256,2.472248326342149,8,0,0,0,nan,-1,0,0
142,553828.3999989033,-3811468.0737366793,3566806.8712654174,3652666.757193967,0,0,0,0,0,1,1,1.9825428779187748,3.2846726101487698,5.69617299389664,19,2,0.08938931574877321,4.098326032270089,2.8751902882794638,0,,0.0,0.0,0,nan,0,0,,0,nan,,0.0,0.0,0,nan,nan,nan,nan,nan,nan,0,0.0,0,nan,nan,1.5048361189427604,0,2.8751902882794638,0.5618701663892447,0.0,1,1.9825428779187748,3.2846726101487698,4.098326032270089,1.2704065723485602,nan,nan,0,0.5618701663892447,0,0495d0a68a8d8223,256,2.462405742096394,8,0,0,0,nan,-1,0,0
143,553828.5999999046,-3811468.07287442,3566806.869024292,3652666.75345029,0,0,0,0,0,1,1,1.9826590196798417,3.2844861617289323,5.691295474766989,19,3,0.08938931574877321,4.095879325702708,2.8711103564275424,0,,0.0,0.0,0,nan,0,0,,0,nan,,0.0,0.0,0,nan,nan,nan,nan,nan,nan,0,0.0,0,nan,nan,1.507911652966783,0,2.8711103564275424,0.5619820428124658,0.0,1,1.9826590196798417,3.2844861617289323,4.095879325702708,1.2815413639290947,nan,nan,0,0.5619820428124658,0,0495d0a68a8d8223,256,2.4614534974588933,8,0,0,0,nan,-1,0,0
144,553828.7999999523,-3811468.072885572,3566806.8682263196,3652666.7582660215,0,0,0,0,0,1,1,1.9826797794975561,3.2845358129291884,5.694046754211204,19,4,0.08938931574877321,4.09552060330058,2.8722381545460993,0,,0.0,0.0,0,nan,0,0,,0,nan,,0.0,0.0,0,nan,nan,nan,nan,nan,nan,0,0.0,0,nan,nan,1.5084786316727634,0,2.8722381545460993,0.5619930345056858,0.0,1,1.9826797794975561,3.2845358129291884,4.09552060330058,1.293000496976616,nan,nan,0,0.5619930345056858,0,0495d0a68a8d8223,256,2.4613589370589657,8,0,0,0,nan,-1,0,0
145,553829.0,-3811468.017554418,3566806.811584417,3652666.8119255626,0,0,0,0,0,1,1,1.8953038375186548,3.1414307807841237,5.547042366255168,18,0,0.06618040356829674,4.019729389049064,2.868958054624205,0,,0.0,0.0,0,nan,0,0,,0,nan,,0.0,0.0,0,nan,nan,nan,nan,nan,nan,0,0.0,0,nan,nan,0.5414292269802345,0,2.868958054624205,0.5673356188533785,0.0,1,1.8953038375186548,3.1414307807841237,4.019729389049064,1.23087193110204,0.06618040356829674,0.051197964908721645,0,0.5673356188533785,0,0495d0a68a8d8223,256,2.4919630549357916,8,12,1,128,3.3595799646529514,96,18,17
146,553829.199999094,-3811468.0165300644,3566806.8080750396,3652666.8104859213,0,0,0,0,0,1,1,1.8946510024424534,3.1442424422596127,5.548157189626425,18,1,0.06618040356829674,4.016309146082557,2.86681536340004,0,,0.0,0.0,0,nan,0,0,,0,nan,,0.0,0.0,0,nan,nan,nan,nan,nan,nan,0,0.0,0,nan,nan,0.5453174577266153,0,2.86681536340004,0.5927141920207722,0.0,1,1.8946510024424534,3.1442424422596127,4.016309146082557,1.235545772389991,nan,nan,0,0.5927141920207722,0,0495d0a68a8d8223,256,2.2853678893740645,8,0,0,0,nan,-1,0,0
147,553829.3999989033,-3811468.014394675,3566806.8054189156,3652666.8067850103,0,0,0,0,0,1,1,1.8946612183134748,3.143459541800176,5.542232905212141,18,2,0.06618040356829674,4.012672954542102,2.8621688676842503,0,,0.0,0.0,0,nan,0,0,,0,nan,,0.0,0.0,0,nan,nan,nan,nan,nan,nan,0,0.0,0,nan,nan,0.5401566393015864,0,2.8621688676842503,0.5938932591624368,0.0,1,1.8946612183134748,3.143459541800176,4.012672954542102,1.2455294838489075,nan,nan,0,0.5938932591624368,0,0495d0a68a8d8223,256,2.276533234731714,8,0,0,0,nan,-1,0,0
148,553829.5999999046,-3811468.0146250697,3566806.803597285,3652666.804401425,0,0,0,0,0,1,1,1.8946309774636567,3.143504343088127,5.539804631685444,18,3,0.06618040356829674,4.0112892774506035,2.8598457374590094,0,,0.0,0.0,0,nan,0,0,,0,nan,,0.0,0.0,0,nan,nan,nan,nan,nan,nan,0,0.0,0,nan,nan,0.538023823772749,0,2.8598457374590094,0.5940022715935623,0.0,1,1.8946309774636567,3.143504343088127,4.0112892774506035,1.2568846948071117,nan,nan,0,0.5940022715935623,0,0495d0a68a8d8223,256,2.2757195120373543,8,0,0,0,nan,-1,0,0
149,553829.7999999523,-3811468.0067259683,3566806.792402367,3652666.796458958,0,0,0,0,0,1,1,1.8946430110158772,3.1434131664920857,5.524190092080554,18,4,0.06618040356829674,3.99718053721089,2.8443873166347133,0,,0.0,0.0,0,nan,0,0,,0,nan,,0.0,0.0,0,nan,nan,nan,nan,nan,nan,0,0.0,0,nan,nan,0.5239895928318757,0,2.8443873166347133,0.5940168018695262,0.0,1,1.8946430110158772,3.1434131664920857,3.99718053721089,1.2685665783557698,nan,nan,0,0.5940168018695262,0,0495d0a68a8d8223,256,2.2756118860690124,8,0,0,0,nan,-1,0,0
150,553830.0,-3811467.985260387,3566806.771353855,3652666.878964111,0,0,0,0,0,1,1,1.8325445895441386,3.0243064986619723,5.4030003838471705,18,0,0.053549020670663715,3.973227598342918,2.849466270388187,0,,0.0,0.0,0,nan,0,0,,0,nan,,0.0,0.0,0,nan,nan,nan,nan,nan,nan,0,0.0,0,nan,nan,0.5258549846875816,0,2.849466270388187,0.5911020686486749,0.0,1,1.8325445895441386,3.0243064986619723,3.973227598342918,1.2066205478812713,0.053549020670663715,0.09588026818371093,0,0.5911020686486749,0,0495d0a68a8d8223,256,2.3515175467750464,8,12,1,128,3.306434824878391,127,18,17
151,553830.199999094,-3811467.9851125004,3566806.768358622,3652666.880671127,0,0,0,0,0,1,1,1.833085670787588,3.026863143249937,5.403788527481263,18,1,0.053549020670663715,3.971003122751979,2.8468750769408846,0,,0.0,0.0,0,nan,0,0,,0,nan,,0.0,0.0,0,nan,nan,nan,nan,nan,nan,0,0.0,0,nan,nan,0.5303056462662512,0,2.8468750769408846,0.6174556702078741,0.0,1,1.833085670787588,3.026863143249937,3.971003122751979,1.2113879539230077,nan,nan,0,0.6174556702078741,0,0495d0a68a8d8223,256,2.157153092346355,8,0,0,0,nan,-1,0,0
152,553830.3999989033,-3811467.9863232654,3566806.7665131297,3652666.883861564,0,0,0,0,0,1,1,1.8333015620975945,3.0265655889088534,5.4046828928923,18,2,0.053549020670663715,3.9706548931090153,2.8465068033599694,0,,0.0,0.0,0,nan,0,0,,0,nan,,0.0,0.0,0,nan,nan,nan,nan,nan,nan,0,0.0,0,nan,nan,0.5331321381788782,0,2.8465068033599694,0.6186463649865745,0.0,1,1.8333015620975945,3.0265655889088534,3.9706548931090153,1.2215691181494948,nan,nan,0,0.6186463649865745,0,0495d0a68a8d8223,256,2.1490658755577776,8,0,0,0,nan,-1,0,0
153,553830.5999999046,-3811467.9856298915,3566806.764454131,3652666.8898634403,0,0,0,0,0,1,1,1.8333636131420648,3.0265643490461605,5.407062639292708,18,3,0.053549020670663715,3.969153137695144,2.8467356945029523,0,,0.0,0.0,0,nan,0,0,,0,nan,,0.0,0.0,0,nan,nan,nan,nan,nan,nan,0,0.0,0,nan,nan,0.537545099948345,0,2.8467356945029523,0.6187597740657418,0.0,1,1.8333636131420648,3.0265643490461605,3.969153137695144,1.2331449834508021,nan,nan,0,0.6187597740657418,0,0495d0a68a8d8223,256,2.1482991978374812,8,0,0,0,nan,-1,0,0
154,553830.7999999523,-3811467.9903496564,3566806.765487584,3652666.8982066484,0,0,0,0,0,1,1,1.8333733512654782,3.0265864855238744,5.415491101303163,18,4,0.053549020670663715,3.9737126486476058,2.852548582228731,0,,0.0,0.0,0,nan,0,0,,0,nan,,0.0,0.0,0,nan,nan,nan,nan,nan,nan,0,0.0,0,nan,nan,0.546879841079894,0,2.852548582228731,0.6187700315560601,0.0,1,1.8333733512654782,3.0265864855238744,3.9737126486476058,1.2450496285497097,nan,nan,0,0.6187700315560601,0,0495d0a68a8d8223,256,2.1482296463213606,8,0,0,0,nan,-1,0,0
155,553831.0,-3811467.941213719,3566806.7208671384,3652666.943855947,0,0,0,0,0,1,1,1.7485272547027744,2.90001827696093,5.285965730854099,19,0,0.045751172293329055,3.9124282073757004,2.8590056233377172,0,,0.0,0.0,0,nan,0,0,,0,nan,,0.0,0.0,0,nan,nan,nan,nan,nan,nan,0,0.0,0,nan,nan,0.5263832345074961,0,2.8590056233377172,0.5913255012204695,0.0,1,1.7485272547027744,2.90001827696093,3.9124282073757004,1.182481384915011,0.045751172293329055,0.07387401011273749,0,0.5913255012204695,0,0495d0a68a8d8223,256,2.304073670611301,8,12,1,128,3.324550134602547,87,19,17
156,553831.199999094,-3811467.9375429526,3566806.7170734573,3652666.936109979,0,0,0,0,0,1,1,1.7485591636221678,2.8977869114808072,5.273563828073329,19,1,0.045751172293329055,3.906416893204607,2.851083807423566,0,,0.0,0.0,0,nan,0,0,,0,nan,,0.0,0.0,0,nan,nan,nan,nan,nan,nan,0,0.0,0,nan,nan,0.5125179074400443,0,2.851083807423566,0.617558114936602,0.0,1,1.7485591636221678,2.8977869114808072,3.906416893204607,1.1873457377292325,nan,nan,0,0.617558114936602,0,0495d0a68a8d8223,256,2.114536543611898,8,0,0,0,nan,-1,0,0
157,553831.3999989033,-3811467.9339334266,3566806.7150494764,3652666.923380547,0,0,0,0,0,1,1,1.7484194543188156,2.897692599480915,5.26252002642132,19,2,0.045751172293329055,3.9013209807799902,2.8434570925278404,0,,0.0,0.0,0,nan,0,0,,0,nan,,0.0,0.0,0,nan,nan,nan,nan,nan,nan,0,0.0,0,nan,nan,0.49897097608590957,1,2.8434570925278404,0.618729501600746,0.0,1,1.7484194543188156,2.897692599480915,3.9013209807799902,1.197731291984316,nan,nan,0,0.618729501600746,0,0495d0a68a8d8223,256,2.1067393921128166,8,0,0,0,nan,-1,0,0
158,553831.5999999046,-3811467.934313512,3566806.716264473,3652666.924297403,0,0,0,0,0,1,1,1.7483590376338236,2.8980461400773683,5.264496451142877,19,3,0.045751172293329055,3.9025741748056184,2.8451795701003837,0,,0.0,0.0,0,nan,0,0,,0,nan,,0.0,0.0,0,nan,nan,nan,nan,nan,nan,0,0.0,0,nan,nan,0.5008667274086311,0,2.8451795701003837,0.6188489784845402,0.0,1,1.7483590376338236,2.8980461400773683,3.9025741748056184,1.2095353202027972,nan,nan,0,0.6188489784845402,0,0495d0a68a8d8223,256,2.1059474320948026,8,0,0,0,nan,-1,0,0
159,553831.7999999523,-3811467.9425369482,3566806.7217578874,3652666.9313570894,0,0,0,0,0,1,1,1.7483383375878347,2.898113608090767,5.275786553086618,19,4,0.045751172293329055,3.9119685797088577,2.854707474323918,0,,0.0,0.0,0,nan,0,0,,0,nan,,0.0,0.0,0,nan,nan,nan,nan,nan,nan,0,0.0,0,nan,nan,0.5116135794941509,0,2.854707474323918,0.6188619699140494,0.0,1,1.7483383375878347,2.898113608090767,3.9119685797088577,1.2216700533079259,nan,nan,0,0.6188619699140494,0,0495d0a68a8d8223,256,2.105861205597612,8,0,0,0,nan,-1,0,0
160,553832.0,-3811467.8971034507,3566806.660175587,3652667.001338215,0,0,0,0,0,1,1,1.662888603512135,2.761154672341104,5.1578292351717865,19,0,0.053054975301947395,3.843556512390465,2.8713997245858005,0,,0.0,0.0,0,nan,0,0,,0,nan,,0.0,0.0,0,nan,nan,nan,nan,nan,nan,0,0.0,0,nan,nan,0.5303554619732452,0,2.8713997245858005,0.5778597936180592,0.0,1,1.662888603512135,2.761154672341104,3.843556512390465,1.1592398702399043,0.053054975301947395,0.07174449441085436,0,0.5778597936180592,0,0495d0a68a8d8223,256,2.310419451406933,8,12,1,128,3.3329468063234198,61,19,17
161,553832.2000000477,-3811467.923542705,3566806.6856013197,3652667.027341143,0,0,0,0,0,1,1,1.661119821921265,2.76774809538164,5.2153084285072735,19,1,0.053054975301947395,3.882917288575281,2.9175222731872497,0,,0.0,0.0,0,nan,0,0,,0,nan,,0.0,0.0,0,nan,nan,nan,nan,nan,nan,0,0.0,0,nan,nan,0.586313535209011,0,2.9175222731872497,0.6029366057155583,0.0,1,1.661119821921265,2.76774809538164,3.882917288575281,1.1642015862100588,nan,nan,0,0.6029366057155583,0,0495d0a68a8d8223,256,2.124129414338503,8,0,0,0,nan,-1,0,0
162,553832.3999989033,-3811467.97635213,3566806.736962265,3652667.0881054373,0,0,0,0,0,1,1,1.660549143023718,2.7704419379562655,5.315730978782877,19,2,0.053054975301947395,3.9636450512398866,3.0064409504211778,0,,0.0,0.0,0,nan,0,0,,0,nan,,0.0,0.0,0,nan,nan,nan,nan,nan,nan,0,0.0,0,nan,nan,0.688090200001636,0,3.0064409504211778,0.6038013752014636,0.0,1,1.660549143023718,2.7704419379562655,3.9636450512398866,1.1747917570804605,nan,nan,0,0.6038013752014636,0,0495d0a68a8d8223,256,2.118183486514759,8,0,0,0,nan,-1,0,0
163,553832.5999999046,-3811468.0341906943,3566806.7926369924,3652667.153666211,0,0,0,0,0,1,1,1.6604974174702514,2.7704612701926146,5.418378896979437,19,3,0.053054975301947395,4.051940813799846,3.100873678771529,0,,0.0,0.0,0,nan,0,0,,0,nan,,0.0,0.0,0,nan,nan,nan,nan,nan,nan,0,0.0,0,nan,nan,0.7895147653913163,0,3.100873678771529,0.6039102683434104,0.0,1,1.6604974174702514,2.7704612701926146,4.051940813799846,1.1868239656301016,nan,nan,0,0.6039102683434104,0,0495d0a68a8d8223,256,2.117438731730876,8,0,0,0,nan,-1,0,0
164,553832.7999989986,-3811468.0931589496,3566806.8458652617,3652667.2118589464,0,0,0,0,0,1,1,1.6604890939705697,2.77040809338309,5.518312078111911,19,4,0.053054975301947395,4.139193567746055,3.1945230294809863,0,,0.0,0.0,0,nan,0,0,,0,nan,,0.0,0.0,0,nan,nan,nan,nan,nan,nan,0,0.0,0,nan,nan,0.8878368511538168,0,3.1945230294809863,0.6039265830057152,0.0,1,1.6604890939705697,2.77040809338309,4.139193567746055,1.199188445176101,nan,nan,0,0.6039265830057152,0,0495d0a68a8d8223,256,2.1173273956545113,8,0,0,0,nan,-1,0,0
165,553833.0,-3811467.8769136514,3566806.585056034,3652667.0628408715,0,0,0,0,0,1,1,1.553506921484367,2.945492366358027,5.508245525757731,18,0,0.047267940201068906,3.783660693091006,3.003760139865493,0,,0.0,0.0,0,nan,0,0,,0,nan,,0.0,0.0,0,nan,nan,nan,nan,nan,nan,0,0.0,0,nan,nan,0.5830650489710059,0,3.003760139865493,0.5227196829498338,0.0,1,1.553506921484367,2.945492366358027,3.783660693091006,1.1373604200894354,0.047267940201068906,0.36198271512667823,0,0.5227196829498338,0,0495d0a68a8d8223,256,2.4342871507429837,8,12,1,128,3.365086023900646,105,18,16
166,553833.2000000477,-3811467.942841122,3566806.6108432873,3652667.1120599834,0,0,0,0,0,1,1,1.5474277789592839,2.963957887698107,5.636008652975201,18,1,0.047267940201068906,3.854746832013611,3.1056235687268052,0,,0.0,0.0,0,nan,0,0,,0,nan,,0.0,0.0,0,nan,nan,nan,nan,nan,nan,0,0.0,0,nan,nan,0.6910149138914976,0,3.1056235687268052,0.5452490861758528,0.0,1,1.5474277789592839,2.963957887698107,3.854746832013611,1.1424217871181015,nan,nan,0,0.5452490861758528,0,0495d0a68a8d8223,256,2.2389751047666304,8,0,0,0,nan,-1,0,0
167,553833.3999989033,-3811468.0480415085,3566806.6463518525,3652667.1859335355,0,0,0,0,0,1,1,1.5461257388755163,2.9685141118846543,5.772089162175528,18,2,0.047267940201068906,3.963573068034506,3.2293555020171794,0,,0.0,0.0,0,nan,0,0,,0,nan,,0.0,0.0,0,nan,nan,nan,nan,nan,nan,0,0.0,0,nan,nan,0.8217546468908279,0,3.2293555020171794,0.5461832970218932,0.0,1,1.5461257388755163,2.9685141118846543,3.963573068034506,1.1532131646327353,nan,nan,0,0.5461832970218932,0,0495d0a68a8d8223,256,2.231473096691708,8,0,0,0,nan,-1,0,0
168,553833.5999999046,-3811468.164357494,3566806.663408221,3652667.2313815723,0,0,0,0,0,1,1,1.5458343022500673,2.9689295464847536,5.874802713751717,18,3,0.047267940201068906,4.058980586629926,3.330072724268779,0,,0.0,0.0,0,nan,0,0,,0,nan,,0.0,0.0,0,nan,nan,nan,nan,nan,nan,0,0.0,0,nan,nan,0.9189713830372023,0,3.330072724268779,0.5463396699707177,0.0,1,1.5458343022500673,2.9689295464847536,4.058980586629926,1.1654685053963985,nan,nan,0,0.5463396699707177,0,0495d0a68a8d8223,256,2.230215511907324,8,0,0,0,nan,-1,0,0
169,553833.7999989986,-3811468.339641392,3566806.6803187616,3652667.3166121943,0,0,0,0,0,1,1,1.545682254713837,2.969781451437893,6.039818000383368,18,4,0.047267940201068906,4.20174968702978,3.48113707354093,0,,0.0,0.0,0,nan,0,0,,0,nan,,0.0,0.0,0,nan,nan,nan,nan,nan,nan,0,0.0,0,nan,nan,1.0829460454195277,0,3.48113707354093,0.5462840275312555,0.0,1,1.545682254713837,2.969781451437893,4.20174968702978,1.178280152302728,nan,nan,0,0.5462840275312555,0,0495d0a68a8d8223,256,2.23066422606781,8,0,0,0,nan,-1,0,0
170,553834.0,-3811468.1819686536,3566806.3127259864,3652666.9904269995,0,0,0,0,0,1,1,1.5296602170124267,3.3020506280496313,6.079798042507498,19,0,0.05682785282250618,3.773263474308673,3.1668560952425264,0,,0.0,0.0,0,nan,0,0,,0,nan,,0.0,0.0,0,nan,nan,nan,nan,nan,nan,0,0.0,0,nan,nan,0.6840569640115512,0,3.1668560952425264,0.5858143996910977,0.0,1,1.5296602170124267,3.3020506280496313,3.773263474308673,1.1146720770202667,0.05682785282250618,0.7585077761725596,1,0.5858143996910977,0,0495d0a68a8d8223,256,2.2899872021251575,8,12,1,128,4.258920723687386,60,19,16
171,553834.2000000477,-3811468.3609831757,3566806.2911363347,3652667.0129717146,0,0,0,0,0,1,1,1.5266549218423808,3.338651983984617,6.261165152777496,19,1,0.05682785282250618,3.868069932031674,3.305481067955967,0,,0.0,0.0,0,nan,0,0,,0,nan,,0.0,0.0,0,nan,nan,nan,nan,nan,nan,0,0.0,0,nan,nan,0.8397234694097716,0,3.305481067955967,0.608550935764016,0.0,1,1.5266549218423808,3.338651983984617,3.868069932031674,1.1207849122552709,nan,nan,0,0.608550935764016,0,0495d0a68a8d8223,256,2.1237527294862133,8,0,0,0,nan,-1,0,0
172,553834.3999989033,-3811468.5935654556,3566806.291800705,3652667.0650551766,0,0,0,0,0,1,1,1.5259507763497366,3.346816042552462,6.45067762101507,19,2,0.05682785282250618,4.016028926985504,3.473563508555121,0,,0.0,0.0,0,nan,0,0,,0,nan,,0.0,0.0,0,nan,nan,nan,nan,nan,nan,0,0.0,0,nan,nan,1.0218374750959929,0,3.473563508555121,0.6099489440554006,0.0,1,1.5259507763497366,3.346816042552462,4.016028926985504,1.1344753920671016,nan,nan,0,0.6099489440554006,0,0495d0a68a8d8223,256,2.1142021177916113,8,0,0,0,nan,-1,0,0
173,553834.5999999046,-3811468.8537251814,3566806.2975220517,3652667.1028132853,0,0,0,0,0,1,1,1.5257193105983806,3.349340923246905,6.634467523048352,19,3,0.05682785282250618,4.177159762217223,3.645043339085818,0,,0.0,0.0,0,nan,0,0,,0,nan,,0.0,0.0,0,nan,nan,nan,nan,nan,nan,0,0.0,0,nan,nan,1.0974754455058238,0,3.645043339085818,0.6101213429281638,0.0,1,1.5257193105983806,3.349340923246905,4.177159762217223,1.1514234305888231,nan,nan,0,0.6101213429281638,0,0495d0a68a8d8223,256,2.113027714590954,8,0,0,0,nan,-1,0,0
174,553834.7999989986,-3811469.114811977,3566806.323649526,3652667.122325002,0,0,0,0,0,1,1,1.5256361606747129,3.350257502551514,6.813729067694002,19,4,0.05682785282250618,4.345613150211294,3.8196042878160497,0,,0.0,0.0,0,nan,0,0,,0,nan,,0.0,0.0,0,nan,nan,nan,nan,nan,nan,0,0.0,0,nan,nan,1.0165476223913574,0,3.8196042878160497,0.6101728231785547,0.0,1,1.5256361606747129,3.350257502551514,4.345613150211294,1.1711677443423605,nan,nan,0,0.6101728231785547,0,0495d0a68a8d8223,256,2.112677104112881,8,0,0,0,nan,-1,0,0
175,553835.0,-3811468.9221727075,3566805.8889285713,3652666.7511459067,0,0,0,0,0,1,1,1.4706262586137595,3.9424779824185707,6.8501941470861425,19,0,0.07947955307913723,3.8078952838316265,3.256812574287676,0,,0.0,0.0,0,nan,0,0,,0,nan,,0.0,0.0,0,nan,nan,nan,nan,nan,nan,0,0.0,0,nan,nan,0.8135601673491814,0,3.256812574287676,0.6041331010830813,0.0,1,1.4706262586137595,3.9424779824185707,3.8078952838316265,1.0921800440234188,0.07947955307913723,0.7428734976749565,3,0.6041331010830813,0,0495d0a68a8d8223,256,2.341827536151474,8,12,1,128,4.451479678802801,121,19,16
176,553835.2000000477,-3811469.14593144,3566805.8887803154,3652666.7461278667,0,0,0,0,0,1,1,1.4646365595495463,4.0194813686256925,7.09789012124363,19,1,0.07947955307913723,3.923234607812135,3.4120988179263145,0,,0.0,0.0,0,nan,0,0,,0,nan,,0.0,0.0,0,nan,nan,nan,nan,nan,nan,0,0.0,0,nan,nan,1.0035538755725675,0,3.4120988179263145,0.6144898718050625,0.0,1,1.4646365595495463,4.0194813686256925,3.923234607812135,1.1012254354878293,nan,nan,0,0.6144898718050625,0,0495d0a68a8d8223,256,2.264332595764205,8,0,0,0,nan,-1,0,0
177,553835.3999989033,-3811469.426497666,3566805.9428132623,3652666.7865170296,0,0,0,0,0,1,1,1.4626961526505988,4.0474080109409885,7.366613282876145,19,2,0.07947955307913723,4.121643685872361,3.634477474715509,0,,0.0,0.0,0,nan,0,0,,0,nan,,0.0,0.0,0,nan,nan,nan,nan,nan,nan,0,0.0,0,nan,nan,1.077375144829385,0,3.634477474715509,0.6145376285021378,0.0,1,1.4626961526505988,4.0474080109409885,4.121643685872361,1.124376975870655,nan,nan,0,0.6145376285021378,0,0495d0a68a8d8223,256,2.26399117230372,8,0,0,0,nan,-1,0,0
178,553835.5999999046,-3811469.724018108,3566806.017251087,3652666.8257139185,0,0,0,0,0,1,1,1.4619749993073672,4.058003674142112,7.6318468953995175,19,3,0.07947955307913723,4.342795068315257,3.874577875978147,0,,0.0,0.0,0,nan,0,0,,0,nan,,0.0,0.0,0,nan,nan,nan,nan,nan,nan,0,0.0,0,nan,nan,1.0156088157378211,0,3.874577875978147,0.6151421095144832,0.0,1,1.4619749993073672,4.058003674142112,4.342795068315257,1.15654221137226,nan,nan,0,0.6151421095144832,0,0495d0a68a8d8223,256,2.2595796519044913,8,0,0,0,nan,-1,0,0
179,553835.7999989986,-3811470.054085611,3566806.104452153,3652666.8646822744,0,0,0,0,0,1,1,1.4616897264262847,4.0621218654654445,7.908610218492271,19,4,0.07947955307913723,4.587383456620978,4.1327731739385225,0,,0.0,0.0,0,nan,0,0,,0,nan,,0.0,0.0,0,nan,nan,nan,nan,nan,nan,0,0.0,0,nan,nan,1.0238917905023208,0,4.1327731739385225,0.6150365426784881,0.0,1,1.4616897264262847,4.0621218654654445,4.587383456620978,1.18934885985337,nan,nan,0,0.6150365426784881,0,0495d0a68a8d8223,256,2.260348065501752,8,0,0,0,nan,-1,0,0
180,553836.0,-3811469.7342828037,3566805.5704881656,3652666.157351709,0,0,0,0,0,1,1,1.4493345663903965,4.991982503480728,7.981830352750347,19,0,0.1302654067284061,3.788254931287446,3.302912401303446,0,,0.0,0.0,0,nan,0,0,,0,nan,,0.0,0.0,0,nan,nan,nan,nan,nan,nan,0,0.0,0,nan,nan,0.912995570177048,0,3.302912401303446,0.6200321010746548,0.0,1,1.4493345663903965,4.991982503480728,3.788254931287446,1.0694199344821425,0.1302654067284061,1.0123440031286453,4,0.6200321010746548,0,0495d0a68a8d8223,256,2.4343104622654934,8,12,1,128,5.770231830048715,82,19,16
181,553836.2000000477,-3811470.01414231,3566805.58588379,3652666.0946779614,0,0,0,0,0,1,1,1.4479670623589178,5.0853734610754735,8.26328948934378,19,1,0.1302654067284061,3.909997348660112,3.478616674706424,0,,0.0,0.0,0,nan,0,0,,0,nan,,0.0,0.0,0,nan,nan,nan,nan,nan,nan,0,0.0,0,nan,nan,1.115181087748327,0,3.478616674706424,0.6274610378083557,0.0,1,1.4479670623589178,5.0853734610754735,3.909997348660112,1.079791469158277,nan,nan,0,0.6274610378083557,0,0495d0a68a8d8223,256,2.3777521348134547,8,0,0,0,nan,-1,0,0
182,553836.3999989033,-3811470.3718807334,3566805.6227375017,3652666.0573353483,0,0,0,0,0,1,1,1.4477417819634042,5.115386919905686,8.519488585058388,19,2,0.1302654067284061,4.093862800363508,3.691845880235593,0,,0.0,0.0,0,nan,0,0,,0,nan,,0.0,0.0,0,nan,nan,nan,nan,nan,nan,0,0.0,0,nan,nan,1.0684434327588572,0,3.691845880235593,0.6297685629884486,0.0,1,1.4477417819634042,5.115386919905686,4.093862800363508,1.103650178408427,nan,nan,0,0.6297685629884486,0,0495d0a68a8d8223,256,2.360511121739832,8,0,0,0,nan,-1,0,0
183,553836.5999999046,-3811470.7880433723,3566805.656280313,3652665.997618948,0,0,0,0,0,1,1,1.4476005383305823,5.1272640587840534,8.761814019283616,19,3,0.1302654067284061,4.298836990706948,3.9131495660000155,0,,0.0,0.0,0,nan,0,0,,0,nan,,0.0,0.0,0,nan,nan,nan,nan,nan,nan,0,0.0,0,nan,nan,1.0167475214043245,0,3.9131495660000155,0.6303357617383878,0.0,1,1.4476005383305823,5.1272640587840534,4.298836990706948,1.133195553484325,nan,nan,0,0.6303357617383878,0,0495d0a68a8d8223,256,2.356286051090472,8,0,0,0,nan,-1,0,0
184,553836.7999989986,-3811471.240296312,3566805.6763788345,3652665.8875884935,0,0,0,0,0,1,1,1.4475332366676432,5.130472913060344,8.984297062262753,19,4,0.1302654067284061,4.507567206460244,4.130581681656128,0,,0.0,0.0,0,nan,0,0,,0,nan,,0.0,0.0,0,nan,nan,nan,nan,nan,nan,0,0.0,0,nan,nan,0.991628192627068,0,4.130581681656128,0.6310634198430077,0.0,1,1.4475332366676432,5.130472913060344,4.507567206460244,1.1628915280469658,nan,nan,0,0.6310634198430077,0,0495d0a68a8d8223,256,2.35088235727557,8,0,0,0,nan,-1,0,0
185,553837.0,-3811471.1321867257,3566805.020532759,3652665.048045897,0,0,0,0,0,1,1,1.4298799508259117,5.775605456620599,8.739895452178526,18,0,0.059649574053261115,3.706928963300558,3.283505571976588,0,,0.0,0.0,0,nan,0,0,,0,nan,,0.0,0.0,0,nan,nan,nan,nan,nan,nan,0,0.0,0,nan,nan,0.6898680169726398,0,3.284050665649411,0.6982211485858338,0.023298370599753006,4,1.4300000945282911,5.775499947501942,3.706928963300558,1.0476351539322752,0.059649574053261115,0.6921808849583109,4,0.6958454161798378,0,0495d0a68a8d8223,256,2.005079648510957,8,12,1,128,6.331948859509246,119,18,16
186,553837.2000000477,-3811471.536153029,3566804.8660424314,3652664.8337527113,0,0,0,0,0,1,1,1.429585222345954,5.812778837064256,8.798749433709412,18,1,0.059649574053261115,3.7140805438819338,3.3073402857273404,0,,0.0,0.0,0,nan,0,0,,0,nan,,0.0,0.0,0,nan,nan,nan,nan,nan,nan,0,0.0,0,nan,nan,0.6773035251611093,0,3.3075324169741007,0.7295067184946927,0.013435456558607013,4,1.429619003028238,5.812727783055599,3.7140805438819338,1.0534563734458915,nan,nan,0,0.728609985600032,0,0495d0a68a8d8223,256,1.8289960195062591,8,0,0,0,nan,-1,0,0
187,553837.3999989033,-3811471.988791694,3566804.656074496,3652664.6492312504,0,0,0,0,0,1,1,1.4295762102990786,5.821557451703029,8.82640908304139,18,2,0.059649574053261115,3.7124140940803096,3.311463320305222,0,,0.0,0.0,0,nan,0,0,,0,nan,,0.0,0.0,0,nan,nan,nan,nan,nan,nan,0,0.0,0,nan,nan,0.6622464686351529,0,3.311641682200839,0.7307388479351971,0.012933989719575245,4,1.4296046606546926,5.821504137037955,3.7124140940803096,1.0652810612270611,nan,nan,0,0.7298667199365949,0,0495d0a68a8d8223,256,1.8227189492635112,8,0,0,0,nan,-1,0,0
188,553837.5999999046,-3811472.4596249466,3566804.412137243,3652664.402035916,0,0,0,0,0,1,1,1.42950603820445,5.82222191983865,8.814395709881845,18,3,0.059649574053261115,3.7081553019276754,3.302954625945138,0,,0.0,0.0,0,nan,0,0,,0,nan,,0.0,0.0,0,nan,nan,nan,nan,nan,nan,0,0.0,0,nan,nan,0.6517361498174168,0,3.303129529461391,0.7315654293374386,0.012822269887917357,4,1.4295302881610366,5.822170832567307,3.7081553019276754,1.0785765427303338,nan,nan,0,0.7306989917994636,0,0495d0a68a8d8223,256,1.8185856801049864,8,0,0,0,nan,-1,0,0
189,553837.7999989986,-3811472.948954458,3566804.1485699685,3652664.12001046,0,0,0,0,0,1,1,1.429490835898109,5.822873699292171,8.802410496049836,18,4,0.059649574053261115,3.724756144699225,3.3146195740572977,0,,0.0,0.0,0,nan,0,0,,0,nan,,0.0,0.0,0,nan,nan,nan,nan,nan,nan,0,0.0,0,nan,nan,0.6603734151462735,0,3.3147977442746126,0.7316358498843,0.012807011740890542,4,1.4295141478051343,5.82282265049018,3.724756144699225,1.0921798870652077,nan,nan,0,0.7307687623052943,0,0495d0a68a8d8223,256,1.8182405150457974,8,0,0,0,nan,-1,0,0
190,553838.0,-3811473.400858441,3566803.6512107565,3652663.8937843777,0,0,0,0,0,1,1,1.396117624509942,5.662384056195554,8.412587145628454,19,0,0.055135917062739785,3.5578092078939645,3.068425076819156,0,,0.0,0.0,0,nan,0,0,,0,nan,,0.0,0.0,0,nan,nan,nan,nan,nan,nan,0,0.0,0,nan,nan,0.6800509785266649,0,3.068905984177572,0.7735144597069467,0.01706465546338801,3,1.3961219352775507,5.662138561605626,3.5578092078939645,1.029718279614267,0.055135917062739785,0.3240978608489135,0,0.7715151355547842,0,0495d0a68a8d8223,256,1.6507312664945806,8,12,1,128,6.318568379710869,46,19,15
191,553838.2000000477,-3811473.9294951134,3566803.255051186,3652663.660612985,0,0,0,0,0,1,1,1.3974601441014753,5.675421360581731,8.343082660236535,19,1,0.055135917062739785,3.5210223029125123,3.0116600835426546,0,,0.0,0.0,0,nan,0,0,,0,nan,,0.0,0.0,0,nan,nan,nan,nan,nan,nan,0,0.0,0,nan,nan,0.6065343269848158,0,3.0118584072666543,0.8075980258278914,0.010557366810828849,3,1.397444860476545,5.675305923860376,3.5210223029125123,1.0353261299275098,nan,nan,0,0.8067138089878655,0,0495d0a68a8d8223,256,1.5099267537679004,8,0,0,0,nan,-1,0,0
192,553838.3999989033,-3811474.474158754,3566802.7750047864,3652663.4687548866,0,0,0,0,0,1,1,1.3982303311836526,5.677642136594011,8.251586384683092,19,2,0.055135917062739785,3.4583867667308295,2.933447598727866,0,,0.0,0.0,0,nan,0,0,,0,nan,,0.0,0.0,0,nan,nan,nan,nan,nan,nan,0,0.0,0,nan,nan,0.5146036437875442,0,2.9336345572054805,0.8085803417964081,0.010148733706796512,3,1.398216667958392,5.67752634815058,3.4583867667308295,1.047227901092408,nan,nan,0,0.8077228949687024,0,0495d0a68a8d8223,256,1.5061608481644708,8,0,0,0,nan,-1,0,0
193,553838.5999999046,-3811475.0235142596,3566802.230578476,3652663.299152193,0,0,0,0,0,1,1,1.3984192909193194,5.67813664883601,8.163803191399802,19,3,0.055135917062739785,3.3922772350084647,2.8587593653482433,0,,0.0,0.0,0,nan,0,0,,0,nan,,0.0,0.0,0,nan,nan,nan,nan,nan,nan,0,0.0,0,nan,nan,0.4277851197471491,1,2.8589464470542927,0.8084804626920318,0.010110979917374753,3,1.3984051326846625,5.678019225019308,3.3922772350084647,1.060710327286877,nan,nan,0,0.8076187261432354,0,0495d0a68a8d8223,256,1.5065497280556293,8,0,0,0,nan,-1,0,0
194,553838.7999989986,-3811475.5915414966,3566801.6362085417,3652663.170854875,0,0,0,0,0,1,1,1.3984727469087168,5.678496290287104,8.083266922969692,19,4,0.055135917062739785,3.3276308601441613,2.788639426251293,0,,0.0,0.0,0,nan,0,0,,0,nan,,0.0,0.0,0,nan,nan,nan,nan,nan,nan,0,0.0,0,nan,nan,0.35068316167749486,1,2.7888279738434334,0.8083559497493765,0.010120630316627617,3,1.3984584025922313,5.678377495334347,3.3276308601441613,1.0745276402902655,nan,nan,0,0.8074897490557801,0,0495d0a68a8d8223,256,1.5070307663989022,8,0,0,0,nan,-1,0,0
195,553839.0,-3811476.3373462083,3566801.087225709,3652663.392351419,0,0,0,0,0,1,1,0.7265253068600654,5.6465004561717365,7.721341135935944,19,0,0.04437860562556492,3.464890266520668,2.7665130056415395,0,,0.0,0.0,0,nan,0,0,,0,nan,,0.0,0.0,0,nan,nan,nan,nan,nan,nan,0,0.0,0,nan,nan,0.8172433943807497,0,2.7665130056415395,0.07916666666666666,0.0,1,0.7265253068600654,5.6465004561717365,3.464890266520668,1.0129440453883733,0.04437860562556492,0.3487962827525198,5,0.07916666666666666,0,042f32f7418a68e7,140,13.292946776287321,8,12,1,128,5.945796995953778,62,19,15
196,553839.2000000477,-3811476.978264595,3566800.450204135,3652663.3254909385,0,0,0,0,0,1,1,0.7461076890021546,5.633205257525552,7.672425896101207,19,1,0.04437860562556492,3.4602300782763526,2.742398923028814,0,,0.0,0.0,0,nan,0,0,,0,nan,,0.0,0.0,0,nan,nan,nan,nan,nan,nan,0,0.0,0,nan,nan,0.7998105599493185,0,2.742398923028814,0.07911434220811174,0.0,1,0.7461076890021546,5.633205257525552,3.4602300782763526,1.0187636433564544,nan,nan,0,0.07911434220811174,0,042f32f7418a68e7,140,13.310443879767629,8,0,0,0,nan,-1,0,0
197,553839.3999989033,-3811477.6375063662,3566799.766257532,3652663.2860595253,0,0,0,0,0,1,1,0.7485099084766614,5.628911271161947,7.647288550538712,19,2,0.04437860562556492,3.446685709639301,2.7250672228239727,0,,0.0,0.0,0,nan,0,0,,0,nan,,0.0,0.0,0,nan,nan,nan,nan,nan,nan,0,0.0,0,nan,nan,0.786112941614326,0,2.7250672228239727,0.07918104377181834,0.0,1,0.7485099084766614,5.628911271161947,3.446685709639301,1.0308866779839807,nan,nan,0,0.07918104377181834,0,042f32f7418a68e7,140,13.288144956993381,8,0,0,0,nan,-1,0,0
198,553839.5999999046,-3811478.3218709286,3566799.0368336514,3652663.27045938,0,0,0,0,0,1,1,0.7500193851152088,5.627800082419208,7.624725230639617,19,3,0.04437860562556492,3.4266566392361657,2.7032033983384243,0,,0.0,0.0,0,nan,0,0,,0,nan,,0.0,0.0,0,nan,nan,nan,nan,nan,nan,0,0.0,0,nan,nan,0.7692936246956824,0,2.7032033983384243,0.07919087323775272,0.0,1,0.7500193851152088,5.627800082419208,3.4266566392361657,1.044588531981833,nan,nan,0,0.07919087323775272,0,042f32f7418a68e7,140,13.284863451905427,8,0,0,0,nan,-1,0,0
199,553839.7999989986,-3811479.0603560405,3566798.3049326013,3652663.2737814356,0,0,0,0,0,1,1,0.7496349238215306,5.627230589876618,7.643612130562249,19,4,0.04437860562556492,3.4528275140272133,2.7298888703145443,0,,0.0,0.0,0,nan,0,0,,0,nan,,0.0,0.0,0,nan,nan,nan,nan,nan,nan,0,0.0,0,nan,nan,0.7928838380350374,0,2.7298888703145443,0.07919760081470784,0.0,1,0.7496349238215306,5.627230589876618,3.4528275140272133,1.058618868788378,nan,nan,0,0.07919760081470784,0,042f32f7418a68e7,140,13.28261816901083,8,0,0,0,nan,-1,0,0
