epoch,tow,ecef_x,ecef_y,ecef_z,fix,gamma_fixed,consistency_pass,float_consistency_pass,ddpr_consistency_pass,ddpr_support_pass,ddpr_freshness_pass,map_float_separation_m,map_ddpr_separation_m,ddpr_guard_error_m,last_ddpr_pairs,ddpr_age_epochs,last_ddpr_nis,output_error_m,map_error_m,temporal_lineage_enabled,temporal_map_assignment_id,temporal_gamma,temporal_ess,temporal_dwell_epochs,temporal_map_error_m,integrity_lineage_enabled,integrity_anchor_available,integrity_excluded_satellite,integrity_tdcp_available,integrity_tdcp_postfit_rms_m,integrity_map_assignment_id,integrity_gamma,integrity_ess,integrity_dwell_epochs,integrity_map_error_m,integrity_map_ecef_x,integrity_map_ecef_y,integrity_map_ecef_z,integrity_map_float_separation_m,integrity_map_ddpr_separation_m,integrity_guard_pass,integrity_position_ball_gamma,integrity_position_ball_members,integrity_position_ball_spread_m,integrity_position_ball_error_m,basin_oracle_min_error_m,basin_oracle_sub50cm_available,position_cluster_error_m,position_cluster_gamma,position_cluster_spread_m,position_cluster_members,position_cluster_float_separation_m,position_cluster_ddpr_separation_m,float_error_m,float_position_sigma_m,dd_pr_nis,dd_cp_nis,ambiguities_reset,gamma,fix_streak,map_assignment_id,n_basins,basin_ess,map_n_ambiguities,n_candidates_born,respawn_triggered,n_respawn_candidates_born,respawn_oracle_min_error_m,respawn_oracle_rank,n_dd_pr,n_dd_cp
0,553800.0,-3811466.693664207,3566805.2211901695,3652668.9111347175,0,0,0,0,0,1,1,2.280731561020522,2.3184962086942034,3.2894435773932713,18,0,0.08822792079773784,3.0558360247270064,3.445062012103837,0,,0.0,0.0,0,nan,0,0,,0,nan,,0.0,0.0,0,nan,nan,nan,nan,nan,nan,0,0.0,0,nan,nan,0.4365270199746263,1,3.119338313554562,0.07975260416666663,0.030590460356795766,4,4.1520825227815035,4.296833597008675,3.0558360247270064,5.592639952376013,0.08822792079773784,0.02210678010972702,0,0.07916666666666662,0,5b857f9f29778b93,268,13.294672610031599,8,12,1,256,0.4365270199746263,121,18,17
1,553800.2000000477,-3811466.7043680125,3566805.2303698813,3652668.917540918,0,0,0,0,0,1,1,2.277495740026542,2.314140206344543,3.303230346751093,18,1,0.08822792079773784,3.069661387013538,3.459409208062329,0,,0.0,0.0,0,nan,0,0,,0,nan,,0.0,0.0,0,nan,nan,nan,nan,nan,nan,0,0.0,0,nan,nan,0.6863158193229383,0,3.459409208062329,0.08333333333333333,0.0,1,2.277495740026542,2.314140206344543,3.069661387013538,5.593979167573447,nan,nan,0,0.08333333333333333,0,5b857f9f29778b93,12,11.999999999999998,8,0,0,0,nan,-1,0,0
2,553800.4000000954,-3811466.7189359865,3566805.2446287237,3652668.9324123603,0,0,0,0,0,1,1,2.277135086995565,2.3135776905048857,3.327614176726829,18,2,0.08822792079773784,3.094081993370175,3.4756148148757378,0,,0.0,0.0,0,nan,0,0,,0,nan,,0.0,0.0,0,nan,nan,nan,nan,nan,nan,0,0.0,0,nan,nan,0.6823118747231803,0,3.4756148148757378,0.08333333333333333,0.0,1,2.277135086995565,2.3135776905048857,3.094081993370175,5.596357313446614,nan,nan,0,0.08333333333333333,0,5b857f9f29778b93,12,11.999999999999998,8,0,0,0,nan,-1,0,0
3,553800.5999999046,-3811466.7297525406,3566805.2565932283,3652668.9432305964,0,0,0,0,0,1,1,2.2770372419585216,2.3134400783634446,3.3462107675928867,18,3,0.08822792079773784,3.1127126119283113,3.4866843775399587,0,,0.0,0.0,0,nan,0,0,,0,nan,,0.0,0.0,0,nan,nan,nan,nan,nan,nan,0,0.0,0,nan,nan,0.6814555558491804,0,3.4866843775399587,0.08333333333333333,0.0,1,2.2770372419585216,2.3134400783634446,3.1127126119283113,5.598949005651086,nan,nan,0,0.08333333333333333,0,5b857f9f29778b93,12,11.999999999999998,8,0,0,0,nan,-1,0,0
4,553800.7999999523,-3811466.744267113,3566805.269113487,3652668.957473204,0,0,0,0,0,1,1,2.2769642159203594,2.3133393513775813,3.3692803897087065,18,4,0.08822792079773784,3.1358149569928515,3.5010280617277965,0,,0.0,0.0,0,nan,0,0,,0,nan,,0.0,0.0,0,nan,nan,nan,nan,nan,nan,0,0.0,0,nan,nan,0.6785015106625973,0,3.5010280617277965,0.08333333333333333,0.0,1,2.2769642159203594,2.3133393513775813,3.1358149569928515,5.601600082987624,nan,nan,0,0.08333333333333333,0,5b857f9f29778b93,12,11.999999999999998,8,0,0,0,nan,-1,0,0
5,553801.0,-3811466.9368616007,3566805.2810216984,3652668.5074501694,0,0,0,0,0,1,1,2.3158732095250145,2.1668362238336716,3.06684737130577,18,0,0.03619621658262093,2.9079889661919456,5.194595797640101,0,,0.0,0.0,0,nan,0,0,,0,nan,,0.0,0.0,0,nan,nan,nan,nan,nan,nan,0,0.0,0,nan,nan,0.5207864873867938,0,5.194391551197938,0.17260415506177632,0.022171932919421156,4,2.31570240073486,2.1667574759617394,2.9079889661919456,4.501492370248857,0.03619621658262093,3.1660466738236344,0,0.17201821756177635,0,88c65eb697abea09,280,9.852675501465095,8,12,1,256,0.5207864873867938,195,18,17
6,553801.199999094,-3811466.943173036,3566805.2829087083,3652668.510097194,0,0,0,0,0,1,1,2.3280421041811086,2.1836195220848222,3.0684249955277783,18,1,0.03619621658262093,2.9140634395128653,5.213366888375088,0,,0.0,0.0,0,nan,0,0,,0,nan,,0.0,0.0,0,nan,nan,nan,nan,nan,nan,0,0.0,0,nan,nan,0.7346210506235242,0,5.213366888375088,0.18229618193471953,0.0,1,2.3280421041811086,2.1836195220848222,2.9140634395128653,4.502767777265328,nan,nan,0,0.18229618193471953,0,88c65eb697abea09,24,8.775838629247241,8,0,0,0,nan,-1,0,0
7,553801.3999989033,-3811466.946169016,3566805.286060807,3652668.511625461,0,0,0,0,0,1,1,2.331567218402127,2.187843157915184,3.0717992484845156,18,2,0.03619621658262093,2.9183103719055286,5.221223256343968,0,,0.0,0.0,0,nan,0,0,,0,nan,,0.0,0.0,0,nan,nan,nan,nan,nan,nan,0,0.0,0,nan,nan,0.7395996754471745,0,5.221223256343968,0.1823443581828261,0.0,1,2.331567218402127,2.187843157915184,2.9183103719055286,4.50551780653807,nan,nan,0,0.1823443581828261,0,88c65eb697abea09,24,8.77130539844271,8,0,0,0,nan,-1,0,0
8,553801.5999999046,-3811466.9486808027,3566805.286849198,3652668.513592462,0,0,0,0,0,1,1,2.332562698617394,2.1891198670355765,3.0738302970372007,18,3,0.03619621658262093,2.9206910900352514,5.224514884917794,0,,0.0,0.0,0,nan,0,0,,0,nan,,0.0,0.0,0,nan,nan,nan,nan,nan,nan,0,0.0,0,nan,nan,0.7408181644463133,0,5.224514884917794,0.1823488834724907,0.0,1,2.332562698617394,2.1891198670355765,2.9206910900352514,4.508670296585049,nan,nan,0,0.1823488834724907,0,88c65eb697abea09,24,8.77089398934777,8,0,0,0,nan,-1,0,0
9,553801.7999999523,-3811466.9503314686,3566805.2865787297,3652668.5142038413,0,0,0,0,0,1,1,2.3328722568337463,2.189517344658879,3.0748751962741196,18,4,0.03619621658262093,2.9218277684509317,5.225873933467587,0,,0.0,0.0,0,nan,0,0,,0,nan,,0.0,0.0,0,nan,nan,nan,nan,nan,nan,0,0.0,0,nan,nan,0.740643026579443,0,5.225873933467587,0.18234931706122862,0.0,1,2.3328722568337463,2.189517344658879,2.9218277684509317,4.5119408764961015,nan,nan,0,0.18234931706122862,0,88c65eb697abea09,24,8.77085636863527,8,0,0,0,nan,-1,0,0
10,553802.0,-3811467.108242471,3566805.588651914,3652667.7996094953,0,0,0,0,0,1,1,3.187424679226443,2.9821177559571934,2.752803433053683,18,0,0.046176996803574594,2.787643238761087,5.7068273850881495,0,,0.0,0.0,0,nan,0,0,,0,nan,,0.0,0.0,0,nan,nan,nan,nan,nan,nan,0,0.0,0,nan,nan,0.22651220990563836,1,5.707104824701345,0.2968917674192283,0.02225782557786768,3,3.18749539169442,2.9824490840105056,2.787643238761087,3.871270358899591,0.046176996803574594,9.477003009138702,0,0.2965011424192283,0,88c65eb697abea09,292,6.101683193889165,8,12,1,256,0.22651220990563836,256,18,17
11,553802.2000000477,-3811467.1168671288,3566805.5932573597,3652667.807037842,0,0,0,0,0,1,1,3.2003396146871395,3.0053159584622335,2.7568795700474764,18,1,0.046176996803574594,2.7992336434849636,5.73400574589633,0,,0.0,0.0,0,nan,0,0,,0,nan,,0.0,0.0,0,nan,nan,nan,nan,nan,nan,0,0.0,0,nan,nan,0.6713372656572415,0,5.73400574589633,0.31476115721614806,0.0,1,3.2003396146871395,3.0053159584622335,2.7992336434849636,3.872751816434111,nan,nan,0,0.31476115721614806,0,88c65eb697abea09,36,5.416209261694439,8,0,0,0,nan,-1,0,0
12,553802.3999989033,-3811467.1156772557,3566805.5935875596,3652667.8073552107,0,0,0,0,0,1,1,3.203218467001901,3.0120097493409084,2.75279174445856,18,2,0.046176996803574594,2.7984202360446475,5.736628233516394,0,,0.0,0.0,0,nan,0,0,,0,nan,,0.0,0.0,0,nan,nan,nan,nan,nan,nan,0,0.0,0,nan,nan,0.6738442172373779,0,5.736628233516394,0.31496272686199556,0.0,1,3.203218467001901,3.0120097493409084,2.7984202360446475,3.875946808143127,nan,nan,0,0.31496272686199556,0,88c65eb697abea09,36,5.4096195023175575,8,0,0,0,nan,-1,0,0
13,553802.5999999046,-3811467.1215451485,3566805.594223698,3652667.8148330706,0,0,0,0,0,1,1,3.2043295681610626,3.013715744255054,2.761835492704452,18,3,0.046176996803574594,2.806213529699768,5.746973058777519,0,,0.0,0.0,0,nan,0,0,,0,nan,,0.0,0.0,0,nan,nan,nan,nan,nan,nan,0,0.0,0,nan,nan,0.6656685987047367,0,5.746973058777519,0.31496149793312017,0.0,1,3.2043295681610626,3.013715744255054,2.806213529699768,3.879610208024698,nan,nan,0,0.31496149793312017,0,88c65eb697abea09,36,5.409632397933279,8,0,0,0,nan,-1,0,0
14,553802.7999989986,-3811467.116370178,3566805.592753338,3652667.8157646162,0,0,0,0,0,1,1,3.204594441625942,3.0143389291306355,2.75928551563088,18,4,0.046176996803574594,2.8025256514549035,5.744761983094747,0,,0.0,0.0,0,nan,0,0,,0,nan,,0.0,0.0,0,nan,nan,nan,nan,nan,nan,0,0.0,0,nan,nan,0.6669057093907017,0,5.744761983094747,0.31496870149136086,0.0,1,3.204594441625942,3.0143389291306355,2.8025256514549035,3.883410359678399,nan,nan,0,0.31496870149136086,0,88c65eb697abea09,36,5.409403763508941,8,0,0,0,nan,-1,0,0
15,553803.0,-3811467.4750908157,3566806.067215958,3652666.8251926755,0,0,0,0,0,1,1,3.85390435865898,3.6240508714321704,2.6867900666417883,18,0,0.052747126368075915,3.105797010015602,6.0113969562406835,0,,0.0,0.0,0,nan,0,0,,0,nan,,0.0,0.0,0,nan,nan,nan,nan,nan,nan,0,0.0,0,nan,nan,0.2794139028912233,1,6.0113969562406835,0.40112841043651015,0.0,1,3.85390435865898,3.6240508714321704,3.105797010015602,3.446529888958384,0.052747126368075915,19.23047039825005,0,0.40112841043651015,0,83c38a38c3db3b8e,303,4.305808339463463,8,12,1,256,0.2794139028912233,188,18,17
16,553803.2000000477,-3811467.48701839,3566806.0741598764,3652666.835594138,0,0,0,0,0,1,1,3.869711516841878,3.6537659332857757,2.6932109336103984,18,1,0.052747126368075915,3.119802368110178,6.04885125999239,0,,0.0,0.0,0,nan,0,0,,0,nan,,0.0,0.0,0,nan,nan,nan,nan,nan,nan,0,0.0,0,nan,nan,0.5616196440544445,0,6.04885125999239,0.43102602892871694,0.0,1,3.869711516841878,3.6537659332857757,3.119802368110178,3.4481955702239153,nan,nan,0,0.43102602892871694,0,83c38a38c3db3b8e,47,3.7465935873307425,8,0,0,0,nan,-1,0,0
17,553803.3999989033,-3811467.4909215695,3566806.077141064,3652666.8399957465,0,0,0,0,0,1,1,3.8739677947816853,3.6612913776014233,2.6974381539937564,18,2,0.052747126368075915,3.125009995011446,6.0607234331554345,0,,0.0,0.0,0,nan,0,0,,0,nan,,0.0,0.0,0,nan,nan,nan,nan,nan,nan,0,0.0,0,nan,nan,0.5562698623784057,0,6.0607234331554345,0.43178438781733214,0.0,1,3.8739677947816853,3.6612913776014233,3.125009995011446,3.451783951486298,nan,nan,0,0.43178438781733214,0,83c38a38c3db3b8e,47,3.735136287860322,8,0,0,0,nan,-1,0,0
18,553803.5999999046,-3811467.4922913876,3566806.0785539644,3652666.8408402093,0,0,0,0,0,1,1,3.87522507155481,3.6634848641631095,2.6986596699223018,18,3,0.052747126368075915,3.127045929572931,6.0643417977836505,0,,0.0,0.0,0,nan,0,0,,0,nan,,0.0,0.0,0,nan,nan,nan,nan,nan,nan,0,0.0,0,nan,nan,0.5540282263833592,0,6.0643417977836505,0.4318757537234194,0.0,1,3.87522507155481,3.6634848641631095,3.127045929572931,3.4558971212947447,nan,nan,0,0.4318757537234194,0,83c38a38c3db3b8e,47,3.7337649539516797,8,0,0,0,nan,-1,0,0
19,553803.7999989986,-3811467.493717931,3566806.0821427926,3652666.841862358,0,0,0,0,0,1,1,3.875634307214972,3.664149097639865,2.70156110159452,18,4,0.052747126368075915,3.1307497522122483,6.067918785285197,0,,0.0,0.0,0,nan,0,0,,0,nan,,0.0,0.0,0,nan,nan,nan,nan,nan,nan,0,0.0,0,nan,nan,0.550563683626025,0,6.067918785285197,0.43187656954450615,0.0,1,3.875634307214972,3.664149097639865,3.1307497522122483,3.4601626839851276,nan,nan,0,0.43187656954450615,0,83c38a38c3db3b8e,47,3.733750481937494,8,0,0,0,nan,-1,0,0
20,553804.0,-3811468.2512258226,3566807.127161279,3652666.0411167447,0,0,0,0,0,1,1,2.0819463573365837,2.4300315676721347,4.2342337806555,19,0,0.41380108143408434,4.432677198843442,3.8761349104749256,0,,0.0,0.0,0,nan,0,0,,0,nan,,0.0,0.0,0,nan,nan,nan,nan,nan,nan,0,0.0,0,nan,nan,0.5831242352283087,0,3.8761349104749256,0.5632712921287869,0.0,1,2.0819463573365837,2.4300315676721347,4.432677198843442,3.1278257037825994,0.41380108143408434,31.3281035856981,0,0.5632712921287869,0,b92766a708e55a83,315,2.5451643382925653,8,12,1,256,0.5871570725900416,222,19,17
21,553804.2000000477,-3811468.2762016263,3566807.1477124835,3652666.0704713147,0,0,0,0,0,1,1,2.0800429970562746,2.419195852949213,4.260340552251378,19,1,0.41380108143408434,4.461016016307509,3.930153110216147,0,,0.0,0.0,0,nan,0,0,,0,nan,,0.0,0.0,0,nan,nan,nan,nan,nan,nan,0,0.0,0,nan,nan,0.604668060805244,0,3.930153110216147,0.5981549652726994,0.0,1,2.0800429970562746,2.419195852949213,4.461016016307509,3.1296622776171215,nan,nan,0,0.5981549652726994,0,b92766a708e55a83,59,2.2601776675859395,8,0,0,0,nan,-1,0,0
22,553804.4000000954,-3811468.3232041937,3566807.190374269,3652666.116779394,0,0,0,0,0,1,1,2.080402838669365,2.418009601967069,4.341755494745182,19,2,0.41380108143408434,4.518888540953368,4.006549890266574,0,,0.0,0.0,0,nan,0,0,,0,nan,,0.0,0.0,0,nan,nan,nan,nan,nan,nan,0,0.0,0,nan,nan,0.6229081324115248,0,4.006549890266574,0.5982662666415481,0.0,1,2.080402838669365,2.418009601967069,4.518888540953368,3.133615782308128,nan,nan,0,0.5982662666415481,0,b92766a708e55a83,59,2.2586713986577824,8,0,0,0,nan,-1,0,0
23,553804.599998951,-3811468.384972638,3566807.249667508,3652666.178069575,0,0,0,0,0,1,1,2.080450069248581,2.417496728099613,4.444964421550181,19,3,0.41380108143408434,4.598291171453807,4.1017091940956645,0,,0.0,0.0,0,nan,0,0,,0,nan,,0.0,0.0,0,nan,nan,nan,nan,nan,nan,0,0.0,0,nan,nan,0.662276868875027,0,4.1017091940956645,0.5982749088708424,0.0,1,2.080450069248581,2.417496728099613,4.598291171453807,3.1381460194226714,nan,nan,0,0.5982749088708424,0,b92766a708e55a83,59,2.2585508970107275,8,0,0,0,nan,-1,0,0
24,553804.7999989986,-3811468.4433766464,3566807.3058876065,3652666.23595854,0,0,0,0,0,1,1,2.08044730570733,2.4173071738559573,4.542244326854964,19,4,0.41380108143408434,4.674433012700302,4.190967768166979,0,,0.0,0.0,0,nan,0,0,,0,nan,,0.0,0.0,0,nan,nan,nan,nan,nan,nan,0,0.0,0,nan,nan,0.7117905587523228,0,4.190967768166979,0.5982793707906633,0.0,1,2.08044730570733,2.4173071738559573,4.674433012700302,3.1428429254599144,nan,nan,0,0.5982793707906633,0,b92766a708e55a83,59,2.258526490798739,8,0,0,0,nan,-1,0,0
25,553805.0,-3811469.1430459116,3566808.378780037,3652665.242065848,0,0,0,0,0,1,1,2.6758487438955987,5.353735021388936,5.576263921042656,19,0,0.45207347146779936,6.079049261901037,7.992328442581901,0,,0.0,0.0,0,nan,0,0,,0,nan,,0.0,0.0,0,nan,nan,nan,nan,nan,nan,0,0.0,0,nan,nan,0.7724427548229135,0,7.992328442581901,0.29090255111360935,0.0,1,2.6758487438955987,5.353735021388936,6.079049261901037,2.8664917765706495,0.45207347146779936,34.1184370362641,2,0.29090255111360935,0,828a0aead3c44ff8,324,5.858053612922952,8,12,1,256,2.9573553393360323,166,19,17
26,553805.2000000477,-3811469.1998369913,3566808.4256508183,3652665.301046837,0,0,0,0,0,1,1,2.7330892486766745,5.372625162780132,5.685037985231231,19,1,0.45207347146779936,6.137242304290757,8.124077178982146,0,,0.0,0.0,0,nan,0,0,,0,nan,,0.0,0.0,0,nan,nan,nan,nan,nan,nan,0,0.0,0,nan,nan,0.7852879518090353,0,8.124077178982146,0.30326785959752794,0.0,1,2.7330892486766745,5.372625162780132,6.137242304290757,2.8685097516386144,nan,nan,0,0.30326785959752794,0,828a0aead3c44ff8,68,5.326761636934481,8,0,0,0,nan,-1,0,0
27,553805.4000000954,-3811469.2591386302,3566808.4816262787,3652665.3585166847,0,0,0,0,0,1,1,2.7472611200050747,5.377105950069504,5.785510162209737,19,2,0.45207347146779936,6.205098567218218,8.222527237967872,0,,0.0,0.0,0,nan,0,0,,0,nan,,0.0,0.0,0,nan,nan,nan,nan,nan,nan,0,0.0,0,nan,nan,0.814461367496818,0,8.222527237967872,0.30251992798480537,0.0,1,2.7472611200050747,5.377105950069504,6.205098567218218,2.8728261188560356,nan,nan,0,0.30251992798480537,0,828a0aead3c44ff8,68,5.3400249403055655,8,0,0,0,nan,-1,0,0
28,553805.599998951,-3811469.281269085,3566808.503256852,3652665.3844249053,0,0,0,0,0,1,1,2.7505916134244934,5.378906311799598,5.824694535605474,19,3,0.45207347146779936,6.23036815478936,8.258412734993575,0,,0.0,0.0,0,nan,0,0,,0,nan,,0.0,0.0,0,nan,nan,nan,nan,nan,nan,0,0.0,0,nan,nan,0.8261945695824658,0,8.258412734993575,0.30168064442407744,0.0,1,2.7505916134244934,5.378906311799598,6.23036815478936,2.8777679017205555,nan,nan,0,0.30168064442407744,0,828a0aead3c44ff8,68,5.355101039201322,8,0,0,0,nan,-1,0,0
29,553805.7999989986,-3811469.289832711,3566808.5094558434,3652665.3944452847,0,0,0,0,0,1,1,2.751804430408626,5.379353096042735,5.839031602667341,19,4,0.45207347146779936,6.238536922683064,8.270567793781343,0,,0.0,0.0,0,nan,0,0,,0,nan,,0.0,0.0,0,nan,nan,nan,nan,nan,nan,0,0.0,0,nan,nan,0.8304268629766318,0,8.270567793781343,0.3015881315700791,0.0,1,2.751804430408626,5.379353096042735,6.238536922683064,2.8828893551859838,nan,nan,0,0.3015881315700791,0,828a0aead3c44ff8,68,5.356753333298334,8,0,0,0,nan,-1,0,0
30,553806.0,-3811469.988626393,3566809.4754408807,3652663.9545203396,0,0,0,0,0,1,1,3.7055162690059826,5.624228361875434,5.499014590877071,18,0,0.20942828977675063,7.767906518983791,8.667356317845693,0,,0.0,0.0,0,nan,0,0,,0,nan,,0.0,0.0,0,nan,nan,nan,nan,nan,nan,0,0.0,0,nan,nan,1.0214033678109284,0,8.667356317845693,0.48069149464501665,0.0,1,3.7055162690059826,5.624228361875434,7.767906518983791,2.6759519396472196,0.20942828977675063,48.48841794941493,0,0.48069149464501665,0,828a0aead3c44ff8,336,2.8157829562806103,8,12,1,256,2.64544221751657,253,18,17
31,553806.2000000477,-3811469.984735076,3566809.4685588456,3652663.951979333,0,0,0,0,0,1,1,3.73267826686976,5.63501668692771,5.501499054116888,18,1,0.20942828977675063,7.761402624521035,8.689418544144742,0,,0.0,0.0,0,nan,0,0,,0,nan,,0.0,0.0,0,nan,nan,nan,nan,nan,nan,0,0.0,0,nan,nan,1.0352770072653568,0,8.689418544144742,0.5092874006713042,0.0,1,3.73267826686976,5.63501668692771,7.761402624521035,2.678099417447205,nan,nan,0,0.5092874006713042,0,828a0aead3c44ff8,80,2.5081483429151534,8,0,0,0,nan,-1,0,0
32,553806.4000000954,-3811469.9869406754,3566809.470428908,3652663.9587578727,0,0,0,0,0,1,1,3.7399376889243725,5.637380907094312,5.511743731192529,18,2,0.20942828977675063,7.761809677319955,8.700853806752193,0,,0.0,0.0,0,nan,0,0,,0,nan,,0.0,0.0,0,nan,nan,nan,nan,nan,nan,0,0.0,0,nan,nan,1.0418633773991406,0,8.700853806752193,0.509429725306902,0.0,1,3.7399376889243725,5.637380907094312,7.761809677319955,2.6827187110635777,nan,nan,0,0.509429725306902,0,828a0aead3c44ff8,80,2.5067471800621255,8,0,0,0,nan,-1,0,0
33,553806.599998951,-3811469.989975492,3566809.47058704,3652663.963755162,0,0,0,0,0,1,1,3.741912578996243,5.638110941378785,5.5172720222958995,18,3,0.20942828977675063,7.762046597964363,8.705625086516815,0,,0.0,0.0,0,nan,0,0,,0,nan,,0.0,0.0,0,nan,nan,nan,nan,nan,nan,0,0.0,0,nan,nan,1.0449347207548976,0,8.705625086516815,0.5094384629293487,0.0,1,3.741912578996243,5.638110941378785,7.762046597964363,2.688009043087361,nan,nan,0,0.5094384629293487,0,828a0aead3c44ff8,80,2.506652066283308,8,0,0,0,nan,-1,0,0
34,553806.7999989986,-3811469.990245999,3566809.4692104803,3652663.967523169,0,0,0,0,0,1,1,3.742530633696391,5.638351514605855,5.518776482198639,18,4,0.20942828977675063,7.7602707554821695,8.70572508878412,0,,0.0,0.0,0,nan,0,0,,0,nan,,0.0,0.0,0,nan,nan,nan,nan,nan,nan,0,0.0,0,nan,nan,1.0443881825887766,0,8.70572508878412,0.5094388245568419,0.0,1,3.742530633696391,5.638351514605855,7.7602707554821695,2.693491032534563,nan,nan,0,0.5094388245568419,0,828a0aead3c44ff8,80,2.506646053323118,8,0,0,0,nan,-1,0,0
35,553807.0,-3811469.6260167784,3566809.1338563124,3652663.7525704727,0,0,0,0,0,1,1,2.982191446175133,4.58699074543391,5.190504025042034,18,0,0.290947663274422,7.379445960938236,5.150935924497962,0,,0.0,0.0,0,nan,0,0,,0,nan,,0.0,0.0,0,nan,nan,nan,nan,nan,nan,0,0.0,0,nan,nan,2.2055790777980557,0,5.150935924497962,0.07916666666666662,0.0,1,2.982191446175133,4.58699074543391,7.379445960938236,2.51694055961129,0.290947663274422,11.353875378426523,3,0.07916666666666662,0,60cbf5c6bd3b273a,268,13.294672610031599,8,12,1,256,2.2055790777980557,217,18,17
36,553807.2000000477,-3811469.6224498507,3566809.1424942133,3652663.7536380137,0,0,0,0,0,1,1,2.9826159158053196,4.586748144571808,5.190754228212314,18,1,0.290947663274422,7.383300340107547,5.153871505021943,0,,0.0,0.0,0,nan,0,0,,0,nan,,0.0,0.0,0,nan,nan,nan,nan,nan,nan,0,0.0,0,nan,nan,5.153871505021943,0,5.153871505021943,0.08333333333333333,0.0,1,2.9826159158053196,4.586748144571808,7.383300340107547,2.5192272188702924,nan,nan,0,0.08333333333333333,0,60cbf5c6bd3b273a,12,11.999999999999998,8,0,0,0,nan,-1,0,0
37,553807.4000000954,-3811469.6206808384,3566809.146307388,3652663.7510239463,0,0,0,0,0,1,1,2.982650297229474,4.586946412962997,5.189321476759525,18,2,0.290947663274422,7.386063756140029,5.1551203656758355,0,,0.0,0.0,0,nan,0,0,,0,nan,,0.0,0.0,0,nan,nan,nan,nan,nan,nan,0,0.0,0,nan,nan,5.1551203656758355,0,5.1551203656758355,0.08333333333333333,0.0,1,2.982650297229474,4.586946412962997,7.386063756140029,2.5241381694578493,nan,nan,0,0.08333333333333333,0,60cbf5c6bd3b273a,12,11.999999999999998,8,0,0,0,nan,-1,0,0
38,553807.599998951,-3811469.6210586494,3566809.147532764,3652663.7527582804,0,0,0,0,0,1,1,2.9829554368090885,4.586894388211663,5.191298903562126,18,3,0.290947663274422,7.386515143862588,5.155976702619806,0,,0.0,0.0,0,nan,0,0,,0,nan,,0.0,0.0,0,nan,nan,nan,nan,nan,nan,0,0.0,0,nan,nan,5.155976702619806,0,5.155976702619806,0.08333333333333333,0.0,1,2.9829554368090885,4.586894388211663,7.386515143862588,2.5297604073832183,nan,nan,0,0.08333333333333333,0,60cbf5c6bd3b273a,12,11.999999999999998,8,0,0,0,nan,-1,0,0
39,553807.7999989986,-3811469.626019064,3566809.149713479,3652663.7578284247,0,0,0,0,0,1,1,2.982984993091164,4.5868990248727215,5.198263857891848,18,4,0.290947663274422,7.389012841815085,5.160582719992699,0,,0.0,0.0,0,nan,0,0,,0,nan,,0.0,0.0,0,nan,nan,nan,nan,nan,nan,0,0.0,0,nan,nan,5.160582719992699,0,5.160582719992699,0.08333333333333333,0.0,1,2.982984993091164,4.5868990248727215,7.389012841815085,2.535584634868319,nan,nan,0,0.08333333333333333,0,60cbf5c6bd3b273a,12,11.999999999999998,8,0,0,0,nan,-1,0,0
40,553808.0,-3811469.5997325815,3566809.023372303,3652663.9772674013,0,0,0,0,0,1,1,2.3760740305607353,5.663910906065409,4.974431904281264,18,0,0.30400967615543767,7.200881418648142,5.761509744057745,0,,0.0,0.0,0,nan,0,0,,0,nan,,0.0,0.0,0,nan,nan,nan,nan,nan,nan,0,0.0,0,nan,nan,2.138300632881776,0,5.761509744057745,0.2619672064576749,0.0,1,2.3760740305607353,5.663910906065409,7.200881418648142,2.3699637257269357,0.30400967615543767,10.823505896235373,1,0.2619672064576749,0,9bb9b17a10643453,280,6.088701687051493,8,12,1,256,2.138300632881776,243,18,17
41,553808.199999094,-3811469.604565452,3566809.022197833,3652663.975938404,0,0,0,0,0,1,1,2.3680494199530098,5.668259756031346,4.975390854091056,18,1,0.30400967615543767,7.203308836127141,5.78158499464817,0,,0.0,0.0,0,nan,0,0,,0,nan,,0.0,0.0,0,nan,nan,nan,nan,nan,nan,0,0.0,0,nan,nan,5.5167408489017795,0,5.78158499464817,0.27782389573849975,0.0,1,2.3680494199530098,5.668259756031346,7.203308836127141,2.3723777286033028,nan,nan,0,0.27782389573849975,0,9bb9b17a10643453,24,5.416415904797258,8,0,0,0,nan,-1,0,0
42,553808.4000000954,-3811469.6200710684,3566809.0384342065,3652663.9914526143,0,0,0,0,0,1,1,2.3658773388664556,5.669447249732941,5.004874842567653,18,2,0.30400967615543767,7.218677470522274,5.803527950400851,0,,0.0,0.0,0,nan,0,0,,0,nan,,0.0,0.0,0,nan,nan,nan,nan,nan,nan,0,0.0,0,nan,nan,5.5437226954952,0,5.803527950400851,0.2778657216438355,0.0,1,2.3658773388664556,5.669447249732941,7.218677470522274,2.3775886360799108,nan,nan,0,0.2778657216438355,0,9bb9b17a10643453,24,5.4146542215822935,8,0,0,0,nan,-1,0,0
43,553808.599998951,-3811469.6378614362,3566809.0555787836,3652664.004021144,0,0,0,0,0,1,1,2.3653146014641218,5.669517849592819,5.030793260613999,18,3,0.30400967615543767,7.237151120487444,5.82501418405384,0,,0.0,0.0,0,nan,0,0,,0,nan,,0.0,0.0,0,nan,nan,nan,nan,nan,nan,0,0.0,0,nan,nan,5.568804889161046,0,5.82501418405384,0.2778767082866841,0.0,1,2.3653146014641218,5.669517849592819,7.237151120487444,2.3835556216658462,nan,nan,0,0.2778767082866841,0,9bb9b17a10643453,24,5.414250973755659,8,0,0,0,nan,-1,0,0
44,553808.7999999523,-3811469.6511755534,3566809.0698531303,3652664.016906605,0,0,0,0,0,1,1,2.365143074864826,5.669612217758002,5.053571782890433,18,4,0.30400967615543767,7.250854808964697,5.840522722608411,0,,0.0,0.0,0,nan,0,0,,0,nan,,0.0,0.0,0,nan,nan,nan,nan,nan,nan,0,0.0,0,nan,nan,5.587667044467142,0,5.840522722608411,0.27787855639228054,0.0,1,2.365143074864826,5.669612217758002,7.250854808964697,2.3897359609892086,nan,nan,0,0.27787855639228054,0,9bb9b17a10643453,24,5.4141922792336725,8,0,0,0,nan,-1,0,0
45,553809.0,-3811469.415095297,3566808.780492458,3652664.2735296553,0,0,0,0,0,1,1,2.3057863654600306,4.654559158394107,5.037513551886008,19,0,0.28473158978728563,6.812160832921714,4.997351737901142,0,,0.0,0.0,0,nan,0,0,,0,nan,,0.0,0.0,0,nan,nan,nan,nan,nan,nan,0,0.0,0,nan,nan,1.7536446633480682,0,4.997351737901142,0.07916666666666662,0.0,1,2.3057863654600306,4.654559158394107,6.812160832921714,2.21892742224765,0.28473158978728563,2.718979748563414,6,0.07916666666666662,0,832d821e147a649e,268,13.294672610031599,8,12,1,256,1.7536446633480682,235,19,17
46,553809.199999094,-3811469.414116654,3566808.77971777,3652664.2705520685,0,0,0,0,0,1,1,2.303630504754548,4.660630251919467,5.057972790812813,19,1,0.28473158978728563,6.812011773640396,5.003517423812425,0,,0.0,0.0,0,nan,0,0,,0,nan,,0.0,0.0,0,nan,nan,nan,nan,nan,nan,0,0.0,0,nan,nan,5.003517423812425,0,5.003517423812425,0.08333333333333333,0.0,1,2.303630504754548,4.660630251919467,6.812011773640396,2.2215420717411725,nan,nan,0,0.08333333333333333,0,832d821e147a649e,12,11.999999999999998,8,0,0,0,nan,-1,0,0
47,553809.4000000954,-3811469.4182153256,3566808.7827237993,3652664.2755420734,0,0,0,0,0,1,1,2.3038957754651537,4.66205706801148,5.070793541123231,19,2,0.28473158978728563,6.814965548955687,5.00887706550206,0,,0.0,0.0,0,nan,0,0,,0,nan,,0.0,0.0,0,nan,nan,nan,nan,nan,nan,0,0.0,0,nan,nan,5.00887706550206,0,5.00887706550206,0.08333333333333333,0.0,1,2.3038957754651537,4.66205706801148,6.814965548955687,2.2271151595485317,nan,nan,0,0.08333333333333333,0,832d821e147a649e,12,11.999999999999998,8,0,0,0,nan,-1,0,0
48,553809.599998951,-3811469.4134697006,3566808.7775105317,3652664.2671238803,0,0,0,0,0,1,1,2.3036752959280538,4.662816911822628,5.060965283991186,19,3,0.28473158978728563,6.8111547264812495,5.003085704256851,0,,0.0,0.0,0,nan,0,0,,0,nan,,0.0,0.0,0,nan,nan,nan,nan,nan,nan,0,0.0,0,nan,nan,5.003085704256851,0,5.003085704256851,0.08333333333333333,0.0,1,2.3036752959280538,4.662816911822628,6.8111547264812495,2.233486817838483,nan,nan,0,0.08333333333333333,0,832d821e147a649e,12,11.999999999999998,8,0,0,0,nan,-1,0,0
49,553809.7999999523,-3811469.3977967124,3566808.765014775,3652664.2510027033,0,0,0,0,0,1,1,2.3036794528493614,4.663006145282517,5.036159613657036,19,4,0.28473158978728563,6.798190767216363,4.985797898741431,0,,0.0,0.0,0,nan,0,0,,0,nan,,0.0,0.0,0,nan,nan,nan,nan,nan,nan,0,0.0,0,nan,nan,4.985797898741431,0,4.985797898741431,0.08333333333333333,0.0,1,2.3036794528493614,4.663006145282517,6.798190767216363,2.240082038541546,nan,nan,0,0.08333333333333333,0,832d821e147a649e,12,11.999999999999998,8,0,0,0,nan,-1,0,0
50,553810.0,-3811469.2985404828,3566808.640770682,3652664.524779216,0,0,0,0,0,1,1,1.9865608209847443,4.629805456529157,4.962177133669494,19,0,0.26506036033573993,6.559054910956704,5.04371426153,0,,0.0,0.0,0,nan,0,0,,0,nan,,0.0,0.0,0,nan,nan,nan,nan,nan,nan,0,0.0,0,nan,nan,1.7574741064118338,0,5.04371426153,0.2261135066087476,0.0,1,1.9865608209847443,4.629805456529157,6.559054910956704,2.1205173581613557,0.26506036033573993,1.8608898760313553,0,0.2261135066087476,0,832d821e147a649e,271,8.80131426796471,8,12,1,256,1.7574741064118338,224,19,17
51,553810.199999094,-3811469.3039292046,3566808.64487794,3652664.529502901,0,0,0,0,0,1,1,1.983547185976585,4.629105353895884,4.972768557405449,19,1,0.26506036033573993,6.563846145743955,5.053690815904712,0,,0.0,0.0,0,nan,0,0,,0,nan,,0.0,0.0,0,nan,nan,nan,nan,nan,nan,0,0.0,0,nan,nan,5.053690815904712,0,5.053690815904712,0.2400415873270323,0.0,1,1.983547185976585,4.629105353895884,6.563846145743955,2.1232300878221277,nan,nan,0,0.2400415873270323,0,832d821e147a649e,15,7.858990163231602,8,0,0,0,nan,-1,0,0
52,553810.4000000954,-3811469.315596398,3566808.65828624,3652664.5406800522,0,0,0,0,0,1,1,1.9828416954746173,4.6293748731861735,4.993502813661418,19,2,0.26506036033573993,6.5773148379183635,5.070379463306508,0,,0.0,0.0,0,nan,0,0,,0,nan,,0.0,0.0,0,nan,nan,nan,nan,nan,nan,0,0.0,0,nan,nan,5.068999075484252,0,5.070379463306508,0.2402282952606054,0.0,1,1.9828416954746173,4.6293748731861735,6.5773148379183635,2.129054448480933,nan,nan,0,0.2402282952606054,0,832d821e147a649e,15,7.85207674620289,8,0,0,0,nan,-1,0,0
53,553810.599998951,-3811469.34256695,3566808.6845943565,3652664.568832754,0,0,0,0,0,1,1,1.9826194334475433,4.629528806091411,5.040506943397922,19,3,0.26506036033573993,6.60440914717434,5.103933411856516,0,,0.0,0.0,0,nan,0,0,,0,nan,,0.0,0.0,0,nan,nan,nan,nan,nan,nan,0,0.0,0,nan,nan,5.057104974406547,0,5.103933411856516,0.2402524452454197,0.0,1,1.9826194334475433,4.629528806091411,6.60440914717434,2.1357169279087573,nan,nan,0,0.2402524452454197,0,832d821e147a649e,15,7.8520772556236125,8,0,0,0,nan,-1,0,0
54,553810.7999999523,-3811469.3769528917,3566808.7217116025,3652664.6004809807,0,0,0,0,0,1,1,1.9825515017230924,4.62949967622117,5.098551211388733,19,4,0.26506036033573993,6.643192315066824,5.149527019464963,0,,0.0,0.0,0,nan,0,0,,0,nan,,0.0,0.0,0,nan,nan,nan,nan,nan,nan,0,0.0,0,nan,nan,5.047437176954595,0,5.149527019464963,0.2402552033412452,0.0,1,1.9825515017230924,4.62949967622117,6.643192315066824,2.142612579201163,nan,nan,0,0.2402552033412452,0,832d821e147a649e,15,7.8521096767309695,8,0,0,0,nan,-1,0,0
55,553811.0,-3811469.235102616,3566808.4984445698,3652664.8116010264,0,0,0,0,0,1,1,1.6816256460912196,4.654784493501197,5.151119482644341,19,0,0.25623423622778385,6.33108764208706,5.100073625050928,0,,0.0,0.0,0,nan,0,0,,0,nan,,0.0,0.0,0,nan,nan,nan,nan,nan,nan,0,0.0,0,nan,nan,2.0520516211465507,0,5.100073625050928,0.4463402180612089,0.0,1,1.6816256460912196,4.654784493501197,6.33108764208706,2.0332112461865335,0.25623423622778385,1.334637417535249,0,0.4463402180612089,0,832d821e147a649e,272,4.03845159559177,8,12,1,256,2.0520516211465507,231,19,17
56,553811.199999094,-3811469.2729791864,3566808.5359099815,3652664.848355844,0,0,0,0,0,1,1,1.680133806376963,4.6554058981337905,5.235284514033264,19,1,0.25623423622778385,6.372082856127787,5.156044593751463,0,,0.0,0.0,0,nan,0,0,,0,nan,,0.0,0.0,0,nan,nan,nan,nan,nan,nan,0,0.0,0,nan,nan,5.038387866202916,0,5.156044593751463,0.47477090115027987,0.0,1,1.680133806376963,4.6554058981337905,6.372082856127787,2.036041422985263,nan,nan,0,0.47477090115027987,0,832d821e147a649e,16,3.5776660172674677,8,0,0,0,nan,-1,0,0
57,553811.4000000954,-3811469.3265806404,3566808.588842787,3652664.9009892987,0,0,0,0,0,1,1,1.6797933797527504,4.656017059391356,5.331168126328143,19,2,0.25623423622778385,6.430540122500017,5.226132616214509,0,,0.0,0.0,0,nan,0,0,,0,nan,,0.0,0.0,0,nan,nan,nan,nan,nan,nan,0,0.0,0,nan,nan,5.019629832846714,0,5.226132616214509,0.4751961405132607,0.0,1,1.6797933797527504,4.656017059391356,6.430540122500017,2.042114738166459,nan,nan,0,0.4751961405132607,0,832d821e147a649e,16,3.5721301945224635,8,0,0,0,nan,-1,0,0
58,553811.599998951,-3811469.383561751,3566808.6461469145,3652664.9577724473,0,0,0,0,0,1,1,1.6797075956128644,4.656122606379838,5.429669591884242,19,3,0.25623423622778385,6.494106070676691,5.300337812641439,0,,0.0,0.0,0,nan,0,0,,0,nan,,0.0,0.0,0,nan,nan,nan,nan,nan,nan,0,0.0,0,nan,nan,5.001791285584114,0,5.300337812641439,0.47523908499965045,0.0,1,1.6797075956128644,4.656122606379838,6.494106070676691,2.0490599946754635,nan,nan,0,0.47523908499965045,0,832d821e147a649e,16,3.5715707210719407,8,0,0,0,nan,-1,0,0
59,553811.7999999523,-3811469.4447181495,3566808.7062500827,3652665.0216358565,0,0,0,0,0,1,1,1.6796813793673488,4.65618985630746,5.535782839134796,19,4,0.25623423622778385,6.561561787920344,5.379268631975162,0,,0.0,0.0,0,nan,0,0,,0,nan,,0.0,0.0,0,nan,nan,nan,nan,nan,nan,0,0.0,0,nan,nan,4.981874191927158,0,5.379268631975162,0.47524371547135713,0.0,1,1.6796813793673488,4.65618985630746,6.561561787920344,2.056246294564471,nan,nan,0,0.47524371547135713,0,832d821e147a649e,16,3.571513341266478,8,0,0,0,nan,-1,0,0
60,553812.0,-3811469.1845345027,3566808.40403197,3652665.053313325,0,0,0,0,0,1,1,1.4512196908826263,4.739050665681426,5.6052376997611,19,0,0.24999160052313082,6.166848881541285,5.177458020694578,0,,0.0,0.0,0,nan,0,0,,0,nan,,0.0,0.0,0,nan,nan,nan,nan,nan,nan,0,0.0,0,nan,nan,2.8169689703839373,0,5.177458020694578,0.6310072792819175,0.0,1,1.4512196908826263,4.739050665681426,6.166848881541285,1.9549034460280577,0.24999160052313082,1.3371359063100048,0,0.6310072792819175,0,832d821e147a649e,273,2.353415450093807,8,12,1,256,2.8169689703839373,187,19,17
61,553812.199999094,-3811469.2331142887,3566808.4537998647,3652665.1059620883,0,0,0,0,0,1,1,1.449392831889345,4.7431568744730335,5.7343701358619805,19,1,0.24999160052313082,6.221608856680122,5.256047030151923,0,,0.0,0.0,0,nan,0,0,,0,nan,,0.0,0.0,0,nan,nan,nan,nan,nan,nan,0,0.0,0,nan,nan,4.9859062060316015,0,5.256047030151923,0.6707504785663778,0.0,1,1.449392831889345,4.7431568744730335,6.221608856680122,1.9578471472005274,nan,nan,0,0.6707504785663778,0,832d821e147a649e,17,2.0838771809431194,8,0,0,0,nan,-1,0,0
62,553812.4000000954,-3811469.2980974317,3566808.5156194377,3652665.1719480325,0,0,0,0,0,1,1,1.449075433883329,4.744130359139938,5.853623862766625,19,2,0.24999160052313082,6.29338323410037,5.3418878754675445,0,,0.0,0.0,0,nan,0,0,,0,nan,,0.0,0.0,0,nan,nan,nan,nan,nan,nan,0,0.0,0,nan,nan,4.963606961748753,0,5.3418878754675445,0.6712128142358058,0.0,1,1.449075433883329,4.744130359139938,6.29338323410037,1.9641623367477135,nan,nan,0,0.6712128142358058,0,832d821e147a649e,17,2.081101685623246,8,0,0,0,nan,-1,0,0
63,553812.599998951,-3811469.323044764,3566808.5407642205,3652665.198648223,0,0,0,0,0,1,1,1.4490575807157693,4.743993559257445,5.897989477991351,19,3,0.24999160052313082,6.322016967199731,5.375013895970459,0,,0.0,0.0,0,nan,0,0,,0,nan,,0.0,0.0,0,nan,nan,nan,nan,nan,nan,0,0.0,0,nan,nan,4.955305493522041,0,5.375013895970459,0.6712553029854997,0.0,1,1.4490575807157693,4.743993559257445,6.322016967199731,1.971382263637691,nan,nan,0,0.6712553029854997,0,832d821e147a649e,17,2.0808426617442994,8,0,0,0,nan,-1,0,0
64,553812.7999999523,-3811469.331030157,3566808.5471869325,3652665.210737892,0,0,0,0,0,1,1,1.449040691314658,4.7440779056494975,5.9142620585397925,19,4,0.24999160052313082,6.329239134620994,5.384361535367492,0,,0.0,0.0,0,nan,0,0,,0,nan,,0.0,0.0,0,nan,nan,nan,nan,nan,nan,0,0.0,0,nan,nan,4.9490226039683645,0,5.384361535367492,0.6712589089747575,0.0,1,1.449040691314658,4.7440779056494975,6.329239134620994,1.978850681069604,nan,nan,0,0.6712589089747575,0,832d821e147a649e,17,2.080820532854724,8,0,0,0,nan,-1,0,0
65,553813.0,-3811469.0978832426,3566808.2461486016,3652665.22409359,0,0,0,0,0,1,1,1.235324622592356,4.781716700178657,5.734677466175247,18,0,0.20590055846808142,5.954818255721592,5.150115603113004,0,,0.0,0.0,0,nan,0,0,,0,nan,,0.0,0.0,0,nan,nan,nan,nan,nan,nan,0,0.0,0,nan,nan,3.1383752797916227,0,5.150115603113004,0.7665390006412625,0.0,1,1.235324622592356,4.781716700178657,5.954818255721592,1.887203157661293,0.20590055846808142,0.8545983346324524,0,0.7665390006412625,0,832d821e147a649e,274,1.6752637197118156,8,12,1,256,3.1383752797916227,181,18,17
66,553813.199999094,-3811469.0866705896,3566808.2339572455,3652665.214502371,0,0,0,0,0,1,1,1.2346513076082835,4.78922644019939,5.739384637460836,18,1,0.20590055846808142,5.940850326801397,5.139558768049786,0,,0.0,0.0,0,nan,0,0,,0,nan,,0.0,0.0,0,nan,nan,nan,nan,nan,nan,0,0.0,0,nan,nan,3.360173654928738,0,5.139558768049786,0.8140085901993468,0.0,1,1.2346513076082835,4.78922644019939,5.940850326801397,1.890252728871852,nan,nan,0,0.8140085901993468,0,832d821e147a649e,18,1.4859329681130784,8,0,0,0,nan,-1,0,0
67,553813.4000000954,-3811469.0863395133,3566808.2326866523,3652665.2164501403,0,0,0,0,0,1,1,1.234490081072454,4.790796559433677,5.74575562771126,18,2,0.20590055846808142,5.9392505269522475,5.139228451646549,0,,0.0,0.0,0,nan,0,0,,0,nan,,0.0,0.0,0,nan,nan,nan,nan,nan,nan,0,0.0,0,nan,nan,3.3601989921485442,0,5.139228451646549,0.8144526730084475,0.0,1,1.234490081072454,4.790796559433677,5.9392505269522475,1.8967930862073663,nan,nan,0,0.8144526730084475,0,832d821e147a649e,18,1.4843439503009794,8,0,0,0,nan,-1,0,0
68,553813.599998951,-3811469.0871777595,3566808.234115772,3652665.22406919,0,0,0,0,0,1,1,1.234458026994595,4.791402817033216,5.753886074567227,18,3,0.20590055846808142,5.939136892899335,5.140056352855565,0,,0.0,0.0,0,nan,0,0,,0,nan,,0.0,0.0,0,nan,nan,nan,nan,nan,nan,0,0.0,0,nan,nan,3.3582097597850473,0,5.140056352855565,0.8144961631023553,0.0,1,1.234458026994595,4.791402817033216,5.939136892899335,1.9042684866028543,nan,nan,0,0.8144961631023553,0,832d821e147a649e,18,1.4841885546751818,8,0,0,0,nan,-1,0,0
69,553813.7999999523,-3811469.0913300556,3566808.235501047,3652665.228706436,0,0,0,0,0,1,1,1.2344471968398814,4.79151835488659,5.7603227340181204,18,4,0.20590055846808142,5.941714552284891,5.14349435243782,0,,0.0,0.0,0,nan,0,0,,0,nan,,0.0,0.0,0,nan,nan,nan,nan,nan,nan,0,0.0,0,nan,nan,3.360311482943172,0,5.14349435243782,0.8145009253629765,0.0,1,1.2344471968398814,4.79151835488659,5.941714552284891,1.9119990826985265,nan,nan,0,0.8145009253629765,0,832d821e147a649e,18,1.484171540616386,8,0,0,0,nan,-1,0,0
70,553814.0,-3811469.037298305,3566808.123900659,3652665.37507361,0,0,0,0,0,1,1,1.0800481122520937,4.730455999925247,5.580307989813202,19,0,0.17166137233746512,5.7928469079199845,5.081991575702226,0,,0.0,0.0,0,nan,0,0,,0,nan,,0.0,0.0,0,nan,nan,nan,nan,nan,nan,0,0.0,0,nan,nan,3.0954845490167386,0,5.081991575702226,0.8494051897126997,0.0,1,1.0800481122520937,4.730455999925247,5.7928469079199845,1.8222119807090562,0.17166137233746512,0.6712067054049101,0,0.8494051897126997,0,832d821e147a649e,277,1.3806583958172431,8,12,1,256,3.0954845490167386,243,19,17
71,553814.199999094,-3811469.0540562454,3566808.1413113913,3652665.3910148344,0,0,0,0,0,1,1,1.0804697875922484,4.73501150487813,5.61628545237455,19,1,0.17166137233746512,5.813242256654249,5.102338105986843,0,,0.0,0.0,0,nan,0,0,,0,nan,,0.0,0.0,0,nan,nan,nan,nan,nan,nan,0,0.0,0,nan,nan,3.3850022602991454,0,5.102338105986843,0.9011862195699596,0.0,1,1.0804697875922484,4.73501150487813,5.813242256654249,1.8253700871584446,nan,nan,0,0.9011862195699596,0,832d821e147a649e,21,1.2266998501312785,8,0,0,0,nan,-1,0,0
72,553814.4000000954,-3811469.078650902,3566808.166167389,3652665.413996416,0,0,0,0,0,1,1,1.0806351840701067,4.736000117935749,5.658664875517778,19,2,0.17166137233746512,5.8428614098649145,5.133227121099791,0,,0.0,0.0,0,nan,0,0,,0,nan,,0.0,0.0,0,nan,nan,nan,nan,nan,nan,0,0.0,0,nan,nan,3.4054296420984773,0,5.133227121099791,0.9015830235804619,0.0,1,1.0806351840701067,4.736000117935749,5.8428614098649145,1.8321420652407963,nan,nan,0,0.9015830235804619,0,832d821e147a649e,21,1.225631518326206,8,0,0,0,nan,-1,0,0
73,553814.599998951,-3811469.1003943384,3566808.188215709,3652665.432468175,0,0,0,0,0,1,1,1.0807229127193578,4.7361796563909,5.6937449792407095,19,3,0.17166137233746512,5.86957827210506,5.16112136486718,0,,0.0,0.0,0,nan,0,0,,0,nan,,0.0,0.0,0,nan,nan,nan,nan,nan,nan,0,0.0,0,nan,nan,3.4237123068651165,0,5.16112136486718,0.901628245277381,0.0,1,1.0807229127193578,4.7361796563909,5.86957827210506,1.8398801572128798,nan,nan,0,0.901628245277381,0,832d821e147a649e,21,1.2255098739543804,8,0,0,0,nan,-1,0,0
74,553814.7999999523,-3811469.1283504013,3566808.217287369,3652665.456551214,0,0,0,0,0,1,1,1.0807324022425795,4.736284394773137,5.739741364493762,19,4,0.17166137233746512,5.904559055478418,5.197854604074341,0,,0.0,0.0,0,nan,0,0,,0,nan,,0.0,0.0,0,nan,nan,nan,nan,nan,nan,0,0.0,0,nan,nan,3.4477476461648684,0,5.197854604074341,0.9016299980104441,0.0,1,1.0807324022425795,4.736284394773137,5.904559055478418,1.8478801402022942,nan,nan,0,0.9016299980104441,0,832d821e147a649e,21,1.2255051696399126,8,0,0,0,nan,-1,0,0
75,553815.0,-3811468.9644313212,3566808.0002683788,3652665.475848125,0,0,0,0,0,1,1,0.9309861886780803,4.675601093460507,5.563605699858875,18,0,0.16723452360142665,5.634140693340448,5.099834147268195,0,,0.0,0.0,0,nan,0,0,,0,nan,,0.0,0.0,0,nan,nan,nan,nan,nan,nan,0,0.0,0,nan,nan,2.8204178771811854,0,5.099834147268195,0.893658760250058,0.0,1,0.9309861886780803,4.675601093460507,5.634140693340448,1.7651404205727586,0.16723452360142665,0.6444207763429423,0,0.893658760250058,0,832d821e147a649e,278,1.2509472774968282,8,12,1,256,2.8204178771811854,214,18,17
76,553815.199999094,-3811468.9626228022,3566807.997926585,3652665.473465487,0,0,0,0,0,1,1,0.9294516932030209,4.67565968882574,5.570540408788409,18,1,0.16723452360142665,5.631694436909621,5.101446395759359,0,,0.0,0.0,0,nan,0,0,,0,nan,,0.0,0.0,0,nan,nan,nan,nan,nan,nan,0,0.0,0,nan,nan,3.382196654417707,0,5.101446395759359,0.948233723496013,0.0,1,0.9294516932030209,4.67565968882574,5.631694436909621,1.7684010070562826,nan,nan,0,0.948233723496013,0,832d821e147a649e,22,1.1111693072759112,8,0,0,0,nan,-1,0,0
77,553815.4000000954,-3811468.961974218,3566807.996615348,3652665.4761489625,0,0,0,0,0,1,1,0.9291107612758283,4.676408838820629,5.574369835415747,18,2,0.16723452360142665,5.6297856190029805,5.100699260331695,0,,0.0,0.0,0,nan,0,0,,0,nan,,0.0,0.0,0,nan,nan,nan,nan,nan,nan,0,0.0,0,nan,nan,3.380122215715775,0,5.100699260331695,0.9486504010868781,0.0,1,0.9291107612758283,4.676408838820629,5.6297856190029805,1.775390432894277,nan,nan,0,0.9486504010868781,0,832d821e147a649e,22,1.1101979947678333,8,0,0,0,nan,-1,0,0
78,553815.599998951,-3811468.965777788,3566807.9991327194,3652665.4802612495,0,0,0,0,0,1,1,0.9289949090065206,4.676461886837134,5.581459481005151,18,3,0.16723452360142665,5.633293496618416,5.104905800976871,0,,0.0,0.0,0,nan,0,0,,0,nan,,0.0,0.0,0,nan,nan,nan,nan,nan,nan,0,0.0,0,nan,nan,3.3827804568267092,0,5.104905800976871,0.948691631108534,0.0,1,0.9289949090065206,4.676461886837134,5.633293496618416,1.7833748257732964,nan,nan,0,0.948691631108534,0,832d821e147a649e,22,1.1101019673441346,8,0,0,0,nan,-1,0,0
79,553815.7999999523,-3811468.9675551504,3566807.998609478,3652665.478977498,0,0,0,0,0,1,1,0.9289686970597136,4.676459792045345,5.581387508215798,18,4,0.16723452360142665,5.634264974908431,5.106109845969,0,,0.0,0.0,0,nan,0,0,,0,nan,,0.0,0.0,0,nan,nan,nan,nan,nan,nan,0,0.0,0,nan,nan,3.3846892916993108,0,5.106109845969,0.9486955194883279,0.0,1,0.9289686970597136,4.676459792045345,5.634264974908431,1.7916271459200621,nan,nan,0,0.9486955194883279,0,832d821e147a649e,22,1.110092911003354,8,0,0,0,nan,-1,0,0
80,553816.0,-3811468.878908008,3566807.8702539033,3652665.593582837,0,0,0,0,0,1,1,0.8114759413094972,4.612557795564986,5.38969395983052,18,0,0.15067004659052766,5.460617008571898,5.06038621229803,0,,0.0,0.0,0,nan,0,0,,0,nan,,0.0,0.0,0,nan,nan,nan,nan,nan,nan,0,0.0,0,nan,nan,2.8190548136592497,0,5.06038621229803,0.916691161661362,0.0,1,0.8114759413094972,4.612557795564986,5.460617008571898,1.7121542298193912,0.15067004659052766,0.48750634448403524,0,0.916691161661362,0,832d821e147a649e,279,1.1897247420472987,8,12,1,256,2.8190548136592497,178,18,17
81,553816.199999094,-3811468.889186431,3566807.880308708,3652665.603812291,0,0,0,0,0,1,1,0.8116080181450774,4.615268548577047,5.415210176595309,18,1,0.15067004659052766,5.472926503892927,5.072791665499068,0,,0.0,0.0,0,nan,0,0,,0,nan,,0.0,0.0,0,nan,nan,nan,nan,nan,nan,0,0.0,0,nan,nan,3.386248666530402,0,5.072791665499068,0.9725009574024265,0.0,1,0.8116080181450774,4.615268548577047,5.472926503892927,1.7155155646892941,nan,nan,0,0.9725009574024265,0,832d821e147a649e,23,1.0571335082333526,8,0,0,0,nan,-1,0,0
82,553816.3999989033,-3811468.902836786,3566807.895093014,3652665.6192629123,0,0,0,0,0,1,1,0.8118130389247471,4.615750569246587,5.440614649113292,18,2,0.15067004659052766,5.490079674497418,5.089853050546238,0,,0.0,0.0,0,nan,0,0,,0,nan,,0.0,0.0,0,nan,nan,nan,nan,nan,nan,0,0.0,0,nan,nan,3.396525270637382,0,5.089853050546238,0.9729203446676437,0.0,1,0.8118130389247471,4.615750569246587,5.490079674497418,1.7227195117517602,nan,nan,0,0.9729203446676437,0,832d821e147a649e,23,1.0562241220573259,8,0,0,0,nan,-1,0,0
83,553816.5999999046,-3811468.909679358,3566807.900495396,3652665.6277586543,0,0,0,0,0,1,1,0.8119170780396655,4.615786825738599,5.452336005349673,18,3,0.15067004659052766,5.497062703441286,5.096983418381805,0,,0.0,0.0,0,nan,0,0,,0,nan,,0.0,0.0,0,nan,nan,nan,nan,nan,nan,0,0.0,0,nan,nan,3.40046894567588,0,5.096983418381805,0.9729694485735128,0.0,1,0.8119170780396655,4.615786825738599,5.497062703441286,1.730947006658849,nan,nan,0,0.9729694485735128,0,832d821e147a649e,23,1.0561177244377444,8,0,0,0,nan,-1,0,0
84,553816.7999999523,-3811468.902958673,3566807.893729498,3652665.6224793,0,0,0,0,0,1,1,0.8119577460953155,4.61576628848136,5.441563480377495,18,4,0.15067004659052766,5.488584600800307,5.088219693479791,0,,0.0,0.0,0,nan,0,0,,0,nan,,0.0,0.0,0,nan,nan,nan,nan,nan,nan,0,0.0,0,nan,nan,3.394694624481196,0,5.088219693479791,0.9729777324191742,0.0,1,0.8119577460953155,4.61576628848136,5.488584600800307,1.7394480273096997,nan,nan,0,0.9729777324191742,0,832d821e147a649e,23,1.056099776394723,8,0,0,0,nan,-1,0,0
85,553817.0,-3811468.8169170558,3566807.7924411534,3652665.732098982,0,0,0,0,0,1,1,0.7519434699851102,4.594390150378212,5.294819844578226,19,0,0.16129119387086358,5.33972507027378,5.037014344956131,0,,0.0,0.0,0,nan,0,0,,0,nan,,0.0,0.0,0,nan,nan,nan,nan,nan,nan,0,0.0,0,nan,nan,2.783585518577012,0,5.037014344956131,0.926749923827679,0.0,1,0.7519434699851102,4.594390150378212,5.33972507027378,1.6605523074598696,0.16129119387086358,0.3482728961220111,0,0.926749923827679,0,832d821e147a649e,279,1.164224655253791,8,12,1,256,2.783585518577012,170,19,17
86,553817.199999094,-3811468.789584278,3566807.765068103,3652665.7043454917,0,0,0,0,0,1,1,0.7531771220693497,4.592884091350073,5.241449213974157,19,1,0.16129119387086358,5.306002063462841,5.001111311510617,0,,0.0,0.0,0,nan,0,0,,0,nan,,0.0,0.0,0,nan,nan,nan,nan,nan,nan,0,0.0,0,nan,nan,3.3470841841781103,0,5.001111311510617,0.9833335310855368,0.0,1,0.7531771220693497,4.592884091350073,5.306002063462841,1.664017975913443,nan,nan,0,0.9833335310855368,0,832d821e147a649e,23,1.034127178726564,8,0,0,0,nan,-1,0,0
87,553817.3999989033,-3811468.7791701336,3566807.7530020396,3652665.6942558023,0,0,0,0,0,1,1,0.7527652812182154,4.594153447226118,5.227438423879993,19,2,0.16129119387086358,5.291895731050397,4.987943240639141,0,,0.0,0.0,0,nan,0,0,,0,nan,,0.0,0.0,0,nan,nan,nan,nan,nan,nan,0,0.0,0,nan,nan,3.340868281584799,0,4.987943240639141,0.9837838003000955,0.0,1,0.7527652812182154,4.594153447226118,5.291895731050397,1.6714439156460614,nan,nan,0,0.9837838003000955,0,832d821e147a649e,23,1.0331817360816473,8,0,0,0,nan,-1,0,0
88,553817.5999999046,-3811468.777137907,3566807.7511370927,3652665.6918531856,0,0,0,0,0,1,1,0.7527536869413033,4.594230631294934,5.224177145156627,19,3,0.16129119387086358,5.289586413029958,4.985647701276646,0,,0.0,0.0,0,nan,0,0,,0,nan,,0.0,0.0,0,nan,nan,nan,nan,nan,nan,0,0.0,0,nan,nan,3.3398789846900203,0,4.985647701276646,0.983825254081232,0.0,1,0.7527536869413033,4.594230631294934,5.289586413029958,1.6799225601746655,nan,nan,0,0.983825254081232,0,832d821e147a649e,23,1.0330947582945413,8,0,0,0,nan,-1,0,0
89,553817.7999999523,-3811468.7767216642,3566807.7499405225,3652665.6927631916,0,0,0,0,0,1,1,0.7527600757251578,4.594272984750182,5.224023634889864,19,4,0.16129119387086358,5.288271008541489,4.984392810638816,0,,0.0,0.0,0,nan,0,0,,0,nan,,0.0,0.0,0,nan,nan,nan,nan,nan,nan,0,0.0,0,nan,nan,3.3387352000209263,0,4.984392810638816,0.9838295132277316,0.0,1,0.7527600757251578,4.594272984750182,5.288271008541489,1.6886804655036185,nan,nan,0,0.9838295132277316,0,832d821e147a649e,23,1.0330858224071575,8,0,0,0,nan,-1,0,0
90,553818.0,-3811468.7353828726,3566807.691360277,3652665.845512674,0,0,0,0,0,1,1,0.7109541630504395,4.532543709320645,5.072363734970376,18,0,0.11031835963790779,5.194834180173555,5.027060811771016,0,,0.0,0.0,0,nan,0,0,,0,nan,,0.0,0.0,0,nan,nan,nan,nan,nan,nan,0,0.0,0,nan,nan,2.572869321894572,0,5.027060811771016,0.9323629377620435,0.0,1,0.7109541630504395,4.532543709320645,5.194834180173555,1.6144343408829938,0.11031835963790779,0.3497947379215988,0,0.9323629377620435,0,832d821e147a649e,279,1.1502998835919789,8,12,1,256,2.572869321894572,249,18,17
91,553818.199999094,-3811468.7391064353,3566807.6956073996,3652665.849251501,0,0,0,0,0,1,1,0.7126404753616411,4.5312498118077,5.069550064158991,18,1,0.11031835963790779,5.199922486511884,5.029040618829765,0,,0.0,0.0,0,nan,0,0,,0,nan,,0.0,0.0,0,nan,nan,nan,nan,nan,nan,0,0.0,0,nan,nan,3.3726565820384757,0,5.029040618829765,0.9891200790732403,0.0,1,0.7126404753616411,4.5312498118077,5.199922486511884,1.6179992590076882,nan,nan,0,0.9891200790732403,0,832d821e147a649e,23,1.0221032466698803,8,0,0,0,nan,-1,0,0
92,553818.3999989033,-3811468.74180484,3566807.696229558,3652665.8534990577,0,0,0,0,0,1,1,0.7128537653883289,4.531773473172463,5.073472589110489,18,2,0.11031835963790779,5.201547054065843,5.0303739004674295,0,,0.0,0.0,0,nan,0,0,,0,nan,,0.0,0.0,0,nan,nan,nan,nan,nan,nan,0,0.0,0,nan,nan,3.3728201894650787,0,5.0303739004674295,0.9895137638559962,0.0,1,0.7128537653883289,4.531773473172463,5.201547054065843,1.6256355387093915,nan,nan,0,0.9895137638559962,0,832d821e147a649e,23,1.0212906373531152,8,0,0,0,nan,-1,0,0
93,553818.5999999046,-3811468.7435135636,3566807.6972454316,3652665.8559057238,0,0,0,0,0,1,1,0.7129422823613822,4.531731814965182,5.076054612069313,18,3,0.11031835963790779,5.203086526608415,5.031764307598421,0,,0.0,0.0,0,nan,0,0,,0,nan,,0.0,0.0,0,nan,nan,nan,nan,nan,nan,0,0.0,0,nan,nan,3.373397453344893,0,5.031764307598421,0.9895511831281871,0.0,1,0.7129422823613822,4.531731814965182,5.203086526608415,1.6343518753605377,nan,nan,0,0.9895511831281871,0,832d821e147a649e,23,1.0212134486964313,8,0,0,0,nan,-1,0,0
94,553818.7999999523,-3811468.744718246,3566807.6983538847,3652665.855421672,0,0,0,0,0,1,1,0.7129698846495884,4.531715251805892,5.076747743709925,18,4,0.11031835963790779,5.204760967274487,5.033409871537644,0,,0.0,0.0,0,nan,0,0,,0,nan,,0.0,0.0,0,nan,nan,nan,nan,nan,nan,0,0.0,0,nan,nan,3.374947242938395,0,5.033409871537644,0.9895549416197872,0.0,1,0.7129698846495884,4.531715251805892,5.204760967274487,1.6433526676771246,nan,nan,0,0.9895549416197872,0,832d821e147a649e,23,1.0212056961297173,8,0,0,0,nan,-1,0,0
95,553819.0,-3811468.636547822,3566807.554884948,3652665.9106425443,0,0,0,0,0,1,1,0.6687975340027994,4.457705585312938,4.890138159597874,18,0,0.09650807870128013,5.019691785494193,5.034454630610054,0,,0.0,0.0,0,nan,0,0,,0,nan,,0.0,0.0,0,nan,nan,nan,nan,nan,nan,0,0.0,0,nan,nan,2.095751175833664,0,5.034454630610054,0.9351460945474137,0.0,1,0.6687975340027994,4.457705585312938,5.019691785494193,1.5710678464020085,0.09650807870128013,0.27321485315356214,0,0.9351460945474137,0,832d821e147a649e,280,1.1434764585846164,8,12,1,256,2.095751175833664,249,18,17
96,553819.199999094,-3811468.636808119,3566807.5548408963,3652665.9143909067,0,0,0,0,0,1,1,0.6683745211203806,4.457375508848591,4.893977517305169,18,1,0.09650807870128013,5.019348060966175,5.034845582095686,0,,0.0,0.0,0,nan,0,0,,0,nan,,0.0,0.0,0,nan,nan,nan,nan,nan,nan,0,0.0,0,nan,nan,2.1861351693497384,0,5.034845582095686,0.991897926772338,0.0,1,0.6683745211203806,4.457375508848591,5.019348060966175,1.5747309510157785,nan,nan,0,0.991897926772338,1,832d821e147a649e,24,1.0163966355310479,8,0,0,0,nan,-1,0,0
97,553819.3999989033,-3811468.6387844095,3566807.555983467,3652665.918199778,0,0,0,0,0,1,1,0.6682649685711489,4.457098048254389,4.898568483565775,18,2,0.09650807870128013,5.0209986749369175,5.036699795555724,0,,0.0,0.0,0,nan,0,0,,0,nan,,0.0,0.0,0,nan,nan,nan,nan,nan,nan,0,0.0,0,nan,nan,2.190190623634545,0,5.036699795555724,0.9922661879032963,0.0,1,0.6682649685711489,4.457098048254389,5.0209986749369175,1.5825760258817991,nan,nan,0,0.9922661879032963,2,832d821e147a649e,24,1.015642779821722,8,0,0,0,nan,-1,0,0
98,553819.5999999046,-3811468.6393151586,3566807.556565854,3652665.922912061,0,1,0,0,0,1,1,0.6682359416176256,4.457111514837429,4.902479296001756,18,3,0.09650807870128013,5.021187289397074,5.036802538555821,0,,0.0,0.0,0,nan,0,0,,0,nan,,0.0,0.0,0,nan,nan,nan,nan,nan,nan,0,0.0,0,nan,nan,2.193222514416866,0,5.036802538555821,0.9923019079830132,0.0,1,0.6682359416176256,4.457111514837429,5.021187289397074,1.5915282050527608,nan,nan,0,0.9923019079830132,3,832d821e147a649e,24,1.0155697016484446,8,0,0,0,nan,-1,0,0
99,553819.7999999523,-3811468.641817714,3566807.556025829,3652665.9311662726,0,1,0,0,0,1,1,0.6682244922382197,4.457125942281282,4.909242387919663,18,4,0.09650807870128013,5.021359757160374,5.037046937107847,0,,0.0,0.0,0,nan,0,0,,0,nan,,0.0,0.0,0,nan,nan,nan,nan,nan,nan,0,0.0,0,nan,nan,2.1983231259463847,0,5.037046937107847,0.9923056031443346,0.0,1,0.6682244922382197,4.457125942281282,5.021359757160374,1.600769804175733,nan,nan,0,0.9923056031443346,4,832d821e147a649e,24,1.0155621423149035,8,0,0,0,nan,-1,0,0
100,553820.0,-3811468.5541079477,3566807.437510714,3652665.968508439,0,0,0,0,0,1,1,0.6762261677682686,4.409679204365995,4.730786090350278,18,0,0.08261153489824674,4.870813625953213,5.036108659911427,0,,0.0,0.0,0,nan,0,0,,0,nan,,0.0,0.0,0,nan,nan,nan,nan,nan,nan,0,0.0,0,nan,nan,2.0732496718214253,0,5.036108659911427,0.9364388335824965,0.0,1,0.6762261677682686,4.409679204365995,4.870813625953213,1.5301583551075884,0.08261153489824674,0.2516350132432009,0,0.9364388335824965,0,832d821e147a649e,281,1.1403250393647908,8,12,1,256,2.0732496718214253,233,18,17
101,553820.199999094,-3811468.5551112634,3566807.4387408583,3652665.9705805383,0,0,0,0,0,1,1,0.6761504220491049,4.411876345066441,4.737012736466261,18,1,0.08261153489824674,4.872141507085222,5.038321048503159,0,,0.0,0.0,0,nan,0,0,,0,nan,,0.0,0.0,0,nan,nan,nan,nan,nan,nan,0,0.0,0,nan,nan,2.196688116044914,0,5.038321048503159,0.9932102009690017,0.0,1,0.6761504220491049,4.411876345066441,4.872141507085222,1.5339193345582653,nan,nan,0,0.9932102009690017,1,832d821e147a649e,25,1.0137151013950083,8,0,0,0,nan,-1,0,0
102,553820.3999989033,-3811468.554467566,3566807.438987627,3652665.970344634,0,0,0,0,0,1,1,0.6761959027205757,4.411850358725912,4.736208478639028,18,2,0.08261153489824674,4.871941036236305,5.038009025574709,0,,0.0,0.0,0,nan,0,0,,0,nan,,0.0,0.0,0,nan,nan,nan,nan,nan,nan,0,0.0,0,nan,nan,2.196105340570867,0,5.038009025574709,0.9935752966902593,0.0,1,0.6761959027205757,4.411850358725912,4.871941036236305,1.5419721028542017,nan,nan,0,0.9935752966902593,2,832d821e147a649e,25,1.012970655312221,8,0,0,0,nan,-1,0,0
103,553820.5999999046,-3811468.566214731,3566807.449401112,3652665.982010112,0,1,0,0,0,1,1,0.6761693183965483,4.412049970234341,4.756360157979746,18,3,0.08261153489824674,4.886003146619511,5.051925393697794,0,,0.0,0.0,0,nan,0,0,,0,nan,,0.0,0.0,0,nan,nan,nan,nan,nan,nan,0,0.0,0,nan,nan,2.216369600263959,0,5.051925393697794,0.9936082271565906,0.0,1,0.6761693183965483,4.412049970234341,4.886003146619511,1.5511586485323297,nan,nan,0,0.9936082271565906,3,832d821e147a649e,25,1.0129035477699624,8,0,0,0,nan,-1,0,0
104,553820.7999999523,-3811468.580364131,3566807.4643471627,3652665.9947485225,0,1,0,0,0,1,1,0.6761690368646103,4.412063136506621,4.780039635860467,18,4,0.08261153489824674,4.904954528168594,5.070306200719446,0,,0.0,0.0,0,nan,0,0,,0,nan,,0.0,0.0,0,nan,nan,nan,nan,nan,nan,0,0.0,0,nan,nan,2.240518998015495,0,5.070306200719446,0.9936117220410703,0.0,1,0.6761690368646103,4.412063136506621,4.904954528168594,1.560639325014739,nan,nan,0,0.9936117220410703,4,832d821e147a649e,25,1.0128964260782718,8,0,0,0,nan,-1,0,0
105,553821.0,-3811468.4539604494,3566807.306149873,3652666.019897038,0,0,0,0,0,1,1,0.7295538793588456,4.354038727240282,4.575131479767411,19,0,0.10109941856354684,4.701028825705114,5.048022289734755,0,,0.0,0.0,0,nan,0,0,,0,nan,,0.0,0.0,0,nan,nan,nan,nan,nan,nan,0,0.0,0,nan,nan,1.8093685922811815,0,5.048022289734755,0.9357813016059919,0.0,1,0.7295538793588456,4.354038727240282,4.701028825705114,1.4898935554101393,0.10109941856354684,0.22508718476253217,0,0.9357813016059919,0,832d821e147a649e,282,1.141924196319245,8,12,1,256,1.8093685922811815,200,19,17
106,553821.199999094,-3811468.463041869,3566807.315766122,3652666.0304021374,0,0,0,0,0,1,1,0.7295724753084928,4.355361360772821,4.598205726212484,19,1,0.10109941856354684,4.712981367175279,5.061587369804546,0,,0.0,0.0,0,nan,0,0,,0,nan,,0.0,0.0,0,nan,nan,nan,nan,nan,nan,0,0.0,0,nan,nan,2.2301515551290567,0,5.061587369804546,0.9928024949951557,0.0,1,0.7295724753084928,4.355361360772821,4.712981367175279,1.493755958423994,nan,nan,0,0.9928024949951557,1,832d821e147a649e,26,1.0145468040850005,8,0,0,0,nan,-1,0,0
107,553821.3999989033,-3811468.4721323354,3566807.3232537475,3652666.0398862143,0,0,0,0,0,1,1,0.7295783897360993,4.355225784119557,4.613731244953801,19,2,0.10109941856354684,4.723474482020924,5.072080440912218,0,,0.0,0.0,0,nan,0,0,,0,nan,,0.0,0.0,0,nan,nan,nan,nan,nan,nan,0,0.0,0,nan,nan,2.244811839194574,0,5.072080440912218,0.9931970862424047,0.0,1,0.7295783897360993,4.355225784119557,4.723474482020924,1.5020240791443242,nan,nan,0,0.9931970862424047,2,832d821e147a649e,26,1.0137413570871392,8,0,0,0,nan,-1,0,0
108,553821.5999999046,-3811468.487521388,3566807.33707183,3652666.0585040287,0,1,0,0,0,1,1,0.7295855225297303,4.355378804219951,4.642317865016059,19,3,0.10109941856354684,4.741889378283319,5.090033803625431,0,,0.0,0.0,0,nan,0,0,,0,nan,,0.0,0.0,0,nan,nan,nan,nan,nan,nan,0,0.0,0,nan,nan,2.272342501254779,0,5.090033803625431,0.993235313497905,0.0,1,0.7295855225297303,4.355378804219951,4.741889378283319,1.5114534494126786,nan,nan,0,0.993235313497905,3,832d821e147a649e,26,1.0136633763091507,8,0,0,0,nan,-1,0,0
109,553821.7999999523,-3811468.498966446,3566807.3479712936,3652666.0694378703,0,1,0,0,0,1,1,0.7295858274202006,4.355341846369426,4.661247801351581,19,4,0.10109941856354684,4.756408538925942,5.104115436848004,0,,0.0,0.0,0,nan,0,0,,0,nan,,0.0,0.0,0,nan,nan,nan,nan,nan,nan,0,0.0,0,nan,nan,2.2912222009248002,0,5.104115436848004,0.993239307928053,0.0,1,0.7295858274202006,4.355341846369426,4.756408538925942,1.5211816072400826,nan,nan,0,0.993239307928053,4,832d821e147a649e,26,1.0136552284890208,8,0,0,0,nan,-1,0,0
110,553822.0,-3811468.366795978,3566807.1951820585,3652666.079515507,0,0,0,0,0,1,1,0.8078349881233252,4.3158557272688025,4.513442818290191,19,0,0.09580900580672519,4.554417796108927,5.05627968925847,0,,0.0,0.0,0,nan,0,0,,0,nan,,0.0,0.0,0,nan,nan,nan,nan,nan,nan,0,0.0,0,nan,nan,1.5279381483269947,0,5.05627968925847,0.9345732396008527,0.0,1,0.8078349881233252,4.3158557272688025,4.554417796108927,1.4518613891260537,0.09580900580672519,0.23458075987996396,0,0.9345732396008527,0,832d821e147a649e,283,1.1448694561865214,8,12,1,256,1.78772871727633,256,19,17
111,553822.199999094,-3811468.396445469,3566807.224230911,3652666.1126333876,0,0,0,0,0,1,1,0.8086174788883643,4.315924172532679,4.579754089202728,19,1,0.09580900580672519,4.592267392438219,5.09652048834402,0,,0.0,0.0,0,nan,0,0,,0,nan,,0.0,0.0,0,nan,nan,nan,nan,nan,nan,0,0.0,0,nan,nan,1.4809990730559077,0,5.09652048834402,0.9916415035499769,0.0,1,0.8086174788883643,4.315924172532679,4.592267392438219,1.4558249861039145,nan,nan,0,0.9916415035499769,1,832d821e147a649e,27,1.0169193572207447,8,0,0,0,nan,-1,0,0
112,553822.3999989033,-3811468.433035671,3566807.2606027587,3652666.149549613,0,0,0,0,0,1,1,0.808772198776006,4.315920342804782,4.645149069337984,19,2,0.09580900580672519,4.640125253966821,5.1432890143704695,0,,0.0,0.0,0,nan,0,0,,0,nan,,0.0,0.0,0,nan,nan,nan,nan,nan,nan,0,0.0,0,nan,nan,1.4311012377773789,0,5.1432890143704695,0.9920559454302952,0.0,1,0.808772198776006,4.315920342804782,4.640125253966821,1.464307366794698,nan,nan,0,0.9920559454302952,2,832d821e147a649e,27,1.016070674039355,8,0,0,0,nan,-1,0,0
113,553822.5999999046,-3811468.495169431,3566807.3239307012,3652666.2178813745,0,1,0,0,0,1,1,0.8088998685033715,4.316274971011098,4.758861840996554,19,3,0.09580900580672519,4.72301200125036,5.223169819807076,0,,0.0,0.0,0,nan,0,0,,0,nan,,0.0,0.0,0,nan,nan,nan,nan,nan,nan,0,0.0,0,nan,nan,1.349285743509572,0,5.223169819807076,0.9920854229514758,0.0,1,0.8088998685033715,4.316274971011098,4.72301200125036,1.4739780586275537,nan,nan,0,0.9920854229514758,3,832d821e147a649e,27,1.0160103494331578,8,0,0,0,nan,-1,0,0
114,553822.7999999523,-3811468.5736154537,3566807.399910786,3652666.298941172,0,1,0,0,0,1,1,0.8089260487128197,4.316295906265024,4.894133650654775,19,4,0.09580900580672519,4.8266094848585706,5.32290986231348,0,,0.0,0.0,0,nan,0,0,,0,nan,,0.0,0.0,0,nan,nan,nan,nan,nan,nan,0,0.0,0,nan,nan,1.2588528525837417,0,5.32290986231348,0.9920875468278174,0.0,1,0.8089260487128197,4.316295906265024,4.8266094848585706,1.4839519154548166,nan,nan,0,0.9920875468278174,4,832d821e147a649e,27,1.0160060031405793,8,0,0,0,nan,-1,0,0
115,553823.0,-3811468.3071210613,3566807.122528986,3652666.160279836,0,0,0,0,0,1,1,0.9181065448727869,4.340698353864001,4.856889811956668,19,0,0.07818896748069047,4.453110749404401,5.134854551641083,0,,0.0,0.0,0,nan,0,0,,0,nan,,0.0,0.0,0,nan,nan,nan,nan,nan,nan,0,0.0,0,nan,nan,1.4696031940892498,0,5.134854551641083,0.9315856355521211,0.0,1,0.9181065448727869,4.340698353864001,4.453110749404401,1.4158440950765059,0.07818896748069047,0.5499291585600596,0,0.9315856355521211,0,832d821e147a649e,283,1.1521960028873766,8,12,1,256,2.3133804586570004,251,19,17
116,553823.199999094,-3811468.35837787,3566807.175700028,3652666.2083267174,0,0,0,0,0,1,1,0.9252535294432007,4.343344524541155,4.987374587346828,19,1,0.07818896748069047,4.52266282746532,5.218202002717253,0,,0.0,0.0,0,nan,0,0,,0,nan,,0.0,0.0,0,nan,nan,nan,nan,nan,nan,0,0.0,0,nan,nan,1.3809379365872727,0,5.218202002717253,0.9888896796635692,0.0,1,0.9252535294432007,4.343344524541155,4.52266282746532,1.4199083665795802,nan,nan,0,0.9888896796635692,0,832d821e147a649e,27,1.0225704443062162,8,0,0,0,nan,-1,0,0
117,553823.3999989033,-3811468.433264046,3566807.25222931,3652666.2826369973,0,0,0,0,0,1,1,0.9270586875855734,4.344607398460745,5.127727183479904,19,2,0.07818896748069047,4.624302905662867,5.320211969209801,0,,0.0,0.0,0,nan,0,0,,0,nan,,0.0,0.0,0,nan,nan,nan,nan,nan,nan,0,0.0,0,nan,nan,1.2815890796486655,0,5.320211969209801,0.9893335611951097,0.0,1,0.9270586875855734,4.344607398460745,4.624302905662867,1.428604050663526,nan,nan,0,0.9893335611951097,0,832d821e147a649e,27,1.0216545082736472,8,0,0,0,nan,-1,0,0
118,553823.5999999046,-3811468.526425609,3566807.342732031,3652666.378323031,0,0,0,0,0,1,1,0.9276667872595504,4.3451239724407,5.2919738973191155,19,3,0.07818896748069047,4.749034182664432,5.4419973802716335,0,,0.0,0.0,0,nan,0,0,,0,nan,,0.0,0.0,0,nan,nan,nan,nan,nan,nan,0,0.0,0,nan,nan,1.1785133701921422,0,5.4419973802716335,0.9893683210181107,0.0,1,0.9276667872595504,4.3451239724407,4.749034182664432,1.4393613695508036,nan,nan,0,0.9893683210181107,0,832d821e147a649e,27,1.0215828328387402,8,0,0,0,nan,-1,0,0
119,553823.7999999523,-3811468.626168303,3566807.4400163204,3652666.4852314456,0,0,0,0,0,1,1,0.9278470859798186,4.345275466491938,5.4679409752809,19,4,0.07818896748069047,4.885182020055159,5.573637370888691,0,,0.0,0.0,0,nan,0,0,,0,nan,,0.0,0.0,0,nan,nan,nan,nan,nan,nan,0,0.0,0,nan,nan,1.0872466065470558,0,5.573637370888691,0.9893726280446324,0.0,1,0.9278470859798186,4.345275466491938,4.885182020055159,1.4513607916494302,nan,nan,0,0.9893726280446324,0,832d821e147a649e,27,1.021573952167929,8,0,0,0,nan,-1,0,0
120,553824.0,-3811468.259865396,3566807.0599575657,3652666.3579538884,0,0,0,0,0,1,1,1.0682100016330702,4.491603224792344,5.4538701772375715,19,0,0.08988941241842627,4.361917432117349,5.2010725855279,0,,0.0,0.0,0,nan,0,0,,0,nan,,0.0,0.0,0,nan,nan,nan,nan,nan,nan,0,0.0,0,nan,nan,1.368240749008009,0,5.2010725855279,0.9124602916924138,0.0,1,1.0682100016330702,4.491603224792344,4.361917432117349,1.373252962372899,0.08988941241842627,0.7202377201934707,3,0.9124602916924138,0,832d821e147a649e,283,1.2006292117839752,8,12,1,256,3.1648606649261373,168,19,17
121,553824.199999094,-3811468.3186313105,3566807.114591428,3652666.4297831175,0,0,0,0,0,1,1,1.075914033327306,4.499881347479316,5.61549863522789,19,1,0.08988941241842627,4.439043102720355,5.290053270566765,0,,0.0,0.0,0,nan,0,0,,0,nan,,0.0,0.0,0,nan,nan,nan,nan,nan,nan,0,0.0,0,nan,nan,1.2816738233503122,0,5.290053270566765,0.9698380824009346,0.0,1,1.075914033327306,4.499881347479316,4.439043102720355,1.3775673270551245,nan,nan,0,0.9698380824009346,0,832d821e147a649e,27,1.0628673327265816,8,0,0,0,nan,-1,0,0
122,553824.3999989033,-3811468.4017194808,3566807.191496991,3652666.5269679357,0,0,0,0,0,1,1,1.0777641666255187,4.502797063977936,5.77867702660189,19,2,0.08988941241842627,4.549974274877567,5.398168499214294,0,,0.0,0.0,0,nan,0,0,,0,nan,,0.0,0.0,0,nan,nan,nan,nan,nan,nan,0,0.0,0,nan,nan,1.1952560012304603,0,5.398168499214294,0.9704333666726667,0.0,1,1.0777641666255187,4.502797063977936,4.549974274877567,1.3865624694209557,nan,nan,0,0.9704333666726667,0,832d821e147a649e,27,1.0615700644915018,8,0,0,0,nan,-1,0,0
123,553824.5999999046,-3811468.469013541,3566807.2541610976,3652666.6065085335,0,0,0,0,0,1,1,1.0781008312167035,4.5032124431490725,5.902634963983915,19,3,0.08988941241842627,4.641685113627941,5.484953354499736,0,,0.0,0.0,0,nan,0,0,,0,nan,,0.0,0.0,0,nan,nan,nan,nan,nan,nan,0,0.0,0,nan,nan,1.1390421978930012,0,5.484953354499736,0.9705291263147349,0.0,1,1.0781008312167035,4.5032124431490725,4.641685113627941,1.396781349938426,nan,nan,0,0.9705291263147349,0,832d821e147a649e,27,1.0613618609155933,8,0,0,0,nan,-1,0,0
124,553824.7999999523,-3811468.5337115326,3566807.315192017,3652666.679677825,0,0,0,0,0,1,1,1.0782407293465965,4.503408256807512,6.018655124037361,19,4,0.08988941241842627,4.731626776497732,5.5699213000646575,0,,0.0,0.0,0,nan,0,0,,0,nan,,0.0,0.0,0,nan,nan,nan,nan,nan,nan,0,0.0,0,nan,nan,1.0932486591696584,0,5.5699213000646575,0.9705368750604391,0.0,1,1.0782407293465965,4.503408256807512,4.731626776497732,1.407305432486407,nan,nan,0,0.9705368750604391,0,832d821e147a649e,27,1.0613450088666325,8,0,0,0,nan,-1,0,0
125,553825.0,-3811468.213257993,3566806.992953297,3652666.4700697195,0,0,0,0,0,1,1,1.167198144363285,4.713873578784786,5.890272139779201,18,0,0.08969191766896357,4.277212282198917,5.189731939067447,0,,0.0,0.0,0,nan,0,0,,0,nan,,0.0,0.0,0,nan,nan,nan,nan,nan,nan,0,0.0,0,nan,nan,1.356400042918161,0,5.189731939067447,0.8495794961836772,0.0,1,1.167198144363285,4.713873578784786,4.277212282198917,1.341081887224252,0.08969191766896357,0.5287017041840866,1,0.8495794961836772,0,832d821e147a649e,283,1.3799067922039918,8,12,1,256,3.539182474286541,242,18,17
126,553825.199999094,-3811468.215952453,3566806.9975593677,3652666.470325392,0,0,0,0,0,1,1,1.1717135302457178,4.7295288818243355,5.949408345863716,18,1,0.08969191766896357,4.282452446087192,5.208831876989995,0,,0.0,0.0,0,nan,0,0,,0,nan,,0.0,0.0,0,nan,nan,nan,nan,nan,nan,0,0.0,0,nan,nan,1.3321050985068634,0,5.208831876989995,0.9029396856265429,0.0,1,1.1717135302457178,4.7295288818243355,4.282452446087192,1.345371540844225,nan,nan,0,0.9029396856265429,0,832d821e147a649e,27,1.221911606150849,8,0,0,0,nan,-1,0,0
127,553825.3999989033,-3811468.238187265,3566807.0211028242,3652666.4891943247,0,0,0,0,0,1,1,1.172518147390032,4.732478612757794,5.99605464083504,18,2,0.08969191766896357,4.314483734331186,5.241124866746967,0,,0.0,0.0,0,nan,0,0,,0,nan,,0.0,0.0,0,nan,nan,nan,nan,nan,nan,0,0.0,0,nan,nan,1.3001897604934738,0,5.241124866746967,0.9037851222645654,0.0,1,1.172518147390032,4.732478612757794,4.314483734331186,1.354545942352799,nan,nan,0,0.9037851222645654,0,832d821e147a649e,27,1.2196653091552603,8,0,0,0,nan,-1,0,0
128,553825.5999999046,-3811468.261695421,3566807.0505434126,3652666.5058137137,0,0,0,0,0,1,1,1.1727545090116616,4.733381037016777,6.038101056480596,18,3,0.08969191766896357,4.351916627772232,5.2769645401616625,0,,0.0,0.0,0,nan,0,0,,0,nan,,0.0,0.0,0,nan,nan,nan,nan,nan,nan,0,0.0,0,nan,nan,1.2650500314104784,0,5.2769645401616625,0.9038680001448978,0.0,1,1.1727545090116616,4.733381037016777,4.351916627772232,1.3649945563252466,nan,nan,0,0.9038680001448978,0,832d821e147a649e,27,1.2194454442379128,8,0,0,0,nan,-1,0,0
129,553825.7999999523,-3811468.278472328,3566807.074131695,3652666.5131957456,0,0,0,0,0,1,1,1.1728128812780916,4.733653837329041,6.065133181303713,18,4,0.08969191766896357,4.3806593548427015,5.304493008072085,0,,0.0,0.0,0,nan,0,0,,0,nan,,0.0,0.0,0,nan,nan,nan,nan,nan,nan,0,0.0,0,nan,nan,1.237797829217633,0,5.304493008072085,0.9038925334210927,0.0,1,1.1728128812780916,4.733653837329041,4.3806593548427015,1.3757587604714319,nan,nan,0,0.9038925334210927,0,832d821e147a649e,27,1.2193807698242025,8,0,0,0,nan,-1,0,0
130,553826.0,-3811468.1517025777,3566806.937944159,3652666.5636500316,0,0,0,0,0,1,1,1.2612035720638102,4.78399376649643,5.915966385510824,19,0,0.10437133364055624,4.194577476519986,5.100882706082317,0,,0.0,0.0,0,nan,0,0,,0,nan,,0.0,0.0,0,nan,nan,nan,nan,nan,nan,0,0.0,0,nan,nan,1.4291820614581192,0,5.100882706082317,0.7214952306622333,0.0,1,1.2612035720638102,4.78399376649643,4.194577476519986,1.3114539874734326,0.10437133364055624,0.11782175146010418,0,0.7214952306622333,0,832d821e147a649e,284,1.854999500165195,8,12,1,256,3.5394454650897025,236,19,17
131,553826.199999094,-3811468.159587029,3566806.949774481,3652666.568268415,0,0,0,0,0,1,1,1.2615943448741709,4.79161787582243,5.945868363315383,19,1,0.10437133364055624,4.208702179491958,5.113640835477461,0,,0.0,0.0,0,nan,0,0,,0,nan,,0.0,0.0,0,nan,nan,nan,nan,nan,nan,0,0.0,0,nan,nan,1.413774717718058,0,5.113640835477461,0.7667175962339474,0.0,1,1.2615943448741709,4.79161787582243,4.208702179491958,1.3158415864574493,nan,nan,0,0.7667175962339474,0,832d821e147a649e,28,1.6438142798695057,8,0,0,0,nan,-1,0,0
132,553826.3999989033,-3811468.1752835745,3566806.9684575084,3652666.582082078,0,0,0,0,0,1,1,1.2616354030705303,4.793055349455609,5.975879376587724,19,2,0.10437133364055624,4.233177470332,5.135176644408142,0,,0.0,0.0,0,nan,0,0,,0,nan,,0.0,0.0,0,nan,nan,nan,nan,nan,nan,0,0.0,0,nan,nan,1.3906665002371381,0,5.135176644408142,0.7673187017937589,0.0,1,1.2616354030705303,4.793055349455609,4.233177470332,1.3252205081739585,nan,nan,0,0.7673187017937589,0,832d821e147a649e,28,1.6413780224004832,8,0,0,0,nan,-1,0,0
133,553826.5999999046,-3811468.186702761,3566806.98243011,3652666.5923306453,0,0,0,0,0,1,1,1.261633631752574,4.793389285697922,5.996578759226646,19,3,0.10437133364055624,4.251301327647518,5.151221117368669,0,,0.0,0.0,0,nan,0,0,,0,nan,,0.0,0.0,0,nan,nan,nan,nan,nan,nan,0,0.0,0,nan,nan,1.3737191229769026,0,5.151221117368669,0.7674087124702693,0.0,1,1.261633631752574,4.793389285697922,4.251301327647518,1.335898510189637,nan,nan,0,0.7674087124702693,0,832d821e147a649e,28,1.6410197446129946,8,0,0,0,nan,-1,0,0
134,553826.7999999523,-3811468.1878019567,3566806.985637567,3652666.589243545,0,0,0,0,0,1,1,1.2616303452533295,4.793433901262766,5.996847591735163,19,4,0.10437133364055624,4.254421475626382,5.154485078022504,0,,0.0,0.0,0,nan,0,0,,0,nan,,0.0,0.0,0,nan,nan,nan,nan,nan,nan,0,0.0,0,nan,nan,1.370341551390104,0,5.154485078022504,0.7674355617507864,0.0,1,1.2616303452533295,4.793433901262766,4.254421475626382,1.3468952651177057,nan,nan,0,0.7674355617507864,0,832d821e147a649e,28,1.6409151886593687,8,0,0,0,nan,-1,0,0
135,553827.0,-3811468.111643901,3566806.9077284085,3652666.6593171554,0,0,0,0,0,1,1,1.348668829349112,4.7800918475200325,5.852315110497573,19,0,0.09857460373214366,4.146925816126614,5.047532272749055,0,,0.0,0.0,0,nan,0,0,,0,nan,,0.0,0.0,0,nan,nan,nan,nan,nan,nan,0,0.0,0,nan,nan,1.475975292760844,0,5.047532272749055,0.5456268584190243,0.0,1,1.348668829349112,4.7800918475200325,4.146925816126614,1.2831498675486563,0.09857460373214366,0.09671186119271143,0,0.5456268584190243,0,832d821e147a649e,285,2.7648623008777347,8,12,1,256,3.530854225962781,218,19,17
136,553827.199999094,-3811468.0940148463,3566806.8905580505,3652666.641000069,0,0,0,0,0,1,1,1.3481545889997089,4.781028637201048,5.821861451540427,19,1,0.09857460373214366,4.121989119095179,5.02368770702206,0,,0.0,0.0,0,nan,0,0,,0,nan,,0.0,0.0,0,nan,nan,nan,nan,nan,nan,0,0.0,0,nan,nan,1.5014325800630384,0,5.02368770702206,0.579943866218041,0.0,1,1.3481545889997089,4.781028637201048,4.121989119095179,1.287633609556804,nan,nan,0,0.579943866218041,0,832d821e147a649e,29,2.4526161700722815,8,0,0,0,nan,-1,0,0
137,553827.3999989033,-3811468.078006212,3566806.8730734205,3652666.6263896944,0,0,0,0,0,1,1,1.348023304749841,4.7817747549343395,5.795875092548235,19,2,0.09857460373214366,4.098010376793993,5.002384136783135,0,,0.0,0.0,0,nan,0,0,,0,nan,,0.0,0.0,0,nan,nan,nan,nan,nan,nan,0,0.0,0,nan,nan,1.5247083687087533,0,5.002384136783135,0.5803308411159419,0.0,1,1.348023304749841,4.7817747549343395,4.098010376793993,1.297216416217571,nan,nan,0,0.5803308411159419,0,832d821e147a649e,29,2.4497847183345907,8,0,0,0,nan,-1,0,0
138,553827.5999999046,-3811468.073391289,3566806.8684036015,3652666.622026189,0,0,0,0,0,1,1,1.347994739708526,4.782020011830014,5.788990947328956,19,3,0.09857460373214366,4.091385907821337,4.996642293755586,0,,0.0,0.0,0,nan,0,0,,0,nan,,0.0,0.0,0,nan,nan,nan,nan,nan,nan,0,0.0,0,nan,nan,1.5309541856287552,0,4.996642293755586,0.5803488702224662,0.0,1,1.347994739708526,4.782020011830014,4.091385907821337,1.3081230098219792,nan,nan,0,0.5803488702224662,0,832d821e147a649e,29,2.4496111552817994,8,0,0,0,nan,-1,0,0
139,553827.7999999523,-3811468.072745622,3566806.869852144,3652666.622304268,0,0,0,0,0,1,1,1.3479845566950264,4.782077829909618,5.789835079659558,19,4,0.09857460373214366,4.092071765221815,4.997058507593966,0,,0.0,0.0,0,nan,0,0,,0,nan,,0.0,0.0,0,nan,nan,nan,nan,nan,nan,0,0.0,0,nan,nan,1.5299017402326323,0,4.997058507593966,0.5803502409223344,0.0,1,1.3479845566950264,4.782077829909618,4.092071765221815,1.3193512865544206,nan,nan,0,0.5803502409223344,0,832d821e147a649e,29,2.449595969782644,8,0,0,0,nan,-1,0,0
140,553828.0,-3811468.0661813403,3566806.8627250856,3652666.7517490285,0,0,0,0,0,1,1,1.4529700192734363,4.7346795326905555,5.691473398636357,19,0,0.08938931574877321,4.086669609186195,5.010063190858259,0,,0.0,0.0,0,nan,0,0,,0,nan,,0.0,0.0,0,nan,nan,nan,nan,nan,nan,0,0.0,0,nan,nan,1.5142888495214286,0,5.010063190858259,0.339869440709741,0.0,1,1.4529700192734363,4.7346795326905555,4.086669609186195,1.2560395952379817,0.08938931574877321,0.09337008776853428,0,0.339869440709741,0,832d821e147a649e,286,3.651451618926191,8,12,1,256,3.204634737470305,192,19,17
141,553828.199999094,-3811468.071403873,3566806.866550798,3652666.7560254876,0,0,0,0,0,1,1,1.4533900273601934,4.7352145182304834,5.692747720509161,19,1,0.08938931574877321,4.093174758981942,5.012409236134991,0,,0.0,0.0,0,nan,0,0,,0,nan,,0.0,0.0,0,nan,nan,nan,nan,nan,nan,0,0.0,0,nan,nan,1.5122710186290642,0,5.012409236134991,0.36041791322395356,0.0,1,1.4533900273601934,4.7352145182304834,4.093174758981942,1.2606199405867662,nan,nan,0,0.36041791322395356,0,832d821e147a649e,30,3.2517247633866173,8,0,0,0,nan,-1,0,0
142,553828.3999989033,-3811468.0737366793,3566806.8712654174,3652666.757193967,0,0,0,0,0,1,1,1.4535044310493244,4.7352082551397805,5.69617299389664,19,2,0.08938931574877321,4.098326032270089,5.016349773835306,0,,0.0,0.0,0,nan,0,0,,0,nan,,0.0,0.0,0,nan,nan,nan,nan,nan,nan,0,0.0,0,nan,nan,1.5077391003492127,0,5.016349773835306,0.36057896791564864,0.0,1,1.4535044310493244,4.7352082551397805,4.098326032270089,1.2704065723485602,nan,nan,0,0.36057896791564864,0,832d821e147a649e,30,3.2491954579094426,8,0,0,0,nan,-1,0,0
143,553828.5999999046,-3811468.07287442,3566806.869024292,3652666.75345029,0,0,0,0,0,1,1,1.453539826516856,4.735166807003964,5.691295474766989,19,3,0.08938931574877321,4.095879325702708,5.014563221485527,0,,0.0,0.0,0,nan,0,0,,0,nan,,0.0,0.0,0,nan,nan,nan,nan,nan,nan,0,0.0,0,nan,nan,1.5106354087472633,0,5.014563221485527,0.3606011642095948,0.0,1,1.453539826516856,4.735166807003964,4.095879325702708,1.2815413639290947,nan,nan,0,0.3606011642095948,0,832d821e147a649e,30,3.2489290363042214,8,0,0,0,nan,-1,0,0
144,553828.7999999523,-3811468.072885572,3566806.8682263196,3652666.7582660215,0,0,0,0,0,1,1,1.4535436575771696,4.7352497361231185,5.694046754211204,19,4,0.08938931574877321,4.09552060330058,5.0132106963952445,0,,0.0,0.0,0,nan,0,0,,0,nan,,0.0,0.0,0,nan,nan,nan,nan,nan,nan,0,0.0,0,nan,nan,1.5111997720605226,0,5.0132106963952445,0.36060121848181675,0.0,1,1.4535436575771696,4.7352497361231185,4.09552060330058,1.293000496976616,nan,nan,0,0.36060121848181675,0,832d821e147a649e,30,3.2489082129829776,8,0,0,0,nan,-1,0,0
145,553829.0,-3811468.017554418,3566806.811584417,3652666.8119255626,0,0,0,0,0,1,1,2.2717191588192205,3.440150654203606,5.547042366255168,18,0,0.06618040356829674,4.019729389049064,2.197882143431121,0,,0.0,0.0,0,nan,0,0,,0,nan,,0.0,0.0,0,nan,nan,nan,nan,nan,nan,0,0.0,0,nan,nan,0.5414292269802345,0,2.197882143431121,0.4212009801725941,0.0,1,2.2717191588192205,3.440150654203606,4.019729389049064,1.23087193110204,0.06618040356829674,0.051197964908721645,0,0.4212009801725941,0,47748a82034e965d,287,3.473640507249018,8,12,1,256,3.179712242054551,167,18,17
146,553829.199999094,-3811468.0165300644,3566806.8080750396,3652666.8104859213,0,0,0,0,0,1,1,2.270729312041682,3.442890545801162,5.548157189626425,18,1,0.06618040356829674,4.016309146082557,2.196056674286621,0,,0.0,0.0,0,nan,0,0,,0,nan,,0.0,0.0,0,nan,nan,nan,nan,nan,nan,0,0.0,0,nan,nan,0.5453174577266153,0,2.196056674286621,0.4468182801385826,0.0,1,2.270729312041682,3.442890545801162,4.016309146082557,1.235545772389991,nan,nan,0,0.4468182801385826,0,47748a82034e965d,31,3.0944266466667623,8,0,0,0,nan,-1,0,0
147,553829.3999989033,-3811468.014394675,3566806.8054189156,3652666.8067850103,0,0,0,0,0,1,1,2.2707739654187455,3.442155652131221,5.542232905212141,18,2,0.06618040356829674,4.012672954542102,2.1910700434944785,0,,0.0,0.0,0,nan,0,0,,0,nan,,0.0,0.0,0,nan,nan,nan,nan,nan,nan,0,0.0,0,nan,nan,0.5401566393015864,0,2.1910700434944785,0.44704074461056725,0.0,1,2.2707739654187455,3.442155652131221,4.012672954542102,1.2455294838489075,nan,nan,0,0.44704074461056725,0,47748a82034e965d,31,3.092089368119732,8,0,0,0,nan,-1,0,0
148,553829.5999999046,-3811468.0146250697,3566806.803597285,3652666.804401425,0,0,0,0,0,1,1,2.2707312235966834,3.4421915788247874,5.539804631685444,18,3,0.06618040356829674,4.0112892774506035,2.188788730986283,0,,0.0,0.0,0,nan,0,0,,0,nan,,0.0,0.0,0,nan,nan,nan,nan,nan,nan,0,0.0,0,nan,nan,0.538023823772749,0,2.188788730986283,0.4470631919714159,0.0,1,2.2707312235966834,3.4421915788247874,4.0112892774506035,1.2568846948071117,nan,nan,0,0.4470631919714159,0,47748a82034e965d,31,3.0918617343847994,8,0,0,0,nan,-1,0,0
149,553829.7999999523,-3811468.0067259683,3566806.792402367,3652666.796458958,0,0,0,0,0,1,1,2.270751498380691,3.4420888549794544,5.524190092080554,18,4,0.06618040356829674,3.99718053721089,2.1729069407812878,0,,0.0,0.0,0,nan,0,0,,0,nan,,0.0,0.0,0,nan,nan,nan,nan,nan,nan,0,0.0,0,nan,nan,0.5239895928318757,0,2.1729069407812878,0.44706520102104175,0.0,1,2.270751498380691,3.4420888549794544,3.99718053721089,1.2685665783557698,nan,nan,0,0.44706520102104175,0,47748a82034e965d,31,3.091836916792518,8,0,0,0,nan,-1,0,0
150,553830.0,-3811467.985260387,3566806.771353855,3652666.878964111,0,0,0,0,0,1,1,2.2101195912426155,3.3170516120511424,5.4030003838471705,18,0,0.053549020670663715,3.973227598342918,2.177493734541607,0,,0.0,0.0,0,nan,0,0,,0,nan,,0.0,0.0,0,nan,nan,nan,nan,nan,nan,0,0.0,0,nan,nan,0.5252365120165519,0,2.177493734541607,0.4630186994789187,0.0,1,2.2101195912426155,3.3170516120511424,3.973227598342918,1.2066205478812713,0.053549020670663715,0.09588026818371093,0,0.4630186994789187,0,47748a82034e965d,288,3.06404148209199,8,12,1,256,3.1552760635543855,129,18,17
151,553830.199999094,-3811467.9851125004,3566806.768358622,3652666.880671127,0,0,0,0,0,1,1,2.2107390516414878,3.319267377756965,5.403788527481263,18,1,0.053549020670663715,3.971003122751979,2.175489189503438,0,,0.0,0.0,0,nan,0,0,,0,nan,,0.0,0.0,0,nan,nan,nan,nan,nan,nan,0,0.0,0,nan,nan,0.529604136393014,0,2.175489189503438,0.49130357125511886,0.0,1,2.2107390516414878,3.319267377756965,3.971003122751979,1.2113879539230077,nan,nan,0,0.49130357125511886,0,47748a82034e965d,32,2.7267689894052642,8,0,0,0,nan,-1,0,0
152,553830.3999989033,-3811467.9863232654,3566806.7665131297,3652666.883861564,0,0,0,0,0,1,1,2.2110323196067005,3.3189781017537587,5.4046828928923,18,2,0.053549020670663715,3.9706548931090153,2.1758815046482742,0,,0.0,0.0,0,nan,0,0,,0,nan,,0.0,0.0,0,nan,nan,nan,nan,nan,nan,0,0.0,0,nan,nan,0.5324180074808795,0,2.1758815046482742,0.49156386905499694,0.0,1,2.2110323196067005,3.3189781017537587,3.9706548931090153,1.2215691181494948,nan,nan,0,0.49156386905499694,0,47748a82034e965d,32,2.72442742579205,8,0,0,0,nan,-1,0,0
153,553830.5999999046,-3811467.9856298915,3566806.764454131,3652666.8898634403,0,0,0,0,0,1,1,2.21111177157945,3.3189589982988137,5.407062639292708,18,3,0.053549020670663715,3.969153137695144,2.1769447967885736,0,,0.0,0.0,0,nan,0,0,,0,nan,,0.0,0.0,0,nan,nan,nan,nan,nan,nan,0,0.0,0,nan,nan,0.5368253020329903,0,2.1769447967885736,0.49158972798180633,0.0,1,2.21111177157945,3.3189589982988137,3.969153137695144,1.2331449834508021,nan,nan,0,0.49158972798180633,0,47748a82034e965d,32,2.72419677329394,8,0,0,0,nan,-1,0,0
154,553830.7999999523,-3811467.9903496564,3566806.765487584,3652666.8982066484,0,0,0,0,0,1,1,2.2111236139943906,3.3189785219532975,5.415491101303163,18,4,0.053549020670663715,3.9737126486476058,2.1841985671673902,0,,0.0,0.0,0,nan,0,0,,0,nan,,0.0,0.0,0,nan,nan,nan,nan,nan,nan,0,0.0,0,nan,nan,0.54615743338311,0,2.1841985671673902,0.49159227461766203,0.0,1,2.2111236139943906,3.3189785219532975,3.9737126486476058,1.2450496285497097,nan,nan,0,0.49159227461766203,0,47748a82034e965d,32,2.724174528441838,8,0,0,0,nan,-1,0,0
155,553831.0,-3811467.941213719,3566806.7208671384,3652666.943855947,0,0,0,0,0,1,1,2.1202773443233425,3.1888742205418574,5.285965730854099,19,0,0.045751172293329055,3.9124282073757004,2.1881457738948797,0,,0.0,0.0,0,nan,0,0,,0,nan,,0.0,0.0,0,nan,nan,nan,nan,nan,nan,0,0.0,0,nan,nan,0.526043906416874,0,2.1881457738948797,0.5055356599704731,0.0,1,2.1202773443233425,3.1888742205418574,3.9124282073757004,1.182481384915011,0.045751172293329055,0.07387401011273749,0,0.5055356599704731,0,47748a82034e965d,288,2.737424403322816,8,12,1,256,2.8692223264550174,229,19,17
156,553831.199999094,-3811467.9375429526,3566806.7170734573,3652666.936109979,0,0,0,0,0,1,1,2.120418863114895,3.186159581891692,5.273563828073329,19,1,0.045751172293329055,3.906416893204607,2.179405180276824,0,,0.0,0.0,0,nan,0,0,,0,nan,,0.0,0.0,0,nan,nan,nan,nan,nan,nan,0,0.0,0,nan,nan,0.5122143527336471,0,2.179405180276824,0.5365448396285928,0.0,1,2.120418863114895,3.186159581891692,3.906416893204607,1.1873457377292325,nan,nan,0,0.5365448396285928,0,47748a82034e965d,32,2.434047496312274,8,0,0,0,nan,-1,0,0
157,553831.3999989033,-3811467.9339334266,3566806.7150494764,3652666.923380547,0,0,0,0,0,1,1,2.1202317478912027,3.1861430482055,5.26252002642132,19,2,0.045751172293329055,3.9013209807799902,2.170195817306117,0,,0.0,0.0,0,nan,0,0,,0,nan,,0.0,0.0,0,nan,nan,nan,nan,nan,nan,0,0.0,0,nan,nan,0.49867409924303907,1,2.170195817306117,0.5368446467723952,0.0,1,2.1202317478912027,3.1861430482055,3.9013209807799902,1.197731291984316,nan,nan,0,0.5368446467723952,0,47748a82034e965d,32,2.4317334625539933,8,0,0,0,nan,-1,0,0
158,553831.5999999046,-3811467.934313512,3566806.716264473,3652666.924297403,0,0,0,0,0,1,1,2.1201330575350323,3.186449363214002,5.264496451142877,19,3,0.045751172293329055,3.9025741748056184,2.1719174164007096,0,,0.0,0.0,0,nan,0,0,,0,nan,,0.0,0.0,0,nan,nan,nan,nan,nan,nan,0,0.0,0,nan,nan,0.5005656719150589,0,2.1719174164007096,0.5368778767854214,0.0,1,2.1201330575350323,3.186449363214002,3.9025741748056184,1.2095353202027972,nan,nan,0,0.5368778767854214,0,47748a82034e965d,32,2.4314796391346554,8,0,0,0,nan,-1,0,0
159,553831.7999999523,-3811467.9425369482,3566806.7217578874,3652666.9313570894,0,0,0,0,0,1,1,2.120102607616357,3.18651058888679,5.275786553086618,19,4,0.045751172293329055,3.9119685797088577,2.182775348003287,0,,0.0,0.0,0,nan,0,0,,0,nan,,0.0,0.0,0,nan,nan,nan,nan,nan,nan,0,0.0,0,nan,nan,0.5113120001672842,0,2.182775348003287,0.5368816835977491,0.0,1,2.120102607616357,3.18651058888679,3.9119685797088577,1.2216700533079259,nan,nan,0,0.5368816835977491,0,47748a82034e965d,32,2.4314508175696536,8,0,0,0,nan,-1,0,0
160,553832.0,-3811467.8971034507,3566806.660175587,3652667.001338215,0,0,0,0,0,1,1,2.0233059034390553,3.045462281085768,5.1578292351717865,19,0,0.053054975301947395,3.843556512390465,2.2021312386173117,0,,0.0,0.0,0,nan,0,0,,0,nan,,0.0,0.0,0,nan,nan,nan,nan,nan,nan,0,0.0,0,nan,nan,0.5302299435347035,0,2.2021312386173117,0.545352515551667,0.0,1,2.0233059034390553,3.045462281085768,3.843556512390465,1.1592398702399043,0.053054975301947395,0.07174449441085436,0,0.545352515551667,0,47748a82034e965d,288,2.510455832479561,8,12,1,256,2.886958238445624,193,19,17
161,553832.2000000477,-3811467.923542705,3566806.6856013197,3652667.027341143,0,0,0,0,0,1,1,2.0205109783460653,3.0527921713980346,5.2153084285072735,19,1,0.053054975301947395,3.882917288575281,2.2514912163519,0,,0.0,0.0,0,nan,0,0,,0,nan,,0.0,0.0,0,nan,nan,nan,nan,nan,nan,0,0.0,0,nan,nan,0.586136953150607,0,2.2514912163519,0.5788103444917386,0.0,1,2.0205109783460653,3.0527921713980346,3.882917288575281,1.1642015862100588,nan,nan,0,0.5788103444917386,0,47748a82034e965d,32,2.2317574051909084,8,0,0,0,nan,-1,0,0
162,553832.3999989033,-3811467.97635213,3566806.736962265,3652667.0881054373,0,0,0,0,0,1,1,2.019563507018233,3.0555929455251647,5.315730978782877,19,2,0.053054975301947395,3.9636450512398866,2.347115197077379,0,,0.0,0.0,0,nan,0,0,,0,nan,,0.0,0.0,0,nan,nan,nan,nan,nan,nan,0,0.0,0,nan,nan,0.6878798873547595,0,2.347115197077379,0.57906409221104,0.0,1,2.019563507018233,3.0555929455251647,3.9636450512398866,1.1747917570804605,nan,nan,0,0.57906409221104,0,47748a82034e965d,32,2.230058863861802,8,0,0,0,nan,-1,0,0
163,553832.5999999046,-3811468.0341906943,3566806.7926369924,3652667.153666211,0,0,0,0,0,1,1,2.01948410871256,3.0556294609593397,5.418378896979437,19,3,0.053054975301947395,4.051940813799846,2.4481616352332867,0,,0.0,0.0,0,nan,0,0,,0,nan,,0.0,0.0,0,nan,nan,nan,nan,nan,nan,0,0.0,0,nan,nan,0.7892987481058279,0,2.4481616352332867,0.5790960056327122,0.0,1,2.01948410871256,3.0556294609593397,4.051940813799846,1.1868239656301016,nan,nan,0,0.5790960056327122,0,47748a82034e965d,32,2.2298448745890567,8,0,0,0,nan,-1,0,0
164,553832.7999989986,-3811468.0931589496,3566806.8458652617,3652667.2118589464,0,0,0,0,0,1,1,2.019473847487216,3.0555791625243884,5.518312078111911,19,4,0.053054975301947395,4.139193567746055,2.5471132460883443,0,,0.0,0.0,0,nan,0,0,,0,nan,,0.0,0.0,0,nan,nan,nan,nan,nan,nan,0,0.0,0,nan,nan,0.8876194077422805,0,2.5471132460883443,0.5791006585571256,0.0,1,2.019473847487216,3.0555791625243884,4.139193567746055,1.199188445176101,nan,nan,0,0.5791006585571256,0,47748a82034e965d,32,2.229813508068764,8,0,0,0,nan,-1,0,0
165,553833.0,-3811467.8769136514,3566806.585056034,3652667.0628408715,0,0,0,0,0,1,1,1.8736235014155898,3.244714518902679,5.508245525757731,18,0,0.047267940201068906,3.783660693091006,2.3426315147829295,0,,0.0,0.0,0,nan,0,0,,0,nan,,0.0,0.0,0,nan,nan,nan,nan,nan,nan,0,0.0,0,nan,nan,0.5818311814210868,0,2.3426315147829295,0.6081772388638521,0.0,1,1.8736235014155898,3.244714518902679,3.783660693091006,1.1373604200894354,0.047267940201068906,0.36198271512667823,0,0.6081772388638521,0,47748a82034e965d,288,2.2562605760071417,8,12,1,256,3.2280603001228223,139,18,16
166,553833.2000000477,-3811467.942841122,3566806.6108432873,3652667.1120599834,0,0,0,0,0,1,1,1.8616151046328473,3.2633042434446025,5.636008652975201,18,1,0.047267940201068906,3.854746832013611,2.4500051269525422,0,,0.0,0.0,0,nan,0,0,,0,nan,,0.0,0.0,0,nan,nan,nan,nan,nan,nan,0,0.0,0,nan,nan,0.6897532752961198,0,2.4500051269525422,0.6456747706389103,0.0,1,1.8616151046328473,3.2633042434446025,3.854746832013611,1.1424217871181015,nan,nan,0,0.6456747706389103,0,47748a82034e965d,32,2.0044678321132805,8,0,0,0,nan,-1,0,0
167,553833.3999989033,-3811468.0480415085,3566806.6463518525,3652667.1859335355,0,0,0,0,0,1,1,1.8589877702473732,3.267597983994574,5.772089162175528,18,2,0.047267940201068906,3.963573068034506,2.580216855396057,0,,0.0,0.0,0,nan,0,0,,0,nan,,0.0,0.0,0,nan,nan,nan,nan,nan,nan,0,0.0,0,nan,nan,0.8204959049811748,0,2.580216855396057,0.6460069940647702,0.0,1,1.8589877702473732,3.267597983994574,3.963573068034506,1.1532131646327353,nan,nan,0,0.6460069940647702,0,47748a82034e965d,32,2.002649209271396,8,0,0,0,nan,-1,0,0
168,553833.5999999046,-3811468.164357494,3566806.663408221,3652667.2313815723,0,0,0,0,0,1,1,1.858441715750244,3.2679638761342757,5.874802713751717,18,3,0.047267940201068906,4.058980586629926,2.6839313552194524,0,,0.0,0.0,0,nan,0,0,,0,nan,,0.0,0.0,0,nan,nan,nan,nan,nan,nan,0,0.0,0,nan,nan,0.9177003920345886,0,2.6839313552194524,0.6460407048454853,0.0,1,1.858441715750244,3.2679638761342757,4.058980586629926,1.1654685053963985,nan,nan,0,0.6460407048454853,0,47748a82034e965d,32,2.0024638996467554,8,0,0,0,nan,-1,0,0
169,553833.7999989986,-3811468.339641392,3566806.6803187616,3652667.3166121943,0,0,0,0,0,1,1,1.8581307970533476,3.2687432732483344,6.039818000383368,18,4,0.047267940201068906,4.20174968702978,2.8453214544299112,0,,0.0,0.0,0,nan,0,0,,0,nan,,0.0,0.0,0,nan,nan,nan,nan,nan,nan,0,0.0,0,nan,nan,1.0816768372071475,0,2.8453214544299112,0.6460333697393325,0.0,1,1.8581307970533476,3.2687432732483344,4.20174968702978,1.178280152302728,nan,nan,0,0.6460333697393325,0,47748a82034e965d,32,2.002504492988922,8,0,0,0,nan,-1,0,0
170,553834.0,-3811468.1819686536,3566806.3127259864,3652666.9904269995,0,0,0,0,0,1,1,1.7990879121389634,3.628408478379716,6.079798042507498,19,0,0.05682785282250618,3.773263474308673,2.5136804631297482,0,,0.0,0.0,0,nan,0,0,,0,nan,,0.0,0.0,0,nan,nan,nan,nan,nan,nan,0,0.0,0,nan,nan,0.6887425585748397,0,2.5136804631297482,0.5512332586509971,0.0,1,1.7990879121389634,3.628408478379716,3.773263474308673,1.1146720770202667,0.05682785282250618,0.7585077761725596,1,0.5512332586509971,0,47748a82034e965d,288,2.4223521368128345,8,12,1,256,4.0663353520812064,148,19,16
171,553834.2000000477,-3811468.3609831757,3566806.2911363347,3652667.0129717146,0,0,0,0,0,1,1,1.7859673066453272,3.663738663049937,6.261165152777496,19,1,0.05682785282250618,3.868069932031674,2.6586952145286533,0,,0.0,0.0,0,nan,0,0,,0,nan,,0.0,0.0,0,nan,nan,nan,nan,nan,nan,0,0.0,0,nan,nan,0.8444732988163645,0,2.6586952145286533,0.5848250027816565,0.0,1,1.7859673066453272,3.663738663049937,3.868069932031674,1.1207849122552709,nan,nan,0,0.5848250027816565,0,47748a82034e965d,32,2.1544535037576824,8,0,0,0,nan,-1,0,0
172,553834.3999989033,-3811468.5935654556,3566806.291800705,3652667.0650551766,0,0,0,0,0,1,1,1.7827350624476836,3.6721436361491726,6.45067762101507,19,2,0.05682785282250618,4.016028926985504,2.836760659805394,0,,0.0,0.0,0,nan,0,0,,0,nan,,0.0,0.0,0,nan,nan,nan,nan,nan,nan,0,0.0,0,nan,nan,1.0265554784667736,0,2.836760659805394,0.5851580357348555,0.0,1,1.7827350624476836,3.6721436361491726,4.016028926985504,1.1344753920671016,nan,nan,0,0.5851580357348555,0,47748a82034e965d,32,2.1522513872231497,8,0,0,0,nan,-1,0,0
173,553834.5999999046,-3811468.8537251814,3566806.2975220517,3652667.1028132853,0,0,0,0,0,1,1,1.7817263092321207,3.674774213465619,6.634467523048352,19,3,0.05682785282250618,4.177159762217223,3.0168000835518756,0,,0.0,0.0,0,nan,0,0,,0,nan,,0.0,0.0,0,nan,nan,nan,nan,nan,nan,0,0.0,0,nan,nan,1.0404434750310283,0,3.0168000835518756,0.5851943243172947,0.0,1,1.7817263092321207,3.674774213465619,4.177159762217223,1.1514234305888231,nan,nan,0,0.5851943243172947,0,47748a82034e965d,32,2.1520120170511747,8,0,0,0,nan,-1,0,0
174,553834.7999989986,-3811469.114811977,3566806.323649526,3652667.122325002,0,0,0,0,0,1,1,1.7813333907318412,3.675829332614403,6.813729067694002,19,4,0.05682785282250618,4.345613150211294,3.1965162029601943,0,,0.0,0.0,0,nan,0,0,,0,nan,,0.0,0.0,0,nan,nan,nan,nan,nan,nan,0,0.0,0,nan,nan,0.9791496733128497,0,3.1965162029601943,0.5852053776740909,0.0,1,1.7813333907318412,3.675829332614403,4.345613150211294,1.1711677443423605,nan,nan,0,0.5852053776740909,0,47748a82034e965d,32,2.1519393369726076,8,0,0,0,nan,-1,0,0
175,553835.0,-3811468.9221727075,3566805.8889285713,3652666.7511459067,0,0,0,0,0,1,1,1.7284895436223464,4.297866881064012,6.8501941470861425,19,0,0.07947955307913723,3.8078952838316265,2.607775373941386,0,,0.0,0.0,0,nan,0,0,,0,nan,,0.0,0.0,0,nan,nan,nan,nan,nan,nan,0,0.0,0,nan,nan,0.819267764983886,0,2.607775373941386,0.5051462653801221,0.0,1,1.7284895436223464,4.297866881064012,3.8078952838316265,1.0921800440234188,0.07947955307913723,0.7428734976749565,3,0.5051462653801221,0,47748a82034e965d,288,2.4865427533989317,8,12,1,256,4.317381118203636,249,19,16
176,553835.2000000477,-3811469.14593144,3566805.8887803154,3652666.7461278667,0,0,0,0,0,1,1,1.7129913283435818,4.376639596874548,7.09789012124363,19,1,0.07947955307913723,3.923234607812135,2.773314995839584,0,,0.0,0.0,0,nan,0,0,,0,nan,,0.0,0.0,0,nan,nan,nan,nan,nan,nan,0,0.0,0,nan,nan,1.0081833028387401,0,2.773314995839584,0.5344434741711349,0.0,1,1.7129913283435818,4.376639596874548,3.923234607812135,1.1012254354878293,nan,nan,0,0.5344434741711349,0,47748a82034e965d,32,2.2221294485857475,8,0,0,0,nan,-1,0,0
177,553835.3999989033,-3811469.426497666,3566805.9428132623,3652666.7865170296,0,0,0,0,0,1,1,1.7077157609998144,4.405564886805846,7.366613282876145,19,2,0.07947955307913723,4.121643685872361,3.0089104503894024,0,,0.0,0.0,0,nan,0,0,,0,nan,,0.0,0.0,0,nan,nan,nan,nan,nan,nan,0,0.0,0,nan,nan,1.050433393022321,0,3.0089104503894024,0.5346019879128174,0.0,1,1.7077157609998144,4.405564886805846,4.121643685872361,1.124376975870655,nan,nan,0,0.5346019879128174,0,47748a82034e965d,32,2.22082737099107,8,0,0,0,nan,-1,0,0
178,553835.5999999046,-3811469.724018108,3566806.017251087,3652666.8257139185,0,0,0,0,0,1,1,1.7057573210884462,4.4166564170846785,7.6318468953995175,19,3,0.07947955307913723,4.342795068315257,3.259936203567949,0,,0.0,0.0,0,nan,0,0,,0,nan,,0.0,0.0,0,nan,nan,nan,nan,nan,nan,0,0.0,0,nan,nan,1.0075657230047668,0,3.259936203567949,0.5346881416896079,0.0,1,1.7057573210884462,4.4166564170846785,4.342795068315257,1.15654221137226,nan,nan,0,0.5346881416896079,0,47748a82034e965d,32,2.220143105983466,8,0,0,0,nan,-1,0,0
179,553835.7999989986,-3811470.054085611,3566806.104452153,3652666.8646822744,0,0,0,0,0,1,1,1.7050062982273166,4.420889765990882,7.908610218492271,19,4,0.07947955307913723,4.587383456620978,3.529698967165548,0,,0.0,0.0,0,nan,0,0,,0,nan,,0.0,0.0,0,nan,nan,nan,nan,nan,nan,0,0.0,0,nan,nan,1.0343328064284054,0,3.529698967165548,0.5346870843538175,0.0,1,1.7050062982273166,4.420889765990882,4.587383456620978,1.18934885985337,nan,nan,0,0.5346870843538175,0,47748a82034e965d,32,2.220147219352405,8,0,0,0,nan,-1,0,0
180,553836.0,-3811469.7342828037,3566805.5704881656,3652666.157351709,0,0,0,0,0,1,1,1.4493497620455036,4.992209511974432,7.981830352750347,19,0,0.1302654067284061,3.788254931287446,3.3026908269650415,0,,0.0,0.0,0,nan,0,0,,0,nan,,0.0,0.0,0,nan,nan,nan,nan,nan,nan,0,0.0,0,nan,nan,0.9224529343009655,0,3.3026908269650415,0.48890737814724516,0.0,1,1.4493497620455036,4.992209511974432,3.788254931287446,1.0694199344821425,0.1302654067284061,1.0123440031286453,4,0.48890737814724516,0,0495d0a68a8d8223,288,2.4861360896087628,8,12,1,256,5.701080701090917,135,19,16
181,553836.2000000477,-3811470.01414231,3566805.58588379,3652666.0946779614,0,0,0,0,0,1,1,1.4479585362768326,5.085536033737481,8.26328948934378,19,1,0.1302654067284061,3.909997348660112,3.4784549377550342,0,,0.0,0.0,0,nan,0,0,,0,nan,,0.0,0.0,0,nan,nan,nan,nan,nan,nan,0,0.0,0,nan,nan,1.122885670732016,0,3.4784549377550342,0.5171654333876203,0.0,1,1.4479585362768326,5.085536033737481,3.909997348660112,1.079791469158277,nan,nan,0,0.5171654333876203,0,0495d0a68a8d8223,32,2.2228697141536293,8,0,0,0,nan,-1,0,0
182,553836.3999989033,-3811470.3718807334,3566805.6227375017,3652666.0573353483,0,0,0,0,0,1,1,1.4477193207456485,5.115521935635594,8.519488585058388,19,2,0.1302654067284061,4.093862800363508,3.6917081197801327,0,,0.0,0.0,0,nan,0,0,,0,nan,,0.0,0.0,0,nan,nan,nan,nan,nan,nan,0,0.0,0,nan,nan,1.0537957324390765,0,3.6917081197801327,0.5175007917267582,0.0,1,1.4477193207456485,5.115521935635594,4.093862800363508,1.103650178408427,nan,nan,0,0.5175007917267582,0,0495d0a68a8d8223,32,2.2201292955239427,8,0,0,0,nan,-1,0,0
183,553836.5999999046,-3811470.7880433723,3566805.656280313,3652665.997618948,0,0,0,0,0,1,1,1.447570047044149,5.127388700336463,8.761814019283616,19,3,0.1302654067284061,4.298836990706948,3.9130208287095307,0,,0.0,0.0,0,nan,0,0,,0,nan,,0.0,0.0,0,nan,nan,nan,nan,nan,nan,0,0.0,0,nan,nan,1.0152295737157522,0,3.9130208287095307,0.5175161433556359,0.0,1,1.447570047044149,5.127388700336463,4.298836990706948,1.133195553484325,nan,nan,0,0.5175161433556359,0,0495d0a68a8d8223,32,2.2200062876079967,8,0,0,0,nan,-1,0,0
184,553836.7999989986,-3811471.240296312,3566805.6763788345,3652665.8875884935,0,0,0,0,0,1,1,1.4474990585261733,5.130594708522092,8.984297062262753,19,4,0.1302654067284061,4.507567206460244,4.130455578069188,0,,0.0,0.0,0,nan,0,0,,0,nan,,0.0,0.0,0,nan,nan,nan,nan,nan,nan,0,0.0,0,nan,nan,1.0023980315922907,0,4.130455578069188,0.5175249031375191,0.0,1,1.4474990585261733,5.130594708522092,4.507567206460244,1.1628915280469658,nan,nan,0,0.5175249031375191,0,0495d0a68a8d8223,32,2.219928752016601,8,0,0,0,nan,-1,0,0
185,553837.0,-3811471.1321867257,3566805.020532759,3652665.048045897,0,0,0,0,0,1,1,1.429880598846476,5.7756778287585115,8.739895452178526,18,0,0.059649574053261115,3.706928963300558,3.283436122394976,0,,0.0,0.0,0,nan,0,0,,0,nan,,0.0,0.0,0,nan,nan,nan,nan,nan,nan,0,0.0,0,nan,nan,0.6898680169726398,0,3.2840899506032666,0.5822007453189028,0.025507654135563294,4,1.430024686701174,5.77555104928951,3.706928963300558,1.0476351539322752,0.059649574053261115,0.6921808849583109,4,0.5798257453189029,0,0495d0a68a8d8223,300,2.304599034928662,8,12,1,256,6.314015271276654,236,18,16
186,553837.2000000477,-3811471.536153029,3566804.8660424314,3652664.8337527113,0,0,0,0,0,1,1,1.4295867226221046,5.812840478913196,8.798749433709412,18,1,0.059649574053261115,3.7140805438819338,3.307281025536461,0,,0.0,0.0,0,nan,0,0,,0,nan,,0.0,0.0,0,nan,nan,nan,nan,nan,nan,0,0.0,0,nan,nan,0.6773035251611093,0,3.3075115556617387,0.6150203106988005,0.014713958296226867,4,1.429627238402392,5.812779157509203,3.7140805438819338,1.0534563734458915,nan,nan,0,0.6141135634411443,0,0495d0a68a8d8223,44,2.054472672445953,8,0,0,0,nan,-1,0,0
187,553837.3999989033,-3811471.988791694,3566804.656074496,3652664.6492312504,0,0,0,0,0,1,1,1.4295779599252676,5.821616146389821,8.82640908304139,18,2,0.059649574053261115,3.7124140940803096,3.311406555679994,0,,0.0,0.0,0,nan,0,0,,0,nan,,0.0,0.0,0,nan,nan,nan,nan,nan,nan,0,0.0,0,nan,nan,0.6622464686351529,0,3.3116205692544662,0.6150982168427158,0.01416492920791288,4,1.4296120812230382,5.82155211702989,3.7124140940803096,1.0652810612270611,nan,nan,0,0.6142177136988668,0,0495d0a68a8d8223,44,2.05379023021352,8,0,0,0,nan,-1,0,0
188,553837.5999999046,-3811472.4596249466,3566804.412137243,3652664.402035916,0,0,0,0,0,1,1,1.4295078729770998,5.822279693603667,8.814395709881845,18,3,0.059649574053261115,3.7081553019276754,3.302898833909265,0,,0.0,0.0,0,nan,0,0,,0,nan,,0.0,0.0,0,nan,nan,nan,nan,nan,nan,0,0.0,0,nan,nan,0.6517361498174168,0,3.303108696571311,0.6151592372144052,0.01404264091712648,4,1.4295369571730154,5.82221833938456,3.7081553019276754,1.0785765427303338,nan,nan,0,0.6142853728211844,0,0495d0a68a8d8223,44,2.053350865789023,8,0,0,0,nan,-1,0,0
189,553837.7999989986,-3811472.948954458,3566804.1485699685,3652664.12001046,0,0,0,0,0,1,1,1.4294926934148848,5.822931199617014,8.802410496049836,18,4,0.059649574053261115,3.724756144699225,3.31456445344187,0,,0.0,0.0,0,nan,0,0,,0,nan,,0.0,0.0,0,nan,nan,nan,nan,nan,nan,0,0.0,0,nan,nan,0.6603734151462735,0,3.314778238610708,0.6151657121403024,0.01402593733681708,4,1.429520651447578,5.8228698869369255,3.724756144699225,1.0921798870652077,nan,nan,0,0.6142912663165688,0,0495d0a68a8d8223,44,2.053313297543587,8,0,0,0,nan,-1,0,0
190,553838.0,-3811473.400858441,3566803.6512107565,3652663.8937843777,0,0,0,0,0,1,1,1.396119276101095,5.662402699231662,8.412587145628454,19,0,0.055135917062739785,3.5578092078939645,3.068407324385668,0,,0.0,0.0,0,nan,0,0,,0,nan,,0.0,0.0,0,nan,nan,nan,nan,nan,nan,0,0.0,0,nan,nan,0.6801055471723348,0,3.068988907732316,0.6390336913855347,0.018760963232938535,3,1.3961244365286278,5.662105729131576,3.5578092078939645,1.029718279614267,0.055135917062739785,0.3240978608489135,0,0.6370383690595276,0,0495d0a68a8d8223,300,2.1027693320225236,8,12,1,256,5.967070865924399,182,19,15
191,553838.2000000477,-3811473.9294951134,3566803.255051186,3652663.660612985,0,0,0,0,0,1,1,1.3974616341575166,5.675438056951869,8.343082660236535,19,1,0.055135917062739785,3.5210223029125123,3.011644322264192,0,,0.0,0.0,0,nan,0,0,,0,nan,,0.0,0.0,0,nan,nan,nan,nan,nan,nan,0,0.0,0,nan,nan,0.606595792935978,0,3.0118840243635416,0.6762955557306609,0.011604354604436599,3,1.3974431342661167,5.675298510112451,3.5210223029125123,1.0353261299275098,nan,nan,0,0.675401982590548,0,0495d0a68a8d8223,44,1.8707433360623316,8,0,0,0,nan,-1,0,0
192,553838.3999989033,-3811474.474158754,3566802.7750047864,3652663.4687548866,0,0,0,0,0,1,1,1.3982317859355213,5.677658322716196,8.251586384683092,19,2,0.055135917062739785,3.4583867667308295,2.9334324256574833,0,,0.0,0.0,0,nan,0,0,,0,nan,,0.0,0.0,0,nan,nan,nan,nan,nan,nan,0,0.0,0,nan,nan,0.5146649324687379,0,2.933658391656839,0.676388655936644,0.011155038829314394,3,1.398215244795916,5.677518356079296,3.4583867667308295,1.047227901092408,nan,nan,0,0.675523086950046,0,0495d0a68a8d8223,44,1.8700827129141029,8,0,0,0,nan,-1,0,0
193,553838.5999999046,-3811475.0235142596,3566802.230578476,3652663.299152193,0,0,0,0,0,1,1,1.398420735368655,5.678152685005511,8.163803191399802,19,3,0.055135917062739785,3.3922772350084647,2.8587444418455603,0,,0.0,0.0,0,nan,0,0,,0,nan,,0.0,0.0,0,nan,nan,nan,nan,nan,nan,0,0.0,0,nan,nan,0.42784321735023595,1,2.858970556185817,0.6763784273112541,0.011113524790473775,3,1.3984035964806505,5.678010743843976,3.3922772350084647,1.060710327286877,nan,nan,0,0.6755084272324361,0,0495d0a68a8d8223,44,1.8701662717308944,8,0,0,0,nan,-1,0,0
194,553838.7999989986,-3811475.5915414966,3566801.6362085417,3652663.170854875,0,0,0,0,0,1,1,1.3984741869356458,5.678512280247304,8.083266922969692,19,4,0.055135917062739785,3.3276308601441613,2.788624642759809,0,,0.0,0.0,0,nan,0,0,,0,nan,,0.0,0.0,0,nan,nan,nan,nan,nan,nan,0,0.0,0,nan,nan,0.35073736480919554,1,2.788852528742608,0.6763644673756353,0.011124133848547199,3,1.3984568232001755,5.678368681718891,3.3276308601441613,1.0745276402902655,nan,nan,0,0.6754898394581086,0,0495d0a68a8d8223,44,1.8702693918059439,8,0,0,0,nan,-1,0,0
195,553839.0,-3811476.3373462083,3566801.087225709,3652663.392351419,0,0,0,0,0,1,1,0.7265253068600654,5.6465004561717365,7.721341135935944,19,0,0.04437860562556492,3.464890266520668,2.7665130056415395,0,,0.0,0.0,0,nan,0,0,,0,nan,,0.0,0.0,0,nan,nan,nan,nan,nan,nan,0,0.0,0,nan,nan,0.8172433943807497,0,2.7665130056415395,0.07916666666666662,0.0,1,0.7265253068600654,5.6465004561717365,3.464890266520668,1.0129440453883733,0.04437860562556492,0.3487962827525198,5,0.07916666666666662,0,042f32f7418a68e7,268,13.294672610031599,8,12,1,256,5.349060811891115,253,19,15
196,553839.2000000477,-3811476.978264595,3566800.450204135,3652663.3254909385,0,0,0,0,0,1,1,0.7461076890021546,5.633205257525552,7.672425896101207,19,1,0.04437860562556492,3.4602300782763526,2.742398923028814,0,,0.0,0.0,0,nan,0,0,,0,nan,,0.0,0.0,0,nan,nan,nan,nan,nan,nan,0,0.0,0,nan,nan,0.7998105599493185,0,2.742398923028814,0.08333333333333333,0.0,1,0.7461076890021546,5.633205257525552,3.4602300782763526,1.0187636433564544,nan,nan,0,0.08333333333333333,0,042f32f7418a68e7,12,11.999999999999998,8,0,0,0,nan,-1,0,0
197,553839.3999989033,-3811477.6375063662,3566799.766257532,3652663.2860595253,0,0,0,0,0,1,1,0.7485099084766614,5.628911271161947,7.647288550538712,19,2,0.04437860562556492,3.446685709639301,2.7250672228239727,0,,0.0,0.0,0,nan,0,0,,0,nan,,0.0,0.0,0,nan,nan,nan,nan,nan,nan,0,0.0,0,nan,nan,0.786112941614326,0,2.7250672228239727,0.08333333333333333,0.0,1,0.7485099084766614,5.628911271161947,3.446685709639301,1.0308866779839807,nan,nan,0,0.08333333333333333,0,042f32f7418a68e7,12,11.999999999999998,8,0,0,0,nan,-1,0,0
198,553839.5999999046,-3811478.3218709286,3566799.0368336514,3652663.27045938,0,0,0,0,0,1,1,0.7500193851152088,5.627800082419208,7.624725230639617,19,3,0.04437860562556492,3.4266566392361657,2.7032033983384243,0,,0.0,0.0,0,nan,0,0,,0,nan,,0.0,0.0,0,nan,nan,nan,nan,nan,nan,0,0.0,0,nan,nan,0.7692936246956824,0,2.7032033983384243,0.08333333333333333,0.0,1,0.7500193851152088,5.627800082419208,3.4266566392361657,1.044588531981833,nan,nan,0,0.08333333333333333,0,042f32f7418a68e7,12,11.999999999999998,8,0,0,0,nan,-1,0,0
199,553839.7999989986,-3811479.0603560405,3566798.3049326013,3652663.2737814356,0,0,0,0,0,1,1,0.7496349238215306,5.627230589876618,7.643612130562249,19,4,0.04437860562556492,3.4528275140272133,2.7298888703145443,0,,0.0,0.0,0,nan,0,0,,0,nan,,0.0,0.0,0,nan,nan,nan,nan,nan,nan,0,0.0,0,nan,nan,0.7928838380350374,0,2.7298888703145443,0.08333333333333333,0.0,1,0.7496349238215306,5.627230589876618,3.4528275140272133,1.058618868788378,nan,nan,0,0.08333333333333333,0,042f32f7418a68e7,12,11.999999999999998,8,0,0,0,nan,-1,0,0
