epoch,tow,ecef_x,ecef_y,ecef_z,fix,gamma_fixed,consistency_pass,float_consistency_pass,ddpr_consistency_pass,ddpr_support_pass,ddpr_freshness_pass,map_float_separation_m,map_ddpr_separation_m,ddpr_guard_error_m,last_ddpr_pairs,ddpr_age_epochs,last_ddpr_nis,output_error_m,map_error_m,temporal_lineage_enabled,temporal_map_assignment_id,temporal_gamma,temporal_ess,temporal_dwell_epochs,temporal_map_error_m,integrity_lineage_enabled,integrity_anchor_available,integrity_excluded_satellite,integrity_tdcp_available,integrity_tdcp_postfit_rms_m,integrity_map_assignment_id,integrity_gamma,integrity_ess,integrity_dwell_epochs,integrity_map_error_m,integrity_map_ecef_x,integrity_map_ecef_y,integrity_map_ecef_z,integrity_map_float_separation_m,integrity_map_ddpr_separation_m,integrity_guard_pass,integrity_position_ball_gamma,integrity_position_ball_members,integrity_position_ball_spread_m,integrity_position_ball_error_m,basin_oracle_min_error_m,basin_oracle_sub50cm_available,position_cluster_error_m,position_cluster_gamma,position_cluster_spread_m,position_cluster_members,position_cluster_float_separation_m,position_cluster_ddpr_separation_m,float_error_m,float_position_sigma_m,dd_pr_nis,dd_cp_nis,ambiguities_reset,gamma,fix_streak,map_assignment_id,n_basins,basin_ess,map_n_ambiguities,n_candidates_born,respawn_triggered,n_respawn_candidates_born,n_respawn_position_seeds,n_respawn_history_seeds,respawn_oracle_min_error_m,respawn_oracle_rank,n_dd_pr,n_dd_cp
0,553800.0,-3811466.693664207,3566805.2211901695,3652668.9111347175,0,0,0,0,1,1,1,0.7998230485975242,0.6136718229137147,3.2894435773932713,18,0,0.08822792079773784,3.0558360247270064,3.743994999126845,0,,0.0,0.0,0,nan,0,0,,0,nan,,0.0,0.0,0,nan,nan,nan,nan,nan,nan,0,0.0,0,nan,nan,0.6905339787178102,0,3.743994999126845,0.08307539874482697,0.0,1,0.7998230485975242,0.6136718229137147,3.0558360247270064,5.592639952376013,0.08822792079773784,0.02210678010972702,0,0.08307539874482697,0,7591f7c5b9f9066f,18,12.411467792924057,8,12,1,16,1,0,0.6901279228386981,10,18,17
1,553800.2000000477,-3811466.7043680125,3566805.2303698813,3652668.917540918,0,0,0,0,1,1,1,0.8092035095788409,0.6214952530568091,3.303230346751093,18,1,0.08822792079773784,3.069661387013538,3.7685844901547587,0,,0.0,0.0,0,nan,0,0,,0,nan,,0.0,0.0,0,nan,nan,nan,nan,nan,nan,0,0.0,0,nan,nan,0.6863032924310601,0,3.7685844901547587,0.083075398744827,0.0,1,0.8092035095788409,0.6214952530568091,3.069661387013538,5.593979167573447,nan,nan,0,0.083075398744827,0,7591f7c5b9f9066f,18,12.411467792924059,8,0,0,0,0,0,nan,-1,0,0
2,553800.4000000954,-3811466.7189359865,3566805.2446287237,3652668.9324123603,0,0,0,0,1,1,1,0.8109479671050913,0.6229944717279748,3.327614176726829,18,2,0.08822792079773784,3.094081993370175,3.794267127588068,0,,0.0,0.0,0,nan,0,0,,0,nan,,0.0,0.0,0,nan,nan,nan,nan,nan,nan,0,0.0,0,nan,nan,0.6823019527728256,0,3.794267127588068,0.08307539874482704,0.0,1,0.8109479671050913,0.6229944717279748,3.094081993370175,5.596357313446614,nan,nan,0,0.08307539874482704,0,7591f7c5b9f9066f,18,12.411467792924052,8,0,0,0,0,0,nan,-1,0,0
3,553800.5999999046,-3811466.7297525406,3566805.2565932283,3652668.9432305964,0,0,0,0,1,1,1,0.8113094470258748,0.6233116352369311,3.3462107675928867,18,3,0.08822792079773784,3.1127126119283113,3.812739725467957,0,,0.0,0.0,0,nan,0,0,,0,nan,,0.0,0.0,0,nan,nan,nan,nan,nan,nan,0,0.0,0,nan,nan,0.681447562123469,0,3.812739725467957,0.08307539874482704,0.0,1,0.8113094470258748,0.6233116352369311,3.1127126119283113,5.598949005651086,nan,nan,0,0.08307539874482704,0,7591f7c5b9f9066f,18,12.411467792924052,8,0,0,0,0,0,nan,-1,0,0
4,553800.7999999523,-3811466.744267113,3566805.269113487,3652668.957473204,0,0,0,0,1,1,1,0.8115282892274026,0.6234894218370538,3.3692803897087065,18,4,0.08822792079773784,3.1358149569928515,3.835305808191106,0,,0.0,0.0,0,nan,0,0,,0,nan,,0.0,0.0,0,nan,nan,nan,nan,nan,nan,0,0.0,0,nan,nan,0.6784958564588657,0,3.835305808191106,0.08307539874482704,0.0,1,0.8115282892274026,0.6234894218370538,3.1358149569928515,5.601600082987624,nan,nan,0,0.08307539874482704,0,7591f7c5b9f9066f,18,12.411467792924052,8,0,0,0,0,0,nan,-1,0,0
5,553801.0,-3811466.9368616007,3566805.2810216984,3652668.5074501694,0,0,0,0,0,1,1,2.3175465740808505,2.168531235662873,3.06684737130577,18,0,0.03619621658262093,2.9079889661919456,5.196288696401249,0,,0.0,0.0,0,nan,0,0,,0,nan,,0.0,0.0,0,nan,nan,nan,nan,nan,nan,0,0.0,0,nan,nan,0.7260254602098323,0,5.196288696401249,0.16943947432828108,0.0,1,2.3175465740808505,2.168531235662873,2.9079889661919456,4.501492370248857,0.03619621658262093,3.1660466738236344,0,0.16943947432828108,0,88c65eb697abea09,130,10.216811174314271,8,12,1,272,17,16,0.7611313232783544,15,18,17
6,553801.199999094,-3811466.943173036,3566805.2829087083,3652668.510097194,0,0,0,0,0,1,1,2.3295737294548458,2.185169304597871,3.0684249955277783,18,1,0.03619621658262093,2.9140634395128653,5.214914906817544,0,,0.0,0.0,0,nan,0,0,,0,nan,,0.0,0.0,0,nan,nan,nan,nan,nan,nan,0,0.0,0,nan,nan,0.7352065068840813,0,5.214914906817544,0.17641113800543315,0.0,1,2.3295737294548458,2.185169304597871,2.9140634395128653,4.502767777265328,nan,nan,0,0.17641113800543315,0,88c65eb697abea09,130,9.431604630927819,8,0,0,0,0,0,nan,-1,0,0
7,553801.3999989033,-3811466.946169016,3566805.286060807,3652668.511625461,0,0,0,0,0,1,1,2.3330546399946654,2.1893477920518065,3.0717992484845156,18,2,0.03619621658262093,2.9183103719055286,5.22272626655742,0,,0.0,0.0,0,nan,0,0,,0,nan,,0.0,0.0,0,nan,nan,nan,nan,nan,nan,0,0.0,0,nan,nan,0.7401782443694283,0,5.22272626655742,0.176694155502269,0.0,1,2.3330546399946654,2.1893477920518065,2.9183103719055286,4.50551780653807,nan,nan,0,0.176694155502269,0,88c65eb697abea09,130,9.401612716159468,8,0,0,0,0,0,nan,-1,0,0
8,553801.5999999046,-3811466.9486808027,3566805.286849198,3652668.513592462,0,0,0,0,0,1,1,2.334037034039953,2.1906111389759655,3.0738302970372007,18,3,0.03619621658262093,2.9206910900352514,5.2260045717897645,0,,0.0,0.0,0,nan,0,0,,0,nan,,0.0,0.0,0,nan,nan,nan,nan,nan,nan,0,0.0,0,nan,nan,0.741396419591866,0,5.2260045717897645,0.1767200009319357,0.0,1,2.334037034039953,2.1906111389759655,2.9206910900352514,4.508670296585049,nan,nan,0,0.17672000093193577,0,88c65eb697abea09,130,9.398901030152203,8,0,0,0,0,0,nan,-1,0,0
9,553801.7999999523,-3811466.9503314686,3566805.2865787297,3652668.5142038413,0,0,0,0,0,1,1,2.334342477665798,2.1910044170971754,3.0748751962741196,18,4,0.03619621658262093,2.9218277684509317,5.227359419801355,0,,0.0,0.0,0,nan,0,0,,0,nan,,0.0,0.0,0,nan,nan,nan,nan,nan,nan,0,0.0,0,nan,nan,0.7412220957237396,0,5.227359419801355,0.17672233946764795,0.0,1,2.334342477665798,2.1910044170971754,2.9218277684509317,4.5119408764961015,nan,nan,0,0.17672233946764795,0,88c65eb697abea09,130,9.398658694269788,8,0,0,0,0,0,nan,-1,0,0
10,553802.0,-3811467.108242471,3566805.588651914,3652667.7996094953,0,0,0,0,0,1,1,3.3016878216043297,2.168550039161797,2.752803433053683,18,0,0.046176996803574594,2.787643238761087,3.5658197817040187,0,,0.0,0.0,0,nan,0,0,,0,nan,,0.0,0.0,0,nan,nan,nan,nan,nan,nan,0,0.0,0,nan,nan,0.43095665766190877,1,3.555510221113062,0.06984122352754499,0.07556516341555293,3,3.2865197296433495,2.1536643677162344,2.787643238761087,3.871270358899591,0.046176996803574594,9.477003009138702,0,0.06655844348670034,0,547e188f4bbcc6ae,339,38.06134809570699,8,12,1,528,33,32,0.8632105595419894,150,18,17
11,553802.2000000477,-3811467.1168671288,3566805.5932573597,3652667.807037842,0,0,0,0,0,1,1,3.295629777073933,2.161814394853428,2.7568795700474764,18,1,0.046176996803574594,2.7992336434849636,3.5755144212597316,0,,0.0,0.0,0,nan,0,0,,0,nan,,0.0,0.0,0,nan,nan,nan,nan,nan,nan,0,0.0,0,nan,nan,0.41526754374927777,1,3.5654300440054945,0.07300435791767568,0.07314275540449403,3,3.2805557145418667,2.1469669344378266,2.7992336434849636,3.872751816434111,nan,nan,0,0.06968506945171762,0,547e188f4bbcc6ae,339,35.15282061233948,8,0,0,0,0,0,nan,-1,0,0
12,553802.3999989033,-3811467.1156772557,3566805.5935875596,3652667.8073552107,0,0,0,0,0,1,1,3.294197199254124,2.160043649021402,2.75279174445856,18,2,0.046176996803574594,2.7984202360446475,3.575118046478761,0,,0.0,0.0,0,nan,0,0,,0,nan,,0.0,0.0,0,nan,nan,nan,nan,nan,nan,0,0.0,0,nan,nan,0.41452119054783126,1,3.5650442707967196,0.07315640562040013,0.07306579087392148,3,3.27912674205741,2.1451943906495523,2.7984202360446475,3.875946808143127,nan,nan,0,0.06983411420133881,0,547e188f4bbcc6ae,339,35.038810223892455,8,0,0,0,0,0,nan,-1,0,0
13,553802.5999999046,-3811467.1215451485,3566805.594223698,3652667.8148330706,0,0,0,0,0,1,1,3.2937736254310743,2.1595755117068496,2.761835492704452,18,3,0.046176996803574594,2.806213529699768,3.5838604811301114,0,,0.0,0.0,0,nan,0,0,,0,nan,,0.0,0.0,0,nan,nan,nan,nan,nan,nan,0,0.0,0,nan,nan,0.40679995747182657,1,3.5737979126241517,0.07317507199117024,0.07305448622219912,3,3.2787037061562754,2.144726068459828,2.806213529699768,3.879610208024698,nan,nan,0,0.06985242711320572,0,547e188f4bbcc6ae,339,35.02519038807792,8,0,0,0,0,0,nan,-1,0,0
14,553802.7999989986,-3811467.116370178,3566805.592753338,3652667.8157646162,0,0,0,0,0,1,1,3.2936485523871966,2.159417382620111,2.75928551563088,18,4,0.046176996803574594,2.8025256514549035,3.584733019406731,0,,0.0,0.0,0,nan,0,0,,0,nan,,0.0,0.0,0,nan,nan,nan,nan,nan,nan,0,0.0,0,nan,nan,0.40743399605924613,1,3.574659258009985,0.07317566759037018,0.07305584224513195,3,3.2785787137684177,2.1445675916384372,2.8025256514549035,3.883410359678399,nan,nan,0,0.06985300454181706,0,547e188f4bbcc6ae,339,35.02471422734127,8,0,0,0,0,0,nan,-1,0,0
15,553803.0,-3811467.4750908157,3566806.067215958,3652666.8251926755,0,0,0,0,0,1,1,4.253385993002967,3.14852754263423,2.6867900666417883,18,0,0.052747126368075915,3.105797010015602,5.7575594072109375,0,,0.0,0.0,0,nan,0,0,,0,nan,,0.0,0.0,0,nan,nan,nan,nan,nan,nan,0,0.0,0,nan,nan,0.2928096776993043,1,5.757998842168124,0.035074229820885934,0.018172674933789663,2,4.254133043483845,3.1489279039179836,3.105797010015602,3.446529888958384,0.052747126368075915,19.23047039825005,0,0.03498921726382069,0,eea7295143f6fc6b,512,83.36755490709842,8,12,1,528,33,32,0.6785571864833975,262,18,17
16,553803.2000000477,-3811467.48701839,3566806.0741598764,3652666.835594138,0,0,0,0,0,1,1,4.255655464935712,3.1635151381820217,2.6932109336103984,18,1,0.052747126368075915,3.119802368110178,5.780233018675796,0,,0.0,0.0,0,nan,0,0,,0,nan,,0.0,0.0,0,nan,nan,nan,nan,nan,nan,0,0.0,0,nan,nan,0.3180803333041705,1,5.780366892282712,0.03664556222740008,0.010475651277338611,2,4.255899584724581,3.1636370556760673,3.119802368110178,3.4481955702239153,nan,nan,0,0.036615546287503964,0,eea7295143f6fc6b,512,77.26502694315525,8,0,0,0,0,0,nan,-1,0,0
17,553803.3999989033,-3811467.4909215695,3566806.077141064,3652666.8399957465,0,0,0,0,0,1,1,4.256411990737543,3.1672580023123666,2.6974381539937564,18,2,0.052747126368075915,3.125009995011446,5.788476504251681,0,,0.0,0.0,0,nan,0,0,,0,nan,,0.0,0.0,0,nan,nan,nan,nan,nan,nan,0,0.0,0,nan,nan,0.3258640320528548,1,5.788596895120229,0.03672369589763606,0.010066658390944274,2,4.256636056844258,3.167367594473843,3.125009995011446,3.451783951486298,nan,nan,0,0.036695842286741116,0,eea7295143f6fc6b,512,77.01941241737207,8,0,0,0,0,0,nan,-1,0,0
18,553803.5999999046,-3811467.4922913876,3566806.0785539644,3652666.8408402093,0,0,0,0,0,1,1,4.256643969925567,3.168385736527986,2.6986596699223018,18,3,0.052747126368075915,3.127045929572931,5.790938305761019,0,,0.0,0.0,0,nan,0,0,,0,nan,,0.0,0.0,0,nan,nan,nan,nan,nan,nan,0,0.0,0,nan,nan,0.3284392758883257,1,5.79105667358772,0.03673143203694653,0.010022273785715073,2,4.25686571707701,3.168493500421951,3.127045929572931,3.4558971212947447,nan,nan,0,0.03670377515984565,0,eea7295143f6fc6b,512,76.99620307039004,8,0,0,0,0,0,nan,-1,0,0
19,553803.7999989986,-3811467.493717931,3566806.0821427926,3652666.841862358,0,0,0,0,0,1,1,4.25673161889437,3.16871025718164,2.70156110159452,18,4,0.052747126368075915,3.1307497522122483,5.794411095705047,0,,0.0,0.0,0,nan,0,0,,0,nan,,0.0,0.0,0,nan,nan,nan,nan,nan,nan,0,0.0,0,nan,nan,0.3306421847128417,1,5.794528961951183,0.036732196255052106,0.010015754372886834,2,4.256952985141611,3.1688176520996705,3.1307497522122483,3.4601626839851276,nan,nan,0,0.03670456434292719,0,eea7295143f6fc6b,512,76.99360139314018,8,0,0,0,0,0,nan,-1,0,0
20,553804.0,-3811468.2512258226,3566807.127161279,3652666.0411167447,0,0,0,0,0,1,1,4.359253722513669,2.173210228580952,4.2342337806555,19,0,0.41380108143408434,4.432677198843442,6.22432903701543,0,,0.0,0.0,0,nan,0,0,,0,nan,,0.0,0.0,0,nan,nan,nan,nan,nan,nan,0,0.0,0,nan,nan,0.22652770830837074,1,6.646573940049692,0.04636585748884257,0.12189261616396117,2,6.118551045989714,2.797430258550613,4.432677198843442,3.1278257037825994,0.41380108143408434,31.3281035856981,0,0.04198882522721599,0,6a1e7e50dc8a564e,512,66.93764155197425,8,12,1,528,33,32,0.6253141080114136,279,19,17
21,553804.2000000477,-3811468.2762016263,3566807.1477124835,3652666.0704713147,0,0,0,0,0,1,1,4.361115719130073,2.198961237495252,4.260340552251378,19,1,0.41380108143408434,4.461016016307509,6.275242029549127,0,,0.0,0.0,0,nan,0,0,,0,nan,,0.0,0.0,0,nan,nan,nan,nan,nan,nan,0,0.0,0,nan,nan,0.24301942833834686,1,6.690903673029345,0.04830817835360832,0.12205086109796583,2,6.11723649531248,2.8084029947774725,4.461016016307509,3.1296622776171215,nan,nan,0,0.04385966667526448,0,6a1e7e50dc8a564e,512,61.84027998454601,8,0,0,0,0,0,nan,-1,0,0
22,553804.4000000954,-3811468.3232041937,3566807.190374269,3652666.116779394,0,0,0,0,0,1,1,4.364120463310251,2.199477694597762,4.341755494745182,19,2,0.41380108143408434,4.518888540953368,6.358959971360266,0,,0.0,0.0,0,nan,0,0,,0,nan,,0.0,0.0,0,nan,nan,nan,nan,nan,nan,0,0.0,0,nan,nan,0.2856740945414473,1,6.7652077077787975,0.048375264374169065,0.12208259434471827,2,6.118756865458633,2.808296227555072,4.518888540953368,3.133615782308128,nan,nan,0,0.043949524977526445,0,6a1e7e50dc8a564e,512,61.541773290002645,8,0,0,0,0,0,nan,-1,0,0
23,553804.599998951,-3811468.384972638,3566807.249667508,3652666.178069575,0,0,0,0,0,1,1,4.364722269372629,2.200360547801792,4.444964421550181,19,3,0.41380108143408434,4.598291171453807,6.465245162682659,0,,0.0,0.0,0,nan,0,0,,0,nan,,0.0,0.0,0,nan,nan,nan,nan,nan,nan,0,0.0,0,nan,nan,0.35999398750007766,1,6.860401063159802,0.04837967576340826,0.12208621719342476,2,6.119014979192424,2.808564981555869,4.598291171453807,3.1381460194226714,nan,nan,0,0.04395621158892519,0,6a1e7e50dc8a564e,512,61.518498626772725,8,0,0,0,0,0,nan,-1,0,0
24,553804.7999989986,-3811468.4433766464,3566807.3058876065,3652666.23595854,0,0,0,0,0,1,1,4.3648447388226685,2.200775771096264,4.542244326854964,19,4,0.41380108143408434,4.674433012700302,6.564966457643844,0,,0.0,0.0,0,nan,0,0,,0,nan,,0.0,0.0,0,nan,nan,nan,nan,nan,nan,0,0.0,0,nan,nan,0.3730704942232426,1,6.950059386342001,0.04838079162705311,0.12208663221693325,2,6.1190491945567835,2.808743730225877,4.674433012700302,3.1428429254599144,nan,nan,0,0.04395723785376914,0,6a1e7e50dc8a564e,512,61.51663942651771,8,0,0,0,0,0,nan,-1,0,0
25,553805.0,-3811469.1430459116,3566808.378780037,3652665.242065848,0,0,0,0,0,1,1,7.4241976945535315,2.2282308309058374,5.576263921042656,19,0,0.45207347146779936,6.079049261901037,7.219915405508518,0,,0.0,0.0,0,nan,0,0,,0,nan,,0.0,0.0,0,nan,nan,nan,nan,nan,nan,0,0.0,0,nan,nan,0.526578755625747,0,7.2203344591645635,0.08729765741289444,0.04284560258167165,4,7.422289436684981,2.2275294120367986,6.079049261901037,2.8664917765706495,0.45207347146779936,34.1184370362641,2,0.08659492284995748,0,daca05125ab2755f,512,48.372199582059736,8,12,1,528,33,32,0.7330440998121014,127,19,17
26,553805.2000000477,-3811469.1998369913,3566808.4256508183,3652665.301046837,0,0,0,0,0,1,1,7.428796475048956,2.2298997579018027,5.685037985231231,19,1,0.45207347146779936,6.137242304290757,7.327770642097647,0,,0.0,0.0,0,nan,0,0,,0,nan,,0.0,0.0,0,nan,nan,nan,nan,nan,nan,0,0.0,0,nan,nan,0.4821171451238321,1,7.3278064980234845,0.09105969747519924,0.029972543891692696,4,7.427474412135947,2.2292995655004444,6.137242304290757,2.8685097516386144,nan,nan,0,0.09058998181791346,0,daca05125ab2755f,512,44.700232731094246,8,0,0,0,0,0,nan,-1,0,0
27,553805.4000000954,-3811469.2591386302,3566808.4816262787,3652665.3585166847,0,0,0,0,0,1,1,7.4297668199160665,2.2310149879851897,5.785510162209737,19,2,0.45207347146779936,6.205098567218218,7.423244777151568,0,,0.0,0.0,0,nan,0,0,,0,nan,,0.0,0.0,0,nan,nan,nan,nan,nan,nan,0,0.0,0,nan,nan,0.46161732757202806,1,7.423270480241417,0.0911504431087416,0.02937876828023561,4,7.428465391525222,2.2304174131633006,6.205098567218218,2.8728261188560356,nan,nan,0,0.0906899279642752,0,daca05125ab2755f,512,44.5943022620325,8,0,0,0,0,0,nan,-1,0,0
28,553805.599998951,-3811469.281269085,3566808.503256852,3652665.3844249053,0,0,0,0,0,1,1,7.429787579042128,2.231591385224417,5.824694535605474,19,3,0.45207347146779936,6.23036815478936,7.461834380680201,0,,0.0,0.0,0,nan,0,0,,0,nan,,0.0,0.0,0,nan,nan,nan,nan,nan,nan,0,0.0,0,nan,nan,0.46332616284889083,1,7.46185784073302,0.09098910118927325,0.029327604593754542,4,7.428485794987206,2.2309929381530242,6.23036815478936,2.8777679017205555,nan,nan,0,0.0905296073633905,0,daca05125ab2755f,512,44.65018258378373,8,0,0,0,0,0,nan,-1,0,0
29,553805.7999989986,-3811469.289832711,3566808.5094558434,3652665.3944452847,0,0,0,0,0,1,1,7.42985082091785,2.2317268140507247,5.839031602667341,19,4,0.45207347146779936,6.238536922683064,7.475605442989481,0,,0.0,0.0,0,nan,0,0,,0,nan,,0.0,0.0,0,nan,nan,nan,nan,nan,nan,0,0.0,0,nan,nan,0.4654728072358288,1,7.475628595817536,0.09096957844931705,0.029321651576166594,4,7.428548878027291,2.231128143378569,6.238536922683064,2.8828893551859838,nan,nan,0,0.09051018606765653,0,daca05125ab2755f,512,44.65711139381642,8,0,0,0,0,0,nan,-1,0,0
30,553806.0,-3811469.988626393,3566809.4754408807,3652663.9545203396,0,0,0,0,1,1,1,8.243169657276495,1.1218123088055738,5.499014590877071,18,0,0.20942828977675063,7.767906518983791,5.4183478458145755,0,,0.0,0.0,0,nan,0,0,,0,nan,,0.0,0.0,0,nan,nan,nan,nan,nan,nan,0,0.0,0,nan,nan,0.3151035962978243,1,5.458126310785824,0.08347573647167245,0.25921524784388034,5,8.17118103886612,1.0420553849599716,7.767906518983791,2.6759519396472196,0.20942828977675063,48.48841794941493,0,0.07131351057380066,0,b3f4525bc8b8f4a5,512,63.376468875713755,8,12,1,528,33,32,0.6100576944116991,176,18,17
31,553806.2000000477,-3811469.984735076,3566809.4685588456,3652663.951979333,0,0,0,0,1,1,1,8.241840955960496,1.1167578671632958,5.501499054116888,18,1,0.20942828977675063,7.761402624521035,5.432942265654683,0,,0.0,0.0,0,nan,0,0,,0,nan,,0.0,0.0,0,nan,nan,nan,nan,nan,nan,0,0.0,0,nan,nan,0.30678876559532453,1,5.468778830328435,0.08597802225133684,0.2549895026444118,5,8.171414295851072,1.039831541769,7.761402624521035,2.678099417447205,nan,nan,0,0.07424661392268674,0,b3f4525bc8b8f4a5,512,58.59045846363662,8,0,0,0,0,0,nan,-1,0,0
32,553806.4000000954,-3811469.9869406754,3566809.470428908,3652663.9587578727,0,0,0,0,1,1,1,8.241620033046928,1.1158589801813534,5.511743731192529,18,2,0.20942828977675063,7.761809677319955,5.445812772756988,0,,0.0,0.0,0,nan,0,0,,0,nan,,0.0,0.0,0,nan,nan,nan,nan,nan,nan,0,0.0,0,nan,nan,0.29692465471619117,1,5.481411558313067,0.08611980287706159,0.25460047931562935,5,8.17135051091562,1.0392519250494625,7.761809677319955,2.6827187110635777,nan,nan,0,0.07440876965337274,0,b3f4525bc8b8f4a5,512,58.37093569027231,8,0,0,0,0,0,nan,-1,0,0
33,553806.599998951,-3811469.989975492,3566809.47058704,3652663.963755162,0,0,0,0,1,1,1,8.241535402153676,1.115531931164059,5.5172720222958995,18,3,0.20942828977675063,7.762046597964363,5.452729092327325,0,,0.0,0.0,0,nan,0,0,,0,nan,,0.0,0.0,0,nan,nan,nan,nan,nan,nan,0,0.0,0,nan,nan,0.29255320133906165,1,5.488286033969094,0.08612380672670461,0.2545450854149271,5,8.171278646374835,1.0389865436337808,7.762046597964363,2.688009043087361,nan,nan,0,0.07441392951832525,0,b3f4525bc8b8f4a5,512,58.358883429368625,8,0,0,0,0,0,nan,-1,0,0
34,553806.7999989986,-3811469.990245999,3566809.4692104803,3652663.967523169,0,0,0,0,1,1,1,8.241512286033567,1.1154336877091542,5.518776482198639,18,4,0.20942828977675063,7.7602707554821695,5.455040857899046,0,,0.0,0.0,0,nan,0,0,,0,nan,,0.0,0.0,0,nan,nan,nan,nan,nan,nan,0,0.0,0,nan,nan,0.29122075374865414,1,5.4905544838091105,0.08612323844406009,0.25452971139058495,5,8.171258888422834,1.0389074684149444,7.7602707554821695,2.693491032534563,nan,nan,0,0.0744133971423941,0,b3f4525bc8b8f4a5,512,58.35858594946931,8,0,0,0,0,0,nan,-1,0,0
35,553807.0,-3811469.6260167784,3566809.1338563124,3652663.7525704727,0,0,0,0,0,1,1,2.982191446175133,4.58699074543391,5.190504025042034,18,0,0.290947663274422,7.379445960938236,5.150935924497962,0,,0.0,0.0,0,nan,0,0,,0,nan,,0.0,0.0,0,nan,nan,nan,nan,nan,nan,0,0.0,0,nan,nan,0.6367169503050796,0,5.150935924497962,0.07916666666666669,0.0,1,2.982191446175133,4.58699074543391,7.379445960938236,2.51694055961129,0.290947663274422,11.353875378426523,3,0.07916666666666669,0,60cbf5c6bd3b273a,260,13.292595266387389,8,12,1,528,33,32,0.6327964625767568,185,18,17
36,553807.2000000477,-3811469.6224498507,3566809.1424942133,3652663.7536380137,0,0,0,0,0,1,1,2.9826159158053196,4.586748144571808,5.190754228212314,18,1,0.290947663274422,7.383300340107547,5.153871505021943,0,,0.0,0.0,0,nan,0,0,,0,nan,,0.0,0.0,0,nan,nan,nan,nan,nan,nan,0,0.0,0,nan,nan,0.636342982992731,0,5.153871505021943,0.07915615353714814,0.0,1,2.9826159158053196,4.586748144571808,7.383300340107547,2.5192272188702924,nan,nan,0,0.07915615353714814,0,60cbf5c6bd3b273a,260,13.296106181078484,8,0,0,0,0,0,nan,-1,0,0
37,553807.4000000954,-3811469.6206808384,3566809.146307388,3652663.7510239463,0,0,0,0,0,1,1,2.982650297229474,4.586946412962997,5.189321476759525,18,2,0.290947663274422,7.386063756140029,5.1551203656758355,0,,0.0,0.0,0,nan,0,0,,0,nan,,0.0,0.0,0,nan,nan,nan,nan,nan,nan,0,0.0,0,nan,nan,0.6341465642502264,0,5.1551203656758355,0.07915716793396331,0.0,1,2.982650297229474,4.586946412962997,7.386063756140029,2.5241381694578493,nan,nan,0,0.07915716793396331,0,60cbf5c6bd3b273a,260,13.295767359657583,8,0,0,0,0,0,nan,-1,0,0
38,553807.599998951,-3811469.6210586494,3566809.147532764,3652663.7527582804,0,0,0,0,0,1,1,2.9829554368090885,4.586894388211663,5.191298903562126,18,3,0.290947663274422,7.386515143862588,5.155976702619806,0,,0.0,0.0,0,nan,0,0,,0,nan,,0.0,0.0,0,nan,nan,nan,nan,nan,nan,0,0.0,0,nan,nan,0.6362089499868089,0,5.155976702619806,0.07915686812924852,0.0,1,2.9829554368090885,4.586894388211663,7.386515143862588,2.5297604073832183,nan,nan,0,0.07915686812924852,0,60cbf5c6bd3b273a,260,13.295867496944162,8,0,0,0,0,0,nan,-1,0,0
39,553807.7999989986,-3811469.626019064,3566809.149713479,3652663.7578284247,0,0,0,0,0,1,1,2.982984993091164,4.5868990248727215,5.198263857891848,18,4,0.290947663274422,7.389012841815085,5.160582719992699,0,,0.0,0.0,0,nan,0,0,,0,nan,,0.0,0.0,0,nan,nan,nan,nan,nan,nan,0,0.0,0,nan,nan,0.6432794740467543,0,5.160582719992699,0.07915682079069132,0.0,1,2.982984993091164,4.5868990248727215,7.389012841815085,2.535584634868319,nan,nan,0,0.07915682079069132,0,60cbf5c6bd3b273a,260,13.295883308518306,8,0,0,0,0,0,nan,-1,0,0
40,553808.0,-3811469.5997325815,3566809.023372303,3652663.9772674013,0,0,0,0,1,1,1,7.10656448751798,1.4305046264212515,4.974431904281264,18,0,0.30400967615543767,7.200881418648142,4.236252863813723,0,,0.0,0.0,0,nan,0,0,,0,nan,,0.0,0.0,0,nan,nan,nan,nan,nan,nan,0,0.0,0,nan,nan,0.4612491096799459,1,4.236252815907357,0.06318375085189382,0.03275535482538554,3,7.1045721772728445,1.4297172574459531,7.200881418648142,2.3699637257269357,0.30400967615543767,10.823505896235373,1,0.06263166148121073,0,a5667da7983d8ee3,512,57.82263634394375,8,12,1,528,33,32,0.4612491096799459,171,18,17
41,553808.199999094,-3811469.604565452,3566809.022197833,3652663.975938404,0,0,0,0,1,1,1,7.105506444982754,1.4240987901788016,4.975390854091056,18,1,0.30400967615543767,7.203308836127141,4.253807009258921,0,,0.0,0.0,0,nan,0,0,,0,nan,,0.0,0.0,0,nan,nan,nan,nan,nan,nan,0,0.0,0,nan,nan,0.45220696885176614,1,4.253619297836891,0.06557789296425762,0.030691383106726207,3,7.103173811263414,1.4233155332532839,7.203308836127141,2.3723777286033028,nan,nan,0,0.06506712511252741,0,a5667da7983d8ee3,512,53.6923108868207,8,0,0,0,0,0,nan,-1,0,0
42,553808.4000000954,-3811469.6200710684,3566809.0384342065,3652663.9914526143,0,0,0,0,1,1,1,7.105359849016452,1.4236310402765866,5.004874842567653,18,2,0.30400967615543767,7.218677470522274,4.284726294319211,0,,0.0,0.0,0,nan,0,0,,0,nan,,0.0,0.0,0,nan,nan,nan,nan,nan,nan,0,0.0,0,nan,nan,0.44445350718114573,1,4.284536101364091,0.06567027425014028,0.03060051671613886,3,7.103013012694532,1.4228481133680206,7.218677470522274,2.3775886360799108,nan,nan,0,0.06516154683910505,0,a5667da7983d8ee3,512,53.5193639736741,8,0,0,0,0,0,nan,-1,0,0
43,553808.599998951,-3811469.6378614362,3566809.0555787836,3652664.004021144,0,0,0,0,1,1,1,7.105280570552048,1.4230441254071913,5.030793260613999,18,3,0.30400967615543767,7.237151120487444,4.311286542415223,0,,0.0,0.0,0,nan,0,0,,0,nan,,0.0,0.0,0,nan,nan,nan,nan,nan,nan,0,0.0,0,nan,nan,0.43579691883162897,1,4.311101488272141,0.06567887313186764,0.030591722278166776,3,7.102932586784516,1.4222615004448995,7.237151120487444,2.3835556216658462,nan,nan,0,0.06517028804665108,0,a5667da7983d8ee3,512,53.50512244913784,8,0,0,0,0,0,nan,-1,0,0
44,553808.7999999523,-3811469.6511755534,3566809.0698531303,3652664.016906605,0,0,0,0,1,1,1,7.105262039902361,1.4228818236954877,5.053571782890433,18,4,0.30400967615543767,7.250854808964697,4.3337265244616265,0,,0.0,0.0,0,nan,0,0,,0,nan,,0.0,0.0,0,nan,nan,nan,nan,nan,nan,0,0.0,0,nan,nan,0.4320609983850578,1,4.333545171440912,0.06568014001821551,0.03059127729947914,3,7.102914025708363,1.422099399938887,7.250854808964697,2.3897359609892086,nan,nan,0,0.06517156094197576,0,a5667da7983d8ee3,512,53.50393579466484,8,0,0,0,0,0,nan,-1,0,0
45,553809.0,-3811469.415095297,3566808.780492458,3652664.2735296553,0,0,0,0,0,1,1,2.305583065281712,4.654572511883543,5.037513551886008,19,0,0.28473158978728563,6.812160832921714,4.997668538486424,0,,0.0,0.0,0,nan,0,0,,0,nan,,0.0,0.0,0,nan,nan,nan,nan,nan,nan,0,0.0,0,nan,nan,0.49565343118507116,1,6.4879269082286,0.07981354952297155,0.021754455056926882,2,3.727775915376702,8.72094158831914,6.812160832921714,2.21892742224765,0.28473158978728563,2.718979748563414,6,0.07953489223671964,0,832d821e147a649e,330,13.235282934953698,8,12,1,528,33,32,0.49085493694534477,184,19,17
46,553809.199999094,-3811469.414116654,3566808.77971777,3652664.2705520685,0,0,0,0,0,1,1,2.3034206186082087,4.660619479488191,5.057972790812813,19,1,0.28473158978728563,6.812011773640396,5.003881068755463,0,,0.0,0.0,0,nan,0,0,,0,nan,,0.0,0.0,0,nan,nan,nan,nan,nan,nan,0,0.0,0,nan,nan,0.5128846329789352,0,6.490703636722288,0.07979946470673024,0.0218539701462284,2,3.719129576025299,8.730216750968374,6.812011773640396,2.2215420717411725,nan,nan,0,0.079519716565763,0,832d821e147a649e,330,13.240602164912534,8,0,0,0,0,0,nan,-1,0,0
47,553809.4000000954,-3811469.4182153256,3566808.7827237993,3652664.2755420734,0,0,0,0,0,1,1,2.303685689922276,4.662041900147025,5.070793541123231,19,2,0.28473158978728563,6.814965548955687,5.009247899134847,0,,0.0,0.0,0,nan,0,0,,0,nan,,0.0,0.0,0,nan,nan,nan,nan,nan,nan,0,0.0,0,nan,nan,0.5240656024586501,0,6.48944157881952,0.0798025545749067,0.021857264029505857,2,3.7169941836575218,8.732456636585017,6.814965548955687,2.2271151595485317,nan,nan,0,0.07952305127072173,0,832d821e147a649e,330,13.239436700576594,8,0,0,0,0,0,nan,-1,0,0
48,553809.599998951,-3811469.4134697006,3566808.7775105317,3652664.2671238803,0,0,0,0,0,1,1,2.3034653897724,4.662800295225645,5.060965283991186,19,3,0.28473158978728563,6.8111547264812495,5.003457619164023,0,,0.0,0.0,0,nan,0,0,,0,nan,,0.0,0.0,0,nan,nan,nan,nan,nan,nan,0,0.0,0,nan,nan,0.5132932722466821,0,6.49196043693229,0.07981029884663819,0.021836918334946914,2,3.7175538336786906,8.733578008686095,6.8111547264812495,2.233486817838483,nan,nan,0,0.07953140441853665,0,832d821e147a649e,330,13.236514829222342,8,0,0,0,0,0,nan,-1,0,0
49,553809.7999999523,-3811469.3977967124,3566808.765014775,3652664.2510027033,0,0,0,0,0,1,1,2.3034695730602945,4.662989052701453,5.036159613657036,19,4,0.28473158978728563,6.798190767216363,4.986169665367903,0,,0.0,0.0,0,nan,0,0,,0,nan,,0.0,0.0,0,nan,nan,nan,nan,nan,nan,0,0.0,0,nan,nan,0.4892918018039308,1,6.492421500419843,0.0798119925064456,0.021832994309710408,2,3.7176323001093845,8.733883182384757,6.798190767216363,2.240082038541546,nan,nan,0,0.07953323121291704,0,832d821e147a649e,330,13.235875938778955,8,0,0,0,0,0,nan,-1,0,0
50,553810.0,-3811469.2985404828,3566808.640770682,3652664.524779216,0,0,0,0,0,1,1,1.9865450145522032,4.629703618441581,4.962177133669494,19,0,0.26506036033573993,6.559054910956704,5.0438729295309015,0,,0.0,0.0,0,nan,0,0,,0,nan,,0.0,0.0,0,nan,nan,nan,nan,nan,nan,0,0.0,0,nan,nan,0.5164070520417624,0,5.0438729295309015,0.19179650430176673,0.0,1,1.9865450145522032,4.629703618441581,6.559054910956704,2.1205173581613557,0.26506036033573993,1.8608898760313553,0,0.19179650430176673,0,832d821e147a649e,390,12.200834412910526,8,12,1,528,33,32,0.5077753539292839,183,19,17
51,553810.199999094,-3811469.3039292046,3566808.64487794,3652664.529502901,0,0,0,0,0,1,1,1.9835481965655808,4.629003884750181,4.972768557405449,19,1,0.26506036033573993,6.563846145743955,5.0538356297109965,0,,0.0,0.0,0,nan,0,0,,0,nan,,0.0,0.0,0,nan,nan,nan,nan,nan,nan,0,0.0,0,nan,nan,0.5252349872469292,0,5.0538356297109965,0.2044558536217034,0.0,1,1.9835481965655808,4.629003884750181,6.563846145743955,2.1232300878221277,nan,nan,0,0.2044558536217034,0,832d821e147a649e,390,10.853083283575435,8,0,0,0,0,0,nan,-1,0,0
52,553810.4000000954,-3811469.315596398,3566808.65828624,3652664.5406800522,0,0,0,0,0,1,1,1.9828464299634019,4.629270611839581,4.993502813661418,19,2,0.26506036033573993,6.5773148379183635,5.070523711099495,0,,0.0,0.0,0,nan,0,0,,0,nan,,0.0,0.0,0,nan,nan,nan,nan,nan,nan,0,0.0,0,nan,nan,0.5449018697643266,0,5.070523711099495,0.20545453045845322,0.0,1,1.9828464299634019,4.629270611839581,6.5773148379183635,2.129054448480933,nan,nan,0,0.20545453045845322,0,832d821e147a649e,390,10.759470953710816,8,0,0,0,0,0,nan,-1,0,0
53,553810.599998951,-3811469.34256695,3566808.6845943565,3652664.568832754,0,0,0,0,0,1,1,1.9826254286001341,4.629422767908097,5.040506943397922,19,3,0.26506036033573993,6.60440914717434,5.104081372847034,0,,0.0,0.0,0,nan,0,0,,0,nan,,0.0,0.0,0,nan,nan,nan,nan,nan,nan,0,0.0,0,nan,nan,0.5899016165939533,0,5.104081372847034,0.20556125824890775,0.0,1,1.9826254286001341,4.629422767908097,6.60440914717434,2.1357169279087573,nan,nan,0,0.20556125824890775,0,832d821e147a649e,390,10.750816350797807,8,0,0,0,0,0,nan,-1,0,0
54,553810.7999999523,-3811469.3769528917,3566808.7217116025,3652664.6004809807,0,0,0,0,0,1,1,1.9825572981346395,4.629393726693856,5.098551211388733,19,4,0.26506036033573993,6.643192315066824,5.149677087485969,0,,0.0,0.0,0,nan,0,0,,0,nan,,0.0,0.0,0,nan,nan,nan,nan,nan,nan,0,0.0,0,nan,nan,0.5585521256199842,0,5.149677087485969,0.20557338113714552,0.0,1,1.9825572981346395,4.629393726693856,6.643192315066824,2.142612579201163,nan,nan,0,0.20557338113714552,0,832d821e147a649e,390,10.749871783102844,8,0,0,0,0,0,nan,-1,0,0
55,553811.0,-3811469.235102616,3566808.4984445698,3652664.8116010264,0,0,0,0,0,1,1,1.681668167271973,4.654817598919733,5.151119482644341,19,0,0.25623423622778385,6.33108764208706,5.099965187990048,0,,0.0,0.0,0,nan,0,0,,0,nan,,0.0,0.0,0,nan,nan,nan,nan,nan,nan,0,0.0,0,nan,nan,0.5667238696739726,0,5.099965187990048,0.2983592843098904,0.0,1,1.681668167271973,4.654817598919733,6.33108764208706,2.0332112461865335,0.25623423622778385,1.334637417535249,0,0.2983592843098904,0,832d821e147a649e,427,8.849077094212303,8,12,1,528,33,32,0.4809403073828575,234,19,17
56,553811.199999094,-3811469.2729791864,3566808.5359099815,3652664.848355844,0,0,0,0,0,1,1,1.6801608566260149,4.65544647144675,5.235284514033264,19,1,0.25623423622778385,6.372082856127787,5.155963010811012,0,,0.0,0.0,0,nan,0,0,,0,nan,,0.0,0.0,0,nan,nan,nan,nan,nan,nan,0,0.0,0,nan,nan,0.6190237452914793,0,5.155963010811012,0.31895961070438655,0.0,1,1.6801608566260149,4.65544647144675,6.372082856127787,2.036041422985263,nan,nan,0,0.31895961070438666,0,832d821e147a649e,427,7.803035975653322,8,0,0,0,0,0,nan,-1,0,0
57,553811.4000000954,-3811469.3265806404,3566808.588842787,3652664.9009892987,0,0,0,0,0,1,1,1.679816364988493,4.656055634386432,5.331168126328143,19,2,0.25623423622778385,6.430540122500017,5.226064020793318,0,,0.0,0.0,0,nan,0,0,,0,nan,,0.0,0.0,0,nan,nan,nan,nan,nan,nan,0,0.0,0,nan,nan,0.5298478566360533,0,5.226064020793318,0.3206228253573557,0.0,1,1.679816364988493,4.656055634386432,6.430540122500017,2.042114738166459,nan,nan,0,0.3206228253573557,0,832d821e147a649e,427,7.727895914643818,8,0,0,0,0,0,nan,-1,0,0
58,553811.599998951,-3811469.383561751,3566808.6461469145,3652664.9577724473,0,0,0,0,0,1,1,1.6797292572770743,4.656161096948208,5.429669591884242,19,3,0.25623423622778385,6.494106070676691,5.3002714933469965,0,,0.0,0.0,0,nan,0,0,,0,nan,,0.0,0.0,0,nan,nan,nan,nan,nan,nan,0,0.0,0,nan,nan,0.4436328259574285,1,5.3002714933469965,0.32079320863655814,0.0,1,1.6797292572770743,4.656161096948208,6.494106070676691,2.0490599946754635,nan,nan,0,0.32079320863655825,0,832d821e147a649e,427,7.72025973446932,8,0,0,0,0,0,nan,-1,0,0
59,553811.7999999523,-3811469.4447181495,3566808.7062500827,3652665.0216358565,0,0,0,0,0,1,1,1.6797028883815803,4.6562279946781,5.535782839134796,19,4,0.25623423622778385,6.561561787920344,5.379202450288848,0,,0.0,0.0,0,nan,0,0,,0,nan,,0.0,0.0,0,nan,nan,nan,nan,nan,nan,0,0.0,0,nan,nan,0.35996260987539364,1,5.379202450288848,0.3208072063617194,0.0,1,1.6797028883815803,4.6562279946781,6.561561787920344,2.056246294564471,nan,nan,0,0.3208072063617194,0,832d821e147a649e,427,7.719643298403997,8,0,0,0,0,0,nan,-1,0,0
60,553812.0,-3811469.1845345027,3566808.40403197,3652665.053313325,0,0,0,0,0,1,1,1.451333567935584,4.739353559009276,5.6052376997611,19,0,0.24999160052313082,6.166848881541285,5.17694506666933,0,,0.0,0.0,0,nan,0,0,,0,nan,,0.0,0.0,0,nan,nan,nan,nan,nan,nan,0,0.0,0,nan,nan,0.5753278322753934,0,5.17694506666933,0.25834219791086754,0.0,1,1.451333567935584,4.739353559009276,6.166848881541285,1.9549034460280577,0.24999160052313082,1.3371359063100048,0,0.25834219791086754,0,832d821e147a649e,496,11.966010494733213,8,12,1,528,33,32,0.5070410943212287,421,19,17
61,553812.199999094,-3811469.2331142887,3566808.4537998647,3652665.1059620883,0,0,0,0,0,1,1,1.4494783829478337,4.743462193857172,5.7343701358619805,19,1,0.24999160052313082,6.221608856680122,5.255596395790867,0,,0.0,0.0,0,nan,0,0,,0,nan,,0.0,0.0,0,nan,nan,nan,nan,nan,nan,0,0.0,0,nan,nan,0.48093481149917433,1,5.255596395790867,0.27405397601740844,0.0,1,1.4494783829478337,4.743462193857172,6.221608856680122,1.9578471472005274,nan,nan,0,0.27405397601740844,0,832d821e147a649e,496,10.716705796095773,8,0,0,0,0,0,nan,-1,0,0
62,553812.4000000954,-3811469.2980974317,3566808.5156194377,3652665.1719480325,0,0,0,0,0,1,1,1.4491565052008584,4.74443741458611,5.853623862766625,19,2,0.24999160052313082,6.29338323410037,5.341447554645174,0,,0.0,0.0,0,nan,0,0,,0,nan,,0.0,0.0,0,nan,nan,nan,nan,nan,nan,0,0.0,0,nan,nan,0.3913207158322924,1,5.341447554645174,0.2753758474451051,0.0,1,1.4491565052008584,4.74443741458611,6.29338323410037,1.9641623367477135,nan,nan,0,0.2753758474451051,0,832d821e147a649e,496,10.623033288280801,8,0,0,0,0,0,nan,-1,0,0
63,553812.599998951,-3811469.323044764,3566808.5407642205,3652665.198648223,0,0,0,0,0,1,1,1.4491396562735517,4.744308971453749,5.897989477991351,19,3,0.24999160052313082,6.322016967199731,5.374556494878681,0,,0.0,0.0,0,nan,0,0,,0,nan,,0.0,0.0,0,nan,nan,nan,nan,nan,nan,0,0.0,0,nan,nan,0.36177873524424653,1,5.374556494878681,0.27576841816008824,0.0,1,1.4491396562735517,4.744308971453749,6.322016967199731,1.971382263637691,nan,nan,0,0.27576841816008824,0,832d821e147a649e,496,10.596215989478074,8,0,0,0,0,0,nan,-1,0,0
64,553812.7999999523,-3811469.331030157,3566808.5471869325,3652665.210737892,0,0,0,0,0,1,1,1.4491230720346175,4.744394105791849,5.9142620585397925,19,4,0.24999160052313082,6.329239134620994,5.383901775321732,0,,0.0,0.0,0,nan,0,0,,0,nan,,0.0,0.0,0,nan,nan,nan,nan,nan,nan,0,0.0,0,nan,nan,0.35307446615638505,1,5.383901775321732,0.27580899679339504,0.0,1,1.4491230720346175,4.744394105791849,6.329239134620994,1.978850681069604,nan,nan,0,0.27580899679339504,0,832d821e147a649e,496,10.5934561732523,8,0,0,0,0,0,nan,-1,0,0
65,553813.0,-3811469.0978832426,3566808.2461486016,3652665.22409359,0,0,0,0,0,1,1,1.2355460583880888,4.782317240901439,5.734677466175247,18,0,0.20590055846808142,5.954818255721592,5.149224024942631,0,,0.0,0.0,0,nan,0,0,,0,nan,,0.0,0.0,0,nan,nan,nan,nan,nan,nan,0,0.0,0,nan,nan,0.5858713678659478,0,5.149224024942631,0.19678783916446754,0.0,1,1.2355460583880888,4.782317240901439,5.954818255721592,1.887203157661293,0.20590055846808142,0.8545983346324524,0,0.19678783916446754,0,832d821e147a649e,510,14.587963560240377,8,12,1,528,33,32,0.49598688751931463,453,18,17
66,553813.199999094,-3811469.0866705896,3566808.2339572455,3652665.214502371,0,0,0,0,0,1,1,1.2348622780473357,4.789766129830765,5.739384637460836,18,1,0.20590055846808142,5.940850326801397,5.138752366247736,0,,0.0,0.0,0,nan,0,0,,0,nan,,0.0,0.0,0,nan,nan,nan,nan,nan,nan,0,0.0,0,nan,nan,0.596122698992343,0,5.138752366247736,0.208266749147021,0.0,1,1.2348622780473357,4.789766129830765,5.940850326801397,1.890252728871852,nan,nan,0,0.208266749147021,0,832d821e147a649e,510,13.115849996201328,8,0,0,0,0,0,nan,-1,0,0
67,553813.4000000954,-3811469.0863395133,3566808.2326866523,3652665.2164501403,0,0,0,0,0,1,1,1.2346936516670073,4.791316925947698,5.74575562771126,18,2,0.20590055846808142,5.9392505269522475,5.138457577592828,0,,0.0,0.0,0,nan,0,0,,0,nan,,0.0,0.0,0,nan,nan,nan,nan,nan,nan,0,0.0,0,nan,nan,0.5946960666893033,0,5.138457577592828,0.2091078072123424,0.0,1,1.2346936516670073,4.791316925947698,5.9392505269522475,1.8967930862073663,nan,nan,0,0.2091078072123424,0,832d821e147a649e,510,13.01855635341865,8,0,0,0,0,0,nan,-1,0,0
68,553813.599998951,-3811469.0871777595,3566808.234115772,3652665.22406919,0,0,0,0,0,1,1,1.2346614361786934,4.791915241693832,5.753886074567227,18,3,0.20590055846808142,5.939136892899335,5.139291945816404,0,,0.0,0.0,0,nan,0,0,,0,nan,,0.0,0.0,0,nan,nan,nan,nan,nan,nan,0,0.0,0,nan,nan,0.5907467452432946,0,5.139291945816404,0.20918947396399654,0.0,1,1.2346614361786934,4.791915241693832,5.939136892899335,1.9042684866028543,nan,nan,0,0.20918947396399654,0,832d821e147a649e,510,13.009114798767415,8,0,0,0,0,0,nan,-1,0,0
69,553813.7999999523,-3811469.0913300556,3566808.235501047,3652665.228706436,0,0,0,0,0,1,1,1.2346500431956926,4.792029794162258,5.7603227340181204,18,4,0.20590055846808142,5.941714552284891,5.1427322398560475,0,,0.0,0.0,0,nan,0,0,,0,nan,,0.0,0.0,0,nan,nan,nan,nan,nan,nan,0,0.0,0,nan,nan,0.5850877020718718,0,5.1427322398560475,0.2091998113399516,0.0,1,1.2346500431956926,4.792029794162258,5.941714552284891,1.9119990826985265,nan,nan,0,0.2091998113399516,0,832d821e147a649e,510,13.007966883326244,8,0,0,0,0,0,nan,-1,0,0
70,553814.0,-3811469.037298305,3566808.123900659,3652665.37507361,0,0,0,0,1,1,1,6.730370202405036,1.5135720233891339,5.580307989813202,19,0,0.17166137233746512,5.7928469079199845,6.458262784318939,0,,0.0,0.0,0,nan,0,0,,0,nan,,0.0,0.0,0,nan,nan,nan,nan,nan,nan,0,0.0,0,nan,nan,0.554811256994838,0,6.458290854411589,0.1787652261306704,0.015652423293368863,2,6.730927057790241,1.5140272589357868,5.7928469079199845,1.8222119807090562,0.17166137233746512,0.6712067054049101,0,0.1784110739547978,0,994d54c9040caa4d,512,13.800730721037777,8,12,1,528,33,32,0.4863739347183103,420,19,17
71,553814.199999094,-3811469.0540562454,3566808.1413113913,3652665.3910148344,0,0,0,0,1,1,1,6.729584523978256,1.509732805465205,5.61628545237455,19,1,0.17166137233746512,5.813242256654249,6.483538613269898,0,,0.0,0.0,0,nan,0,0,,0,nan,,0.0,0.0,0,nan,nan,nan,nan,nan,nan,0,0.0,0,nan,nan,0.5802017838415128,0,6.4835590683587085,0.1893906761106878,0.010511221494651207,2,6.729841090023448,1.5099441005214733,5.813242256654249,1.8253700871584446,nan,nan,0,0.1892200154192159,0,994d54c9040caa4d,512,12.419405609260712,8,0,0,0,0,0,nan,-1,0,0
72,553814.4000000954,-3811469.078650902,3566808.166167389,3652665.413996416,0,0,0,0,1,1,1,6.729285781781589,1.5088930313686586,5.658664875517778,19,2,0.17166137233746512,5.8428614098649145,6.5216773508088295,0,,0.0,0.0,0,nan,0,0,,0,nan,,0.0,0.0,0,nan,nan,nan,nan,nan,nan,0,0.0,0,nan,nan,0.6025678044420001,0,6.5216983665665635,0.19018194099928276,0.010171793722875511,2,6.729527788083305,1.5090927184864493,5.8428614098649145,1.8321420652407963,nan,nan,0,0.1900208847019407,0,994d54c9040caa4d,512,12.329711125141495,8,0,0,0,0,0,nan,-1,0,0
73,553814.599998951,-3811469.1003943384,3566808.188215709,3652665.432468175,0,0,0,0,1,1,1,6.729130453488663,1.508742916419251,5.6937449792407095,19,3,0.17166137233746512,5.86957827210506,6.55417490432032,0,,0.0,0.0,0,nan,0,0,,0,nan,,0.0,0.0,0,nan,nan,nan,nan,nan,nan,0,0.0,0,nan,nan,0.5699778374734188,0,6.554195572955498,0.19027396579734293,0.0101315775543347,2,6.72937085392898,1.5089413340489946,5.86957827210506,1.8398801572128798,nan,nan,0,0.1901139946792964,0,994d54c9040caa4d,512,12.319062066451103,8,0,0,0,0,0,nan,-1,0,0
74,553814.7999999523,-3811469.1283504013,3566808.217287369,3652665.456551214,0,0,0,0,1,1,1,6.7291122644037396,1.50865341823845,5.739741364493762,19,4,0.17166137233746512,5.904559055478418,6.597032041770724,0,,0.0,0.0,0,nan,0,0,,0,nan,,0.0,0.0,0,nan,nan,nan,nan,nan,nan,0,0.0,0,nan,nan,0.5280111929999078,0,6.597052222443519,0.19027761962714515,0.010127709074342139,2,6.729352698500951,1.5088519100779312,5.904559055478418,1.8478801402022942,nan,nan,0,0.19011768917939342,0,994d54c9040caa4d,512,12.318770890020714,8,0,0,0,0,0,nan,-1,0,0
75,553815.0,-3811468.9644313212,3566808.0002683788,3652665.475848125,0,0,0,0,1,1,1,6.607829195076386,1.5768851934304187,5.563605699858875,18,0,0.16723452360142665,5.634140693340448,6.491113964711947,0,,0.0,0.0,0,nan,0,0,,0,nan,,0.0,0.0,0,nan,nan,nan,nan,nan,nan,0,0.0,0,nan,nan,0.584693515824949,0,6.491135498166465,0.2218440474220468,0.013393734414181683,2,6.608230158697494,1.5772124305081778,5.634140693340448,1.7651404205727586,0.16723452360142665,0.6444207763429423,0,0.22152415351656962,0,994d54c9040caa4d,512,12.381302840681128,8,12,1,528,33,32,0.5098827922879829,405,18,17
76,553815.199999094,-3811468.9626228022,3566807.997926585,3652665.473465487,0,0,0,0,1,1,1,6.610327779952831,1.5771931579333331,5.570540408788409,18,1,0.16723452360142665,5.631694436909621,6.493727437648274,0,,0.0,0.0,0,nan,0,0,,0,nan,,0.0,0.0,0,nan,nan,nan,nan,nan,nan,0,0.0,0,nan,nan,0.5872241158140626,0,6.493737865850825,0.2350251584885657,0.008688350229881374,2,6.610498102043731,1.5773325825287396,5.631694436909621,1.7684010070562826,nan,nan,0,0.23488067025817236,0,994d54c9040caa4d,512,11.13166232987089,8,0,0,0,0,0,nan,-1,0,0
77,553815.4000000954,-3811468.961974218,3566807.996615348,3652665.4761489625,0,0,0,0,1,1,1,6.6109868117564385,1.5765919257490961,5.574369835415747,18,2,0.16723452360142665,5.6297856190029805,6.4966220353066335,0,,0.0,0.0,0,nan,0,0,,0,nan,,0.0,0.0,0,nan,nan,nan,nan,nan,nan,0,0.0,0,nan,nan,0.5901653778804827,0,6.496632154409354,0.23598755120153508,0.00840586072028403,2,6.611146269452132,1.5767225584087006,5.6297856190029805,1.775390432894277,nan,nan,0,0.23585191696117522,0,994d54c9040caa4d,512,11.052017288931616,8,0,0,0,0,0,nan,-1,0,0
78,553815.599998951,-3811468.965777788,3566807.9991327194,3652665.4802612495,0,0,0,0,1,1,1,6.611181733190774,1.576575874975154,5.581459481005151,18,3,0.16723452360142665,5.633293496618416,6.502927446425584,0,,0.0,0.0,0,nan,0,0,,0,nan,,0.0,0.0,0,nan,nan,nan,nan,nan,nan,0,0.0,0,nan,nan,0.5965105957534891,0,6.502937607644557,0.23608238488679995,0.008371349474493892,2,6.611340079766606,1.5767056385302292,5.633293496618416,1.7833748257732964,nan,nan,0,0.2359475859936171,0,994d54c9040caa4d,512,11.044298250487138,8,0,0,0,0,0,nan,-1,0,0
79,553815.7999999523,-3811468.9675551504,3566807.998609478,3652665.478977498,0,0,0,0,1,1,1,6.6112230291871645,1.5765878750092965,5.581387508215798,18,4,0.16723452360142665,5.634264974908431,6.502337353334455,0,,0.0,0.0,0,nan,0,0,,0,nan,,0.0,0.0,0,nan,nan,nan,nan,nan,nan,0,0.0,0,nan,nan,0.5959790529754291,0,6.5023474494756615,0.23609252460287222,0.008367180387227278,2,6.611381220411918,1.5767175122110422,5.634264974908431,1.7916271459200621,nan,nan,0,0.23595781924137518,0,994d54c9040caa4d,512,11.043440793655536,8,0,0,0,0,0,nan,-1,0,0
80,553816.0,-3811468.878908008,3566807.8702539033,3652665.593582837,0,0,0,0,1,1,1,6.434337230947265,1.6480019781690207,5.38969395983052,18,0,0.15067004659052766,5.460617008571898,6.442130248465224,0,,0.0,0.0,0,nan,0,0,,0,nan,,0.0,0.0,0,nan,nan,nan,nan,nan,nan,0,0.0,0,nan,nan,0.533145868376812,0,6.442169255041753,0.2579961319575887,0.011438586689370159,2,6.434643233642763,1.6482442429190087,5.460617008571898,1.7121542298193912,0.15067004659052766,0.48750634448403524,0,0.2577182592781023,0,994d54c9040caa4d,512,10.093985497634373,8,12,1,528,33,32,0.4861698136489581,358,18,17
81,553816.199999094,-3811468.889186431,3566807.880308708,3652665.603812291,0,0,0,0,1,1,1,6.434718843745589,1.6451201736453176,5.415210176595309,18,1,0.15067004659052766,5.472926503892927,6.459046614321453,0,,0.0,0.0,0,nan,0,0,,0,nan,,0.0,0.0,0,nan,nan,nan,nan,nan,nan,0,0.0,0,nan,nan,0.5499109531118784,0,6.4590663098976675,0.27280779265145777,0.007273538565013709,2,6.434845283259311,1.6452211673796486,5.472926503892927,1.7155155646892941,nan,nan,0,0.27268759680237814,0,994d54c9040caa4d,512,9.092844004797975,8,0,0,0,0,0,nan,-1,0,0
82,553816.3999989033,-3811468.902836786,3566807.895093014,3652665.6192629123,0,0,0,0,1,1,1,6.434545617380159,1.6446259297433665,5.440614649113292,18,2,0.15067004659052766,5.490079674497418,6.482683790277565,0,,0.0,0.0,0,nan,0,0,,0,nan,,0.0,0.0,0,nan,nan,nan,nan,nan,nan,0,0.0,0,nan,nan,0.5734194534640381,0,6.482702848117343,0.2738839144920916,0.0070140791372366555,2,6.434663754827891,1.644720474935289,5.490079674497418,1.7227195117517602,nan,nan,0,0.27377152444004166,0,994d54c9040caa4d,512,9.028634218693025,8,0,0,0,0,0,nan,-1,0,0
83,553816.5999999046,-3811468.909679358,3566807.900495396,3652665.6277586543,0,0,0,0,1,1,1,6.434422010996156,1.6446232742189664,5.452336005349673,18,3,0.15067004659052766,5.497062703441286,6.494142251753164,0,,0.0,0.0,0,nan,0,0,,0,nan,,0.0,0.0,0,nan,nan,nan,nan,nan,nan,0,0.0,0,nan,nan,0.5849429527805259,0,6.494161188493314,0.2740109512460849,0.006985119500312807,2,6.434539195933805,1.6447170498047585,5.497062703441286,1.730947006658849,nan,nan,0,0.2738994596681228,0,994d54c9040caa4d,512,9.021068231291368,8,0,0,0,0,0,nan,-1,0,0
84,553816.7999999523,-3811468.902958673,3566807.893729498,3652665.6224793,0,0,0,0,1,1,1,6.43436711109472,1.6446477237390695,5.441563480377495,18,4,0.15067004659052766,5.488584600800307,6.484247877866652,0,,0.0,0.0,0,nan,0,0,,0,nan,,0.0,0.0,0,nan,nan,nan,nan,nan,nan,0,0.0,0,nan,nan,0.5750966029842699,0,6.484266859168361,0.2740317229795619,0.006980149591394199,2,6.434484119854525,1.6447413538169042,5.488584600800307,1.7394480273096997,nan,nan,0,0.2739203815029241,0,994d54c9040caa4d,512,9.019812311148812,8,0,0,0,0,0,nan,-1,0,0
85,553817.0,-3811468.8169170558,3566807.7924411534,3652665.732098982,0,0,0,0,1,1,1,6.270288144316362,1.674653964608561,5.294819844578226,19,0,0.16129119387086358,5.33972507027378,6.421580477534659,0,,0.0,0.0,0,nan,0,0,,0,nan,,0.0,0.0,0,nan,nan,nan,nan,nan,nan,0,0.0,0,nan,nan,0.5102800436085281,0,6.421624882307554,0.2877701514725151,0.010466006566084965,2,6.27055024448295,1.6748582642442078,5.33972507027378,1.6605523074598696,0.16129119387086358,0.3482728961220111,0,0.2875085928881797,0,994d54c9040caa4d,512,8.29408138304706,8,12,1,528,33,32,0.4740323538388744,357,19,17
86,553817.199999094,-3811468.789584278,3566807.765068103,3652665.7043454917,0,0,0,0,1,1,1,6.268980066812456,1.6764917412506988,5.241449213974157,19,1,0.16129119387086358,5.306002063462841,6.373990201025515,0,,0.0,0.0,0,nan,0,0,,0,nan,,0.0,0.0,0,nan,nan,nan,nan,nan,nan,0,0.0,0,nan,nan,0.4638649783245101,1,6.374006102894969,0.3039492031914071,0.006575435447148343,2,6.269082546107675,1.6765711710579556,5.306002063462841,1.664017975913443,nan,nan,0,0.3038401708640831,0,994d54c9040caa4d,512,7.473710779878312,8,0,0,0,0,0,nan,-1,0,0
87,553817.3999989033,-3811468.7791701336,3566807.7530020396,3652665.6942558023,0,0,0,0,1,1,1,6.269613159889976,1.6749922901031031,5.227438423879993,19,2,0.16129119387086358,5.291895731050397,6.35795699553003,0,,0.0,0.0,0,nan,0,0,,0,nan,,0.0,0.0,0,nan,nan,nan,nan,nan,nan,0,0.0,0,nan,nan,0.4487191382852592,1,6.357972936817862,0.3051587634131844,0.006316320867536619,2,6.2697084222434105,1.6750664300247542,5.291895731050397,1.6714439156460614,nan,nan,0,0.3050574516703744,0,994d54c9040caa4d,512,7.419770381997224,8,0,0,0,0,0,nan,-1,0,0
88,553817.5999999046,-3811468.777137907,3566807.7511370927,3652665.6918531856,0,0,0,0,1,1,1,6.269646485913559,1.6748738250070823,5.224177145156627,19,3,0.16129119387086358,5.289586413029958,6.354514826121406,0,,0.0,0.0,0,nan,0,0,,0,nan,,0.0,0.0,0,nan,nan,nan,nan,nan,nan,0,0.0,0,nan,nan,0.4453823349525359,1,6.354530733646081,0.3052730201942082,0.006289399381960023,2,6.26974103665862,1.6749474449786377,5.289586413029958,1.6799225601746655,nan,nan,0,0.3051724130605,0,994d54c9040caa4d,512,7.4147140798587365,8,0,0,0,0,0,nan,-1,0,0
89,553817.7999999523,-3811468.7767216642,3566807.7499405225,3652665.6927631916,0,0,0,0,1,1,1,6.2696476456478845,1.6748327674776924,5.224023634889864,19,4,0.16129119387086358,5.288271008541489,6.354556600514808,0,,0.0,0.0,0,nan,0,0,,0,nan,,0.0,0.0,0,nan,nan,nan,nan,nan,nan,0,0.0,0,nan,nan,0.4456354451179482,1,6.354572525060381,0.3052847637004134,0.006287275777021805,2,6.2697421291375575,1.6749063358316532,5.288271008541489,1.6886804655036185,nan,nan,0,0.3051842287784305,0,994d54c9040caa4d,512,7.414194619394776,8,0,0,0,0,0,nan,-1,0,0
90,553818.0,-3811468.7353828726,3566807.691360277,3652665.845512674,0,0,0,0,0,1,1,6.116057088973966,1.774671994689314,5.072363734970376,18,0,0.11031835963790779,5.194834180173555,6.405018702586447,0,,0.0,0.0,0,nan,0,0,,0,nan,,0.0,0.0,0,nan,nan,nan,nan,nan,nan,0,0.0,0,nan,nan,0.4900418668669286,1,6.405091740261998,0.302314094963038,0.010377444959693075,2,6.116328814472167,1.7748767972001291,5.194834180173555,1.6144343408829938,0.11031835963790779,0.3497947379215988,0,0.30204050388325143,0,994d54c9040caa4d,512,7.284959639179218,8,12,1,528,33,32,0.4907257454561834,328,18,17
91,553818.199999094,-3811468.7391064353,3566807.6956073996,3652665.849251501,0,0,0,0,0,1,1,6.113863993049074,1.7770744022056344,5.069550064158991,18,1,0.11031835963790779,5.199922486511884,6.4069074783527,0,,0.0,0.0,0,nan,0,0,,0,nan,,0.0,0.0,0,nan,nan,nan,nan,nan,nan,0,0.0,0,nan,nan,0.4916368581251882,1,6.40693339604203,0.31893179406764444,0.006400871512843071,2,6.1139666952159155,1.7771512386135693,5.199922486511884,1.6179992590076882,nan,nan,0,0.3188218219815186,0,994d54c9040caa4d,512,6.572121485085821,8,0,0,0,0,0,nan,-1,0,0
92,553818.3999989033,-3811468.74180484,3566807.696229558,3652665.8534990577,0,0,0,0,0,1,1,6.113628519380509,1.7768111871758208,5.073472589110489,18,2,0.11031835963790779,5.201547054065843,6.411069814976898,0,,0.0,0.0,0,nan,0,0,,0,nan,,0.0,0.0,0,nan,nan,nan,nan,nan,nan,0,0.0,0,nan,nan,0.49589581705645114,1,6.411093738487228,0.32005898211227524,0.006175623822463591,2,6.1137238686152795,1.776882424617492,5.201547054065843,1.6256355387093915,nan,nan,0,0.31995660543148685,0,994d54c9040caa4d,512,6.529176068738698,8,0,0,0,0,0,nan,-1,0,0
93,553818.5999999046,-3811468.7435135636,3566807.6972454316,3652665.8559057238,0,0,0,0,0,1,1,6.113513985843438,1.7769110599167635,5.076054612069313,18,3,0.11031835963790779,5.203086526608415,6.41385884469018,0,,0.0,0.0,0,nan,0,0,,0,nan,,0.0,0.0,0,nan,nan,nan,nan,nan,nan,0,0.0,0,nan,nan,0.4987001043437651,1,6.413882455873434,0.3201673117638399,0.006151665357458091,2,6.113608565589222,1.7769816846725064,5.203086526608415,1.6343518753605377,nan,nan,0,0.32006564387830994,0,994d54c9040caa4d,512,6.525066487268452,8,0,0,0,0,0,nan,-1,0,0
94,553818.7999999523,-3811468.744718246,3566807.6983538847,3652665.855421672,0,0,0,0,0,1,1,6.113478367995388,1.776947917462147,5.076747743709925,18,4,0.11031835963790779,5.204760967274487,6.414320553700497,0,,0.0,0.0,0,nan,0,0,,0,nan,,0.0,0.0,0,nan,nan,nan,nan,nan,nan,0,0.0,0,nan,nan,0.4990694818553106,1,6.414344074490003,0.3201780362971716,0.006148925735874468,2,6.113572851538131,1.7770184557176372,5.204760967274487,1.6433526676771246,nan,nan,0,0.3200764388314861,0,994d54c9040caa4d,512,6.5246580413454955,8,0,0,0,0,0,nan,-1,0,0
95,553819.0,-3811468.636547822,3566807.554884948,3652665.9106425443,0,0,0,0,0,1,1,6.033304856071464,1.9144874306467248,4.890138159597874,18,0,0.09650807870128013,5.019691785494193,6.432654981552329,0,,0.0,0.0,0,nan,0,0,,0,nan,,0.0,0.0,0,nan,nan,nan,nan,nan,nan,0,0.0,0,nan,nan,0.5137180599134494,0,6.432815939472367,0.2805132555368083,0.01917650070297376,5,6.033804607552062,1.914906142560807,5.019691785494193,1.5710678464020085,0.09650807870128013,0.27321485315356214,0,0.27973752753574743,0,994d54c9040caa4d,512,7.214492782253319,8,12,1,528,33,32,0.5284099592039369,275,18,17
96,553819.199999094,-3811468.636808119,3566807.5548408963,3652665.9143909067,0,0,0,0,0,1,1,6.034606468389938,1.9153279208118736,4.893977517305169,18,1,0.09650807870128013,5.019348060966175,6.4378763025406,0,,0.0,0.0,0,nan,0,0,,0,nan,,0.0,0.0,0,nan,nan,nan,nan,nan,nan,0,0.0,0,nan,nan,0.5188941955424632,0,6.437933767785974,0.29234934128117096,0.011447900834131766,5,6.034796023829472,1.915482059927123,5.019348060966175,1.5747309510157785,nan,nan,0,0.29205859337031354,0,994d54c9040caa4d,512,6.62325796030707,8,0,0,0,0,0,nan,-1,0,0
97,553819.3999989033,-3811468.6387844095,3566807.555983467,3652665.918199778,0,0,0,0,0,1,1,6.034935403638486,1.9156564341873454,4.898568483565775,18,2,0.09650807870128013,5.0209986749369175,6.442738129028076,0,,0.0,0.0,0,nan,0,0,,0,nan,,0.0,0.0,0,nan,nan,nan,nan,nan,nan,0,0.0,0,nan,nan,0.5237724694736431,0,6.442791599582007,0.29286614655191473,0.01104673704418803,5,6.035113026904099,1.9158004050523825,5.0209986749369175,1.5825760258817991,nan,nan,0,0.29259442064567803,0,994d54c9040caa4d,512,6.599417020740041,8,0,0,0,0,0,nan,-1,0,0
98,553819.5999999046,-3811468.6393151586,3566807.556565854,3652665.922912061,0,0,0,0,0,1,1,6.035026964204337,1.9156934191518984,4.902479296001756,18,3,0.09650807870128013,5.021187289397074,6.447179033407818,0,,0.0,0.0,0,nan,0,0,,0,nan,,0.0,0.0,0,nan,nan,nan,nan,nan,nan,0,0.0,0,nan,nan,0.5283367661731965,0,6.447232132084864,0.2929159746323788,0.011009426278400269,5,6.0352034950911895,1.915836427639997,5.021187289397074,1.5915282050527608,nan,nan,0,0.2926460706083982,0,994d54c9040caa4d,512,6.597121543272827,8,0,0,0,0,0,nan,-1,0,0
99,553819.7999999523,-3811468.641817714,3566807.556025829,3652665.9311662726,0,0,0,0,0,1,1,6.035061827560155,1.915692863693241,4.909242387919663,18,4,0.09650807870128013,5.021359757160374,6.454553052315489,0,,0.0,0.0,0,nan,0,0,,0,nan,,0.0,0.0,0,nan,nan,nan,nan,nan,nan,0,0.0,0,nan,nan,0.536093129000508,0,6.454606225573083,0.29292131643515246,0.011005743437752562,5,6.035238274246506,1.9158357928293586,5.021359757160374,1.600769804175733,nan,nan,0,0.29265159975481503,0,994d54c9040caa4d,512,6.59688255280498,8,0,0,0,0,0,nan,-1,0,0
100,553820.0,-3811468.5541079477,3566807.437510714,3652665.968508439,0,0,0,0,0,1,1,5.952432399488679,2.032589457665218,4.730786090350278,18,0,0.08261153489824674,4.870813625953213,6.441410973381748,0,,0.0,0.0,0,nan,0,0,,0,nan,,0.0,0.0,0,nan,nan,nan,nan,nan,nan,0,0.0,0,nan,nan,0.44055045637916596,1,6.441344393662477,0.23677191028976513,0.014505752594697784,6,5.952636003107738,2.032681452448245,4.870813625953213,1.5301583551075884,0.08261153489824674,0.2516350132432009,0,0.23588430897970913,0,994d54c9040caa4d,512,7.287132249332418,8,12,1,528,33,32,0.4335278397269154,114,18,17
101,553820.199999094,-3811468.5551112634,3566807.4387408583,3652665.9705805383,0,0,0,0,0,1,1,5.953235601058911,2.0303392970282257,4.737012736466261,18,1,0.08261153489824674,4.872141507085222,6.445727629028893,0,,0.0,0.0,0,nan,0,0,,0,nan,,0.0,0.0,0,nan,nan,nan,nan,nan,nan,0,0.0,0,nan,nan,0.4479052947225381,1,6.445700842007573,0.24679757028653534,0.008756024496636153,6,5.953317375451918,2.030374932807792,4.872141507085222,1.5339193345582653,nan,nan,0,0.24642704181382658,0,994d54c9040caa4d,512,6.709286409671277,8,0,0,0,0,0,nan,-1,0,0
102,553820.3999989033,-3811468.554467566,3566807.438987627,3652665.970344634,0,0,0,0,0,1,1,5.953177094794763,2.030599607626634,4.736208478639028,18,2,0.08261153489824674,4.871941036236305,6.445396202188779,0,,0.0,0.0,0,nan,0,0,,0,nan,,0.0,0.0,0,nan,nan,nan,nan,nan,nan,0,0.0,0,nan,nan,0.4472507070081893,1,6.445370223008951,0.24725005477351794,0.008461715510349254,6,5.953253743616247,2.0306324787146153,4.871941036236305,1.5419721028542017,nan,nan,0,0.24690003428331675,0,994d54c9040caa4d,512,6.68655684383858,8,0,0,0,0,0,nan,-1,0,0
103,553820.5999999046,-3811468.566214731,3566807.449401112,3652665.982010112,0,0,0,0,0,1,1,5.953333303623488,2.030238856775402,4.756360157979746,18,3,0.08261153489824674,4.886003146619511,6.464076748422226,0,,0.0,0.0,0,nan,0,0,,0,nan,,0.0,0.0,0,nan,nan,nan,nan,nan,nan,0,0.0,0,nan,nan,0.46590456565152116,1,6.464051820772388,0.24729608471461093,0.008430239086950073,6,5.953410080940866,2.0302723329786705,4.886003146619511,1.5511586485323297,nan,nan,0,0.24694788050798916,0,994d54c9040caa4d,512,6.684525973247661,8,0,0,0,0,0,nan,-1,0,0
104,553820.7999999523,-3811468.580364131,3566807.4643471627,3652665.9947485225,0,0,0,0,0,1,1,5.953346110600898,2.0302159397076305,4.780039635860467,18,4,0.08261153489824674,4.904954528168594,6.48630554715471,0,,0.0,0.0,0,nan,0,0,,0,nan,,0.0,0.0,0,nan,nan,nan,nan,nan,nan,0,0.0,0,nan,nan,0.48680088351800443,1,6.486280542345126,0.2473007048019116,0.008426795039170992,6,5.953422884031877,2.0302494719290807,4.904954528168594,1.560639325014739,nan,nan,0,0.24695269489973967,0,994d54c9040caa4d,512,6.68430994313542,8,0,0,0,0,0,nan,-1,0,0
105,553821.0,-3811468.4539604494,3566807.306149873,3652666.019897038,0,0,0,0,0,1,1,2.8216473554737616,2.387488194620715,4.575131479767411,19,0,0.10109941856354684,4.701028825705114,2.897551815157323,0,,0.0,0.0,0,nan,0,0,,0,nan,,0.0,0.0,0,nan,nan,nan,nan,nan,nan,0,0.0,0,nan,nan,0.44800546920139706,1,2.8989636225433593,0.24493610515613362,0.031571139048970485,6,2.8192276094660507,2.3884724501878636,4.701028825705114,1.4898935554101393,0.10109941856354684,0.22508718476253217,0,0.24183425080659177,0,0495d0a68a8d8223,512,7.109954531049604,8,12,1,528,33,32,0.4441203285643128,66,19,17
106,553821.199999094,-3811468.463041869,3566807.315766122,3652666.0304021374,0,0,0,0,0,1,1,2.821148307692753,2.3896931730317923,4.598205726212484,19,1,0.10109941856354684,4.712981367175279,2.916516646625773,0,,0.0,0.0,0,nan,0,0,,0,nan,,0.0,0.0,0,nan,nan,nan,nan,nan,nan,0,0.0,0,nan,nan,0.4694759265772149,1,2.917583003419887,0.25407891347184025,0.028555716902946723,6,2.819135593635222,2.390597853993639,4.712981367175279,1.493755958423994,nan,nan,0,0.25176102177517096,0,0495d0a68a8d8223,512,6.5226026339097025,8,0,0,0,0,0,nan,-1,0,0
107,553821.3999989033,-3811468.4721323354,3566807.3232537475,3652666.0398862143,0,0,0,0,0,1,1,2.821074686262082,2.3897564184950393,4.613731244953801,19,2,0.10109941856354684,4.723474482020924,2.9303411614184682,0,,0.0,0.0,0,nan,0,0,,0,nan,,0.0,0.0,0,nan,nan,nan,nan,nan,nan,0,0.0,0,nan,nan,0.48349913088872803,1,2.931388273741066,0.2544331776845237,0.028418322977861513,6,2.8190790341476135,2.3906589931081794,4.723474482020924,1.5020240791443242,nan,nan,0,0.2521518776100082,0,0495d0a68a8d8223,512,6.4985767200653095,8,0,0,0,0,0,nan,-1,0,0
108,553821.5999999046,-3811468.487521388,3566807.33707183,3652666.0585040287,0,0,0,0,0,1,1,2.821018285952149,2.390132752106096,4.642317865016059,19,3,0.10109941856354684,4.741889378283319,2.9553273219947633,0,,0.0,0.0,0,nan,0,0,,0,nan,,0.0,0.0,0,nan,nan,nan,nan,nan,nan,0,0.0,0,nan,nan,0.5106772154630925,0,2.9563679391732927,0.2544615975896279,0.028408535595414418,6,2.8190241841476578,2.3910335923926382,4.741889378283319,1.5114534494126786,nan,nan,0,0.2521836419777576,0,0495d0a68a8d8223,512,6.496395207497684,8,0,0,0,0,0,nan,-1,0,0
109,553821.7999999523,-3811468.498966446,3566807.3479712936,3652666.0694378703,0,0,0,0,0,1,1,2.8210133602928655,2.390098922606691,4.661247801351581,19,4,0.10109941856354684,4.756408538925942,2.973062036676067,0,,0.0,0.0,0,nan,0,0,,0,nan,,0.0,0.0,0,nan,nan,nan,nan,nan,nan,0,0.0,0,nan,nan,0.527868755885427,0,2.974099660213283,0.2544660089098756,0.028406993464499482,6,2.8190194381802147,2.390999884247264,4.756408538925942,1.5211816072400826,nan,nan,0,0.25218845368442083,0,0495d0a68a8d8223,512,6.496133760469471,8,0,0,0,0,0,nan,-1,0,0
110,553822.0,-3811468.366795978,3566807.1951820585,3652666.079515507,0,0,0,0,0,1,1,2.684022949386153,2.3128179584696986,4.513442818290191,19,0,0.09580900580672519,4.554417796108927,2.918119156518919,0,,0.0,0.0,0,nan,0,0,,0,nan,,0.0,0.0,0,nan,nan,nan,nan,nan,nan,0,0.0,0,nan,nan,0.44143770751171274,1,2.919162198635831,0.28768553719493145,0.02698110175688828,6,2.6823097136625984,2.3135295399354456,4.554417796108927,1.4518613891260537,0.09580900580672519,0.23458075987996396,0,0.2846729810497649,0,0495d0a68a8d8223,512,6.2570124494297215,8,12,1,528,33,32,0.410974918929303,111,19,17
111,553822.199999094,-3811468.396445469,3566807.224230911,3652666.1126333876,0,0,0,0,0,1,1,2.683185595413805,2.318007574618245,4.579754089202728,19,1,0.09580900580672519,4.592267392438219,2.972765128020309,0,,0.0,0.0,0,nan,0,0,,0,nan,,0.0,0.0,0,nan,nan,nan,nan,nan,nan,0,0.0,0,nan,nan,0.5020448735341142,0,2.973568354792955,0.2991739297560402,0.02413650904103383,6,2.681790316255612,2.3186032178844314,4.592267392438219,1.4558249861039145,nan,nan,0,0.2969675732598745,0,0495d0a68a8d8223,512,5.732226685176137,8,0,0,0,0,0,nan,-1,0,0
112,553822.3999989033,-3811468.433035671,3566807.2606027587,3652666.149549613,0,0,0,0,0,1,1,2.683023196152253,2.318969207295507,4.645149069337984,19,2,0.09580900580672519,4.640125253966821,3.0328129934474717,0,,0.0,0.0,0,nan,0,0,,0,nan,,0.0,0.0,0,nan,nan,nan,nan,nan,nan,0,0.0,0,nan,nan,0.5626185129553621,0,3.0336008567541417,0.2996655342556185,0.024010015470430888,6,2.6816409558007352,2.319558585778432,4.640125253966821,1.464307366794698,nan,nan,0,0.29749988733700056,0,0495d0a68a8d8223,512,5.709848348846082,8,0,0,0,0,0,nan,-1,0,0
113,553822.5999999046,-3811468.495169431,3566807.3239307012,3652666.2178813745,0,0,0,0,0,1,1,2.682897749634731,2.320160624660763,4.758861840996554,19,3,0.09580900580672519,4.72301200125036,3.137612062229227,0,,0.0,0.0,0,nan,0,0,,0,nan,,0.0,0.0,0,nan,nan,nan,nan,nan,nan,0,0.0,0,nan,nan,0.49296870604282444,1,3.1383919195785976,0.2996777852156745,0.024017862191542953,6,2.6815151183169164,2.3207450868501134,4.72301200125036,1.4739780586275537,nan,nan,0,0.2975136634822447,0,0495d0a68a8d8223,512,5.708940115635401,8,0,0,0,0,0,nan,-1,0,0
114,553822.7999999523,-3811468.5736154537,3566807.399910786,3652666.298941172,0,0,0,0,0,1,1,2.6828711858003187,2.320377522564771,4.894133650654775,19,4,0.09580900580672519,4.8266094848585706,3.2642438853876854,0,,0.0,0.0,0,nan,0,0,,0,nan,,0.0,0.0,0,nan,nan,nan,nan,nan,nan,0,0.0,0,nan,nan,0.3756695777263038,1,3.2650114692929497,0.29967733344751907,0.02402087618873335,6,2.681488201830876,2.3209610779327865,4.8266094848585706,1.4839519154548166,nan,nan,0,0.29751324264721296,0,0495d0a68a8d8223,512,5.708914804984794,8,0,0,0,0,0,nan,-1,0,0
115,553823.0,-3811468.3071210613,3566807.122528986,3652666.160279836,0,0,0,0,0,1,1,2.54813943505029,2.478558490867635,4.856889811956668,19,0,0.07818896748069047,4.453110749404401,3.0322360752366264,0,,0.0,0.0,0,nan,0,0,,0,nan,,0.0,0.0,0,nan,nan,nan,nan,nan,nan,0,0.0,0,nan,nan,0.46865338646357674,1,3.0335457289909815,0.31874146136406895,0.03193403207570677,8,2.547141712066237,2.4787247523498754,4.453110749404401,1.4158440950765059,0.07818896748069047,0.5499291585600596,0,0.31508390238962536,0,0495d0a68a8d8223,512,5.535474360502713,8,12,1,528,33,32,0.4114222056041436,110,19,17
116,553823.199999094,-3811468.35837787,3566807.175700028,3652666.2083267174,0,0,0,0,0,1,1,2.545582303224207,2.494140340798873,4.987374587346828,19,1,0.07818896748069047,4.52266282746532,3.138555282807392,0,,0.0,0.0,0,nan,0,0,,0,nan,,0.0,0.0,0,nan,nan,nan,nan,nan,nan,0,0.0,0,nan,nan,0.4455433108152514,1,3.1393238323968027,0.33177430061926155,0.022706046013280447,7,2.5446694810599517,2.4943680851937247,4.52266282746532,1.4199083665795802,nan,nan,0,0.32926952638001555,0,0495d0a68a8d8223,512,5.056212092331062,8,0,0,0,0,0,nan,-1,0,0
117,553823.3999989033,-3811468.433264046,3566807.25222931,3652666.2826369973,0,0,0,0,0,1,1,2.5450229740817703,2.4986916198404603,5.127727183479904,19,2,0.07818896748069047,4.624302905662867,3.2667659666966773,0,,0.0,0.0,0,nan,0,0,,0,nan,,0.0,0.0,0,nan,nan,nan,nan,nan,nan,0,0.0,0,nan,nan,0.32381605893348914,1,3.267531385639641,0.332327860566219,0.02254469174982705,7,2.5441209990234515,2.4988979133102807,4.624302905662867,1.428604050663526,nan,nan,0,0.3298699847093795,0,0495d0a68a8d8223,512,5.0363771619177005,8,0,0,0,0,0,nan,-1,0,0
118,553823.5999999046,-3811468.526425609,3566807.342732031,3652666.378323031,0,0,0,0,0,1,1,2.5448417161644485,2.500484362881541,5.2919738973191155,19,3,0.07818896748069047,4.749034182664432,3.4194739715956386,0,,0.0,0.0,0,nan,0,0,,0,nan,,0.0,0.0,0,nan,nan,nan,nan,nan,nan,0,0.0,0,nan,nan,0.2074927362952032,1,3.4202350073545853,0.3323410269521605,0.022556761730388102,7,2.5439395905973976,2.5006835174870963,4.749034182664432,1.4393613695508036,nan,nan,0,0.3298835671002821,0,0495d0a68a8d8223,512,5.0357847686622925,8,0,0,0,0,0,nan,-1,0,0
119,553823.7999999523,-3811468.626168303,3566807.4400163204,3652666.4852314456,0,0,0,0,0,1,1,2.544788959686371,2.5009831214752563,5.4679409752809,19,4,0.07818896748069047,4.885182020055159,3.5847885028936295,0,,0.0,0.0,0,nan,0,0,,0,nan,,0.0,0.0,0,nan,nan,nan,nan,nan,nan,0,0.0,0,nan,nan,0.1892123009145116,1,3.585539798615895,0.33234166603439247,0.022561573791205648,7,2.543886806608775,2.5011803441427247,4.885182020055159,1.4513607916494302,nan,nan,0,0.3298841288102772,0,0495d0a68a8d8223,512,5.035743308092882,8,0,0,0,0,0,nan,-1,0,0
120,553824.0,-3811468.259865396,3566807.0599575657,3652666.3579538884,0,0,0,0,0,1,1,2.361633514107378,2.8810220337223775,5.4538701772375715,19,0,0.08988941241842627,4.361917432117349,3.13198861096734,0,,0.0,0.0,0,nan,0,0,,0,nan,,0.0,0.0,0,nan,nan,nan,nan,nan,nan,0,0.0,0,nan,nan,0.3932584905231263,1,3.135075814141865,0.3184186959828421,0.043387517527013586,8,2.3609255807167475,2.879900838729526,4.361917432117349,1.373252962372899,0.08988941241842627,0.7202377201934707,3,0.3109688133063504,0,0495d0a68a8d8223,512,5.879391849529743,8,12,1,528,33,32,0.4220648331672334,110,19,17
121,553824.199999094,-3811468.3186313105,3566807.114591428,3652666.4297831175,0,0,0,0,0,1,1,2.3583941482149284,2.9070656426815793,5.61549863522789,19,1,0.08988941241842627,4.439043102720355,3.252744860926151,0,,0.0,0.0,0,nan,0,0,,0,nan,,0.0,0.0,0,nan,nan,nan,nan,nan,nan,0,0.0,0,nan,nan,0.26480266319485884,1,3.25525473440944,0.3347056790463139,0.03667314398871195,8,2.357858501513962,2.90591530726489,4.439043102720355,1.3775673270551245,nan,nan,0,0.3285096878600318,0,0495d0a68a8d8223,512,5.258058447993889,8,0,0,0,0,0,nan,-1,0,0
122,553824.3999989033,-3811468.4017194808,3566807.191496991,3652666.5269679357,0,0,0,0,0,1,1,2.357727778767957,2.9146303851059727,5.77867702660189,19,2,0.08988941241842627,4.549974274877567,3.394992400911249,0,,0.0,0.0,0,nan,0,0,,0,nan,,0.0,0.0,0,nan,nan,nan,nan,nan,nan,0,0.0,0,nan,nan,0.15084053930128088,1,3.397501775586013,0.33561800239338324,0.036411581801329064,8,2.3572060054705055,2.9134322473176364,4.549974274877567,1.3865624694209557,nan,nan,0,0.32950835749276625,0,0495d0a68a8d8223,512,5.225022002589293,8,0,0,0,0,0,nan,-1,0,0
123,553824.5999999046,-3811468.469013541,3566807.2541610976,3652666.6065085335,0,0,0,0,0,1,1,2.3576255857300077,2.915929952567456,5.902634963983915,19,3,0.08988941241842627,4.641685113627941,3.5081620354855834,0,,0.0,0.0,0,nan,0,0,,0,nan,,0.0,0.0,0,nan,nan,nan,nan,nan,nan,0,0.0,0,nan,nan,0.14188597526901298,1,3.5106553291678804,0.33589614561359843,0.03629636478076366,8,2.35710774653926,2.9147278646853407,4.641685113627941,1.396781349938426,nan,nan,0,0.3298242351198753,0,0495d0a68a8d8223,512,5.214945365290715,8,0,0,0,0,0,nan,-1,0,0
124,553824.7999999523,-3811468.5337115326,3566807.315192017,3652666.679677825,0,0,0,0,0,1,1,2.3575775889064285,2.916542301316882,6.018655124037361,19,4,0.08988941241842627,4.731626776497732,3.6160853950041516,0,,0.0,0.0,0,nan,0,0,,0,nan,,0.0,0.0,0,nan,nan,nan,nan,nan,nan,0,0.0,0,nan,nan,0.18208041261424934,1,3.6185735402042605,0.3359153505813545,0.03630342222470182,8,2.3570600514120432,2.9153359013490205,4.731626776497732,1.407305432486407,nan,nan,0,0.3298459863205487,0,0495d0a68a8d8223,512,5.214247932463901,8,0,0,0,0,0,nan,-1,0,0
125,553825.0,-3811468.213257993,3566806.992953297,3652666.4700697195,0,0,0,0,0,1,1,2.238684109875022,3.2875768250400386,5.890272139779201,18,0,0.08969191766896357,4.277212282198917,3.118572230205807,0,,0.0,0.0,0,nan,0,0,,0,nan,,0.0,0.0,0,nan,nan,nan,nan,nan,nan,0,0.0,0,nan,nan,0.3923597558676836,1,3.1248888871533627,0.30477201890365047,0.05611701107455107,8,2.237998133587374,3.2839220578414867,4.277212282198917,1.341081887224252,0.08969191766896357,0.5287017041840866,1,0.2910014984108138,0,0495d0a68a8d8223,512,6.723855234146409,8,12,1,528,33,32,0.4124201064731486,112,18,17
126,553825.199999094,-3811468.215952453,3566806.9975593677,3652666.470325392,0,0,0,0,0,1,1,2.2367071115036334,3.318539555812535,5.949408345863716,18,1,0.08969191766896357,4.282452446087192,3.144092390258361,0,,0.0,0.0,0,nan,0,0,,0,nan,,0.0,0.0,0,nan,nan,nan,nan,nan,nan,0,0.0,0,nan,nan,0.3607614625506289,1,3.150016023688668,0.3196267719812671,0.052117228990907496,8,2.2362740570924915,3.314761192704712,4.282452446087192,1.345371540844225,nan,nan,0,0.30658413402130796,0,0495d0a68a8d8223,512,6.049919722383527,8,0,0,0,0,0,nan,-1,0,0
127,553825.3999989033,-3811468.238187265,3566807.0211028242,3652666.4891943247,0,0,0,0,0,1,1,2.2363858147009856,3.3244749760418397,5.99605464083504,18,2,0.08969191766896357,4.314483734331186,3.18326440862476,0,,0.0,0.0,0,nan,0,0,,0,nan,,0.0,0.0,0,nan,nan,nan,nan,nan,nan,0,0.0,0,nan,nan,0.3224140214721119,1,3.1891829414078967,0.3212262514015198,0.051754608882111384,8,2.2359802973293115,3.3206329971334663,4.314483734331186,1.354545942352799,nan,nan,0,0.30834194262889353,0,0495d0a68a8d8223,512,5.980269919826914,8,0,0,0,0,0,nan,-1,0,0
128,553825.5999999046,-3811468.261695421,3566807.0505434126,3652666.5058137137,0,0,0,0,0,1,1,2.2362899879899216,3.326321674173467,6.038101056480596,18,3,0.08969191766896357,4.351916627772232,3.224392108108668,0,,0.0,0.0,0,nan,0,0,,0,nan,,0.0,0.0,0,nan,nan,nan,nan,nan,nan,0,0.0,0,nan,nan,0.28609990004976327,1,3.230330327052864,0.32138414115661984,0.05178821103547643,8,2.2358889099476538,3.322450075207657,4.351916627772232,1.3649945563252466,nan,nan,0,0.30851610063557056,0,0495d0a68a8d8223,512,5.973426619939993,8,0,0,0,0,0,nan,-1,0,0
129,553825.7999999523,-3811468.278472328,3566807.074131695,3652666.5131957456,0,0,0,0,0,1,1,2.2362678311376167,3.3268436381132753,6.065133181303713,18,4,0.08969191766896357,4.3806593548427015,3.25356048124016,0,,0.0,0.0,0,nan,0,0,,0,nan,,0.0,0.0,0,nan,nan,nan,nan,nan,nan,0,0.0,0,nan,nan,0.2638113258431567,1,3.2595010633565855,0.3214382494614533,0.05179143470799267,8,2.2358683406180337,3.3229643094280696,4.3806593548427015,1.3757587604714319,nan,nan,0,0.30857741000540057,0,0495d0a68a8d8223,512,5.971047279500868,8,0,0,0,0,0,nan,-1,0,0
130,553826.0,-3811468.1517025777,3566806.937944159,3652666.5636500316,0,0,0,0,0,1,1,2.1365573805582203,3.4059593421309113,5.915966385510824,19,0,0.10437133364055624,4.194577476519986,2.991100468946151,0,,0.0,0.0,0,nan,0,0,,0,nan,,0.0,0.0,0,nan,nan,nan,nan,nan,nan,0,0.0,0,nan,nan,0.5244443714759968,0,2.9975046619030667,0.33142028352594494,0.04731492582429583,7,2.1346852881641594,3.40168856638595,4.194577476519986,1.3114539874734326,0.10437133364055624,0.11782175146010418,0,0.31585229038790286,0,0495d0a68a8d8223,512,5.963779950655428,8,12,1,528,33,32,0.4059204738242229,112,19,17
131,553826.199999094,-3811468.159587029,3566806.949774481,3652666.568268415,0,0,0,0,0,1,1,2.1361925051257065,3.421107013101016,5.945868363315383,19,1,0.10437133364055624,4.208702179491958,3.0052125711947775,0,,0.0,0.0,0,nan,0,0,,0,nan,,0.0,0.0,0,nan,nan,nan,nan,nan,nan,0,0.0,0,nan,nan,0.5436765552890647,0,3.0105842195957324,0.3494592539855948,0.0392362895605779,7,2.1347772528535045,3.417130506022143,4.208702179491958,1.3158415864574493,nan,nan,0,0.33477454780669746,0,0495d0a68a8d8223,512,5.303612861964619,8,0,0,0,0,0,nan,-1,0,0
132,553826.3999989033,-3811468.1752835745,3566806.9684575084,3652666.582082078,0,0,0,0,0,1,1,2.136218263397744,3.4241274038421734,5.975879376587724,19,2,0.10437133364055624,4.233177470332,3.0314503079020274,0,,0.0,0.0,0,nan,0,0,,0,nan,,0.0,0.0,0,nan,nan,nan,nan,nan,nan,0,0.0,0,nan,nan,0.5262311157157238,0,3.0368310070897793,0.3507944570057402,0.03914076175800837,7,2.134823571993588,3.4201136557172576,4.233177470332,1.3252205081739585,nan,nan,0,0.3361817313658273,0,0495d0a68a8d8223,512,5.258600367681773,8,0,0,0,0,0,nan,-1,0,0
133,553826.5999999046,-3811468.186702761,3566806.98243011,3652666.5923306453,0,0,0,0,0,1,1,2.1362536714191793,3.4248282279693507,5.996578759226646,19,3,0.10437133364055624,4.251301327647518,3.051136135898835,0,,0.0,0.0,0,nan,0,0,,0,nan,,0.0,0.0,0,nan,nan,nan,nan,nan,nan,0,0.0,0,nan,nan,0.5074768410799408,0,3.05652328704775,0.35096824295072027,0.03914250848388941,7,2.1348598440610984,3.420804383791675,4.251301327647518,1.335898510189637,nan,nan,0,0.3363678200480357,0,0495d0a68a8d8223,512,5.252708195593662,8,0,0,0,0,0,nan,-1,0,0
134,553826.7999999523,-3811468.1878019567,3566806.985637567,3652666.589243545,0,0,0,0,0,1,1,2.136272104734216,3.424966514160662,5.996847591735163,19,4,0.10437133364055624,4.254421475626382,3.052839821984676,0,,0.0,0.0,0,nan,0,0,,0,nan,,0.0,0.0,0,nan,nan,nan,nan,nan,nan,0,0.0,0,nan,nan,0.507668209442796,0,3.0582275791185465,0.35101028724513234,0.039142102214999516,7,2.1348780052150116,3.4209407562612624,4.254421475626382,1.3468952651177057,nan,nan,0,0.33641401531328335,0,0495d0a68a8d8223,512,5.251257219974332,8,0,0,0,0,0,nan,-1,0,0
135,553827.0,-3811468.111643901,3566806.9077284085,3652666.6593171554,0,0,0,0,0,1,1,2.063990680181077,3.3947913363490576,5.852315110497573,19,0,0.09857460373214366,4.146925816126614,2.92125444569758,0,,0.0,0.0,0,nan,0,0,,0,nan,,0.0,0.0,0,nan,nan,nan,nan,nan,nan,0,0.0,0,nan,nan,0.4577425880589657,1,2.926386382004276,0.38088564324785046,0.03612592522467695,7,2.062147839438469,3.3908751535753776,4.146925816126614,1.2831498675486563,0.09857460373214366,0.09671186119271143,0,0.3650167571277513,0,0495d0a68a8d8223,512,4.888259790841857,8,12,1,528,33,32,0.39771264079984725,295,19,17
136,553827.199999094,-3811468.0940148463,3566806.8905580505,3652666.641000069,0,0,0,0,0,1,1,2.065184070879712,3.397111548523344,5.821861451540427,19,1,0.09857460373214366,4.121989119095179,2.8903161890494578,0,,0.0,0.0,0,nan,0,0,,0,nan,,0.0,0.0,0,nan,nan,nan,nan,nan,nan,0,0.0,0,nan,nan,0.42932065913922013,1,2.894943719169318,0.4016781197515237,0.03314431421704735,7,2.063708822230286,3.3934089738192426,4.121989119095179,1.287633609556804,nan,nan,0,0.38671190378033277,0,0495d0a68a8d8223,512,4.352154100709719,8,0,0,0,0,0,nan,-1,0,0
137,553827.3999989033,-3811468.078006212,3566806.8730734205,3652666.6263896944,0,0,0,0,0,1,1,2.06539052171971,3.3986211255321264,5.795875092548235,19,2,0.09857460373214366,4.098010376793993,2.8637214302142926,0,,0.0,0.0,0,nan,0,0,,0,nan,,0.0,0.0,0,nan,nan,nan,nan,nan,nan,0,0.0,0,nan,nan,0.40706949343175897,1,2.868309426025217,0.40296227322034084,0.03291357819113467,7,2.063941144229201,3.39493284867013,4.098010376793993,1.297216416217571,nan,nan,0,0.3881067462733518,0,0495d0a68a8d8223,512,4.3204489781313615,8,0,0,0,0,0,nan,-1,0,0
138,553827.5999999046,-3811468.073391289,3566806.8684036015,3652666.622026189,0,0,0,0,0,1,1,2.065399328584876,3.399300745245137,5.788990947328956,19,3,0.09857460373214366,4.091385907821337,2.856481409783635,0,,0.0,0.0,0,nan,0,0,,0,nan,,0.0,0.0,0,nan,nan,nan,nan,nan,nan,0,0.0,0,nan,nan,0.4011962123387983,1,2.861071338586983,0.4030764837576083,0.03291406668942165,7,2.063950209502168,3.3956081172546515,4.091385907821337,1.3081230098219792,nan,nan,0,0.3882308409432492,0,0495d0a68a8d8223,512,4.317622740652575,8,0,0,0,0,0,nan,-1,0,0
139,553827.7999999523,-3811468.072745622,3566806.869852144,3652666.622304268,0,0,0,0,0,1,1,2.06541421703051,3.399442962654627,5.789835079659558,19,4,0.09857460373214366,4.092071765221815,2.857570461278528,0,,0.0,0.0,0,nan,0,0,,0,nan,,0.0,0.0,0,nan,nan,nan,nan,nan,nan,0,0.0,0,nan,nan,0.40180668783847484,1,2.8621610933854464,0.403087771896535,0.032916025571634255,7,2.063964743028372,3.3957493641450527,4.092071765221815,1.3193512865544206,nan,nan,0,0.3882431185911676,0,0495d0a68a8d8223,512,4.317342768673763,8,0,0,0,0,0,nan,-1,0,0
140,553828.0,-3811468.0661813403,3566806.8627250856,3652666.7517490285,0,0,0,0,0,1,1,1.9809480466212142,3.2854949966649603,5.691473398636357,19,0,0.08938931574877321,4.086669609186195,2.869009851526913,0,,0.0,0.0,0,nan,0,0,,0,nan,,0.0,0.0,0,nan,nan,nan,nan,nan,nan,0,0.0,0,nan,nan,0.4373357057744302,1,2.874555241163366,0.409643714688653,0.03615748617249425,7,1.9789480702817295,3.28094536380263,4.086669609186195,1.2560395952379817,0.08938931574877321,0.09337008776853428,0,0.392004703097527,0,0495d0a68a8d8223,512,4.408886994517921,8,12,1,528,33,32,0.4192239023417313,263,19,17
141,553828.199999094,-3811468.071403873,3566806.866550798,3652666.7560254876,0,0,0,0,0,1,1,1.982279877582801,3.2848725396860448,5.692747720509161,19,1,0.08938931574877321,4.093174758981942,2.8709284313533434,0,,0.0,0.0,0,nan,0,0,,0,nan,,0.0,0.0,0,nan,nan,nan,nan,nan,nan,0,0.0,0,nan,nan,0.4390491094025086,1,2.875888748710398,0.4299546115357897,0.03219042242048403,7,1.9807512866571908,3.280590989401233,4.093174758981942,1.2606199405867662,nan,nan,0,0.41354605215729506,0,0495d0a68a8d8223,512,3.95925959469296,8,0,0,0,0,0,nan,-1,0,0
142,553828.3999989033,-3811468.0737366793,3566806.8712654174,3652666.757193967,0,0,0,0,0,1,1,1.982546303304692,3.284670546978836,5.69617299389664,19,2,0.08938931574877321,4.098326032270089,2.875189059218779,0,,0.0,0.0,0,nan,0,0,,0,nan,,0.0,0.0,0,nan,nan,nan,nan,nan,nan,0,0.0,0,nan,nan,0.44130062267935544,1,2.880098386387658,0.43110724381989113,0.031905553711729165,7,1.981047694651091,3.280420707412168,4.098326032270089,1.2704065723485602,nan,nan,0,0.4148356887521022,0,0495d0a68a8d8223,512,3.9343270931034136,8,0,0,0,0,0,nan,-1,0,0
143,553828.5999999046,-3811468.07287442,3566806.869024292,3652666.75345029,0,0,0,0,0,1,1,1.9826625742051953,3.284484183862546,5.691295474766989,19,3,0.08938931574877321,4.095879325702708,2.8711088514077034,0,,0.0,0.0,0,nan,0,0,,0,nan,,0.0,0.0,0,nan,nan,nan,nan,nan,nan,0,0.0,0,nan,nan,0.43630948287711313,1,2.8760092190446414,0.4312211876305914,0.03186512855072078,7,1.9811661344331395,3.2802399866012957,4.095879325702708,1.2815413639290947,nan,nan,0,0.4149636763804354,0,0495d0a68a8d8223,512,3.931870966850373,8,0,0,0,0,0,nan,-1,0,0
144,553828.7999999523,-3811468.072885572,3566806.8682263196,3652666.7582660215,0,0,0,0,0,1,1,1.9826833941321722,3.284533591938848,5.694046754211204,19,4,0.08938931574877321,4.09552060330058,2.8722368229115722,0,,0.0,0.0,0,nan,0,0,,0,nan,,0.0,0.0,0,nan,nan,nan,nan,nan,nan,0,0.0,0,nan,nan,0.4403929753540361,1,2.877139037118583,0.43123237132798664,0.03186395936322649,7,1.9811873890280491,3.280288842186699,4.09552060330058,1.293000496976616,nan,nan,0,0.4149763673074086,0,0495d0a68a8d8223,512,3.931625359319362,8,0,0,0,0,0,nan,-1,0,0
145,553829.0,-3811468.017554418,3566806.811584417,3652666.8119255626,0,0,0,0,0,1,1,1.895302924818436,3.1414150671019505,5.547042366255168,18,0,0.06618040356829674,4.019729389049064,2.8689709717088503,0,,0.0,0.0,0,nan,0,0,,0,nan,,0.0,0.0,0,nan,nan,nan,nan,nan,nan,0,0.0,0,nan,nan,0.4217304712523587,1,2.8738984716015636,0.441930491238259,0.03180962026139516,7,1.8937207106463332,3.1372724041911657,4.019729389049064,1.23087193110204,0.06618040356829674,0.051197964908721645,0,0.4235880483419323,0,0495d0a68a8d8223,512,3.8796945815219908,8,12,1,528,33,32,0.39780280722485206,248,18,17
146,553829.199999094,-3811468.0165300644,3566806.8080750396,3652666.8104859213,0,0,0,0,0,1,1,1.8946485672924334,3.14422156940917,5.548157189626425,18,1,0.06618040356829674,4.016309146082557,2.8668325280442257,0,,0.0,0.0,0,nan,0,0,,0,nan,,0.0,0.0,0,nan,nan,nan,nan,nan,nan,0,0.0,0,nan,nan,0.42434896254236343,1,2.8711776389861847,0.46303745017801845,0.028266657180293305,7,1.8934167910021513,3.140354628026381,4.016309146082557,1.235545772389991,nan,nan,0,0.44586595079464275,0,0495d0a68a8d8223,512,3.509087810971216,8,0,0,0,0,0,nan,-1,0,0
147,553829.3999989033,-3811468.014394675,3566806.8054189156,3652666.8067850103,0,0,0,0,0,1,1,1.8946585096736286,3.143438478813829,5.542232905212141,18,2,0.06618040356829674,4.012672954542102,2.8621865087080223,0,,0.0,0.0,0,nan,0,0,,0,nan,,0.0,0.0,0,nan,nan,nan,nan,nan,nan,0,0.0,0,nan,nan,0.4192715783836364,1,2.866481406179766,0.4642153570718689,0.027972969099453796,7,1.8934523638673915,3.1396050383513074,4.012672954542102,1.2455294838489075,nan,nan,0,0.44717738463934076,0,0495d0a68a8d8223,512,3.489279109324558,8,0,0,0,0,0,nan,-1,0,0
148,553829.5999999046,-3811468.0146250697,3566806.803597285,3652666.804401425,0,0,0,0,0,1,1,1.8946280524230241,3.143482739120978,5.539804631685444,18,3,0.06618040356829674,4.0112892774506035,2.859863825567495,0,,0.0,0.0,0,nan,0,0,,0,nan,,0.0,0.0,0,nan,nan,nan,nan,nan,nan,0,0.0,0,nan,nan,0.41702153799361696,1,2.864154381494996,0.4643257398594497,0.027948573135788173,7,1.8934240349044769,3.139650977773005,4.0112892774506035,1.2568846948071117,nan,nan,0,0.4473014933253366,0,0495d0a68a8d8223,512,3.4874134856737204,8,0,0,0,0,0,nan,-1,0,0
149,553829.7999999523,-3811468.0067259683,3566806.792402367,3652666.796458958,0,0,0,0,0,1,1,1.8946401804383797,3.1433916231099572,5.524190092080554,18,4,0.06618040356829674,3.99718053721089,2.8444052789102474,0,,0.0,0.0,0,nan,0,0,,0,nan,,0.0,0.0,0,nan,nan,nan,nan,nan,nan,0,0.0,0,nan,nan,0.4040588481866359,1,2.848693005593264,0.46434048459946775,0.027940090894265867,7,1.8934366385513945,3.139561115059792,3.99718053721089,1.2685665783557698,nan,nan,0,0.4473175677449596,0,0495d0a68a8d8223,512,3.487174496106372,8,0,0,0,0,0,nan,-1,0,0
150,553830.0,-3811467.985260387,3566806.771353855,3652666.878964111,0,0,0,0,0,1,1,1.8325383047212656,3.0242814099947015,5.4030003838471705,18,0,0.053549020670663715,3.973227598342918,2.849489574928087,0,,0.0,0.0,0,nan,0,0,,0,nan,,0.0,0.0,0,nan,nan,nan,nan,nan,nan,0,0.0,0,nan,nan,0.40757607172744353,1,2.8540008147897633,0.46614671428343035,0.02988407629303815,7,1.830966860411082,3.020425285943115,3.973227598342918,1.2066205478812713,0.053549020670663715,0.09588026818371093,0,0.44754548943896133,0,0495d0a68a8d8223,512,3.5405907871974014,8,12,1,528,33,32,0.38434678616767065,231,18,17
151,553830.199999094,-3811467.9851125004,3566806.768358622,3652666.880671127,0,0,0,0,0,1,1,1.8330781891168262,3.026833532885631,5.403788527481263,18,1,0.053549020670663715,3.971003122751979,2.8469015024155464,0,,0.0,0.0,0,nan,0,0,,0,nan,,0.0,0.0,0,nan,nan,nan,nan,nan,nan,0,0.0,0,nan,nan,0.4115952876011853,1,2.850984495367618,0.4881562316836412,0.026290338749965184,7,1.8318793626866736,3.0231553957920205,3.971003122751979,1.2113879539230077,nan,nan,0,0.4706578635256469,0,0495d0a68a8d8223,512,3.207849676897823,8,0,0,0,0,0,nan,-1,0,0
152,553830.3999989033,-3811467.9863232654,3566806.7665131297,3652666.883861564,0,0,0,0,0,1,1,1.83329362277728,3.0265349528218355,5.4046828928923,18,2,0.053549020670663715,3.9706548931090153,2.8465342019338524,0,,0.0,0.0,0,nan,0,0,,0,nan,,0.0,0.0,0,nan,nan,nan,nan,nan,nan,0,0.0,0,nan,nan,0.4145459991865024,1,2.8505802631725095,0.4893492481304308,0.026055730381177318,7,1.8321150508826687,3.022881692704662,3.9706548931090153,1.2215691181494948,nan,nan,0,0.4719753544228112,0,0495d0a68a8d8223,512,3.1905979723635287,8,0,0,0,0,0,nan,-1,0,0
153,553830.5999999046,-3811467.9856298915,3566806.764454131,3652666.8898634403,0,0,0,0,0,1,1,1.8333557314549593,3.0265332661953583,5.407062639292708,18,3,0.053549020670663715,3.969153137695144,2.8467634168043157,0,,0.0,0.0,0,nan,0,0,,0,nan,,0.0,0.0,0,nan,nan,nan,nan,nan,nan,0,0.0,0,nan,nan,0.41955266000796554,1,2.8508089167477264,0.4894645018342651,0.026035021843694123,7,1.8321794158934601,3.0228812845727027,3.969153137695144,1.2331449834508021,nan,nan,0,0.4721034174310233,0,0495d0a68a8d8223,512,3.1889309292824835,8,0,0,0,0,0,nan,-1,0,0
154,553830.7999999523,-3811467.9903496564,3566806.765487584,3652666.8982066484,0,0,0,0,0,1,1,1.8333653578271245,3.026555213005983,5.415491101303163,18,4,0.053549020670663715,3.9737126486476058,2.8525765146372817,0,,0.0,0.0,0,nan,0,0,,0,nan,,0.0,0.0,0,nan,nan,nan,nan,nan,nan,0,0.0,0,nan,nan,0.42896035308110836,1,2.8566253464894538,0.48947492204942905,0.026035407340996325,7,1.8321887885036467,3.0229028068011368,3.9737126486476058,1.2450496285497097,nan,nan,0,0.4721150712402938,0,0495d0a68a8d8223,512,3.1887784417730627,8,0,0,0,0,0,nan,-1,0,0
155,553831.0,-3811467.941213719,3566806.7208671384,3652666.943855947,0,0,0,0,0,1,1,1.7485221048537634,2.899996740167255,5.285965730854099,19,0,0.045751172293329055,3.9124282073757004,2.8590258032193874,0,,0.0,0.0,0,nan,0,0,,0,nan,,0.0,0.0,0,nan,nan,nan,nan,nan,nan,0,0.0,0,nan,nan,0.4326547785685588,1,2.8641201230923166,0.4812672438801197,0.031596879476856944,7,1.7469914636679842,2.8955293878159796,3.9124282073757004,1.182481384915011,0.045751172293329055,0.07387401011273749,0,0.4613861100128121,0,0495d0a68a8d8223,512,3.3644704855781495,8,12,1,528,33,32,0.40404733141266025,232,19,17
156,553831.199999094,-3811467.9375429526,3566806.7170734573,3652666.936109979,0,0,0,0,0,1,1,1.7485556182579653,2.897769727792511,5.273563828073329,19,1,0.045751172293329055,3.906416893204607,2.8510993591013145,0,,0.0,0.0,0,nan,0,0,,0,nan,,0.0,0.0,0,nan,nan,nan,nan,nan,nan,0,0.0,0,nan,nan,0.41970787090169376,1,2.8557031736131067,0.5036071748465506,0.02814591313404003,7,1.7473890841291853,2.8935491328750533,3.906416893204607,1.1873457377292325,nan,nan,0,0.48478737219727736,0,0495d0a68a8d8223,512,3.05358112146473,8,0,0,0,0,0,nan,-1,0,0
157,553831.3999989033,-3811467.9339334266,3566806.7150494764,3652666.923380547,0,0,0,0,0,1,1,1.7484157743578235,2.8976767767498113,5.26252002642132,19,2,0.045751172293329055,3.9013209807799902,2.8434717980122044,0,,0.0,0.0,0,nan,0,0,,0,nan,,0.0,0.0,0,nan,nan,nan,nan,nan,nan,0,0.0,0,nan,nan,0.4058632535983517,1,2.84802807243648,0.5047871013516962,0.027927556229436372,7,1.7472718069449933,2.8934867709659335,3.9013209807799902,1.197731291984316,nan,nan,0,0.48608973874050737,0,0495d0a68a8d8223,512,3.037825400356796,8,0,0,0,0,0,nan,-1,0,0
158,553831.5999999046,-3811467.934313512,3566806.716264473,3652666.924297403,0,0,0,0,0,1,1,1.74835558558408,2.8980301006297307,5.264496451142877,19,3,0.045751172293329055,3.9025741748056184,2.845194240010025,0,,0.0,0.0,0,nan,0,0,,0,nan,,0.0,0.0,0,nan,nan,nan,nan,nan,nan,0,0.0,0,nan,nan,0.407784673229409,1,2.849748900356834,0.5049094713711507,0.027917205539294148,7,1.7472159979561024,2.8938392009814584,3.9025741748056184,1.2095353202027972,nan,nan,0,0.486224359960941,0,0495d0a68a8d8223,512,3.036203699672966,8,0,0,0,0,0,nan,-1,0,0
159,553831.7999999523,-3811467.9425369482,3566806.7217578874,3652666.9313570894,0,0,0,0,0,1,1,1.7483348372184544,2.898097556377648,5.275786553086618,19,4,0.045751172293329055,3.9119685797088577,2.8547221591152296,0,,0.0,0.0,0,nan,0,0,,0,nan,,0.0,0.0,0,nan,nan,nan,nan,nan,nan,0,0.0,0,nan,nan,0.41807553777914513,1,2.859279605354297,0.504922800795371,0.027917881436339265,7,1.7471955568568418,2.8939062549969736,3.9119685797088577,1.2216700533079259,nan,nan,0,0.4862389773234816,0,0495d0a68a8d8223,512,3.0360270277138195,8,0,0,0,0,0,nan,-1,0,0
160,553832.0,-3811467.8971034507,3566806.660175587,3652667.001338215,0,0,0,0,0,1,1,1.662886624670887,2.761142392216723,5.1578292351717865,19,0,0.053054975301947395,3.843556512390465,2.871410594163917,0,,0.0,0.0,0,nan,0,0,,0,nan,,0.0,0.0,0,nan,nan,nan,nan,nan,nan,0,0.0,0,nan,nan,0.4380123061664516,1,2.8769065376965615,0.4887495256689478,0.03195570196044808,7,1.6615044746572134,2.756186394777829,3.843556512390465,1.1592398702399043,0.053054975301947395,0.07174449441085436,0,0.46705842233299644,0,0495d0a68a8d8223,512,3.2894733651493833,8,12,1,528,33,32,0.41518459384583345,233,19,17
161,553832.2000000477,-3811467.923542705,3566806.6856013197,3652667.027341143,0,0,0,0,0,1,1,1.6611126765473803,2.767728772386949,5.2153084285072735,19,1,0.053054975301947395,3.882917288575281,2.91754097694933,0,,0.0,0.0,0,nan,0,0,,0,nan,,0.0,0.0,0,nan,nan,nan,nan,nan,nan,0,0.0,0,nan,nan,0.49229754581802104,1,2.922660222575796,0.510744056364713,0.029346261004645033,7,1.6600323638225825,2.762951882233219,3.882917288575281,1.1642015862100588,nan,nan,0,0.4899869174147054,0,0495d0a68a8d8223,512,2.994424929004176,8,0,0,0,0,0,nan,-1,0,0
162,553832.3999989033,-3811467.97635213,3566806.736962265,3652667.0881054373,0,0,0,0,0,1,1,1.6605397252663516,2.77041666592596,5.315730978782877,19,2,0.053054975301947395,3.9636450512398866,3.0064654570296,0,,0.0,0.0,0,nan,0,0,,0,nan,,0.0,0.0,0,nan,nan,nan,nan,nan,nan,0,0.0,0,nan,nan,0.5428453448564023,0,3.0116162825072648,0.5116248100309343,0.02939910806352391,7,1.6594734334781918,2.7656163630542636,3.9636450512398866,1.1747917570804605,nan,nan,0,0.49095628544644276,0,0495d0a68a8d8223,512,2.9829991141189445,8,0,0,0,0,0,nan,-1,0,0
163,553832.5999999046,-3811468.0341906943,3566806.7926369924,3652667.153666211,0,0,0,0,0,1,1,1.6604874478327214,2.770435074942998,5.418378896979437,19,3,0.053054975301947395,4.051940813799846,3.100899323698171,0,,0.0,0.0,0,nan,0,0,,0,nan,,0.0,0.0,0,nan,nan,nan,nan,nan,nan,0,0.0,0,nan,nan,0.46433798784265323,1,3.1060713699120135,0.5117368301658257,0.029407914797101347,7,1.659420762395606,2.7656320065058453,4.051940813799846,1.1868239656301016,nan,nan,0,0.4910802179663957,0,0495d0a68a8d8223,512,2.9815493107261863,8,0,0,0,0,0,nan,-1,0,0
164,553832.7999989986,-3811468.0931589496,3566806.8458652617,3652667.2118589464,0,0,0,0,0,1,1,1.6604789312230468,2.770381698124613,5.518312078111911,19,4,0.053054975301947395,4.139193567746055,3.194549039338701,0,,0.0,0.0,0,nan,0,0,,0,nan,,0.0,0.0,0,nan,nan,nan,nan,nan,nan,0,0.0,0,nan,nan,0.39750889437659137,1,3.19973774861774,0.5117536204723173,0.02941062862034787,7,1.6594114885265765,2.765578046726359,4.139193567746055,1.199188445176101,nan,nan,0,0.49109887143547,0,0495d0a68a8d8223,512,2.981331884418083,8,0,0,0,0,0,nan,-1,0,0
165,553833.0,-3811467.8769136514,3566806.585056034,3652667.0628408715,0,0,0,0,0,1,1,1.5535126860385706,2.9455070323456733,5.508245525757731,18,0,0.047267940201068906,3.783660693091006,3.003744064714159,0,,0.0,0.0,0,nan,0,0,,0,nan,,0.0,0.0,0,nan,nan,nan,nan,nan,nan,0,0.0,0,nan,nan,0.4997277984867176,1,3.0148091448845564,0.4785020113730519,0.05042573736924489,8,1.5535412209860946,2.9349655379576225,3.783660693091006,1.1373604200894354,0.047267940201068906,0.36198271512667823,0,0.44653285539884824,0,0495d0a68a8d8223,512,3.515253860914848,8,12,1,528,33,32,0.4485269308884941,80,18,16
166,553833.2000000477,-3811467.942841122,3566806.6108432873,3652667.1120599834,0,0,0,0,0,1,1,1.5474281024827348,2.963968711986208,5.636008652975201,18,1,0.047267940201068906,3.854746832013611,3.105610105314186,0,,0.0,0.0,0,nan,0,0,,0,nan,,0.0,0.0,0,nan,nan,nan,nan,nan,nan,0,0.0,0,nan,nan,0.4617254563301138,1,3.116274048287984,0.500351431856927,0.04805962609967745,8,1.5479576537341913,2.9535033102587045,3.854746832013611,1.1424217871181015,nan,nan,0,0.46846069733831036,0,0495d0a68a8d8223,512,3.2006679846048365,8,0,0,0,0,0,nan,-1,0,0
167,553833.3999989033,-3811468.0480415085,3566806.6463518525,3652667.1859335355,0,0,0,0,0,1,1,1.5461234597841027,2.968522656297661,5.772089162175528,18,2,0.047267940201068906,3.963573068034506,3.2293430299660053,0,,0.0,0.0,0,nan,0,0,,0,nan,,0.0,0.0,0,nan,nan,nan,nan,nan,nan,0,0.0,0,nan,nan,0.35120448706188684,1,3.240067705304583,0.5014269374202088,0.04814775500084299,8,1.5467228566889617,2.9580167155513424,3.963573068034506,1.1532131646327353,nan,nan,0,0.46959987966866945,0,0495d0a68a8d8223,512,3.185774451846919,8,0,0,0,0,0,nan,-1,0,0
168,553833.5999999046,-3811468.164357494,3566806.663408221,3652667.2313815723,0,0,0,0,0,1,1,1.5458310432718365,2.9689387414664523,5.874802713751717,18,3,0.047267940201068906,4.058980586629926,3.330059482754607,0,,0.0,0.0,0,nan,0,0,,0,nan,,0.0,0.0,0,nan,nan,nan,nan,nan,nan,0,0.0,0,nan,nan,0.26211751196214944,1,3.340779813014071,0.5015860923822465,0.048114882322942684,8,1.5464383332194167,2.958447667875653,4.058980586629926,1.1654685053963985,nan,nan,0,0.46982607536986165,0,0495d0a68a8d8223,512,3.182811923799851,8,0,0,0,0,0,nan,-1,0,0
169,553833.7999989986,-3811468.339641392,3566806.6803187616,3652667.3166121943,0,0,0,0,0,1,1,1.5456784980090228,2.969789863482246,6.039818000383368,18,4,0.047267940201068906,4.20174968702978,3.4811243808090517,0,,0.0,0.0,0,nan,0,0,,0,nan,,0.0,0.0,0,nan,nan,nan,nan,nan,nan,0,0.0,0,nan,nan,0.16704575357429513,1,3.491915278162853,0.5015278860105946,0.04817671260452737,8,1.5462922021950347,2.9592804440309877,4.20174968702978,1.178280152302728,nan,nan,0,0.4697504422723456,0,0495d0a68a8d8223,512,3.183808364117566,8,0,0,0,0,0,nan,-1,0,0
170,553834.0,-3811468.1819686536,3566806.3127259864,3652666.9904269995,0,0,0,0,0,1,1,1.52967109795805,3.3021444916883635,6.079798042507498,19,0,0.05682785282250618,3.773263474308673,3.166760777123423,0,,0.0,0.0,0,nan,0,0,,0,nan,,0.0,0.0,0,nan,nan,nan,nan,nan,nan,0,0.0,0,nan,nan,0.40476464241394816,1,3.174978516465757,0.49281625535378304,0.043042401906455856,8,1.531149189076401,3.294099284845273,3.773263474308673,1.1146720770202667,0.05682785282250618,0.7585077761725596,1,0.46396028825523017,0,0495d0a68a8d8223,512,3.2795577996090137,8,12,1,528,33,32,0.47710309659612954,188,19,16
171,553834.2000000477,-3811468.3609831757,3566806.2911363347,3652667.0129717146,0,0,0,0,0,1,1,1.5266550053164667,3.3387225444259245,6.261165152777496,19,1,0.05682785282250618,3.868069932031674,3.3054019732897664,0,,0.0,0.0,0,nan,0,0,,0,nan,,0.0,0.0,0,nan,nan,nan,nan,nan,nan,0,0.0,0,nan,nan,0.2626754413124581,1,3.3137062488529683,0.5126786681841098,0.042650154980237324,8,1.5287491425407165,3.330405729515812,3.868069932031674,1.1207849122552709,nan,nan,0,0.48328054712965846,0,0495d0a68a8d8223,512,3.026903289763787,8,0,0,0,0,0,nan,-1,0,0
172,553834.3999989033,-3811468.5935654556,3566806.291800705,3652667.0650551766,0,0,0,0,0,1,1,1.5259449212789526,3.3468797875501712,6.45067762101507,19,2,0.05682785282250618,4.016028926985504,3.4734891787067874,0,,0.0,0.0,0,nan,0,0,,0,nan,,0.0,0.0,0,nan,nan,nan,nan,nan,nan,0,0.0,0,nan,nan,0.14118737350642965,1,3.4818684161665083,0.514018018155525,0.04265381332044259,8,1.5281156096594626,3.338505810796239,4.016028926985504,1.1344753920671016,nan,nan,0,0.4846650510853579,0,0495d0a68a8d8223,512,3.010094817120117,8,0,0,0,0,0,nan,-1,0,0
173,553834.5999999046,-3811468.8537251814,3566806.2975220517,3652667.1028132853,0,0,0,0,0,1,1,1.5257107823818397,3.3494032687339557,6.634467523048352,19,3,0.05682785282250618,4.177159762217223,3.6449699724374383,0,,0.0,0.0,0,nan,0,0,,0,nan,,0.0,0.0,0,nan,nan,nan,nan,nan,nan,0,0.0,0,nan,nan,0.1984827049827161,1,3.6533818027661122,0.514177267371424,0.04267254844654301,8,1.5278994153601926,3.3410182187622905,4.177159762217223,1.1514234305888231,nan,nan,0,0.48485340275815686,0,0495d0a68a8d8223,512,3.0078174386293655,8,0,0,0,0,0,nan,-1,0,0
174,553834.7999989986,-3811469.114811977,3566806.323649526,3652667.122325002,0,0,0,0,0,1,1,1.5256268918015996,3.350319463084137,6.813729067694002,19,4,0.05682785282250618,4.345613150211294,3.8195315076774725,0,,0.0,0.0,0,nan,0,0,,0,nan,,0.0,0.0,0,nan,nan,nan,nan,nan,nan,0,0.0,0,nan,nan,0.2470096417397492,1,3.8279559985924463,0.5142255742878816,0.0426933012478837,8,1.5278243685700947,3.3419275533020243,4.345613150211294,1.1711677443423605,nan,nan,0,0.4849089040419947,0,0495d0a68a8d8223,512,3.0071458181544246,8,0,0,0,0,0,nan,-1,0,0
175,553835.0,-3811468.9221727075,3566805.8889285713,3652666.7511459067,0,0,0,0,0,1,1,1.4706483965648038,3.942650361601271,6.8501941470861425,19,0,0.07947955307913723,3.8078952838316265,3.256640855150968,0,,0.0,0.0,0,nan,0,0,,0,nan,,0.0,0.0,0,nan,nan,nan,nan,nan,nan,0,0.0,0,nan,nan,0.21404719965930186,1,3.2688740444529483,0.5032405928138791,0.05569365336841565,9,1.4735668438067882,3.930440004743743,3.8078952838316265,1.0921800440234188,0.07947955307913723,0.7428734976749565,3,0.4644066703755225,0,0495d0a68a8d8223,512,3.578423715600452,8,12,1,528,33,32,0.21404719965930186,175,19,16
176,553835.2000000477,-3811469.14593144,3566805.8887803154,3652666.7461278667,0,0,0,0,0,1,1,1.464647197486361,4.019607853399825,7.09789012124363,19,1,0.07947955307913723,3.923234607812135,3.4119716400772484,0,,0.0,0.0,0,nan,0,0,,0,nan,,0.0,0.0,0,nan,nan,nan,nan,nan,nan,0,0.0,0,nan,nan,0.19507599958947974,1,3.425556496059653,0.5101959303268407,0.059580535071451855,9,1.4684791268962953,4.006009272494384,3.923234607812135,1.1012254354878293,nan,nan,0,0.4691105008913492,0,0495d0a68a8d8223,512,3.50789914752627,8,0,0,0,0,0,nan,-1,0,0
177,553835.3999989033,-3811469.426497666,3566805.9428132623,3652666.7865170296,0,0,0,0,0,1,1,1.4626994035690637,4.04750883543229,7.366613282876145,19,2,0.07947955307913723,4.121643685872361,3.634375601149371,0,,0.0,0.0,0,nan,0,0,,0,nan,,0.0,0.0,0,nan,nan,nan,nan,nan,nan,0,0.0,0,nan,nan,0.1856329686321645,1,3.6484962997552115,0.5099516837558666,0.061101818551103644,9,1.4668454928696726,4.033428909307434,4.121643685872361,1.124376975870655,nan,nan,0,0.46857560695316,0,0495d0a68a8d8223,512,3.5157233858538595,8,0,0,0,0,0,nan,-1,0,0
178,553835.5999999046,-3811469.724018108,3566806.017251087,3652666.8257139185,0,0,0,0,0,1,1,1.4619750067361288,4.058094952219296,7.6318468953995175,19,3,0.07947955307913723,4.342795068315257,3.8744856882384697,0,,0.0,0.0,0,nan,0,0,,0,nan,,0.0,0.0,0,nan,nan,nan,nan,nan,nan,0,0.0,0,nan,nan,0.34408790773764636,1,3.8888209792201787,0.5104155949322904,0.06159583452645569,9,1.4662293735067062,4.043862426460406,4.342795068315257,1.15654221137226,nan,nan,0,0.46901224248181295,0,0495d0a68a8d8223,512,3.5092768433529433,8,0,0,0,0,0,nan,-1,0,0
179,553835.7999989986,-3811470.054085611,3566806.104452153,3652666.8646822744,0,0,0,0,0,1,1,1.461687732609196,4.062209234368273,7.908610218492271,19,4,0.07947955307913723,4.587383456620978,4.132684600179692,0,,0.0,0.0,0,nan,0,0,,0,nan,,0.0,0.0,0,nan,nan,nan,nan,nan,nan,0,0.0,0,nan,nan,0.47070570723559857,1,4.147128847712877,0.5103078575504374,0.06178939920032597,9,1.465980223003521,4.0479214459547075,4.587383456620978,1.18934885985337,nan,nan,0,0.4689053401080533,0,0495d0a68a8d8223,512,3.510849772635156,8,0,0,0,0,0,nan,-1,0,0
180,553836.0,-3811469.7342828037,3566805.5704881656,3652666.157351709,0,0,0,0,0,1,1,1.4493483900942807,4.992178504690718,7.981830352750347,19,0,0.1302654067284061,3.788254931287446,3.302720962601651,0,,0.0,0.0,0,nan,0,0,,0,nan,,0.0,0.0,0,nan,nan,nan,nan,nan,nan,0,0.0,0,nan,nan,0.3442083806140114,1,3.3176679763976047,0.4809518153019701,0.06296943270216739,7,1.4531878599460466,4.977068655519441,3.788254931287446,1.0694199344821425,0.1302654067284061,1.0123440031286453,4,0.4390310543416346,0,0495d0a68a8d8223,512,4.230378430702301,8,12,1,528,33,32,0.5593466395792113,483,19,16
181,553836.2000000477,-3811470.01414231,3566805.58588379,3652666.0946779614,0,0,0,0,0,1,1,1.4479544120328287,5.085517300766964,8.26328948934378,19,1,0.1302654067284061,3.909997348660112,3.478472978377371,0,,0.0,0.0,0,nan,0,0,,0,nan,,0.0,0.0,0,nan,nan,nan,nan,nan,nan,0,0.0,0,nan,nan,0.16479952582654847,1,3.494728528780332,0.48499915178765973,0.06643421530758438,7,1.4526039216753135,5.0691516771233855,3.909997348660112,1.079791469158277,nan,nan,0,0.4417410934471736,0,0495d0a68a8d8223,512,4.179707985765257,8,0,0,0,0,0,nan,-1,0,0
182,553836.3999989033,-3811470.3718807334,3566805.6227375017,3652666.0573353483,0,0,0,0,0,1,1,1.4477108146600735,5.1155068525131515,8.519488585058388,19,2,0.1302654067284061,4.093862800363508,3.6917218652294523,0,,0.0,0.0,0,nan,0,0,,0,nan,,0.0,0.0,0,nan,nan,nan,nan,nan,nan,0,0.0,0,nan,nan,0.17887038832733057,1,3.70840086646858,0.4866641573300586,0.06737581636235691,7,1.4525379939991379,5.098806690408056,4.093862800363508,1.103650178408427,nan,nan,0,0.44329923034338803,0,0495d0a68a8d8223,512,4.1508771589497035,8,0,0,0,0,0,nan,-1,0,0
183,553836.5999999046,-3811470.7880433723,3566805.656280313,3652665.997618948,0,0,0,0,0,1,1,1.4475584009787872,5.1273756240765325,8.761814019283616,19,3,0.1302654067284061,4.298836990706948,3.9130324161786842,0,,0.0,0.0,0,nan,0,0,,0,nan,,0.0,0.0,0,nan,nan,nan,nan,nan,nan,0,0.0,0,nan,nan,0.3858151923062423,1,3.929846613634389,0.487130437333701,0.0676267412273192,7,1.4524214722926103,5.110596979229968,4.298836990706948,1.133195553484325,nan,nan,0,0.443828985613607,0,0495d0a68a8d8223,512,4.141140038333457,8,0,0,0,0,0,nan,-1,0,0
184,553836.7999989986,-3811471.240296312,3566805.6763788345,3652665.8875884935,0,0,0,0,0,1,1,1.4474858414107843,5.130582981904228,8.984297062262753,19,4,0.1302654067284061,4.507567206460244,4.130465904345663,0,,0.0,0.0,0,nan,0,0,,0,nan,,0.0,0.0,0,nan,nan,nan,nan,nan,nan,0,0.0,0,nan,nan,0.5987426788057411,0,4.147274806359316,0.4877721934456408,0.0675908281763797,7,1.4523376785711726,5.11382307919115,4.507567206460244,1.1628915280469658,nan,nan,0,0.44453522386316124,0,0495d0a68a8d8223,512,4.128214446139432,8,0,0,0,0,0,nan,-1,0,0
185,553837.0,-3811471.1321867257,3566805.020532759,3652665.048045897,0,0,0,0,0,1,1,1.4298807726148206,5.775699937379659,8.739895452178526,18,0,0.059649574053261115,3.706928963300558,3.2834149261942156,0,,0.0,0.0,0,nan,0,0,,0,nan,,0.0,0.0,0,nan,nan,nan,nan,nan,nan,0,0.0,0,nan,nan,0.35261855608480996,1,3.2949331444837653,0.5015343425231766,0.08294156466631983,5,1.4397700687929902,5.762542136949887,3.706928963300558,1.0476351539322752,0.059649574053261115,0.6921808849583109,4,0.46127064495673664,0,0495d0a68a8d8223,512,3.8164507069625158,8,12,1,528,33,32,0.5153598584353046,296,18,16
186,553837.2000000477,-3811471.536153029,3566804.8660424314,3652664.8337527113,0,0,0,0,0,1,1,1.4295871497046329,5.812860004634264,8.798749433709412,18,1,0.059649574053261115,3.7140805438819338,3.3072621963011275,0,,0.0,0.0,0,nan,0,0,,0,nan,,0.0,0.0,0,nan,nan,nan,nan,nan,nan,0,0.0,0,nan,nan,0.31848242472561533,1,3.318954667335262,0.5251460801894131,0.08198435347777876,5,1.4394295566875082,5.799586608466381,3.7140805438819338,1.0534563734458915,nan,nan,0,0.4834982860893948,0,0495d0a68a8d8223,512,3.474625968520242,8,0,0,0,0,0,nan,-1,0,0
187,553837.3999989033,-3811471.988791694,3566804.656074496,3652664.6492312504,0,0,0,0,0,1,1,1.4295784555820472,5.821634907156245,8.82640908304139,18,2,0.059649574053261115,3.7124140940803096,3.3113883301630342,0,,0.0,0.0,0,nan,0,0,,0,nan,,0.0,0.0,0,nan,nan,nan,nan,nan,nan,0,0.0,0,nan,nan,0.30115369465196973,1,3.323204260324598,0.5262069757206483,0.08195195337171567,5,1.439427560558188,5.808332877873589,3.7124140940803096,1.0652810612270611,nan,nan,0,0.4845873500289421,0,0495d0a68a8d8223,512,3.4592039291558176,8,0,0,0,0,0,nan,-1,0,0
188,553837.5999999046,-3811472.4596249466,3566804.412137243,3652664.402035916,0,0,0,0,0,1,1,1.4295083909936377,5.822298200208314,8.814395709881845,18,3,0.059649574053261115,3.7081553019276754,3.302880873922133,0,,0.0,0.0,0,nan,0,0,,0,nan,,0.0,0.0,0,nan,nan,nan,nan,nan,nan,0,0.0,0,nan,nan,0.31381998014715073,1,3.314603923635231,0.5269826595441051,0.08171595818506922,5,1.4393060728165867,5.809045738763338,3.7081553019276754,1.0785765427303338,nan,nan,0,0.4854453681198193,0,0495d0a68a8d8223,512,3.4471841783487975,8,0,0,0,0,0,nan,-1,0,0
189,553837.7999989986,-3811472.948954458,3566804.1485699685,3652664.12001046,0,0,0,0,0,1,1,1.4294932174535169,5.822949634042771,8.802410496049836,18,4,0.059649574053261115,3.724756144699225,3.3145466890534054,0,,0.0,0.0,0,nan,0,0,,0,nan,,0.0,0.0,0,nan,nan,nan,nan,nan,nan,0,0.0,0,nan,nan,0.32577232546588053,1,3.326110047773395,0.5270561331899206,0.08169484114747286,5,1.4392871463122228,5.809700939959152,3.724756144699225,1.0921798870652077,nan,nan,0,0.4855337736755893,0,0495d0a68a8d8223,512,3.4459557432398555,8,0,0,0,0,0,nan,-1,0,0
190,553838.0,-3811473.400858441,3566803.6512107565,3652663.8937843777,0,0,0,0,0,1,1,1.396119812234533,5.662408831421159,8.412587145628454,19,0,0.055135917062739785,3.5578092078939645,3.0684014889006725,0,,0.0,0.0,0,nan,0,0,,0,nan,,0.0,0.0,0,nan,nan,nan,nan,nan,nan,0,0.0,0,nan,nan,0.5727367410484014,0,3.07903824474497,0.5585139278654543,0.05410454832965995,8,1.3967843060905736,5.652266241795637,3.5578092078939645,1.029718279614267,0.055135917062739785,0.3240978608489135,0,0.5205894016176784,0,0495d0a68a8d8223,512,3.0506447110811323,8,12,1,528,33,32,0.49395591204363226,463,19,15
191,553838.2000000477,-3811473.9294951134,3566803.255051186,3652663.660612985,0,0,0,0,0,1,1,1.397462125386282,5.675443557542045,8.343082660236535,19,1,0.055135917062739785,3.5210223029125123,3.011639142542792,0,,0.0,0.0,0,nan,0,0,,0,nan,,0.0,0.0,0,nan,nan,nan,nan,nan,nan,0,0.0,0,nan,nan,0.5033454928169361,0,3.020881548200224,0.583847951738533,0.04499759502624782,8,1.3978448525742477,5.666158857169996,3.5210223029125123,1.0353261299275098,nan,nan,0,0.5461580474346507,0,0495d0a68a8d8223,512,2.772462974136269,8,0,0,0,0,0,nan,-1,0,0
192,553838.3999989033,-3811474.474158754,3566802.7750047864,3652663.4687548866,0,0,0,0,0,1,1,1.3982322678304187,5.677663655837014,8.251586384683092,19,2,0.055135917062739785,3.4583867667308295,2.93342744145606,0,,0.0,0.0,0,nan,0,0,,0,nan,,0.0,0.0,0,nan,nan,nan,nan,nan,nan,0,0.0,0,nan,nan,0.4117906420067654,1,2.9425514912880693,0.5847749922647301,0.04453332770508073,8,1.3985544795836728,5.668404221281252,3.4583867667308295,1.047227901092408,nan,nan,0,0.5472063054126767,0,0495d0a68a8d8223,512,2.7619756270677613,8,0,0,0,0,0,nan,-1,0,0
193,553838.5999999046,-3811475.0235142596,3566802.230578476,3652663.299152193,0,0,0,0,0,1,1,1.3984212145700567,5.678157968953873,8.163803191399802,19,3,0.055135917062739785,3.3922772350084647,2.8587395408811194,0,,0.0,0.0,0,nan,0,0,,0,nan,,0.0,0.0,0,nan,nan,nan,nan,nan,nan,0,0.0,0,nan,nan,0.3284240341991635,1,2.8678091540318644,0.5847092846825569,0.04450298062341281,8,1.3987233858502055,5.668893720722868,3.3922772350084647,1.060710327286877,nan,nan,0,0.5471530861456059,0,0495d0a68a8d8223,512,2.762527140612699,8,0,0,0,0,0,nan,-1,0,0
194,553838.7999989986,-3811475.5915414966,3566801.6362085417,3652663.170854875,0,0,0,0,0,1,1,1.398474665137098,5.678517549810755,8.083266922969692,19,4,0.055135917062739785,3.3276308601441613,2.7886197877686474,0,,0.0,0.0,0,nan,0,0,,0,nan,,0.0,0.0,0,nan,nan,nan,nan,nan,nan,0,0.0,0,nan,nan,0.25807710048522187,1,2.7976494246297237,0.5846047289056684,0.0445289514119822,8,1.3987722224447885,5.669246079008217,3.3276308601441613,1.0745276402902655,nan,nan,0,0.5470498215552599,0,0495d0a68a8d8223,512,2.763568009756134,8,0,0,0,0,0,nan,-1,0,0
195,553839.0,-3811476.3373462083,3566801.087225709,3652663.392351419,0,0,0,0,0,1,1,0.7265253068600654,5.6465004561717365,7.721341135935944,19,0,0.04437860562556492,3.464890266520668,2.7665130056415395,0,,0.0,0.0,0,nan,0,0,,0,nan,,0.0,0.0,0,nan,nan,nan,nan,nan,nan,0,0.0,0,nan,nan,0.4891718881445746,1,1.7343422698421038,0.07940854584544044,0.02971125734188781,3,2.2526491506619584,6.127091177927562,3.464890266520668,1.0129440453883733,0.04437860562556492,0.3487962827525198,5,0.07916666666666666,0,042f32f7418a68e7,465,13.295131391197849,8,12,1,528,33,32,0.4891718881445746,186,19,15
196,553839.2000000477,-3811476.978264595,3566800.450204135,3652663.3254909385,0,0,0,0,0,1,1,0.7461076890021546,5.633205257525552,7.672425896101207,19,1,0.04437860562556492,3.4602300782763526,2.742398923028814,0,,0.0,0.0,0,nan,0,0,,0,nan,,0.0,0.0,0,nan,nan,nan,nan,nan,nan,0,0.0,0,nan,nan,0.48434939208397215,1,1.6985644907293502,0.07935925887418115,0.029890717191351068,3,2.2748569791061946,6.116736230380614,3.4602300782763526,1.0187636433564544,nan,nan,0,0.07911434220811177,0,042f32f7418a68e7,465,13.312689617553609,8,0,0,0,0,0,nan,-1,0,0
197,553839.3999989033,-3811477.6375063662,3566799.766257532,3652663.2860595253,0,0,0,0,0,1,1,0.7485099084766614,5.628911271161947,7.647288550538712,19,2,0.04437860562556492,3.446685709639301,2.7250672228239727,0,,0.0,0.0,0,nan,0,0,,0,nan,,0.0,0.0,0,nan,nan,nan,nan,nan,nan,0,0.0,0,nan,nan,0.4824145564495873,1,1.6767730551992055,0.07942208834521917,0.029642045185366714,3,2.283317466109614,6.114521976582057,3.446685709639301,1.0308866779839807,nan,nan,0,0.07918104377181834,0,042f32f7418a68e7,465,13.29031295213775,8,0,0,0,0,0,nan,-1,0,0
198,553839.5999999046,-3811478.3218709286,3566799.0368336514,3652663.27045938,0,0,0,0,0,1,1,0.7500193851152088,5.627800082419208,7.624725230639617,19,3,0.04437860562556492,3.4266566392361657,2.7032033983384243,0,,0.0,0.0,0,nan,0,0,,0,nan,,0.0,0.0,0,nan,nan,nan,nan,nan,nan,0,0.0,0,nan,nan,0.4756498775663712,1,1.6561784216132251,0.07943134720079803,0.029605330551579444,3,2.2867509962114325,6.1141945517482394,3.4266566392361657,1.044588531981833,nan,nan,0,0.07919087323775272,0,042f32f7418a68e7,465,13.287020127541895,8,0,0,0,0,0,nan,-1,0,0
199,553839.7999989986,-3811479.0603560405,3566798.3049326013,3652663.2737814356,0,0,0,0,0,1,1,0.7496349238215306,5.627230589876618,7.643612130562249,19,4,0.04437860562556492,3.4528275140272133,2.7298888703145443,0,,0.0,0.0,0,nan,0,0,,0,nan,,0.0,0.0,0,nan,nan,nan,nan,nan,nan,0,0.0,0,nan,nan,0.48531498132111583,1,1.6751881044374453,0.07943768423516379,0.029580190110127344,3,2.286954358885094,6.113807809397939,3.4528275140272133,1.058618868788378,nan,nan,0,0.07919760081470784,0,042f32f7418a68e7,465,13.284767117456486,8,0,0,0,0,0,nan,-1,0,0
