epoch,tow,ecef_x,ecef_y,ecef_z,fix,gamma_fixed,consistency_pass,float_consistency_pass,ddpr_consistency_pass,ddpr_support_pass,ddpr_freshness_pass,map_float_separation_m,map_ddpr_separation_m,ddpr_guard_error_m,last_ddpr_pairs,ddpr_age_epochs,last_ddpr_nis,output_error_m,map_error_m,temporal_lineage_enabled,temporal_map_assignment_id,temporal_gamma,temporal_ess,temporal_dwell_epochs,temporal_map_error_m,integrity_lineage_enabled,integrity_anchor_available,integrity_excluded_satellite,integrity_tdcp_available,integrity_tdcp_postfit_rms_m,integrity_map_assignment_id,integrity_gamma,integrity_ess,integrity_dwell_epochs,integrity_map_error_m,integrity_map_ecef_x,integrity_map_ecef_y,integrity_map_ecef_z,integrity_map_float_separation_m,integrity_map_ddpr_separation_m,integrity_guard_pass,integrity_position_ball_gamma,integrity_position_ball_members,integrity_position_ball_spread_m,integrity_position_ball_error_m,basin_oracle_min_error_m,basin_oracle_sub50cm_available,position_cluster_error_m,position_cluster_gamma,position_cluster_spread_m,position_cluster_members,position_cluster_float_separation_m,position_cluster_ddpr_separation_m,float_error_m,float_position_sigma_m,dd_pr_nis,dd_cp_nis,ambiguities_reset,gamma,fix_streak,map_assignment_id,n_basins,basin_ess,map_n_ambiguities,n_candidates_born,respawn_triggered,n_respawn_candidates_born,n_respawn_position_seeds,n_respawn_history_seeds,n_respawn_assignment_candidates,respawn_oracle_min_error_m,respawn_oracle_rank,n_dd_pr,n_dd_cp
0,553800.0,-3811466.693664207,3566805.2211901695,3652668.9111347175,0,0,0,0,0,1,1,2.2807180901680053,2.318482253773577,3.2894435773932713,18,0,0.08822792079773784,3.0558360247270064,3.445060168100005,0,,0.0,0.0,0,nan,0,0,,0,nan,,0.0,0.0,0,nan,nan,nan,nan,nan,nan,0,0.0,0,nan,nan,0.690532915428525,0,3.445060168100005,0.08229166666666667,0.0,1,2.2807180901680053,2.318482253773577,3.0558360247270064,5.592639952376013,0.08822792079773784,0.02210678010972702,0,0.08229166666666667,0,5b857f9f29778b93,18,12.45136186770428,8,12,1,16,1,0,0,0.6901279228386981,10,18,17
1,553800.2000000477,-3811466.7043680125,3566805.2303698813,3652668.917540918,0,0,0,0,0,1,1,2.2774822965887545,2.314126270972617,3.303230346751093,18,1,0.08822792079773784,3.069661387013538,3.4594074584024144,0,,0.0,0.0,0,nan,0,0,,0,nan,,0.0,0.0,0,nan,nan,nan,nan,nan,nan,0,0.0,0,nan,nan,0.6863024056686938,0,3.4594074584024144,0.08229166666666667,0.0,1,2.2774822965887545,2.314126270972617,3.069661387013538,5.593979167573447,nan,nan,0,0.08229166666666667,0,5b857f9f29778b93,18,12.45136186770428,8,0,0,0,0,0,0,nan,-1,0,0
2,553800.4000000954,-3811466.7189359865,3566805.2446287237,3652668.9324123603,0,0,0,0,0,1,1,2.277121648502786,2.3135637587075037,3.327614176726829,18,2,0.08822792079773784,3.094081993370175,3.4756131562938317,0,,0.0,0.0,0,nan,0,0,,0,nan,,0.0,0.0,0,nan,nan,nan,nan,nan,nan,0,0.0,0,nan,nan,0.6823012505106063,0,3.4756131562938317,0.08229166666666667,0.0,1,2.277121648502786,2.3135637587075037,3.094081993370175,5.596357313446614,nan,nan,0,0.08229166666666667,0,5b857f9f29778b93,18,12.451361867704277,8,0,0,0,0,0,0,nan,-1,0,0
3,553800.5999999046,-3811466.7297525406,3566805.2565932283,3652668.9432305964,0,0,0,0,0,1,1,2.2770238044438837,2.3134261472684647,3.3462107675928867,18,3,0.08822792079773784,3.1127126119283113,3.4866827872274673,0,,0.0,0.0,0,nan,0,0,,0,nan,,0.0,0.0,0,nan,nan,nan,nan,nan,nan,0,0.0,0,nan,nan,0.681446996430127,0,3.4866827872274673,0.08229166666666667,0.0,1,2.2770238044438837,2.3134261472684647,3.1127126119283113,5.598949005651086,nan,nan,0,0.08229166666666667,0,5b857f9f29778b93,18,12.451361867704277,8,0,0,0,0,0,0,nan,-1,0,0
4,553800.7999999523,-3811466.744267113,3566805.269113487,3652668.957473204,0,0,0,0,0,1,1,2.2769507790886,2.313325420772343,3.3692803897087065,18,4,0.08822792079773784,3.1358149569928515,3.5010265515253693,0,,0.0,0.0,0,nan,0,0,,0,nan,,0.0,0.0,0,nan,nan,nan,nan,nan,nan,0,0.0,0,nan,nan,0.6784954564649605,0,3.5010265515253693,0.08229166666666667,0.0,1,2.2769507790886,2.313325420772343,3.1358149569928515,5.601600082987624,nan,nan,0,0.08229166666666667,0,5b857f9f29778b93,18,12.451361867704277,8,0,0,0,0,0,0,nan,-1,0,0
5,553801.0,-3811466.9368616007,3566805.2810216984,3652668.5074501694,0,0,0,0,0,1,1,2.317583101358183,2.1685686415456593,3.06684737130577,18,0,0.03619621658262093,2.9079889661919456,5.196325916975939,0,,0.0,0.0,0,nan,0,0,,0,nan,,0.0,0.0,0,nan,nan,nan,nan,nan,nan,0,0.0,0,nan,nan,0.726488800846471,0,5.196325916975939,0.16920928784832284,0.0,1,2.317583101358183,2.1685686415456593,2.9079889661919456,4.501492370248857,0.03619621658262093,3.1660466738236344,0,0.16920928784832284,0,88c65eb697abea09,130,10.252924914831594,8,12,1,288,17,16,16,0.7611313232783544,31,18,17
6,553801.199999094,-3811466.943173036,3566805.2829087083,3652668.510097194,0,0,0,0,0,1,1,2.3295925922442335,2.1851881431489457,3.0684249955277783,18,1,0.03619621658262093,2.9140634395128653,5.214932971048471,0,,0.0,0.0,0,nan,0,0,,0,nan,,0.0,0.0,0,nan,nan,nan,nan,nan,nan,0,0.0,0,nan,nan,0.7356264760952529,0,5.214932971048471,0.17634072059334469,0.0,1,2.3295925922442335,2.1851881431489457,2.9140634395128653,4.502767777265328,nan,nan,0,0.17634072059334469,0,88c65eb697abea09,130,9.458491210808505,8,0,0,0,0,0,0,nan,-1,0,0
7,553801.3999989033,-3811466.946169016,3566805.286060807,3652668.511625461,0,0,0,0,0,1,1,2.333066034168657,2.1893586299076113,3.0717992484845156,18,2,0.03619621658262093,2.9183103719055286,5.222736178139438,0,,0.0,0.0,0,nan,0,0,,0,nan,,0.0,0.0,0,nan,nan,nan,nan,nan,nan,0,0.0,0,nan,nan,0.7405760345167255,0,5.222736178139438,0.1766634235946654,0.0,1,2.333066034168657,2.1893586299076113,2.9183103719055286,4.50551780653807,nan,nan,0,0.1766634235946654,0,88c65eb697abea09,130,9.425427571969207,8,0,0,0,0,0,0,nan,-1,0,0
8,553801.5999999046,-3811466.9486808027,3566805.286849198,3652668.513592462,0,0,0,0,0,1,1,2.334046039297425,2.1906194406767936,3.0738302970372007,18,3,0.03619621658262093,2.9206910900352514,5.22601195188089,0,,0.0,0.0,0,nan,0,0,,0,nan,,0.0,0.0,0,nan,nan,nan,nan,nan,nan,0,0.0,0,nan,nan,0.7417864020261875,0,5.22601195188089,0.17669326136620625,0.0,1,2.334046039297425,2.1906194406767936,2.9206910900352514,4.508670296585049,nan,nan,0,0.17669326136620625,0,88c65eb697abea09,130,9.422408029439513,8,0,0,0,0,0,0,nan,-1,0,0
9,553801.7999999523,-3811466.9503314686,3566805.2865787297,3652668.5142038413,0,0,0,0,0,1,1,2.3343507495430598,2.1910119560794685,3.0748751962741196,18,4,0.03619621658262093,2.9218277684509317,5.227366021547246,0,,0.0,0.0,0,nan,0,0,,0,nan,,0.0,0.0,0,nan,nan,nan,nan,nan,nan,0,0.0,0,nan,nan,0.7416107189275891,0,5.227366021547246,0.1766959665621132,0.0,1,2.3343507495430598,2.1910119560794685,2.9218277684509317,4.5119408764961015,nan,nan,0,0.1766959665621132,0,88c65eb697abea09,130,9.422137670407782,8,0,0,0,0,0,0,nan,-1,0,0
10,553802.0,-3811467.108242471,3566805.588651914,3652667.7996094953,0,0,0,0,1,1,1,1.9651217252373259,1.2644455763284583,2.752803433053683,18,0,0.046176996803574594,2.787643238761087,3.952524259937724,0,,0.0,0.0,0,nan,0,0,,0,nan,,0.0,0.0,0,nan,nan,nan,nan,nan,nan,0,0.0,0,nan,nan,0.42174094143943985,1,3.5550990940525042,0.07214686075662204,0.07760051821090225,3,3.2851769088800995,2.1522975130251787,2.787643238761087,3.871270358899591,0.046176996803574594,9.477003009138702,0,0.07204092114114563,0,da26416811a3d5cf,268,36.3797317754815,8,12,1,390,17,16,118,0.2795902720162745,85,18,17
11,553802.2000000477,-3811467.1168671288,3566805.5932573597,3652667.807037842,0,0,0,0,1,1,1,1.9655764787155992,1.2758754981813067,2.7568795700474764,18,1,0.046176996803574594,2.7992336434849636,3.9706791199735747,0,,0.0,0.0,0,nan,0,0,,0,nan,,0.0,0.0,0,nan,nan,nan,nan,nan,nan,0,0.0,0,nan,nan,0.40702800881204504,1,3.9706791199735747,0.0761204502156056,0.0,1,1.9655764787155992,1.2758754981813067,2.7992336434849636,3.872751816434111,nan,nan,0,0.0761204502156056,0,da26416811a3d5cf,268,33.19955200165675,8,0,0,0,0,0,0,nan,-1,0,0
12,553802.3999989033,-3811467.1156772557,3566805.5935875596,3652667.8073552107,0,0,0,0,1,1,1,1.9654848526626254,1.2794468087383262,2.75279174445856,18,2,0.046176996803574594,2.7984202360446475,3.9712483687351963,0,,0.0,0.0,0,nan,0,0,,0,nan,,0.0,0.0,0,nan,nan,nan,nan,nan,nan,0,0.0,0,nan,nan,0.4066822358448258,1,3.9712483687351963,0.07638600602442824,0.0,1,1.9654848526626254,1.2794468087383262,2.7984202360446475,3.875946808143127,nan,nan,0,0.07638600602442824,0,da26416811a3d5cf,268,33.0239231647199,8,0,0,0,0,0,0,nan,-1,0,0
13,553802.5999999046,-3811467.1215451485,3566805.594223698,3652667.8148330706,0,0,0,0,1,1,1,1.9656162349318547,1.2802984414887564,2.761835492704452,18,3,0.046176996803574594,2.806213529699768,3.98096528867751,0,,0.0,0.0,0,nan,0,0,,0,nan,,0.0,0.0,0,nan,nan,nan,nan,nan,nan,0,0.0,0,nan,nan,0.3990630186488832,1,3.98096528867751,0.0764196469433246,0.0,1,1.9656162349318547,1.2802984414887564,2.806213529699768,3.879610208024698,nan,nan,0,0.0764196469433246,0,da26416811a3d5cf,268,33.001664186795274,8,0,0,0,0,0,0,nan,-1,0,0
14,553802.7999989986,-3811467.116370178,3566805.592753338,3652667.8157646162,0,0,0,0,1,1,1,1.9656118631947512,1.2806295361102795,2.75928551563088,18,4,0.046176996803574594,2.8025256514549035,3.979368867123579,0,,0.0,0.0,0,nan,0,0,,0,nan,,0.0,0.0,0,nan,nan,nan,nan,nan,nan,0,0.0,0,nan,nan,0.3997089077338656,1,3.979368867123579,0.07642062710110763,0.0,1,1.9656118631947512,1.2806295361102795,2.8025256514549035,3.883410359678399,nan,nan,0,0.07642062710110763,0,da26416811a3d5cf,268,33.00107780474576,8,0,0,0,0,0,0,nan,-1,0,0
15,553803.0,-3811467.4750908157,3566806.067215958,3652666.8251926755,0,0,0,0,0,1,1,2.9900276903118783,2.9199446079237563,2.6867900666417883,18,0,0.052747126368075915,3.105797010015602,0.670900104337262,0,,0.0,0.0,0,nan,0,0,,0,nan,,0.0,0.0,0,nan,nan,nan,nan,nan,nan,0,0.0,0,nan,nan,0.44958179217056654,1,0.6906817143906343,0.04816884478082082,0.10631042054983184,3,2.9819785383137525,2.929862049312511,3.105797010015602,3.446529888958384,0.052747126368075915,19.23047039825005,0,0.04396907266263673,0,2936548eecd098cd,401,63.228506356730556,8,12,1,524,17,16,252,0.4102176625754121,216,18,17
16,553803.2000000477,-3811467.48701839,3566806.0741598764,3652666.835594138,0,0,0,0,0,1,1,2.9797120681254605,2.902997029537104,2.6932109336103984,18,1,0.052747126368075915,3.119802368110178,0.6673390642521765,0,,0.0,0.0,0,nan,0,0,,0,nan,,0.0,0.0,0,nan,nan,nan,nan,nan,nan,0,0.0,0,nan,nan,0.4554818532329357,1,0.6869864596370607,0.05037325258385473,0.10228418107287027,3,2.970831703817321,2.91211291479953,3.119802368110178,3.4481955702239153,nan,nan,0,0.04620342087286433,0,2936548eecd098cd,401,58.06583685219921,8,0,0,0,0,0,0,nan,-1,0,0
17,553803.3999989033,-3811467.4909215695,3566806.077141064,3652666.8399957465,0,0,0,0,0,1,1,2.977027358432735,2.898881848810435,2.6974381539937564,18,2,0.052747126368075915,3.125009995011446,0.6663108435215136,0,,0.0,0.0,0,nan,0,0,,0,nan,,0.0,0.0,0,nan,nan,nan,nan,nan,nan,0,0.0,0,nan,nan,0.45855912746928806,1,0.685967763785528,0.05051121630627679,0.10195619362395526,3,2.9681108259884934,2.9079626366975666,3.125009995011446,3.451783951486298,nan,nan,0,0.04634971817721418,0,2936548eecd098cd,401,57.76775696788074,8,0,0,0,0,0,0,nan,-1,0,0
18,553803.5999999046,-3811467.4922913876,3566806.0785539644,3652666.8408402093,0,0,0,0,0,1,1,2.9762391483475574,2.897645118760329,2.6986596699223018,18,3,0.052747126368075915,3.127045929572931,0.666625396658448,0,,0.0,0.0,0,nan,0,0,,0,nan,,0.0,0.0,0,nan,nan,nan,nan,nan,nan,0,0.0,0,nan,nan,0.4596914167703594,1,0.6863000682553997,0.050525071711507885,0.10192787740185953,3,2.9673238103555537,2.9067302696239836,3.127045929572931,3.4558971212947447,nan,nan,0,0.046364365346715106,0,2936548eecd098cd,401,57.739326507094475,8,0,0,0,0,0,0,nan,-1,0,0
19,553803.7999989986,-3811467.493717931,3566806.0821427926,3652666.841862358,0,0,0,0,0,1,1,2.9759774745210503,2.89728258645879,2.70156110159452,18,4,0.052747126368075915,3.1307497522122483,0.6684931820248894,0,,0.0,0.0,0,nan,0,0,,0,nan,,0.0,0.0,0,nan,nan,nan,nan,nan,nan,0,0.0,0,nan,nan,0.46231963069162946,1,0.6881783782573789,0.05052645755679289,0.10192537442622468,3,2.9670635095291105,2.9063701962056294,3.1307497522122483,3.4601626839851276,nan,nan,0,0.04636586932368691,0,2936548eecd098cd,401,57.73588700935542,8,0,0,0,0,0,0,nan,-1,0,0
20,553804.0,-3811468.2512258226,3566807.127161279,3652666.0411167447,0,0,0,0,0,1,1,6.153473381982497,2.8111106889590327,4.2342337806555,19,0,0.41380108143408434,4.432677198843442,6.652511488980823,0,,0.0,0.0,0,nan,0,0,,0,nan,,0.0,0.0,0,nan,nan,nan,nan,nan,nan,0,0.0,0,nan,nan,0.22650637562531717,1,6.645360280686756,0.060672865229107385,0.12052229858895055,3,6.123161236534891,2.798254632597574,4.432677198843442,3.1278257037825994,0.41380108143408434,31.3281035856981,0,0.05280861765142657,0,daca05125ab2755f,512,48.02693780562068,8,12,1,528,17,16,256,0.22797390428576378,23,19,17
21,553804.2000000477,-3811468.2762016263,3566807.1477124835,3652666.0704713147,0,0,0,0,0,1,1,6.152290372394863,2.8220454536449573,4.260340552251378,19,1,0.41380108143408434,4.461016016307509,6.696909584645777,0,,0.0,0.0,0,nan,0,0,,0,nan,,0.0,0.0,0,nan,nan,nan,nan,nan,nan,0,0.0,0,nan,nan,0.21916070605153912,1,6.6902185266282626,0.06387178678824279,0.11899496918762104,3,6.121855146857812,2.8094349171802904,4.461016016307509,3.1296622776171215,nan,nan,0,0.0556836398033316,0,daca05125ab2755f,512,44.25211516202992,8,0,0,0,0,0,0,nan,-1,0,0
22,553804.4000000954,-3811468.3232041937,3566807.190374269,3652666.116779394,0,0,0,0,0,1,1,6.153825214115309,2.8219625676029714,4.341755494745182,19,2,0.41380108143408434,4.518888540953368,6.771075141144738,0,,0.0,0.0,0,nan,0,0,,0,nan,,0.0,0.0,0,nan,nan,nan,nan,nan,nan,0,0.0,0,nan,nan,0.17608465336110402,1,6.7645754266511595,0.06403469914332473,0.11876339784158248,3,6.123388625761918,2.809372434803518,4.518888540953368,3.133615782308128,nan,nan,0,0.05583842383785975,0,daca05125ab2755f,512,43.89242614577217,8,0,0,0,0,0,0,nan,-1,0,0
23,553804.599998951,-3811468.384972638,3566807.249667508,3652666.178069575,0,0,0,0,0,1,1,6.154085175991913,2.8222324039325164,4.444964421550181,19,3,0.41380108143408434,4.598291171453807,6.866065717979112,0,,0.0,0.0,0,nan,0,0,,0,nan,,0.0,0.0,0,nan,nan,nan,nan,nan,nan,0,0.0,0,nan,nan,0.17177574784604485,1,6.859743286310864,0.06404753267517178,0.11874953539519406,3,6.123650630585676,2.8096481769599446,4.598291171453807,3.1381460194226714,nan,nan,0,0.05585073935859238,0,daca05125ab2755f,512,43.86199860909829,8,0,0,0,0,0,0,nan,-1,0,0
24,553804.7999989986,-3811468.4433766464,3566807.3058876065,3652666.23595854,0,0,0,0,0,1,1,6.154120289976419,2.822411072306874,4.542244326854964,19,4,0.41380108143408434,4.674433012700302,6.95553381699099,0,,0.0,0.0,0,nan,0,0,,0,nan,,0.0,0.0,0,nan,nan,nan,nan,nan,nan,0,0.0,0,nan,nan,0.21995083401881238,1,6.949369415908303,0.06405002012525846,0.11875282264992566,3,6.123686339363297,2.809828741752831,4.674433012700302,3.1428429254599144,nan,nan,0,0.05585293533899756,0,daca05125ab2755f,512,43.86105553917535,8,0,0,0,0,0,0,nan,-1,0,0
25,553805.0,-3811469.1430459116,3566808.378780037,3652665.242065848,0,0,0,0,0,1,1,7.424080023599858,2.2280700453744937,5.576263921042656,19,0,0.45207347146779936,6.079049261901037,7.219663170168917,0,,0.0,0.0,0,nan,0,0,,0,nan,,0.0,0.0,0,nan,nan,nan,nan,nan,nan,0,0.0,0,nan,nan,0.3900438118102578,1,7.219417441787938,0.14897081969261675,0.022277045623504486,3,7.4232835882369255,2.227637654692805,6.079049261901037,2.8664917765706495,0.45207347146779936,34.1184370362641,2,0.14840073376922155,0,daca05125ab2755f,512,23.23004008668896,8,12,1,528,17,16,256,0.3900437209687645,43,19,17
26,553805.2000000477,-3811469.1998369913,3566808.4256508183,3652665.301046837,0,0,0,0,0,1,1,7.428690692754086,2.2297558947876714,5.685037985231231,19,1,0.45207347146779936,6.137242304290757,7.327544563060133,0,,0.0,0.0,0,nan,0,0,,0,nan,,0.0,0.0,0,nan,nan,nan,nan,nan,nan,0,0.0,0,nan,nan,0.2947444389316021,1,7.327382350492757,0.15619760358588458,0.020546453249445738,3,7.427835723343749,2.2292993575375806,6.137242304290757,2.8685097516386144,nan,nan,0,0.15566688487323174,0,daca05125ab2755f,512,21.250846048553562,8,0,0,0,0,0,0,nan,-1,0,0
27,553805.4000000954,-3811469.2591386302,3566808.4816262787,3652665.3585166847,0,0,0,0,0,1,1,7.429664058386681,2.23087535211002,5.785510162209737,19,2,0.45207347146779936,6.205098567218218,7.4230250075665944,0,,0.0,0.0,0,nan,0,0,,0,nan,,0.0,0.0,0,nan,nan,nan,nan,nan,nan,0,0.0,0,nan,nan,0.21813209362775587,1,7.422869190117629,0.15647500276819945,0.020486201321152864,3,7.4288070812969735,2.2304179448920234,6.205098567218218,2.8728261188560356,nan,nan,0,0.1559457944086189,0,daca05125ab2755f,512,21.17480859796712,8,0,0,0,0,0,0,nan,-1,0,0
28,553805.599998951,-3811469.281269085,3566808.503256852,3652665.3844249053,0,0,0,0,0,1,1,7.429685526246604,2.231452641946864,5.824694535605474,19,3,0.45207347146779936,6.23036815478936,7.461616069838664,0,,0.0,0.0,0,nan,0,0,,0,nan,,0.0,0.0,0,nan,nan,nan,nan,nan,nan,0,0.0,0,nan,nan,0.19874412139030517,1,7.461460790752045,0.1562489537116904,0.0204971790059393,3,7.428828424601512,2.2309952768955523,6.23036815478936,2.8777679017205555,nan,nan,0,0.15572055536785198,0,daca05125ab2755f,512,21.21057683179404,8,0,0,0,0,0,0,nan,-1,0,0
29,553805.7999989986,-3811469.289832711,3566808.5094558434,3652665.3944452847,0,0,0,0,0,1,1,7.429749032373447,2.231588431975882,5.839031602667341,19,4,0.45207347146779936,6.238536922683064,7.475387674069997,0,,0.0,0.0,0,nan,0,0,,0,nan,,0.0,0.0,0,nan,nan,nan,nan,nan,nan,0,0.0,0,nan,nan,0.1941878133561076,1,7.47523247549181,0.15622124124157294,0.020499094433477635,3,7.42889192639062,2.23113106559813,6.238536922683064,2.8828893551859838,nan,nan,0,0.15569293652221375,0,daca05125ab2755f,512,21.21503915367439,8,0,0,0,0,0,0,nan,-1,0,0
30,553806.0,-3811469.988626393,3566809.4754408807,3652663.9545203396,0,0,0,0,1,1,1,8.243162313613318,1.1218263508617061,5.499014590877071,18,0,0.20942828977675063,7.767906518983791,5.418296530152653,0,,0.0,0.0,0,nan,0,0,,0,nan,,0.0,0.0,0,nan,nan,nan,nan,nan,nan,0,0.0,0,nan,nan,0.30123028736562785,1,5.440521381348495,0.12337015769558063,0.2075062030401954,4,8.199008313744816,1.0728181759128057,7.767906518983791,2.6759519396472196,0.20942828977675063,48.48841794941493,0,0.11285697878421032,0,b3f4525bc8b8f4a5,512,26.858090530860892,8,12,1,528,17,16,256,0.3012302850753133,47,18,17
31,553806.2000000477,-3811469.984735076,3566809.4685588456,3652663.951979333,0,0,0,0,1,1,1,8.241831601950256,1.1167693215060182,5.501499054116888,18,1,0.20942828977675063,7.761402624521035,5.4328947477086205,0,,0.0,0.0,0,nan,0,0,,0,nan,,0.0,0.0,0,nan,nan,nan,nan,nan,nan,0,0.0,0,nan,nan,0.30408894932392744,1,5.4542025340325955,0.1282095716297097,0.20587450099111396,4,8.198117011552467,1.0687565695174823,7.761402624521035,2.678099417447205,nan,nan,0,0.1175305948514879,0,b3f4525bc8b8f4a5,512,24.805590217029557,8,0,0,0,0,0,0,nan,-1,0,0
32,553806.4000000954,-3811469.9869406754,3566809.470428908,3652663.9587578727,0,0,0,0,1,1,1,8.241610225280805,1.115869732371507,5.511743731192529,18,2,0.20942828977675063,7.761809677319955,5.445766560600148,0,,0.0,0.0,0,nan,0,0,,0,nan,,0.0,0.0,0,nan,nan,nan,nan,nan,nan,0,0.0,0,nan,nan,0.2966739493862508,1,5.46698942737827,0.12849618804499235,0.20562740164881124,4,8.197973256207671,1.0680244125307345,7.761809677319955,2.6827187110635777,nan,nan,0,0.11781084792465228,0,b3f4525bc8b8f4a5,512,24.695610423722645,8,0,0,0,0,0,0,nan,-1,0,0
33,553806.599998951,-3811469.989975492,3566809.47058704,3652663.963755162,0,0,0,0,1,1,1,8.241525460773781,1.1155424776742189,5.5172720222958995,18,3,0.20942828977675063,7.762046597964363,5.452683221692308,0,,0.0,0.0,0,nan,0,0,,0,nan,,0.0,0.0,0,nan,nan,nan,nan,nan,nan,0,0.0,0,nan,nan,0.2923093241959261,1,5.47388768438261,0.1285120110573761,0.2055940499059499,4,8.197894341785005,1.0677306444941779,7.762046597964363,2.688009043087361,nan,nan,0,0.11782519561655753,0,b3f4525bc8b8f4a5,512,24.689316254715596,8,0,0,0,0,0,0,nan,-1,0,0
34,553806.7999989986,-3811469.990245999,3566809.4692104803,3652663.967523169,0,0,0,0,1,1,1,8.241502304490828,1.1154441713546228,5.518776482198639,18,4,0.20942828977675063,7.7602707554821695,5.454995102369832,0,,0.0,0.0,0,nan,0,0,,0,nan,,0.0,0.0,0,nan,nan,nan,nan,nan,nan,0,0.0,0,nan,nan,0.2909784709871076,1,5.476173953900248,0.12851235810715533,0.20558398495620883,4,8.197872950482823,1.067643267471023,7.7602707554821695,2.693491032534563,nan,nan,0,0.11782531348674435,0,b3f4525bc8b8f4a5,512,24.68913425345147,8,0,0,0,0,0,0,nan,-1,0,0
35,553807.0,-3811469.6260167784,3566809.1338563124,3652663.7525704727,0,0,0,0,0,1,1,2.982191446175133,4.58699074543391,5.190504025042034,18,0,0.290947663274422,7.379445960938236,5.150935924497962,0,,0.0,0.0,0,nan,0,0,,0,nan,,0.0,0.0,0,nan,nan,nan,nan,nan,nan,0,0.0,0,nan,nan,0.6362594206582818,0,5.150935924497962,0.07916666666666669,0.0,1,2.982191446175133,4.58699074543391,7.379445960938236,2.51694055961129,0.290947663274422,11.353875378426523,3,0.07916666666666669,0,60cbf5c6bd3b273a,177,13.292504939353302,8,12,1,272,17,16,0,0.6327965298877277,217,18,17
36,553807.2000000477,-3811469.6224498507,3566809.1424942133,3652663.7536380137,0,0,0,0,0,1,1,2.9826159158053196,4.586748144571808,5.190754228212314,18,1,0.290947663274422,7.383300340107547,5.153871505021943,0,,0.0,0.0,0,nan,0,0,,0,nan,,0.0,0.0,0,nan,nan,nan,nan,nan,nan,0,0.0,0,nan,nan,0.6358848165792458,0,5.153871505021943,0.07915615353714807,0.0,1,2.9826159158053196,4.586748144571808,7.383300340107547,2.5192272188702924,nan,nan,0,0.07915615353714807,0,60cbf5c6bd3b273a,177,13.296015349692356,8,0,0,0,0,0,0,nan,-1,0,0
37,553807.4000000954,-3811469.6206808384,3566809.146307388,3652663.7510239463,0,0,0,0,0,1,1,2.982650297229474,4.586946412962997,5.189321476759525,18,2,0.290947663274422,7.386063756140029,5.1551203656758355,0,,0.0,0.0,0,nan,0,0,,0,nan,,0.0,0.0,0,nan,nan,nan,nan,nan,nan,0,0.0,0,nan,nan,0.633687510032363,0,5.1551203656758355,0.07915716793396331,0.0,1,2.982650297229474,4.586946412962997,7.386063756140029,2.5241381694578493,nan,nan,0,0.07915716793396331,0,60cbf5c6bd3b273a,177,13.295676577008162,8,0,0,0,0,0,0,nan,-1,0,0
38,553807.599998951,-3811469.6210586494,3566809.147532764,3652663.7527582804,0,0,0,0,0,1,1,2.9829554368090885,4.586894388211663,5.191298903562126,18,3,0.290947663274422,7.386515143862588,5.155976702619806,0,,0.0,0.0,0,nan,0,0,,0,nan,,0.0,0.0,0,nan,nan,nan,nan,nan,nan,0,0.0,0,nan,nan,0.6357499893883718,0,5.155976702619806,0.07915686812924852,0.0,1,2.9829554368090885,4.586894388211663,7.386515143862588,2.5297604073832183,nan,nan,0,0.07915686812924852,0,60cbf5c6bd3b273a,177,13.295776699892226,8,0,0,0,0,0,0,nan,-1,0,0
39,553807.7999989986,-3811469.626019064,3566809.149713479,3652663.7578284247,0,0,0,0,0,1,1,2.982984993091164,4.5868990248727215,5.198263857891848,18,4,0.290947663274422,7.389012841815085,5.160582719992699,0,,0.0,0.0,0,nan,0,0,,0,nan,,0.0,0.0,0,nan,nan,nan,nan,nan,nan,0,0.0,0,nan,nan,0.6428204466850908,0,5.160582719992699,0.07915682079069132,0.0,1,2.982984993091164,4.5868990248727215,7.389012841815085,2.535584634868319,nan,nan,0,0.07915682079069132,0,60cbf5c6bd3b273a,177,13.295792509192117,8,0,0,0,0,0,0,nan,-1,0,0
40,553808.0,-3811469.5997325815,3566809.023372303,3652663.9772674013,0,0,0,0,1,1,1,7.10659128273172,1.4303642956179985,4.974431904281264,18,0,0.30400967615543767,7.200881418648142,4.236456505665313,0,,0.0,0.0,0,nan,0,0,,0,nan,,0.0,0.0,0,nan,nan,nan,nan,nan,nan,0,0.0,0,nan,nan,0.45957333645513276,1,4.235843736505073,0.06979850356750988,0.04405510806119719,2,7.1010022993489565,1.4285995158398228,7.200881418648142,2.3699637257269357,0.30400967615543767,10.823505896235373,1,0.0686589400703258,0,a5667da7983d8ee3,370,55.471370255056144,8,12,1,292,17,16,20,0.46124913975863924,223,18,17
41,553808.199999094,-3811469.604565452,3566809.022197833,3652663.975938404,0,0,0,0,1,1,1,7.105534524703267,1.4239835827411234,4.975390854091056,18,1,0.30400967615543767,7.203308836127141,4.253968546344318,0,,0.0,0.0,0,nan,0,0,,0,nan,,0.0,0.0,0,nan,nan,nan,nan,nan,nan,0,0.0,0,nan,nan,0.45134892291435225,1,4.2533617649823325,0.07269231936813167,0.04414820485544296,2,7.099923486611791,1.4222230017269548,7.203308836127141,2.3723777286033028,nan,nan,0,0.07150035975170276,0,a5667da7983d8ee3,370,51.334059425248206,8,0,0,0,0,0,0,nan,-1,0,0
42,553808.4000000954,-3811469.6200710684,3566809.0384342065,3652663.9914526143,0,0,0,0,1,1,1,7.105388056783849,1.4235160745142716,5.004874842567653,18,2,0.30400967615543767,7.218677470522274,4.284883664094453,0,,0.0,0.0,0,nan,0,0,,0,nan,,0.0,0.0,0,nan,nan,nan,nan,nan,nan,0,0.0,0,nan,nan,0.4446936732119586,1,4.284288379626519,0.07280919490611956,0.044156093605159576,2,7.099775582348275,1.4217572885155259,7.218677470522274,2.3775886360799108,nan,nan,0,0.07161486378707632,0,a5667da7983d8ee3,370,51.15227374565858,8,0,0,0,0,0,0,nan,-1,0,0
43,553808.599998951,-3811469.6378614362,3566809.0555787836,3652664.004021144,0,0,0,0,1,1,1,7.105307739324919,1.4229321838672468,5.030793260613999,18,3,0.30400967615543767,7.237151120487444,4.3114390935061255,0,,0.0,0.0,0,nan,0,0,,0,nan,,0.0,0.0,0,nan,nan,nan,nan,nan,nan,0,0.0,0,nan,nan,0.4368374553415803,1,4.310858560759874,0.0728203743200386,0.04415703190744204,2,7.099695155452661,1.421173457458239,7.237151120487444,2.3835556216658462,nan,nan,0,0.07162579938371842,0,a5667da7983d8ee3,370,51.13719872004539,8,0,0,0,0,0,0,nan,-1,0,0
44,553808.7999999523,-3811469.6511755534,3566809.0698531303,3652664.016906605,0,0,0,0,1,1,1,7.105289530866212,1.422770579171541,5.053571782890433,18,4,0.30400967615543767,7.250854808964697,4.333877803722669,0,,0.0,0.0,0,nan,0,0,,0,nan,,0.0,0.0,0,nan,nan,nan,nan,nan,nan,0,0.0,0,nan,nan,0.43212213067038796,1,4.333306480096522,0.07282201600358393,0.04415718781772741,2,7.099676958339226,1.4210121674859861,7.250854808964697,2.3897359609892086,nan,nan,0,0.07162740714580984,0,a5667da7983d8ee3,370,51.13605406630509,8,0,0,0,0,0,0,nan,-1,0,0
45,553809.0,-3811469.415095297,3566808.780492458,3652664.2735296553,0,0,0,0,0,1,1,2.3056858351859497,4.654563184370218,5.037513551886008,19,0,0.28473158978728563,6.812160832921714,4.997510913515453,0,,0.0,0.0,0,nan,0,0,,0,nan,,0.0,0.0,0,nan,nan,nan,nan,nan,nan,0,0.0,0,nan,nan,0.4950460711194604,1,4.997510913515453,0.07935049019607843,0.0,1,2.3056858351859497,4.654563184370218,6.812160832921714,2.21892742224765,0.28473158978728563,2.718979748563414,6,0.07935049019607843,0,832d821e147a649e,193,13.28798476460513,8,12,1,272,17,16,0,0.49085502359913735,216,19,17
46,553809.199999094,-3811469.414116654,3566808.77971777,3652664.2705520685,0,0,0,0,0,1,1,2.3035267006511515,4.660622138765743,5.057972790812813,19,1,0.28473158978728563,6.812011773640396,5.00370008003835,0,,0.0,0.0,0,nan,0,0,,0,nan,,0.0,0.0,0,nan,nan,nan,nan,nan,nan,0,0.0,0,nan,nan,0.5122724716961041,0,5.00370008003835,0.0793345686761153,0.0,1,2.3035267006511515,4.660622138765743,6.812011773640396,2.2215420717411725,nan,nan,0,0.0793345686761153,0,832d821e147a649e,193,13.293542957936046,8,0,0,0,0,0,0,nan,-1,0,0
47,553809.4000000954,-3811469.4182153256,3566808.7827237993,3652664.2755420734,0,0,0,0,0,1,1,2.3037918739344394,4.662046753087195,5.070793541123231,19,2,0.28473158978728563,6.814965548955687,5.009063324526245,0,,0.0,0.0,0,nan,0,0,,0,nan,,0.0,0.0,0,nan,nan,nan,nan,nan,nan,0,0.0,0,nan,nan,0.5234522689064818,0,5.009063324526245,0.07933806519095152,0.0,1,2.3037918739344394,4.662046753087195,6.814965548955687,2.2271151595485317,nan,nan,0,0.07933806519095152,0,832d821e147a649e,193,13.292325277249034,8,0,0,0,0,0,0,nan,-1,0,0
48,553809.599998951,-3811469.4134697006,3566808.7775105317,3652664.2671238803,0,0,0,0,0,1,1,2.3035714813086496,4.662805877238886,5.060965283991186,19,3,0.28473158978728563,6.8111547264812495,5.003272495269792,0,,0.0,0.0,0,nan,0,0,,0,nan,,0.0,0.0,0,nan,nan,nan,nan,nan,nan,0,0.0,0,nan,nan,0.5126804968030875,0,5.003272495269792,0.07934682545219557,0.0,1,2.3035714813086496,4.662805877238886,6.8111547264812495,2.233486817838483,nan,nan,0,0.07934682545219557,0,832d821e147a649e,193,13.289272387567873,8,0,0,0,0,0,0,nan,-1,0,0
49,553809.7999999523,-3811469.3977967124,3566808.765014775,3652664.2510027033,0,0,0,0,0,1,1,2.3035756507352514,4.662994873645421,5.036159613657036,19,4,0.28473158978728563,6.798190767216363,4.9859846021637315,0,,0.0,0.0,0,nan,0,0,,0,nan,,0.0,0.0,0,nan,nan,nan,nan,nan,nan,0,0.0,0,nan,nan,0.48868327465638195,1,4.9859846021637315,0.07934874128984018,0.0,1,2.3035756507352514,4.662994873645421,6.798190767216363,2.240082038541546,nan,nan,0,0.07934874128984018,0,832d821e147a649e,193,13.28860485203935,8,0,0,0,0,0,0,nan,-1,0,0
50,553810.0,-3811469.2985404828,3566808.640770682,3652664.524779216,0,0,0,0,0,1,1,1.986569545349098,4.629715084636007,4.962177133669494,19,0,0.26506036033573993,6.559054910956704,5.0438121029488245,0,,0.0,0.0,0,nan,0,0,,0,nan,,0.0,0.0,0,nan,nan,nan,nan,nan,nan,0,0.0,0,nan,nan,0.5161421616447747,0,5.0438121029488245,0.18215844546983537,0.0,1,1.986569545349098,4.629715084636007,6.559054910956704,2.1205173581613557,0.26506036033573993,1.8608898760313553,0,0.18215844546983537,0,832d821e147a649e,218,13.50739516896907,8,12,1,285,17,16,13,0.507775466887582,228,19,17
51,553810.199999094,-3811469.3039292046,3566808.64487794,3652664.529502901,0,0,0,0,0,1,1,1.983564198677283,4.6290174179631185,4.972768557405449,19,1,0.26506036033573993,6.563846145743955,5.05379207196667,0,,0.0,0.0,0,nan,0,0,,0,nan,,0.0,0.0,0,nan,nan,nan,nan,nan,nan,0,0.0,0,nan,nan,0.5249928920508314,0,5.05379207196667,0.19494540581718114,0.0,1,1.983564198677283,4.6290174179631185,6.563846145743955,2.1232300878221277,nan,nan,0,0.19494540581718114,0,832d821e147a649e,218,11.875369334643532,8,0,0,0,0,0,0,nan,-1,0,0
52,553810.4000000954,-3811469.315596398,3566808.65828624,3652664.5406800522,0,0,0,0,0,1,1,1.9828602569638718,4.62928348164852,4.993502813661418,19,2,0.26506036033573993,6.5773148379183635,5.070485194389389,0,,0.0,0.0,0,nan,0,0,,0,nan,,0.0,0.0,0,nan,nan,nan,nan,nan,nan,0,0.0,0,nan,nan,0.5446675562415318,0,5.070485194389389,0.1960027259397916,0.0,1,1.9828602569638718,4.62928348164852,6.5773148379183635,2.129054448480933,nan,nan,0,0.1960027259397916,0,832d821e147a649e,218,11.755064697471141,8,0,0,0,0,0,0,nan,-1,0,0
53,553810.599998951,-3811469.34256695,3566808.6845943565,3652664.568832754,0,0,0,0,0,1,1,1.9826386605072317,4.629434957893858,5.040506943397922,19,3,0.26506036033573993,6.60440914717434,5.104045349837259,0,,0.0,0.0,0,nan,0,0,,0,nan,,0.0,0.0,0,nan,nan,nan,nan,nan,nan,0,0.0,0,nan,nan,0.5896709154373053,0,5.104045349837259,0.19611657448045777,0.0,1,1.9826386605072317,4.629434957893858,6.60440914717434,2.1357169279087573,nan,nan,0,0.19611657448045777,0,832d821e147a649e,218,11.743729041522824,8,0,0,0,0,0,0,nan,-1,0,0
54,553810.7999999523,-3811469.3769528917,3566808.7217116025,3652664.6004809807,0,0,0,0,0,1,1,1.9825701391566461,4.629405966058953,5.098551211388733,19,4,0.26506036033573993,6.643192315066824,5.149641568949452,0,,0.0,0.0,0,nan,0,0,,0,nan,,0.0,0.0,0,nan,nan,nan,nan,nan,nan,0,0.0,0,nan,nan,0.5585520974878938,0,5.149641568949452,0.1961296436854397,0.0,1,1.9825701391566461,4.629405966058953,6.643192315066824,2.142612579201163,nan,nan,0,0.1961296436854397,0,832d821e147a649e,218,11.742478537988543,8,0,0,0,0,0,0,nan,-1,0,0
55,553811.0,-3811469.235102616,3566808.4984445698,3652664.8116010264,0,0,0,0,0,1,1,1.6816920793524073,4.654834934334049,5.151119482644341,19,0,0.25623423622778385,6.33108764208706,5.099901842629397,0,,0.0,0.0,0,nan,0,0,,0,nan,,0.0,0.0,0,nan,nan,nan,nan,nan,nan,0,0.0,0,nan,nan,0.5687656742348691,0,5.099901842629397,0.26701589839068496,0.0,1,1.6816920793524073,4.654834934334049,6.33108764208706,2.0332112461865335,0.25623423622778385,1.334637417535249,0,0.26701589839068496,0,832d821e147a649e,256,10.826397838213794,8,12,1,288,17,16,16,0.49113359070864404,275,19,17
56,553811.199999094,-3811469.2729791864,3566808.5359099815,3652664.848355844,0,0,0,0,0,1,1,1.6801774161684506,4.655464697628968,5.235284514033264,19,1,0.25623423622778385,6.372082856127787,5.155916018905414,0,,0.0,0.0,0,nan,0,0,,0,nan,,0.0,0.0,0,nan,nan,nan,nan,nan,nan,0,0.0,0,nan,nan,0.6200755572512889,0,5.155916018905414,0.28638826987306354,0.0,1,1.6801774161684506,4.655464697628968,6.372082856127787,2.036041422985263,nan,nan,0,0.28638826987306354,0,832d821e147a649e,256,9.509939436569926,8,0,0,0,0,0,0,nan,-1,0,0
57,553811.4000000954,-3811469.3265806404,3566808.588842787,3652664.9009892987,0,0,0,0,0,1,1,1.6798310062888968,4.656072275440244,5.331168126328143,19,2,0.25623423622778385,6.430540122500017,5.226024022632316,0,,0.0,0.0,0,nan,0,0,,0,nan,,0.0,0.0,0,nan,nan,nan,nan,nan,nan,0,0.0,0,nan,nan,0.5308083416141606,0,5.226024022632316,0.2880342056814547,0.0,1,1.6798310062888968,4.656072275440244,6.430540122500017,2.042114738166459,nan,nan,0,0.2880342056814547,0,832d821e147a649e,256,9.410627294775885,8,0,0,0,0,0,0,nan,-1,0,0
58,553811.599998951,-3811469.383561751,3566808.6461469145,3652664.9577724473,0,0,0,0,0,1,1,1.679743270342679,4.6561775183904555,5.429669591884242,19,3,0.25623423622778385,6.494106070676691,5.300232819508764,0,,0.0,0.0,0,nan,0,0,,0,nan,,0.0,0.0,0,nan,nan,nan,nan,nan,nan,0,0.0,0,nan,nan,0.4445009487962939,1,5.300232819508764,0.28820338594880246,0.0,1,1.679743270342679,4.6561775183904555,6.494106070676691,2.0490599946754635,nan,nan,0,0.28820338594880246,0,832d821e147a649e,256,9.400506918700584,8,0,0,0,0,0,0,nan,-1,0,0
59,553811.7999999523,-3811469.4447181495,3566808.7062500827,3652665.0216358565,0,0,0,0,0,1,1,1.6797168265315725,4.6562441947004425,5.535782839134796,19,4,0.25623423622778385,6.561561787920344,5.379163909536315,0,,0.0,0.0,0,nan,0,0,,0,nan,,0.0,0.0,0,nan,nan,nan,nan,nan,nan,0,0.0,0,nan,nan,0.3606745652455206,1,5.379163909536315,0.2882171593780194,0.0,1,1.6797168265315725,4.6562441947004425,6.561561787920344,2.056246294564471,nan,nan,0,0.2882171593780194,0,832d821e147a649e,256,9.399696822519266,8,0,0,0,0,0,0,nan,-1,0,0
60,553812.0,-3811469.1845345027,3566808.40403197,3652665.053313325,0,0,0,0,0,1,1,1.4513899058118562,4.739497978737724,5.6052376997611,19,0,0.24999160052313082,6.166848881541285,5.176692153474416,0,,0.0,0.0,0,nan,0,0,,0,nan,,0.0,0.0,0,nan,nan,nan,nan,nan,nan,0,0.0,0,nan,nan,0.5757851091282591,0,5.176692153474416,0.21540702839805423,0.0,1,1.4513899058118562,4.739497978737724,6.166848881541285,1.9549034460280577,0.24999160052313082,1.3371359063100048,0,0.21540702839805423,0,832d821e147a649e,341,15.120260015110846,8,12,1,304,17,16,32,0.5734745973966864,24,19,17
61,553812.199999094,-3811469.2331142887,3566808.4537998647,3652665.1059620883,0,0,0,0,0,1,1,1.4495196897002605,4.743604954117674,5.7343701358619805,19,1,0.24999160052313082,6.221608856680122,5.255385610159519,0,,0.0,0.0,0,nan,0,0,,0,nan,,0.0,0.0,0,nan,nan,nan,nan,nan,nan,0,0.0,0,nan,nan,0.48130085612303053,1,5.255385610159519,0.22742938875279808,0.0,1,1.4495196897002605,4.743604954117674,6.221608856680122,1.9578471472005274,nan,nan,0,0.22742938875279808,0,832d821e147a649e,341,13.692775924764968,8,0,0,0,0,0,0,nan,-1,0,0
62,553812.4000000954,-3811469.2980974317,3566808.5156194377,3652665.1719480325,0,0,0,0,0,1,1,1.4491951695816663,4.74457969024569,5.853623862766625,19,2,0.24999160052313082,6.29338323410037,5.341246355956667,0,,0.0,0.0,0,nan,0,0,,0,nan,,0.0,0.0,0,nan,nan,nan,nan,nan,nan,0,0.0,0,nan,nan,0.39160852209272057,1,5.341246355956667,0.22840008582539637,0.0,1,1.4491951695816663,4.74457969024569,6.29338323410037,1.9641623367477135,nan,nan,0,0.22840008582539637,0,832d821e147a649e,341,13.590944167826017,8,0,0,0,0,0,0,nan,-1,0,0
63,553812.599998951,-3811469.323044764,3566808.5407642205,3652665.198648223,0,0,0,0,0,1,1,1.4491784782385357,4.744454932142915,5.897989477991351,19,3,0.24999160052313082,6.322016967199731,5.3743481077845,0,,0.0,0.0,0,nan,0,0,,0,nan,,0.0,0.0,0,nan,nan,nan,nan,nan,nan,0,0.0,0,nan,nan,0.36202543369574397,1,5.3743481077845,0.22871020760374122,0.0,1,1.4491784782385357,4.744454932142915,6.322016967199731,1.971382263637691,nan,nan,0,0.22871020760374122,0,832d821e147a649e,341,13.56061452072963,8,0,0,0,0,0,0,nan,-1,0,0
64,553812.7999999523,-3811469.331030157,3566808.5471869325,3652665.210737892,0,0,0,0,0,1,1,1.4491620194252257,4.7445403097253065,5.9142620585397925,19,4,0.24999160052313082,6.329239134620994,5.3836925915002105,0,,0.0,0.0,0,nan,0,0,,0,nan,,0.0,0.0,0,nan,nan,nan,nan,nan,nan,0,0.0,0,nan,nan,0.35330437865238273,1,5.3836925915002105,0.2287424487167321,0.0,1,1.4491620194252257,4.7445403097253065,6.329239134620994,1.978850681069604,nan,nan,0,0.2287424487167321,0,832d821e147a649e,341,13.557482604692323,8,0,0,0,0,0,0,nan,-1,0,0
65,553813.0,-3811469.0978832426,3566808.2461486016,3652665.22409359,0,0,0,0,1,1,1,6.953306445197599,1.451018672964975,5.734677466175247,18,0,0.20590055846808142,5.954818255721592,6.5537365702858486,0,,0.0,0.0,0,nan,0,0,,0,nan,,0.0,0.0,0,nan,nan,nan,nan,nan,nan,0,0.0,0,nan,nan,0.5860099842923645,0,6.553508273204578,0.15970725307638142,0.02177813187482436,2,6.954133509224419,1.4516883220793222,5.954818255721592,1.887203157661293,0.20590055846808142,0.8545983346324524,0,0.159172269588811,0,994d54c9040caa4d,370,16.35592131615112,8,12,1,376,17,16,104,0.5113892257437315,361,18,17
66,553813.199999094,-3811469.0866705896,3566808.2339572455,3652665.214502371,0,0,0,0,1,1,1,6.956737884614406,1.445142577529168,5.739384637460836,18,1,0.20590055846808142,5.940850326801397,6.544061424482321,0,,0.0,0.0,0,nan,0,0,,0,nan,,0.0,0.0,0,nan,nan,nan,nan,nan,nan,0,0.0,0,nan,nan,0.5962477315046207,0,6.543986268564103,0.16849636275262678,0.013840429726495252,2,6.957087411189673,1.4454302561256152,5.940850326801397,1.890252728871852,nan,nan,0,0.1682632479372621,0,994d54c9040caa4d,370,14.784304351821554,8,0,0,0,0,0,0,nan,-1,0,0
67,553813.4000000954,-3811469.0863395133,3566808.2326866523,3652665.2164501403,0,0,0,0,1,1,1,6.957484361637096,1.4440038132198607,5.74575562771126,18,2,0.20590055846808142,5.9392505269522475,6.5466561580291,0,,0.0,0.0,0,nan,0,0,,0,nan,,0.0,0.0,0,nan,nan,nan,nan,nan,nan,0,0.0,0,nan,nan,0.5948171505197576,0,6.546590738904879,0.1691329521894818,0.013327948701213451,2,6.957812852712581,1.444275360818609,5.9392505269522475,1.8967930862073663,nan,nan,0,0.1689141010943363,0,994d54c9040caa4d,370,14.684850958961512,8,0,0,0,0,0,0,nan,-1,0,0
68,553813.599998951,-3811469.0871777595,3566808.234115772,3652665.22406919,0,0,0,0,1,1,1,6.957690009503367,1.4435255072599809,5.753886074567227,18,3,0.20590055846808142,5.939136892899335,6.55426341599716,0,,0.0,0.0,0,nan,0,0,,0,nan,,0.0,0.0,0,nan,nan,nan,nan,nan,nan,0,0.0,0,nan,nan,0.5908658707060044,0,6.5542001024181,0.1691957899347932,0.013275109997022458,2,6.958017097404419,1.4437962591864728,5.939136892899335,1.9042684866028543,nan,nan,0,0.16897829325859828,0,994d54c9040caa4d,370,14.675200674729885,8,0,0,0,0,0,0,nan,-1,0,0
69,553813.7999999523,-3811469.0913300556,3566808.235501047,3652665.228706436,0,0,0,0,1,1,1,6.957739691761433,1.4434536801753592,5.7603227340181204,18,4,0.20590055846808142,5.941714552284891,6.560205498647865,0,,0.0,0.0,0,nan,0,0,,0,nan,,0.0,0.0,0,nan,nan,nan,nan,nan,nan,0,0.0,0,nan,nan,0.585206156863581,0,6.5601426114022505,0.16920296938698856,0.013264750111427416,2,6.958066623457258,1.4437243784264362,5.941714552284891,1.9119990826985265,nan,nan,0,0.16898562892374544,0,994d54c9040caa4d,370,14.674047866130381,8,0,0,0,0,0,0,nan,-1,0,0
70,553814.0,-3811469.037298305,3566808.123900659,3652665.37507361,0,0,0,0,1,1,1,6.730373218798053,1.5135756264092028,5.580307989813202,19,0,0.17166137233746512,5.7928469079199845,6.458271179211468,0,,0.0,0.0,0,nan,0,0,,0,nan,,0.0,0.0,0,nan,nan,nan,nan,nan,nan,0,0.0,0,nan,nan,0.5572002317001725,0,6.458289311238385,0.2036050839367194,0.01774164357205696,2,6.731077471578259,1.5141486427955801,5.7928469079199845,1.8222119807090562,0.17166137233746512,0.6712067054049101,0,0.20308802050565875,0,994d54c9040caa4d,385,13.945645721177078,8,12,1,407,17,16,135,0.5003964036863656,328,19,17
71,553814.199999094,-3811469.0540562454,3566808.1413113913,3652665.3910148344,0,0,0,0,1,1,1,6.729587590789566,1.5097362819751106,5.61628545237455,19,1,0.17166137233746512,5.813242256654249,6.483547882210728,0,,0.0,0.0,0,nan,0,0,,0,nan,,0.0,0.0,0,nan,nan,nan,nan,nan,nan,0,0.0,0,nan,nan,0.5823261628600944,0,6.483565354467189,0.2152946967271722,0.011501120547280102,2,6.729890617069524,1.5099847835117803,5.813242256654249,1.8253700871584446,nan,nan,0,0.21506267165556942,0,994d54c9040caa4d,385,12.570554202693069,8,0,0,0,0,0,0,nan,-1,0,0
72,553814.4000000954,-3811469.078650902,3566808.166167389,3652665.413996416,0,0,0,0,1,1,1,6.729288947641241,1.5088965806548784,5.658664875517778,19,2,0.17166137233746512,5.8428614098649145,6.521687146931219,0,,0.0,0.0,0,nan,0,0,,0,nan,,0.0,0.0,0,nan,nan,nan,nan,nan,nan,0,0.0,0,nan,nan,0.6026022678082928,0,6.521705777253699,0.21613974637676525,0.011104990737760112,2,6.729573709643937,1.509130582326393,5.8428614098649145,1.8321420652407963,nan,nan,0,0.2159217011417379,0,994d54c9040caa4d,385,12.483722239962422,8,0,0,0,0,0,0,nan,-1,0,0
73,553814.599998951,-3811469.1003943384,3566808.188215709,3652665.432468175,0,0,0,0,1,1,1,6.729133587148379,1.5087464231713745,5.6937449792407095,19,3,0.17166137233746512,5.86957827210506,6.554184705967003,0,,0.0,0.0,0,nan,0,0,,0,nan,,0.0,0.0,0,nan,nan,nan,nan,nan,nan,0,0.0,0,nan,nan,0.5700114289423148,0,6.554202979853737,0.21623752951059605,0.011058177182172045,2,6.729416342314996,1.508978844654777,5.86957827210506,1.8398801572128798,nan,nan,0,0.2160210563418423,0,994d54c9040caa4d,385,12.473592070804996,8,0,0,0,0,0,0,nan,-1,0,0
74,553814.7999999523,-3811469.1283504013,3566808.217287369,3652665.456551214,0,0,0,0,1,1,1,6.729115413117378,1.5086569388815485,5.739741364493762,19,4,0.17166137233746512,5.904559055478418,6.597041925136694,0,,0.0,0.0,0,nan,0,0,,0,nan,,0.0,0.0,0,nan,nan,nan,nan,nan,nan,0,0.0,0,nan,nan,0.5280437987372808,0,6.597059638931079,0.2162415117181153,0.0110534762948089,2,6.729398210718268,1.5088894535298474,5.904559055478418,1.8478801402022942,nan,nan,0,0.216025098058274,0,994d54c9040caa4d,385,12.473253788079097,8,0,0,0,0,0,0,nan,-1,0,0
75,553815.0,-3811468.9644313212,3566808.0002683788,3652665.475848125,0,0,0,0,1,1,1,6.607823515289276,1.5768788947305261,5.563605699858875,18,0,0.16723452360142665,5.634140693340448,6.4911024349750575,0,,0.0,0.0,0,nan,0,0,,0,nan,,0.0,0.0,0,nan,nan,nan,nan,nan,nan,0,0.0,0,nan,nan,0.5857284556391009,0,6.491119457456192,0.2416103724773595,0.015658807437747894,2,6.608363801688194,1.5773179630711684,5.634140693340448,1.7651404205727586,0.16723452360142665,0.6444207763429423,0,0.24113489166019228,0,994d54c9040caa4d,391,11.626419329266618,8,12,1,433,17,16,161,0.5099131577916137,390,18,17
76,553815.199999094,-3811468.9626228022,3566807.997926585,3652665.473465487,0,0,0,0,1,1,1,6.610321597533593,1.577186407456806,5.570540408788409,18,1,0.16723452360142665,5.631694436909621,6.493716263735682,0,,0.0,0.0,0,nan,0,0,,0,nan,,0.0,0.0,0,nan,nan,nan,nan,nan,nan,0,0.0,0,nan,nan,0.5881765154394933,0,6.493724946929449,0.25557109682306295,0.009967866104401365,2,6.6105426342647124,1.5773665939578014,5.631694436909621,1.7684010070562826,nan,nan,0,0.25536454966556227,0,994d54c9040caa4d,391,10.44896670434663,8,0,0,0,0,0,0,nan,-1,0,0
77,553815.4000000954,-3811468.961974218,3566807.996615348,3652665.4761489625,0,0,0,0,1,1,1,6.610980749355537,1.576585278757515,5.574369835415747,18,2,0.16723452360142665,5.6297856190029805,6.496611009861757,0,,0.0,0.0,0,nan,0,0,,0,nan,,0.0,0.0,0,nan,nan,nan,nan,nan,nan,0,0.0,0,nan,nan,0.5910950446603852,0,6.496619603810948,0.2565626814711396,0.009633769969056075,2,6.611187266264808,1.5767537672642655,5.6297856190029805,1.775390432894277,nan,nan,0,0.2563692409763038,0,994d54c9040caa4d,391,10.375271296102005,8,0,0,0,0,0,0,nan,-1,0,0
78,553815.599998951,-3811468.965777788,3566807.9991327194,3652665.4802612495,0,0,0,0,1,1,1,6.611175615228424,1.5765691778721584,5.581459481005151,18,3,0.16723452360142665,5.633293496618416,6.502916491920645,0,,0.0,0.0,0,nan,0,0,,0,nan,,0.0,0.0,0,nan,nan,nan,nan,nan,nan,0,0.0,0,nan,nan,0.5974342239527153,0,6.50292517587027,0.2566602440556837,0.00959292066775836,2,6.6113806482904725,1.5767365110145388,5.633293496618416,1.7833748257732964,nan,nan,0,0.25646803789587946,0,994d54c9040caa4d,391,10.368115927598232,8,0,0,0,0,0,0,nan,-1,0,0
79,553815.7999999523,-3811468.9675551504,3566807.998609478,3652665.478977498,0,0,0,0,1,1,1,6.611216883103917,1.5765811493118596,5.581387508215798,18,4,0.16723452360142665,5.634264974908431,6.502326375736732,0,,0.0,0.0,0,nan,0,0,,0,nan,,0.0,0.0,0,nan,nan,nan,nan,nan,nan,0,0.0,0,nan,nan,0.5969013650511665,0,6.502334975689691,0.2566706086959863,0.009588030716098993,2,6.611421707878881,1.5767483135157168,5.634264974908431,1.7916271459200621,nan,nan,0,0.2564785406597613,0,994d54c9040caa4d,391,10.367336851469195,8,0,0,0,0,0,0,nan,-1,0,0
80,553816.0,-3811468.878908008,3566807.8702539033,3652665.593582837,0,0,0,0,1,1,1,6.434329192542468,1.647992737957946,5.38969395983052,18,0,0.15067004659052766,5.460617008571898,6.442116839960133,0,,0.0,0.0,0,nan,0,0,,0,nan,,0.0,0.0,0,nan,nan,nan,nan,nan,nan,0,0.0,0,nan,nan,0.5336541950580548,0,6.442164533795849,0.27077435842417164,0.013686660462525776,2,6.434763186132928,1.6483345886138456,5.460617008571898,1.7121542298193912,0.15067004659052766,0.48750634448403524,0,0.2703559124288342,0,994d54c9040caa4d,395,9.51815627715861,8,12,1,464,17,16,192,0.48618588572679355,358,18,17
81,553816.199999094,-3811468.889186431,3566807.880308708,3652665.603812291,0,0,0,0,1,1,1,6.434711069203909,1.6451112717008016,5.415210176595309,18,1,0.15067004659052766,5.472926503892927,6.459033635024048,0,,0.0,0.0,0,nan,0,0,,0,nan,,0.0,0.0,0,nan,nan,nan,nan,nan,nan,0,0.0,0,nan,nan,0.5503471390054842,0,6.459058115608065,0.2858378273252411,0.008614703723608617,2,6.434886948472148,1.6452510900391684,5.472926503892927,1.7155155646892941,nan,nan,0,0.2856606562641592,0,994d54c9040caa4d,395,8.577638714128826,8,0,0,0,0,0,0,nan,-1,0,0
82,553816.3999989033,-3811468.902836786,3566807.895093014,3652665.6192629123,0,0,0,0,1,1,1,6.434537939173995,1.6446171397835805,5.440614649113292,18,2,0.15067004659052766,5.490079674497418,6.48267097111699,0,,0.0,0.0,0,nan,0,0,,0,nan,,0.0,0.0,0,nan,nan,nan,nan,nan,nan,0,0.0,0,nan,nan,0.5738354462881105,0,6.482694765523736,0.28689251030796964,0.008302003833410872,2,6.434702101288313,1.6447479055652272,5.490079674497418,1.7227195117517602,nan,nan,0,0.28672707147579557,0,994d54c9040caa4d,395,8.519021168286182,8,0,0,0,0,0,0,nan,-1,0,0
83,553816.5999999046,-3811468.909679358,3566807.900495396,3652665.6277586543,0,0,0,0,1,1,1,6.434414363527288,1.6446145178582554,5.452336005349673,18,3,0.15067004659052766,5.497062703441286,6.494129482939712,0,,0.0,0.0,0,nan,0,0,,0,nan,,0.0,0.0,0,nan,nan,nan,nan,nan,nan,0,0.0,0,nan,nan,0.5853554124330922,0,6.494153130643259,0.2870162898075319,0.008267164522228379,2,6.434577182175184,1.644744203481505,5.497062703441286,1.730947006658849,nan,nan,0,0.2868522000725224,0,994d54c9040caa4d,395,8.51214899308059,8,0,0,0,0,0,0,nan,-1,0,0
84,553816.7999999523,-3811468.902958673,3566807.893729498,3652665.6224793,0,0,0,0,1,1,1,6.434359473083627,1.6446389776132457,5.441563480377495,18,4,0.15067004659052766,5.488584600800307,6.484235125006098,0,,0.0,0.0,0,nan,0,0,,0,nan,,0.0,0.0,0,nan,nan,nan,nan,nan,nan,0,0.0,0,nan,nan,0.5755077534030473,0,6.484258836937465,0.28703639722858254,0.008261219182842434,2,6.434522043156578,1.6447684583469386,5.488584600800307,1.7394480273096997,nan,nan,0,0.2868725328881698,0,994d54c9040caa4d,395,8.511015309095372,8,0,0,0,0,0,0,nan,-1,0,0
85,553817.0,-3811468.8169170558,3566807.7924411534,3652665.732098982,0,0,0,0,1,1,1,6.270284730675216,1.6746499387104563,5.294819844578226,19,0,0.16129119387086358,5.33972507027378,6.421574769958398,0,,0.0,0.0,0,nan,0,0,,0,nan,,0.0,0.0,0,nan,nan,nan,nan,nan,nan,0,0.0,0,nan,nan,0.5105699788468434,0,6.421633142375632,0.2936174850760762,0.012724393840761584,2,6.270668833746964,1.6749475071914068,5.33972507027378,1.6605523074598696,0.16129119387086358,0.3482728961220111,0,0.2932216782485975,0,994d54c9040caa4d,399,7.966889582136118,8,12,1,480,17,16,208,0.4740417730304317,373,19,17
86,553817.199999094,-3811468.789584278,3566807.765068103,3652665.7043454917,0,0,0,0,1,1,1,6.268979386961714,1.6764908060045316,5.241449213974157,19,1,0.16129119387086358,5.306002063462841,6.37398952495786,0,,0.0,0.0,0,nan,0,0,,0,nan,,0.0,0.0,0,nan,nan,nan,nan,nan,nan,0,0.0,0,nan,nan,0.4641629241149812,1,6.3740099094873734,0.309797285241059,0.007953244540958429,2,6.26912788880076,1.6766051759813156,5.306002063462841,1.664017975913443,nan,nan,0,0.30963428388900094,0,994d54c9040caa4d,399,7.178545527689179,8,0,0,0,0,0,0,nan,-1,0,0
87,553817.3999989033,-3811468.7791701336,3566807.7530020396,3652665.6942558023,0,0,0,0,1,1,1,6.269611561555657,1.674990187453878,5.227438423879993,19,2,0.16129119387086358,5.291895731050397,6.35795376090478,0,,0.0,0.0,0,nan,0,0,,0,nan,,0.0,0.0,0,nan,nan,nan,nan,nan,nan,0,0.0,0,nan,nan,0.44899590742738416,1,6.357974426310194,0.31096915593659025,0.007636030226999403,2,6.269749528340454,1.6750968986506267,5.291895731050397,1.6714439156460614,nan,nan,0,0.31081782693459975,0,994d54c9040caa4d,399,7.128105140984171,8,0,0,0,0,0,0,nan,-1,0,0
88,553817.5999999046,-3811468.777137907,3566807.7511370927,3652665.6918531856,0,0,0,0,1,1,1,6.269644959062305,1.6748717388064311,5.224177145156627,19,3,0.16129119387086358,5.289586413029958,6.354511455321057,0,,0.0,0.0,0,nan,0,0,,0,nan,,0.0,0.0,0,nan,nan,nan,nan,nan,nan,0,0.0,0,nan,nan,0.4456568659873836,1,6.354532089338414,0.311079430788897,0.007603128139991045,2,6.269781886111167,1.6749776959068534,5.289586413029958,1.6799225601746655,nan,nan,0,0.3109291665716587,0,994d54c9040caa4d,399,7.123390892587706,8,0,0,0,0,0,0,nan,-1,0,0
89,553817.7999999523,-3811468.7767216642,3566807.7499405225,3652665.6927631916,0,0,0,0,1,1,1,6.269646117958837,1.6748306850317218,5.224023634889864,19,4,0.16129119387086358,5.288271008541489,6.35455323900821,0,,0.0,0.0,0,nan,0,0,,0,nan,,0.0,0.0,0,nan,nan,nan,nan,nan,nan,0,0.0,0,nan,nan,0.4459092775621526,1,6.354573900997822,0.3110907612517598,0.007600541790816544,2,6.2697829468516435,1.6749365671914813,5.288271008541489,1.6886804655036185,nan,nan,0,0.3109406061481833,0,994d54c9040caa4d,399,7.122906684892299,8,0,0,0,0,0,0,nan,-1,0,0
90,553818.0,-3811468.7353828726,3566807.691360277,3652665.845512674,0,0,0,0,0,1,1,6.116047745384521,1.7746598950397263,5.072363734970376,18,0,0.11031835963790779,5.194834180173555,6.405003021489568,0,,0.0,0.0,0,nan,0,0,,0,nan,,0.0,0.0,0,nan,nan,nan,nan,nan,nan,0,0.0,0,nan,nan,0.4902084046734294,1,6.405096374686177,0.30022468397695345,0.012199304773374671,2,6.116420671089616,1.7749383281387596,5.194834180173555,1.6144343408829938,0.11031835963790779,0.3497947379215988,0,0.2998467818354973,0,994d54c9040caa4d,407,7.166350302406842,8,12,1,491,17,16,219,0.4907355936111065,387,18,17
91,553818.199999094,-3811468.7391064353,3566807.6956073996,3652665.849251501,0,0,0,0,0,1,1,6.113853865682615,1.7770613805305038,5.069550064158991,18,1,0.11031835963790779,5.199922486511884,6.406890438786471,0,,0.0,0.0,0,nan,0,0,,0,nan,,0.0,0.0,0,nan,nan,nan,nan,nan,nan,0,0.0,0,nan,nan,0.49179771926611965,1,6.406923635810414,0.31603611406885407,0.007557548391689231,2,6.113995933047745,1.7771666406423712,5.199922486511884,1.6179992590076882,nan,nan,0,0.31588334725933387,0,994d54c9040caa4d,407,6.475611052600382,8,0,0,0,0,0,0,nan,-1,0,0
92,553818.3999989033,-3811468.74180484,3566807.696229558,3652665.8534990577,0,0,0,0,0,1,1,6.11361842646589,1.7767981432923814,5.073472589110489,18,2,0.11031835963790779,5.201547054065843,6.411052665490895,0,,0.0,0.0,0,nan,0,0,,0,nan,,0.0,0.0,0,nan,nan,nan,nan,nan,nan,0,0.0,0,nan,nan,0.49605479776058076,1,6.411083308461789,0.3170500518275666,0.0072934625157414085,2,6.113750382605623,1.776895775153034,5.201547054065843,1.6256355387093915,nan,nan,0,0.31690781959706044,0,994d54c9040caa4d,407,6.435779345970685,8,0,0,0,0,0,0,nan,-1,0,0
93,553818.5999999046,-3811468.7435135636,3566807.6972454316,3652665.8559057238,0,0,0,0,0,1,1,6.113503816290998,1.7768979323161553,5.076054612069313,18,3,0.11031835963790779,5.203086526608415,6.413841578720436,0,,0.0,0.0,0,nan,0,0,,0,nan,,0.0,0.0,0,nan,nan,nan,nan,nan,nan,0,0.0,0,nan,nan,0.4988587486121491,1,6.413871805900452,0.317146871050059,0.007265504775939716,2,6.113634711831695,1.7769947253121559,5.203086526608415,1.6343518753605377,nan,nan,0,0.3170056224363954,0,994d54c9040caa4d,407,6.431983017430328,8,0,0,0,0,0,0,nan,-1,0,0
94,553818.7999999523,-3811468.744718246,3566807.6983538847,3652665.855421672,0,0,0,0,0,1,1,6.113468172381506,1.7769347606225807,5.076747743709925,18,4,0.11031835963790779,5.204760967274487,6.414303249636274,0,,0.0,0.0,0,nan,0,0,,0,nan,,0.0,0.0,0,nan,nan,nan,nan,nan,nan,0,0.0,0,nan,nan,0.49922817063760744,1,6.414333354369525,0.31715643363520163,0.007262345686758071,2,6.113598936046104,1.7770314359107142,5.204760967274487,1.6433526676771246,nan,nan,0,0.31701528276795765,0,994d54c9040caa4d,407,6.431605972191458,8,0,0,0,0,0,0,nan,-1,0,0
95,553819.0,-3811468.636547822,3566807.554884948,3652665.9106425443,0,0,0,0,0,1,1,6.033298405775631,1.914478764816244,4.890138159597874,18,0,0.09650807870128013,5.019691785494193,6.432644333170189,0,,0.0,0.0,0,nan,0,0,,0,nan,,0.0,0.0,0,nan,nan,nan,nan,nan,nan,0,0.0,0,nan,nan,0.5138371360290276,0,6.432758695698935,0.2722152135670584,0.017832906518503992,5,6.033783417524786,1.914850550714108,5.019691785494193,1.5710678464020085,0.09650807870128013,0.27321485315356214,0,0.27147152932287166,0,994d54c9040caa4d,512,7.21159732300666,8,12,1,508,17,16,236,0.5284137994631456,367,18,17
96,553819.199999094,-3811468.636808119,3566807.5548408963,3652665.9143909067,0,0,0,0,0,1,1,6.0346001144086046,1.9153192072994198,4.893977517305169,18,1,0.09650807870128013,5.019348060966175,6.437865536609576,0,,0.0,0.0,0,nan,0,0,,0,nan,,0.0,0.0,0,nan,nan,nan,nan,nan,nan,0,0.0,0,nan,nan,0.5190063444723528,0,6.437905089238428,0.2850927272186561,0.010555977607418046,5,6.0347759534199845,1.9154516236084882,5.019348060966175,1.5747309510157785,nan,nan,0,0.2848204487552788,0,994d54c9040caa4d,512,6.564056737010774,8,0,0,0,0,0,0,nan,-1,0,0
97,553819.3999989033,-3811468.6387844095,3566807.555983467,3652665.918199778,0,0,0,0,0,1,1,6.034928857335909,1.9156475426739417,4.898568483565775,18,2,0.09650807870128013,5.0209986749369175,6.442727299226779,0,,0.0,0.0,0,nan,0,0,,0,nan,,0.0,0.0,0,nan,nan,nan,nan,nan,nan,0,0.0,0,nan,nan,0.5238827560746795,0,6.442763760268051,0.28577832191116936,0.010152157113472622,5,6.035091714508475,1.9157700231120383,5.0209986749369175,1.5825760258817991,nan,nan,0,0.28552562704509454,0,994d54c9040caa4d,512,6.532908372259887,8,0,0,0,0,0,0,nan,-1,0,0
98,553819.5999999046,-3811468.6393151586,3566807.556565854,3652665.922912061,0,0,0,0,0,1,1,6.035020471116715,1.9156845541165612,4.902479296001756,18,3,0.09650807870128013,5.021187289397074,6.4471681796081635,0,,0.0,0.0,0,nan,0,0,,0,nan,,0.0,0.0,0,nan,nan,nan,nan,nan,nan,0,0.0,0,nan,nan,0.5284463973951345,0,6.447204353046874,0.28584552137235386,0.010114849010369893,5,6.035182133707206,1.9158060935775907,5.021187289397074,1.5915282050527608,nan,nan,0,0.2855947090347419,0,994d54c9040caa4d,512,6.529867593849871,8,0,0,0,0,0,0,nan,-1,0,0
99,553819.7999999523,-3811468.641817714,3566807.556025829,3652665.9311662726,0,0,0,0,0,1,1,6.035055376305946,1.9156840298293205,4.909242387919663,18,4,0.09650807870128013,5.021359757160374,6.45454223181893,0,,0.0,0.0,0,nan,0,0,,0,nan,,0.0,0.0,0,nan,nan,nan,nan,nan,nan,0,0.0,0,nan,nan,0.5362024899253346,0,6.454578497185421,0.2858526736588486,0.010111370714243386,5,6.0352169456581874,1.9158054930587813,5.021359757160374,1.600769804175733,nan,nan,0,0.28560205484304985,0,994d54c9040caa4d,512,6.5295516915248175,8,0,0,0,0,0,0,nan,-1,0,0
100,553820.0,-3811468.5541079477,3566807.437510714,3652665.968508439,0,0,0,0,0,1,1,5.952422598449746,2.0325761482213616,4.730786090350278,18,0,0.08261153489824674,4.870813625953213,6.441395296371986,0,,0.0,0.0,0,nan,0,0,,0,nan,,0.0,0.0,0,nan,nan,nan,nan,nan,nan,0,0.0,0,nan,nan,0.4335303478812037,1,6.441395435185743,0.22799975782677495,0.022362046764283078,7,5.95311457000195,2.032983415086973,4.870813625953213,1.5301583551075884,0.08261153489824674,0.2516350132432009,0,0.22693537548555828,0,994d54c9040caa4d,512,7.192441356591555,8,12,1,528,17,16,256,0.4335303478812037,370,18,17
101,553820.199999094,-3811468.5551112634,3566807.4387408583,3652665.9705805383,0,0,0,0,0,1,1,5.953228748797947,2.0303291184054513,4.737012736466261,18,1,0.08261153489824674,4.872141507085222,6.445715006293747,0,,0.0,0.0,0,nan,0,0,,0,nan,,0.0,0.0,0,nan,nan,nan,nan,nan,nan,0,0.0,0,nan,nan,0.4408832651655417,1,6.445716775011354,0.23838634895950941,0.01340120692477366,7,5.953477634081124,2.0304766134628935,4.872141507085222,1.5339193345582653,nan,nan,0,0.2379844986941834,0,994d54c9040caa4d,512,6.580004316774207,8,0,0,0,0,0,0,nan,-1,0,0
102,553820.3999989033,-3811468.554467566,3566807.438987627,3652665.970344634,0,0,0,0,0,1,1,5.953170395818999,2.030589530697715,4.736208478639028,18,2,0.08261153489824674,4.871941036236305,6.445383571653453,0,,0.0,0.0,0,nan,0,0,,0,nan,,0.0,0.0,0,nan,nan,nan,nan,nan,nan,0,0.0,0,nan,nan,0.4402276029266047,1,6.445384536247674,0.2389335757067791,0.012896486103620859,7,5.953400425410315,2.0307255246243057,4.871941036236305,1.5419721028542017,nan,nan,0,0.23856033246223785,0,994d54c9040caa4d,512,6.552024525848934,8,0,0,0,0,0,0,nan,-1,0,0
103,553820.5999999046,-3811468.566214731,3566807.449401112,3652665.982010112,0,0,0,0,0,1,1,5.953327170503225,2.030229565405007,4.756360157979746,18,3,0.08261153489824674,4.886003146619511,6.464065146344288,0,,0.0,0.0,0,nan,0,0,,0,nan,,0.0,0.0,0,nan,nan,nan,nan,nan,nan,0,0.0,0,nan,nan,0.4588651694817621,1,6.464067334935528,0.23898889785836966,0.01284490698829911,7,5.953556353947248,2.030365772420021,4.886003146619511,1.5511586485323297,nan,nan,0,0.23861819825882322,0,994d54c9040caa4d,512,6.549501220041963,8,0,0,0,0,0,0,nan,-1,0,0
104,553820.7999999523,-3811468.580364131,3566807.4643471627,3652665.9947485225,0,0,0,0,0,1,1,5.953340029064625,2.0302067342464,4.780039635860467,18,4,0.08261153489824674,4.904954528168594,6.486294051051054,0,,0.0,0.0,0,nan,0,0,,0,nan,,0.0,0.0,0,nan,nan,nan,nan,nan,nan,0,0.0,0,nan,nan,0.47974060948292385,1,6.486295924330038,0.23899451102135919,0.012839075680327485,7,5.953569096687322,2.0303429516637217,4.904954528168594,1.560639325014739,nan,nan,0,0.23862408370406835,0,994d54c9040caa4d,512,6.549231883105689,8,0,0,0,0,0,0,nan,-1,0,0
105,553821.0,-3811468.4539604494,3566807.306149873,3652666.019897038,0,0,0,0,0,1,1,2.8216446399171144,2.3874765392186066,4.575131479767411,19,0,0.10109941856354684,4.701028825705114,2.8975667019161717,0,,0.0,0.0,0,nan,0,0,,0,nan,,0.0,0.0,0,nan,nan,nan,nan,nan,nan,0,0.0,0,nan,nan,0.48754699053787315,1,2.8988409169256957,0.2588018558845359,0.03142924355085395,6,2.8191748571422344,2.388610316201412,4.701028825705114,1.4898935554101393,0.10109941856354684,0.22508718476253217,0,0.25625967403113914,0,0495d0a68a8d8223,512,6.949943375663362,8,12,1,528,17,16,256,0.4441222070333348,322,19,17
106,553821.199999094,-3811468.463041869,3566807.315766122,3652666.0304021374,0,0,0,0,0,1,1,2.8211456437848024,2.3896803468207177,4.598205726212484,19,1,0.10109941856354684,4.712981367175279,2.91653262521433,0,,0.0,0.0,0,nan,0,0,,0,nan,,0.0,0.0,0,nan,nan,nan,nan,nan,nan,0,0.0,0,nan,nan,0.5093358110276449,0,2.9174714706241063,0.2692174195532329,0.028039119721270093,6,2.8191547308979863,2.3906639374930188,4.712981367175279,1.493755958423994,nan,nan,0,0.267290335296075,0,0495d0a68a8d8223,512,6.364091922956964,8,0,0,0,0,0,0,nan,-1,0,0
107,553821.3999989033,-3811468.4721323354,3566807.3232537475,3652666.0398862143,0,0,0,0,0,1,1,2.821071995552344,2.3897435021833164,4.613731244953801,19,2,0.10109941856354684,4.723474482020924,2.9303571312352052,0,,0.0,0.0,0,nan,0,0,,0,nan,,0.0,0.0,0,nan,nan,nan,nan,nan,nan,0,0.0,0,nan,nan,0.5234023117266325,0,2.93127394283602,0.2696801944554842,0.02782215142212846,6,2.819110067878825,2.3907167022701454,4.723474482020924,1.5020240791443242,nan,nan,0,0.26778818810923494,0,0495d0a68a8d8223,512,6.338058905539748,8,0,0,0,0,0,0,nan,-1,0,0
108,553821.5999999046,-3811468.487521388,3566807.33707183,3652666.0585040287,0,0,0,0,0,1,1,2.8210155765761957,2.390119548705903,4.642317865016059,19,3,0.10109941856354684,4.741889378283319,2.9553435917497244,0,,0.0,0.0,0,nan,0,0,,0,nan,,0.0,0.0,0,nan,nan,nan,nan,nan,nan,0,0.0,0,nan,nan,0.5507465849139066,0,2.9562533423714386,0.2697191439243287,0.027802681406374062,6,2.819056341112853,2.391090434672701,4.741889378283319,1.5114534494126786,nan,nan,0,0.26783048282078586,0,0495d0a68a8d8223,512,6.335672277481851,8,0,0,0,0,0,0,nan,-1,0,0
109,553821.7999999523,-3811468.498966446,3566807.3479712936,3652666.0694378703,0,0,0,0,0,1,1,2.8210106433493127,2.3900857488647187,4.661247801351581,19,4,0.10109941856354684,4.756408538925942,2.973078301976335,0,,0.0,0.0,0,nan,0,0,,0,nan,,0.0,0.0,0,nan,nan,nan,nan,nan,nan,0,0.0,0,nan,nan,0.5680297443312756,0,2.973985022429664,0.2697247883849809,0.02780055430797267,6,2.8190517098170593,2.3910566676198277,4.756408538925942,1.5211816072400826,nan,nan,0,0.26783650787524516,0,0495d0a68a8d8223,512,6.335386727386892,8,0,0,0,0,0,0,nan,-1,0,0
110,553822.0,-3811468.366795978,3566807.1951820585,3652666.079515507,0,0,0,0,0,1,1,2.684023379142533,2.312818078758336,4.513442818290191,19,0,0.09580900580672519,4.554417796108927,2.9181194292275543,0,,0.0,0.0,0,nan,0,0,,0,nan,,0.0,0.0,0,nan,nan,nan,nan,nan,nan,0,0.0,0,nan,nan,0.4637975782475543,1,2.919004054096002,0.3019458248020933,0.027010839912758502,6,2.682227774678177,2.313721193015403,4.554417796108927,1.4518613891260537,0.09580900580672519,0.23458075987996396,0,0.2995215980695255,0,0495d0a68a8d8223,512,6.105720913117408,8,12,1,528,17,16,256,0.4109795492265866,351,19,17
111,553822.199999094,-3811468.396445469,3566807.224230911,3652666.1126333876,0,0,0,0,0,1,1,2.6831841418856923,2.3180046135852863,4.579754089202728,19,1,0.09580900580672519,4.592267392438219,2.9727690338676,0,,0.0,0.0,0,nan,0,0,,0,nan,,0.0,0.0,0,nan,nan,nan,nan,nan,nan,0,0.0,0,nan,nan,0.5246957249958142,0,2.973383509671999,0.3145292409562131,0.0230151280532878,6,2.681861355744671,2.318679899315447,4.592267392438219,1.4558249861039145,nan,nan,0,0.31289788020264175,0,0495d0a68a8d8223,512,5.5870363988357745,8,0,0,0,0,0,0,nan,-1,0,0
112,553822.3999989033,-3811468.433035671,3566807.2606027587,3652666.149549613,0,0,0,0,0,1,1,2.6830210972831896,2.3189653994763493,4.645149069337984,19,2,0.09580900580672519,4.640125253966821,3.0328180800797275,0,,0.0,0.0,0,nan,0,0,,0,nan,,0.0,0.0,0,nan,nan,nan,nan,nan,nan,0,0.0,0,nan,nan,0.5319866364164924,0,3.0334139008066434,0.31512156304417177,0.02278037768784639,6,2.681724226673722,2.3196256736103202,4.640125253966821,1.464307366794698,nan,nan,0,0.3135342832926241,0,0495d0a68a8d8223,512,5.563509302467318,8,0,0,0,0,0,0,nan,-1,0,0
113,553822.5999999046,-3811468.495169431,3566807.3239307012,3652666.2178813745,0,0,0,0,0,1,1,2.682895353661001,2.320155897358102,4.758861840996554,19,3,0.09580900580672519,4.72301200125036,3.1376182273828572,0,,0.0,0.0,0,nan,0,0,,0,nan,,0.0,0.0,0,nan,nan,nan,nan,nan,nan,0,0.0,0,nan,nan,0.4268386380735045,1,3.138205895623949,0.3151386068169629,0.0227805416659138,6,2.68159851287293,2.320811173894956,4.72301200125036,1.4739780586275537,nan,nan,0,0.31355333864046375,0,0495d0a68a8d8223,512,5.562543591719053,8,0,0,0,0,0,0,nan,-1,0,0
114,553822.7999999523,-3811468.5736154537,3566807.399910786,3652666.298941172,0,0,0,0,0,1,1,2.6828686889841227,2.32037261298394,4.894133650654775,19,4,0.09580900580672519,4.8266094848585706,3.2642503018091085,0,,0.0,0.0,0,nan,0,0,,0,nan,,0.0,0.0,0,nan,nan,nan,nan,nan,nan,0,0.0,0,nan,nan,0.3141148366165207,1,3.2648260470770114,0.3151383299093432,0.02278362930399454,6,2.68157146917697,2.3210270331092286,4.8266094848585706,1.4839519154548166,nan,nan,0,0.31355313545514185,0,0495d0a68a8d8223,512,5.562516591258332,8,0,0,0,0,0,0,nan,-1,0,0
115,553823.0,-3811468.3071210613,3566807.122528986,3652666.160279836,0,0,0,0,0,1,1,2.548143395669297,2.47858577241689,4.856889811956668,19,0,0.07818896748069047,4.453110749404401,3.032204395875986,0,,0.0,0.0,0,nan,0,0,,0,nan,,0.0,0.0,0,nan,nan,nan,nan,nan,nan,0,0.0,0,nan,nan,0.4884983093013837,1,3.032641126397811,0.33190678322207456,0.023199681282948904,7,2.5469199291966897,2.4792959815864126,4.453110749404401,1.4158440950765059,0.07818896748069047,0.5499291585600596,0,0.3297415465035667,0,0495d0a68a8d8223,512,5.426446493763541,8,12,1,528,17,16,256,0.41001751464793645,352,19,17
116,553823.199999094,-3811468.35837787,3566807.175700028,3652666.2083267174,0,0,0,0,0,1,1,2.545582436694472,2.4941600507720314,4.987374587346828,19,1,0.07818896748069047,4.52266282746532,3.1385318872486034,0,,0.0,0.0,0,nan,0,0,,0,nan,,0.0,0.0,0,nan,nan,nan,nan,nan,nan,0,0.0,0,nan,nan,0.4835196020664339,1,3.138877119393554,0.3463871167896116,0.019485236118094013,7,2.5446978642395,2.494606277121672,4.52266282746532,1.4199083665795802,nan,nan,0,0.344952057211521,0,0495d0a68a8d8223,512,4.9531127007750815,8,0,0,0,0,0,0,nan,-1,0,0
117,553823.3999989033,-3811468.433264046,3566807.25222931,3652666.2826369973,0,0,0,0,0,1,1,2.5450220346732797,2.4987082718943285,5.127727183479904,19,2,0.07818896748069047,4.624302905662867,3.2667458282343964,0,,0.0,0.0,0,nan,0,0,,0,nan,,0.0,0.0,0,nan,nan,nan,nan,nan,nan,0,0.0,0,nan,nan,0.35864928655856726,1,3.2670860573412344,0.3470368713687624,0.01926778259096205,7,2.5441549179416607,2.49913211223085,4.624302905662867,1.428604050663526,nan,nan,0,0.3456439939636522,0,0495d0a68a8d8223,512,4.932591343001904,8,0,0,0,0,0,0,nan,-1,0,0
118,553823.5999999046,-3811468.526425609,3566807.342732031,3652666.378323031,0,0,0,0,0,1,1,2.544840412743521,2.5004998440379103,5.2919738973191155,19,3,0.07818896748069047,4.749034182664432,3.419454973160113,0,,0.0,0.0,0,nan,0,0,,0,nan,,0.0,0.0,0,nan,nan,nan,nan,nan,nan,0,0.0,0,nan,nan,0.2382508137118385,1,3.4197899516845296,0.3470529051474109,0.019267385840012287,7,2.543972629542108,2.500918472108806,4.749034182664432,1.4393613695508036,nan,nan,0,0.34566098616432317,0,0495d0a68a8d8223,512,4.93197850319233,8,0,0,0,0,0,0,nan,-1,0,0
119,553823.7999999523,-3811468.626168303,3566807.4400163204,3652666.4852314456,0,0,0,0,0,1,1,2.544787559424544,2.5009982467787895,5.4679409752809,19,4,0.07818896748069047,4.885182020055159,3.584769828312947,0,,0.0,0.0,0,nan,0,0,,0,nan,,0.0,0.0,0,nan,nan,nan,nan,nan,nan,0,0.0,0,nan,nan,0.1993611162518466,1,3.585095660138545,0.3470537525980842,0.0192686460878074,7,2.5439195332697206,2.501415510565196,4.885182020055159,1.4513607916494302,nan,nan,0,0.34566187394565173,0,0495d0a68a8d8223,512,4.931934773913,8,0,0,0,0,0,0,nan,-1,0,0
120,553824.0,-3811468.259865396,3566807.0599575657,3652666.3579538884,0,0,0,0,0,1,1,2.3616396399890207,2.8810813335565753,5.4538701772375715,19,0,0.08988941241842627,4.361917432117349,3.131923956836904,0,,0.0,0.0,0,nan,0,0,,0,nan,,0.0,0.0,0,nan,nan,nan,nan,nan,nan,0,0.0,0,nan,nan,0.5153673779487623,0,3.132836903447451,0.3305806898743326,0.027642001569009037,7,2.3604157709285736,2.8815278758026603,4.361917432117349,1.373252962372899,0.08988941241842627,0.7202377201934707,3,0.32678996945428074,0,0495d0a68a8d8223,512,5.687764601680439,8,12,1,528,17,16,256,0.420622255366619,352,19,17
121,553824.199999094,-3811468.3186313105,3566807.114591428,3652666.4297831175,0,0,0,0,0,1,1,2.358395283102528,2.9071161124856943,5.61549863522789,19,1,0.08988941241842627,4.439043102720355,3.25268904247625,0,,0.0,0.0,0,nan,0,0,,0,nan,,0.0,0.0,0,nan,nan,nan,nan,nan,nan,0,0.0,0,nan,nan,0.37391815232644765,1,3.2532869728672704,0.34775314224936693,0.02201465516577958,7,2.357473605887936,2.9073883812922294,4.439043102720355,1.3775673270551245,nan,nan,0,0.34494722964644525,0,0495d0a68a8d8223,512,5.10120038751706,8,0,0,0,0,0,0,nan,-1,0,0
122,553824.3999989033,-3811468.4017194808,3566807.191496991,3652666.5269679357,0,0,0,0,0,1,1,2.357727482142566,2.914676720240998,5.77867702660189,19,2,0.08988941241842627,4.549974274877567,3.394940576954698,0,,0.0,0.0,0,nan,0,0,,0,nan,,0.0,0.0,0,nan,nan,nan,nan,nan,nan,0,0.0,0,nan,nan,0.24043979002646196,1,3.39544492971099,0.3487909675206644,0.022696554148083914,7,2.356810298026658,2.914973990976704,4.549974274877567,1.3865624694209557,nan,nan,0,0.3459828039993814,0,0495d0a68a8d8223,512,5.070179134719533,8,0,0,0,0,0,0,nan,-1,0,0
123,553824.5999999046,-3811468.469013541,3566807.2541610976,3652666.6065085335,0,0,0,0,0,1,1,2.3576249187911107,2.9159746856916113,5.902634963983915,19,3,0.08988941241842627,4.641685113627941,3.5081118271318283,0,,0.0,0.0,0,nan,0,0,,0,nan,,0.0,0.0,0,nan,nan,nan,nan,nan,nan,0,0.0,0,nan,nan,0.17276779257204747,1,3.5086068398799735,0.349086235730003,0.02262077793763391,7,2.3567142194238384,2.9162644037404677,4.641685113627941,1.396781349938426,nan,nan,0,0.3463004350230754,0,0495d0a68a8d8223,512,5.060945020210813,8,0,0,0,0,0,0,nan,-1,0,0
124,553824.7999999523,-3811468.5337115326,3566807.315192017,3652666.679677825,0,0,0,0,0,1,1,2.35757678089511,2.9165866175667228,6.018655124037361,19,4,0.08988941241842627,4.731626776497732,3.616035516220838,0,,0.0,0.0,0,nan,0,0,,0,nan,,0.0,0.0,0,nan,nan,nan,nan,nan,nan,0,0.0,0,nan,nan,0.17760517527110936,1,3.616524119738955,0.349106589828334,0.02262005177983095,7,2.3566661281134778,2.916873755138662,4.731626776497732,1.407305432486407,nan,nan,0,0.34632230820003435,0,0495d0a68a8d8223,512,5.060306534509546,8,0,0,0,0,0,0,nan,-1,0,0
125,553825.0,-3811468.213257993,3566806.992953297,3652666.4700697195,0,0,0,0,0,1,1,2.238691394416839,3.287647193192906,5.890272139779201,18,0,0.08969191766896357,4.277212282198917,3.118498892498997,0,,0.0,0.0,0,nan,0,0,,0,nan,,0.0,0.0,0,nan,nan,nan,nan,nan,nan,0,0.0,0,nan,nan,0.5057236586967859,0,3.120722903838469,0.3145845870735494,0.0353356553706552,8,2.23715110552053,3.2872699256337277,4.277212282198917,1.341081887224252,0.08969191766896357,0.5287017041840866,1,0.3075186489160361,0,0495d0a68a8d8223,512,6.423119111880551,8,12,1,528,17,16,256,0.4381065728701601,418,18,17
126,553825.199999094,-3811468.215952453,3566806.9975593677,3652666.470325392,0,0,0,0,0,1,1,2.2367115651256024,3.3186006217576725,5.949408345863716,18,1,0.08969191766896357,4.282452446087192,3.1440272578920747,0,,0.0,0.0,0,nan,0,0,,0,nan,,0.0,0.0,0,nan,nan,nan,nan,nan,nan,0,0.0,0,nan,nan,0.46148308586350595,1,3.1461068933047307,0.3302398086540811,0.03182149641202052,7,2.2355726537340157,3.31792922660789,4.282452446087192,1.345371540844225,nan,nan,0,0.3238555747528721,0,0495d0a68a8d8223,512,5.788420670836425,8,0,0,0,0,0,0,nan,-1,0,0
127,553825.3999989033,-3811468.238187265,3566807.0211028242,3652666.4891943247,0,0,0,0,0,1,1,2.2363890382340994,3.3245301337088873,5.99605464083504,18,2,0.08969191766896357,4.314483734331186,3.183205113145625,0,,0.0,0.0,0,nan,0,0,,0,nan,,0.0,0.0,0,nan,nan,nan,nan,nan,nan,0,0.0,0,nan,nan,0.41927194712519794,1,3.1852946074189963,0.331911712430332,0.03151490172957382,7,2.2352901397411666,3.32379696802974,4.314483734331186,1.354545942352799,nan,nan,0,0.3256411931058553,0,0495d0a68a8d8223,512,5.724865083504502,8,0,0,0,0,0,0,nan,-1,0,0
128,553825.5999999046,-3811468.261695421,3566807.0505434126,3652666.5058137137,0,0,0,0,0,1,1,2.2362928330648386,3.3263751477576333,6.038101056480596,18,3,0.08969191766896357,4.351916627772232,3.2243345656107723,0,,0.0,0.0,0,nan,0,0,,0,nan,,0.0,0.0,0,nan,nan,nan,nan,nan,nan,0,0.0,0,nan,nan,0.38130940751505193,1,3.2264375146879796,0.332076407268349,0.03152848543401324,7,2.235197345616057,3.3256230771912523,4.351916627772232,1.3649945563252466,nan,nan,0,0.32581737319027326,0,0495d0a68a8d8223,512,5.718645477025333,8,0,0,0,0,0,0,nan,-1,0,0
129,553825.7999999523,-3811468.278472328,3566807.074131695,3652666.5131957456,0,0,0,0,0,1,1,2.2362705789792816,3.326896565751871,6.065133181303713,18,4,0.08969191766896357,4.3806593548427015,3.2535035155885907,0,,0.0,0.0,0,nan,0,0,,0,nan,,0.0,0.0,0,nan,nan,nan,nan,nan,nan,0,0.0,0,nan,nan,0.35799175098154423,1,3.255610830190096,0.3321327776682532,0.03152805173367954,7,2.235176415766827,3.3261393687707708,4.3806593548427015,1.3757587604714319,nan,nan,0,0.3258783321113708,0,0495d0a68a8d8223,512,5.716515083409867,8,0,0,0,0,0,0,nan,-1,0,0
130,553826.0,-3811468.1517025777,3566806.937944159,3652666.5636500316,0,0,0,0,0,1,1,2.1365642636483195,3.4059963942082407,5.915966385510824,19,0,0.10437133364055624,4.194577476519986,2.991062550992867,0,,0.0,0.0,0,nan,0,0,,0,nan,,0.0,0.0,0,nan,nan,nan,nan,nan,nan,0,0.0,0,nan,nan,0.5424929085850875,0,2.993781648821133,0.3407278759355383,0.03310477201822842,7,2.134910947765218,3.40475664482399,4.194577476519986,1.3114539874734326,0.10437133364055624,0.11782175146010418,0,0.33241629883844975,0,0495d0a68a8d8223,512,5.721328290272991,8,12,1,528,17,16,256,0.43226663352507494,418,19,17
131,553826.199999094,-3811468.159587029,3566806.949774481,3652666.568268415,0,0,0,0,0,1,1,2.1361966788293696,3.4211355677104036,5.945868363315383,19,1,0.10437133364055624,4.208702179491958,3.005184239354102,0,,0.0,0.0,0,nan,0,0,,0,nan,,0.0,0.0,0,nan,nan,nan,nan,nan,nan,0,0.0,0,nan,nan,0.5616912597080588,0,3.0076061185386864,0.3593352760537011,0.029511784648174128,7,2.135009341583804,3.4197826083837883,4.208702179491958,1.3158415864574493,nan,nan,0,0.352015480068713,0,0495d0a68a8d8223,512,5.10076841658176,8,0,0,0,0,0,0,nan,-1,0,0
132,553826.3999989033,-3811468.1752835745,3566806.9684575084,3652666.582082078,0,0,0,0,0,1,1,2.1362216473625057,3.424153138662396,5.975879376587724,19,2,0.10437133364055624,4.233177470332,3.0314249913920044,0,,0.0,0.0,0,nan,0,0,,0,nan,,0.0,0.0,0,nan,nan,nan,nan,nan,nan,0,0.0,0,nan,nan,0.557514631098726,0,3.033840036513651,0.3606651436385796,0.029272095358999193,7,2.1350652013537106,3.4227731864903927,4.233177470332,1.3252205081739585,nan,nan,0,0.3534485285970556,0,0495d0a68a8d8223,512,5.059252093919632,8,0,0,0,0,0,0,nan,-1,0,0
133,553826.5999999046,-3811468.186702761,3566806.98243011,3652666.5923306453,0,0,0,0,0,1,1,2.1362568851836796,3.4248532678347763,5.996578759226646,19,3,0.10437133364055624,4.251301327647518,3.0511115638760695,0,,0.0,0.0,0,nan,0,0,,0,nan,,0.0,0.0,0,nan,nan,nan,nan,nan,nan,0,0.0,0,nan,nan,0.5380824123802691,0,3.05352879628231,0.36083841200015365,0.02925337230443431,7,2.1351034943685283,3.4234664025120893,4.251301327647518,1.335898510189637,nan,nan,0,0.35363625071451804,0,0495d0a68a8d8223,512,5.053866374885248,8,0,0,0,0,0,0,nan,-1,0,0
134,553826.7999999523,-3811468.1878019567,3566806.985637567,3652666.589243545,0,0,0,0,0,1,1,2.136275269264409,3.4249913968037005,5.996847591735163,19,4,0.10437133364055624,4.254421475626382,3.052815449788709,0,,0.0,0.0,0,nan,0,0,,0,nan,,0.0,0.0,0,nan,nan,nan,nan,nan,nan,0,0.0,0,nan,nan,0.5381557387215482,0,3.0552338054742245,0.36088039888248996,0.029248920829126248,7,2.1351223583152343,3.4236033093473996,4.254421475626382,1.3468952651177057,nan,nan,0,0.3536820697208146,0,0495d0a68a8d8223,512,5.052561037149228,8,0,0,0,0,0,0,nan,-1,0,0
135,553827.0,-3811468.111643901,3566806.9077284085,3652666.6593171554,0,0,0,0,0,1,1,2.063992823258444,3.394801673343154,5.852315110497573,19,0,0.09857460373214366,4.146925816126614,2.921244384489119,0,,0.0,0.0,0,nan,0,0,,0,nan,,0.0,0.0,0,nan,nan,nan,nan,nan,nan,0,0.0,0,nan,nan,0.47234365309797527,1,2.9236406998250875,0.3884417452793357,0.027914410794253133,7,2.0626807874325443,3.393351707422182,4.146925816126614,1.2831498675486563,0.09857460373214366,0.09671186119271143,0,0.38060465039283176,0,0495d0a68a8d8223,512,4.738497406339013,8,12,1,528,17,16,256,0.3978031539142908,503,19,17
136,553827.199999094,-3811468.0940148463,3566806.8905580505,3652666.641000069,0,0,0,0,0,1,1,2.065185844441946,3.397120549408744,5.821861451540427,19,1,0.09857460373214366,4.121989119095179,2.8903075260375273,0,,0.0,0.0,0,nan,0,0,,0,nan,,0.0,0.0,0,nan,nan,nan,nan,nan,nan,0,0.0,0,nan,nan,0.4436070283396813,1,2.8923333348490035,0.4095375821001044,0.024154208595537612,7,2.064272129630055,3.395731026355058,4.121989119095179,1.287633609556804,nan,nan,0,0.40259370812567497,0,0495d0a68a8d8223,512,4.235800888440729,8,0,0,0,0,0,0,nan,-1,0,0
137,553827.3999989033,-3811468.078006212,3566806.8730734205,3652666.6263896944,0,0,0,0,0,1,1,2.0653922224841645,3.3986300005951593,5.795875092548235,19,2,0.09857460373214366,4.098010376793993,2.8637129759148277,0,,0.0,0.0,0,nan,0,0,,0,nan,,0.0,0.0,0,nan,nan,nan,nan,nan,nan,0,0.0,0,nan,nan,0.42114389954677767,1,2.8657123327214036,0.41083185532079236,0.02386577197247389,7,2.064505852524865,3.397243637747644,4.098010376793993,1.297216416217571,nan,nan,0,0.4039764194218082,0,0495d0a68a8d8223,512,4.206818946206346,8,0,0,0,0,0,0,nan,-1,0,0
138,553827.5999999046,-3811468.073391289,3566806.8684036015,3652666.622026189,0,0,0,0,0,1,1,2.065401089189943,3.399309697324073,5.788990947328956,19,3,0.09857460373214366,4.091385907821337,2.856472868270141,0,,0.0,0.0,0,nan,0,0,,0,nan,,0.0,0.0,0,nan,nan,nan,nan,nan,nan,0,0.0,0,nan,nan,0.41520374060351883,1,2.8584736404183024,0.41094709881719066,0.023858282181754818,7,2.064515741347654,3.397920025982342,4.091385907821337,1.3081230098219792,nan,nan,0,0.4040995899960746,0,0495d0a68a8d8223,512,4.204234278192025,8,0,0,0,0,0,0,nan,-1,0,0
139,553827.7999999523,-3811468.072745622,3566806.869852144,3652666.622304268,0,0,0,0,0,1,1,2.065415978429654,3.3994519099515177,5.789835079659558,19,4,0.09857460373214366,4.092071765221815,2.857561923639714,0,,0.0,0.0,0,nan,0,0,,0,nan,,0.0,0.0,0,nan,nan,nan,nan,nan,nan,0,0.0,0,nan,nan,0.41581999912343676,1,2.8595631856956554,0.41095849242750215,0.023859234318964966,7,2.0645305580021525,3.398061564247264,4.092071765221815,1.3193512865544206,nan,nan,0,0.4041117714472469,0,0495d0a68a8d8223,512,4.203978360500452,8,0,0,0,0,0,0,nan,-1,0,0
140,553828.0,-3811468.0661813403,3566806.8627250856,3652666.7517490285,0,0,0,0,0,1,1,1.9809490977356852,3.2854998600696828,5.691473398636357,19,0,0.08938931574877321,4.086669609186195,2.8690052883073713,0,,0.0,0.0,0,nan,0,0,,0,nan,,0.0,0.0,0,nan,nan,nan,nan,nan,nan,0,0.0,0,nan,nan,0.46617586194299854,1,2.8713159327899724,0.41312712494333964,0.02796329112603327,8,1.979790902838209,3.2837974162998655,4.086669609186195,1.2560395952379817,0.08938931574877321,0.09337008776853428,0,0.4049171610326621,0,0495d0a68a8d8223,512,4.321885024475201,8,12,1,528,17,16,256,0.41931656812544593,503,19,17
141,553828.199999094,-3811468.071403873,3566806.866550798,3652666.7560254876,0,0,0,0,0,1,1,1.9822808114736248,3.284877314416288,5.692747720509161,19,1,0.08938931574877321,4.093174758981942,2.870924072660229,0,,0.0,0.0,0,nan,0,0,,0,nan,,0.0,0.0,0,nan,nan,nan,nan,nan,nan,0,0.0,0,nan,nan,0.4676630742140046,1,2.8729966962301434,0.4337791340458271,0.023542584715088934,8,1.981455695676963,3.2832244740363254,4.093174758981942,1.2606199405867662,nan,nan,0,0.4264488583004268,0,0495d0a68a8d8223,512,3.8966930311805723,8,0,0,0,0,0,0,nan,-1,0,0
142,553828.3999989033,-3811468.0737366793,3566806.8712654174,3652666.757193967,0,0,0,0,0,1,1,1.9825472296998936,3.2846752891053916,5.69617299389664,19,2,0.08938931574877321,4.098326032270089,2.8751846747438887,0,,0.0,0.0,0,nan,0,0,,0,nan,,0.0,0.0,0,nan,nan,nan,nan,nan,nan,0,0.0,0,nan,nan,0.4699379780542515,1,2.877233997581355,0.43494312978042454,0.023257610828978276,8,1.9817420730806212,3.2830346680975544,4.098326032270089,1.2704065723485602,nan,nan,0,0.42769529323913635,0,0495d0a68a8d8223,512,3.8739600534369947,8,0,0,0,0,0,0,nan,-1,0,0
143,553828.5999999046,-3811468.07287442,3566806.869024292,3652666.75345029,0,0,0,0,0,1,1,1.9826634747521594,3.2844888746348935,5.691295474766989,19,3,0.08938931574877321,4.095879325702708,2.8711045420351105,0,,0.0,0.0,0,nan,0,0,,0,nan,,0.0,0.0,0,nan,nan,nan,nan,nan,nan,0,0.0,0,nan,nan,0.4648925521011034,1,2.873149740616219,0.4350581883540597,0.023222002103293192,8,1.9818601268331935,3.2828507731754475,4.095879325702708,1.2815413639290947,nan,nan,0,0.4278186776012262,0,0495d0a68a8d8223,512,3.8717269800196266,8,0,0,0,0,0,0,nan,-1,0,0
144,553828.7999999523,-3811468.072885572,3566806.8682263196,3652666.7582660215,0,0,0,0,0,1,1,1.9826842841318388,3.2845382987577807,5.694046754211204,19,4,0.08938931574877321,4.09552060330058,2.872232502858601,0,,0.0,0.0,0,nan,0,0,,0,nan,,0.0,0.0,0,nan,nan,nan,nan,nan,nan,0,0.0,0,nan,nan,0.46893530355342655,1,2.8742780834246133,0.43506952162762175,0.02321964778713253,8,1.9818812544223905,3.282899888740241,4.09552060330058,1.293000496976616,nan,nan,0,0.427830902911717,0,0495d0a68a8d8223,512,3.8715037395093566,8,0,0,0,0,0,0,nan,-1,0,0
145,553829.0,-3811468.017554418,3566806.811584417,3652666.8119255626,0,0,0,0,0,1,1,1.8953034634392592,3.1414183237070894,5.547042366255168,18,0,0.06618040356829674,4.019729389049064,2.8689680248642793,0,,0.0,0.0,0,nan,0,0,,0,nan,,0.0,0.0,0,nan,nan,nan,nan,nan,nan,0,0.0,0,nan,nan,0.45729852940977933,1,2.87093244145798,0.44508506755812743,0.026740036638609715,8,1.894225359414011,3.139992703970678,4.019729389049064,1.23087193110204,0.06618040356829674,0.051197964908721645,0,0.4363584495217241,0,0495d0a68a8d8223,512,3.821626930956606,8,12,1,528,17,16,256,0.397896283088678,488,18,17
146,553829.199999094,-3811468.0165300644,3566806.8080750396,3652666.8104859213,0,0,0,0,0,1,1,1.8946492377992687,3.1442252752563546,5.548157189626425,18,1,0.06618040356829674,4.016309146082557,2.8668292382252103,0,,0.0,0.0,0,nan,0,0,,0,nan,,0.0,0.0,0,nan,nan,nan,nan,nan,nan,0,0.0,0,nan,nan,0.45996786538096085,1,2.868589544989919,0.46617232970717826,0.021209789709803223,8,1.8939696773459755,3.142779637324387,4.016309146082557,1.235545772389991,nan,nan,0,0.4586216725808184,0,0495d0a68a8d8223,512,3.467036403565359,8,0,0,0,0,0,0,nan,-1,0,0
147,553829.3999989033,-3811468.014394675,3566806.8054189156,3652666.8067850103,0,0,0,0,0,1,1,1.8946592010573466,3.1434421685996057,5.542232905212141,18,2,0.06618040356829674,4.012672954542102,2.862183202729093,0,,0.0,0.0,0,nan,0,0,,0,nan,,0.0,0.0,0,nan,nan,nan,nan,nan,nan,0,0.0,0,nan,nan,0.45483836491607443,1,2.863919215725971,0.46734125849946,0.02086829529610431,8,1.8940003807982473,3.142009620788441,4.012672954542102,1.2455294838489075,nan,nan,0,0.45988887732902234,0,0495d0a68a8d8223,512,3.448724840908035,8,0,0,0,0,0,0,nan,-1,0,0
148,553829.5999999046,-3811468.0146250697,3566806.803597285,3652666.804401425,0,0,0,0,0,1,1,1.8946287653130356,3.1434864807478116,5.539804631685444,18,3,0.06618040356829674,4.0112892774506035,2.859860479004184,0,,0.0,0.0,0,nan,0,0,,0,nan,,0.0,0.0,0,nan,nan,nan,nan,nan,nan,0,0.0,0,nan,nan,0.45258722759992354,1,2.8615948448701323,0.46745093511812363,0.020838302580358608,8,1.893971569178316,3.14205408840687,4.0112892774506035,1.2568846948071117,nan,nan,0,0.4600083577291816,0,0495d0a68a8d8223,512,3.4470068471671382,8,0,0,0,0,0,0,nan,-1,0,0
149,553829.7999999523,-3811468.0067259683,3566806.792402367,3652666.796458958,0,0,0,0,0,1,1,1.8946408817843894,3.1433953540471724,5.524190092080554,18,4,0.06618040356829674,3.99718053721089,2.8444019507920157,0,,0.0,0.0,0,nan,0,0,,0,nan,,0.0,0.0,0,nan,nan,nan,nan,nan,nan,0,0.0,0,nan,nan,0.43940408988995094,1,2.8461350923491757,0.4674655055318947,0.020830825615345466,8,1.8939841201338332,3.1419635603335325,3.99718053721089,1.2685665783557698,nan,nan,0,0.46002399240579644,0,0495d0a68a8d8223,512,3.446784360911673,8,0,0,0,0,0,0,nan,-1,0,0
150,553830.0,-3811467.985260387,3566806.771353855,3652666.878964111,0,0,0,0,0,1,1,1.8325391398733826,3.024284619576644,5.4030003838471705,18,0,0.053549020670663715,3.973227598342918,2.8494865614334928,0,,0.0,0.0,0,nan,0,0,,0,nan,,0.0,0.0,0,nan,nan,nan,nan,nan,nan,0,0.0,0,nan,nan,0.44383103508937355,1,2.8512770809940253,0.46869123263687007,0.025208209322459194,8,1.8315482793299447,3.022963794370734,3.973227598342918,1.2066205478812713,0.053549020670663715,0.09588026818371093,0,0.46000448138454475,0,0495d0a68a8d8223,512,3.501742899499849,8,12,1,528,17,16,256,0.38444105459040234,487,18,17
151,553830.199999094,-3811467.9851125004,3566806.768358622,3652666.880671127,0,0,0,0,0,1,1,1.8330791442818195,3.0268372024779886,5.403788527481263,18,1,0.053549020670663715,3.971003122751979,2.8468981848005948,0,,0.0,0.0,0,nan,0,0,,0,nan,,0.0,0.0,0,nan,nan,nan,nan,nan,nan,0,0.0,0,nan,nan,0.4475208929896104,1,2.848500417332726,0.4906246920063423,0.019733046145702034,8,1.832454093133686,3.0254971796533776,3.971003122751979,1.2113879539230077,nan,nan,0,0.4830967252753693,0,0495d0a68a8d8223,512,3.181467394524791,8,0,0,0,0,0,0,nan,-1,0,0
152,553830.3999989033,-3811467.9863232654,3566806.7665131297,3652666.883861564,0,0,0,0,0,1,1,1.8332946254072517,3.0265387250568643,5.4046828928923,18,2,0.053549020670663715,3.9706548931090153,2.8465307870823833,0,,0.0,0.0,0,nan,0,0,,0,nan,,0.0,0.0,0,nan,nan,nan,nan,nan,nan,0,0.0,0,nan,nan,0.4503702004620868,1,2.8481144517827888,0.4917957669398311,0.019418976769302446,8,1.8326874598560305,3.025207417820313,3.9706548931090153,1.2215691181494948,nan,nan,0,0.4843637345064835,0,0495d0a68a8d8223,512,3.1654978691460913,8,0,0,0,0,0,0,nan,-1,0,0
153,553830.5999999046,-3811467.9856298915,3566806.764454131,3652666.8898634403,0,0,0,0,0,1,1,1.8333567268221562,3.026537084730408,5.407062639292708,18,3,0.053549020670663715,3.969153137695144,2.8467599688954492,0,,0.0,0.0,0,nan,0,0,,0,nan,,0.0,0.0,0,nan,nan,nan,nan,nan,nan,0,0.0,0,nan,nan,0.4552429555867999,1,2.848342715941839,0.4919088521630724,0.019388126507794572,8,1.8327515816771542,3.0252058977626186,3.969153137695144,1.2331449834508021,nan,nan,0,0.48448647345434637,0,0495d0a68a8d8223,512,3.1639600891086492,8,0,0,0,0,0,0,nan,-1,0,0
154,553830.7999999523,-3811467.9903496564,3566806.765487584,3652666.8982066484,0,0,0,0,0,1,1,1.8333663652683958,3.026559051095816,5.415491101303163,18,4,0.053549020670663715,3.9737126486476058,2.852573044314463,0,,0.0,0.0,0,nan,0,0,,0,nan,,0.0,0.0,0,nan,nan,nan,nan,nan,nan,0,0.0,0,nan,nan,0.464618281587397,1,2.8541568276866305,0.4919190858543217,0.01938693167845322,8,1.832761106102566,3.0252275117458254,3.9737126486476058,1.2450496285497097,nan,nan,0,0.4844976370593181,0,0495d0a68a8d8223,512,3.163819521854862,8,0,0,0,0,0,0,nan,-1,0,0
155,553831.0,-3811467.941213719,3566806.7208671384,3652666.943855947,0,0,0,0,0,1,1,1.748522715053007,2.8999992488327573,5.285965730854099,19,0,0.045751172293329055,3.9124282073757004,2.8590234409044304,0,,0.0,0.0,0,nan,0,0,,0,nan,,0.0,0.0,0,nan,nan,nan,nan,nan,nan,0,0.0,0,nan,nan,0.4661801328981995,1,2.8610175574532954,0.4816824071571486,0.02390840108574576,7,1.747683756449803,2.8983959612531036,3.9124282073757004,1.182481384915011,0.045751172293329055,0.07387401011273749,0,0.4729349576997257,0,0495d0a68a8d8223,512,3.3369508737674383,8,12,1,484,17,16,212,0.4041435383028064,428,19,17
156,553831.199999094,-3811467.9375429526,3566806.7170734573,3652666.936109979,0,0,0,0,0,1,1,1.748556046076586,2.8977717403173995,5.273563828073329,19,1,0.045751172293329055,3.906416893204607,2.851097523194951,0,,0.0,0.0,0,nan,0,0,,0,nan,,0.0,0.0,0,nan,nan,nan,nan,nan,nan,0,0.0,0,nan,nan,0.45298137103056546,1,2.8528683071819687,0.50387138256785,0.019736702725438572,7,1.7479962298798317,2.896238460310339,3.906416893204607,1.1873457377292325,nan,nan,0,0.49600049220406617,0,0495d0a68a8d8223,512,3.040008326109406,8,0,0,0,0,0,0,nan,-1,0,0
157,553831.3999989033,-3811467.9339334266,3566806.7150494764,3652666.923380547,0,0,0,0,0,1,1,1.748416215440382,2.897678634940242,5.26252002642132,19,2,0.045751172293329055,3.9013209807799902,2.8434700597583205,0,,0.0,0.0,0,nan,0,0,,0,nan,,0.0,0.0,0,nan,nan,nan,nan,nan,nan,0,0.0,0,nan,nan,0.43916756761460474,1,2.8452185591359718,0.5050087563714057,0.019491659000260533,7,1.7478715513456606,2.8961591336307833,3.9013209807799902,1.197731291984316,nan,nan,0,0.49721467218040966,0,0495d0a68a8d8223,512,3.0257906001590746,8,0,0,0,0,0,0,nan,-1,0,0
158,553831.5999999046,-3811467.934313512,3566806.716264473,3652666.924297403,0,0,0,0,0,1,1,1.7483560012540689,2.89803198204078,5.264496451142877,19,3,0.045751172293329055,3.9025741748056184,2.8451925068110664,0,,0.0,0.0,0,nan,0,0,,0,nan,,0.0,0.0,0,nan,nan,nan,nan,nan,nan,0,0.0,0,nan,nan,0.4411037613519457,1,2.8469398834176243,0.5051263479233721,0.019471022620871734,7,1.7478138763290352,2.8965120959545922,3.9025741748056184,1.2095353202027972,nan,nan,0,0.4973401941340127,0,0495d0a68a8d8223,512,3.024327684144383,8,0,0,0,0,0,0,nan,-1,0,0
159,553831.7999999523,-3811467.9425369482,3566806.7217578874,3652666.9313570894,0,0,0,0,0,1,1,1.7483352580902167,2.898099438771706,5.275786553086618,19,4,0.045751172293329055,3.9119685797088577,2.8547204245046722,0,,0.0,0.0,0,nan,0,0,,0,nan,,0.0,0.0,0,nan,nan,nan,nan,nan,nan,0,0.0,0,nan,nan,0.4514579788289855,1,2.856468650817177,0.5051391474314779,0.01946994373079918,7,1.747793288041364,2.89657940341136,3.9119685797088577,1.2216700533079259,nan,nan,0,0.4973538557981855,0,0495d0a68a8d8223,512,3.024167995118847,8,0,0,0,0,0,0,nan,-1,0,0
160,553832.0,-3811467.8971034507,3566806.660175587,3652667.001338215,0,0,0,0,0,1,1,1.6628868507549883,2.7611437343824132,5.1578292351717865,19,0,0.053054975301947395,3.843556512390465,2.8714093961992826,0,,0.0,0.0,0,nan,0,0,,0,nan,,0.0,0.0,0,nan,nan,nan,nan,nan,nan,0,0.0,0,nan,nan,0.47745635351946875,1,2.8734933000116585,0.48594021070216104,0.023474104827629173,7,1.6621729228375546,2.75936485837079,3.843556512390465,1.1592398702399043,0.053054975301947395,0.07174449441085436,0,0.47667111475603835,0,0495d0a68a8d8223,512,3.2794448935209575,8,12,1,479,17,16,207,0.4152822273283666,424,19,17
161,553832.2000000477,-3811467.923542705,3566806.6856013197,3652667.027341143,0,0,0,0,0,1,1,1.6611134450751133,2.7677308484292897,5.2153084285072735,19,1,0.053054975301947395,3.882917288575281,2.917538960863081,0,,0.0,0.0,0,nan,0,0,,0,nan,,0.0,0.0,0,nan,nan,nan,nan,nan,nan,0,0.0,0,nan,nan,0.5324960124926745,0,2.919480767974979,0.5078241857622955,0.020055706159614817,7,1.6606147993268956,2.765985373915042,3.882917288575281,1.1642015862100588,nan,nan,0,0.4993120526790367,0,0495d0a68a8d8223,512,2.9945906923383863,8,0,0,0,0,0,0,nan,-1,0,0
162,553832.3999989033,-3811467.97635213,3566806.736962265,3652667.0881054373,0,0,0,0,0,1,1,1.6605407328526318,2.7704193659500254,5.315730978782877,19,2,0.053054975301947395,3.9636450512398866,3.00646283213598,0,,0.0,0.0,0,nan,0,0,,0,nan,,0.0,0.0,0,nan,nan,nan,nan,nan,nan,0,0.0,0,nan,nan,0.4823913397054011,1,3.008418695813262,0.5086804738129977,0.020017652874650998,7,1.660049418088102,2.7686603396748573,3.9636450512398866,1.1747917570804605,nan,nan,0,0.5002221583414661,0,0495d0a68a8d8223,512,2.9841200053798924,8,0,0,0,0,0,0,nan,-1,0,0
163,553832.5999999046,-3811468.0341906943,3566806.7926369924,3652667.153666211,0,0,0,0,0,1,1,1.6604885137075864,2.770437871351332,5.418378896979437,19,3,0.053054975301947395,4.051940813799846,3.100896579526847,0,,0.0,0.0,0,nan,0,0,,0,nan,,0.0,0.0,0,nan,nan,nan,nan,nan,nan,0,0.0,0,nan,nan,0.41288038984738207,1,3.1028601549276207,0.5087892882972723,0.02001561481257042,7,1.6599970753229054,2.7686771387937332,4.051940813799846,1.1868239656301016,nan,nan,0,0.5003380436901939,0,0495d0a68a8d8223,512,2.9827965954245808,8,0,0,0,0,0,0,nan,-1,0,0
164,553832.7999989986,-3811468.0931589496,3566806.8458652617,3652667.2118589464,0,0,0,0,0,1,1,1.6604800170810061,2.7703845151837725,5.518312078111911,19,4,0.053054975301947395,4.139193567746055,3.1945462572330987,0,,0.0,0.0,0,nan,0,0,,0,nan,,0.0,0.0,0,nan,nan,nan,nan,nan,nan,0,0.0,0,nan,nan,0.35935674744648527,1,3.196515532637252,0.5088056119394677,0.020016691237332282,7,1.6599881934789085,2.7686234091847655,4.139193567746055,1.199188445176101,nan,nan,0,0.5003554493490135,0,0495d0a68a8d8223,512,2.9825984907940155,8,0,0,0,0,0,0,nan,-1,0,0
165,553833.0,-3811467.8769136514,3566806.585056034,3652667.0628408715,0,0,0,0,0,1,1,1.5535119429696345,2.9455050627876647,5.508245525757731,18,0,0.047267940201068906,3.783660693091006,3.0037462078434167,0,,0.0,0.0,0,nan,0,0,,0,nan,,0.0,0.0,0,nan,nan,nan,nan,nan,nan,0,0.0,0,nan,nan,0.5274760004799696,0,3.008680291256553,0.4684253227335252,0.03802196095795637,8,1.5535051414635899,2.941123197902221,3.783660693091006,1.1373604200894354,0.047267940201068906,0.36198271512667823,0,0.45457980260742203,0,0495d0a68a8d8223,512,3.4920057719570283,8,12,1,488,17,16,216,0.46355308816931884,366,18,16
166,553833.2000000477,-3811467.942841122,3566806.6108432873,3652667.1120599834,0,0,0,0,0,1,1,1.5474280206554443,2.96396722508312,5.636008652975201,18,1,0.047267940201068906,3.854746832013611,3.1056119147879393,0,,0.0,0.0,0,nan,0,0,,0,nan,,0.0,0.0,0,nan,nan,nan,nan,nan,nan,0,0.0,0,nan,nan,0.43514435577296107,1,3.109774322943167,0.48930585519161485,0.03077927108530268,7,1.5475407075844434,2.9599211549256004,3.854746832013611,1.1424217871181015,nan,nan,0,0.476324936433369,0,0495d0a68a8d8223,512,3.1875516660276353,8,0,0,0,0,0,0,nan,-1,0,0
167,553833.3999989033,-3811468.0480415085,3566806.6463518525,3652667.1859335355,0,0,0,0,0,1,1,1.546123694009694,2.968521450444008,5.772089162175528,18,2,0.047267940201068906,3.963573068034506,3.2293447153466492,0,,0.0,0.0,0,nan,0,0,,0,nan,,0.0,0.0,0,nan,nan,nan,nan,nan,nan,0,0.0,0,nan,nan,0.34295066481061254,1,3.23353315277445,0.49033081781117605,0.0308353403657283,7,1.5462650063864274,2.9644547439777815,3.963573068034506,1.1532131646327353,nan,nan,0,0.47740025379404716,0,0495d0a68a8d8223,512,3.1738538748132408,8,0,0,0,0,0,0,nan,-1,0,0
168,553833.5999999046,-3811468.164357494,3566806.663408221,3652667.2313815723,0,0,0,0,0,1,1,1.5458313965048167,2.968937458140935,5.874802713751717,18,3,0.047267940201068906,4.058980586629926,3.3300612601973323,0,,0.0,0.0,0,nan,0,0,,0,nan,,0.0,0.0,0,nan,nan,nan,nan,nan,nan,0,0.0,0,nan,nan,0.2543484467462368,1,3.334247260653752,0.49049335630075835,0.03081420265712775,7,1.5459751116580496,2.964877024519004,4.058980586629926,1.1654685053963985,nan,nan,0,0.4775955569058343,0,0495d0a68a8d8223,512,3.1713410554266535,8,0,0,0,0,0,0,nan,-1,0,0
169,553833.7999989986,-3811468.339641392,3566806.6803187616,3652667.3166121943,0,0,0,0,0,1,1,1.5456789112138203,2.9697886755223677,6.039818000383368,18,4,0.047267940201068906,4.20174968702978,3.48112609252351,0,,0.0,0.0,0,nan,0,0,,0,nan,,0.0,0.0,0,nan,nan,nan,nan,nan,nan,0,0.0,0,nan,nan,0.1631311628622267,1,3.485340745463294,0.4904356515428278,0.030861994590475502,7,1.5458239567337564,2.965719103725886,4.20174968702978,1.178280152302728,nan,nan,0,0.47752848809064424,0,0495d0a68a8d8223,512,3.172210102973849,8,0,0,0,0,0,0,nan,-1,0,0
170,553834.0,-3811468.1819686536,3566806.3127259864,3652666.9904269995,0,0,0,0,0,1,1,1.5296698015891652,3.302133325030144,6.079798042507498,19,0,0.05682785282250618,3.773263474308673,3.166772119830588,0,,0.0,0.0,0,nan,0,0,,0,nan,,0.0,0.0,0,nan,nan,nan,nan,nan,nan,0,0.0,0,nan,nan,0.4014583271207892,1,3.170761281876863,0.48962340593502285,0.03503041028199895,8,1.5301784879708549,3.2985713593795194,3.773263474308673,1.1146720770202667,0.05682785282250618,0.7585077761725596,1,0.47562375299852855,0,0495d0a68a8d8223,512,3.256951028423152,8,12,1,485,17,16,213,0.49766177175284304,251,19,16
171,553834.2000000477,-3811468.3609831757,3566806.2911363347,3652667.0129717146,0,0,0,0,0,1,1,1.5266549883794183,3.338714136704714,6.261165152777496,19,1,0.05682785282250618,3.868069932031674,3.305411391477696,0,,0.0,0.0,0,nan,0,0,,0,nan,,0.0,0.0,0,nan,nan,nan,nan,nan,nan,0,0.0,0,nan,nan,0.2597101867770356,1,3.3092902326753553,0.5092728022111378,0.03326905240089243,9,1.5275644184680666,3.3350407750055133,3.868069932031674,1.1207849122552709,nan,nan,0,0.49547298443040017,0,0495d0a68a8d8223,512,3.006011783709516,8,0,0,0,0,0,0,nan,-1,0,0
172,553834.3999989033,-3811468.5935654556,3566806.291800705,3652667.0650551766,0,0,0,0,0,1,1,1.5259456061573586,3.346872186983922,6.45067762101507,19,2,0.05682785282250618,4.016028926985504,3.4734980316018915,0,,0.0,0.0,0,nan,0,0,,0,nan,,0.0,0.0,0,nan,nan,nan,nan,nan,nan,0,0.0,0,nan,nan,0.13968340606418064,1,3.4774165252429254,0.5105818488191497,0.03305676068704297,9,1.5268632652234737,3.343150617996155,4.016028926985504,1.1344753920671016,nan,nan,0,0.49685802826424713,0,0495d0a68a8d8223,512,2.989776325327881,8,0,0,0,0,0,0,nan,-1,0,0
173,553834.5999999046,-3811468.8537251814,3566806.2975220517,3652667.1028132853,0,0,0,0,0,1,1,1.5257117831309073,3.3493958344860024,6.634467523048352,19,3,0.05682785282250618,4.177159762217223,3.644978710600364,0,,0.0,0.0,0,nan,0,0,,0,nan,,0.0,0.0,0,nan,nan,nan,nan,nan,nan,0,0.0,0,nan,nan,0.2001203820776813,1,3.6489143055390927,0.5107400259854203,0.033047297760182205,9,1.5266288721626196,3.345661097269749,4.177159762217223,1.1514234305888231,nan,nan,0,0.4970357122031543,0,0495d0a68a8d8223,512,2.9876980707572893,8,0,0,0,0,0,0,nan,-1,0,0
174,553834.7999989986,-3811469.114811977,3566806.323649526,3652667.122325002,0,0,0,0,0,1,1,1.5256279805496422,3.3503120748782864,6.813729067694002,19,4,0.05682785282250618,4.345613150211294,3.8195401760086822,0,,0.0,0.0,0,nan,0,0,,0,nan,,0.0,0.0,0,nan,nan,nan,nan,nan,nan,0,0.0,0,nan,nan,0.24631761390446222,1,3.8234820275462886,0.5107877791087302,0.03306048857569588,9,1.5265464101884705,3.3465711370290965,4.345613150211294,1.1711677443423605,nan,nan,0,0.4970885982262146,0,0495d0a68a8d8223,512,2.9870792104049313,8,0,0,0,0,0,0,nan,-1,0,0
175,553835.0,-3811468.9221727075,3566805.8889285713,3652666.7511459067,0,0,0,0,0,1,1,1.4706453558601333,3.9426271990309525,6.8501941470861425,19,0,0.07947955307913723,3.8078952838316265,3.2566639450273644,0,,0.0,0.0,0,nan,0,0,,0,nan,,0.0,0.0,0,nan,nan,nan,nan,nan,nan,0,0.0,0,nan,nan,0.21404719957425034,1,3.263469275850368,0.5016418133582459,0.048085728823311774,10,1.472127362366504,3.93632500405558,3.8078952838316265,1.0921800440234188,0.07947955307913723,0.7428734976749565,3,0.48004663968787953,0,0495d0a68a8d8223,512,3.4667787790256406,8,12,1,528,17,16,256,0.21404719957425034,463,19,16
176,553835.2000000477,-3811469.14593144,3566805.8887803154,3652666.7461278667,0,0,0,0,0,1,1,1.4646457947847265,4.0195911120004615,7.09789012124363,19,1,0.07947955307913723,3.923234607812135,3.4119885318983227,0,,0.0,0.0,0,nan,0,0,,0,nan,,0.0,0.0,0,nan,nan,nan,nan,nan,nan,0,0.0,0,nan,nan,0.14888692571246767,1,3.4196699300055418,0.5090899918129578,0.05031544031548563,10,1.46653238899263,4.012333577396778,3.923234607812135,1.1012254354878293,nan,nan,0,0.4862576708200926,0,0495d0a68a8d8223,512,3.3804005241805686,8,0,0,0,0,0,0,nan,-1,0,0
177,553835.3999989033,-3811469.426497666,3566805.9428132623,3652666.7865170296,0,0,0,0,0,1,1,1.4626990757147682,4.0474957122147766,7.366613282876145,19,2,0.07947955307913723,4.121643685872361,3.634388925510517,0,,0.0,0.0,0,nan,0,0,,0,nan,,0.0,0.0,0,nan,nan,nan,nan,nan,nan,0,0.0,0,nan,nan,0.18558735349836597,1,3.642465814399109,0.5089415304444698,0.0516340783149759,10,1.464724919606739,4.039857954218596,4.121643685872361,1.124376975870655,nan,nan,0,0.4859015967619845,0,0495d0a68a8d8223,512,3.385293612519444,8,0,0,0,0,0,0,nan,-1,0,0
178,553835.5999999046,-3811469.724018108,3566806.017251087,3652666.8257139185,0,0,0,0,0,1,1,1.4619751528804534,4.058083156776222,7.6318468953995175,19,3,0.07947955307913723,4.342795068315257,3.8744976576991625,0,,0.0,0.0,0,nan,0,0,,0,nan,,0.0,0.0,0,nan,nan,nan,nan,nan,nan,0,0.0,0,nan,nan,0.35277553943267287,1,3.88271895346726,0.5094480871229231,0.05203576958025993,10,1.464045155162966,4.050319177116611,4.342795068315257,1.15654221137226,nan,nan,0,0.48640241705908743,0,0495d0a68a8d8223,512,3.3784193001169878,8,0,0,0,0,0,0,nan,-1,0,0
179,553835.7999989986,-3811470.054085611,3566806.104452153,3652666.8646822744,0,0,0,0,0,1,1,1.461688173825735,4.062197989407078,7.908610218492271,19,4,0.07947955307913723,4.587383456620978,4.132696053447243,0,,0.0,0.0,0,nan,0,0,,0,nan,,0.0,0.0,0,nan,nan,nan,nan,nan,nan,0,0.0,0,nan,nan,0.46168670748353735,1,4.140982701792573,0.5093381907999449,0.052225393931573355,10,1.4637722488084703,4.054385204836279,4.587383456620978,1.18934885985337,nan,nan,0,0.48628485862911347,0,0495d0a68a8d8223,512,3.3800274706837956,8,0,0,0,0,0,0,nan,-1,0,0
180,553836.0,-3811469.7342828037,3566805.5704881656,3652666.157351709,0,0,0,0,0,1,1,1.449345891951849,4.99214351071699,7.981830352750347,19,0,0.1302654067284061,3.788254931287446,3.3027551481387865,0,,0.0,0.0,0,nan,0,0,,0,nan,,0.0,0.0,0,nan,nan,nan,nan,nan,nan,0,0.0,0,nan,nan,0.22188032078992914,1,3.312458878089833,0.49011304568177144,0.058272793980298325,9,1.4515038075430524,4.982840130775305,3.788254931287446,1.0694199344821425,0.1302654067284061,1.0123440031286453,4,0.463791718353002,0,0495d0a68a8d8223,512,3.918024513107733,8,12,1,528,17,16,256,0.4026294589389049,4,19,16
181,553836.2000000477,-3811470.01414231,3566805.58588379,3652666.0946779614,0,0,0,0,0,1,1,1.4479568849956306,5.085491488072197,8.26328948934378,19,1,0.1302654067284061,3.909997348660112,3.4784987914626746,0,,0.0,0.0,0,nan,0,0,,0,nan,,0.0,0.0,0,nan,nan,nan,nan,nan,nan,0,0.0,0,nan,nan,0.10255593833033853,1,3.4891833748481793,0.4953341304246781,0.0615792221375943,10,1.4506526151046746,5.075232123660203,3.909997348660112,1.079791469158277,nan,nan,0,0.4679772938406552,0,0495d0a68a8d8223,512,3.850075541976668,8,0,0,0,0,0,0,nan,-1,0,0
182,553836.3999989033,-3811470.3718807334,3566805.6227375017,3652666.0573353483,0,0,0,0,0,1,1,1.4477168144956796,5.115485313974828,8.519488585058388,19,2,0.1302654067284061,4.093862800363508,3.6917442051959366,0,,0.0,0.0,0,nan,0,0,,0,nan,,0.0,0.0,0,nan,nan,nan,nan,nan,nan,0,0.0,0,nan,nan,0.1899557521956852,1,3.7027365329904938,0.4971443763224247,0.062259023305997384,10,1.4504662135542827,5.104942865820714,4.093862800363508,1.103650178408427,nan,nan,0,0.46975544473166464,0,0495d0a68a8d8223,512,3.8214120505818054,8,0,0,0,0,0,0,nan,-1,0,0
183,553836.5999999046,-3811470.7880433723,3566805.656280313,3652665.997618948,0,0,0,0,0,1,1,1.4475665679535343,5.127355555909864,8.761814019283616,19,3,0.1302654067284061,4.298836990706948,3.913053567680699,0,,0.0,0.0,0,nan,0,0,,0,nan,,0.0,0.0,0,nan,nan,nan,nan,nan,nan,0,0.0,0,nan,nan,0.40127108996221167,1,3.9241475505029824,0.49758891945151124,0.062476381558058625,10,1.4503144758238176,5.116729040804068,4.298836990706948,1.133195553484325,nan,nan,0,0.47024966808624286,0,0495d0a68a8d8223,512,3.813451852447961,8,0,0,0,0,0,0,nan,-1,0,0
184,553836.7999989986,-3811471.240296312,3566805.6763788345,3652665.8875884935,0,0,0,0,0,1,1,1.4474950320430628,5.130563141115522,8.984297062262753,19,4,0.1302654067284061,4.507567206460244,4.130486848124923,0,,0.0,0.0,0,nan,0,0,,0,nan,,0.0,0.0,0,nan,nan,nan,nan,nan,nan,0,0.0,0,nan,nan,0.46225419792323674,1,4.141573124974739,0.49820629228913,0.06240875892041011,10,1.4502241581367254,5.119942926760995,4.507567206460244,1.1628915280469658,nan,nan,0,0.47092756859171897,0,0495d0a68a8d8223,512,3.8025853437586123,8,0,0,0,0,0,0,nan,-1,0,0
185,553837.0,-3811471.1321867257,3566805.020532759,3652665.048045897,0,0,0,0,0,1,1,1.4298806166660492,5.775681759026762,8.739895452178526,18,0,0.059649574053261115,3.706928963300558,3.283432365045948,0,,0.0,0.0,0,nan,0,0,,0,nan,,0.0,0.0,0,nan,nan,nan,nan,nan,nan,0,0.0,0,nan,nan,0.33791613151428246,1,3.2916004679432604,0.5232771271559425,0.056984784760195334,11,1.4326266119864506,5.7681143551529415,3.706928963300558,1.0476351539322752,0.059649574053261115,0.6921808849583109,4,0.496436411704503,0,0495d0a68a8d8223,512,3.418270706545845,8,12,1,528,17,16,256,0.4128523897880491,5,18,16
186,553837.2000000477,-3811471.536153029,3566804.8660424314,3652664.8337527113,0,0,0,0,0,1,1,1.4295867814829422,5.812844367660294,8.798749433709412,18,1,0.059649574053261115,3.7140805438819338,3.3072772407824744,0,,0.0,0.0,0,nan,0,0,,0,nan,,0.0,0.0,0,nan,nan,nan,nan,nan,nan,0,0.0,0,nan,nan,0.30329155034445004,1,3.314401672537702,0.5482075097168077,0.07343074659414703,6,1.436911301254648,5.8045622499703935,3.7140805438819338,1.0534563734458915,nan,nan,0,0.5220763575202653,0,0495d0a68a8d8223,512,3.0912958162818756,8,0,0,0,0,0,0,nan,-1,0,0
187,553837.3999989033,-3811471.988791694,3566804.656074496,3652664.6492312504,0,0,0,0,0,1,1,1.4295780262508193,5.821619980099095,8.82640908304139,18,2,0.059649574053261115,3.7124140940803096,3.311402783066404,0,,0.0,0.0,0,nan,0,0,,0,nan,,0.0,0.0,0,nan,nan,nan,nan,nan,nan,0,0.0,0,nan,nan,0.28672850127961896,1,3.3186081256311866,0.5493440123621948,0.07336424637609552,6,1.4368924295390295,5.813317607695313,3.7124140940803096,1.0652810612270611,nan,nan,0,0.5232493338990453,0,0495d0a68a8d8223,512,3.077552416722496,8,0,0,0,0,0,0,nan,-1,0,0
188,553837.5999999046,-3811472.4596249466,3566804.412137243,3652664.402035916,0,0,0,0,0,1,1,1.429507941464074,5.8222834981227924,8.814395709881845,18,3,0.059649574053261115,3.7081553019276754,3.3028950898294274,0,,0.0,0.0,0,nan,0,0,,0,nan,,0.0,0.0,0,nan,nan,nan,nan,nan,nan,0,0.0,0,nan,nan,0.2994998378749171,1,3.3100359348101223,0.5501173769384351,0.07313821904581673,6,1.4367789302300198,5.814015664941796,3.7081553019276754,1.0785765427303338,nan,nan,0,0.5240917565460576,0,0495d0a68a8d8223,512,3.0677723321593806,8,0,0,0,0,0,0,nan,-1,0,0
189,553837.7999989986,-3811472.948954458,3566804.1485699685,3652664.12001046,0,0,0,0,0,1,1,1.429492762518321,5.822934998118341,8.802410496049836,18,4,0.059649574053261115,3.724756144699225,3.3145607383542295,0,,0.0,0.0,0,nan,0,0,,0,nan,,0.0,0.0,0,nan,nan,nan,nan,nan,nan,0,0.0,0,nan,nan,0.3109947012727047,1,3.321593253489743,0.5501822311461759,0.07311707887433018,6,1.4367599074601956,5.8146694876546565,3.724756144699225,1.0921798870652077,nan,nan,0,0.5241681134293403,0,0495d0a68a8d8223,512,3.0668925746467033,8,0,0,0,0,0,0,nan,-1,0,0
190,553838.0,-3811473.400858441,3566803.6512107565,3652663.8937843777,0,0,0,0,0,1,1,1.3961193966179575,5.6624040512639,8.412587145628454,19,0,0.055135917062739785,3.5578092078939645,3.0684060380813207,0,,0.0,0.0,0,nan,0,0,,0,nan,,0.0,0.0,0,nan,nan,nan,nan,nan,nan,0,0.0,0,nan,nan,0.5115094765827286,0,3.0736954310105844,0.5801118124461648,0.059920229566838956,8,1.3997618376862206,5.656357901732516,3.5578092078939645,1.029718279614267,0.055135917062739785,0.3240978608489135,0,0.5560145408274855,0,0495d0a68a8d8223,512,2.767876984559808,8,12,1,528,17,16,256,0.4216337790051998,5,19,15
191,553838.2000000477,-3811473.9294951134,3566803.255051186,3652663.660612985,0,0,0,0,0,1,1,1.397461749265524,5.675439274642265,8.343082660236535,19,1,0.055135917062739785,3.5210223029125123,3.0116431809670923,0,,0.0,0.0,0,nan,0,0,,0,nan,,0.0,0.0,0,nan,nan,nan,nan,nan,nan,0,0.0,0,nan,nan,0.528534979619642,0,3.016748527303017,0.6075873504950837,0.055733323250417265,8,1.400399837498715,5.66959092381163,3.5210223029125123,1.0353261299275098,nan,nan,0,0.5838321314242029,0,0495d0a68a8d8223,512,2.5107358881188127,8,0,0,0,0,0,0,nan,-1,0,0
192,553838.3999989033,-3811474.474158754,3566802.7750047864,3652663.4687548866,0,0,0,0,0,1,1,1.3982318999504795,5.677659504074671,8.251586384683092,19,2,0.055135917062739785,3.4583867667308295,2.9334313280219964,0,,0.0,0.0,0,nan,0,0,,0,nan,,0.0,0.0,0,nan,nan,nan,nan,nan,nan,0,0.0,0,nan,nan,0.43672110071680836,1,2.9384638173703497,0.6085042028149141,0.0553354723810384,7,1.4010916339183763,5.671821546575705,3.4583867667308295,1.047227901092408,nan,nan,0,0.5848808114077024,0,0495d0a68a8d8223,512,2.5017991080539486,8,0,0,0,0,0,0,nan,-1,0,0
193,553838.5999999046,-3811475.0235142596,3566802.230578476,3652663.299152193,0,0,0,0,0,1,1,1.3984208489140917,5.678153855308973,8.163803191399802,19,3,0.055135917062739785,3.3922772350084647,2.8587433633589594,0,,0.0,0.0,0,nan,0,0,,0,nan,,0.0,0.0,0,nan,nan,nan,nan,nan,nan,0,0.0,0,nan,nan,0.3528134950675799,1,2.8637207000342366,0.6084226306478481,0.055349862976989676,7,1.4012697723435692,5.672313070637783,3.3922772350084647,1.060710327286877,nan,nan,0,0.5848070149224609,0,0495d0a68a8d8223,512,2.5024393716011866,8,0,0,0,0,0,0,nan,-1,0,0
194,553838.7999989986,-3811475.5915414966,3566801.6362085417,3652663.170854875,0,0,0,0,0,1,1,1.3984743002913742,5.678513447633453,8.083266922969692,19,4,0.055135917062739785,3.3276308601441613,2.788623574405656,0,,0.0,0.0,0,nan,0,0,,0,nan,,0.0,0.0,0,nan,nan,nan,nan,nan,nan,0,0.0,0,nan,nan,0.2813983908983836,1,2.7935625353661586,0.6083094133190409,0.0553809135102916,7,1.4013234038121771,5.672668409719945,3.3276308601441613,1.0745276402902655,nan,nan,0,0.5846929668832901,0,0495d0a68a8d8223,512,2.503414972241139,8,0,0,0,0,0,0,nan,-1,0,0
195,553839.0,-3811476.3373462083,3566801.087225709,3652663.392351419,0,0,0,0,0,1,1,0.7265253068600654,5.6465004561717365,7.721341135935944,19,0,0.04437860562556492,3.464890266520668,2.7665130056415395,0,,0.0,0.0,0,nan,0,0,,0,nan,,0.0,0.0,0,nan,nan,nan,nan,nan,nan,0,0.0,0,nan,nan,0.48917179798595717,1,2.7665130056415395,0.07916666666666669,0.0,1,0.7265253068600654,5.6465004561717365,3.464890266520668,1.0129440453883733,0.04437860562556492,0.3487962827525198,5,0.07916666666666669,0,042f32f7418a68e7,259,13.294403852137838,8,12,1,272,17,16,0,0.48917179798595717,170,19,15
196,553839.2000000477,-3811476.978264595,3566800.450204135,3652663.3254909385,0,0,0,0,0,1,1,0.7461076890021546,5.633205257525552,7.672425896101207,19,1,0.04437860562556492,3.4602300782763526,2.742398923028814,0,,0.0,0.0,0,nan,0,0,,0,nan,,0.0,0.0,0,nan,nan,nan,nan,nan,nan,0,0.0,0,nan,nan,0.48434932595082136,1,2.742398923028814,0.07911434220811184,0.0,1,0.7461076890021546,5.633205257525552,3.4602300782763526,1.0187636433564544,nan,nan,0,0.07911434220811184,0,042f32f7418a68e7,259,13.311941720650596,8,0,0,0,0,0,0,nan,-1,0,0
197,553839.3999989033,-3811477.6375063662,3566799.766257532,3652663.2860595253,0,0,0,0,0,1,1,0.7485099084766614,5.628911271161947,7.647288550538712,19,2,0.04437860562556492,3.446685709639301,2.7250672228239727,0,,0.0,0.0,0,nan,0,0,,0,nan,,0.0,0.0,0,nan,nan,nan,nan,nan,nan,0,0.0,0,nan,nan,0.48241450167754646,1,2.7250672228239727,0.07918104377181837,0.0,1,0.7485099084766614,5.628911271161947,3.446685709639301,1.0308866779839807,nan,nan,0,0.07918104377181837,0,042f32f7418a68e7,259,13.289590948507389,8,0,0,0,0,0,0,nan,-1,0,0
198,553839.5999999046,-3811478.3218709286,3566799.0368336514,3652663.27045938,0,0,0,0,0,1,1,0.7500193851152088,5.627800082419208,7.624725230639617,19,3,0.04437860562556492,3.4266566392361657,2.7032033983384243,0,,0.0,0.0,0,nan,0,0,,0,nan,,0.0,0.0,0,nan,nan,nan,nan,nan,nan,0,0.0,0,nan,nan,0.4756498322931115,1,2.7032033983384243,0.07919087323775267,0.0,1,0.7500193851152088,5.627800082419208,3.4266566392361657,1.044588531981833,nan,nan,0,0.07919087323775267,0,042f32f7418a68e7,259,13.286301894016281,8,0,0,0,0,0,0,nan,-1,0,0
199,553839.7999989986,-3811479.0603560405,3566798.3049326013,3652663.2737814356,0,0,0,0,0,1,1,0.7496349238215306,5.627230589876618,7.643612130562249,19,4,0.04437860562556492,3.4528275140272133,2.7298888703145443,0,,0.0,0.0,0,nan,0,0,,0,nan,,0.0,0.0,0,nan,nan,nan,nan,nan,nan,0,0.0,0,nan,nan,0.4853149296768537,1,2.7298888703145443,0.0791976008147078,0.0,1,0.7496349238215306,5.627230589876618,3.4528275140272133,1.058618868788378,nan,nan,0,0.0791976008147078,0,042f32f7418a68e7,259,13.284051457566852,8,0,0,0,0,0,0,nan,-1,0,0
