epoch,tow,ecef_x,ecef_y,ecef_z,fix,gamma_fixed,consistency_pass,float_consistency_pass,ddpr_consistency_pass,ddpr_support_pass,ddpr_freshness_pass,map_float_separation_m,map_ddpr_separation_m,ddpr_guard_error_m,last_ddpr_pairs,ddpr_age_epochs,last_ddpr_nis,output_error_m,map_error_m,temporal_lineage_enabled,temporal_map_assignment_id,temporal_gamma,temporal_ess,temporal_dwell_epochs,temporal_map_error_m,integrity_lineage_enabled,integrity_anchor_available,integrity_excluded_satellite,integrity_tdcp_available,integrity_tdcp_postfit_rms_m,integrity_map_assignment_id,integrity_gamma,integrity_ess,integrity_dwell_epochs,integrity_map_error_m,integrity_map_ecef_x,integrity_map_ecef_y,integrity_map_ecef_z,integrity_map_float_separation_m,integrity_map_ddpr_separation_m,integrity_guard_pass,integrity_position_ball_gamma,integrity_position_ball_members,integrity_position_ball_spread_m,integrity_position_ball_error_m,basin_oracle_min_error_m,basin_oracle_sub50cm_available,position_cluster_error_m,position_cluster_gamma,position_cluster_spread_m,position_cluster_members,position_cluster_float_separation_m,position_cluster_ddpr_separation_m,float_error_m,float_position_sigma_m,dd_pr_nis,dd_cp_nis,ambiguities_reset,gamma,fix_streak,map_assignment_id,n_basins,basin_ess,map_n_ambiguities,n_candidates_born,respawn_triggered,n_respawn_candidates_born,n_respawn_position_seeds,respawn_oracle_min_error_m,respawn_oracle_rank,n_dd_pr,n_dd_cp
0,553800.0,-3811466.693664207,3566805.2211901695,3652668.9111347175,0,0,0,0,0,1,1,2.5263119693408687,2.667580108804525,3.2894435773932713,18,0,0.08822792079773784,3.0558360247270064,2.7910314203716213,0,,0.0,0.0,0,nan,0,0,,0,nan,,0.0,0.0,0,nan,nan,nan,nan,nan,nan,0,0.0,0,nan,nan,0.690549617992397,0,2.7910314203716213,0.07974537037037042,0.0,1,2.5263119693408687,2.667580108804525,3.0558360247270064,5.592639952376013,0.08822792079773784,0.02210678010972702,0,0.07974537037037042,0,d72122b9958dbbcc,282,13.188355458913053,8,12,1,432,27,0.6901279228386981,10,18,17
1,553800.2000000477,-3811466.7043680125,3566805.2303698813,3652668.917540918,0,0,0,0,0,1,1,2.5210776054179482,2.661603575944688,3.303230346751093,18,1,0.08822792079773784,3.069661387013538,2.8109206805846405,0,,0.0,0.0,0,nan,0,0,,0,nan,,0.0,0.0,0,nan,nan,nan,nan,nan,nan,0,0.0,0,nan,nan,0.6863162952948246,0,2.8109206805846405,0.07974537037037051,0.0,1,2.5210776054179482,2.661603575944688,3.069661387013538,5.593979167573447,nan,nan,0,0.07974537037037051,0,d72122b9958dbbcc,282,13.18835545891305,8,0,0,0,0,nan,-1,0,0
2,553800.4000000954,-3811466.7189359865,3566805.2446287237,3652668.9324123603,0,0,0,0,0,1,1,2.520055310764873,2.660454763579001,3.327614176726829,18,2,0.08822792079773784,3.094081993370175,2.8307846438901016,0,,0.0,0.0,0,nan,0,0,,0,nan,,0.0,0.0,0,nan,nan,nan,nan,nan,nan,0,0.0,0,nan,nan,0.6823122001980924,0,2.8307846438901016,0.07974537037037051,0.0,1,2.520055310764873,2.660454763579001,3.094081993370175,5.596357313446614,nan,nan,0,0.07974537037037051,0,d72122b9958dbbcc,282,13.18835545891305,8,0,0,0,0,nan,-1,0,0
3,553800.5999999046,-3811466.7297525406,3566805.2565932283,3652668.9432305964,0,0,0,0,0,1,1,2.51989998876958,2.6602717159105116,3.3462107675928867,18,3,0.08822792079773784,3.1127126119283113,2.8462379615030278,0,,0.0,0.0,0,nan,0,0,,0,nan,,0.0,0.0,0,nan,nan,nan,nan,nan,nan,0,0.0,0,nan,nan,0.6814557702260574,0,2.8462379615030278,0.07974537037037047,0.0,1,2.51989998876958,2.6602717159105116,3.1127126119283113,5.598949005651086,nan,nan,0,0.07974537037037047,0,d72122b9958dbbcc,282,13.188355458913062,8,0,0,0,0,nan,-1,0,0
4,553800.7999999523,-3811466.744267113,3566805.269113487,3652668.957473204,0,0,0,0,0,1,1,2.519747826274276,2.6601024935563116,3.3692803897087065,18,4,0.08822792079773784,3.1358149569928515,2.8633594476804185,0,,0.0,0.0,0,nan,0,0,,0,nan,,0.0,0.0,0,nan,nan,nan,nan,nan,nan,0,0.0,0,nan,nan,0.678501590640292,0,2.8633594476804185,0.07974537037037047,0.0,1,2.519747826274276,2.6601024935563116,3.1358149569928515,5.601600082987624,nan,nan,0,0.07974537037037047,0,d72122b9958dbbcc,282,13.188355458913062,8,0,0,0,0,nan,-1,0,0
5,553801.0,-3811466.9368616007,3566805.2810216984,3652668.5074501694,0,0,0,0,0,1,1,2.315995184550084,2.166959777517771,3.06684737130577,18,0,0.03619621658262093,2.9079889661919456,5.194719197608554,0,,0.0,0.0,0,nan,0,0,,0,nan,,0.0,0.0,0,nan,nan,nan,nan,nan,nan,0,0.0,0,nan,nan,0.7254883303629324,0,5.194719197608554,0.1685535631274386,0.0,1,2.315995184550084,2.166959777517771,2.9079889661919456,4.501492370248857,0.03619621658262093,3.1660466738236344,0,0.1685535631274386,0,88c65eb697abea09,512,10.246348171962488,8,12,1,432,27,0.7611313232783544,15,18,17
6,553801.199999094,-3811466.943173036,3566805.2829087083,3652668.510097194,0,0,0,0,0,1,1,2.3281537319783325,2.1837324741928756,3.0684249955277783,18,1,0.03619621658262093,2.9140634395128653,5.213479712278194,0,,0.0,0.0,0,nan,0,0,,0,nan,,0.0,0.0,0,nan,nan,nan,nan,nan,nan,0,0.0,0,nan,nan,0.7346919829411935,0,5.213479712278194,0.17553024791985453,0.0,1,2.3281537319783325,2.1837324741928756,2.9140634395128653,4.502767777265328,nan,nan,0,0.17553024791985453,0,88c65eb697abea09,512,9.450927619683736,8,0,0,0,0,nan,-1,0,0
7,553801.3999989033,-3811466.946169016,3566805.286060807,3652668.511625461,0,0,0,0,0,1,1,2.3316756249290553,2.1879528199836638,3.0717992484845156,18,2,0.03619621658262093,2.9183103719055286,5.2213328003959925,0,,0.0,0.0,0,nan,0,0,,0,nan,,0.0,0.0,0,nan,nan,nan,nan,nan,nan,0,0.0,0,nan,nan,0.7396697724752169,0,5.2213328003959925,0.1758161815182251,0.0,1,2.3316756249290553,2.1879528199836638,2.9183103719055286,4.50551780653807,nan,nan,0,0.1758161815182251,0,88c65eb697abea09,512,9.42033784049102,8,0,0,0,0,nan,-1,0,0
8,553801.5999999046,-3811466.9486808027,3566805.286849198,3652668.513592462,0,0,0,0,0,1,1,2.332670151766963,2.1892285555904287,3.0738302970372007,18,3,0.03619621658262093,2.9206910900352514,5.224623458305938,0,,0.0,0.0,0,nan,0,0,,0,nan,,0.0,0.0,0,nan,nan,nan,nan,nan,nan,0,0.0,0,nan,nan,0.7408882238178146,0,5.224623458305938,0.1758422029604554,0.0,1,2.332670151766963,2.1892285555904287,2.9206910900352514,4.508670296585049,nan,nan,0,0.1758422029604554,0,88c65eb697abea09,512,9.417575602384147,8,0,0,0,0,nan,-1,0,0
9,553801.7999999523,-3811466.9503314686,3566805.2865787297,3652668.5142038413,0,0,0,0,0,1,1,2.33297941005992,2.1896257271276043,3.0748751962741196,18,4,0.03619621658262093,2.9218277684509317,5.225982200709967,0,,0.0,0.0,0,nan,0,0,,0,nan,,0.0,0.0,0,nan,nan,nan,nan,nan,nan,0,0.0,0,nan,nan,0.7407131847416178,0,5.225982200709967,0.17584453811806386,0.0,1,2.33297941005992,2.1896257271276043,2.9218277684509317,4.5119408764961015,nan,nan,0,0.17584453811806386,0,88c65eb697abea09,512,9.417329610745538,8,0,0,0,0,nan,-1,0,0
10,553802.0,-3811467.108242471,3566805.588651914,3652667.7996094953,0,0,0,0,0,1,1,5.091083997585345,5.106584266005971,2.752803433053683,18,0,0.046176996803574594,2.787643238761087,2.432277002043795,0,,0.0,0.0,0,nan,0,0,,0,nan,,0.0,0.0,0,nan,nan,nan,nan,nan,nan,0,0.0,0,nan,nan,0.6717015795452304,0,2.431176999581337,0.0375804661165047,0.07045358035917987,2,5.087973061016116,5.10677023879518,2.787643238761087,3.871270358899591,0.046176996803574594,9.477003009138702,0,0.035969116260418495,0,e12283cbbd85fc2b,512,98.92307537177663,8,12,1,432,27,1.0145742194097007,224,18,17
11,553802.2000000477,-3811467.1168671288,3566805.5932573597,3652667.807037842,0,0,0,0,0,1,1,5.082304780932602,5.091904347265973,2.7568795700474764,18,1,0.046176996803574594,2.7992336434849636,2.4148903272534588,0,,0.0,0.0,0,nan,0,0,,0,nan,,0.0,0.0,0,nan,nan,nan,nan,nan,nan,0,0.0,0,nan,nan,0.6737906240486915,0,2.4138191051402966,0.03881256060775026,0.07044574610721542,2,5.079203683648335,5.092102898262261,2.7992336434849636,3.872751816434111,nan,nan,0,0.03714837726484382,0,e12283cbbd85fc2b,512,95.14327131980345,8,0,0,0,0,nan,-1,0,0
12,553802.3999989033,-3811467.1156772557,3566805.5935875596,3652667.8073552107,0,0,0,0,0,1,1,5.080532329229859,5.087413173913361,2.75279174445856,18,2,0.046176996803574594,2.7984202360446475,2.4139733121023417,0,,0.0,0.0,0,nan,0,0,,0,nan,,0.0,0.0,0,nan,nan,nan,nan,nan,nan,0,0.0,0,nan,nan,0.675230643350919,0,2.4129111779707153,0.03888368515695492,0.07044360314315655,2,5.077433750418153,5.087614839017105,2.7984202360446475,3.875946808143127,nan,nan,0,0.037216463282221696,0,e12283cbbd85fc2b,512,95.00336911276973,8,0,0,0,0,nan,-1,0,0
13,553802.5999999046,-3811467.1215451485,3566805.594223698,3652667.8148330706,0,0,0,0,0,1,1,5.079771912464984,5.08636196810172,2.761835492704452,18,3,0.046176996803574594,2.806213529699768,2.405911618333287,0,,0.0,0.0,0,nan,0,0,,0,nan,,0.0,0.0,0,nan,nan,nan,nan,nan,nan,0,0.0,0,nan,nan,0.6715251699432739,0,2.4048264778177533,0.03889158394286639,0.07044315443322645,2,5.076673933066791,5.086564648312699,2.806213529699768,3.879610208024698,nan,nan,0,0.03722401866425392,0,e12283cbbd85fc2b,512,94.98875022693026,8,0,0,0,0,nan,-1,0,0
14,553802.7999989986,-3811467.116370178,3566805.592753338,3652667.8157646162,0,0,0,0,0,1,1,5.079611894429024,5.085943318618462,2.75928551563088,18,4,0.046176996803574594,2.8025256514549035,2.407350507684562,0,,0.0,0.0,0,nan,0,0,,0,nan,,0.0,0.0,0,nan,nan,nan,nan,nan,nan,0,0.0,0,nan,nan,0.6707780181779381,0,2.406246416633174,0.03889207811255445,0.07044296605991175,2,5.076514133650295,5.086146250683173,2.8025256514549035,3.883410359678399,nan,nan,0,0.03722449270611876,0,e12283cbbd85fc2b,512,94.9877014532646,8,0,0,0,0,nan,-1,0,0
15,553803.0,-3811467.4750908157,3566806.067215958,3652666.8251926755,0,0,0,0,0,1,1,3.225319544383652,1.7899122367082945,2.6867900666417883,18,0,0.052747126368075915,3.105797010015602,4.4575882234951125,0,,0.0,0.0,0,nan,0,0,,0,nan,,0.0,0.0,0,nan,nan,nan,nan,nan,nan,0,0.0,0,nan,nan,0.7125753536102606,0,6.340049084380253,0.038726145272040075,0.1319075784497413,2,4.202738423807229,3.7318397960152163,3.105797010015602,3.446529888958384,0.052747126368075915,19.23047039825005,0,0.03788131518894919,0,da26416811a3d5cf,512,74.12228007299404,8,12,1,432,27,0.709450039223141,215,18,17
16,553803.2000000477,-3811467.48701839,3566806.0741598764,3652666.835594138,0,0,0,0,0,1,1,3.2287305159383126,1.81119220259557,2.6932109336103984,18,1,0.052747126368075915,3.119802368110178,4.486261004857929,0,,0.0,0.0,0,nan,0,0,,0,nan,,0.0,0.0,0,nan,nan,nan,nan,nan,nan,0,0.0,0,nan,nan,0.7164437392836026,0,6.365746541629716,0.040210624160317426,0.1319122842030799,2,4.208530494643744,3.751264038193075,3.119802368110178,3.4481955702239153,nan,nan,0,0.037325454369479746,0,da26416811a3d5cf,512,71.38148224294305,8,0,0,0,0,nan,-1,0,0
17,553803.3999989033,-3811467.4909215695,3566806.077141064,3652666.8399957465,0,0,0,0,0,1,1,3.2298178523299366,1.8165987100015915,2.6974381539937564,18,2,0.052747126368075915,3.125009995011446,4.496118437159224,0,,0.0,0.0,0,nan,0,0,,0,nan,,0.0,0.0,0,nan,nan,nan,nan,nan,nan,0,0.0,0,nan,nan,0.7179629842439782,0,6.374702869442562,0.04029714753217806,0.13191309966013529,2,4.210180224743229,3.756106572451314,3.125009995011446,3.451783951486298,nan,nan,0,0.037205566367575424,0,da26416811a3d5cf,512,71.33024059624067,8,0,0,0,0,nan,-1,0,0
18,553803.5999999046,-3811467.4922913876,3566806.0785539644,3652666.8408402093,0,0,0,0,0,1,1,3.2301513024637774,1.81823245534645,2.6986596699223018,18,3,0.052747126368075915,3.127045929572931,4.4990446833483375,0,,0.0,0.0,0,nan,0,0,,0,nan,,0.0,0.0,0,nan,nan,nan,nan,nan,nan,0,0.0,0,nan,nan,0.7189117065980349,0,6.377462756572634,0.04030675389257186,0.13191331558602762,2,4.2106714051056855,3.7575277702141774,3.127045929572931,3.4558971212947447,nan,nan,0,0.037188909866143816,0,da26416811a3d5cf,512,71.32782671826888,8,0,0,0,0,nan,-1,0,0
19,553803.7999989986,-3811467.493717931,3566806.0821427926,3652666.841862358,0,0,0,0,0,1,1,3.2302730546371534,1.8187247743933008,2.70156110159452,18,4,0.052747126368075915,3.1307497522122483,4.502543404754578,0,,0.0,0.0,0,nan,0,0,,0,nan,,0.0,0.0,0,nan,nan,nan,nan,nan,nan,0,0.0,0,nan,nan,0.7208227203268011,0,6.381098666746944,0.04030729638950173,0.13191336452649852,2,4.210842269458712,3.757944084040794,3.1307497522122483,3.4601626839851276,nan,nan,0,0.03718900127249289,0,da26416811a3d5cf,512,71.3267125029888,8,0,0,0,0,nan,-1,0,0
20,553804.0,-3811468.2512258226,3566807.127161279,3652666.0411167447,0,0,0,0,0,1,1,4.359407232909223,2.1734083698641324,4.2342337806555,19,0,0.41380108143408434,4.432677198843442,6.22454257359904,0,,0.0,0.0,0,nan,0,0,,0,nan,,0.0,0.0,0,nan,nan,nan,nan,nan,nan,0,0.0,0,nan,nan,0.48223397285549474,1,6.22454257359904,0.05012537557224161,0.0,1,4.359407232909223,2.1734083698641324,4.432677198843442,3.1278257037825994,0.41380108143408434,31.3281035856981,0,0.05012537557224161,0,6a1e7e50dc8a564e,512,60.55812360824583,8,12,1,432,27,0.6877726386501497,247,19,17
21,553804.2000000477,-3811468.2762016263,3566807.1477124835,3652666.0704713147,0,0,0,0,0,1,1,4.3612620253769645,2.199137649662735,4.260340552251378,19,1,0.41380108143408434,4.461016016307509,6.275434733744991,0,,0.0,0.0,0,nan,0,0,,0,nan,,0.0,0.0,0,nan,nan,nan,nan,nan,nan,0,0.0,0,nan,nan,0.4531597088657689,1,6.275434733744991,0.051653858073397944,0.0,1,4.3612620253769645,2.199137649662735,4.461016016307509,3.1296622776171215,nan,nan,0,0.051653858073397944,0,6a1e7e50dc8a564e,512,57.212916080935905,8,0,0,0,0,nan,-1,0,0
22,553804.4000000954,-3811468.3232041937,3566807.190374269,3652666.116779394,0,0,0,0,0,1,1,4.3642641001887,2.1996476097540496,4.341755494745182,19,2,0.41380108143408434,4.518888540953368,6.359146300928403,0,,0.0,0.0,0,nan,0,0,,0,nan,,0.0,0.0,0,nan,nan,nan,nan,nan,nan,0,0.0,0,nan,nan,0.4118454961850921,1,6.359146300928403,0.051725677399913565,0.0,1,4.3642641001887,2.1996476097540496,4.518888540953368,3.133615782308128,nan,nan,0,0.051725677399913565,0,6a1e7e50dc8a564e,512,57.02327489035769,8,0,0,0,0,nan,-1,0,0
23,553804.599998951,-3811468.384972638,3566807.249667508,3652666.178069575,0,0,0,0,0,1,1,4.36486517381124,2.200528662192339,4.444964421550181,19,3,0.41380108143408434,4.598291171453807,6.465429717546157,0,,0.0,0.0,0,nan,0,0,,0,nan,,0.0,0.0,0,nan,nan,nan,nan,nan,nan,0,0.0,0,nan,nan,0.3785735369027355,1,6.465429717546157,0.05173099524884039,0.0,1,4.36486517381124,2.200528662192339,4.598291171453807,3.1381460194226714,nan,nan,0,0.05173099524884039,0,6a1e7e50dc8a564e,512,57.008570717768976,8,0,0,0,0,nan,-1,0,0
24,553804.7999989986,-3811468.4433766464,3566807.3058876065,3652666.23595854,0,0,0,0,0,1,1,4.364987427830654,2.2009433479493037,4.542244326854964,19,4,0.41380108143408434,4.674433012700302,6.5651504737780355,0,,0.0,0.0,0,nan,0,0,,0,nan,,0.0,0.0,0,nan,nan,nan,nan,nan,nan,0,0.0,0,nan,nan,0.3730421936735446,1,6.5651504737780355,0.051731811203662575,0.0,1,4.364987427830654,2.2009433479493037,4.674433012700302,3.1428429254599144,nan,nan,0,0.051731811203662575,0,6a1e7e50dc8a564e,512,57.00722836475706,8,0,0,0,0,nan,-1,0,0
25,553805.0,-3811469.1430459116,3566808.378780037,3652665.242065848,0,0,0,0,0,1,1,9.865024526301575,5.256638875540649,5.576263921042656,19,0,0.45207347146779936,6.079049261901037,10.627464736127122,0,,0.0,0.0,0,nan,0,0,,0,nan,,0.0,0.0,0,nan,nan,nan,nan,nan,nan,0,0.0,0,nan,nan,0.8760648855064747,0,8.024990971681921,0.051340351782519146,0.13297980475113827,2,6.586550804187654,2.485534093004288,6.079049261901037,2.8664917765706495,0.45207347146779936,34.1184370362641,2,0.04937366367966166,0,33465dc613312f19,512,59.15081370494534,8,12,1,432,27,0.8760648855064747,223,19,17
26,553805.2000000477,-3811469.1998369913,3566808.4256508183,3652665.301046837,0,0,0,0,0,1,1,9.876110030795138,5.263825693839073,5.685037985231231,19,1,0.45207347146779936,6.137242304290757,10.741027646890107,0,,0.0,0.0,0,nan,0,0,,0,nan,,0.0,0.0,0,nan,nan,nan,nan,nan,nan,0,0.0,0,nan,nan,0.8481244393403521,0,8.138003171752878,0.05281969082342769,0.132985057025732,2,6.594458039842122,2.4893125571754213,6.137242304290757,2.8685097516386144,nan,nan,0,0.05100249491628572,0,33465dc613312f19,512,55.8818948789492,8,0,0,0,0,nan,-1,0,0
27,553805.4000000954,-3811469.2591386302,3566808.4816262787,3652665.3585166847,0,0,0,0,0,1,1,9.878577427907526,5.266450623137916,5.785510162209737,19,2,0.45207347146779936,6.205098567218218,10.841156530870022,0,,0.0,0.0,0,nan,0,0,,0,nan,,0.0,0.0,0,nan,nan,nan,nan,nan,nan,0,0.0,0,nan,nan,0.8328412464857329,0,8.24102157927394,0.05289757524949812,0.13298680187152154,2,6.596136088475033,2.4909646017374945,6.205098567218218,2.8728261188560356,nan,nan,0,0.05102129307086014,0,33465dc613312f19,512,55.77890600874355,8,0,0,0,0,nan,-1,0,0
28,553805.599998951,-3811469.281269085,3566808.503256852,3652665.3844249053,0,0,0,0,0,1,1,9.878867290857388,5.268015763654516,5.824694535605474,19,3,0.45207347146779936,6.23036815478936,10.881331519949931,0,,0.0,0.0,0,nan,0,0,,0,nan,,0.0,0.0,0,nan,nan,nan,nan,nan,nan,0,0.0,0,nan,nan,0.8324081081292278,0,8.28184267144347,0.05294311979679458,0.1329878167868352,2,6.596243075856279,2.4925361948294142,6.23036815478936,2.8777679017205555,nan,nan,0,0.050917385036816455,0,33465dc613312f19,512,55.807447046866734,8,0,0,0,0,nan,-1,0,0
29,553805.7999989986,-3811469.289832711,3566808.5094558434,3652665.3944452847,0,0,0,0,0,1,1,9.879047387819455,5.268324905695764,5.839031602667341,19,4,0.45207347146779936,6.238536922683064,10.896056242963526,0,,0.0,0.0,0,nan,0,0,,0,nan,,0.0,0.0,0,nan,nan,nan,nan,nan,nan,0,0.0,0,nan,nan,0.834463322274834,0,8.296407742451951,0.052948385471874776,0.13298801336661054,2,6.596355029169395,2.492785586316549,6.238536922683064,2.8828893551859838,nan,nan,0,0.050904904455514315,0,33465dc613312f19,512,55.811086002990585,8,0,0,0,0,nan,-1,0,0
30,553806.0,-3811469.988626393,3566809.4754408807,3652663.9545203396,0,0,0,0,0,1,1,8.25036253095159,3.078371067516814,5.499014590877071,18,0,0.20942828977675063,7.767906518983791,8.541573885803224,0,,0.0,0.0,0,nan,0,0,,0,nan,,0.0,0.0,0,nan,nan,nan,nan,nan,nan,0,0.0,0,nan,nan,0.8712506792211986,0,8.541758584532552,0.16022056778212962,0.027806348123633366,2,8.248661751213579,3.0788198586057343,7.767906518983791,2.6759519396472196,0.20942828977675063,48.48841794941493,0,0.1591888181413423,0,86b1938a14e21d03,512,18.458729373790238,8,12,1,432,27,1.1791773709733193,250,18,17
31,553806.2000000477,-3811469.984735076,3566809.4685588456,3652663.951979333,0,0,0,0,0,1,1,8.258833347796202,3.091770519480916,5.501499054116888,18,1,0.20942828977675063,7.761402624521035,8.556760572494692,0,,0.0,0.0,0,nan,0,0,,0,nan,,0.0,0.0,0,nan,nan,nan,nan,nan,nan,0,0.0,0,nan,nan,0.8770817809256858,0,8.556945529934021,0.1649929551082178,0.02780675287036771,2,8.25713598031858,3.0922209538026446,7.761402624521035,2.678099417447205,nan,nan,0,0.16393042503235786,0,86b1938a14e21d03,512,17.4165523104113,8,0,0,0,0,nan,-1,0,0
32,553806.4000000954,-3811469.9869406754,3566809.470428908,3652663.9587578727,0,0,0,0,0,1,1,8.26122657563159,3.09450693334677,5.511743731192529,18,2,0.20942828977675063,7.761809677319955,8.569455566674051,0,,0.0,0.0,0,nan,0,0,,0,nan,,0.0,0.0,0,nan,nan,nan,nan,nan,nan,0,0.0,0,nan,nan,0.8825462493197883,0,8.569639936067295,0.16524971038924527,0.027806666569645918,2,8.259530141639207,3.0949576627653266,7.761809677319955,2.6827187110635777,nan,nan,0,0.16418552913886253,0,86b1938a14e21d03,512,17.36412906546993,8,0,0,0,0,nan,-1,0,0
33,553806.599998951,-3811469.989975492,3566809.47058704,3652663.963755162,0,0,0,0,0,1,1,8.261834387929492,3.0955430796686616,5.5172720222958995,18,3,0.20942828977675063,7.762046597964363,8.575858769592212,0,,0.0,0.0,0,nan,0,0,,0,nan,,0.0,0.0,0,nan,nan,nan,nan,nan,nan,0,0.0,0,nan,nan,0.8874092221280107,0,8.576042496234987,0.1652605416778518,0.027806671781286683,2,8.26013819787378,3.0959938652340173,7.762046597964363,2.688009043087361,nan,nan,0,0.16419628900961622,0,86b1938a14e21d03,512,17.361804988304673,8,0,0,0,0,nan,-1,0,0
34,553806.7999989986,-3811469.990245999,3566809.4692104803,3652663.967523169,0,0,0,0,0,1,1,8.262027455864747,3.095857383264627,5.518776482198639,18,4,0.20942828977675063,7.7602707554821695,8.577491926827877,0,,0.0,0.0,0,nan,0,0,,0,nan,,0.0,0.0,0,nan,nan,nan,nan,nan,nan,0,0.0,0,nan,nan,0.8902236466566121,0,8.57767494356506,0.16526020487406748,0.02780667048268465,2,8.260331341625028,3.0963081929747327,7.7602707554821695,2.693491032534563,nan,nan,0,0.1641959540840208,0,86b1938a14e21d03,512,17.361848942657353,8,0,0,0,0,nan,-1,0,0
35,553807.0,-3811469.6260167784,3566809.1338563124,3652663.7525704727,0,0,0,0,0,1,1,2.982191446175133,4.58699074543391,5.190504025042034,18,0,0.290947663274422,7.379445960938236,5.150935924497962,0,,0.0,0.0,0,nan,0,0,,0,nan,,0.0,0.0,0,nan,nan,nan,nan,nan,nan,0,0.0,0,nan,nan,0.6517689846457129,0,5.150935924497962,0.07916666666666662,0.0,1,2.982191446175133,4.58699074543391,7.379445960938236,2.51694055961129,0.290947663274422,11.353875378426523,3,0.07916666666666662,0,60cbf5c6bd3b273a,410,13.295210101065527,8,12,1,432,27,0.6517689846457129,214,18,17
36,553807.2000000477,-3811469.6224498507,3566809.1424942133,3652663.7536380137,0,0,0,0,0,1,1,2.9826159158053196,4.586748144571808,5.190754228212314,18,1,0.290947663274422,7.383300340107547,5.153871505021943,0,,0.0,0.0,0,nan,0,0,,0,nan,,0.0,0.0,0,nan,nan,nan,nan,nan,nan,0,0.0,0,nan,nan,0.6513988956254568,0,5.153871505021943,0.0791561535371481,0.0,1,2.9826159158053196,4.586748144571808,7.383300340107547,2.5192272188702924,nan,nan,0,0.0791561535371481,0,60cbf5c6bd3b273a,410,13.29873561885219,8,0,0,0,0,nan,-1,0,0
37,553807.4000000954,-3811469.6206808384,3566809.146307388,3652663.7510239463,0,0,0,0,0,1,1,2.982650297229474,4.586946412962997,5.189321476759525,18,2,0.290947663274422,7.386063756140029,5.1551203656758355,0,,0.0,0.0,0,nan,0,0,,0,nan,,0.0,0.0,0,nan,nan,nan,nan,nan,nan,0,0.0,0,nan,nan,0.6492085122904103,0,5.1551203656758355,0.07915716793396338,0.0,1,2.982650297229474,4.586946412962997,7.386063756140029,2.5241381694578493,nan,nan,0,0.07915716793396338,0,60cbf5c6bd3b273a,410,13.298395386298308,8,0,0,0,0,nan,-1,0,0
38,553807.599998951,-3811469.6210586494,3566809.147532764,3652663.7527582804,0,0,0,0,0,1,1,2.9829554368090885,4.586894388211663,5.191298903562126,18,3,0.290947663274422,7.386515143862588,5.155976702619806,0,,0.0,0.0,0,nan,0,0,,0,nan,,0.0,0.0,0,nan,nan,nan,nan,nan,nan,0,0.0,0,nan,nan,0.6512702746353717,0,5.155976702619806,0.07915686812924856,0.0,1,2.9829554368090885,4.586894388211663,7.386515143862588,2.5297604073832183,nan,nan,0,0.07915686812924856,0,60cbf5c6bd3b273a,410,13.298495940598135,8,0,0,0,0,nan,-1,0,0
39,553807.7999989986,-3811469.626019064,3566809.149713479,3652663.7578284247,0,0,0,0,0,1,1,2.982984993091164,4.5868990248727215,5.198263857891848,18,4,0.290947663274422,7.389012841815085,5.160582719992699,0,,0.0,0.0,0,nan,0,0,,0,nan,,0.0,0.0,0,nan,nan,nan,nan,nan,nan,0,0.0,0,nan,nan,0.6583406066619742,0,5.160582719992699,0.07915682079069136,0.0,1,2.982984993091164,4.5868990248727215,7.389012841815085,2.535584634868319,nan,nan,0,0.07915682079069136,0,60cbf5c6bd3b273a,410,13.29851181802141,8,0,0,0,0,nan,-1,0,0
40,553808.0,-3811469.5997325815,3566809.023372303,3652663.9772674013,0,0,0,0,0,1,1,2.3760740305607353,5.663910906065409,4.974431904281264,18,0,0.30400967615543767,7.200881418648142,5.761509744057745,0,,0.0,0.0,0,nan,0,0,,0,nan,,0.0,0.0,0,nan,nan,nan,nan,nan,nan,0,0.0,0,nan,nan,0.46128675756901627,1,5.761509744057745,0.06081328450529511,0.0,1,2.3760740305607353,5.663910906065409,7.200881418648142,2.3699637257269357,0.30400967615543767,10.823505896235373,1,0.060813284505295134,0,9bb9b17a10643453,512,73.72632147856348,8,12,1,432,27,0.472757062103613,222,18,17
41,553808.199999094,-3811469.604565452,3566809.022197833,3652663.975938404,0,0,0,0,0,1,1,2.3680494199530098,5.668259756031346,4.975390854091056,18,1,0.30400967615543767,7.203308836127141,5.78158499464817,0,,0.0,0.0,0,nan,0,0,,0,nan,,0.0,0.0,0,nan,nan,nan,nan,nan,nan,0,0.0,0,nan,nan,0.4516249640708949,1,5.78158499464817,0.061834407143716574,0.0,1,2.3680494199530098,5.668259756031346,7.203308836127141,2.3723777286033028,nan,nan,0,0.061834407143716574,0,9bb9b17a10643453,512,71.2741381373109,8,0,0,0,0,nan,-1,0,0
42,553808.4000000954,-3811469.6200710684,3566809.0384342065,3652663.9914526143,0,0,0,0,0,1,1,2.3658773388664556,5.669447249732941,5.004874842567653,18,2,0.30400967615543767,7.218677470522274,5.803527950400851,0,,0.0,0.0,0,nan,0,0,,0,nan,,0.0,0.0,0,nan,nan,nan,nan,nan,nan,0,0.0,0,nan,nan,0.4441440512896727,1,5.803527950400851,0.06195783193831764,0.0,1,2.3658773388664556,5.669447249732941,7.218677470522274,2.3775886360799108,nan,nan,0,0.06195783193831764,0,9bb9b17a10643453,512,71.07103158619748,8,0,0,0,0,nan,-1,0,0
43,553808.599998951,-3811469.6378614362,3566809.0555787836,3652664.004021144,0,0,0,0,0,1,1,2.3653146014641218,5.669517849592819,5.030793260613999,18,3,0.30400967615543767,7.237151120487444,5.82501418405384,0,,0.0,0.0,0,nan,0,0,,0,nan,,0.0,0.0,0,nan,nan,nan,nan,nan,nan,0,0.0,0,nan,nan,0.43573143702552153,1,5.82501418405384,0.061965397198747885,0.0,1,2.3653146014641218,5.669517849592819,7.237151120487444,2.3835556216658462,nan,nan,0,0.061965397198747885,0,9bb9b17a10643453,512,71.05776276292069,8,0,0,0,0,nan,-1,0,0
44,553808.7999999523,-3811469.6511755534,3566809.0698531303,3652664.016906605,0,0,0,0,0,1,1,2.365143074864826,5.669612217758002,5.053571782890433,18,4,0.30400967615543767,7.250854808964697,5.840522722608411,0,,0.0,0.0,0,nan,0,0,,0,nan,,0.0,0.0,0,nan,nan,nan,nan,nan,nan,0,0.0,0,nan,nan,0.43289920294075684,1,5.840522722608411,0.06196202761264882,0.0,1,2.365143074864826,5.669612217758002,7.250854808964697,2.3897359609892086,nan,nan,0,0.06196202761264882,0,9bb9b17a10643453,512,71.06178644668817,8,0,0,0,0,nan,-1,0,0
45,553809.0,-3811469.415095297,3566808.780492458,3652664.2735296553,0,0,0,0,0,1,1,2.3057863654600306,4.654559158394107,5.037513551886008,19,0,0.28473158978728563,6.812160832921714,4.997351737901142,0,,0.0,0.0,0,nan,0,0,,0,nan,,0.0,0.0,0,nan,nan,nan,nan,nan,nan,0,0.0,0,nan,nan,0.5124148325419137,0,5.8845031415636235,0.07928240740740736,0.012181601000179954,2,1.4606759099279634,5.107426836710291,6.812160832921714,2.21892742224765,0.28473158978728563,2.718979748563414,6,0.07916666666666662,0,832d821e147a649e,427,13.295295345927112,8,12,1,432,27,0.5124148325419137,215,19,17
46,553809.199999094,-3811469.414116654,3566808.77971777,3652664.2705520685,0,0,0,0,0,1,1,2.303630504754548,4.660630251919467,5.057972790812813,19,1,0.28473158978728563,6.812011773640396,5.003517423812425,0,,0.0,0.0,0,nan,0,0,,0,nan,,0.0,0.0,0,nan,nan,nan,nan,nan,nan,0,0.0,0,nan,nan,0.5296888924194807,0,5.890749204776225,0.07926617213539,0.012188534693124921,2,1.4615884020702676,5.111518735275531,6.812011773640396,2.2215420717411725,nan,nan,0,0.07914996752973448,0,832d821e147a649e,427,13.300896710465237,8,0,0,0,0,nan,-1,0,0
47,553809.4000000954,-3811469.4182153256,3566808.7827237993,3652664.2755420734,0,0,0,0,0,1,1,2.3038957754651537,4.66205706801148,5.070793541123231,19,2,0.28473158978728563,6.814965548955687,5.00887706550206,0,,0.0,0.0,0,nan,0,0,,0,nan,,0.0,0.0,0,nan,nan,nan,nan,nan,nan,0,0.0,0,nan,nan,0.5408804553614386,0,5.895912082088675,0.0792697280497123,0.012181743743806902,2,1.4625377609058048,5.1124344153329915,6.814965548955687,2.2271151595485317,nan,nan,0,0.07915362504160885,0,832d821e147a649e,427,13.299669577817218,8,0,0,0,0,nan,-1,0,0
48,553809.599998951,-3811469.4134697006,3566808.7775105317,3652664.2671238803,0,0,0,0,0,1,1,2.3036752959280538,4.662816911822628,5.060965283991186,19,3,0.28473158978728563,6.8111547264812495,5.003085704256851,0,,0.0,0.0,0,nan,0,0,,0,nan,,0.0,0.0,0,nan,nan,nan,nan,nan,nan,0,0.0,0,nan,nan,0.5301034395871838,0,5.890176212660701,0.07927864532028726,0.012167447142258132,2,1.462140629379852,5.112978114143066,6.8111547264812495,2.233486817838483,nan,nan,0,0.07916279709134309,0,832d821e147a649e,427,13.296592999824952,8,0,0,0,0,nan,-1,0,0
49,553809.7999999523,-3811469.3977967124,3566808.765014775,3652664.2510027033,0,0,0,0,0,1,1,2.3036794528493614,4.663006145282517,5.036159613657036,19,4,0.28473158978728563,6.798190767216363,4.985797898741431,0,,0.0,0.0,0,nan,0,0,,0,nan,,0.0,0.0,0,nan,nan,nan,nan,nan,nan,0,0.0,0,nan,nan,0.5060626600033752,0,5.873383529560784,0.07928059553934635,0.01216430491019477,2,1.4621297365079788,5.113102416342645,6.798190767216363,2.240082038541546,nan,nan,0,0.07916480303094672,0,832d821e147a649e,427,13.29592028877178,8,0,0,0,0,nan,-1,0,0
50,553810.0,-3811469.2985404828,3566808.640770682,3652664.524779216,0,0,0,0,0,1,1,1.986572483135102,4.629802834375797,4.962177133669494,19,0,0.26506036033573993,6.559054910956704,5.043698514732921,0,,0.0,0.0,0,nan,0,0,,0,nan,,0.0,0.0,0,nan,nan,nan,nan,nan,nan,0,0.0,0,nan,nan,0.5226056533605719,0,5.043698514732921,0.20628711434479333,0.0,1,1.986572483135102,4.629802834375797,6.559054910956704,2.1205173581613557,0.26506036033573993,1.8608898760313553,0,0.2062871143447933,0,832d821e147a649e,485,10.565986052017546,8,12,1,432,27,0.5306028789481609,214,19,17
51,553810.199999094,-3811469.3039292046,3566808.64487794,3652664.529502901,0,0,0,0,0,1,1,1.9835587586349768,4.629102838620155,4.972768557405449,19,1,0.26506036033573993,6.563846145743955,5.053677465041229,0,,0.0,0.0,0,nan,0,0,,0,nan,,0.0,0.0,0,nan,nan,nan,nan,nan,nan,0,0.0,0,nan,nan,0.5309851333553842,0,5.053677465041229,0.2188333478213082,0.0,1,1.9835587586349768,4.629102838620155,6.563846145743955,2.1232300878221277,nan,nan,0,0.2188333478213082,0,832d821e147a649e,485,9.455127246470939,8,0,0,0,0,nan,-1,0,0
52,553810.4000000954,-3811469.315596398,3566808.65828624,3652664.5406800522,0,0,0,0,0,1,1,1.9828531944183176,4.629371881528591,4.993502813661418,19,2,0.26506036033573993,6.5773148379183635,5.07036708651946,0,,0.0,0.0,0,nan,0,0,,0,nan,,0.0,0.0,0,nan,nan,nan,nan,nan,nan,0,0.0,0,nan,nan,0.5505471257612421,0,5.07036708651946,0.2197058310028931,0.0,1,1.9828531944183176,4.629371881528591,6.5773148379183635,2.129054448480933,nan,nan,0,0.21970583100289312,0,832d821e147a649e,485,9.387093722562827,8,0,0,0,0,nan,-1,0,0
53,553810.599998951,-3811469.34256695,3566808.6845943565,3652664.568832754,0,0,0,0,0,1,1,1.9826309299228695,4.6295254866469255,5.040506943397922,19,3,0.26506036033573993,6.60440914717434,5.103921811036364,0,,0.0,0.0,0,nan,0,0,,0,nan,,0.0,0.0,0,nan,nan,nan,nan,nan,nan,0,0.0,0,nan,nan,0.5955248193218965,0,5.103921811036364,0.21979509151004006,0.0,1,1.9826309299228695,4.6295254866469255,6.60440914717434,2.1357169279087573,nan,nan,0,0.21979509151004006,0,832d821e147a649e,485,9.381405520065798,8,0,0,0,0,nan,-1,0,0
54,553810.7999999523,-3811469.3769528917,3566808.7217116025,3652664.6004809807,0,0,0,0,0,1,1,1.9825629023145808,4.629496366652423,5.098551211388733,19,4,0.26506036033573993,6.643192315066824,5.149515615658353,0,,0.0,0.0,0,nan,0,0,,0,nan,,0.0,0.0,0,nan,nan,nan,nan,nan,nan,0,0.0,0,nan,nan,0.6509810448950576,0,5.149515615658353,0.21980482372905374,0.0,1,1.9825629023145808,4.629496366652423,6.643192315066824,2.142612579201163,nan,nan,0,0.21980482372905374,0,832d821e147a649e,485,9.38083352429815,8,0,0,0,0,nan,-1,0,0
55,553811.0,-3811469.235102616,3566808.4984445698,3652664.8116010264,0,0,0,0,0,1,1,1.681638804563697,4.654790795639696,5.151119482644341,19,0,0.25623423622778385,6.33108764208706,5.10004448172898,0,,0.0,0.0,0,nan,0,0,,0,nan,,0.0,0.0,0,nan,nan,nan,nan,nan,nan,0,0.0,0,nan,nan,0.5702084727219379,0,5.10004448172898,0.3836210845999368,0.0,1,1.681638804563697,4.654790795639696,6.33108764208706,2.0332112461865335,0.25623423622778385,1.334637417535249,0,0.38362108459993677,0,832d821e147a649e,512,5.459898703351074,8,12,1,432,27,0.5075406291257607,220,19,17
56,553811.199999094,-3811469.2729791864,3566808.5359099815,3652664.848355844,0,0,0,0,0,1,1,1.6801442904355932,4.655413967284009,5.235284514033264,19,1,0.25623423622778385,6.372082856127787,5.156018399933734,0,,0.0,0.0,0,nan,0,0,,0,nan,,0.0,0.0,0,nan,nan,nan,nan,nan,nan,0,0.0,0,nan,nan,0.6430429024516472,0,5.156018399933734,0.40676756688258614,0.0,1,1.6801442904355932,4.655413967284009,6.372082856127787,2.036041422985263,nan,nan,0,0.40676756688258614,0,832d821e147a649e,512,4.8702577519918915,8,0,0,0,0,nan,-1,0,0
57,553811.4000000954,-3811469.3265806404,3566808.588842787,3652664.9009892987,0,0,0,0,0,1,1,1.679803168745186,4.6560250507357415,5.331168126328143,19,2,0.25623423622778385,6.430540122500017,5.226107903263829,0,,0.0,0.0,0,nan,0,0,,0,nan,,0.0,0.0,0,nan,nan,nan,nan,nan,nan,0,0.0,0,nan,nan,0.6793030158343434,0,5.226107903263829,0.40833032184480694,0.0,1,1.679803168745186,4.6560250507357415,6.430540122500017,2.042114738166459,nan,nan,0,0.40833032184480694,0,832d821e147a649e,512,4.834452815774817,8,0,0,0,0,nan,-1,0,0
58,553811.599998951,-3811469.383561751,3566808.6461469145,3652664.9577724473,0,0,0,0,0,1,1,1.6797171734620966,4.6561306526517425,5.429669591884242,19,3,0.25623423622778385,6.494106070676691,5.300313208132974,0,,0.0,0.0,0,nan,0,0,,0,nan,,0.0,0.0,0,nan,nan,nan,nan,nan,nan,0,0.0,0,nan,nan,0.613423624680091,0,5.300313208132974,0.40848828764544326,0.0,1,1.6797171734620966,4.6561306526517425,6.494106070676691,2.0490599946754635,nan,nan,0,0.40848828764544326,0,832d821e147a649e,512,4.830854641975134,8,0,0,0,0,nan,-1,0,0
59,553811.7999999523,-3811469.4447181495,3566808.7062500827,3652665.0216358565,0,0,0,0,0,1,1,1.6796909259473285,4.656197873861649,5.535782839134796,19,4,0.25623423622778385,6.561561787920344,5.379243892329521,0,,0.0,0.0,0,nan,0,0,,0,nan,,0.0,0.0,0,nan,nan,nan,nan,nan,nan,0,0.0,0,nan,nan,0.5560036119363996,0,5.379243892329521,0.408501416413071,0.0,1,1.6796909259473285,4.656197873861649,6.561561787920344,2.056246294564471,nan,nan,0,0.408501416413071,0,832d821e147a649e,512,4.830562727671464,8,0,0,0,0,nan,-1,0,0
60,553812.0,-3811469.1845345027,3566808.40403197,3652665.053313325,0,0,0,0,0,1,1,1.4512417257217405,4.739095272025126,5.6052376997611,19,0,0.24999160052313082,6.166848881541285,5.177374103971453,0,,0.0,0.0,0,nan,0,0,,0,nan,,0.0,0.0,0,nan,nan,nan,nan,nan,nan,0,0.0,0,nan,nan,0.689623050467968,0,5.177374103971453,0.4663109288631147,0.0,1,1.4512417257217405,4.739095272025126,6.166848881541285,1.9549034460280577,0.24999160052313082,1.3371359063100048,0,0.4663109288631147,0,832d821e147a649e,512,4.285224820125243,8,12,1,432,27,0.5304584029860713,223,19,17
61,553812.199999094,-3811469.2331142887,3566808.4537998647,3652665.1059620883,0,0,0,0,0,1,1,1.4494100240405743,4.743203219837873,5.7343701358619805,19,1,0.24999160052313082,6.221608856680122,5.255970351019661,0,,0.0,0.0,0,nan,0,0,,0,nan,,0.0,0.0,0,nan,nan,nan,nan,nan,nan,0,0.0,0,nan,nan,0.6587833647176968,0,5.255970351019661,0.49202778044502327,0.0,1,1.4494100240405743,4.743203219837873,6.221608856680122,1.9578471472005274,nan,nan,0,0.49202778044502327,0,832d821e147a649e,512,3.852461012882974,8,0,0,0,0,nan,-1,0,0
62,553812.4000000954,-3811469.2980974317,3566808.5156194377,3652665.1719480325,0,0,0,0,0,1,1,1.4490919315079578,4.744177762372733,5.853623862766625,19,2,0.24999160052313082,6.29338323410037,5.3418114131938506,0,,0.0,0.0,0,nan,0,0,,0,nan,,0.0,0.0,0,nan,nan,nan,nan,nan,nan,0,0.0,0,nan,nan,0.5939134252432353,0,5.3418114131938506,0.49376746842849717,0.0,1,1.4490919315079578,4.744177762372733,6.29338323410037,1.9641623367477135,nan,nan,0,0.49376746842849717,0,832d821e147a649e,512,3.825676891210911,8,0,0,0,0,nan,-1,0,0
63,553812.599998951,-3811469.323044764,3566808.5407642205,3652665.198648223,0,0,0,0,0,1,1,1.4490743525705334,4.744042884403733,5.897989477991351,19,3,0.24999160052313082,6.322016967199731,5.374933760436076,0,,0.0,0.0,0,nan,0,0,,0,nan,,0.0,0.0,0,nan,nan,nan,nan,nan,nan,0,0.0,0,nan,nan,0.5738396971589601,0,5.374933760436076,0.4942072845901309,0.0,1,1.4490743525705334,4.744042884403733,6.322016967199731,1.971382263637691,nan,nan,0,0.4942072845901309,0,832d821e147a649e,512,3.8189213999625027,8,0,0,0,0,nan,-1,0,0
64,553812.7999999523,-3811469.331030157,3566808.5471869325,3652665.210737892,0,0,0,0,0,1,1,1.4490575205161227,4.744127468798316,5.9142620585397925,19,4,0.24999160052313082,6.329239134620994,5.384280839084629,0,,0.0,0.0,0,nan,0,0,,0,nan,,0.0,0.0,0,nan,nan,nan,nan,nan,nan,0,0.0,0,nan,nan,0.570251102646771,0,5.384280839084629,0.49425203378351984,0.0,1,1.4490575205161227,4.744127468798316,6.329239134620994,1.978850681069604,nan,nan,0,0.49425203378351973,0,832d821e147a649e,512,3.8182347338568046,8,0,0,0,0,nan,-1,0,0
65,553813.0,-3811469.0978832426,3566808.2461486016,3652665.22409359,0,0,0,0,0,1,1,1.235361157319804,4.781801815883035,5.734677466175247,18,0,0.20590055846808142,5.954818255721592,5.149981203768973,0,,0.0,0.0,0,nan,0,0,,0,nan,,0.0,0.0,0,nan,nan,nan,nan,nan,nan,0,0.0,0,nan,nan,0.6565255911790081,0,5.149981203768973,0.4810758482192605,0.0,1,1.235361157319804,4.781801815883035,5.954818255721592,1.887203157661293,0.20590055846808142,0.8545983346324524,0,0.4810758482192605,0,832d821e147a649e,512,4.172899146101632,8,12,1,432,27,0.8307957498392476,209,18,17
66,553813.199999094,-3811469.0866705896,3566808.2339572455,3652665.214502371,0,0,0,0,0,1,1,1.2346856211905626,4.7893049419761695,5.739384637460836,18,1,0.20590055846808142,5.940850326801397,5.139434746900002,0,,0.0,0.0,0,nan,0,0,,0,nan,,0.0,0.0,0,nan,nan,nan,nan,nan,nan,0,0.0,0,nan,nan,0.6465242766565007,0,5.139434746900002,0.5060955107156353,0.0,1,1.2346856211905626,4.7893049419761695,5.940850326801397,1.890252728871852,nan,nan,0,0.5060955107156353,0,832d821e147a649e,512,3.772830743808536,8,0,0,0,0,nan,-1,0,0
67,553813.4000000954,-3811469.0863395133,3566808.2326866523,3652665.2164501403,0,0,0,0,0,1,1,1.234523252012335,4.790872971421341,5.74575562771126,18,2,0.20590055846808142,5.9392505269522475,5.139108729393735,0,,0.0,0.0,0,nan,0,0,,0,nan,,0.0,0.0,0,nan,nan,nan,nan,nan,nan,0,0.0,0,nan,nan,0.6490654041684637,0,5.139108729393735,0.507521706531102,0.0,1,1.234523252012335,4.790872971421341,5.9392505269522475,1.8967930862073663,nan,nan,0,0.507521706531102,0,832d821e147a649e,512,3.751851657002507,8,0,0,0,0,nan,-1,0,0
68,553813.599998951,-3811469.0871777595,3566808.234115772,3652665.22406919,0,0,0,0,0,1,1,1.2344911312547995,4.791478335362522,5.753886074567227,18,3,0.20590055846808142,5.939136892899335,5.139937332529645,0,,0.0,0.0,0,nan,0,0,,0,nan,,0.0,0.0,0,nan,nan,nan,nan,nan,nan,0,0.0,0,nan,nan,0.6566743747368038,0,5.139937332529645,0.5076584931988656,0.0,1,1.2344911312547995,4.791478335362522,5.939136892899335,1.9042684866028543,nan,nan,0,0.5076584931988652,0,832d821e147a649e,512,3.7498487798580706,8,0,0,0,0,nan,-1,0,0
69,553813.7999999523,-3811469.0913300556,3566808.235501047,3652665.228706436,0,0,0,0,0,1,1,1.2344802155009058,4.791593792926073,5.7603227340181204,18,4,0.20590055846808142,5.941714552284891,5.143375574537928,0,,0.0,0.0,0,nan,0,0,,0,nan,,0.0,0.0,0,nan,nan,nan,nan,nan,nan,0,0.0,0,nan,nan,0.6627146241456184,0,5.143375574537928,0.5076750908950807,0.0,1,1.2344802155009058,4.791593792926073,5.941714552284891,1.9119990826985265,nan,nan,0,0.5076750908950808,0,832d821e147a649e,512,3.7496062736543516,8,0,0,0,0,nan,-1,0,0
70,553814.0,-3811469.037298305,3566808.123900659,3652665.37507361,0,0,0,0,0,1,1,1.0800945923092058,4.730510261388542,5.580307989813202,19,0,0.17166137233746512,5.7928469079199845,5.081893699112095,0,,0.0,0.0,0,nan,0,0,,0,nan,,0.0,0.0,0,nan,nan,nan,nan,nan,nan,0,0.0,0,nan,nan,0.557965905251425,0,5.081893699112095,0.4679967348500561,0.0,1,1.0800945923092058,4.730510261388542,5.7928469079199845,1.8222119807090562,0.17166137233746512,0.6712067054049101,0,0.4679967348500561,0,832d821e147a649e,512,4.3497933855426085,8,12,1,432,27,0.8291170883679387,209,19,17
71,553814.199999094,-3811469.0540562454,3566808.1413113913,3652665.3910148344,0,0,0,0,0,1,1,1.08051082944367,4.735056860488518,5.61628545237455,19,1,0.17166137233746512,5.813242256654249,5.102256015127451,0,,0.0,0.0,0,nan,0,0,,0,nan,,0.0,0.0,0,nan,nan,nan,nan,nan,nan,0,0.0,0,nan,nan,0.5828425973845419,0,5.102256015127451,0.4907845365643186,0.0,1,1.08051082944367,4.735056860488518,5.813242256654249,1.8253700871584446,nan,nan,0,0.4907845365643186,0,832d821e147a649e,512,3.9565760223219466,8,0,0,0,0,nan,-1,0,0
72,553814.4000000954,-3811469.078650902,3566808.166167389,3652665.413996416,0,0,0,0,0,1,1,1.0806740386000706,4.73604220574607,5.658664875517778,19,2,0.17166137233746512,5.8428614098649145,5.133150729093664,0,,0.0,0.0,0,nan,0,0,,0,nan,,0.0,0.0,0,nan,nan,nan,nan,nan,nan,0,0.0,0,nan,nan,0.6210280141857901,0,5.133150729093664,0.4920022087349085,0.0,1,1.0806740386000706,4.73604220574607,5.8428614098649145,1.8321420652407963,nan,nan,0,0.49200220873490863,0,832d821e147a649e,512,3.9371159384540415,8,0,0,0,0,nan,-1,0,0
73,553814.599998951,-3811469.1003943384,3566808.188215709,3652665.432468175,0,0,0,0,0,1,1,1.0807612870537673,4.7362211735947035,5.6937449792407095,19,3,0.17166137233746512,5.86957827210506,5.161045870439864,0,,0.0,0.0,0,nan,0,0,,0,nan,,0.0,0.0,0,nan,nan,nan,nan,nan,nan,0,0.0,0,nan,nan,0.6539071522669785,0,5.161045870439864,0.4921495373930487,0.0,1,1.0807612870537673,4.7362211735947035,5.86957827210506,1.8398801572128798,nan,nan,0,0.4921495373930487,0,832d821e147a649e,512,3.934783777374468,8,0,0,0,0,nan,-1,0,0
74,553814.7999999523,-3811469.1283504013,3566808.217287369,3652665.456551214,0,0,0,0,0,1,1,1.0807705211875196,4.736325573830987,5.739741364493762,19,4,0.17166137233746512,5.904559055478418,5.197779386905733,0,,0.0,0.0,0,nan,0,0,,0,nan,,0.0,0.0,0,nan,nan,nan,nan,nan,nan,0,0.0,0,nan,nan,0.6976163617457553,0,5.197779386905733,0.4921515872788829,0.0,1,1.0807705211875196,4.736325573830987,5.904559055478418,1.8478801402022942,nan,nan,0,0.4921515872788829,0,832d821e147a649e,512,3.9347466683097965,8,0,0,0,0,nan,-1,0,0
75,553815.0,-3811468.9644313212,3566808.0002683788,3652665.475848125,0,0,0,0,0,1,1,0.9310451943121932,4.6756615025437815,5.563605699858875,18,0,0.16723452360142665,5.634140693340448,5.099705718619508,0,,0.0,0.0,0,nan,0,0,,0,nan,,0.0,0.0,0,nan,nan,nan,nan,nan,nan,0,0.0,0,nan,nan,0.5864368088533739,0,5.099705718619508,0.3606128862652274,0.0,1,0.9310451943121932,4.6756615025437815,5.634140693340448,1.7651404205727586,0.16723452360142665,0.6444207763429423,0,0.3606128862652274,0,832d821e147a649e,512,6.476472405545251,8,12,1,432,27,0.8277173029944058,209,18,17
76,553815.199999094,-3811468.9626228022,3566807.997926585,3652665.473465487,0,0,0,0,0,1,1,0.9295072048802523,4.675727346651039,5.570540408788409,18,1,0.16723452360142665,5.631694436909621,5.101319887332428,0,,0.0,0.0,0,nan,0,0,,0,nan,,0.0,0.0,0,nan,nan,nan,nan,nan,nan,0,0.0,0,nan,nan,0.5888170736547815,0,5.101319887332428,0.3775705737389181,0.0,1,0.9295072048802523,4.675727346651039,5.631694436909621,1.7684010070562826,nan,nan,0,0.3775705737389181,0,832d821e147a649e,512,5.907142130517451,8,0,0,0,0,nan,-1,0,0
77,553815.4000000954,-3811468.961974218,3566807.996615348,3652665.4761489625,0,0,0,0,0,1,1,0.9291670903679002,4.676476223763948,5.574369835415747,18,2,0.16723452360142665,5.6297856190029805,5.1005713320806745,0,,0.0,0.0,0,nan,0,0,,0,nan,,0.0,0.0,0,nan,nan,nan,nan,nan,nan,0,0.0,0,nan,nan,0.5917136597085293,0,5.1005713320806745,0.3784295398187524,0.0,1,0.9291670903679002,4.676476223763948,5.6297856190029805,1.775390432894277,nan,nan,0,0.3784295398187524,0,832d821e147a649e,512,5.88021073040786,8,0,0,0,0,nan,-1,0,0
78,553815.599998951,-3811468.965777788,3566807.9991327194,3652665.4802612495,0,0,0,0,0,1,1,0.929050714713229,4.676529914248189,5.581459481005151,18,3,0.16723452360142665,5.633293496618416,5.1047786447552115,0,,0.0,0.0,0,nan,0,0,,0,nan,,0.0,0.0,0,nan,nan,nan,nan,nan,nan,0,0.0,0,nan,nan,0.5980450636479427,0,5.1047786447552115,0.37850777046900397,0.0,1,0.929050714713229,4.676529914248189,5.633293496618416,1.7833748257732964,nan,nan,0,0.37850777046900397,0,832d821e147a649e,512,5.877733359829363,8,0,0,0,0,nan,-1,0,0
79,553815.7999999523,-3811468.9675551504,3566807.998609478,3652665.478977498,0,0,0,0,0,1,1,0.9290244744638965,4.676528168110308,5.581387508215798,18,4,0.16723452360142665,5.634264974908431,5.1059826004406315,0,,0.0,0.0,0,nan,0,0,,0,nan,,0.0,0.0,0,nan,nan,nan,nan,nan,nan,0,0.0,0,nan,nan,0.5975126302420708,0,5.1059826004406315,0.37851864605999297,0.0,1,0.9290244744638965,4.676528168110308,5.634264974908431,1.7916271459200621,nan,nan,0,0.37851864605999286,0,832d821e147a649e,512,5.8774102165236295,8,0,0,0,0,nan,-1,0,0
80,553816.0,-3811468.878908008,3566807.8702539033,3652665.593582837,0,0,0,0,0,1,1,0.8115506385801233,4.612605733749298,5.38969395983052,18,0,0.15067004659052766,5.460617008571898,5.060255030083982,0,,0.0,0.0,0,nan,0,0,,0,nan,,0.0,0.0,0,nan,nan,nan,nan,nan,nan,0,0.0,0,nan,nan,0.5340281275747694,0,5.060255030083982,0.25297051396145465,0.0,1,0.8115506385801233,4.612605733749298,5.460617008571898,1.7121542298193912,0.15067004659052766,0.48750634448403524,0,0.25297051396145465,0,832d821e147a649e,512,9.044660586671887,8,12,1,432,27,0.8285840188071699,209,18,17
81,553816.199999094,-3811468.889186431,3566807.880308708,3652665.603812291,0,0,0,0,0,1,1,0.811669254112167,4.615299857414882,5.415210176595309,18,1,0.15067004659052766,5.472926503892927,5.072704060210083,0,,0.0,0.0,0,nan,0,0,,0,nan,,0.0,0.0,0,nan,nan,nan,nan,nan,nan,0,0.0,0,nan,nan,0.5505667621680267,0,5.072704060210083,0.26377323184488516,0.0,1,0.811669254112167,4.615299857414882,5.472926503892927,1.7155155646892941,nan,nan,0,0.26377323184488516,0,832d821e147a649e,512,8.28961347907548,8,0,0,0,0,nan,-1,0,0
82,553816.3999989033,-3811468.902836786,3566807.895093014,3652665.6192629123,0,0,0,0,0,1,1,0.8118695936425144,4.6157754067861765,5.440614649113292,18,2,0.15067004659052766,5.490079674497418,5.08977680569877,0,,0.0,0.0,0,nan,0,0,,0,nan,,0.0,0.0,0,nan,nan,nan,nan,nan,nan,0,0.0,0,nan,nan,0.5740078733027296,0,5.08977680569877,0.2642917878124539,0.0,1,0.8118695936425144,4.6157754067861765,5.490079674497418,1.7227195117517602,nan,nan,0,0.2642917878124539,0,832d821e147a649e,512,8.254475340967742,8,0,0,0,0,nan,-1,0,0
83,553816.5999999046,-3811468.909679358,3566807.900495396,3652665.6277586543,0,0,0,0,0,1,1,0.811973682937067,4.615810887006253,5.452336005349673,18,3,0.15067004659052766,5.497062703441286,5.0969083305828695,0,,0.0,0.0,0,nan,0,0,,0,nan,,0.0,0.0,0,nan,nan,nan,nan,nan,nan,0,0.0,0,nan,nan,0.5855215891494455,0,5.0969083305828695,0.26436005333958845,0.0,1,0.811973682937067,4.615810887006253,5.497062703441286,1.730947006658849,nan,nan,0,0.26436005333958845,0,832d821e147a649e,512,8.250210296449058,8,0,0,0,0,nan,-1,0,0
84,553816.7999999523,-3811468.902958673,3566807.893729498,3652665.6224793,0,0,0,0,0,1,1,0.8120142105031513,4.615790472010689,5.441563480377495,18,4,0.15067004659052766,5.488584600800307,5.088144591505857,0,,0.0,0.0,0,nan,0,0,,0,nan,,0.0,0.0,0,nan,nan,nan,nan,nan,nan,0,0.0,0,nan,nan,0.5756738418969566,0,5.088144591505857,0.26437444017726436,0.0,1,0.8120142105031513,4.615790472010689,5.488584600800307,1.7394480273096997,nan,nan,0,0.26437444017726436,0,832d821e147a649e,512,8.249423654417088,8,0,0,0,0,nan,-1,0,0
85,553817.0,-3811468.8169170558,3566807.7924411534,3652665.732098982,0,0,0,0,1,1,1,6.270313764851176,1.6746866452842186,5.294819844578226,19,0,0.16129119387086358,5.33972507027378,6.421634105913742,0,,0.0,0.0,0,nan,0,0,,0,nan,,0.0,0.0,0,nan,nan,nan,nan,nan,nan,0,0.0,0,nan,nan,0.5106642582372803,0,6.421634105913742,0.21250699946841498,0.0,1,6.270313764851176,1.6746866452842186,5.33972507027378,1.6605523074598696,0.16129119387086358,0.3482728961220111,0,0.21250699946841498,0,994d54c9040caa4d,512,9.882722117688107,8,12,1,432,27,0.5002326767511331,221,19,17
86,553817.199999094,-3811468.789584278,3566807.765068103,3652665.7043454917,0,0,0,0,1,1,1,6.269015651918861,1.6765354936993948,5.241449213974157,19,1,0.16129119387086358,5.306002063462841,6.374063130394972,0,,0.0,0.0,0,nan,0,0,,0,nan,,0.0,0.0,0,nan,nan,nan,nan,nan,nan,0,0.0,0,nan,nan,0.4642989758981397,1,6.374063130394972,0.22267159197485265,0.0,1,6.269015651918861,1.6765354936993948,5.306002063462841,1.664017975913443,nan,nan,0,0.22267159197485265,0,994d54c9040caa4d,512,9.043677818282724,8,0,0,0,0,nan,-1,0,0
87,553817.3999989033,-3811468.7791701336,3566807.7530020396,3652665.6942558023,0,0,0,0,1,1,1,6.269643487375088,1.6750293101298643,5.227438423879993,19,2,0.16129119387086358,5.291895731050397,6.358016087431755,0,,0.0,0.0,0,nan,0,0,,0,nan,,0.0,0.0,0,nan,nan,nan,nan,nan,nan,0,0.0,0,nan,nan,0.4490979389168632,1,6.358016087431755,0.22326763131267485,0.0,1,6.269643487375088,1.6750293101298643,5.291895731050397,1.6714439156460614,nan,nan,0,0.22326763131267485,0,994d54c9040caa4d,512,9.003230701369414,8,0,0,0,0,nan,-1,0,0
88,553817.5999999046,-3811468.777137907,3566807.7511370927,3652665.6918531856,0,0,0,0,1,1,1,6.269676949151697,1.67491063964668,5.224177145156627,19,3,0.16129119387086358,5.289586413029958,6.354572863608502,0,,0.0,0.0,0,nan,0,0,,0,nan,,0.0,0.0,0,nan,nan,nan,nan,nan,nan,0,0.0,0,nan,nan,0.4457563695478486,1,6.354572863608502,0.22332229033340062,0.0,1,6.269676949151697,1.67491063964668,5.289586413029958,1.6799225601746655,nan,nan,0,0.22332229033340062,0,994d54c9040caa4d,512,8.999524069727094,8,0,0,0,0,nan,-1,0,0
89,553817.7999999523,-3811468.7767216642,3566807.7499405225,3652665.6927631916,0,0,0,0,1,1,1,6.269678026151472,1.6748695061821524,5.224023634889864,19,4,0.16129119387086358,5.288271008541489,6.354614560530787,0,,0.0,0.0,0,nan,0,0,,0,nan,,0.0,0.0,0,nan,nan,nan,nan,nan,nan,0,0.0,0,nan,nan,0.4460084041825088,1,6.354614560530787,0.22332788180955362,0.0,1,6.269678026151472,1.6748695061821524,5.288271008541489,1.6886804655036185,nan,nan,0,0.22332788180955362,0,994d54c9040caa4d,512,8.999143646973192,8,0,0,0,0,nan,-1,0,0
90,553818.0,-3811468.7353828726,3566807.691360277,3652665.845512674,0,0,0,0,0,1,1,6.116043712408833,1.774651910703218,5.072363734970376,18,0,0.11031835963790779,5.194834180173555,6.4049875830562115,0,,0.0,0.0,0,nan,0,0,,0,nan,,0.0,0.0,0,nan,nan,nan,nan,nan,nan,0,0.0,0,nan,nan,0.49007965187504715,1,6.4049875830562115,0.2424486267913751,0.0,1,6.116043712408833,1.774651910703218,5.194834180173555,1.6144343408829938,0.11031835963790779,0.3497947379215988,0,0.2424486267913751,0,994d54c9040caa4d,512,8.12880947197449,8,12,1,432,27,0.8283683073277721,209,18,17
91,553818.199999094,-3811468.7391064353,3566807.6956073996,3652665.849251501,0,0,0,0,0,1,1,6.11385697336395,1.7770624746529022,5.069550064158991,18,1,0.11031835963790779,5.199922486511884,6.406892398952038,0,,0.0,0.0,0,nan,0,0,,0,nan,,0.0,0.0,0,nan,nan,nan,nan,nan,nan,0,0.0,0,nan,nan,0.4917152574713089,1,6.406892398952038,0.25372006557014914,0.0,1,6.11385697336395,1.7770624746529022,5.199922486511884,1.6179992590076882,nan,nan,0,0.25372006557014914,0,994d54c9040caa4d,512,7.431982141352896,8,0,0,0,0,nan,-1,0,0
92,553818.3999989033,-3811468.74180484,3566807.696229558,3652665.8534990577,0,0,0,0,0,1,1,6.11362070883661,1.7767994845438644,5.073472589110489,18,2,0.11031835963790779,5.201547054065843,6.411056886721786,0,,0.0,0.0,0,nan,0,0,,0,nan,,0.0,0.0,0,nan,nan,nan,nan,nan,nan,0,0.0,0,nan,nan,0.4959779572514625,1,6.411056886721786,0.25429468619829815,0.0,1,6.11362070883661,1.7767994845438644,5.201547054065843,1.6256355387093915,nan,nan,0,0.25429468619829815,0,994d54c9040caa4d,512,7.3997893761846765,8,0,0,0,0,nan,-1,0,0
93,553818.5999999046,-3811468.7435135636,3566807.6972454316,3652665.8559057238,0,0,0,0,0,1,1,6.113506985951027,1.776900302795524,5.076054612069313,18,3,0.11031835963790779,5.203086526608415,6.413847483006572,0,,0.0,0.0,0,nan,0,0,,0,nan,,0.0,0.0,0,nan,nan,nan,nan,nan,nan,0,0.0,0,nan,nan,0.49878646584673925,1,6.413847483006572,0.2543481362268193,0.0,1,6.113506985951027,1.776900302795524,5.203086526608415,1.6343518753605377,nan,nan,0,0.2543481362268193,0,994d54c9040caa4d,512,7.39676405578923,8,0,0,0,0,nan,-1,0,0
94,553818.7999999523,-3811468.744718246,3566807.6983538847,3652665.855421672,0,0,0,0,0,1,1,6.113471647041699,1.7769374949842596,5.076747743709925,18,4,0.11031835963790779,5.204760967274487,6.414309696700944,0,,0.0,0.0,0,nan,0,0,,0,nan,,0.0,0.0,0,nan,nan,nan,nan,nan,nan,0,0.0,0,nan,nan,0.49915730442958733,1,6.414309696700944,0.25435334407868543,0.0,1,6.113471647041699,1.7769374949842596,5.204760967274487,1.6433526676771246,nan,nan,0,0.25435334407868543,0,994d54c9040caa4d,512,7.39646360946433,8,0,0,0,0,nan,-1,0,0
95,553819.0,-3811468.636547822,3566807.554884948,3652665.9106425443,0,0,0,0,0,1,1,4.831203391956756,4.394062492931312,4.890138159597874,18,0,0.09650807870128013,5.019691785494193,0.5137414756230398,0,,0.0,0.0,0,nan,0,0,,0,nan,,0.0,0.0,0,nan,nan,nan,nan,nan,nan,0,0.0,0,nan,nan,0.5137414756230398,0,0.5137414756230398,0.29134618107445875,0.0,1,4.831203391956756,4.394062492931312,5.019691785494193,1.5710678464020085,0.09650807870128013,0.27321485315356214,0,0.29134618107445875,0,f6fa57c2bd06c57a,512,6.560886483805271,8,12,1,432,27,0.8621593065458724,221,18,17
96,553819.199999094,-3811468.636808119,3566807.5548408963,3652665.9143909067,0,0,0,0,0,1,1,4.830350830258251,4.393276643639961,4.893977517305169,18,1,0.09650807870128013,5.019348060966175,0.5189152853079503,0,,0.0,0.0,0,nan,0,0,,0,nan,,0.0,0.0,0,nan,nan,nan,nan,nan,nan,0,0.0,0,nan,nan,0.5189152853079503,0,0.5189152853079503,0.3039745917924357,0.0,1,4.830350830258251,4.393276643639961,5.019348060966175,1.5747309510157785,nan,nan,0,0.3039745917924357,0,f6fa57c2bd06c57a,512,6.031144264411336,8,0,0,0,0,nan,-1,0,0
97,553819.3999989033,-3811468.6387844095,3566807.555983467,3652665.918199778,0,0,0,0,0,1,1,4.830104562081973,4.393142299291774,4.898568483565775,18,2,0.09650807870128013,5.0209986749369175,0.5237930105300151,0,,0.0,0.0,0,nan,0,0,,0,nan,,0.0,0.0,0,nan,nan,nan,nan,nan,nan,0,0.0,0,nan,nan,0.5237930105300151,0,0.5237930105300151,0.304504262203787,0.0,1,4.830104562081973,4.393142299291774,5.0209986749369175,1.5825760258817991,nan,nan,0,0.304504262203787,0,f6fa57c2bd06c57a,512,6.010524775857749,8,0,0,0,0,nan,-1,0,0
98,553819.5999999046,-3811468.6393151586,3566807.556565854,3652665.922912061,0,0,0,0,0,1,1,4.830049744098959,4.39306943382318,4.902479296001756,18,3,0.09650807870128013,5.021187289397074,0.5283571137114671,0,,0.0,0.0,0,nan,0,0,,0,nan,,0.0,0.0,0,nan,nan,nan,nan,nan,nan,0,0.0,0,nan,nan,0.5283571137114671,0,0.5283571137114671,0.3045555410394186,0.0,1,4.830049744098959,4.39306943382318,5.021187289397074,1.5915282050527608,nan,nan,0,0.3045555410394186,0,f6fa57c2bd06c57a,512,6.008543169402162,8,0,0,0,0,nan,-1,0,0
99,553819.7999999523,-3811468.641817714,3566807.556025829,3652665.9311662726,0,0,0,0,0,1,1,4.830025327054644,4.393072603274976,4.909242387919663,18,4,0.09650807870128013,5.021359757160374,0.5361133755816145,0,,0.0,0.0,0,nan,0,0,,0,nan,,0.0,0.0,0,nan,nan,nan,nan,nan,nan,0,0.0,0,nan,nan,0.5361133755816145,0,0.5361133755816145,0.30456060552610686,0.0,1,4.830025327054644,4.393072603274976,5.021359757160374,1.600769804175733,nan,nan,0,0.30456060552610686,0,f6fa57c2bd06c57a,512,6.008340005897216,8,0,0,0,0,nan,-1,0,0
100,553820.0,-3811468.5541079477,3566807.437510714,3652665.968508439,0,0,0,0,0,1,1,4.674702894430252,4.228801507791643,4.730786090350278,18,0,0.08261153489824674,4.870813625953213,0.5185874797734282,0,,0.0,0.0,0,nan,0,0,,0,nan,,0.0,0.0,0,nan,nan,nan,nan,nan,nan,0,0.0,0,nan,nan,0.5185874797734282,0,0.5185874797734282,0.3806751919786342,0.0,1,4.674702894430252,4.228801507791643,4.870813625953213,1.5301583551075884,0.08261153489824674,0.2516350132432009,0,0.3806751919786342,0,f6fa57c2bd06c57a,512,5.114105628008018,8,12,1,432,27,0.8785549099134945,212,18,17
101,553820.199999094,-3811468.5551112634,3566807.4387408583,3652665.9705805383,0,0,0,0,0,1,1,4.6736475614969795,4.230801011929059,4.737012736466261,18,1,0.08261153489824674,4.872141507085222,0.52269372523776,0,,0.0,0.0,0,nan,0,0,,0,nan,,0.0,0.0,0,nan,nan,nan,nan,nan,nan,0,0.0,0,nan,nan,0.52269372523776,0,0.52269372523776,0.3971289421903936,0.0,1,4.6736475614969795,4.230801011929059,4.872141507085222,1.5339193345582653,nan,nan,0,0.3971289421903936,0,f6fa57c2bd06c57a,512,4.700220375989467,8,0,0,0,0,nan,-1,0,0
102,553820.3999989033,-3811468.554467566,3566807.438987627,3652665.970344634,0,0,0,0,0,1,1,4.673648802798693,4.230421568173434,4.736208478639028,18,2,0.08261153489824674,4.871941036236305,0.5222862173602705,0,,0.0,0.0,0,nan,0,0,,0,nan,,0.0,0.0,0,nan,nan,nan,nan,nan,nan,0,0.0,0,nan,nan,0.5222862173602705,0,0.5222862173602705,0.3978311263604334,0.0,1,4.673648802798693,4.230421568173434,4.871941036236305,1.5419721028542017,nan,nan,0,0.3978311263604334,0,f6fa57c2bd06c57a,512,4.683831208985897,8,0,0,0,0,nan,-1,0,0
103,553820.5999999046,-3811468.566214731,3566807.449401112,3652665.982010112,0,0,0,0,0,1,1,4.6734511351642025,4.230928988185096,4.756360157979746,18,3,0.08261153489824674,4.886003146619511,0.5407679399814271,0,,0.0,0.0,0,nan,0,0,,0,nan,,0.0,0.0,0,nan,nan,nan,nan,nan,nan,0,0.0,0,nan,nan,0.5407679399814271,0,0.5407679399814271,0.3978878095201323,0.0,1,4.6734511351642025,4.230928988185096,4.886003146619511,1.5511586485323297,nan,nan,0,0.3978878095201323,0,f6fa57c2bd06c57a,512,4.68243188417991,8,0,0,0,0,nan,-1,0,0
104,553820.7999999523,-3811468.580364131,3566807.4643471627,3652665.9947485225,0,0,0,0,0,1,1,4.673429581337713,4.230960917428776,4.780039635860467,18,4,0.08261153489824674,4.904954528168594,0.562733952802349,0,,0.0,0.0,0,nan,0,0,,0,nan,,0.0,0.0,0,nan,nan,nan,nan,nan,nan,0,0.0,0,nan,nan,0.562733952802349,0,0.562733952802349,0.39789419054877884,0.0,1,4.673429581337713,4.230960917428776,4.904954528168594,1.560639325014739,nan,nan,0,0.39789419054877884,0,f6fa57c2bd06c57a,512,4.682279330047644,8,0,0,0,0,nan,-1,0,0
105,553821.0,-3811468.4539604494,3566807.306149873,3652666.019897038,0,0,0,0,0,1,1,4.488255918186898,4.054661228304878,4.575131479767411,19,0,0.10109941856354684,4.701028825705114,0.5352535373969297,0,,0.0,0.0,0,nan,0,0,,0,nan,,0.0,0.0,0,nan,nan,nan,nan,nan,nan,0,0.0,0,nan,nan,0.5352535373969297,0,0.5352535373969297,0.4679080257735347,0.0,1,4.488255918186898,4.054661228304878,4.701028825705114,1.4898935554101393,0.10109941856354684,0.22508718476253217,0,0.4679080257735347,0,f6fa57c2bd06c57a,512,3.923727218354251,8,12,1,432,27,0.8751661363504359,213,19,17
106,553821.199999094,-3811468.463041869,3566807.315766122,3652666.0304021374,0,0,0,0,0,1,1,4.486133563795569,4.0571966379191196,4.598205726212484,19,1,0.10109941856354684,4.712981367175279,0.5549119333225219,0,,0.0,0.0,0,nan,0,0,,0,nan,,0.0,0.0,0,nan,nan,nan,nan,nan,nan,0,0.0,0,nan,nan,0.5549119333225219,0,0.5549119333225219,0.4884693374855907,0.0,1,4.486133563795569,4.0571966379191196,4.712981367175279,1.493755958423994,nan,nan,0,0.4884693374855907,0,f6fa57c2bd06c57a,512,3.600750473313224,8,0,0,0,0,nan,-1,0,0
107,553821.3999989033,-3811468.4721323354,3566807.3232537475,3652666.0398862143,0,0,0,0,0,1,1,4.4858324311209,4.057229698352363,4.613731244953801,19,2,0.10109941856354684,4.723474482020924,0.569753886078616,0,,0.0,0.0,0,nan,0,0,,0,nan,,0.0,0.0,0,nan,nan,nan,nan,nan,nan,0,0.0,0,nan,nan,0.569753886078616,0,0.569753886078616,0.4893517893152175,0.0,1,4.4858324311209,4.057229698352363,4.723474482020924,1.5020240791443242,nan,nan,0,0.4893517893152175,0,f6fa57c2bd06c57a,512,3.587823827577621,8,0,0,0,0,nan,-1,0,0
108,553821.5999999046,-3811468.487521388,3566807.33707183,3652666.0585040287,0,0,0,0,0,1,1,4.48560902235841,4.0576825981758216,4.642317865016059,19,3,0.10109941856354684,4.741889378283319,0.597086378764227,0,,0.0,0.0,0,nan,0,0,,0,nan,,0.0,0.0,0,nan,nan,nan,nan,nan,nan,0,0.0,0,nan,nan,0.597086378764227,0,0.597086378764227,0.4894303601903906,0.0,1,4.48560902235841,4.0576825981758216,4.741889378283319,1.5114534494126786,nan,nan,0,0.4894303601903906,0,f6fa57c2bd06c57a,512,3.586660032658861,8,0,0,0,0,nan,-1,0,0
109,553821.7999999523,-3811468.498966446,3566807.3479712936,3652666.0694378703,0,0,0,0,0,1,1,4.485591519941386,4.05766185101822,4.661247801351581,19,4,0.10109941856354684,4.756408538925942,0.6151012203321679,0,,0.0,0.0,0,nan,0,0,,0,nan,,0.0,0.0,0,nan,nan,nan,nan,nan,nan,0,0.0,0,nan,nan,0.6151012203321679,0,0.6151012203321679,0.4894403408125611,0.0,1,4.485591519941386,4.05766185101822,4.756408538925942,1.5211816072400826,nan,nan,0,0.4894403408125611,0,f6fa57c2bd06c57a,512,3.586517355634336,8,0,0,0,0,nan,-1,0,0
110,553822.0,-3811468.366795978,3566807.1951820585,3652666.079515507,0,0,0,0,0,1,1,4.327446923132833,3.969611051069697,4.513442818290191,19,0,0.09580900580672519,4.554417796108927,0.5591881952699137,0,,0.0,0.0,0,nan,0,0,,0,nan,,0.0,0.0,0,nan,nan,nan,nan,nan,nan,0,0.0,0,nan,nan,0.5591881952699137,0,0.5591881952699137,0.550883501840517,0.0,1,4.327446923132833,3.969611051069697,4.554417796108927,1.4518613891260537,0.09580900580672519,0.23458075987996396,0,0.550883501840517,0,f6fa57c2bd06c57a,512,3.035529817819093,8,12,1,432,27,0.8776667433706704,212,19,17
111,553822.199999094,-3811468.396445469,3566807.224230911,3652666.1126333876,0,0,0,0,0,1,1,4.323560362026242,3.9764738588585544,4.579754089202728,19,1,0.09580900580672519,4.592267392438219,0.6162998431574477,0,,0.0,0.0,0,nan,0,0,,0,nan,,0.0,0.0,0,nan,nan,nan,nan,nan,nan,0,0.0,0,nan,nan,0.6162998431574477,0,0.6162998431574477,0.5755133081343003,0.0,1,4.323560362026242,3.9764738588585544,4.592267392438219,1.4558249861039145,nan,nan,0,0.5755133081343003,0,f6fa57c2bd06c57a,512,2.783865701317021,8,0,0,0,0,nan,-1,0,0
112,553822.3999989033,-3811468.433035671,3566807.2606027587,3652666.149549613,0,0,0,0,0,1,1,4.32278418598957,3.977838854876969,4.645149069337984,19,2,0.09580900580672519,4.640125253966821,0.677648363757637,0,,0.0,0.0,0,nan,0,0,,0,nan,,0.0,0.0,0,nan,nan,nan,nan,nan,nan,0,0.0,0,nan,nan,0.677648363757637,0,0.677648363757637,0.5766131751575089,0.0,1,4.32278418598957,3.977838854876969,4.640125253966821,1.464307366794698,nan,nan,0,0.5766131751575089,0,f6fa57c2bd06c57a,512,2.77351545832894,8,0,0,0,0,nan,-1,0,0
113,553822.5999999046,-3811468.495169431,3566807.3239307012,3652666.2178813745,0,0,0,0,0,1,1,4.322217978768236,3.979330177683709,4.758861840996554,19,3,0.09580900580672519,4.72301200125036,0.7869076159106179,0,,0.0,0.0,0,nan,0,0,,0,nan,,0.0,0.0,0,nan,nan,nan,nan,nan,nan,0,0.0,0,nan,nan,0.6558811155129637,0,0.7869076159106179,0.5766607145935156,0.0,1,4.322217978768236,3.979330177683709,4.72301200125036,1.4739780586275537,nan,nan,0,0.5766607145935156,0,f6fa57c2bd06c57a,512,2.77306143989049,8,0,0,0,0,nan,-1,0,0
114,553822.7999999523,-3811468.5736154537,3566807.399910786,3652666.298941172,0,0,0,0,0,1,1,4.322104194898066,3.9796063219340763,4.894133650654775,19,4,0.09580900580672519,4.8266094848585706,0.9192228561896646,0,,0.0,0.0,0,nan,0,0,,0,nan,,0.0,0.0,0,nan,nan,nan,nan,nan,nan,0,0.0,0,nan,nan,0.578813589366675,0,0.9192228561896646,0.5766623228577552,0.0,1,4.322104194898066,3.9796063219340763,4.8266094848585706,1.4839519154548166,nan,nan,0,0.5766623228577552,0,f6fa57c2bd06c57a,512,2.7730452665121774,8,0,0,0,0,nan,-1,0,0
115,553823.0,-3811468.3071210613,3566807.122528986,3652666.160279836,0,0,0,0,0,1,1,4.142617043625803,4.193175842402022,4.856889811956668,19,0,0.07818896748069047,4.453110749404401,0.6766771171518421,0,,0.0,0.0,0,nan,0,0,,0,nan,,0.0,0.0,0,nan,nan,nan,nan,nan,nan,0,0.0,0,nan,nan,0.6766771171518421,0,0.6766771171518421,0.610033571307044,0.0,1,4.142617043625803,4.193175842402022,4.453110749404401,1.4158440950765059,0.07818896748069047,0.5499291585600596,0,0.610033571307044,0,f6fa57c2bd06c57a,512,2.5483851713869927,8,12,1,432,27,0.8750220286389515,212,19,17
116,553823.199999094,-3811468.35837787,3566807.175700028,3652666.2083267174,0,0,0,0,0,1,1,4.127927632793317,4.212261296760515,4.987374587346828,19,1,0.07818896748069047,4.52266282746532,0.7841614408253907,0,,0.0,0.0,0,nan,0,0,,0,nan,,0.0,0.0,0,nan,nan,nan,nan,nan,nan,0,0.0,0,nan,nan,0.6598649807554681,0,0.7841614408253907,0.6373313191053694,0.0,1,4.127927632793317,4.212261296760515,4.52266282746532,1.4199083665795802,nan,nan,0,0.6373313191053694,0,f6fa57c2bd06c57a,512,2.336555733225307,8,0,0,0,0,nan,-1,0,0
117,553823.3999989033,-3811468.433264046,3566807.25222931,3652666.2826369973,0,0,0,0,0,1,1,4.124401032696739,4.217686956552783,5.127727183479904,19,2,0.07818896748069047,4.624302905662867,0.915839393196719,0,,0.0,0.0,0,nan,0,0,,0,nan,,0.0,0.0,0,nan,nan,nan,nan,nan,nan,0,0.0,0,nan,nan,0.5804010535328331,0,0.915839393196719,0.638472303581176,0.0,1,4.124401032696739,4.217686956552783,4.624302905662867,1.428604050663526,nan,nan,0,0.6384723035811761,0,f6fa57c2bd06c57a,512,2.328380156698423,8,0,0,0,0,nan,-1,0,0
118,553823.5999999046,-3811468.526425609,3566807.342732031,3652666.378323031,0,0,0,0,0,1,1,4.123230243102205,4.219772416875533,5.2919738973191155,19,3,0.07818896748069047,4.749034182664432,1.0757290816846654,0,,0.0,0.0,0,nan,0,0,,0,nan,,0.0,0.0,0,nan,nan,nan,nan,nan,nan,0,0.0,0,nan,nan,0.5199347615746938,0,1.0757290816846654,0.6385154510017499,0.0,1,4.123230243102205,4.219772416875533,4.749034182664432,1.4393613695508036,nan,nan,0,0.6385154510017499,0,f6fa57c2bd06c57a,512,2.328075908124266,8,0,0,0,0,nan,-1,0,0
119,553823.7999999523,-3811468.626168303,3566807.4400163204,3652666.4852314456,0,0,0,0,0,1,1,4.122883401323023,4.220363765948744,5.4679409752809,19,4,0.07818896748069047,4.885182020055159,1.2497305224581092,0,,0.0,0.0,0,nan,0,0,,0,nan,,0.0,0.0,0,nan,nan,nan,nan,nan,nan,0,0.0,0,nan,nan,0.5114699358020096,0,1.2497305224581092,0.6385193344712343,0.0,1,4.122883401323023,4.220363765948744,4.885182020055159,1.4513607916494302,nan,nan,0,0.6385193344712343,0,f6fa57c2bd06c57a,512,2.3280487675578825,8,0,0,0,0,nan,-1,0,0
120,553824.0,-3811468.259865396,3566807.0599575657,3652666.3579538884,0,0,0,0,0,1,1,3.961273486269179,4.682837127616027,5.4538701772375715,19,0,0.08988941241842627,4.361917432117349,0.7839273169954801,0,,0.0,0.0,0,nan,0,0,,0,nan,,0.0,0.0,0,nan,nan,nan,nan,nan,nan,0,0.0,0,nan,nan,0.674995390135005,0,0.7839273169954801,0.6287379246463153,0.0,1,3.961273486269179,4.682837127616027,4.361917432117349,1.373252962372899,0.08988941241842627,0.7202377201934707,3,0.6287379246463153,0,f6fa57c2bd06c57a,512,2.4171856412011765,8,12,1,432,27,0.8716779389542003,210,19,17
121,553824.199999094,-3811468.3186313105,3566807.114591428,3652666.4297831175,0,0,0,0,0,1,1,3.945688965382546,4.712601165636359,5.61549863522789,19,1,0.08988941241842627,4.439043102720355,0.9137633565907597,0,,0.0,0.0,0,nan,0,0,,0,nan,,0.0,0.0,0,nan,nan,nan,nan,nan,nan,0,0.0,0,nan,nan,0.6099764707283705,0,0.9137633565907597,0.659132470666178,0.0,1,3.945688965382546,4.712601165636359,4.439043102720355,1.3775673270551245,nan,nan,0,0.659132470666178,0,f6fa57c2bd06c57a,512,2.2010210722228623,8,0,0,0,0,nan,-1,0,0
122,553824.3999989033,-3811468.4017194808,3566807.191496991,3652666.5269679357,0,0,0,0,0,1,1,3.9420549424172275,4.7210987368585196,5.77867702660189,19,2,0.08988941241842627,4.549974274877567,1.066364977713065,0,,0.0,0.0,0,nan,0,0,,0,nan,,0.0,0.0,0,nan,nan,nan,nan,nan,nan,0,0.0,0,nan,nan,0.5619776297645532,0,1.066364977713065,0.6605382995631339,0.0,1,3.9420549424172275,4.7210987368585196,4.549974274877567,1.3865624694209557,nan,nan,0,0.6605382995631339,0,f6fa57c2bd06c57a,512,2.191810975460033,8,0,0,0,0,nan,-1,0,0
123,553824.5999999046,-3811468.469013541,3566807.2541610976,3652666.6065085335,0,0,0,0,0,1,1,3.9413871599779613,4.722601881367135,5.902634963983915,19,3,0.08988941241842627,4.641685113627941,1.1876449117574315,0,,0.0,0.0,0,nan,0,0,,0,nan,,0.0,0.0,0,nan,nan,nan,nan,nan,nan,0,0.0,0,nan,nan,0.5531068104270342,0,1.1876449117574315,0.6608890127651005,0.0,1,3.9413871599779613,4.722601881367135,4.641685113627941,1.396781349938426,nan,nan,0,0.6608890127651005,0,f6fa57c2bd06c57a,512,2.1895151474900043,8,0,0,0,0,nan,-1,0,0
124,553824.7999999523,-3811468.5337115326,3566807.315192017,3652666.679677825,0,0,0,0,0,1,1,3.941114761915506,4.723313928825112,6.018655124037361,19,4,0.08988941241842627,4.731626776497732,1.3018209269609633,0,,0.0,0.0,0,nan,0,0,,0,nan,,0.0,0.0,0,nan,nan,nan,nan,nan,nan,0,0.0,0,nan,nan,0.5667916424814313,0,1.3018209269609633,0.6609139869194508,0.0,1,3.941114761915506,4.723313928825112,4.731626776497732,1.407305432486407,nan,nan,0,0.6609139869194508,0,f6fa57c2bd06c57a,512,2.1893519610788315,8,0,0,0,0,nan,-1,0,0
125,553825.0,-3811468.213257993,3566806.992953297,3652666.4700697195,0,0,0,0,0,1,1,3.8674650636452435,5.133822969792125,5.890272139779201,18,0,0.08969191766896357,4.277212282198917,0.7693557345659403,0,,0.0,0.0,0,nan,0,0,,0,nan,,0.0,0.0,0,nan,nan,nan,nan,nan,nan,0,0.0,0,nan,nan,0.6818283381935092,0,0.7693557345659403,0.6479821160672755,0.0,1,3.8674650636452435,5.133822969792125,4.277212282198917,1.341081887224252,0.08969191766896357,0.5287017041840866,1,0.6479821160672755,0,f6fa57c2bd06c57a,512,2.294808319507522,8,12,1,432,27,0.8690715867668182,220,18,17
126,553825.199999094,-3811468.215952453,3566806.9975593677,3652666.470325392,0,0,0,0,0,1,1,3.8541182646570067,5.167256682905764,5.949408345863716,18,1,0.08969191766896357,4.282452446087192,0.7942754715689141,0,,0.0,0.0,0,nan,0,0,,0,nan,,0.0,0.0,0,nan,nan,nan,nan,nan,nan,0,0.0,0,nan,nan,0.6657520252667024,0,0.7942754715689141,0.6781650096259899,0.0,1,3.8541182646570067,5.167256682905764,4.282452446087192,1.345371540844225,nan,nan,0,0.6781650096259899,0,f6fa57c2bd06c57a,512,2.0963651513471984,8,0,0,0,0,nan,-1,0,0
127,553825.3999989033,-3811468.238187265,3566807.0211028242,3652666.4891943247,0,0,0,0,0,1,1,3.851852022667285,5.173603983564955,5.99605464083504,18,2,0.08969191766896357,4.314483734331186,0.8328912637392739,0,,0.0,0.0,0,nan,0,0,,0,nan,,0.0,0.0,0,nan,nan,nan,nan,nan,nan,0,0.0,0,nan,nan,0.6386639879106717,0,0.8328912637392739,0.6803360174545467,0.0,1,3.851852022667285,5.173603983564955,4.314483734331186,1.354545942352799,nan,nan,0,0.6803360174545467,0,f6fa57c2bd06c57a,512,2.083159394183456,8,0,0,0,0,nan,-1,0,0
128,553825.5999999046,-3811468.261695421,3566807.0505434126,3652666.5058137137,0,0,0,0,0,1,1,3.851198260334722,5.175647250998382,6.038101056480596,18,3,0.08969191766896357,4.351916627772232,0.8708740688914945,0,,0.0,0.0,0,nan,0,0,,0,nan,,0.0,0.0,0,nan,nan,nan,nan,nan,nan,0,0.0,0,nan,nan,0.609883333897204,0,0.8708740688914945,0.6805446064703446,0.0,1,3.851198260334722,5.175647250998382,4.351916627772232,1.3649945563252466,nan,nan,0,0.6805446064703446,0,f6fa57c2bd06c57a,512,2.081897813781925,8,0,0,0,0,nan,-1,0,0
129,553825.7999999523,-3811468.278472328,3566807.074131695,3652666.5131957456,0,0,0,0,0,1,1,3.851033063364157,5.176204248870133,6.065133181303713,18,4,0.08969191766896357,4.3806593548427015,0.8956972697451566,0,,0.0,0.0,0,nan,0,0,,0,nan,,0.0,0.0,0,nan,nan,nan,nan,nan,nan,0,0.0,0,nan,nan,0.5879201936931784,0,0.8956972697451566,0.6806056562053324,0.0,1,3.851033063364157,5.176204248870133,4.3806593548427015,1.3757587604714319,nan,nan,0,0.6806056562053324,0,f6fa57c2bd06c57a,512,2.081528641383408,8,0,0,0,0,nan,-1,0,0
130,553826.0,-3811468.1517025777,3566806.937944159,3652666.5636500316,0,0,0,0,0,1,1,3.8570132613420065,5.297148579112636,5.915966385510824,19,0,0.10437133364055624,4.194577476519986,0.6343445546068394,0,,0.0,0.0,0,nan,0,0,,0,nan,,0.0,0.0,0,nan,nan,nan,nan,nan,nan,0,0.0,0,nan,nan,0.6343445546068394,0,0.6343445546068394,0.6848975328785607,0.0,1,3.8570132613420065,5.297148579112636,4.194577476519986,1.3114539874734326,0.10437133364055624,0.11782175146010418,0,0.6848975328785607,0,f6fa57c2bd06c57a,512,2.0689525268262816,8,12,1,432,27,0.8693775796545627,220,19,17
131,553826.199999094,-3811468.159587029,3566806.949774481,3652666.568268415,0,0,0,0,0,1,1,3.8571589782716575,5.314445220554805,5.945868363315383,19,1,0.10437133364055624,4.208702179491958,0.6454567470059323,0,,0.0,0.0,0,nan,0,0,,0,nan,,0.0,0.0,0,nan,nan,nan,nan,nan,nan,0,0.0,0,nan,nan,0.6454567470059323,0,0.6454567470059323,0.7172623182784443,0.0,1,3.8571589782716575,5.314445220554805,4.208702179491958,1.3158415864574493,nan,nan,0,0.7172623182784444,0,f6fa57c2bd06c57a,512,1.8875477708569297,8,0,0,0,0,nan,-1,0,0
132,553826.3999989033,-3811468.1752835745,3566806.9684575084,3652666.582082078,0,0,0,0,0,1,1,3.8576254735849624,5.317978180516667,5.975879376587724,19,2,0.10437133364055624,4.233177470332,0.6703148336274127,0,,0.0,0.0,0,nan,0,0,,0,nan,,0.0,0.0,0,nan,nan,nan,nan,nan,nan,0,0.0,0,nan,nan,0.6703148336274127,0,0.6703148336274127,0.7189375216263925,0.0,1,3.8576254735849624,5.317978180516667,4.233177470332,1.3252205081739585,nan,nan,0,0.7189375216263925,0,f6fa57c2bd06c57a,512,1.8788728639031174,8,0,0,0,0,nan,-1,0,0
133,553826.5999999046,-3811468.186702761,3566806.98243011,3652666.5923306453,0,0,0,0,0,1,1,3.857855535663836,5.3188226082824785,5.996578759226646,19,3,0.10437133364055624,4.251301327647518,0.6890911119174246,0,,0.0,0.0,0,nan,0,0,,0,nan,,0.0,0.0,0,nan,nan,nan,nan,nan,nan,0,0.0,0,nan,nan,0.6890911119174246,0,0.6890911119174246,0.7191422393591006,0.0,1,3.857855535663836,5.3188226082824785,4.251301327647518,1.335898510189637,nan,nan,0,0.7191422393591006,0,f6fa57c2bd06c57a,512,1.8778184347252194,8,0,0,0,0,nan,-1,0,0
134,553826.7999999523,-3811468.1878019567,3566806.985637567,3652666.589243545,0,0,0,0,0,1,1,3.8579580513717704,5.319006280264174,5.996847591735163,19,4,0.10437133364055624,4.254421475626382,0.6884718885807833,0,,0.0,0.0,0,nan,0,0,,0,nan,,0.0,0.0,0,nan,nan,nan,nan,nan,nan,0,0.0,0,nan,nan,0.6884718885807833,0,0.6884718885807833,0.7191875789956239,0.0,1,3.8579580513717704,5.319006280264174,4.254421475626382,1.3468952651177057,nan,nan,0,0.7191875789956239,0,f6fa57c2bd06c57a,512,1.8775854469104387,8,0,0,0,0,nan,-1,0,0
135,553827.0,-3811468.111643901,3566806.9077284085,3652666.6593171554,0,0,0,0,0,1,1,3.850616916994779,5.307969465748835,5.852315110497573,19,0,0.09857460373214366,4.146925816126614,0.5635563317970573,0,,0.0,0.0,0,nan,0,0,,0,nan,,0.0,0.0,0,nan,nan,nan,nan,nan,nan,0,0.0,0,nan,nan,0.5635563317970573,0,0.5635563317970573,0.7220718261826097,0.0,1,3.850616916994779,5.307969465748835,4.146925816126614,1.2831498675486563,0.09857460373214366,0.09671186119271143,0,0.7220718261826097,0,f6fa57c2bd06c57a,512,1.8780283496167667,8,12,1,432,27,0.8703106814438134,217,19,17
136,553827.199999094,-3811468.0940148463,3566806.8905580505,3652666.641000069,0,0,0,0,0,1,1,3.85303523213646,5.310937454381182,5.821861451540427,19,1,0.09857460373214366,4.121989119095179,0.5321901367173153,0,,0.0,0.0,0,nan,0,0,,0,nan,,0.0,0.0,0,nan,nan,nan,nan,nan,nan,0,0.0,0,nan,nan,0.5321901367173153,0,0.5321901367173153,0.7559328008504519,0.0,1,3.85303523213646,5.310937454381182,4.121989119095179,1.287633609556804,nan,nan,0,0.7559328008504519,0,f6fa57c2bd06c57a,512,1.714419674894153,8,0,0,0,0,nan,-1,0,0
137,553827.3999989033,-3811468.078006212,3566806.8730734205,3652666.6263896944,0,0,0,0,0,1,1,3.8533622737212765,5.312652905816038,5.795875092548235,19,2,0.09857460373214366,4.098010376793993,0.5070551245189767,0,,0.0,0.0,0,nan,0,0,,0,nan,,0.0,0.0,0,nan,nan,nan,nan,nan,nan,0,0.0,0,nan,nan,0.5070551245189767,0,0.5070551245189767,0.7575215885710703,0.0,1,3.8533622737212765,5.312652905816038,4.098010376793993,1.297216416217571,nan,nan,0,0.7575215885710703,0,f6fa57c2bd06c57a,512,1.7073186525954673,8,0,0,0,0,nan,-1,0,0
138,553827.5999999046,-3811468.073391289,3566806.8684036015,3652666.622026189,0,0,0,0,0,1,1,3.8533312510702977,5.313481640659087,5.788990947328956,19,3,0.09857460373214366,4.091385907821337,0.500045225104403,0,,0.0,0.0,0,nan,0,0,,0,nan,,0.0,0.0,0,nan,nan,nan,nan,nan,nan,0,0.0,0,nan,nan,0.500045225104403,0,0.500045225104403,0.7576655610989573,0.0,1,3.8533312510702977,5.313481640659087,4.091385907821337,1.3081230098219792,nan,nan,0,0.7576655610989573,0,f6fa57c2bd06c57a,512,1.7066770896716237,8,0,0,0,0,nan,-1,0,0
139,553827.7999999523,-3811468.072745622,3566806.869852144,3652666.622304268,0,0,0,0,0,1,1,3.8533536523121787,5.313659172928523,5.789835079659558,19,4,0.09857460373214366,4.092071765221815,0.500635806973872,0,,0.0,0.0,0,nan,0,0,,0,nan,,0.0,0.0,0,nan,nan,nan,nan,nan,nan,0,0.0,0,nan,nan,0.500635806973872,0,0.500635806973872,0.7576798812068949,0.0,1,3.8533536523121787,5.313659172928523,4.092071765221815,1.3193512865544206,nan,nan,0,0.7576798812068949,0,f6fa57c2bd06c57a,512,1.706613285059466,8,0,0,0,0,nan,-1,0,0
140,553828.0,-3811468.0661813403,3566806.8627250856,3652666.7517490285,0,0,0,0,0,1,1,3.8186154890144772,5.203254170563285,5.691473398636357,19,0,0.08938931574877321,4.086669609186195,0.5092816856424326,0,,0.0,0.0,0,nan,0,0,,0,nan,,0.0,0.0,0,nan,nan,nan,nan,nan,nan,0,0.0,0,nan,nan,0.5092816856424326,0,0.5092816856424326,0.7418490412571925,0.0,1,3.8186154890144772,5.203254170563285,4.086669609186195,1.2560395952379817,0.08938931574877321,0.09337008776853428,0,0.7418490412571925,0,f6fa57c2bd06c57a,512,1.7854244147027283,8,12,1,432,27,0.8648257367127312,216,19,17
141,553828.199999094,-3811468.071403873,3566806.866550798,3652666.7560254876,0,0,0,0,0,1,1,3.822263214063911,5.202237316690944,5.692747720509161,19,1,0.08938931574877321,4.093174758981942,0.5111655825484093,0,,0.0,0.0,0,nan,0,0,,0,nan,,0.0,0.0,0,nan,nan,nan,nan,nan,nan,0,0.0,0,nan,nan,0.5111655825484093,0,0.5111655825484093,0.7760756943113302,0.0,1,3.822263214063911,5.202237316690944,4.093174758981942,1.2606199405867662,nan,nan,0,0.7760756943113302,0,f6fa57c2bd06c57a,512,1.632155451662662,8,0,0,0,0,nan,-1,0,0
142,553828.3999989033,-3811468.0737366793,3566806.8712654174,3652666.757193967,0,0,0,0,0,1,1,3.8230274007254965,5.202224921860891,5.69617299389664,19,2,0.08938931574877321,4.098326032270089,0.5137858989918592,0,,0.0,0.0,0,nan,0,0,,0,nan,,0.0,0.0,0,nan,nan,nan,nan,nan,nan,0,0.0,0,nan,nan,0.5137858989918592,0,0.5137858989918592,0.7776622918758793,0.0,1,3.8230274007254965,5.202224921860891,4.098326032270089,1.2704065723485602,nan,nan,0,0.7776622918758793,0,f6fa57c2bd06c57a,512,1.6255736440566786,8,0,0,0,0,nan,-1,0,0
143,553828.5999999046,-3811468.07287442,3566806.869024292,3652666.75345029,0,0,0,0,0,1,1,3.8233395542504796,5.201988625365956,5.691295474766989,19,3,0.08938931574877321,4.095879325702708,0.5089788539090571,0,,0.0,0.0,0,nan,0,0,,0,nan,,0.0,0.0,0,nan,nan,nan,nan,nan,nan,0,0.0,0,nan,nan,0.5089788539090571,0,0.5089788539090571,0.7778164520621758,0.0,1,3.8233395542504796,5.201988625365956,4.095879325702708,1.2815413639290947,nan,nan,0,0.7778164520621758,0,f6fa57c2bd06c57a,512,1.624937057955054,8,0,0,0,0,nan,-1,0,0
144,553828.7999999523,-3811468.072885572,3566806.8682263196,3652666.7582660215,0,0,0,0,0,1,1,3.823391878169262,5.2020277024737736,5.694046754211204,19,4,0.08938931574877321,4.09552060330058,0.5126514963400206,0,,0.0,0.0,0,nan,0,0,,0,nan,,0.0,0.0,0,nan,nan,nan,nan,nan,nan,0,0.0,0,nan,nan,0.5126514963400206,0,0.5126514963400206,0.7778318200224542,0.0,1,3.823391878169262,5.2020277024737736,4.09552060330058,1.293000496976616,nan,nan,0,0.7778318200224542,0,f6fa57c2bd06c57a,512,1.6248734858357852,8,0,0,0,0,nan,-1,0,0
145,553829.0,-3811468.017554418,3566806.811584417,3652666.8119255626,0,0,0,0,0,1,1,3.7440992722697977,5.059021573275641,5.547042366255168,18,0,0.06618040356829674,4.019729389049064,0.5087704904552209,0,,0.0,0.0,0,nan,0,0,,0,nan,,0.0,0.0,0,nan,nan,nan,nan,nan,nan,0,0.0,0,nan,nan,0.5087704904552209,0,0.5087704904552209,0.7720326892324425,0.0,1,3.7440992722697977,5.059021573275641,4.019729389049064,1.23087193110204,0.06618040356829674,0.051197964908721645,0,0.7720326892324425,0,f6fa57c2bd06c57a,512,1.6557823659249118,8,12,1,432,27,0.8700411665198773,214,18,17
146,553829.199999094,-3811468.0165300644,3566806.8080750396,3652666.8104859213,0,0,0,0,0,1,1,3.7426419073542148,5.061694923560239,5.548157189626425,18,1,0.06618040356829674,4.016309146082557,0.5075437651070439,0,,0.0,0.0,0,nan,0,0,,0,nan,,0.0,0.0,0,nan,nan,nan,nan,nan,nan,0,0.0,0,nan,nan,0.5075437651070439,0,0.5075437651070439,0.8064585576259827,0.0,1,3.7426419073542148,5.061694923560239,4.016309146082557,1.235545772389991,nan,nan,0,0.8064585576259827,0,f6fa57c2bd06c57a,512,1.5179514279968658,8,0,0,0,0,nan,-1,0,0
147,553829.3999989033,-3811468.014394675,3566806.8054189156,3652666.8067850103,0,0,0,0,0,1,1,3.7427572598613157,5.061006430232524,5.542232905212141,18,2,0.06618040356829674,4.012672954542102,0.5023746186098366,0,,0.0,0.0,0,nan,0,0,,0,nan,,0.0,0.0,0,nan,nan,nan,nan,nan,nan,0,0.0,0,nan,nan,0.5023746186098366,0,0.5023746186098366,0.8080562414544651,0.0,1,3.7427572598613157,5.061006430232524,4.012672954542102,1.2455294838489075,nan,nan,0,0.8080562414544651,0,f6fa57c2bd06c57a,512,1.5120057851230653,8,0,0,0,0,nan,-1,0,0
148,553829.5999999046,-3811468.0146250697,3566806.803597285,3652666.804401425,0,0,0,0,0,1,1,3.742699395934941,5.0610426323027555,5.539804631685444,18,3,0.06618040356829674,4.0112892774506035,0.49976422592776504,0,,0.0,0.0,0,nan,0,0,,0,nan,,0.0,0.0,0,nan,nan,nan,nan,nan,nan,0,0.0,0,nan,nan,0.49976422592776504,1,0.49976422592776504,0.8082045801156069,0.0,1,3.742699395934941,5.0610426323027555,4.0112892774506035,1.2568846948071117,nan,nan,0,0.8082045801156069,0,f6fa57c2bd06c57a,512,1.51145573921911,8,0,0,0,0,nan,-1,0,0
149,553829.7999999523,-3811468.0067259683,3566806.792402367,3652666.796458958,0,0,0,0,0,1,1,3.742732245807756,5.060931848847604,5.524190092080554,18,4,0.06618040356829674,3.99718053721089,0.4858217183486997,0,,0.0,0.0,0,nan,0,0,,0,nan,,0.0,0.0,0,nan,nan,nan,nan,nan,nan,0,0.0,0,nan,nan,0.4858217183486997,1,0.4858217183486997,0.8082239898093556,0.0,1,3.742732245807756,5.060931848847604,3.99718053721089,1.2685665783557698,nan,nan,0,0.8082239898093556,0,f6fa57c2bd06c57a,512,1.511383859471099,8,0,0,0,0,nan,-1,0,0
150,553830.0,-3811467.985260387,3566806.771353855,3652666.878964111,0,0,0,0,0,1,1,3.70541819692892,4.935943558593592,5.4030003838471705,18,0,0.053549020670663715,3.973227598342918,0.4889852630904775,0,,0.0,0.0,0,nan,0,0,,0,nan,,0.0,0.0,0,nan,nan,nan,nan,nan,nan,0,0.0,0,nan,nan,0.4889852630904775,1,0.4889852630904775,0.7965479121344192,0.0,1,3.70541819692892,4.935943558593592,3.973227598342918,1.2066205478812713,0.053549020670663715,0.09588026818371093,0,0.7965479121344192,0,f6fa57c2bd06c57a,512,1.5607799979222807,8,12,1,432,27,0.8732690901149561,212,18,17
151,553830.199999094,-3811467.9851125004,3566806.768358622,3652666.880671127,0,0,0,0,0,1,1,3.7061067119050537,4.937924621970615,5.403788527481263,18,1,0.053549020670663715,3.971003122751979,0.48875670389140796,0,,0.0,0.0,0,nan,0,0,,0,nan,,0.0,0.0,0,nan,nan,nan,nan,nan,nan,0,0.0,0,nan,nan,0.48875670389140796,1,0.48875670389140796,0.8319768199120992,0.0,1,3.7061067119050537,4.937924621970615,3.971003122751979,1.2113879539230077,nan,nan,0,0.8319768199120992,0,f6fa57c2bd06c57a,512,1.4310995743504904,8,0,0,0,0,nan,-1,0,0
152,553830.3999989033,-3811467.9863232654,3566806.7665131297,3652666.883861564,0,0,0,0,0,1,1,3.706510092734119,4.937655112103857,5.4046828928923,18,2,0.053549020670663715,3.9706548931090153,0.4907389871544974,0,,0.0,0.0,0,nan,0,0,,0,nan,,0.0,0.0,0,nan,nan,nan,nan,nan,nan,0,0.0,0,nan,nan,0.4907389871544974,1,0.4907389871544974,0.8335839955721777,0.0,1,3.706510092734119,4.937655112103857,3.9706548931090153,1.2215691181494948,nan,nan,0,0.8335839955721777,0,f6fa57c2bd06c57a,512,1.425626656435371,8,0,0,0,0,nan,-1,0,0
153,553830.5999999046,-3811467.9856298915,3566806.764454131,3652666.8898634403,0,0,0,0,0,1,1,3.706611495559486,4.937615491093799,5.407062639292708,18,3,0.053549020670663715,3.969153137695144,0.49479376044705053,0,,0.0,0.0,0,nan,0,0,,0,nan,,0.0,0.0,0,nan,nan,nan,nan,nan,nan,0,0.0,0,nan,nan,0.49479376044705053,1,0.49479376044705053,0.8337374249651796,0.0,1,3.706611495559486,4.937615491093799,3.969153137695144,1.2331449834508021,nan,nan,0,0.8337374249651796,0,f6fa57c2bd06c57a,512,1.4251060488525993,8,0,0,0,0,nan,-1,0,0
154,553830.7999999523,-3811467.9903496564,3566806.765487584,3652666.8982066484,0,0,0,0,0,1,1,3.7066262689508966,4.937637374353145,5.415491101303163,18,4,0.053549020670663715,3.9737126486476058,0.503960191195518,0,,0.0,0.0,0,nan,0,0,,0,nan,,0.0,0.0,0,nan,nan,nan,nan,nan,nan,0,0.0,0,nan,nan,0.503960191195518,0,0.503960191195518,0.8337514268414165,0.0,1,3.7066262689508966,4.937637374353145,3.9737126486476058,1.2450496285497097,nan,nan,0,0.8337514268414165,0,f6fa57c2bd06c57a,512,1.4250585324033151,8,0,0,0,0,nan,-1,0,0
155,553831.0,-3811467.941213719,3566806.7208671384,3652666.943855947,0,0,0,0,0,1,1,3.629070444226985,4.807864836470451,5.285965730854099,19,0,0.045751172293329055,3.9124282073757004,0.4998159758114299,0,,0.0,0.0,0,nan,0,0,,0,nan,,0.0,0.0,0,nan,nan,nan,nan,nan,nan,0,0.0,0,nan,nan,0.4998159758114299,1,0.4998159758114299,0.8108313027928755,0.0,1,3.629070444226985,4.807864836470451,3.9124282073757004,1.182481384915011,0.045751172293329055,0.07387401011273749,0,0.8108313027928755,0,f6fa57c2bd06c57a,512,1.5078944321243994,8,12,1,432,27,0.8688688569879048,210,19,17
156,553831.199999094,-3811467.9375429526,3566806.7170734573,3652666.936109979,0,0,0,0,0,1,1,3.629311572349974,4.80489718000745,5.273563828073329,19,1,0.045751172293329055,3.906416893204607,0.49008965203641874,0,,0.0,0.0,0,nan,0,0,,0,nan,,0.0,0.0,0,nan,nan,nan,nan,nan,nan,0,0.0,0,nan,nan,0.49008965203641874,1,0.49008965203641874,0.8468941760630521,0.0,1,3.629311572349974,4.80489718000745,3.906416893204607,1.1873457377292325,nan,nan,0,0.8468941760630521,0,f6fa57c2bd06c57a,512,1.3825966907138225,8,0,0,0,0,nan,-1,0,0
157,553831.3999989033,-3811467.9339334266,3566806.7150494764,3652666.923380547,0,0,0,0,0,1,1,3.6290580251967985,4.804940101044026,5.26252002642132,19,2,0.045751172293329055,3.9013209807799902,0.4775112459923935,0,,0.0,0.0,0,nan,0,0,,0,nan,,0.0,0.0,0,nan,nan,nan,nan,nan,nan,0,0.0,0,nan,nan,0.4775112459923935,1,0.4775112459923935,0.8485272259049854,0.0,1,3.6290580251967985,4.804940101044026,3.9013209807799902,1.197731291984316,nan,nan,0,0.8485272259049854,0,f6fa57c2bd06c57a,512,1.377317046589369,8,0,0,0,0,nan,-1,0,0
158,553831.5999999046,-3811467.934313512,3566806.716264473,3652666.924297403,0,0,0,0,0,1,1,3.6288985275026433,4.80518911870552,5.264496451142877,19,3,0.045751172293329055,3.9025741748056184,0.4791340588549672,0,,0.0,0.0,0,nan,0,0,,0,nan,,0.0,0.0,0,nan,nan,nan,nan,nan,nan,0,0.0,0,nan,nan,0.4791340588549672,1,0.4791340588549672,0.8486953380407539,0.0,1,3.6288985275026433,4.80518911870552,3.9025741748056184,1.2095353202027972,nan,nan,0,0.8486953380407539,0,f6fa57c2bd06c57a,512,1.3767754992484653,8,0,0,0,0,nan,-1,0,0
159,553831.7999999523,-3811467.9425369482,3566806.7217578874,3652666.9313570894,0,0,0,0,0,1,1,3.6288536895437575,4.8052478000128005,5.275786553086618,19,4,0.045751172293329055,3.9119685797088577,0.4898473729448441,0,,0.0,0.0,0,nan,0,0,,0,nan,,0.0,0.0,0,nan,nan,nan,nan,nan,nan,0,0.0,0,nan,nan,0.4898473729448441,1,0.4898473729448441,0.8487137666148342,0.0,1,3.6288536895437575,4.8052478000128005,3.9119685797088577,1.2216700533079259,nan,nan,0,0.8487137666148342,0,f6fa57c2bd06c57a,512,1.3767161502569072,8,0,0,0,0,nan,-1,0,0
160,553832.0,-3811467.8971034507,3566806.660175587,3652667.001338215,0,0,0,0,0,1,1,3.542028183514714,4.665554228300245,5.1578292351717865,19,0,0.053054975301947395,3.843556512390465,0.5137711731079593,0,,0.0,0.0,0,nan,0,0,,0,nan,,0.0,0.0,0,nan,nan,nan,nan,nan,nan,0,0.0,0,nan,nan,0.5137711731079593,0,0.5137711731079593,0.818870238453221,0.0,1,3.542028183514714,4.665554228300245,3.843556512390465,1.1592398702399043,0.053054975301947395,0.07174449441085436,0,0.818870238453221,0,f6fa57c2bd06c57a,512,1.4788464076192702,8,12,1,432,27,0.8704662538441914,212,19,17
161,553832.2000000477,-3811467.923542705,3566806.6856013197,3652667.027341143,0,0,0,0,0,1,1,3.537946943239752,4.6734478012873835,5.2153084285072735,19,1,0.053054975301947395,3.882917288575281,0.5605406743827872,0,,0.0,0.0,0,nan,0,0,,0,nan,,0.0,0.0,0,nan,nan,nan,nan,nan,nan,0,0.0,0,nan,nan,0.5605406743827872,0,0.5605406743827872,0.8546629957179509,0.0,1,3.537946943239752,4.6734478012873835,3.882917288575281,1.1642015862100588,nan,nan,0,0.8546629957179509,0,f6fa57c2bd06c57a,512,1.3579379498666142,8,0,0,0,0,nan,-1,0,0
162,553832.3999989033,-3811467.97635213,3566806.736962265,3652667.0881054373,0,0,0,0,0,1,1,3.5365071954851355,4.6762359168426055,5.315730978782877,19,2,0.053054975301947395,3.9636450512398866,0.6553694196739636,0,,0.0,0.0,0,nan,0,0,,0,nan,,0.0,0.0,0,nan,nan,nan,nan,nan,nan,0,0.0,0,nan,nan,0.6553694196739636,0,0.6553694196739636,0.8559272463850178,0.0,1,3.5365071954851355,4.6762359168426055,3.9636450512398866,1.1747917570804605,nan,nan,0,0.8559272463850178,0,f6fa57c2bd06c57a,512,1.353955704983266,8,0,0,0,0,nan,-1,0,0
163,553832.5999999046,-3811468.0341906943,3566806.7926369924,3652667.153666211,0,0,0,0,0,1,1,3.5363955947845978,4.67629437370182,5.418378896979437,19,3,0.053054975301947395,4.051940813799846,0.7555572707739857,0,,0.0,0.0,0,nan,0,0,,0,nan,,0.0,0.0,0,nan,nan,nan,nan,nan,nan,0,0.0,0,nan,nan,0.6695807101819047,0,0.7555572707739857,0.856085825149208,0.0,1,3.5363955947845978,4.67629437370182,4.051940813799846,1.1868239656301016,nan,nan,0,0.856085825149208,0,f6fa57c2bd06c57a,512,1.3534576371128635,8,0,0,0,0,nan,-1,0,0
164,553832.7999989986,-3811468.0931589496,3566806.8458652617,3652667.2118589464,0,0,0,0,0,1,1,3.5363845413179686,4.676255579485878,5.518312078111911,19,4,0.053054975301947395,4.139193567746055,0.8535340725861494,0,,0.0,0.0,0,nan,0,0,,0,nan,,0.0,0.0,0,nan,nan,nan,nan,nan,nan,0,0.0,0,nan,nan,0.6103705081797284,0,0.8535340725861494,0.8561094310207712,0.0,1,3.5363845413179686,4.676255579485878,4.139193567746055,1.199188445176101,nan,nan,0,0.8561094310207712,0,f6fa57c2bd06c57a,512,1.3533835285204203,8,0,0,0,0,nan,-1,0,0
165,553833.0,-3811467.8769136514,3566806.585056034,3652667.0628408715,0,0,0,0,0,1,1,3.368645173135347,4.872096878993156,5.508245525757731,18,0,0.047267940201068906,3.783660693091006,0.6553417230113704,0,,0.0,0.0,0,nan,0,0,,0,nan,,0.0,0.0,0,nan,nan,nan,nan,nan,nan,0,0.0,0,nan,nan,0.49834613600643557,1,0.6553187192282414,0.8180046934910644,0.002126021941386544,2,3.3686670014233107,4.872121800215896,3.783660693091006,1.1373604200894354,0.047267940201068906,0.36198271512667823,0,0.817888939734611,0,f6fa57c2bd06c57a,512,1.4814461262381682,8,12,1,432,27,0.49834613600643557,224,18,16
166,553833.2000000477,-3811467.942841122,3566806.6108432873,3652667.1120599834,0,0,0,0,0,1,1,3.349043915165185,4.891181597572068,5.636008652975201,18,1,0.047267940201068906,3.854746832013611,0.7609453862703328,0,,0.0,0.0,0,nan,0,0,,0,nan,,0.0,0.0,0,nan,nan,nan,nan,nan,nan,0,0.0,0,nan,nan,0.6187969298826006,0,0.7609383049630206,0.8536265361195304,0.0010976464746186912,2,3.349050492389233,4.8911891494155535,3.854746832013611,1.1424217871181015,nan,nan,0,0.8535848751478398,0,f6fa57c2bd06c57a,512,1.3605275824797014,8,0,0,0,0,nan,-1,0,0
167,553833.3999989033,-3811468.0480415085,3566806.6463518525,3652667.1859335355,0,0,0,0,0,1,1,3.344695625219564,4.895476821043735,5.772089162175528,18,2,0.047267940201068906,3.963573068034506,0.8899275342176354,0,,0.0,0.0,0,nan,0,0,,0,nan,,0.0,0.0,0,nan,nan,nan,nan,nan,nan,0,0.0,0,nan,nan,0.6148817034313422,0,0.8899211166491696,0.8551365090893583,0.001021085116494184,2,3.3447015160272473,4.895483582896324,3.963573068034506,1.1532131646327353,nan,nan,0,0.855097632647341,0,f6fa57c2bd06c57a,512,1.3557522603536376,8,0,0,0,0,nan,-1,0,0
168,553833.5999999046,-3811468.164357494,3566806.663408221,3652667.2313815723,0,0,0,0,0,1,1,3.343824830207617,4.89592732034221,5.874802713751717,18,3,0.047267940201068906,4.058980586629926,0.9886158787169753,0,,0.0,0.0,0,nan,0,0,,0,nan,,0.0,0.0,0,nan,nan,nan,nan,nan,nan,0,0.0,0,nan,nan,0.5639857194382832,0,0.9886094650004565,0.8553759689895365,0.0010129781153487309,2,3.343830601356245,4.895933987393557,4.058980586629926,1.1654685053963985,nan,nan,0,0.8553375734962912,0,f6fa57c2bd06c57a,512,1.3549954409944858,8,0,0,0,0,nan,-1,0,0
169,553833.7999989986,-3811468.339641392,3566806.6803187616,3652667.3166121943,0,0,0,0,0,1,1,3.3433050147238754,4.896688570212104,6.039818000383368,18,4,0.047267940201068906,4.20174968702978,1.151658386970704,0,,0.0,0.0,0,nan,0,0,,0,nan,,0.0,0.0,0,nan,nan,nan,nan,nan,nan,0,0.0,0,nan,nan,0.5306568247524781,0,1.1516519727141346,0.8552925196173683,0.0010074310554365978,2,3.3433107681211442,4.896695210146125,4.20174968702978,1.178280152302728,nan,nan,0,0.8552539454479766,0,f6fa57c2bd06c57a,512,1.3552595522393664,8,0,0,0,0,nan,-1,0,0
170,553834.0,-3811468.1819686536,3566806.3127259864,3652666.9904269995,0,0,0,0,0,1,1,3.2344734356206897,5.271030689277296,6.079798042507498,19,0,0.05682785282250618,3.773263474308673,0.8283259367767184,0,,0.0,0.0,0,nan,0,0,,0,nan,,0.0,0.0,0,nan,nan,nan,nan,nan,nan,0,0.0,0,nan,nan,0.661863539789986,0,0.8283209718369221,0.8374400254162984,0.0009306956243884192,2,3.234478610668248,5.271036175422049,3.773263474308673,1.1146720770202667,0.05682785282250618,0.7585077761725596,1,0.8374084315436604,0,f6fa57c2bd06c57a,512,1.417715067860605,8,12,1,432,27,1.2042971422927384,222,19,16
171,553834.2000000477,-3811468.3609831757,3566806.2911363347,3652667.0129717146,0,0,0,0,0,1,1,3.207824109642297,5.306150857701057,6.261165152777496,19,1,0.05682785282250618,3.868069932031674,0.9712774585136927,0,,0.0,0.0,0,nan,0,0,,0,nan,,0.0,0.0,0,nan,nan,nan,nan,nan,nan,0,0.0,0,nan,nan,0.5985604198147678,0,0.971272554619341,0.869545931606592,0.000910616848601748,2,3.207829321394542,5.306156227977304,3.868069932031674,1.1207849122552709,nan,nan,0,0.8695121939194134,0,f6fa57c2bd06c57a,512,1.3152158449627311,8,0,0,0,0,nan,-1,0,0
172,553834.3999989033,-3811468.5935654556,3566806.291800705,3652667.0650551766,0,0,0,0,0,1,1,3.201237161990312,5.314952691407926,6.45067762101507,19,2,0.05682785282250618,4.016028926985504,1.149580192542724,0,,0.0,0.0,0,nan,0,0,,0,nan,,0.0,0.0,0,nan,nan,nan,nan,nan,nan,0,0.0,0,nan,nan,0.5622648314351191,0,1.1495752913691781,0.8714585155284441,0.0009010358387064748,2,3.2012423390386084,5.314957984136886,4.016028926985504,1.1344753920671016,nan,nan,0,0.8714247003050968,0,f6fa57c2bd06c57a,512,1.3094743557203905,8,0,0,0,0,nan,-1,0,0
173,553834.5999999046,-3811468.8537251814,3566806.2975220517,3652667.1028132853,0,0,0,0,0,1,1,3.1992050959600666,5.317776036015113,6.634467523048352,19,3,0.05682785282250618,4.177159762217223,1.3275654784854882,0,,0.0,0.0,0,nan,0,0,,0,nan,,0.0,0.0,0,nan,nan,nan,nan,nan,nan,0,0.0,0,nan,nan,0.5719781732337961,0,1.3275605322098436,0.8716868594353265,0.0008971009125794609,2,3.1992102526842765,5.317781295092419,4.177159762217223,1.1514234305888231,nan,nan,0,0.8716530837584401,0,f6fa57c2bd06c57a,512,1.3087910968209182,8,0,0,0,0,nan,-1,0,0
174,553834.7999989986,-3811469.114811977,3566806.323649526,3652667.122325002,0,0,0,0,0,1,1,3.198407631557716,5.318929048136642,6.813729067694002,19,4,0.05682785282250618,4.345613150211294,1.5021271544398758,0,,0.0,0.0,0,nan,0,0,,0,nan,,0.0,0.0,0,nan,nan,nan,nan,nan,nan,0,0.0,0,nan,nan,0.6252721680473694,0,1.5021221397131508,0.8717553976613178,0.0008955851728005724,2,3.1984127818995605,5.3189342953170575,4.345613150211294,1.1711677443423605,nan,nan,0,0.8717216289418137,0,f6fa57c2bd06c57a,512,1.3085861447475893,8,0,0,0,0,nan,-1,0,0
175,553835.0,-3811468.9221727075,3566805.8889285713,3652666.7511459067,0,0,0,0,0,1,1,3.1737439506588534,5.9485336101756685,6.8501941470861425,19,0,0.07947955307913723,3.8078952838316265,0.9179622382429096,0,,0.0,0.0,0,nan,0,0,,0,nan,,0.0,0.0,0,nan,nan,nan,nan,nan,nan,0,0.0,0,nan,nan,0.6067275228671737,0,0.9179622382429096,0.8229764960230843,0.0,1,3.1737439506588534,5.9485336101756685,3.8078952838316265,1.0921800440234188,0.07947955307913723,0.7428734976749565,3,0.8229764960230843,0,f6fa57c2bd06c57a,512,1.4703843176950826,8,12,1,432,27,1.8274189064597293,224,19,16
176,553835.2000000477,-3811469.14593144,3566805.8887803154,3652666.7461278667,0,0,0,0,0,1,1,3.1467542239478403,6.027999814739393,7.09789012124363,19,1,0.07947955307913723,3.923234607812135,1.0838934352106209,0,,0.0,0.0,0,nan,0,0,,0,nan,,0.0,0.0,0,nan,nan,nan,nan,nan,nan,0,0.0,0,nan,nan,0.5538779688245267,0,1.0838934352106209,0.8394777375461904,0.0,1,3.1467542239478403,6.027999814739393,3.923234607812135,1.1012254354878293,nan,nan,0,0.8394777375461904,0,f6fa57c2bd06c57a,512,1.4132668928275458,8,0,0,0,0,nan,-1,0,0
177,553835.3999989033,-3811469.426497666,3566805.9428132623,3652666.7865170296,0,0,0,0,0,1,1,3.1374106906773256,6.057555229844849,7.366613282876145,19,2,0.07947955307913723,4.121643685872361,1.3213640356168712,0,,0.0,0.0,0,nan,0,0,,0,nan,,0.0,0.0,0,nan,nan,nan,nan,nan,nan,0,0.0,0,nan,nan,0.5661706210033668,0,1.3213640356168712,0.8399827419620349,0.0,1,3.1374106906773256,6.057555229844849,4.121643685872361,1.124376975870655,nan,nan,0,0.8399827419620349,0,f6fa57c2bd06c57a,512,1.411571709783501,8,0,0,0,0,nan,-1,0,0
178,553835.5999999046,-3811469.724018108,3566806.017251087,3652666.8257139185,0,0,0,0,0,1,1,3.133940059773432,6.06897183764322,7.6318468953995175,19,3,0.07947955307913723,4.342795068315257,1.5739391898470756,0,,0.0,0.0,0,nan,0,0,,0,nan,,0.0,0.0,0,nan,nan,nan,nan,nan,nan,0,0.0,0,nan,nan,0.6814043109637357,0,1.5739391898470756,0.8407522624205735,0.0,1,3.133940059773432,6.06897183764322,4.342795068315257,1.15654221137226,nan,nan,0,0.8407522624205735,0,f6fa57c2bd06c57a,512,1.4089937217063822,8,0,0,0,0,nan,-1,0,0
179,553835.7999989986,-3811470.054085611,3566806.104452153,3652666.8646822744,0,0,0,0,0,1,1,3.1326245804513517,6.073341178469713,7.908610218492271,19,4,0.07947955307913723,4.587383456620978,1.845512788111438,0,,0.0,0.0,0,nan,0,0,,0,nan,,0.0,0.0,0,nan,nan,nan,nan,nan,nan,0,0.0,0,nan,nan,0.8701686062649683,0,1.845512788111438,0.8406522526500539,0.0,1,3.1326245804513517,6.073341178469713,4.587383456620978,1.18934885985337,nan,nan,0,0.8406522526500539,0,f6fa57c2bd06c57a,512,1.4093282885141558,8,0,0,0,0,nan,-1,0,0
180,553836.0,-3811469.7342828037,3566805.5704881656,3652666.157351709,0,0,0,0,0,1,1,3.1192869825747906,7.026190434262866,7.981830352750347,19,0,0.1302654067284061,3.788254931287446,0.972491572689954,0,,0.0,0.0,0,nan,0,0,,0,nan,,0.0,0.0,0,nan,nan,nan,nan,nan,nan,0,0.0,0,nan,nan,0.5959780331443619,0,0.972491572689954,0.7999536676430338,0.0,1,3.1192869825747906,7.026190434262866,3.788254931287446,1.0694199344821425,0.1302654067284061,1.0123440031286453,4,0.7999536676430338,0,f6fa57c2bd06c57a,512,1.5582783314445106,8,12,1,432,27,2.9199273836165482,218,19,16
181,553836.2000000477,-3811470.01414231,3566805.58588379,3652666.0946779614,0,0,0,0,0,1,1,3.0934567118572662,7.120566415167609,8.26328948934378,19,1,0.1302654067284061,3.909997348660112,1.1605658605518137,0,,0.0,0.0,0,nan,0,0,,0,nan,,0.0,0.0,0,nan,nan,nan,nan,nan,nan,0,0.0,0,nan,nan,0.5875667260054792,0,1.1605658605518137,0.8137805721795311,0.0,1,3.0934567118572662,7.120566415167609,3.909997348660112,1.079791469158277,nan,nan,0,0.8137805721795311,0,f6fa57c2bd06c57a,512,1.5058929644958932,8,0,0,0,0,nan,-1,0,0
182,553836.3999989033,-3811470.3718807334,3566805.6227375017,3652666.0573353483,0,0,0,0,0,1,1,3.085804238788449,7.150112862373234,8.519488585058388,19,2,0.1302654067284061,4.093862800363508,1.3865437486587473,0,,0.0,0.0,0,nan,0,0,,0,nan,,0.0,0.0,0,nan,nan,nan,nan,nan,nan,0,0.0,0,nan,nan,0.6401881899607209,0,1.3865437486587473,0.8166965380007916,0.0,1,3.085804238788449,7.150112862373234,4.093862800363508,1.103650178408427,nan,nan,0,0.8166965380007916,0,f6fa57c2bd06c57a,512,1.4951772336004934,8,0,0,0,0,nan,-1,0,0
183,553836.5999999046,-3811470.7880433723,3566805.656280313,3652665.997618948,0,0,0,0,0,1,1,3.0830892463132606,7.162053901029276,8.761814019283616,19,3,0.1302654067284061,4.298836990706948,1.6140989404860815,0,,0.0,0.0,0,nan,0,0,,0,nan,,0.0,0.0,0,nan,nan,nan,nan,nan,nan,0,0.0,0,nan,nan,0.7471560532124304,0,1.6140989404860815,0.8171764894971827,0.0,1,3.0830892463132606,7.162053901029276,4.298836990706948,1.133195553484325,nan,nan,0,0.8171764894971827,0,f6fa57c2bd06c57a,512,1.493422710834414,8,0,0,0,0,nan,-1,0,0
184,553836.7999989986,-3811471.240296312,3566805.6763788345,3652665.8875884935,0,0,0,0,0,1,1,3.0823528883876756,7.1654129642035125,8.984297062262753,19,4,0.1302654067284061,4.507567206460244,1.829083315698004,0,,0.0,0.0,0,nan,0,0,,0,nan,,0.0,0.0,0,nan,nan,nan,nan,nan,nan,0,0.0,0,nan,nan,0.882416654641166,0,1.829083315698004,0.8177584608886995,0.0,1,3.0823528883876756,7.1654129642035125,4.507567206460244,1.1628915280469658,nan,nan,0,0.8177584608886995,0,f6fa57c2bd06c57a,512,1.4912997147438734,8,0,0,0,0,nan,-1,0,0
185,553837.0,-3811471.1321867257,3566805.020532759,3652665.048045897,0,0,0,0,0,1,1,3.063748244367804,7.824180722288148,8.739895452178526,18,0,0.059649574053261115,3.706928963300558,0.9301774127218325,0,,0.0,0.0,0,nan,0,0,,0,nan,,0.0,0.0,0,nan,nan,nan,nan,nan,nan,0,0.0,0,nan,nan,0.6082271459673907,0,0.9299641447098775,0.8389178501294282,0.006951133425810779,2,3.0638945230587065,7.824394132787522,3.706928963300558,1.0476351539322752,0.059649574053261115,0.6921808849583109,4,0.838121439608276,0,f6fa57c2bd06c57a,512,1.4217422567557154,8,12,1,432,27,3.6545800836556666,221,18,16
186,553837.2000000477,-3811471.536153029,3566804.8660424314,3652664.8337527113,0,0,0,0,0,1,1,3.05434805706421,7.856223252844943,8.798749433709412,18,1,0.059649574053261115,3.7140805438819338,0.9581888758869841,0,,0.0,0.0,0,nan,0,0,,0,nan,,0.0,0.0,0,nan,nan,nan,nan,nan,nan,0,0.0,0,nan,nan,0.6076510248503768,0,0.9602185804985063,0.8776380352515507,0.04205340305162195,3,3.0522678525336646,7.854119585881627,3.7140805438819338,1.0534563734458915,nan,nan,0,0.8738685494563382,0,f6fa57c2bd06c57a,512,1.307825534692089,8,0,0,0,0,nan,-1,0,0
187,553837.3999989033,-3811471.988791694,3566804.656074496,3652664.6492312504,0,0,0,0,0,1,1,3.052816245746224,7.86319125482638,8.82640908304139,18,2,0.059649574053261115,3.7124140940803096,0.9829435946080488,0,,0.0,0.0,0,nan,0,0,,0,nan,,0.0,0.0,0,nan,nan,nan,nan,nan,nan,0,0.0,0,nan,nan,0.6178486992367785,0,0.9848879186251299,0.878724659786654,0.041993216188175087,3,3.0507422014069006,7.861092908922813,3.7124140940803096,1.0652810612270611,nan,nan,0,0.8749657944243444,0,f6fa57c2bd06c57a,512,1.30454946160266,8,0,0,0,0,nan,-1,0,0
188,553837.5999999046,-3811472.4596249466,3566804.412137243,3652664.402035916,0,0,0,0,0,1,1,3.0526518422243947,7.863939476542568,8.814395709881845,18,3,0.059649574053261115,3.7081553019276754,0.9681475529831362,0,,0.0,0.0,0,nan,0,0,,0,nan,,0.0,0.0,0,nan,nan,nan,nan,nan,nan,0,0.0,0,nan,nan,0.6109566902340008,0,0.9701033010302506,0.8793557779461542,0.04193922520366351,3,3.05058282886119,7.861846453162717,3.7081553019276754,1.0785765427303338,nan,nan,0,0.875605128443963,0,f6fa57c2bd06c57a,512,1.3026474243484705,8,0,0,0,0,nan,-1,0,0
189,553837.7999989986,-3811472.948954458,3566804.1485699685,3652664.12001046,0,0,0,0,0,1,1,3.0525392418117296,7.864582608721273,8.802410496049836,18,4,0.059649574053261115,3.724756144699225,0.9500755037988527,0,,0.0,0.0,0,nan,0,0,,0,nan,,0.0,0.0,0,nan,nan,nan,nan,nan,nan,0,0.0,0,nan,nan,0.5904468239099074,0,0.9521573502805257,0.8793996614811169,0.04193406537423108,3,3.050470640688067,7.862489977198272,3.724756144699225,1.0921798870652077,nan,nan,0,0.8756498709934208,0,f6fa57c2bd06c57a,512,1.302514616582879,8,0,0,0,0,nan,-1,0,0
190,553838.0,-3811473.400858441,3566803.6512107565,3652663.8937843777,0,0,0,0,0,1,1,3.094284977778139,7.723798790559763,8.412587145628454,19,0,0.055135917062739785,3.5578092078939645,0.7090537747312131,0,,0.0,0.0,0,nan,0,0,,0,nan,,0.0,0.0,0,nan,nan,nan,nan,nan,nan,0,0.0,0,nan,nan,0.6801513000178593,0,0.7090151134459718,0.8692728993263034,0.001102275575682601,2,3.0942992265311013,7.723833885087493,3.5578092078939645,1.029718279614267,0.055135917062739785,0.3240978608489135,0,0.8681122793531504,0,f6fa57c2bd06c57a,512,1.325789705778246,8,12,1,432,27,3.0220439492661773,215,19,15
191,553838.2000000477,-3811473.9294951134,3566803.255051186,3652663.660612985,0,0,0,0,0,1,1,3.102117221147576,7.734866017322819,8.343082660236535,19,1,0.055135917062739785,3.5210223029125123,0.6240459638664665,0,,0.0,0.0,0,nan,0,0,,0,nan,,0.0,0.0,0,nan,nan,nan,nan,nan,nan,0,0.0,0,nan,nan,0.6066473197084361,0,0.6240349525641983,0.905727505328174,0.0007086733389554327,2,3.1021181828459503,7.734874107195707,3.5210223029125123,1.0353261299275098,nan,nan,0,0.9051674181281822,0,f6fa57c2bd06c57a,512,1.2194882141089518,8,0,0,0,0,nan,-1,0,0
192,553838.3999989033,-3811474.474158754,3566802.7750047864,3652663.4687548866,0,0,0,0,0,1,1,3.1050839397536554,7.735463337225992,8.251586384683092,19,2,0.055135917062739785,3.4583867667308295,0.5308548828134528,0,,0.0,0.0,0,nan,0,0,,0,nan,,0.0,0.0,0,nan,nan,nan,nan,nan,nan,0,0.0,0,nan,nan,0.5147163136211681,0,0.5308446324656139,0.9066416526719754,0.0008705832978310583,2,3.1050883523164363,7.7354706933822115,3.4583867667308295,1.047227901092408,nan,nan,0,0.9060976388711831,0,f6fa57c2bd06c57a,512,1.2169862304638155,8,0,0,0,0,nan,-1,0,0
193,553838.5999999046,-3811475.0235142596,3566802.230578476,3652663.299152193,0,0,0,0,0,1,1,3.105936227533581,7.735640424969888,8.163803191399802,19,3,0.055135917062739785,3.3922772350084647,0.44523438586462366,0,,0.0,0.0,0,nan,0,0,,0,nan,,0.0,0.0,0,nan,nan,nan,nan,nan,nan,0,0.0,0,nan,nan,0.4278919316625711,1,0.44522311294537964,0.9065369308652927,0.0009540555370405341,2,3.105941512939441,7.735647762375181,3.3922772350084647,1.060710327286877,nan,nan,0,0.9059904827487056,0,f6fa57c2bd06c57a,512,1.2172741641465021,8,0,0,0,0,nan,-1,0,0
194,553838.7999989986,-3811475.5915414966,3566801.6362085417,3652663.170854875,0,0,0,0,0,1,1,3.1061314240239386,7.7358802252050465,8.083266922969692,19,4,0.055135917062739785,3.3276308601441613,0.36956678355912514,0,,0.0,0.0,0,nan,0,0,,0,nan,,0.0,0.0,0,nan,nan,nan,nan,nan,nan,0,0.0,0,nan,nan,0.3507828231148593,1,0.369554382706232,0.906414248073107,0.0009844688827953584,2,3.1061369334775146,7.735887397632217,3.3276308601441613,1.0745276402902655,nan,nan,0,0.9058651772409113,0,f6fa57c2bd06c57a,512,1.2176108813252133,8,0,0,0,0,nan,-1,0,0
195,553839.0,-3811476.3373462083,3566801.087225709,3652663.392351419,0,0,0,0,0,1,1,0.7265253068600654,5.6465004561717365,7.721341135935944,19,0,0.04437860562556492,3.464890266520668,2.7665130056415395,0,,0.0,0.0,0,nan,0,0,,0,nan,,0.0,0.0,0,nan,nan,nan,nan,nan,nan,0,0.0,0,nan,nan,0.8172433943807497,0,5.198267908838871,0.0796296296296296,0.04956249785976716,5,1.819522884784729,4.680766410579952,3.464890266520668,1.0129440453883733,0.04437860562556492,0.3487962827525198,5,0.07916666666666666,0,042f32f7418a68e7,440,13.295356912340296,8,12,1,432,27,1.9189844490697943,213,19,15
196,553839.2000000477,-3811476.978264595,3566800.450204135,3652663.3254909385,0,0,0,0,0,1,1,0.7461076890021546,5.633205257525552,7.672425896101207,19,1,0.04437860562556492,3.4602300782763526,2.742398923028814,0,,0.0,0.0,0,nan,0,0,,0,nan,,0.0,0.0,0,nan,nan,nan,nan,nan,nan,0,0.0,0,nan,nan,0.7998105599493185,0,5.175335486698038,0.07958311899980301,0.0503366518627481,5,1.7960212103102395,4.666116713950189,3.4602300782763526,1.0187636433564544,nan,nan,0,0.07911434220811174,0,042f32f7418a68e7,440,13.312921449623147,8,0,0,0,0,nan,-1,0,0
197,553839.3999989033,-3811477.6375063662,3566799.766257532,3652663.2860595253,0,0,0,0,0,1,1,0.7485099084766614,5.628911271161947,7.647288550538712,19,2,0.04437860562556492,3.446685709639301,2.7250672228239727,0,,0.0,0.0,0,nan,0,0,,0,nan,,0.0,0.0,0,nan,nan,nan,nan,nan,nan,0,0.0,0,nan,nan,0.786112941614326,0,5.158672416608628,0.07964240927865328,0.050000511566702203,5,1.7879827944810898,4.659885307754871,3.446685709639301,1.0308866779839807,nan,nan,0,0.07918104377181827,0,042f32f7418a68e7,440,13.290536757302204,8,0,0,0,0,nan,-1,0,0
198,553839.5999999046,-3811478.3218709286,3566799.0368336514,3652663.27045938,0,0,0,0,0,1,1,0.7500193851152088,5.627800082419208,7.624725230639617,19,3,0.04437860562556492,3.4266566392361657,2.7032033983384243,0,,0.0,0.0,0,nan,0,0,,0,nan,,0.0,0.0,0,nan,nan,nan,nan,nan,nan,0,0.0,0,nan,nan,0.7692936246956824,0,5.137047246187519,0.07965114658170601,0.04996536597818059,5,1.7846235569607254,4.657986804500475,3.4266566392361657,1.044588531981833,nan,nan,0,0.07919087323775263,0,042f32f7418a68e7,440,13.287242763978401,8,0,0,0,0,nan,-1,0,0
199,553839.7999989986,-3811479.0603560405,3566798.3049326013,3652663.2737814356,0,0,0,0,0,1,1,0.7496349238215306,5.627230589876618,7.643612130562249,19,4,0.04437860562556492,3.4528275140272133,2.7298888703145443,0,,0.0,0.0,0,nan,0,0,,0,nan,,0.0,0.0,0,nan,nan,nan,nan,nan,nan,0,0.0,0,nan,nan,0.7928838380350374,0,5.163729559303547,0.07965712665011065,0.04993180001644025,5,1.7844654580218846,4.657311326410071,3.4528275140272133,1.058618868788378,nan,nan,0,0.07919760081470784,0,042f32f7418a68e7,440,13.284988956069352,8,0,0,0,0,nan,-1,0,0
