epoch,tow,ecef_x,ecef_y,ecef_z,fix,gamma_fixed,consistency_pass,float_consistency_pass,ddpr_consistency_pass,ddpr_support_pass,ddpr_freshness_pass,map_float_separation_m,map_ddpr_separation_m,ddpr_guard_error_m,last_ddpr_pairs,ddpr_age_epochs,last_ddpr_nis,output_error_m,map_error_m,temporal_lineage_enabled,temporal_map_assignment_id,temporal_gamma,temporal_ess,temporal_dwell_epochs,temporal_map_error_m,integrity_lineage_enabled,integrity_anchor_available,integrity_excluded_satellite,integrity_tdcp_available,integrity_tdcp_postfit_rms_m,integrity_map_assignment_id,integrity_gamma,integrity_ess,integrity_dwell_epochs,integrity_map_error_m,integrity_map_ecef_x,integrity_map_ecef_y,integrity_map_ecef_z,integrity_map_float_separation_m,integrity_map_ddpr_separation_m,integrity_guard_pass,integrity_position_ball_gamma,integrity_position_ball_members,integrity_position_ball_spread_m,integrity_position_ball_error_m,basin_oracle_min_error_m,basin_oracle_sub50cm_available,position_cluster_error_m,position_cluster_gamma,position_cluster_spread_m,position_cluster_members,position_cluster_float_separation_m,position_cluster_ddpr_separation_m,float_error_m,float_position_sigma_m,dd_pr_nis,dd_cp_nis,ambiguities_reset,gamma,fix_streak,map_assignment_id,n_basins,basin_ess,map_n_ambiguities,n_candidates_born,respawn_triggered,n_respawn_candidates_born,n_respawn_position_seeds,n_respawn_history_seeds,respawn_oracle_min_error_m,respawn_oracle_rank,n_dd_pr,n_dd_cp
0,553800.0,-3811466.693664207,3566805.2211901695,3652668.9111347175,0,0,0,0,0,1,1,2.2807180901680053,2.318482253773577,3.2894435773932713,18,0,0.08822792079773784,3.0558360247270064,3.445060168100005,0,,0.0,0.0,0,nan,0,0,,0,nan,,0.0,0.0,0,nan,nan,nan,nan,nan,nan,0,0.0,0,nan,nan,0.690532915428525,0,3.445060168100005,0.08229166666666667,0.0,1,2.2807180901680053,2.318482253773577,3.0558360247270064,5.592639952376013,0.08822792079773784,0.02210678010972702,0,0.08229166666666667,0,5b857f9f29778b93,18,12.45136186770428,8,12,1,16,1,0,0.6901279228386981,10,18,17
1,553800.2000000477,-3811466.7043680125,3566805.2303698813,3652668.917540918,0,0,0,0,0,1,1,2.2774822965887545,2.314126270972617,3.303230346751093,18,1,0.08822792079773784,3.069661387013538,3.4594074584024144,0,,0.0,0.0,0,nan,0,0,,0,nan,,0.0,0.0,0,nan,nan,nan,nan,nan,nan,0,0.0,0,nan,nan,0.6863024056686938,0,3.4594074584024144,0.08229166666666667,0.0,1,2.2774822965887545,2.314126270972617,3.069661387013538,5.593979167573447,nan,nan,0,0.08229166666666667,0,5b857f9f29778b93,18,12.45136186770428,8,0,0,0,0,0,nan,-1,0,0
2,553800.4000000954,-3811466.7189359865,3566805.2446287237,3652668.9324123603,0,0,0,0,0,1,1,2.277121648502786,2.3135637587075037,3.327614176726829,18,2,0.08822792079773784,3.094081993370175,3.4756131562938317,0,,0.0,0.0,0,nan,0,0,,0,nan,,0.0,0.0,0,nan,nan,nan,nan,nan,nan,0,0.0,0,nan,nan,0.6823012505106063,0,3.4756131562938317,0.08229166666666667,0.0,1,2.277121648502786,2.3135637587075037,3.094081993370175,5.596357313446614,nan,nan,0,0.08229166666666667,0,5b857f9f29778b93,18,12.451361867704277,8,0,0,0,0,0,nan,-1,0,0
3,553800.5999999046,-3811466.7297525406,3566805.2565932283,3652668.9432305964,0,0,0,0,0,1,1,2.2770238044438837,2.3134261472684647,3.3462107675928867,18,3,0.08822792079773784,3.1127126119283113,3.4866827872274673,0,,0.0,0.0,0,nan,0,0,,0,nan,,0.0,0.0,0,nan,nan,nan,nan,nan,nan,0,0.0,0,nan,nan,0.681446996430127,0,3.4866827872274673,0.08229166666666667,0.0,1,2.2770238044438837,2.3134261472684647,3.1127126119283113,5.598949005651086,nan,nan,0,0.08229166666666667,0,5b857f9f29778b93,18,12.451361867704277,8,0,0,0,0,0,nan,-1,0,0
4,553800.7999999523,-3811466.744267113,3566805.269113487,3652668.957473204,0,0,0,0,0,1,1,2.2769507790886,2.313325420772343,3.3692803897087065,18,4,0.08822792079773784,3.1358149569928515,3.5010265515253693,0,,0.0,0.0,0,nan,0,0,,0,nan,,0.0,0.0,0,nan,nan,nan,nan,nan,nan,0,0.0,0,nan,nan,0.6784954564649605,0,3.5010265515253693,0.08229166666666667,0.0,1,2.2769507790886,2.313325420772343,3.1358149569928515,5.601600082987624,nan,nan,0,0.08229166666666667,0,5b857f9f29778b93,18,12.451361867704277,8,0,0,0,0,0,nan,-1,0,0
5,553801.0,-3811466.9368616007,3566805.2810216984,3652668.5074501694,0,0,0,0,0,1,1,2.317424009511642,2.168407086442131,3.06684737130577,18,0,0.03619621658262093,2.9079889661919456,5.1961647021088195,0,,0.0,0.0,0,nan,0,0,,0,nan,,0.0,0.0,0,nan,nan,nan,nan,nan,nan,0,0.0,0,nan,nan,0.7260684179107072,0,5.1961647021088195,0.16903567673721165,0.0,1,2.317424009511642,2.168407086442131,2.9079889661919456,4.501492370248857,0.03619621658262093,3.1660466738236344,0,0.16903567673721165,0,88c65eb697abea09,130,10.281868855604763,8,12,1,272,17,16,0.7611313232783544,15,18,17
6,553801.199999094,-3811466.943173036,3566805.2829087083,3652668.510097194,0,0,0,0,0,1,1,2.32946156390419,2.1850558106213986,3.0684249955277783,18,1,0.03619621658262093,2.9140634395128653,5.214801541957435,0,,0.0,0.0,0,nan,0,0,,0,nan,,0.0,0.0,0,nan,nan,nan,nan,nan,nan,0,0.0,0,nan,nan,0.7352476374893194,0,5.214801541957435,0.17598773233883386,0.0,1,2.32946156390419,2.1850558106213986,2.9140634395128653,4.502767777265328,nan,nan,0,0.17598773233883386,0,88c65eb697abea09,130,9.49190999185128,8,0,0,0,0,0,nan,-1,0,0
7,553801.3999989033,-3811466.946169016,3566805.286060807,3652668.511625461,0,0,0,0,0,1,1,2.33294571361739,2.189237606597948,3.0717992484845156,18,2,0.03619621658262093,2.9183103719055286,5.222616199893222,0,,0.0,0.0,0,nan,0,0,,0,nan,,0.0,0.0,0,nan,nan,nan,nan,nan,nan,0,0.0,0,nan,nan,0.7402188856777454,0,5.222616199893222,0.17626997815380152,0.0,1,2.33294571361739,2.189237606597948,2.9183103719055286,4.50551780653807,nan,nan,0,0.17626997815380152,0,88c65eb697abea09,130,9.461737689127467,8,0,0,0,0,0,nan,-1,0,0
8,553801.5999999046,-3811466.9486808027,3566805.286849198,3652668.513592462,0,0,0,0,0,1,1,2.333929066286287,2.1905019323835884,3.0738302970372007,18,3,0.03619621658262093,2.9206910900352514,5.225895481120721,0,,0.0,0.0,0,nan,0,0,,0,nan,,0.0,0.0,0,nan,nan,nan,nan,nan,nan,0,0.0,0,nan,nan,0.7414370375891393,0,5.225895481120721,0.17629571708331368,0.0,1,2.333929066286287,2.1905019323835884,2.9206910900352514,4.508670296585049,nan,nan,0,0.17629571708331368,0,88c65eb697abea09,130,9.459014892399933,8,0,0,0,0,0,nan,-1,0,0
9,553801.7999999523,-3811466.9503314686,3566805.2865787297,3652668.5142038413,0,0,0,0,0,1,1,2.334234811538868,2.190895518358767,3.0748751962741196,18,4,0.03619621658262093,2.9218277684509317,5.227250637073243,0,,0.0,0.0,0,nan,0,0,,0,nan,,0.0,0.0,0,nan,nan,nan,nan,nan,nan,0,0.0,0,nan,nan,0.7412627700084687,0,5.227250637073243,0.17629803917872117,0.0,1,2.334234811538868,2.190895518358767,2.9218277684509317,4.5119408764961015,nan,nan,0,0.17629803917872117,0,88c65eb697abea09,130,9.458772544534515,8,0,0,0,0,0,nan,-1,0,0
10,553802.0,-3811467.108242471,3566805.588651914,3652667.7996094953,0,0,0,0,1,1,1,1.9649570330081991,1.2641888778409147,2.752803433053683,18,0,0.046176996803574594,2.787643238761087,3.952248113038955,0,,0.0,0.0,0,nan,0,0,,0,nan,,0.0,0.0,0,nan,nan,nan,nan,nan,nan,0,0.0,0,nan,nan,0.43096256092736185,1,3.5549800786156838,0.07198145908142187,0.07757755814322899,3,3.2857221148811333,2.1528835659473957,2.787643238761087,3.871270358899591,0.046176996803574594,9.477003009138702,0,0.07194259830887523,0,da26416811a3d5cf,339,36.66910989348884,8,12,1,528,33,32,0.8632105536790591,150,18,17
11,553802.2000000477,-3811467.1168671288,3566805.5932573597,3652667.807037842,0,0,0,0,1,1,1,1.9654168256436095,1.2756426911262253,2.7568795700474764,18,1,0.046176996803574594,2.7992336434849636,3.9704368534263246,0,,0.0,0.0,0,nan,0,0,,0,nan,,0.0,0.0,0,nan,nan,nan,nan,nan,nan,0,0.0,0,nan,nan,0.4152726480474693,1,3.9704368534263246,0.07532405136764421,0.0,1,1.9654168256436095,1.2756426911262253,2.7992336434849636,3.872751816434111,nan,nan,0,0.07532405136764421,0,da26416811a3d5cf,339,33.80158248276986,8,0,0,0,0,0,nan,-1,0,0
12,553802.3999989033,-3811467.1156772557,3566805.5935875596,3652667.8073552107,0,0,0,0,1,1,1,1.9653296562886948,1.2792264879798587,2.75279174445856,18,2,0.046176996803574594,2.7984202360446475,3.9710226934184365,0,,0.0,0.0,0,nan,0,0,,0,nan,,0.0,0.0,0,nan,nan,nan,nan,nan,nan,0,0.0,0,nan,nan,0.41452610844093135,1,3.9710226934184365,0.07548697944720838,0.0,1,1.9653296562886948,1.2792264879798587,2.7984202360446475,3.875946808143127,nan,nan,0,0.07548697944720838,0,da26416811a3d5cf,339,33.686001305759795,8,0,0,0,0,0,nan,-1,0,0
13,553802.5999999046,-3811467.1215451485,3566805.594223698,3652667.8148330706,0,0,0,0,1,1,1,1.965461149445561,1.280080116381383,2.761835492704452,18,3,0.046176996803574594,2.806213529699768,3.9807421037343755,0,,0.0,0.0,0,nan,0,0,,0,nan,,0.0,0.0,0,nan,nan,nan,nan,nan,nan,0,0.0,0,nan,nan,0.4068047903742295,1,3.9807421037343755,0.07550634393765238,0.0,1,1.965461149445561,1.280080116381383,2.806213529699768,3.879610208024698,nan,nan,0,0.07550634393765238,0,da26416811a3d5cf,339,33.67216632880482,8,0,0,0,0,0,nan,-1,0,0
14,553802.7999989986,-3811467.116370178,3566805.592753338,3652667.8157646162,0,0,0,0,1,1,1,1.9654572567008095,1.2804123851944977,2.75928551563088,18,4,0.046176996803574594,2.8025256514549035,3.9791472865768074,0,,0.0,0.0,0,nan,0,0,,0,nan,,0.0,0.0,0,nan,nan,nan,nan,nan,nan,0,0.0,0,nan,nan,0.4074388405264968,1,3.9791472865768074,0.07550712630820054,0.0,1,1.9654572567008095,1.2804123851944977,2.8025256514549035,3.883410359678399,nan,nan,0,0.07550712630820054,0,da26416811a3d5cf,339,33.671679891623896,8,0,0,0,0,0,nan,-1,0,0
15,553803.0,-3811467.4750908157,3566806.067215958,3652666.8251926755,0,0,0,0,0,1,1,2.990395009170105,2.9203388700868183,2.6867900666417883,18,0,0.052747126368075915,3.105797010015602,0.6709330631399268,0,,0.0,0.0,0,nan,0,0,,0,nan,,0.0,0.0,0,nan,nan,nan,nan,nan,nan,0,0.0,0,nan,nan,0.29280889983301234,1,0.6847571629881783,0.03681359789982333,0.0771438909820417,2,2.98156621952301,2.9250858764186103,3.105797010015602,3.446529888958384,0.052747126368075915,19.23047039825005,0,0.03490228498761911,0,2936548eecd098cd,512,83.2313112078153,8,12,1,528,33,32,0.6785567386380016,262,18,17
16,553803.2000000477,-3811467.48701839,3566806.0741598764,3652666.835594138,0,0,0,0,0,1,1,4.255664561080022,3.163526499018705,2.6932109336103984,18,1,0.052747126368075915,3.119802368110178,5.7802446638989915,0,,0.0,0.0,0,nan,0,0,,0,nan,,0.0,0.0,0,nan,nan,nan,nan,nan,nan,0,0.0,0,nan,nan,0.3180795585432041,1,0.681538019944267,0.038212282906503386,0.07745933296599648,2,2.9711159646292353,2.908181404652011,3.119802368110178,3.4481955702239153,nan,nan,0,0.03634547775400487,0,eea7295143f6fc6b,512,77.24750618757155,8,0,0,0,0,0,nan,-1,0,0
17,553803.3999989033,-3811467.4909215695,3566806.077141064,3652666.8399957465,0,0,0,0,0,1,1,4.256421077542661,3.1672690891500213,2.6974381539937564,18,2,0.052747126368075915,3.125009995011446,5.788487862709348,0,,0.0,0.0,0,nan,0,0,,0,nan,,0.0,0.0,0,nan,nan,nan,nan,nan,nan,0,0.0,0,nan,nan,0.3258632558813496,1,0.6805763722074564,0.03826464849197316,0.07749465341602897,2,2.968400796838614,2.9040655627067475,3.125009995011446,3.451783951486298,nan,nan,0,0.03642634274710592,0,eea7295143f6fc6b,512,77.01261046707764,8,0,0,0,0,0,nan,-1,0,0
18,553803.5999999046,-3811467.4922913876,3566806.0785539644,3652666.8408402093,0,0,0,0,0,1,1,4.2566530516320364,3.1683967423045476,2.6986596699223018,18,3,0.052747126368075915,3.127045929572931,5.7909495795537165,0,,0.0,0.0,0,nan,0,0,,0,nan,,0.0,0.0,0,nan,nan,nan,nan,nan,nan,0,0.0,0,nan,nan,0.3284385004132967,1,0.6809145274668147,0.03826982952910536,0.07749854193663641,2,2.967605365397848,2.902827347666396,3.127045929572931,3.4558971212947447,nan,nan,0,0.0364343636306228,0,eea7295143f6fc6b,512,76.99059877724572,8,0,0,0,0,0,nan,-1,0,0
19,553803.7999989986,-3811467.493717931,3566806.0821427926,3652666.841862358,0,0,0,0,0,1,1,4.256740699094968,3.1687212379237084,2.70156110159452,18,4,0.052747126368075915,3.1307497522122483,5.79442234348098,0,,0.0,0.0,0,nan,0,0,,0,nan,,0.0,0.0,0,nan,nan,nan,nan,nan,nan,0,0.0,0,nan,nan,0.33064140002715087,1,0.6828003033852873,0.038270271183154965,0.07749911154252387,2,2.9673417255157863,2.9024643867171274,3.1307497522122483,3.4601626839851276,nan,nan,0,0.03643515031776131,0,eea7295143f6fc6b,512,76.98807471908103,8,0,0,0,0,0,nan,-1,0,0
20,553804.0,-3811468.2512258226,3566807.127161279,3652666.0411167447,0,0,0,0,0,1,1,6.153868742768878,2.8116515443380847,4.2342337806555,19,0,0.41380108143408434,4.432677198843442,6.6531998685861,0,,0.0,0.0,0,nan,0,0,,0,nan,,0.0,0.0,0,nan,nan,nan,nan,nan,nan,0,0.0,0,nan,nan,0.2265277927682421,1,6.647356014960784,0.05611340552943496,0.11487368751351025,2,6.1231273231286245,2.79919514054026,4.432677198843442,3.1278257037825994,0.41380108143408434,31.3281035856981,0,0.049114654000590376,0,daca05125ab2755f,512,69.58310572373365,8,12,1,528,33,32,0.6253141330058138,263,19,17
21,553804.2000000477,-3811468.2762016263,3566807.1477124835,3652666.0704713147,0,0,0,0,0,1,1,6.152623880183896,2.8225007606794965,4.260340552251378,19,1,0.41380108143408434,4.461016016307509,6.697465211702136,0,,0.0,0.0,0,nan,0,0,,0,nan,,0.0,0.0,0,nan,nan,nan,nan,nan,nan,0,0.0,0,nan,nan,0.24301889582413355,1,6.691696535432931,0.05850597839514498,0.11500279598685711,2,6.121841918411992,2.8101665407917262,4.461016016307509,3.1296622776171215,nan,nan,0,0.051191608153504445,0,daca05125ab2755f,512,64.35249256551322,8,0,0,0,0,0,nan,-1,0,0
22,553804.4000000954,-3811468.3232041937,3566807.190374269,3652666.116779394,0,0,0,0,0,1,1,6.154144456122894,2.822399700079106,4.341755494745182,19,2,0.41380108143408434,4.518888540953368,6.771608406410382,0,,0.0,0.0,0,nan,0,0,,0,nan,,0.0,0.0,0,nan,nan,nan,nan,nan,nan,0,0.0,0,nan,nan,0.2856728609233496,1,6.7659825557888835,0.05858991440354595,0.1150282959438575,2,6.123366906509657,2.810063466691391,4.518888540953368,3.133615782308128,nan,nan,0,0.051261452849848635,0,daca05125ab2755f,512,64.04312517535134,8,0,0,0,0,0,nan,-1,0,0
23,553804.599998951,-3811468.384972638,3566807.249667508,3652666.178069575,0,0,0,0,0,1,1,6.154399991859906,2.8226635595627387,4.444964421550181,19,3,0.41380108143408434,4.598291171453807,6.866591135147266,0,,0.0,0.0,0,nan,0,0,,0,nan,,0.0,0.0,0,nan,nan,nan,nan,nan,nan,0,0.0,0,nan,nan,0.3599922297853094,1,6.861149544559773,0.05859550395560296,0.11503122086628481,2,6.123625422590943,2.810332325526084,4.598291171453807,3.1381460194226714,nan,nan,0,0.05126601140942495,0,daca05125ab2755f,512,64.0189843312035,8,0,0,0,0,0,nan,-1,0,0
24,553804.7999989986,-3811468.4433766464,3566807.3058876065,3652666.23595854,0,0,0,0,0,1,1,6.154433223252371,2.8228395960074706,4.542244326854964,19,4,0.41380108143408434,4.674433012700302,6.956056220623525,0,,0.0,0.0,0,nan,0,0,,0,nan,,0.0,0.0,0,nan,nan,nan,nan,nan,nan,0,0.0,0,nan,nan,0.37307250877742426,1,6.9507831892919505,0.05859691619885177,0.11503156428412784,2,6.123659735311175,2.810511051443494,4.674433012700302,3.1428429254599144,nan,nan,0,0.05126723964427198,0,daca05125ab2755f,512,64.01715160416308,8,0,0,0,0,0,nan,-1,0,0
25,553805.0,-3811469.1430459116,3566808.378780037,3652665.242065848,0,0,0,0,0,1,1,7.424183547877861,2.22821153069321,5.576263921042656,19,0,0.45207347146779936,6.079049261901037,7.219885199614493,0,,0.0,0.0,0,nan,0,0,,0,nan,,0.0,0.0,0,nan,nan,nan,nan,nan,nan,0,0.0,0,nan,nan,0.5265787492605312,0,7.220174953980603,0.0999186788515232,0.04080365559444883,4,7.42240018959148,2.227478116189706,6.079049261901037,2.8664917765706495,0.45207347146779936,34.1184370362641,2,0.09922084316573478,0,daca05125ab2755f,512,42.69628194761356,8,12,1,528,33,32,0.732890886743669,128,19,17
26,553805.2000000477,-3811469.1998369913,3566808.4256508183,3652665.301046837,0,0,0,0,0,1,1,7.4287838422594055,2.2298826255766957,5.685037985231231,19,1,0.45207347146779936,6.137242304290757,7.32774359581988,0,,0.0,0.0,0,nan,0,0,,0,nan,,0.0,0.0,0,nan,nan,nan,nan,nan,nan,0,0.0,0,nan,nan,0.48211714268280675,1,7.327752455587467,0.10431393032158827,0.028238698643942475,4,7.427607573401318,2.2293277668688503,6.137242304290757,2.8685097516386144,nan,nan,0,0.10385175166313623,0,daca05125ab2755f,512,39.40567648012385,8,0,0,0,0,0,nan,-1,0,0
27,553805.4000000954,-3811469.2591386302,3566808.4816262787,3652665.3585166847,0,0,0,0,0,1,1,7.429754565739982,2.230998388724865,5.785510162209737,19,2,0.45207347146779936,6.205098567218218,7.42321848122333,0,,0.0,0.0,0,nan,0,0,,0,nan,,0.0,0.0,0,nan,nan,nan,nan,nan,nan,0,0.0,0,nan,nan,0.4616173290938256,1,7.4232205048615665,0.10442367237019118,0.02765734407250126,4,7.42859977747527,2.230449105191158,6.205098567218218,2.8728261188560356,nan,nan,0,0.10397078493335794,0,daca05125ab2755f,512,39.31450028657431,8,0,0,0,0,0,nan,-1,0,0
28,553805.599998951,-3811469.281269085,3566808.503256852,3652665.3844249053,0,0,0,0,0,1,1,7.429775400946731,2.2315748824517634,5.824694535605474,19,3,0.45207347146779936,6.23036815478936,7.461808231639552,0,,0.0,0.0,0,nan,0,0,,0,nan,,0.0,0.0,0,nan,nan,nan,nan,nan,nan,0,0.0,0,nan,nan,0.4633261656025784,1,7.461808339708635,0.10424244990504042,0.0276092666507368,4,7.428620364291034,2.2310248938147885,6.23036815478936,2.8777679017205555,nan,nan,0,0.10379055623231409,0,daca05125ab2755f,512,39.37242632832844,8,0,0,0,0,0,nan,-1,0,0
29,553805.7999989986,-3811469.289832711,3566808.5094558434,3652665.3944452847,0,0,0,0,0,1,1,7.429838675456756,2.231710355958629,5.839031602667341,19,4,0.45207347146779936,6.238536922683064,7.475579356554996,0,,0.0,0.0,0,nan,0,0,,0,nan,,0.0,0.0,0,nan,nan,nan,nan,nan,nan,0,0.0,0,nan,nan,0.4654728106574195,1,7.475579207605271,0.10422050337905485,0.027603841714113394,4,7.428683497927785,2.231160169802361,6.238536922683064,2.8828893551859838,nan,nan,0,0.10376870764583686,0,daca05125ab2755f,512,39.37956916194862,8,0,0,0,0,0,nan,-1,0,0
30,553806.0,-3811469.988626393,3566809.4754408807,3652663.9545203396,0,0,0,0,1,1,1,8.243181447370972,1.121793099245281,5.499014590877071,18,0,0.20942828977675063,7.767906518983791,5.418421798325579,0,,0.0,0.0,0,nan,0,0,,0,nan,,0.0,0.0,0,nan,nan,nan,nan,nan,nan,0,0.0,0,nan,nan,0.3151424348891233,1,5.418722630418612,0.06542084030140512,0.02052172743411345,2,8.24437572661975,1.1229237512244907,7.767906518983791,2.6759519396472196,0.20942828977675063,48.48841794941493,0,0.06519012173325968,0,b3f4525bc8b8f4a5,512,60.353442895698464,8,12,1,528,33,32,0.6100576805815018,176,18,17
31,553806.2000000477,-3811469.984735076,3566809.4685588456,3652663.951979333,0,0,0,0,1,1,1,8.241853775247165,1.1167420587069852,5.501499054116888,18,1,0.20942828977675063,7.761402624521035,5.433009621449944,0,,0.0,0.0,0,nan,0,0,,0,nan,,0.0,0.0,0,nan,nan,nan,nan,nan,nan,0,0.0,0,nan,nan,0.30682056838099425,1,5.4333016140591095,0.06808306291699742,0.020544381389507343,2,8.243047258407408,1.1178753394659167,7.761402624521035,2.678099417447205,nan,nan,0,0.06784302825693311,0,b3f4525bc8b8f4a5,512,55.824659909872885,8,0,0,0,0,0,nan,-1,0,0
32,553806.4000000954,-3811469.9869406754,3566809.470428908,3652663.9587578727,0,0,0,0,1,1,1,8.241633066368694,1.1158440386434678,5.511743731192529,18,2,0.20942828977675063,7.761809677319955,5.4458781955311775,0,,0.0,0.0,0,nan,0,0,,0,nan,,0.0,0.0,0,nan,nan,nan,nan,nan,nan,0,0.0,0,nan,nan,0.2969543662829232,1,5.446167500695131,0.06822994357898628,0.020542884595628887,2,8.242825404941337,1.1169770716325247,7.761809677319955,2.6827187110635777,nan,nan,0,0.06798958649727022,0,b3f4525bc8b8f4a5,512,55.6174584918234,8,0,0,0,0,0,nan,-1,0,0
33,553806.599998951,-3811469.989975492,3566809.47058704,3652663.963755162,0,0,0,0,1,1,1,8.241548497097813,1.115517248853488,5.5172720222958995,18,3,0.20942828977675063,7.762046597964363,5.45279397540025,0,,0.0,0.0,0,nan,0,0,,0,nan,,0.0,0.0,0,nan,nan,nan,nan,nan,nan,0,0.0,0,nan,nan,0.29258210439083193,1,5.453082855239258,0.06823468071929785,0.02054589445736513,2,8.242740915072858,1.1166506623641386,7.762046597964363,2.688009043087361,nan,nan,0,0.06799428207827829,0,b3f4525bc8b8f4a5,512,55.60604307005144,8,0,0,0,0,0,nan,-1,0,0
34,553806.7999989986,-3811469.990245999,3566809.4692104803,3652663.967523169,0,0,0,0,1,1,1,8.241525399674657,1.115419085285785,5.518776482198639,18,4,0.20942828977675063,7.7602707554821695,5.455105564234398,0,,0.0,0.0,0,nan,0,0,,0,nan,,0.0,0.0,0,nan,nan,nan,nan,nan,nan,0,0.0,0,nan,nan,0.2912494677673047,1,5.455394739228781,0.06823421190241133,0.02054678964135607,2,8.242717836917794,1.1165525988106426,7.7602707554821695,2.693491032534563,nan,nan,0,0.06799380805988542,0,b3f4525bc8b8f4a5,512,55.6057538448259,8,0,0,0,0,0,nan,-1,0,0
35,553807.0,-3811469.6260167784,3566809.1338563124,3652663.7525704727,0,0,0,0,0,1,1,2.982191446175133,4.58699074543391,5.190504025042034,18,0,0.290947663274422,7.379445960938236,5.150935924497962,0,,0.0,0.0,0,nan,0,0,,0,nan,,0.0,0.0,0,nan,nan,nan,nan,nan,nan,0,0.0,0,nan,nan,0.6362594206582818,0,5.150935924497962,0.0791666666666666,0.0,1,2.982191446175133,4.58699074543391,7.379445960938236,2.51694055961129,0.290947663274422,11.353875378426523,3,0.0791666666666666,0,60cbf5c6bd3b273a,267,13.293406320929277,8,12,1,528,33,32,0.6327965298877277,185,18,17
36,553807.2000000477,-3811469.6224498507,3566809.1424942133,3652663.7536380137,0,0,0,0,0,1,1,2.9826159158053196,4.586748144571808,5.190754228212314,18,1,0.290947663274422,7.383300340107547,5.153871505021943,0,,0.0,0.0,0,nan,0,0,,0,nan,,0.0,0.0,0,nan,nan,nan,nan,nan,nan,0,0.0,0,nan,nan,0.6358848165792458,0,5.153871505021943,0.07915615353714807,0.0,1,2.9826159158053196,4.586748144571808,7.383300340107547,2.5192272188702924,nan,nan,0,0.07915615353714807,0,60cbf5c6bd3b273a,267,13.296921764536886,8,0,0,0,0,0,nan,-1,0,0
37,553807.4000000954,-3811469.6206808384,3566809.146307388,3652663.7510239463,0,0,0,0,0,1,1,2.982650297229474,4.586946412962997,5.189321476759525,18,2,0.290947663274422,7.386063756140029,5.1551203656758355,0,,0.0,0.0,0,nan,0,0,,0,nan,,0.0,0.0,0,nan,nan,nan,nan,nan,nan,0,0.0,0,nan,nan,0.633687510032363,0,5.1551203656758355,0.07915716793396331,0.0,1,2.982650297229474,4.586946412962997,7.386063756140029,2.5241381694578493,nan,nan,0,0.07915716793396331,0,60cbf5c6bd3b273a,267,13.296582505475923,8,0,0,0,0,0,nan,-1,0,0
38,553807.599998951,-3811469.6210586494,3566809.147532764,3652663.7527582804,0,0,0,0,0,1,1,2.9829554368090885,4.586894388211663,5.191298903562126,18,3,0.290947663274422,7.386515143862588,5.155976702619806,0,,0.0,0.0,0,nan,0,0,,0,nan,,0.0,0.0,0,nan,nan,nan,nan,nan,nan,0,0.0,0,nan,nan,0.6357499893883718,0,5.155976702619806,0.07915686812924856,0.0,1,2.9829554368090885,4.586894388211663,7.386515143862588,2.5297604073832183,nan,nan,0,0.07915686812924856,0,60cbf5c6bd3b273a,267,13.296682772092403,8,0,0,0,0,0,nan,-1,0,0
39,553807.7999989986,-3811469.626019064,3566809.149713479,3652663.7578284247,0,0,0,0,0,1,1,2.982984993091164,4.5868990248727215,5.198263857891848,18,4,0.290947663274422,7.389012841815085,5.160582719992699,0,,0.0,0.0,0,nan,0,0,,0,nan,,0.0,0.0,0,nan,nan,nan,nan,nan,nan,0,0.0,0,nan,nan,0.6428204466850908,0,5.160582719992699,0.07915682079069132,0.0,1,2.982984993091164,4.5868990248727215,7.389012841815085,2.535584634868319,nan,nan,0,0.07915682079069132,0,60cbf5c6bd3b273a,267,13.296698604088599,8,0,0,0,0,0,nan,-1,0,0
40,553808.0,-3811469.5997325815,3566809.023372303,3652663.9772674013,0,0,0,0,1,1,1,7.10659097324068,1.430348235297798,4.974431904281264,18,0,0.30400967615543767,7.200881418648142,4.236481565190493,0,,0.0,0.0,0,nan,0,0,,0,nan,,0.0,0.0,0,nan,nan,nan,nan,nan,nan,0,0.0,0,nan,nan,0.46124913975863924,1,4.236097333925546,0.05301468421282341,0.03493545127011953,2,7.103097994704221,1.429243171007951,7.200881418648142,2.3699637257269357,0.30400967615543767,10.823505896235373,1,0.052473745185988956,0,a5667da7983d8ee3,512,71.40955431689122,8,12,1,528,33,32,0.46124913975863924,171,18,17
41,553808.199999094,-3811469.604565452,3566809.022197833,3652663.975938404,0,0,0,0,1,1,1,7.10552627779448,1.423966770162675,4.975390854091056,18,1,0.30400967615543767,7.203308836127141,4.254013180350189,0,,0.0,0.0,0,nan,0,0,,0,nan,,0.0,0.0,0,nan,nan,nan,nan,nan,nan,0,0.0,0,nan,nan,0.45210347255387956,1,4.253634061985129,0.05499166766326877,0.03493767961211204,2,7.10203394287738,1.4228688126515638,7.203308836127141,2.3723777286033028,nan,nan,0,0.05443042570727021,0,a5667da7983d8ee3,512,66.55244261905862,8,0,0,0,0,0,nan,-1,0,0
42,553808.4000000954,-3811469.6200710684,3566809.0384342065,3652663.9914526143,0,0,0,0,1,1,1,7.105378043274975,1.423505010951025,5.004874842567653,18,2,0.30400967615543767,7.218677470522274,4.284926738885298,0,,0.0,0.0,0,nan,0,0,,0,nan,,0.0,0.0,0,nan,nan,nan,nan,nan,nan,0,0.0,0,nan,nan,0.4443985138109953,1,4.284554970899217,0.05506594727336964,0.034935980766565636,2,7.1018864178702295,1.422408609585424,7.218677470522274,2.3775886360799108,nan,nan,0,0.05450398801592232,0,a5667da7983d8ee3,512,66.34332436090334,8,0,0,0,0,0,nan,-1,0,0
43,553808.599998951,-3811469.6378614362,3566809.0555787836,3652664.004021144,0,0,0,0,1,1,1,7.105298285852299,1.4229198728993024,5.030793260613999,18,3,0.30400967615543767,7.237151120487444,4.311485412190034,0,,0.0,0.0,0,nan,0,0,,0,nan,,0.0,0.0,0,nan,nan,nan,nan,nan,nan,0,0.0,0,nan,nan,0.43578450285574727,1,4.311122809233584,0.055073113120113926,0.03493596985056657,2,7.101806740549233,1.4218235670628254,7.237151120487444,2.3835556216658462,nan,nan,0,0.05451107690551142,0,a5667da7983d8ee3,512,66.32610277644633,8,0,0,0,0,0,nan,-1,0,0
44,553808.7999999523,-3811469.6511755534,3566809.0698531303,3652664.016906605,0,0,0,0,1,1,1,7.105279607661038,1.4227581222945793,5.053571782890433,18,4,0.30400967615543767,7.250854808964697,4.3339249611288055,0,,0.0,0.0,0,nan,0,0,,0,nan,,0.0,0.0,0,nan,nan,nan,nan,nan,nan,0,0.0,0,nan,nan,0.43207818487741384,1,4.333568086051621,0.05507420824738306,0.0349359610463356,2,7.101788088216924,1.4216620184964897,7.250854808964697,2.3897359609892086,nan,nan,0,0.054512159851352646,0,a5667da7983d8ee3,512,66.32502261490599,8,0,0,0,0,0,nan,-1,0,0
45,553809.0,-3811469.415095297,3566808.780492458,3652664.2735296553,0,0,0,0,0,1,1,2.305628813890659,4.65457140994103,5.037513551886008,19,0,0.28473158978728563,6.812160832921714,4.997595524681794,0,,0.0,0.0,0,nan,0,0,,0,nan,,0.0,0.0,0,nan,nan,nan,nan,nan,nan,0,0.0,0,nan,nan,0.4950460711194604,1,6.488296312190482,0.07964015151515152,0.018676191662826493,2,3.7278649759818365,8.721256154379713,6.812160832921714,2.21892742224765,0.28473158978728563,2.718979748563414,6,0.07945075757575758,0,832d821e147a649e,327,13.249519451605705,8,12,1,528,33,32,0.49085502359913735,184,19,17
46,553809.199999094,-3811469.414116654,3566808.77971777,3652664.2705520685,0,0,0,0,0,1,1,2.303467832839415,4.660623918069003,5.057972790812813,19,1,0.28473158978728563,6.812011773640396,5.003797385577546,0,,0.0,0.0,0,nan,0,0,,0,nan,,0.0,0.0,0,nan,nan,nan,nan,nan,nan,0,0.0,0,nan,nan,0.5122724716961041,0,6.491075247976529,0.0796253647731945,0.01876599077244088,2,3.7192473815331266,8.730549464445286,6.812011773640396,2.2215420717411725,nan,nan,0,0.07943523448351776,0,832d821e147a649e,327,13.254904765964302,8,0,0,0,0,0,nan,-1,0,0
47,553809.4000000954,-3811469.4182153256,3566808.7827237993,3652664.2755420734,0,0,0,0,0,1,1,2.3037329467884917,4.662047340090508,5.070793541123231,19,2,0.28473158978728563,6.814965548955687,5.009162575977724,0,,0.0,0.0,0,nan,0,0,,0,nan,,0.0,0.0,0,nan,nan,nan,nan,nan,nan,0,0.0,0,nan,nan,0.5234522689064818,0,6.48981294248485,0.07962860678885164,0.01876953065784956,2,3.717116730153249,8.732791991005373,6.814965548955687,2.2271151595485317,nan,nan,0,0.07943864295158007,0,832d821e147a649e,327,13.253724857504697,8,0,0,0,0,0,nan,-1,0,0
48,553809.599998951,-3811469.4134697006,3566808.7775105317,3652664.2671238803,0,0,0,0,0,1,1,2.3035126079520354,4.662806061449053,5.060965283991186,19,3,0.28473158978728563,6.8111547264812495,5.003372056541124,0,,0.0,0.0,0,nan,0,0,,0,nan,,0.0,0.0,0,nan,nan,nan,nan,nan,nan,0,0.0,0,nan,nan,0.5126804968030875,0,6.492331118537458,0.07963673397986434,0.018752231344797678,2,3.7176777111431942,8.733913563121483,6.8111547264812495,2.233486817838483,nan,nan,0,0.07944718309048004,0,832d821e147a649e,327,13.250766748976034,8,0,0,0,0,0,nan,-1,0,0
49,553809.7999999523,-3811469.3977967124,3566808.765014775,3652664.2510027033,0,0,0,0,0,1,1,2.3035167857573025,4.662994926323258,5.036159613657036,19,4,0.28473158978728563,6.798190767216363,4.986084146374052,0,,0.0,0.0,0,nan,0,0,,0,nan,,0.0,0.0,0,nan,nan,nan,nan,nan,nan,0,0.0,0,nan,nan,0.48868327465638195,1,6.492792274494138,0.0796385113919848,0.018748925911526534,2,3.717756634619613,8.734218885274654,6.798190767216363,2.240082038541546,nan,nan,0,0.07944905079083922,0,832d821e147a649e,327,13.250119936395901,8,0,0,0,0,0,nan,-1,0,0
50,553810.0,-3811469.2985404828,3566808.640770682,3652664.524779216,0,0,0,0,0,1,1,1.9865545139147776,4.629727086879631,4.962177133669494,19,0,0.26506036033573993,6.559054910956704,5.043826733986377,0,,0.0,0.0,0,nan,0,0,,0,nan,,0.0,0.0,0,nan,nan,nan,nan,nan,nan,0,0.0,0,nan,nan,0.5161427768165534,0,5.043826733986377,0.19109677550128568,0.0,1,1.9865545139147776,4.629727086879631,6.559054910956704,2.1205173581613557,0.26506036033573993,1.8608898760313553,0,0.19109677550128568,0,832d821e147a649e,386,12.282067873160814,8,12,1,528,33,32,0.507775466887582,183,19,17
51,553810.199999094,-3811469.3039292046,3566808.64487794,3652664.529502901,0,0,0,0,0,1,1,1.9835538704023266,4.629027086824721,4.972768557405449,19,1,0.26506036033573993,6.563846145743955,5.053793277537406,0,,0.0,0.0,0,nan,0,0,,0,nan,,0.0,0.0,0,nan,nan,nan,nan,nan,nan,0,0.0,0,nan,nan,0.5249926124364238,0,5.053793277537406,0.2037504162899839,0.0,1,1.9835538704023266,4.629027086824721,6.563846145743955,2.1232300878221277,nan,nan,0,0.2037504162899839,0,832d821e147a649e,386,10.921037749095069,8,0,0,0,0,0,nan,-1,0,0
52,553810.4000000954,-3811469.315596398,3566808.65828624,3652664.5406800522,0,0,0,0,0,1,1,1.9828512465473547,4.629294288122553,4.993502813661418,19,2,0.26506036033573993,6.5773148379183635,5.0704817346150435,0,,0.0,0.0,0,nan,0,0,,0,nan,,0.0,0.0,0,nan,nan,nan,nan,nan,nan,0,0.0,0,nan,nan,0.5446667540000599,0,5.0704817346150435,0.20474919092367194,0.0,1,1.9828512465473547,4.629294288122553,6.5773148379183635,2.129054448480933,nan,nan,0,0.20474919092367194,0,832d821e147a649e,386,10.826534174893014,8,0,0,0,0,0,nan,-1,0,0
53,553810.599998951,-3811469.34256695,3566808.6845943565,3652664.568832754,0,0,0,0,0,1,1,1.982629957957496,4.629446757774539,5.040506943397922,19,3,0.26506036033573993,6.60440914717434,5.104038716056641,0,,0.0,0.0,0,nan,0,0,,0,nan,,0.0,0.0,0,nan,nan,nan,nan,nan,nan,0,0.0,0,nan,nan,0.5896697122139821,0,5.104038716056641,0.20485619439442124,0.0,1,1.982629957957496,4.629446757774539,6.60440914717434,2.1357169279087573,nan,nan,0,0.20485619439442124,0,832d821e147a649e,386,10.81777653833023,8,0,0,0,0,0,nan,-1,0,0
54,553810.7999999523,-3811469.3769528917,3566808.7217116025,3652664.6004809807,0,0,0,0,0,1,1,1.98256185111888,4.62941769379144,5.098551211388733,19,4,0.26506036033573993,6.643192315066824,5.149633970050896,0,,0.0,0.0,0,nan,0,0,,0,nan,,0.0,0.0,0,nan,nan,nan,nan,nan,nan,0,0.0,0,nan,nan,0.5585520974878938,0,5.149633970050896,0.20486837863435106,0.0,1,1.98256185111888,4.62941769379144,6.643192315066824,2.142612579201163,nan,nan,0,0.20486837863435106,0,832d821e147a649e,386,10.81681803401872,8,0,0,0,0,0,nan,-1,0,0
55,553811.0,-3811469.235102616,3566808.4984445698,3652664.8116010264,0,0,0,0,0,1,1,1.6816674225504835,4.6548145866676665,5.151119482644341,19,0,0.25623423622778385,6.33108764208706,5.09997001940065,0,,0.0,0.0,0,nan,0,0,,0,nan,,0.0,0.0,0,nan,nan,nan,nan,nan,nan,0,0.0,0,nan,nan,0.5663892382247246,0,5.09997001940065,0.29756950409706323,0.0,1,1.6816674225504835,4.6548145866676665,6.33108764208706,2.0332112461865335,0.25623423622778385,1.334637417535249,0,0.29756950409706323,0,832d821e147a649e,419,8.90586557976587,8,12,1,528,33,32,0.4809404250264707,250,19,17
56,553811.199999094,-3811469.2729791864,3566808.5359099815,3652664.848355844,0,0,0,0,0,1,1,1.6801621524263834,4.655442818541861,5.235284514033264,19,1,0.25623423622778385,6.372082856127787,5.155963265177774,0,,0.0,0.0,0,nan,0,0,,0,nan,,0.0,0.0,0,nan,nan,nan,nan,nan,nan,0,0.0,0,nan,nan,0.6196877750552955,0,5.155963265177774,0.31815385378094285,0.0,1,1.6801621524263834,4.655442818541861,6.372082856127787,2.036041422985263,nan,nan,0,0.31815385378094285,0,832d821e147a649e,419,7.845418538287847,8,0,0,0,0,0,nan,-1,0,0
57,553811.4000000954,-3811469.3265806404,3566808.588842787,3652664.9009892987,0,0,0,0,0,1,1,1.6798181974305981,4.656052371795267,5.331168126328143,19,2,0.25623423622778385,6.430540122500017,5.226062161557433,0,,0.0,0.0,0,nan,0,0,,0,nan,,0.0,0.0,0,nan,nan,nan,nan,nan,nan,0,0.0,0,nan,nan,0.5304540506962981,0,5.226062161557433,0.3198105360503045,0.0,1,1.6798181974305981,4.656052371795267,6.430540122500017,2.042114738166459,nan,nan,0,0.3198105360503045,0,832d821e147a649e,419,7.769495812500523,8,0,0,0,0,0,nan,-1,0,0
58,553811.599998951,-3811469.383561751,3566808.6461469145,3652664.9577724473,0,0,0,0,0,1,1,1.6797312731504748,4.656157885657379,5.429669591884242,19,3,0.25623423622778385,6.494106070676691,5.300269141751255,0,,0.0,0.0,0,nan,0,0,,0,nan,,0.0,0.0,0,nan,nan,nan,nan,nan,nan,0,0.0,0,nan,nan,0.44418060464308917,1,5.300269141751255,0.31998023115214497,0.0,1,1.6797312731504748,4.656157885657379,6.494106070676691,2.0490599946754635,nan,nan,0,0.31998023115214497,0,832d821e147a649e,419,7.7617807136239785,8,0,0,0,0,0,nan,-1,0,0
59,553811.7999999523,-3811469.4447181495,3566808.7062500827,3652665.0216358565,0,0,0,0,0,1,1,1.6797049234071055,4.656224844678478,5.535782839134796,19,4,0.25623423622778385,6.561561787920344,5.379199957288958,0,,0.0,0.0,0,nan,0,0,,0,nan,,0.0,0.0,0,nan,nan,nan,nan,nan,nan,0,0.0,0,nan,nan,0.36041164924159513,1,5.379199957288958,0.3199941563211566,0.0,1,1.6797049234071055,4.656224844678478,6.561561787920344,2.056246294564471,nan,nan,0,0.3199941563211566,0,832d821e147a649e,419,7.761159109220941,8,0,0,0,0,0,nan,-1,0,0
60,553812.0,-3811469.1845345027,3566808.40403197,3652665.053313325,0,0,0,0,0,1,1,1.451330116357721,4.739339688914683,5.6052376997611,19,0,0.24999160052313082,6.166848881541285,5.176966049824599,0,,0.0,0.0,0,nan,0,0,,0,nan,,0.0,0.0,0,nan,nan,nan,nan,nan,nan,0,0.0,0,nan,nan,0.5756173506176087,0,5.176966049824599,0.25901511625196016,0.0,1,1.451330116357721,4.739339688914683,6.166848881541285,1.9549034460280577,0.24999160052313082,1.3371359063100048,0,0.25901511625196016,0,832d821e147a649e,479,11.963161963105263,8,12,1,528,33,32,0.507044540707464,453,19,17
61,553812.199999094,-3811469.2331142887,3566808.4537998647,3652665.1059620883,0,0,0,0,0,1,1,1.4494758587476955,4.743448912351509,5.7343701358619805,19,1,0.24999160052313082,6.221608856680122,5.255614066887731,0,,0.0,0.0,0,nan,0,0,,0,nan,,0.0,0.0,0,nan,nan,nan,nan,nan,nan,0,0.0,0,nan,nan,0.4811665560884207,1,5.255614066887731,0.27463502759293035,0.0,1,1.4494758587476955,4.743448912351509,6.221608856680122,1.9578471472005274,nan,nan,0,0.27463502759293035,0,832d821e147a649e,479,10.717291809391051,8,0,0,0,0,0,nan,-1,0,0
62,553812.4000000954,-3811469.2980974317,3566808.5156194377,3652665.1719480325,0,0,0,0,0,1,1,1.4491541619556823,4.744424378777627,5.853623862766625,19,2,0.24999160052313082,6.29338323410037,5.341464386515269,0,,0.0,0.0,0,nan,0,0,,0,nan,,0.0,0.0,0,nan,nan,nan,nan,nan,nan,0,0.0,0,nan,nan,0.39150290023351403,1,5.341464386515269,0.27593603093336744,0.0,1,1.4491541619556823,4.744424378777627,6.29338323410037,1.9641623367477135,nan,nan,0,0.27593603093336744,0,832d821e147a649e,479,10.624649477222407,8,0,0,0,0,0,nan,-1,0,0
63,553812.599998951,-3811469.323044764,3566808.5407642205,3652665.198648223,0,0,0,0,0,1,1,1.4491373306445483,4.744295892603719,5.897989477991351,19,3,0.24999160052313082,6.322016967199731,5.374573491991337,0,,0.0,0.0,0,nan,0,0,,0,nan,,0.0,0.0,0,nan,nan,nan,nan,nan,nan,0,0.0,0,nan,nan,0.36193487912567956,1,5.374573491991337,0.27632332585748676,0.0,1,1.4491373306445483,4.744295892603719,6.322016967199731,1.971382263637691,nan,nan,0,0.27632332585748676,0,832d821e147a649e,479,10.59799268236361,8,0,0,0,0,0,nan,-1,0,0
64,553812.7999999523,-3811469.331030157,3566808.5471869325,3652665.210737892,0,0,0,0,0,1,1,1.4491207443876275,4.744381044067191,5.9142620585397925,19,4,0.24999160052313082,6.329239134620994,5.3839187782719,0,,0.0,0.0,0,nan,0,0,,0,nan,,0.0,0.0,0,nan,nan,nan,nan,nan,nan,0,0.0,0,nan,nan,0.35321997692321705,1,5.3839187782719,0.276363365072171,0.0,1,1.4491207443876275,4.744381044067191,6.329239134620994,1.978850681069604,nan,nan,0,0.2763633650721709,0,832d821e147a649e,479,10.595248331018107,8,0,0,0,0,0,nan,-1,0,0
65,553813.0,-3811469.0978832426,3566808.2461486016,3652665.22409359,0,0,0,0,0,1,1,1.2355362257091551,4.782281758504315,5.734677466175247,18,0,0.20590055846808142,5.954818255721592,5.149272027284822,0,,0.0,0.0,0,nan,0,0,,0,nan,,0.0,0.0,0,nan,nan,nan,nan,nan,nan,0,0.0,0,nan,nan,0.5859591828005282,0,5.149272027284822,0.1985067338287536,0.0,1,1.2355362257091551,4.782281758504315,5.954818255721592,1.887203157661293,0.20590055846808142,0.8545983346324524,0,0.1985067338287536,0,832d821e147a649e,493,14.478274855169548,8,12,1,528,33,32,0.4972997884589802,484,18,17
66,553813.199999094,-3811469.0866705896,3566808.2339572455,3652665.214502371,0,0,0,0,0,1,1,1.2348526233949124,4.789735998923216,5.739384637460836,18,1,0.20590055846808142,5.940850326801397,5.138793238888356,0,,0.0,0.0,0,nan,0,0,,0,nan,,0.0,0.0,0,nan,nan,nan,nan,nan,nan,0,0.0,0,nan,nan,0.5962019113415358,0,5.138793238888356,0.2100451679512086,0.0,1,1.2348526233949124,4.789735998923216,5.940850326801397,1.890252728871852,nan,nan,0,0.2100451679512086,0,832d821e147a649e,493,13.006421541186965,8,0,0,0,0,0,nan,-1,0,0
67,553813.4000000954,-3811469.0863395133,3566808.2326866523,3652665.2164501403,0,0,0,0,0,1,1,1.2346844473534804,4.791288527920392,5.74575562771126,18,2,0.20590055846808142,5.9392505269522475,5.138495432561934,0,,0.0,0.0,0,nan,0,0,,0,nan,,0.0,0.0,0,nan,nan,nan,nan,nan,nan,0,0.0,0,nan,nan,0.5947727778159411,0,5.138495432561934,0.21088071190995603,0.0,1,1.2346844473534804,4.791288527920392,5.9392505269522475,1.8967930862073663,nan,nan,0,0.21088071190995605,0,832d821e147a649e,493,12.90992277900081,8,0,0,0,0,0,nan,-1,0,0
68,553813.599998951,-3811469.0871777595,3566808.234115772,3652665.22406919,0,0,0,0,0,1,1,1.2346522130995348,4.791887541340654,5.753886074567227,18,3,0.20590055846808142,5.939136892899335,5.139329178966785,0,,0.0,0.0,0,nan,0,0,,0,nan,,0.0,0.0,0,nan,nan,nan,nan,nan,nan,0,0.0,0,nan,nan,0.5908222165012806,0,5.139329178966785,0.21096177672659897,0.0,1,1.2346522130995348,4.791887541340654,5.939136892899335,1.9042684866028543,nan,nan,0,0.21096177672659897,0,832d821e147a649e,493,12.900563687314776,8,0,0,0,0,0,nan,-1,0,0
69,553813.7999999523,-3811469.0913300556,3566808.235501047,3652665.228706436,0,0,0,0,0,1,1,1.2346408560144635,4.792002198147594,5.7603227340181204,18,4,0.20590055846808142,5.941714552284891,5.142769243962778,0,,0.0,0.0,0,nan,0,0,,0,nan,,0.0,0.0,0,nan,nan,nan,nan,nan,nan,0,0.0,0,nan,nan,0.5851627481899598,0,5.142769243962778,0.21097203380457621,0.0,1,1.2346408560144635,4.792002198147594,5.941714552284891,1.9119990826985265,nan,nan,0,0.21097203380457616,0,832d821e147a649e,493,12.899425643507696,8,0,0,0,0,0,nan,-1,0,0
70,553814.0,-3811469.037298305,3566808.123900659,3652665.37507361,0,0,0,0,1,1,1,6.730418167932189,1.5136272972843643,5.580307989813202,19,0,0.17166137233746512,5.7928469079199845,6.458377274513746,0,,0.0,0.0,0,nan,0,0,,0,nan,,0.0,0.0,0,nan,nan,nan,nan,nan,nan,0,0.0,0,nan,nan,0.5557706217354731,0,6.458655622932981,0.1858090934813062,0.03157646077094439,2,6.732806930447584,1.5156039102601695,5.7928469079199845,1.8222119807090562,0.17166137233746512,0.6712067054049101,0,0.18427730609341375,0,994d54c9040caa4d,505,13.483694758957057,8,12,1,528,33,32,0.4861670499197097,452,19,17
71,553814.199999094,-3811469.0540562454,3566808.1413113913,3652665.3910148344,0,0,0,0,1,1,1,6.729627681043694,1.5097819524917993,5.61628545237455,19,1,0.17166137233746512,5.813242256654249,6.483642682843726,0,,0.0,0.0,0,nan,0,0,,0,nan,,0.0,0.0,0,nan,nan,nan,nan,nan,nan,0,0.0,0,nan,nan,0.5810073665638064,0,6.483863266416079,0.19640442816119572,0.026482629310379605,2,6.731321192294757,1.5111902244316793,5.813242256654249,1.8253700871584446,nan,nan,0,0.19526416157616638,0,994d54c9040caa4d,505,12.13700456564467,8,0,0,0,0,0,nan,-1,0,0
72,553814.4000000954,-3811469.078650902,3566808.166167389,3652665.413996416,0,0,0,0,1,1,1,6.72932773273211,1.5089406870132267,5.658664875517778,19,2,0.17166137233746512,5.8428614098649145,6.521778923047272,0,,0.0,0.0,0,nan,0,0,,0,nan,,0.0,0.0,0,nan,nan,nan,nan,nan,nan,0,0.0,0,nan,nan,0.6025896388657244,0,6.521997652861325,0.19717308694897176,0.026043459457376916,2,6.7309713631547,1.510309255069455,5.8428614098649145,1.8321420652407963,nan,nan,0,0.19606441386929768,0,994d54c9040caa4d,505,12.050651457046515,8,0,0,0,0,0,nan,-1,0,0
73,553814.599998951,-3811469.1003943384,3566808.188215709,3652665.432468175,0,0,0,0,1,1,1,6.729171992456267,1.508790089627397,5.6937449792407095,19,3,0.17166137233746512,5.86957827210506,6.554275639806735,0,,0.0,0.0,0,nan,0,0,,0,nan,,0.0,0.0,0,nan,nan,nan,nan,nan,nan,0,0.0,0,nan,nan,0.5699991192573265,0,6.554491190025228,0.1972623674991139,0.025990046814755877,2,6.730809979841195,1.5101542176048086,5.86957827210506,1.8398801572128798,nan,nan,0,0.1961574029045774,0,994d54c9040caa4d,505,12.040406154198587,8,0,0,0,0,0,nan,-1,0,0
74,553814.7999999523,-3811469.1283504013,3566808.217287369,3652665.456551214,0,0,0,0,1,1,1,6.72915369893695,1.5087004598110225,5.739741364493762,19,4,0.17166137233746512,5.904559055478418,6.597132634223802,0,,0.0,0.0,0,nan,0,0,,0,nan,,0.0,0.0,0,nan,nan,nan,nan,nan,nan,0,0.0,0,nan,nan,0.5280318506927411,0,6.597344084450585,0.19726589726631652,0.025985483055180607,2,6.73079183542789,1.5100649251796185,5.904559055478418,1.8478801402022942,nan,nan,0,0.19616105951140123,0,994d54c9040caa4d,505,12.040127304300235,8,0,0,0,0,0,nan,-1,0,0
75,553815.0,-3811468.9644313212,3566808.0002683788,3652665.475848125,0,0,0,0,1,1,1,6.607832501533676,1.5768891933346612,5.563605699858875,18,0,0.16723452360142665,5.634140693340448,6.491123627597575,0,,0.0,0.0,0,nan,0,0,,0,nan,,0.0,0.0,0,nan,nan,nan,nan,nan,nan,0,0.0,0,nan,nan,0.58522891463808,0,6.49127197781084,0.23105023974843888,0.023202657530842656,2,6.609097630825693,1.577933322994762,5.634140693340448,1.7651404205727586,0.16723452360142665,0.6444207763429423,0,0.23002893792327558,0,994d54c9040caa4d,508,11.990113762967484,8,12,1,528,33,32,0.5098944270656386,421,18,17
76,553815.199999094,-3811468.9626228022,3566807.997926585,3652665.473465487,0,0,0,0,1,1,1,6.610329214789733,1.5771950893195477,5.570540408788409,18,1,0.16723452360142665,5.631694436909621,6.493734329730704,0,,0.0,0.0,0,nan,0,0,,0,nan,,0.0,0.0,0,nan,nan,nan,nan,nan,nan,0,0.0,0,nan,nan,0.5877132304212663,0,6.49383737382449,0.24433269122288218,0.01891894595471168,2,6.611173829968704,1.5778941319937376,5.631694436909621,1.7684010070562826,nan,nan,0,0.24361025811607806,0,994d54c9040caa4d,508,10.788108850081876,8,0,0,0,0,0,nan,-1,0,0
77,553815.4000000954,-3811468.961974218,3566807.996615348,3652665.4761489625,0,0,0,0,1,1,1,6.610988028505606,1.576593561771016,5.574369835415747,18,2,0.16723452360142665,5.6297856190029805,6.4966282763172245,0,,0.0,0.0,0,nan,0,0,,0,nan,,0.0,0.0,0,nan,nan,nan,nan,nan,nan,0,0.0,0,nan,nan,0.5906406509351202,0,6.4967289926195875,0.24527567242894513,0.018578886828726396,2,6.611802655006985,1.5772682231532278,5.6297856190029805,1.775390432894277,nan,nan,0,0.24457671870907144,0,994d54c9040caa4d,508,10.712708644973338,8,0,0,0,0,0,nan,-1,0,0
78,553815.599998951,-3811468.965777788,3566807.9991327194,3652665.4802612495,0,0,0,0,1,1,1,6.611182788651672,1.5765773353819477,5.581459481005151,18,3,0.16723452360142665,5.633293496618416,6.502933523482642,0,,0.0,0.0,0,nan,0,0,,0,nan,,0.0,0.0,0,nan,nan,nan,nan,nan,nan,0,0.0,0,nan,nan,0.5969814932111597,0,6.503034158951899,0.2453684500463189,0.018536782188501025,2,6.611994278140382,1.5772496037046115,5.633293496618416,1.7833748257732964,nan,nan,0,0.2446717663404321,0,994d54c9040caa4d,508,10.705407892994678,8,0,0,0,0,0,nan,-1,0,0
79,553815.7999999523,-3811468.9675551504,3566807.998609478,3652665.478977498,0,0,0,0,1,1,1,6.611224023567451,1.5765892686387837,5.581387508215798,18,4,0.16723452360142665,5.634264974908431,6.502343333989265,0,,0.0,0.0,0,nan,0,0,,0,nan,,0.0,0.0,0,nan,nan,nan,nan,nan,nan,0,0.0,0,nan,nan,0.5964497578590231,0,6.502443721628913,0.24537834745604714,0.01853144177977771,2,6.612035074679221,1.5772611960875462,5.634264974908431,1.7916271459200621,nan,nan,0,0.24468192483619758,0,994d54c9040caa4d,508,10.704598133305554,8,0,0,0,0,0,nan,-1,0,0
80,553816.0,-3811468.878908008,3566807.8702539033,3652665.593582837,0,0,0,0,1,1,1,6.434329749557262,1.6479932702418434,5.38969395983052,18,0,0.15067004659052766,5.460617008571898,6.4421163634199905,0,,0.0,0.0,0,nan,0,0,,0,nan,,0.0,0.0,0,nan,nan,nan,nan,nan,nan,0,0.0,0,nan,nan,0.5334290899888455,0,6.4422170960645495,0.26883593126990235,0.017418441306114273,2,6.435046321989276,1.6485627155008722,5.460617008571898,1.7121542298193912,0.15067004659052766,0.48750634448403524,0,0.26816282179258066,0,994d54c9040caa4d,512,9.736410751352903,8,12,1,528,33,32,0.4861781839215062,374,18,17
81,553816.199999094,-3811468.889186431,3566807.880308708,3652665.603812291,0,0,0,0,1,1,1,6.4347119244180035,1.645112156400805,5.415210176595309,18,1,0.15067004659052766,5.472926503892927,6.459034207823471,0,,0.0,0.0,0,nan,0,0,,0,nan,,0.0,0.0,0,nan,nan,nan,nan,nan,nan,0,0.0,0,nan,nan,0.5501046331591345,0,6.459099969068832,0.2836887136092625,0.013089583854429017,2,6.435122438308898,1.6454407183279982,5.472926503892927,1.7155155646892941,nan,nan,0,0.28328469301168824,0,994d54c9040caa4d,512,8.782463417658537,8,0,0,0,0,0,nan,-1,0,0
82,553816.3999989033,-3811468.902836786,3566807.895093014,3652665.6192629123,0,0,0,0,1,1,1,6.43453894364305,1.6446182048087246,5.440614649113292,18,2,0.15067004659052766,5.490079674497418,6.4826719031646745,0,,0.0,0.0,0,nan,0,0,,0,nan,,0.0,0.0,0,nan,nan,nan,nan,nan,nan,0,0.0,0,nan,nan,0.5735863342754614,0,6.4827361481522985,0.2847274819539986,0.012758840538218361,2,6.434930363500309,1.6449319576291153,5.490079674497418,1.7227195117517602,nan,nan,0,0.2843417740310891,0,994d54c9040caa4d,512,8.722986264022827,8,0,0,0,0,0,nan,-1,0,0
83,553816.5999999046,-3811468.909679358,3566807.900495396,3652665.6277586543,0,0,0,0,1,1,1,6.4344153769818515,1.6446155842768528,5.452336005349673,18,3,0.15067004659052766,5.497062703441286,6.494130420956482,0,,0.0,0.0,0,nan,0,0,,0,nan,,0.0,0.0,0,nan,nan,nan,nan,nan,nan,0,0.0,0,nan,nan,0.585106237024532,0,6.494194374346414,0.2848496845773974,0.012721255311409399,2,6.434804563066078,1.644927526757347,5.497062703441286,1.730947006658849,nan,nan,0,0.28446613705144447,0,994d54c9040caa4d,512,8.716002192768663,8,0,0,0,0,0,nan,-1,0,0
84,553816.7999999523,-3811468.902958673,3566807.893729498,3652665.6224793,0,0,0,0,1,1,1,6.434360477149532,1.644640033983779,5.441563480377495,18,4,0.15067004659052766,5.488584600800307,6.484236040930569,0,,0.0,0.0,0,nan,0,0,,0,nan,,0.0,0.0,0,nan,nan,nan,nan,nan,nan,0,0.0,0,nan,nan,0.5752596778392683,0,6.484300194841787,0.28486962933597426,0.012714740753323161,2,6.434749248823607,1.644951631339185,5.488584600800307,1.7394480273096997,nan,nan,0,0.2844864468501887,0,994d54c9040caa4d,512,8.714846478761592,8,0,0,0,0,0,nan,-1,0,0
85,553817.0,-3811468.8169170558,3566807.7924411534,3652665.732098982,0,0,0,0,1,1,1,6.270280522170268,1.6746445048282141,5.294819844578226,19,0,0.16129119387086358,5.33972507027378,6.4215654654211,0,,0.0,0.0,0,nan,0,0,,0,nan,,0.0,0.0,0,nan,nan,nan,nan,nan,nan,0,0.0,0,nan,nan,0.510404200150508,0,6.421644162209659,0.2987783207881187,0.014170217042304223,2,6.270759361645302,1.6750172233619565,5.33972507027378,1.6605523074598696,0.16129119387086358,0.3482728961220111,0,0.29828138654453235,0,994d54c9040caa4d,512,7.998317031354268,8,12,1,528,33,32,0.47403564633412876,341,19,17
86,553817.199999094,-3811468.789584278,3566807.765068103,3652665.7043454917,0,0,0,0,1,1,1,6.268971872505975,1.6764816213090712,5.241449213974157,19,1,0.16129119387086358,5.306002063462841,6.373973956973412,0,,0.0,0.0,0,nan,0,0,,0,nan,,0.0,0.0,0,nan,nan,nan,nan,nan,nan,0,0.0,0,nan,nan,0.4640207189590225,1,6.374008877548218,0.31493470198982093,0.009822067039400915,2,6.269200041843884,1.6766583548231204,5.306002063462841,1.664017975913443,nan,nan,0,0.3146831860466525,0,994d54c9040caa4d,512,7.218324821106755,8,0,0,0,0,0,nan,-1,0,0
87,553817.3999989033,-3811468.7791701336,3566807.7530020396,3652665.6942558023,0,0,0,0,1,1,1,6.269605408219887,1.6749827442367897,5.227438423879993,19,2,0.16129119387086358,5.291895731050397,6.357941869624062,0,,0.0,0.0,0,nan,0,0,,0,nan,,0.0,0.0,0,nan,nan,nan,nan,nan,nan,0,0.0,0,nan,nan,0.44884818859107783,1,6.357976932925778,0.31609385693475206,0.009495965632871379,2,6.2698199938486505,1.6751495648234678,5.291895731050397,1.6714439156460614,nan,nan,0,0.31585730071832874,0,994d54c9040caa4d,512,7.1685062281855565,8,0,0,0,0,0,nan,-1,0,0
88,553817.5999999046,-3811468.777137907,3566807.7511370927,3652665.6918531856,0,0,0,0,1,1,1,6.269638736424367,1.6748643103741738,5.224177145156627,19,3,0.16129119387086358,5.289586413029958,6.35449979881074,0,,0.0,0.0,0,nan,0,0,,0,nan,,0.0,0.0,0,nan,nan,nan,nan,nan,nan,0,0.0,0,nan,nan,0.44550936605497293,1,6.354534808025766,0.3162029858811012,0.009461794133731641,2,6.269851968526015,1.6750301487976513,5.289586413029958,1.6799225601746655,nan,nan,0,0.31596781141323554,0,994d54c9040caa4d,512,7.16384885425796,8,0,0,0,0,0,nan,-1,0,0
89,553817.7999999523,-3811468.7767216642,3566807.7499405225,3652665.6927631916,0,0,0,0,1,1,1,6.269639906537315,1.6748232633972102,5.224023634889864,19,4,0.16129119387086358,5.288271008541489,6.354541585050571,0,,0.0,0.0,0,nan,0,0,,0,nan,,0.0,0.0,0,nan,nan,nan,nan,nan,nan,0,0.0,0,nan,nan,0.4457621234487466,1,6.354576638728969,0.31621420031010244,0.009459097370982574,2,6.2698530105829375,1.6749890040524564,5.288271008541489,1.6886804655036185,nan,nan,0,0.31597916761422384,0,994d54c9040caa4d,512,7.163370513052009,8,0,0,0,0,0,nan,-1,0,0
90,553818.0,-3811468.7353828726,3566807.691360277,3652665.845512674,0,0,0,0,0,1,1,6.116050544041111,1.7746635476569665,5.072363734970376,18,0,0.11031835963790779,5.194834180173555,6.405007662473907,0,,0.0,0.0,0,nan,0,0,,0,nan,,0.0,0.0,0,nan,nan,nan,nan,nan,nan,0,0.0,0,nan,nan,0.49004369162592515,1,6.405102958078075,0.31343703767906084,0.012413967215961462,2,6.116434750617804,1.7749502487758493,5.194834180173555,1.6144343408829938,0.11031835963790779,0.3497947379215988,0,0.31303190325267344,0,994d54c9040caa4d,512,7.0713253814050345,8,12,1,528,33,32,0.4907291732897125,312,18,17
91,553818.199999094,-3811468.7391064353,3566807.6956073996,3652665.849251501,0,0,0,0,0,1,1,6.113856664256852,1.777064938376887,5.069550064158991,18,1,0.11031835963790779,5.199922486511884,6.406894465900215,0,,0.0,0.0,0,nan,0,0,,0,nan,,0.0,0.0,0,nan,nan,nan,nan,nan,nan,0,0.0,0,nan,nan,0.491648985514957,1,6.406932027287868,0.33010608828872884,0.008073456381592908,2,6.1140180568832205,1.7771845100854458,5.199922486511884,1.6179992590076882,nan,nan,0,0.3299255388740571,0,994d54c9040caa4d,512,6.38782306234597,8,0,0,0,0,0,nan,-1,0,0
92,553818.3999989033,-3811468.74180484,3566807.696229558,3652665.8534990577,0,0,0,0,0,1,1,6.113621332153059,1.7768017415032347,5.073472589110489,18,2,0.11031835963790779,5.201547054065843,6.41105659321085,0,,0.0,0.0,0,nan,0,0,,0,nan,,0.0,0.0,0,nan,nan,nan,nan,nan,nan,0,0.0,0,nan,nan,0.4959089528911907,1,6.411091462338797,0.33119651198819305,0.007811679208096368,2,6.113772048094996,1.7769132525188482,5.201547054065843,1.6256355387093915,nan,nan,0,0.33102747497839985,0,994d54c9040caa4d,512,6.347684979989277,8,0,0,0,0,0,nan,-1,0,0
93,553818.5999999046,-3811468.7435135636,3566807.6972454316,3652665.8559057238,0,0,0,0,0,1,1,6.113506697589823,1.7769014976138036,5.076054612069313,18,3,0.11031835963790779,5.203086526608415,6.4138454313623585,0,,0.0,0.0,0,nan,0,0,,0,nan,,0.0,0.0,0,nan,nan,nan,nan,nan,nan,0,0.0,0,nan,nan,0.49871437036850824,1,6.413879860914455,0.33130101777959736,0.007783897104265436,2,6.113656289392167,1.7770121189277222,5.203086526608415,1.6343518753605377,nan,nan,0,0.3311330612088452,0,994d54c9040caa4d,512,6.343853465109884,8,0,0,0,0,0,nan,-1,0,0
94,553818.7999999523,-3811468.744718246,3566807.6983538847,3652665.855421672,0,0,0,0,0,1,1,6.1134710444358795,1.7769383133381604,5.076747743709925,18,4,0.11031835963790779,5.204760967274487,6.414307077607051,0,,0.0,0.0,0,nan,0,0,,0,nan,,0.0,0.0,0,nan,nan,nan,nan,nan,nan,0,0.0,0,nan,nan,0.4990841315286177,1,6.414341374276911,0.33131136134332106,0.007780761050654262,2,6.113620495855693,1.777048809148298,5.204760967274487,1.6433526676771246,nan,nan,0,0.3311435121963574,0,994d54c9040caa4d,512,6.3434729638955245,8,0,0,0,0,0,nan,-1,0,0
95,553819.0,-3811468.636547822,3566807.554884948,3652665.9106425443,0,0,0,0,0,1,1,6.033302812736346,1.9144844282144517,4.890138159597874,18,0,0.09650807870128013,5.019691785494193,6.432650968601077,0,,0.0,0.0,0,nan,0,0,,0,nan,,0.0,0.0,0,nan,nan,nan,nan,nan,nan,0,0.0,0,nan,nan,0.5137213199276645,0,6.432946491628282,0.29203381941996903,0.025464376299542114,5,6.034170499622139,1.9152214280915254,5.019691785494193,1.5710678464020085,0.09650807870128013,0.27321485315356214,0,0.29092310845174646,0,994d54c9040caa4d,512,7.100463541703252,8,12,1,528,33,32,0.5284102677918475,275,18,17
96,553819.199999094,-3811468.636808119,3566807.5548408963,3652665.9143909067,0,0,0,0,0,1,1,6.034604693025061,1.9153252410982102,4.893977517305169,18,1,0.09650807870128013,5.019348060966175,6.4378727180425415,0,,0.0,0.0,0,nan,0,0,,0,nan,,0.0,0.0,0,nan,nan,nan,nan,nan,nan,0,0.0,0,nan,nan,0.5188971451321442,0,6.437977161577867,0.30415479827813285,0.015155562919137151,5,6.034930936803078,1.915594232001193,5.019348060966175,1.5747309510157785,nan,nan,0,0.3037312227612821,0,994d54c9040caa4d,512,6.519896138222457,8,0,0,0,0,0,nan,-1,0,0
97,553819.3999989033,-3811468.6387844095,3566807.555983467,3652665.918199778,0,0,0,0,0,1,1,6.034933694501141,1.9156538354179204,4.898568483565775,18,2,0.09650807870128013,5.0209986749369175,6.4427346520307625,0,,0.0,0.0,0,nan,0,0,,0,nan,,0.0,0.0,0,nan,nan,nan,nan,nan,nan,0,0.0,0,nan,nan,0.5237753538852035,0,6.442831769206069,0.304685408349825,0.01461890977955016,5,6.0352391949852136,1.9159049201219511,5.0209986749369175,1.5825760258817991,nan,nan,0,0.30428878261031755,0,994d54c9040caa4d,512,6.496528502524932,8,0,0,0,0,0,nan,-1,0,0
98,553819.5999999046,-3811468.6393151586,3566807.556565854,3652665.922912061,0,0,0,0,0,1,1,6.035025274703532,1.915690844384603,4.902479296001756,18,3,0.09650807870128013,5.021187289397074,6.447175588731176,0,,0.0,0.0,0,nan,0,0,,0,nan,,0.0,0.0,0,nan,nan,nan,nan,nan,nan,0,0.0,0,nan,nan,0.528339625365642,0,6.447272040471716,0.3047366000818197,0.014568888568424827,5,6.035328858869786,1.915940229689175,5.021187289397074,1.5915282050527608,nan,nan,0,0.3043425556339637,0,994d54c9040caa4d,512,6.494279432728595,8,0,0,0,0,0,nan,-1,0,0
99,553819.7999999523,-3811468.641817714,3566807.556025829,3652665.9311662726,0,0,0,0,0,1,1,6.035060143796707,1.9156902959238422,4.909242387919663,18,4,0.09650807870128013,5.021359757160374,6.454549617784834,0,,0.0,0.0,0,nan,0,0,,0,nan,,0.0,0.0,0,nan,nan,nan,nan,nan,nan,0,0.0,0,nan,nan,0.5360959737724963,0,6.454646179866832,0.304742072474937,0.014563935994341424,5,6.035363567901976,1.9159395320614663,5.021359757160374,1.600769804175733,nan,nan,0,0.30434829339767183,0,994d54c9040caa4d,512,6.494044746914998,8,0,0,0,0,0,nan,-1,0,0
100,553820.0,-3811468.5541079477,3566807.437510714,3652665.968508439,0,0,0,0,0,1,1,5.952431828634041,2.032588589483483,4.730786090350278,18,0,0.08261153489824674,4.870813625953213,6.441409865754315,0,,0.0,0.0,0,nan,0,0,,0,nan,,0.0,0.0,0,nan,nan,nan,nan,nan,nan,0,0.0,0,nan,nan,0.43444711125919594,1,6.441402955099449,0.24905129290062772,0.022394377913785988,8,5.953048882125594,2.0329590142035823,4.870813625953213,1.5301583551075884,0.08261153489824674,0.2516350132432009,0,0.24790902129628775,0,994d54c9040caa4d,512,7.357535623750037,8,12,1,528,33,32,0.41221360417989084,509,18,17
101,553820.199999094,-3811468.5551112634,3566807.4387408583,3652665.9705805383,0,0,0,0,0,1,1,5.953235087224694,2.0303385205131765,4.737012736466261,18,1,0.08261153489824674,4.872141507085222,6.4457266365730765,0,,0.0,0.0,0,nan,0,0,,0,nan,,0.0,0.0,0,nan,nan,nan,nan,nan,nan,0,0.0,0,nan,nan,0.4418004311793286,1,6.445761105423516,0.25951445336176326,0.01564845397882305,8,5.953550206430584,2.030548619365558,4.872141507085222,1.5339193345582653,nan,nan,0,0.25899203360161294,0,994d54c9040caa4d,512,6.773956097765665,8,0,0,0,0,0,nan,-1,0,0
102,553820.3999989033,-3811468.554467566,3566807.438987627,3652665.970344634,0,0,0,0,0,1,1,5.953176596646015,2.0305988558440884,4.736208478639028,18,2,0.08261153489824674,4.871941036236305,6.4453952409922755,0,,0.0,0.0,0,nan,0,0,,0,nan,,0.0,0.0,0,nan,nan,nan,nan,nan,nan,0,0.0,0,nan,nan,0.44114462994600007,1,6.445430467455118,0.2599887103151205,0.015331582206062719,8,5.953479599233036,2.0308020591137415,4.871941036236305,1.5419721028542017,nan,nan,0,0.2594908972535184,0,994d54c9040caa4d,512,6.75097952700734,8,0,0,0,0,0,nan,-1,0,0
103,553820.5999999046,-3811468.566214731,3566807.449401112,3652665.982010112,0,0,0,0,0,1,1,5.953332809730321,2.030238111909233,4.756360157979746,18,3,0.08261153489824674,4.886003146619511,6.464075795506484,0,,0.0,0.0,0,nan,0,0,,0,nan,,0.0,0.0,0,nan,nan,nan,nan,nan,nan,0,0.0,0,nan,nan,0.4597864358172875,1,6.464111984558334,0.2600364761017294,0.015299226749211157,8,5.953635421809568,2.0304417304648563,4.886003146619511,1.5511586485323297,nan,nan,0,0.25954083434723874,0,994d54c9040caa4d,512,6.748904212999408,8,0,0,0,0,0,nan,-1,0,0
104,553820.7999999523,-3811468.580364131,3566807.4643471627,3652665.9947485225,0,0,0,0,0,1,1,5.95334561817792,2.030215197085708,4.780039635860467,18,4,0.08261153489824674,4.904954528168594,6.48630459660914,0,,0.0,0.0,0,nan,0,0,,0,nan,,0.0,0.0,0,nan,nan,nan,nan,nan,nan,0,0.0,0,nan,nan,0.48066662720009207,1,6.486340342637816,0.2600412942008126,0.015295607140479868,8,5.953648169954434,2.0304188511669716,4.904954528168594,1.560639325014739,nan,nan,0,0.2595458852683323,0,994d54c9040caa4d,512,6.748684630406333,8,0,0,0,0,0,nan,-1,0,0
105,553821.0,-3811468.4539604494,3566807.306149873,3652666.019897038,0,0,0,0,0,1,1,2.8216488189855062,2.3874882883536035,4.575131479767411,19,0,0.10109941856354684,4.701028825705114,2.8975495318473765,0,,0.0,0.0,0,nan,0,0,,0,nan,,0.0,0.0,0,nan,nan,nan,nan,nan,nan,0,0.0,0,nan,nan,0.4385542117129894,1,2.898999786852764,0.23289846088135302,0.03421986609225193,7,2.8187604733755647,2.388840042230682,4.701028825705114,1.4898935554101393,0.10109941856354684,0.22508718476253217,0,0.22998327807219274,0,0495d0a68a8d8223,512,7.431314346410927,8,12,1,528,33,32,0.4214656663539235,479,19,17
106,553821.199999094,-3811468.463041869,3566807.315766122,3652666.0304021374,0,0,0,0,0,1,1,2.8211499494226127,2.3896933480909097,4.598205726212484,19,1,0.10109941856354684,4.712981367175279,2.9165143454902953,0,,0.0,0.0,0,nan,0,0,,0,nan,,0.0,0.0,0,nan,nan,nan,nan,nan,nan,0,0.0,0,nan,nan,0.46001797654475785,1,2.9176974353174248,0.24170825053707365,0.031855313980533984,7,2.8186205279665475,2.390940546981251,4.712981367175279,1.493755958423994,nan,nan,0,0.23934919264948828,0,0495d0a68a8d8223,512,6.8199070054684015,8,0,0,0,0,0,nan,-1,0,0
107,553821.3999989033,-3811468.4721323354,3566807.3232537475,3652666.0398862143,0,0,0,0,0,1,1,2.8210763504862557,2.3897568382929153,4.613731244953801,19,2,0.10109941856354684,4.723474482020924,2.9303385339879835,0,,0.0,0.0,0,nan,0,0,,0,nan,,0.0,0.0,0,nan,nan,nan,nan,nan,nan,0,0.0,0,nan,nan,0.4740366234014455,1,2.9315053861423257,0.2420471594929224,0.0317506574306353,7,2.81856176523486,2.3910006055814357,4.723474482020924,1.5020240791443242,nan,nan,0,0.23971402306184839,0,0495d0a68a8d8223,512,6.795036647770818,8,0,0,0,0,0,nan,-1,0,0
108,553821.5999999046,-3811468.487521388,3566807.33707183,3652666.0585040287,0,0,0,0,0,1,1,2.8210199393546778,2.390132986113887,4.642317865016059,19,3,0.10109941856354684,4.741889378283319,2.955324885931942,0,,0.0,0.0,0,nan,0,0,,0,nan,,0.0,0.0,0,nan,nan,nan,nan,nan,nan,0,0.0,0,nan,nan,0.5012036972120333,0,2.9564834512673555,0.24207397967613384,0.03174252502941827,7,2.8185066675038923,2.3913752058847275,4.741889378283319,1.5114534494126786,nan,nan,0,0.23974323461083188,0,0495d0a68a8d8223,512,6.792766363842057,8,0,0,0,0,0,nan,-1,0,0
109,553821.7999999523,-3811468.498966446,3566807.3479712936,3652666.0694378703,0,0,0,0,0,1,1,2.821015011504363,2.3900992143402107,4.661247801351581,19,4,0.10109941856354684,4.756408538925942,2.9730595571903184,0,,0.0,0.0,0,nan,0,0,,0,nan,,0.0,0.0,0,nan,nan,nan,nan,nan,nan,0,0.0,0,nan,nan,0.5183858212905795,0,2.974214455841445,0.24207825824780632,0.03174138387154232,7,2.8185018926713195,2.391341498858659,4.756408538925942,1.5211816072400826,nan,nan,0,0.23974779234837582,0,0495d0a68a8d8223,512,6.7924983133340024,8,0,0,0,0,0,nan,-1,0,0
110,553822.0,-3811468.366795978,3566807.1951820585,3652666.079515507,0,0,0,0,0,1,1,2.6840238758983683,2.3128201057014244,4.513442818290191,19,0,0.09580900580672519,4.554417796108927,2.918115503106889,0,,0.0,0.0,0,nan,0,0,,0,nan,,0.0,0.0,0,nan,nan,nan,nan,nan,nan,0,0.0,0,nan,nan,0.43741143951906125,1,2.9191445484710727,0.2783042010800321,0.02905209256701116,7,2.681981635655538,2.313823480645892,4.554417796108927,1.4518613891260537,0.09580900580672519,0.23458075987996396,0,0.2755703717690418,0,0495d0a68a8d8223,512,6.7432019470876705,8,12,1,528,33,32,0.4109749092957412,111,19,17
111,553822.199999094,-3811468.396445469,3566807.224230911,3652666.1126333876,0,0,0,0,0,1,1,2.6831857708209537,2.31800948115472,4.579754089202728,19,1,0.09580900580672519,4.592267392438219,2.972762006296306,0,,0.0,0.0,0,nan,0,0,,0,nan,,0.0,0.0,0,nan,nan,nan,nan,nan,nan,0,0.0,0,nan,nan,0.4979844041614666,1,2.973601919468323,0.28956061343218914,0.026636753778537133,7,2.681445107998284,2.318869977944693,4.592267392438219,1.4558249861039145,nan,nan,0,0.28742534615045773,0,0495d0a68a8d8223,512,6.181248775885003,8,0,0,0,0,0,nan,-1,0,0
112,553822.3999989033,-3811468.433035671,3566807.2606027587,3652666.149549613,0,0,0,0,0,1,1,2.6830231007501215,2.318971048743936,4.645149069337984,19,2,0.09580900580672519,4.640125253966821,3.0328100906900493,0,,0.0,0.0,0,nan,0,0,,0,nan,,0.0,0.0,0,nan,nan,nan,nan,nan,nan,0,0.0,0,nan,nan,0.5585484888384679,0,3.0336348685329395,0.2900415540093472,0.026531141763211176,7,2.6812947153330806,2.319824288796882,4.640125253966821,1.464307366794698,nan,nan,0,0.28793626977451636,0,0495d0a68a8d8223,512,6.15747702245785,8,0,0,0,0,0,nan,-1,0,0
113,553822.5999999046,-3811468.495169431,3566807.3239307012,3652666.2178813745,0,0,0,0,0,1,1,2.6828975086148312,2.3201620640020644,4.758861840996554,19,3,0.09580900580672519,4.72301200125036,3.1376096385881067,0,,0.0,0.0,0,nan,0,0,,0,nan,,0.0,0.0,0,nan,nan,nan,nan,nan,nan,0,0.0,0,nan,nan,0.4930068173421159,1,3.1384218091187615,0.29005230046736236,0.026534377867323156,7,2.681168829723776,2.3210112654302026,4.72301200125036,1.4739780586275537,nan,nan,0,0.2879482233722561,0,0495d0a68a8d8223,512,6.156506978162776,8,0,0,0,0,0,nan,-1,0,0
114,553822.7999999523,-3811468.5736154537,3566807.399910786,3652666.298941172,0,0,0,0,0,1,1,2.6828708971467052,2.3203788972863175,4.894133650654775,19,4,0.09580900580672519,4.8266094848585706,3.264241546754887,0,,0.0,0.0,0,nan,0,0,,0,nan,,0.0,0.0,0,nan,nan,nan,nan,nan,nan,0,0.0,0,nan,nan,0.37570588854871073,1,3.2650375169221815,0.29005169781747664,0.0265362610470465,7,2.681141928931218,2.321227354145929,4.8266094848585706,1.4839519154548166,nan,nan,0,0.2879476538560415,0,0495d0a68a8d8223,512,6.156479384876031,8,0,0,0,0,0,nan,-1,0,0
115,553823.0,-3811468.3071210613,3566807.122528986,3652666.160279836,0,0,0,0,0,1,1,2.548140523997997,2.4785650213617054,4.856889811956668,19,0,0.07818896748069047,4.453110749404401,3.0322280089019142,0,,0.0,0.0,0,nan,0,0,,0,nan,,0.0,0.0,0,nan,nan,nan,nan,nan,nan,0,0.0,0,nan,nan,0.46835892426012427,1,3.033456268115426,0.31146189238441035,0.03311780760805912,8,2.5468739170118244,2.4789907403018265,4.453110749404401,1.4158440950765059,0.07818896748069047,0.5499291585600596,0,0.3083294955861428,0,0495d0a68a8d8223,512,6.021756674070812,8,12,1,528,33,32,0.41001445670891207,112,19,17
116,553823.199999094,-3811468.35837787,3566807.175700028,3652666.2083267174,0,0,0,0,0,1,1,2.545582745034906,2.4941465055613707,4.987374587346828,19,1,0.07818896748069047,4.52266282746532,3.1385476915296735,0,,0.0,0.0,0,nan,0,0,,0,nan,,0.0,0.0,0,nan,nan,nan,nan,nan,nan,0,0.0,0,nan,nan,0.44555859429892464,1,3.1392316026094047,0.32435340974949356,0.02404511759357905,8,2.5443983893630926,2.4946324547070255,4.52266282746532,1.4199083665795802,nan,nan,0,0.3221931945786285,0,0495d0a68a8d8223,512,5.5036814311568545,8,0,0,0,0,0,nan,-1,0,0
117,553823.3999989033,-3811468.433264046,3566807.25222931,3652666.2826369973,0,0,0,0,0,1,1,2.5450232229863765,2.4986974120274428,5.127727183479904,19,2,0.07818896748069047,4.624302905662867,3.2667587608518507,0,,0.0,0.0,0,nan,0,0,,0,nan,,0.0,0.0,0,nan,nan,nan,nan,nan,nan,0,0.0,0,nan,nan,0.3238305053206007,1,3.26743522461619,0.3249026153448311,0.023880041469164566,8,2.543849562283366,2.4991638161972203,4.624302905662867,1.428604050663526,nan,nan,0,0.32277942180722197,0,0495d0a68a8d8223,512,5.482388708093969,8,0,0,0,0,0,nan,-1,0,0
118,553823.5999999046,-3811468.526425609,3566807.342732031,3652666.378323031,0,0,0,0,0,1,1,2.5448418927365144,2.500489947459516,5.2919738973191155,19,3,0.07818896748069047,4.749034182664432,3.419466949423244,0,,0.0,0.0,0,nan,0,0,,0,nan,,0.0,0.0,0,nan,nan,nan,nan,nan,nan,0,0.0,0,nan,nan,0.20750358216398754,1,3.4201343479076636,0.3249149892262276,0.023884143706591608,8,2.5436678819439065,2.500950691845772,4.749034182664432,1.4393613695508036,nan,nan,0,0.32279233021235954,0,0495d0a68a8d8223,512,5.481761933633178,8,0,0,0,0,0,nan,-1,0,0
119,553823.7999999523,-3811468.626168303,3566807.4400163204,3652666.4852314456,0,0,0,0,0,1,1,2.544789121785196,2.5009886655729634,5.4679409752809,19,4,0.07818896748069047,4.885182020055159,3.584781498802558,0,,0.0,0.0,0,nan,0,0,,0,nan,,0.0,0.0,0,nan,nan,nan,nan,nan,nan,0,0.0,0,nan,nan,0.18921047031499322,1,3.5854353743979126,0.32491551171422006,0.023886548659096854,8,2.5436150071630985,2.501447892752076,4.885182020055159,1.4513607916494302,nan,nan,0,0.32279283029184735,0,0495d0a68a8d8223,512,5.4817185274822124,8,0,0,0,0,0,nan,-1,0,0
120,553824.0,-3811468.259865396,3566807.0599575657,3652666.3579538884,0,0,0,0,0,1,1,2.3616351648375087,2.881034236992674,5.4538701772375715,19,0,0.08988941241842627,4.361917432117349,3.1319751032178766,0,,0.0,0.0,0,nan,0,0,,0,nan,,0.0,0.0,0,nan,nan,nan,nan,nan,nan,0,0.0,0,nan,nan,0.3932646561881492,1,3.1344401837001965,0.31247086165886034,0.04275274260701253,8,2.360572394183605,2.880597939117858,4.361917432117349,1.373252962372899,0.08988941241842627,0.7202377201934707,3,0.3065318062354117,0,0495d0a68a8d8223,512,6.35681071926241,8,12,1,528,33,32,0.42061913067158385,112,19,17
121,553824.199999094,-3811468.3186313105,3566807.114591428,3652666.4297831175,0,0,0,0,0,1,1,2.3583951195222785,2.907076793291598,5.61549863522789,19,1,0.08988941241842627,4.439043102720355,3.2527325153678777,0,,0.0,0.0,0,nan,0,0,,0,nan,,0.0,0.0,0,nan,nan,nan,nan,nan,nan,0,0.0,0,nan,nan,0.26480825122083845,1,3.2546422482830515,0.3283425350758577,0.03583189420993059,8,2.3574926468703428,2.9066147741037818,4.439043102720355,1.3775673270551245,nan,nan,0,0.3235832645588128,0,0495d0a68a8d8223,512,5.6964898708969764,8,0,0,0,0,0,nan,-1,0,0
122,553824.3999989033,-3811468.4017194808,3566807.191496991,3652666.5269679357,0,0,0,0,0,1,1,2.357728569933288,2.9146410984881075,5.77867702660189,19,2,0.08988941241842627,4.549974274877567,3.3949804543241786,0,,0.0,0.0,0,nan,0,0,,0,nan,,0.0,0.0,0,nan,nan,nan,nan,nan,nan,0,0.0,0,nan,nan,0.15084432161535702,1,3.3968755351211226,0.3292205503066857,0.035506338903955666,8,2.356836571888547,2.914140603846882,4.549974274877567,1.3865624694209557,nan,nan,0,0.3245420279636738,0,0495d0a68a8d8223,512,5.661873919346113,8,0,0,0,0,0,nan,-1,0,0
123,553824.5999999046,-3811468.469013541,3566807.2541610976,3652666.6065085335,0,0,0,0,0,1,1,2.3576263626737264,2.9159407540605997,5.902634963983915,19,3,0.08988941241842627,4.641685113627941,3.508149958890898,0,,0.0,0.0,0,nan,0,0,,0,nan,,0.0,0.0,0,nan,nan,nan,nan,nan,nan,0,0.0,0,nan,nan,0.14188510886483852,1,3.510024906440443,0.329492673766124,0.035380291842594426,8,2.356738319824713,2.9154362425539007,4.641685113627941,1.396781349938426,nan,nan,0,0.3248453782926347,0,0495d0a68a8d8223,512,5.651298067154778,8,0,0,0,0,0,nan,-1,0,0
124,553824.7999999523,-3811468.5337115326,3566807.315192017,3652666.679677825,0,0,0,0,0,1,1,2.3575783499968095,2.9165530919208096,6.018655124037361,19,4,0.08988941241842627,4.731626776497732,3.616073298214665,0,,0.0,0.0,0,nan,0,0,,0,nan,,0.0,0.0,0,nan,nan,nan,nan,nan,nan,0,0.0,0,nan,nan,0.18270031354174884,1,3.617939006357311,0.32951142376968406,0.035383037207115,8,2.356690362977376,2.916045045497249,4.731626776497732,1.407305432486407,nan,nan,0,0.324866249880389,0,0495d0a68a8d8223,512,5.650566866492925,8,0,0,0,0,0,nan,-1,0,0
125,553825.0,-3811468.213257993,3566806.992953297,3652666.4700697195,0,0,0,0,0,1,1,2.23868530453053,3.287586467236084,5.890272139779201,18,0,0.08969191766896357,4.277212282198917,3.1185620764145345,0,,0.0,0.0,0,nan,0,0,,0,nan,,0.0,0.0,0,nan,nan,nan,nan,nan,nan,0,0.0,0,nan,nan,0.39236212063443965,1,3.1234908940489206,0.30129084468624956,0.05381522731002583,8,2.2374389841310385,3.285401407968412,4.277212282198917,1.341081887224252,0.08969191766896357,0.5287017041840866,1,0.2902502234629135,0,0495d0a68a8d8223,512,7.163374500231329,8,12,1,528,33,32,0.43381230388605,487,18,17
126,553825.199999094,-3811468.215952453,3566806.9975593677,3652666.470325392,0,0,0,0,0,1,1,2.2367079434820143,3.318548148414134,5.949408345863716,18,1,0.08969191766896357,4.282452446087192,3.1440833335390286,0,,0.0,0.0,0,nan,0,0,,0,nan,,0.0,0.0,0,nan,nan,nan,nan,nan,nan,0,0.0,0,nan,nan,0.3607636934125959,1,3.1486568928368666,0.3158950390919381,0.04998159167600717,8,2.23573579140336,3.3162069441427495,4.282452446087192,1.345371540844225,nan,nan,0,0.30556707741336936,0,0495d0a68a8d8223,512,6.457916545557858,8,0,0,0,0,0,nan,-1,0,0
127,553825.3999989033,-3811468.238187265,3566807.0211028242,3652666.4891943247,0,0,0,0,0,1,1,2.2363865590927126,3.3244832889233438,5.99605464083504,18,2,0.08969191766896357,4.314483734331186,3.1832556354014483,0,,0.0,0.0,0,nan,0,0,,0,nan,,0.0,0.0,0,nan,nan,nan,nan,nan,nan,0,0.0,0,nan,nan,0.3224162008845554,1,3.1878233883716223,0.3174380943961592,0.049602031142563875,8,2.235444061350565,3.322079825500155,4.314483734331186,1.354545942352799,nan,nan,0,0.30725383436912496,0,0495d0a68a8d8223,512,6.386684598649624,8,0,0,0,0,0,nan,-1,0,0
128,553825.5999999046,-3811468.261695421,3566807.0505434126,3652666.5058137137,0,0,0,0,0,1,1,2.2362907060001302,3.3263299068029344,6.038101056480596,18,3,0.08969191766896357,4.351916627772232,3.2243834191092255,0,,0.0,0.0,0,nan,0,0,,0,nan,,0.0,0.0,0,nan,nan,nan,nan,nan,nan,0,0.0,0,nan,nan,0.28610204142123125,1,3.2289678072062724,0.31759023022980226,0.049621738033447764,8,2.235352024845042,3.323900443880545,4.351916627772232,1.3649945563252466,nan,nan,0,0.3074206816785791,0,0495d0a68a8d8223,512,6.37969522634266,8,0,0,0,0,0,nan,-1,0,0
129,553825.7999999523,-3811468.278472328,3566807.074131695,3652666.5131957456,0,0,0,0,0,1,1,2.2362685421235247,3.3268518478226747,6.065133181303713,18,4,0.08969191766896357,4.3806593548427015,3.2535518186883365,0,,0.0,0.0,0,nan,0,0,,0,nan,,0.0,0.0,0,nan,nan,nan,nan,nan,nan,0,0.0,0,nan,nan,0.26381343042102295,1,3.2581396589476124,0.317642424218642,0.049621003298160604,8,2.2353313376983825,3.3244154409272517,4.3806593548427015,1.3757587604714319,nan,nan,0,0.30747918497104215,0,0495d0a68a8d8223,512,6.37727274953973,8,0,0,0,0,0,nan,-1,0,0
130,553826.0,-3811468.1517025777,3566806.937944159,3652666.5636500316,0,0,0,0,0,1,1,2.1365578497394258,3.405962184099069,5.915966385510824,19,0,0.10437133364055624,4.194577476519986,2.9910976107771656,0,,0.0,0.0,0,nan,0,0,,0,nan,,0.0,0.0,0,nan,nan,nan,nan,nan,nan,0,0.0,0,nan,nan,0.5359617243362049,0,2.996121042412296,0.32926625242912794,0.04523839815246155,7,2.134333510100888,3.4032534501826515,4.194577476519986,1.3114539874734326,0.10437133364055624,0.11782175146010418,0,0.31655006640711086,0,0495d0a68a8d8223,512,6.312430822026833,8,12,1,528,33,32,0.41846803301789137,393,19,17
131,553826.199999094,-3811468.159587029,3566806.949774481,3652666.568268415,0,0,0,0,0,1,1,2.136192940971462,3.4211096872343996,5.945868363315383,19,1,0.10437133364055624,4.208702179491958,3.0052099103390177,0,,0.0,0.0,0,nan,0,0,,0,nan,,0.0,0.0,0,nan,nan,nan,nan,nan,nan,0,0.0,0,nan,nan,0.5514897957289542,0,3.0097002716096517,0.3471684747651056,0.04061159559540291,7,2.1344368221370393,3.4183894177382546,4.208702179491958,1.3158415864574493,nan,nan,0,0.33528980535963354,0,0495d0a68a8d8223,512,5.624250477101046,8,0,0,0,0,0,nan,-1,0,0
132,553826.3999989033,-3811468.1752835745,3566806.9684575084,3652666.582082078,0,0,0,0,0,1,1,2.136218693431742,3.4241300465861237,5.975879376587724,19,2,0.10437133364055624,4.233177470332,3.0314476852741183,0,,0.0,0.0,0,nan,0,0,,0,nan,,0.0,0.0,0,nan,nan,nan,nan,nan,nan,0,0.0,0,nan,nan,0.5262320071734247,0,3.0359234135740465,0.34843753572844516,0.04032189017609777,7,2.134493468587442,3.4213789292071985,4.233177470332,1.3252205081739585,nan,nan,0,0.3366591416698108,0,0495d0a68a8d8223,512,5.578192958412777,8,0,0,0,0,0,nan,-1,0,0
133,553826.5999999046,-3811468.186702761,3566806.98243011,3652666.5923306453,0,0,0,0,0,1,1,2.136254097981532,3.4248308556914115,5.996578759226646,19,3,0.10437133364055624,4.251301327647518,3.051133529113753,0,,0.0,0.0,0,nan,0,0,,0,nan,,0.0,0.0,0,nan,nan,nan,nan,nan,nan,0,0.0,0,nan,nan,0.507477727202505,0,3.055611868282961,0.34860239435270796,0.040299912317265145,7,2.134531425047692,3.422070489851651,4.251301327647518,1.335898510189637,nan,nan,0,0.336839338687133,0,0495d0a68a8d8223,512,5.572194594789959,8,0,0,0,0,0,nan,-1,0,0
134,553826.7999999523,-3811468.1878019567,3566806.985637567,3652666.589243545,0,0,0,0,0,1,1,2.136272529990688,3.424969135230496,5.996847591735163,19,4,0.10437133364055624,4.254421475626382,3.0528372239620722,0,,0.0,0.0,0,nan,0,0,,0,nan,,0.0,0.0,0,nan,nan,nan,nan,nan,nan,0,0.0,0,nan,nan,0.5076690943977287,0,3.057316909310892,0.3486422246856692,0.04029437954453383,7,2.1345500874497776,3.4222069981045244,4.254421475626382,1.3468952651177057,nan,nan,0,0.33688377101632316,0,0495d0a68a8d8223,512,5.570727961400458,8,0,0,0,0,0,nan,-1,0,0
135,553827.0,-3811468.111643901,3566806.9077284085,3652666.6593171554,0,0,0,0,0,1,1,2.063990852591043,3.394792139422573,5.852315110497573,19,0,0.09857460373214366,4.146925816126614,2.9212536616784623,0,,0.0,0.0,0,nan,0,0,,0,nan,,0.0,0.0,0,nan,nan,nan,nan,nan,nan,0,0.0,0,nan,nan,0.46547987716788997,1,2.925203421194019,0.3781599476845234,0.03454023392602978,7,2.0620678473252902,3.3921785550010175,4.146925816126614,1.2831498675486563,0.09857460373214366,0.09671186119271143,0,0.3657456339581098,0,0495d0a68a8d8223,512,5.153985740055203,8,12,1,528,33,32,0.39764286511191504,279,19,17
136,553827.199999094,-3811468.0940148463,3566806.8905580505,3652666.641000069,0,0,0,0,0,1,1,2.06518422868826,3.39711225614507,5.821861451540427,19,1,0.09857460373214366,4.121989119095179,2.890315494964377,0,,0.0,0.0,0,nan,0,0,,0,nan,,0.0,0.0,0,nan,nan,nan,nan,nan,nan,0,0.0,0,nan,nan,0.4368731560115069,1,2.8938644792691437,0.3985459991314921,0.03129083807580785,7,2.063680569158764,3.394566576279591,4.121989119095179,1.287633609556804,nan,nan,0,0.38694731211649547,0,0495d0a68a8d8223,512,4.603777390834207,8,0,0,0,0,0,nan,-1,0,0
137,553827.3999989033,-3811468.078006212,3566806.8730734205,3652666.6263896944,0,0,0,0,0,1,1,2.065390676378801,3.3986218184789148,5.795875092548235,19,2,0.09857460373214366,4.098010376793993,2.863720753204609,0,,0.0,0.0,0,nan,0,0,,0,nan,,0.0,0.0,0,nan,nan,nan,nan,nan,nan,0,0.0,0,nan,nan,0.41442055062102456,1,2.867240664705312,0.3997760581947821,0.031042298835644324,7,2.063916427899695,3.3960785847241763,4.098010376793993,1.297216416217571,nan,nan,0,0.3882706330623061,0,0495d0a68a8d8223,512,4.5721923230983235,8,0,0,0,0,0,nan,-1,0,0
138,553827.5999999046,-3811468.073391289,3566806.8684036015,3652666.622026189,0,0,0,0,0,1,1,2.0653994863904725,3.3993014387634704,5.788990947328956,19,3,0.09857460373214366,4.091385907821337,2.8564807311847313,0,,0.0,0.0,0,nan,0,0,,0,nan,,0.0,0.0,0,nan,nan,nan,nan,nan,nan,0,0.0,0,nan,nan,0.40843637677665573,1,2.860002983328015,0.39988509431458186,0.03103838405944975,7,2.063926148717112,3.3967535252050434,4.091385907821337,1.3081230098219792,nan,nan,0,0.3883876264612693,0,0495d0a68a8d8223,512,4.569390670651951,8,0,0,0,0,0,nan,-1,0,0
139,553827.7999999523,-3811468.072745622,3566806.869852144,3652666.622304268,0,0,0,0,0,1,1,2.0654143750237024,3.3994436546848794,5.789835079659558,19,4,0.09857460373214366,4.092071765221815,2.857569783861983,0,,0.0,0.0,0,nan,0,0,,0,nan,,0.0,0.0,0,nan,nan,nan,nan,nan,nan,0,0.0,0,nan,nan,0.409038225110511,1,2.8610927623932256,0.3998958648589732,0.031039877395165706,7,2.063940827867944,3.3968947549165676,4.092071765221815,1.3193512865544206,nan,nan,0,0.3883991828557761,0,0495d0a68a8d8223,512,4.569113478261509,8,0,0,0,0,0,nan,-1,0,0
140,553828.0,-3811468.0661813403,3566806.8627250856,3652666.7517490285,0,0,0,0,0,1,1,1.9809480826638846,3.2854949991447473,5.691473398636357,19,0,0.08938931574877321,4.086669609186195,2.8690098205933356,0,,0.0,0.0,0,nan,0,0,,0,nan,,0.0,0.0,0,nan,nan,nan,nan,nan,nan,0,0.0,0,nan,nan,0.4374355653282671,1,2.8731807144397234,0.4039397211775095,0.03333360851447373,7,1.979176247179384,3.282271752801701,4.086669609186195,1.2560395952379817,0.08938931574877321,0.09337008776853428,0,0.3907199754655523,0,0495d0a68a8d8223,512,4.6651801837194,8,12,1,528,33,32,0.4191525101766179,248,19,17
141,553828.199999094,-3811468.071403873,3566806.866550798,3652666.7560254876,0,0,0,0,0,1,1,1.9822799110782876,3.284872496375421,5.692747720509161,19,1,0.08938931574877321,4.093174758981942,2.8709284291280714,0,,0.0,0.0,0,nan,0,0,,0,nan,,0.0,0.0,0,nan,nan,nan,nan,nan,nan,0,0.0,0,nan,nan,0.43923255836179476,1,2.8747513656628545,0.4239943066063765,0.029952345728649212,7,1.9808678743630364,3.2817577658261965,4.093174758981942,1.2606199405867662,nan,nan,0,0.4115304292467701,0,0495d0a68a8d8223,512,4.204752407172705,8,0,0,0,0,0,nan,-1,0,0
142,553828.3999989033,-3811468.0737366793,3566806.8712654174,3652666.757193967,0,0,0,0,0,1,1,1.9825463339493419,3.2846704932069124,5.69617299389664,19,2,0.08938931574877321,4.098326032270089,2.875189072381902,0,,0.0,0.0,0,nan,0,0,,0,nan,,0.0,0.0,0,nan,nan,nan,nan,nan,nan,0,0.0,0,nan,nan,0.4415046096133558,1,2.8789802967924243,0.4251054206773587,0.02970919820808455,7,1.981158483369426,3.281571247581369,4.098326032270089,1.2704065723485602,nan,nan,0,0.4127312825889582,0,0495d0a68a8d8223,512,4.180159083808145,8,0,0,0,0,0,nan,-1,0,0
143,553828.5999999046,-3811468.07287442,3566806.869024292,3652666.75345029,0,0,0,0,0,1,1,1.9826626066405795,3.2844841313393482,5.691295474766989,19,3,0.08938931574877321,4.095879325702708,2.8711088607833966,0,,0.0,0.0,0,nan,0,0,,0,nan,,0.0,0.0,0,nan,nan,nan,nan,nan,nan,0,0.0,0,nan,nan,0.4365524356651675,1,2.8748946010039274,0.425215293285849,0.029677036791167274,7,1.9812764436612114,3.281388057479388,4.095879325702708,1.2815413639290947,nan,nan,0,0.4128505354591317,0,0495d0a68a8d8223,512,4.177736970264185,8,0,0,0,0,0,nan,-1,0,0
144,553828.7999999523,-3811468.072885572,3566806.8682263196,3652666.7582660215,0,0,0,0,0,1,1,1.98268342752351,3.284533536378822,5.694046754211204,19,4,0.08938931574877321,4.09552060330058,2.872236834229757,0,,0.0,0.0,0,nan,0,0,,0,nan,,0.0,0.0,0,nan,nan,nan,nan,nan,nan,0,0.0,0,nan,nan,0.44062292202382125,1,2.876023604951236,0.42522601459332493,0.02967583311001716,7,1.9812975648140225,3.2814369331255135,4.09552060330058,1.293000496976616,nan,nan,0,0.4128622168391297,0,0495d0a68a8d8223,512,4.1774968523791225,8,0,0,0,0,0,nan,-1,0,0
145,553829.0,-3811468.017554418,3566806.811584417,3652666.8119255626,0,0,0,0,0,1,1,1.8953029277712041,3.1414150673538357,5.547042366255168,18,0,0.06618040356829674,4.019729389049064,2.8689709712505866,0,,0.0,0.0,0,nan,0,0,,0,nan,,0.0,0.0,0,nan,nan,nan,nan,nan,nan,0,0.0,0,nan,nan,0.42148648772960784,1,2.87273901048725,0.43737236055091255,0.029424660590868162,7,1.8939942896916946,3.1383751590813094,4.019729389049064,1.23087193110204,0.06618040356829674,0.051197964908721645,0,0.4236891020648052,0,0495d0a68a8d8223,512,4.089751390281335,8,12,1,528,33,32,0.397730844299008,232,18,17
146,553829.199999094,-3811468.0165300644,3566806.8080750396,3652666.8104859213,0,0,0,0,0,1,1,1.894648568634236,3.144221575812974,5.548157189626425,18,1,0.06618040356829674,4.016309146082557,2.866832525799525,0,,0.0,0.0,0,nan,0,0,,0,nan,,0.0,0.0,0,nan,nan,nan,nan,nan,nan,0,0.0,0,nan,nan,0.4237202390822344,1,2.8702272930034196,0.45850831489463056,0.02626729043509671,7,1.8935377995354528,3.14131706704142,4.016309146082557,1.235545772389991,nan,nan,0,0.4453879234831378,0,0495d0a68a8d8223,512,3.7094914491159003,8,0,0,0,0,0,nan,-1,0,0
147,553829.3999989033,-3811468.014394675,3566806.8054189156,3652666.8067850103,0,0,0,0,0,1,1,1.8946585106216425,3.143438486503234,5.542232905212141,18,2,0.06618040356829674,4.012672954542102,2.862186506155772,0,,0.0,0.0,0,nan,0,0,,0,nan,,0.0,0.0,0,nan,nan,nan,nan,nan,nan,0,0.0,0,nan,nan,0.41864934668427756,1,2.8655524241782935,0.4596765193317014,0.02602462727766319,7,1.8935674646603273,3.140549018416087,4.012672954542102,1.2455294838489075,nan,nan,0,0.4466270562232331,0,0495d0a68a8d8223,512,3.6898137175826884,8,0,0,0,0,0,nan,-1,0,0
148,553829.5999999046,-3811468.0146250697,3566806.803597285,3652666.804401425,0,0,0,0,0,1,1,1.8946280533376472,3.143482747819005,5.539804631685444,18,3,0.06618040356829674,4.0112892774506035,2.859863822488896,0,,0.0,0.0,0,nan,0,0,,0,nan,,0.0,0.0,0,nan,nan,nan,nan,nan,nan,0,0.0,0,nan,nan,0.4163637613426185,1,2.8632271411524997,0.45978585483460893,0.026002192343907375,7,1.8935388073180528,3.140593913788759,4.0112892774506035,1.2568846948071117,nan,nan,0,0.44674383292857095,0,0495d0a68a8d8223,512,3.6879681082499216,8,0,0,0,0,0,nan,-1,0,0
149,553829.7999999523,-3811468.0067259683,3566806.792402367,3652666.796458958,0,0,0,0,0,1,1,1.8946401813531557,3.143391631808052,5.524190092080554,18,4,0.06618040356829674,3.99718053721089,2.844405275843475,0,,0.0,0.0,0,nan,0,0,,0,nan,,0.0,0.0,0,nan,nan,nan,nan,nan,nan,0,0.0,0,nan,nan,0.40340929559692124,1,2.847766771913535,0.4598005425200431,0.02599562615826759,7,1.8935512070442817,3.140503561433104,3.99718053721089,1.2685665783557698,nan,nan,0,0.44675915374663727,0,0495d0a68a8d8223,512,3.687728878392014,8,0,0,0,0,0,nan,-1,0,0
150,553830.0,-3811467.985260387,3566806.771353855,3652666.878964111,0,0,0,0,0,1,1,1.8325383544413856,3.024281638195854,5.4030003838471705,18,0,0.053549020670663715,3.973227598342918,2.8494893733518367,0,,0.0,0.0,0,nan,0,0,,0,nan,,0.0,0.0,0,nan,nan,nan,nan,nan,nan,0,0.0,0,nan,nan,0.41489700972573285,1,2.852953559416205,0.46298429843898864,0.027367120460199554,7,1.8312178979181986,3.021394213440194,3.973227598342918,1.2066205478812713,0.053549020670663715,0.09588026818371093,0,0.44893786136645564,0,0495d0a68a8d8223,512,3.7175892206727617,8,12,1,528,33,32,0.3842742574719774,231,18,17
151,553830.199999094,-3811467.9851125004,3566806.768358622,3652666.880671127,0,0,0,0,0,1,1,1.8330782534571464,3.0268338267503743,5.403788527481263,18,1,0.053549020670663715,3.971003122751979,2.8469012558092626,0,,0.0,0.0,0,nan,0,0,,0,nan,,0.0,0.0,0,nan,nan,nan,nan,nan,nan,0,0.0,0,nan,nan,0.4187543411344228,1,2.8501471947021315,0.4851419050645417,0.024339214752067545,7,1.8320284736499097,3.023981774742327,3.971003122751979,1.2113879539230077,nan,nan,0,0.4716147779760699,0,0495d0a68a8d8223,512,3.376088753762567,8,0,0,0,0,0,nan,-1,0,0
152,553830.3999989033,-3811467.9863232654,3566806.7665131297,3652666.883861564,0,0,0,0,0,1,1,1.8332936933073283,3.0265352616977617,5.4046828928923,18,2,0.053549020670663715,3.9706548931090153,2.8465339410744948,0,,0.0,0.0,0,nan,0,0,,0,nan,,0.0,0.0,0,nan,nan,nan,nan,nan,nan,0,0.0,0,nan,nan,0.42167219135590844,1,2.8497597042672664,0.486332150191928,0.02414355529151165,7,1.832258755459911,3.0236938848794344,3.9706548931090153,1.2215691181494948,nan,nan,0,0.4728710435086893,0,0495d0a68a8d8223,512,3.3589154173085545,8,0,0,0,0,0,nan,-1,0,0
153,553830.5999999046,-3811467.9856298915,3566806.764454131,3652666.8898634403,0,0,0,0,0,1,1,1.8333558012806253,3.0265335817563375,5.407062639292708,18,3,0.053549020670663715,3.969153137695144,2.8467631512053764,0,,0.0,0.0,0,nan,0,0,,0,nan,,0.0,0.0,0,nan,nan,nan,nan,nan,nan,0,0.0,0,nan,nan,0.42664304313065715,1,2.8499890259764986,0.48644707454083574,0.02412499859986188,7,1.8323223882784203,3.02369256687367,3.969153137695144,1.2331449834508021,nan,nan,0,0.4729928469643581,0,0495d0a68a8d8223,512,3.3572603934379552,8,0,0,0,0,0,nan,-1,0,0
154,553830.7999999523,-3811467.9903496564,3566806.765487584,3652666.8982066484,0,0,0,0,0,1,1,1.8333654293395858,3.026555531116013,5.415491101303163,18,4,0.053549020670663715,3.9737126486476058,2.8525762463774247,0,,0.0,0.0,0,nan,0,0,,0,nan,,0.0,0.0,0,nan,nan,nan,nan,nan,nan,0,0.0,0,nan,nan,0.43603875938172454,1,2.8558044854106983,0.48645743635575256,0.024124578539655092,7,1.8323318813014569,3.02371423258173,3.9737126486476058,1.2450496285497097,nan,nan,0,0.473003870207075,0,0495d0a68a8d8223,512,3.35710982818422,8,0,0,0,0,0,nan,-1,0,0
155,553831.0,-3811467.941213719,3566806.7208671384,3652666.943855947,0,0,0,0,0,1,1,1.7485221641724777,2.899997038599441,5.285965730854099,19,0,0.045751172293329055,3.9124282073757004,2.8590255313275272,0,,0.0,0.0,0,nan,0,0,,0,nan,,0.0,0.0,0,nan,nan,nan,nan,nan,nan,0,0.0,0,nan,nan,0.4372402712661775,1,2.862993756788687,0.4784246734426397,0.028699652604763412,7,1.7472540268366674,2.8965515637561157,3.9124282073757004,1.182481384915011,0.045751172293329055,0.07387401011273749,0,0.4632561790118764,0,0495d0a68a8d8223,512,3.5216117529228494,8,12,1,528,33,32,0.4039733713098341,232,19,17
156,553831.199999094,-3811467.9375429526,3566806.7170734573,3652666.936109979,0,0,0,0,0,1,1,1.7485556504993625,2.89776995385237,5.273563828073329,19,1,0.045751172293329055,3.906416893204607,2.851099164776365,0,,0.0,0.0,0,nan,0,0,,0,nan,,0.0,0.0,0,nan,nan,nan,nan,nan,nan,0,0.0,0,nan,nan,0.42422709428717387,1,2.854818765952768,0.5010620389760927,0.0259652695594809,7,1.7475379104373445,2.894406313712997,3.906416893204607,1.1873457377292325,nan,nan,0,0.48634759171781744,0,0495d0a68a8d8223,512,3.2021453883473483,8,0,0,0,0,0,nan,-1,0,0
157,553831.3999989033,-3811467.9339334266,3566806.7150494764,3652666.923380547,0,0,0,0,0,1,1,1.7484158090453612,2.89767697958487,5.26252002642132,19,2,0.045751172293329055,3.9013209807799902,2.8434716177780115,0,,0.0,0.0,0,nan,0,0,,0,nan,,0.0,0.0,0,nan,nan,nan,nan,nan,nan,0,0.0,0,nan,nan,0.4103777592207276,1,2.847165093342615,0.502253642014011,0.0258046266314853,7,1.747413982813971,2.894326562279047,3.9013209807799902,1.197731291984316,nan,nan,0,0.48760090291203556,0,0495d0a68a8d8223,512,3.1863940675794282,8,0,0,0,0,0,nan,-1,0,0
158,553831.5999999046,-3811467.934313512,3566806.716264473,3652666.924297403,0,0,0,0,0,1,1,1.7483556167761518,2.8980303078480727,5.264496451142877,19,3,0.045751172293329055,3.9025741748056184,2.845194060222768,0,,0.0,0.0,0,nan,0,0,,0,nan,,0.0,0.0,0,nan,nan,nan,nan,nan,nan,0,0.0,0,nan,nan,0.41230282328606926,1,2.8488874299267226,0.5023769822336434,0.025797678505132836,7,1.7473568181421144,2.8946783798790543,3.9025741748056184,1.2095353202027972,nan,nan,0,0.48773007265008395,0,0495d0a68a8d8223,512,3.18477862635908,8,0,0,0,0,0,nan,-1,0,0
159,553831.7999999523,-3811467.9425369482,3566806.7217578874,3652666.9313570894,0,0,0,0,0,1,1,1.748334869014444,2.8980977644537957,5.275786553086618,19,4,0.045751172293329055,3.9119685797088577,2.854721978589294,0,,0.0,0.0,0,nan,0,0,,0,nan,,0.0,0.0,0,nan,nan,nan,nan,nan,nan,0,0.0,0,nan,nan,0.4225975169537418,1,2.8584176689801852,0.5023903935604787,0.025798563343818068,7,1.7473363457951032,2.8947454236794083,3.9119685797088577,1.2216700533079259,nan,nan,0,0.487744068971315,0,0495d0a68a8d8223,512,3.184603107570473,8,0,0,0,0,0,nan,-1,0,0
160,553832.0,-3811467.8971034507,3566806.660175587,3652667.001338215,0,0,0,0,0,1,1,1.6628866534778417,2.7611425604234126,5.1578292351717865,19,0,0.053054975301947395,3.843556512390465,2.8714104441713384,0,,0.0,0.0,0,nan,0,0,,0,nan,,0.0,0.0,0,nan,nan,nan,nan,nan,nan,0,0.0,0,nan,nan,0.4358972428499175,1,2.875869749635499,0.4851125222169728,0.03132410295069607,7,1.6615201921709999,2.7571979822630293,3.843556512390465,1.1592398702399043,0.053054975301947395,0.07174449441085436,0,0.4683432948933131,0,0495d0a68a8d8223,512,3.4429318667490643,8,12,1,528,33,32,0.41510961653654904,233,19,17
161,553832.2000000477,-3811467.923542705,3566806.6856013197,3652667.027341143,0,0,0,0,0,1,1,1.661112781354603,2.767729042199087,5.2153084285072735,19,1,0.053054975301947395,3.882917288575281,2.9175407127280364,0,,0.0,0.0,0,nan,0,0,,0,nan,,0.0,0.0,0,nan,nan,nan,nan,nan,nan,0,0.0,0,nan,nan,0.4900447147557216,1,2.921760215465247,0.507343916981498,0.027856253009850285,7,1.660103882411723,2.763843251732727,3.882917288575281,1.1642015862100588,nan,nan,0,0.490908199583793,0,0495d0a68a8d8223,512,3.140207257452878,8,0,0,0,0,0,nan,-1,0,0
162,553832.3999989033,-3811467.97635213,3566806.736962265,3652667.0881054373,0,0,0,0,0,1,1,1.6605398631444492,2.7704170214262396,5.315730978782877,19,2,0.053054975301947395,3.9636450512398866,3.0064651095751045,0,,0.0,0.0,0,nan,0,0,,0,nan,,0.0,0.0,0,nan,nan,nan,nan,nan,nan,0,0.0,0,nan,nan,0.5429045393941356,0,3.0107080785259095,0.508232068596462,0.02783268826078553,7,1.659548532897086,2.766513684524676,3.9636450512398866,1.1747917570804605,nan,nan,0,0.4918365690328608,0,0495d0a68a8d8223,512,3.1288311937401105,8,0,0,0,0,0,nan,-1,0,0
163,553832.5999999046,-3811468.0341906943,3566806.7926369924,3652667.153666211,0,0,0,0,0,1,1,1.6604875939159676,2.7704354435437475,5.418378896979437,19,3,0.053054975301947395,4.051940813799846,3.1008989601873616,0,,0.0,0.0,0,nan,0,0,,0,nan,,0.0,0.0,0,nan,nan,nan,nan,nan,nan,0,0.0,0,nan,nan,0.46439032871682645,1,3.1051582244725116,0.5083452538648985,0.027830362736950956,7,1.6594971245121686,2.7665302836560457,4.051940813799846,1.1868239656301016,nan,nan,0,0.491955256519287,0,0495d0a68a8d8223,512,3.1273874754227626,8,0,0,0,0,0,nan,-1,0,0
164,553832.7999989986,-3811468.0931589496,3566806.8458652617,3652667.2118589464,0,0,0,0,0,1,1,1.660479080284307,2.770382069520657,5.518312078111911,19,4,0.053054975301947395,4.139193567746055,3.1945486708214608,0,,0.0,0.0,0,nan,0,0,,0,nan,,0.0,0.0,0,nan,nan,nan,nan,nan,nan,0,0.0,0,nan,nan,0.39755090748848093,1,3.198820894339453,0.5083622545243536,0.027830847571453394,7,1.6594883483759764,2.7664766088323023,4.139193567746055,1.199188445176101,nan,nan,0,0.4919731452038098,0,0495d0a68a8d8223,512,3.1271705802930816,8,0,0,0,0,0,nan,-1,0,0
165,553833.0,-3811467.8769136514,3566806.585056034,3652667.0628408715,0,0,0,0,0,1,1,1.5535129365149045,2.9455078779385424,5.508245525757731,18,0,0.047267940201068906,3.783660693091006,3.00374317971291,0,,0.0,0.0,0,nan,0,0,,0,nan,,0.0,0.0,0,nan,nan,nan,nan,nan,nan,0,0.0,0,nan,nan,0.5115551282977213,0,3.012737444408927,0.46956130185568823,0.04600993779002211,8,1.5534778830263087,2.9369218375131614,3.783660693091006,1.1373604200894354,0.047267940201068906,0.36198271512667823,0,0.4449009864038002,0,0495d0a68a8d8223,512,3.6969450361357956,8,12,1,528,33,32,0.4635531002104143,134,18,16
166,553833.2000000477,-3811467.942841122,3566806.6108432873,3652667.1120599834,0,0,0,0,0,1,1,1.5474282121886853,2.9639694174069553,5.636008652975201,18,1,0.047267940201068906,3.854746832013611,3.1056093319616904,0,,0.0,0.0,0,nan,0,0,,0,nan,,0.0,0.0,0,nan,nan,nan,nan,nan,nan,0,0.0,0,nan,nan,0.4617386532887622,1,3.114372751383713,0.4913520868955839,0.04426257031253749,8,1.5477875483184937,2.9553858119012615,3.854746832013611,1.1424217871181015,nan,nan,0,0.46634577639185026,0,0495d0a68a8d8223,512,3.3727952040804645,8,0,0,0,0,0,nan,-1,0,0
167,553833.3999989033,-3811468.0480415085,3566806.6463518525,3652667.1859335355,0,0,0,0,0,1,1,1.5461235039206203,2.968523292844032,5.772089162175528,18,2,0.047267940201068906,3.963573068034506,3.2293422924330955,0,,0.0,0.0,0,nan,0,0,,0,nan,,0.0,0.0,0,nan,nan,nan,nan,nan,nan,0,0.0,0,nan,nan,0.351204479412201,1,3.238157787198286,0.49241809795942915,0.0443469600842866,8,1.546546616002629,2.959907288933585,3.963573068034506,1.1532131646327353,nan,nan,0,0.46742879698229456,0,0495d0a68a8d8223,512,3.3579191955569656,8,0,0,0,0,0,nan,-1,0,0
168,553833.5999999046,-3811468.164357494,3566806.663408221,3652667.2313815723,0,0,0,0,0,1,1,1.5458310629736352,2.96893939068158,5.874802713751717,18,3,0.047267940201068906,4.058980586629926,3.3300587290186834,0,,0.0,0.0,0,nan,0,0,,0,nan,,0.0,0.0,0,nan,nan,nan,nan,nan,nan,0,0.0,0,nan,nan,0.26211750504950904,1,3.3388717917900643,0.492580856442586,0.04432002326523848,8,1.5462633178671827,2.9603348190990015,4.058980586629926,1.1654685053963985,nan,nan,0,0.46763785086290305,0,0495d0a68a8d8223,512,3.3550277455549997,8,0,0,0,0,0,nan,-1,0,0
169,553833.7999989986,-3811468.339641392,3566806.6803187616,3652667.3166121943,0,0,0,0,0,1,1,1.5456785051549167,2.969790492476005,6.039818000383368,18,4,0.047267940201068906,4.20174968702978,3.481123638759926,0,,0.0,0.0,0,nan,0,0,,0,nan,,0.0,0.0,0,nan,nan,nan,nan,nan,nan,0,0.0,0,nan,nan,0.1670457531875949,1,3.4899920272203486,0.49252140408476974,0.04436897999571384,8,1.5461172280748106,2.9611737169327945,4.20174968702978,1.178280152302728,nan,nan,0,0.4675676833227933,0,0495d0a68a8d8223,512,3.356005996974054,8,0,0,0,0,0,nan,-1,0,0
170,553834.0,-3811468.1819686536,3566806.3127259864,3652666.9904269995,0,0,0,0,0,1,1,1.5296707175217843,3.3021410848427637,6.079798042507498,19,0,0.05682785282250618,3.773263474308673,3.1667642330109462,0,,0.0,0.0,0,nan,0,0,,0,nan,,0.0,0.0,0,nan,nan,nan,nan,nan,nan,0,0.0,0,nan,nan,0.4047646670105193,1,3.1730066344337224,0.49000261475049567,0.038167772268675036,8,1.530786606250099,3.296035973677903,3.773263474308673,1.1146720770202667,0.05682785282250618,0.7585077761725596,1,0.4683570907688383,0,0495d0a68a8d8223,512,3.4085965494354626,8,12,1,528,33,32,0.49766216238478417,38,19,16
171,553834.2000000477,-3811468.3609831757,3566806.2911363347,3652667.0129717146,0,0,0,0,0,1,1,1.5266550493057542,3.3387201163572877,6.261165152777496,19,1,0.05682785282250618,3.868069932031674,3.3054047960717727,0,,0.0,0.0,0,nan,0,0,,0,nan,,0.0,0.0,0,nan,nan,nan,nan,nan,nan,0,0.0,0,nan,nan,0.2626754666839371,1,3.3116425476070934,0.5097434927621661,0.03773763235937659,8,1.5282900572346088,3.332466335096779,3.868069932031674,1.1207849122552709,nan,nan,0,0.4877387403983859,0,0495d0a68a8d8223,512,3.1483806438605813,8,0,0,0,0,0,nan,-1,0,0
172,553834.3999989033,-3811468.5935654556,3566806.291800705,3652667.0650551766,0,0,0,0,0,1,1,1.5259452145087586,3.346877642716881,6.45067762101507,19,2,0.05682785282250618,4.016028926985504,3.4734918133194177,0,,0.0,0.0,0,nan,0,0,,0,nan,,0.0,0.0,0,nan,nan,nan,nan,nan,nan,0,0.0,0,nan,nan,0.14118738810970602,1,3.47977519965481,0.5110651843710222,0.03766693487545552,8,1.527635770968806,3.3405891494102247,4.016028926985504,1.1344753920671016,nan,nan,0,0.4891072178329002,0,0495d0a68a8d8223,512,3.131352718032502,8,0,0,0,0,0,nan,-1,0,0
173,553834.5999999046,-3811468.8537251814,3566806.2975220517,3652667.1028132853,0,0,0,0,0,1,1,1.5257111900948341,3.34940117854889,6.634467523048352,19,3,0.05682785282250618,4.177159762217223,3.644972570961569,0,,0.0,0.0,0,nan,0,0,,0,nan,,0.0,0.0,0,nan,nan,nan,nan,nan,nan,0,0.0,0,nan,nan,0.19848269260222282,1,3.6512773412960544,0.5112246659728493,0.037664768932798,8,1.527415132674023,3.3431067147487368,4.177159762217223,1.1514234305888231,nan,nan,0,0.48929010613876395,0,0495d0a68a8d8223,512,3.129083026206927,8,0,0,0,0,0,nan,-1,0,0
174,553834.7999989986,-3811469.114811977,3566806.323649526,3652667.122325002,0,0,0,0,0,1,1,1.5256273308853887,3.350317387012558,6.813729067694002,19,4,0.05682785282250618,4.345613150211294,3.8195340820220425,0,,0.0,0.0,0,nan,0,0,,0,nan,,0.0,0.0,0,nan,nan,nan,nan,nan,nan,0,0.0,0,nan,nan,0.24631793344225025,1,3.825846919195107,0.5112728045989076,0.03767648514247537,8,1.5273379721502955,3.3440187354371544,4.345613150211294,1.1711677443423605,nan,nan,0,0.48934428439017086,0,0495d0a68a8d8223,512,3.128410443157157,8,0,0,0,0,0,nan,-1,0,0
175,553835.0,-3811468.9221727075,3566805.8889285713,3652666.7511459067,0,0,0,0,0,1,1,1.470646987853119,3.942639979027324,6.8501941470861425,19,0,0.07947955307913723,3.8078952838316265,3.256651216783954,0,,0.0,0.0,0,nan,0,0,,0,nan,,0.0,0.0,0,nan,nan,nan,nan,nan,nan,0,0.0,0,nan,nan,0.2140471963279758,1,3.2652849143990488,0.5004258461551095,0.048060159342658185,9,1.472867298064462,3.93403889925848,3.8078952838316265,1.0921800440234188,0.07947955307913723,0.7428734976749565,3,0.47242110080154476,0,0495d0a68a8d8223,512,3.617331920048448,8,12,1,528,33,32,0.2140471963279758,207,19,16
176,553835.2000000477,-3811469.14593144,3566805.8887803154,3652666.7461278667,0,0,0,0,0,1,1,1.4646465845171701,4.0196005046721135,7.09789012124363,19,1,0.07947955307913723,3.923234607812135,3.4119790883628984,0,,0.0,0.0,0,nan,0,0,,0,nan,,0.0,0.0,0,nan,nan,nan,nan,nan,nan,0,0.0,0,nan,nan,0.19507601524363422,1,3.4214853601422965,0.507250022634146,0.05103319320072581,9,1.467511675811345,4.010095392036311,3.923234607812135,1.1012254354878293,nan,nan,0,0.4777677325993193,0,0495d0a68a8d8223,512,3.538393996970854,8,0,0,0,0,0,nan,-1,0,0
177,553835.3999989033,-3811469.426497666,3566805.9428132623,3652666.7865170296,0,0,0,0,0,1,1,1.4626993273756166,4.047503218719321,7.366613282876145,19,2,0.07947955307913723,4.121643685872361,3.63438133990711,0,,0.0,0.0,0,nan,0,0,,0,nan,,0.0,0.0,0,nan,nan,nan,nan,nan,nan,0,0.0,0,nan,nan,0.1829305763163952,1,3.644242874768046,0.5069925246688916,0.05226217391393292,9,1.4657889718957597,4.037677813417313,4.121643685872361,1.124376975870655,nan,nan,0,0.47732663639942247,0,0495d0a68a8d8223,512,3.544847725863743,8,0,0,0,0,0,nan,-1,0,0
178,553835.5999999046,-3811469.724018108,3566806.017251087,3652666.8257139185,0,0,0,0,0,1,1,1.4619751683543714,4.058089959419102,7.6318468953995175,19,3,0.07947955307913723,4.342795068315257,3.874490784484738,0,,0.0,0.0,0,nan,0,0,,0,nan,,0.0,0.0,0,nan,nan,nan,nan,nan,nan,0,0.0,0,nan,nan,0.34361016597473265,1,3.884495420512887,0.5074545299506256,0.05265216108378546,9,1.46514209165617,4.048162785911901,4.342795068315257,1.15654221137226,nan,nan,0,0.47777440166474616,0,0495d0a68a8d8223,512,3.538312107337281,8,0,0,0,0,0,nan,-1,0,0
179,553835.7999989986,-3811470.054085611,3566806.104452153,3652666.8646822744,0,0,0,0,0,1,1,1.4616880436256663,4.062204504497281,7.908610218492271,19,4,0.07947955307913723,4.587383456620978,4.132689445585141,0,,0.0,0.0,0,nan,0,0,,0,nan,,0.0,0.0,0,nan,nan,nan,nan,nan,nan,0,0.0,0,nan,nan,0.47078369515096574,1,4.1427667017658285,0.5073478757331303,0.05280926634489974,9,1.4648819538610782,4.052240796736442,4.587383456620978,1.18934885985337,nan,nan,0,0.47767106105569107,0,0495d0a68a8d8223,512,3.539819058732816,8,0,0,0,0,0,nan,-1,0,0
180,553836.0,-3811469.7342828037,3566805.5704881656,3652666.157351709,0,0,0,0,0,1,1,1.4493470567860425,4.992159862821606,7.981830352750347,19,0,0.1302654067284061,3.788254931287446,3.3027391744670744,0,,0.0,0.0,0,nan,0,0,,0,nan,,0.0,0.0,0,nan,nan,nan,nan,nan,nan,0,0.0,0,nan,nan,0.28162296654931224,1,3.3131773213598223,0.4831345186005244,0.0544644299541778,7,1.4522324251493586,4.9816452375318985,3.788254931287446,1.0694199344821425,0.1302654067284061,1.0123440031286453,4,0.4527522256936983,0,0495d0a68a8d8223,512,4.141557172874686,8,12,1,528,33,32,0.5594345897524029,498,19,16
181,553836.2000000477,-3811470.01414231,3566805.58588379,3652666.0946779614,0,0,0,0,0,1,1,1.4479557729013284,5.085503515742835,8.26328948934378,19,1,0.1302654067284061,3.909997348660112,3.478486766776645,0,,0.0,0.0,0,nan,0,0,,0,nan,,0.0,0.0,0,nan,nan,nan,nan,nan,nan,0,0.0,0,nan,nan,0.1607889689545567,1,3.4897511415348728,0.4872795615095908,0.05698089143557294,7,1.451347312107166,5.0741923860556275,3.909997348660112,1.079791469158277,nan,nan,0,0.4560824011545731,0,0495d0a68a8d8223,512,4.083189348512307,8,0,0,0,0,0,nan,-1,0,0
182,553836.3999989033,-3811470.3718807334,3566805.6227375017,3652666.0573353483,0,0,0,0,0,1,1,1.4477141006562357,5.115495343072651,8.519488585058388,19,2,0.1302654067284061,4.093862800363508,3.691733813108798,0,,0.0,0.0,0,nan,0,0,,0,nan,,0.0,0.0,0,nan,nan,nan,nan,nan,nan,0,0.0,0,nan,nan,0.18102883798144007,1,3.703292664465081,0.48898082636114065,0.05771829243762026,7,1.451204536931603,5.103945306588171,4.093862800363508,1.103650178408427,nan,nan,0,0.4577328573541702,0,0495d0a68a8d8223,512,4.054294600834282,8,0,0,0,0,0,nan,-1,0,0
183,553836.5999999046,-3811470.7880433723,3566805.656280313,3652665.997618948,0,0,0,0,0,1,1,1.44756287231997,5.127364893191235,8.761814019283616,19,3,0.1302654067284061,4.298836990706948,3.9130437382460617,0,,0.0,0.0,0,nan,0,0,,0,nan,,0.0,0.0,0,nan,nan,nan,nan,nan,nan,0,0.0,0,nan,nan,0.38902649766999065,1,3.924701105962495,0.4894515953559103,0.05792604700356652,7,1.4510666346791832,5.115752797644866,4.298836990706948,1.133195553484325,nan,nan,0,0.4582522798038976,0,0495d0a68a8d8223,512,4.0452115809478375,8,0,0,0,0,0,nan,-1,0,0
184,553836.7999989986,-3811471.240296312,3566805.6763788345,3652665.8875884935,0,0,0,0,0,1,1,1.4474908729718161,5.130572364919949,8.984297062262753,19,4,0.1302654067284061,4.507567206460244,4.130477122601921,0,,0.0,0.0,0,nan,0,0,,0,nan,,0.0,0.0,0,nan,nan,nan,nan,nan,nan,0,0.0,0,nan,nan,0.6021027071199281,0,4.142131038141803,0.4901025825902474,0.05788454909992852,7,1.4509811078945332,5.118971486312142,4.507567206460244,1.1628915280469658,nan,nan,0,0.45895271507608704,0,0495d0a68a8d8223,512,4.03301811400167,8,0,0,0,0,0,nan,-1,0,0
185,553837.0,-3811471.1321867257,3566805.020532759,3652665.048045897,0,0,0,0,0,1,1,1.429880683233533,5.775690005472335,8.739895452178526,18,0,0.059649574053261115,3.706928963300558,3.28342445099931,0,,0.0,0.0,0,nan,0,0,,0,nan,,0.0,0.0,0,nan,nan,nan,nan,nan,nan,0,0.0,0,nan,nan,0.35451035337830494,1,3.2922896126829815,0.5129964293675175,0.05374804272118095,9,1.4330589435085608,5.767063819170192,3.706928963300558,1.0476351539322752,0.059649574053261115,0.6921808849583109,4,0.48212680050995527,0,0495d0a68a8d8223,512,3.6535498009496377,8,12,1,528,33,32,0.5153530906968523,280,18,16
186,553837.2000000477,-3811471.536153029,3566804.8660424314,3652664.8337527113,0,0,0,0,0,1,1,1.4295869441087374,5.81285145453293,8.798749433709412,18,1,0.059649574053261115,3.7140805438819338,3.3072704194087796,0,,0.0,0.0,0,nan,0,0,,0,nan,,0.0,0.0,0,nan,nan,nan,nan,nan,nan,0,0.0,0,nan,nan,0.32042143911263976,1,3.3158096604055696,0.5375430372575966,0.07773550979405153,5,1.4380918670045613,5.802954151596006,3.7140805438819338,1.0534563734458915,nan,nan,0,0.5056802884424056,0,0495d0a68a8d8223,512,3.3217324826360204,8,0,0,0,0,0,nan,-1,0,0
187,553837.3999989033,-3811471.988791694,3566804.656074496,3652664.6492312504,0,0,0,0,0,1,1,1.4295782169695992,5.821626743175156,8.82640908304139,18,2,0.059649574053261115,3.7124140940803096,3.311396231939628,0,,0.0,0.0,0,nan,0,0,,0,nan,,0.0,0.0,0,nan,nan,nan,nan,nan,nan,0,0.0,0,nan,nan,0.30317585572521566,1,3.320034082311155,0.5386388861238107,0.0776830277015863,5,1.4380810552276526,5.811708633223484,3.7124140940803096,1.0652810612270611,nan,nan,0,0.506798257502816,0,0495d0a68a8d8223,512,3.3072195844942405,8,0,0,0,0,0,nan,-1,0,0
188,553837.5999999046,-3811472.4596249466,3566804.412137243,3652664.402035916,0,0,0,0,0,1,1,1.429508141628827,5.822290158841013,8.814395709881845,18,3,0.059649574053261115,3.7081553019276754,3.30288864662761,0,,0.0,0.0,0,nan,0,0,,0,nan,,0.0,0.0,0,nan,nan,nan,nan,nan,nan,0,0.0,0,nan,nan,0.315832387509787,1,3.311453468810881,0.539433102184008,0.07745359910943383,5,1.4379648984655884,5.81241037522261,3.7081553019276754,1.0785765427303338,nan,nan,0,0.5076579709813116,0,0495d0a68a8d8223,512,3.2961688368258475,8,0,0,0,0,0,nan,-1,0,0
189,553837.7999989986,-3811472.948954458,3566804.1485699685,3652664.12001046,0,0,0,0,0,1,1,1.4294929649369355,5.822941628833304,8.802410496049836,18,4,0.059649574053261115,3.724756144699225,3.3145543704406344,0,,0.0,0.0,0,nan,0,0,,0,nan,,0.0,0.0,0,nan,nan,nan,nan,nan,nan,0,0.0,0,nan,nan,0.3275955208162103,1,3.322991402692877,0.5395075849080663,0.07743186562883969,5,1.4379459317766363,5.813064851211062,3.724756144699225,1.0921798870652077,nan,nan,0,0.5077443027515331,0,0495d0a68a8d8223,512,3.2950672709953297,8,0,0,0,0,0,nan,-1,0,0
190,553838.0,-3811473.400858441,3566803.6512107565,3652663.8937843777,0,0,0,0,0,1,1,1.3961195827900412,5.662406215564528,8.412587145628454,19,0,0.055135917062739785,3.5578092078939645,3.068403978307246,0,,0.0,0.0,0,nan,0,0,,0,nan,,0.0,0.0,0,nan,nan,nan,nan,nan,nan,0,0.0,0,nan,nan,0.5749309119237151,0,3.075142411899278,0.5762706150467932,0.0637674647094735,7,1.4003151105245881,5.6547604790301405,3.5578092078939645,1.029718279614267,0.055135917062739785,0.3240978608489135,0,0.5455968338344973,0,0495d0a68a8d8223,512,2.896972430212964,8,12,1,528,33,32,0.49395345828100096,431,19,15
191,553838.2000000477,-3811473.9294951134,3566803.255051186,3652663.660612985,0,0,0,0,0,1,1,1.3974619179127021,5.67544121379517,8.343082660236535,19,1,0.055135917062739785,3.5210223029125123,3.011641352471586,0,,0.0,0.0,0,nan,0,0,,0,nan,,0.0,0.0,0,nan,nan,nan,nan,nan,nan,0,0.0,0,nan,nan,0.4991687847047199,1,3.018235372909883,0.6022435034999142,0.06013910237238857,7,1.4009843671682594,5.667945000103677,3.5210223029125123,1.0353261299275098,nan,nan,0,0.5714456717922552,0,0495d0a68a8d8223,512,2.641182047931724,8,0,0,0,0,0,nan,-1,0,0
192,553838.3999989033,-3811474.474158754,3566802.7750047864,3652663.4687548866,0,0,0,0,0,1,1,1.3982320649977078,5.67766138392099,8.251586384683092,19,2,0.055135917062739785,3.4583867667308295,2.9334295682245117,0,,0.0,0.0,0,nan,0,0,,0,nan,,0.0,0.0,0,nan,nan,nan,nan,nan,nan,0,0.0,0,nan,nan,0.4077089192987876,1,2.9399424244367296,0.6031068006538465,0.05977169954803625,6,1.4016646915089577,5.670173611508995,3.4583867667308295,1.047227901092408,nan,nan,0,0.5724363223813512,0,0495d0a68a8d8223,512,2.632124479032187,8,0,0,0,0,0,nan,-1,0,0
193,553838.5999999046,-3811475.0235142596,3566802.230578476,3652663.299152193,0,0,0,0,0,1,1,1.3984210131861163,5.6781557180704825,8.163803191399802,19,3,0.055135917062739785,3.3922772350084647,2.8587416324155113,0,,0.0,0.0,0,nan,0,0,,0,nan,,0.0,0.0,0,nan,nan,nan,nan,nan,nan,0,0.0,0,nan,nan,0.324321580630206,1,2.8651874315303747,0.6030456475405809,0.05978390367956299,6,1.401839606613976,5.67066561967,3.3922772350084647,1.060710327286877,nan,nan,0,0.5723863740075603,0,0495d0a68a8d8223,512,2.632595217518847,8,0,0,0,0,0,nan,-1,0,0
194,553838.7999989986,-3811475.5915414966,3566801.6362085417,3652663.170854875,0,0,0,0,0,1,1,1.3984744643019311,5.678515305352105,8.083266922969692,19,4,0.055135917062739785,3.3276308601441613,2.7886218596680448,0,,0.0,0.0,0,nan,0,0,,0,nan,,0.0,0.0,0,nan,nan,nan,nan,nan,nan,0,0.0,0,nan,nan,0.2540437692250459,1,2.795019366304505,0.6029460576985114,0.05981279038470103,6,1.4018925818308694,5.671021211435113,3.3276308601441613,1.0745276402902655,nan,nan,0,0.5722884001279414,0,0495d0a68a8d8223,512,2.6334962447595296,8,0,0,0,0,0,nan,-1,0,0
195,553839.0,-3811476.3373462083,3566801.087225709,3652663.392351419,0,0,0,0,0,1,1,0.7265253068600654,5.6465004561717365,7.721341135935944,19,0,0.04437860562556492,3.464890266520668,2.7665130056415395,0,,0.0,0.0,0,nan,0,0,,0,nan,,0.0,0.0,0,nan,nan,nan,nan,nan,nan,0,0.0,0,nan,nan,0.4891716804767595,1,1.7343239394546601,0.07935606060606056,0.01962605648663643,3,2.2537836889695413,6.127373679696943,3.464890266520668,1.0129440453883733,0.04437860562556492,0.3487962827525198,5,0.07916666666666662,0,042f32f7418a68e7,457,13.295251157797663,8,12,1,528,33,32,0.4891716804767595,170,19,15
196,553839.2000000477,-3811476.978264595,3566800.450204135,3652663.3254909385,0,0,0,0,0,1,1,0.7461076890021546,5.633205257525552,7.672425896101207,19,1,0.04437860562556492,3.4602300782763526,2.742398923028814,0,,0.0,0.0,0,nan,0,0,,0,nan,,0.0,0.0,0,nan,nan,nan,nan,nan,nan,0,0.0,0,nan,nan,0.4843492397541316,1,1.698550640829268,0.07930611453198555,0.019483264672196732,3,2.276003738454185,6.117016585719762,3.4602300782763526,1.0187636433564544,nan,nan,0,0.07911434220811184,0,042f32f7418a68e7,457,13.312812735645792,8,0,0,0,0,0,nan,-1,0,0
197,553839.3999989033,-3811477.6375063662,3566799.766257532,3652663.2860595253,0,0,0,0,0,1,1,0.7485099084766614,5.628911271161947,7.647288550538712,19,2,0.04437860562556492,3.446685709639301,2.7250672228239727,0,,0.0,0.0,0,nan,0,0,,0,nan,,0.0,0.0,0,nan,nan,nan,nan,nan,nan,0,0.0,0,nan,nan,0.48241443025359115,1,1.6767615479770759,0.07936978420643265,0.019276278751335307,3,2.2844468621724316,6.114797926614939,3.446685709639301,1.0308866779839807,nan,nan,0,0.07918104377181834,0,042f32f7418a68e7,457,13.290431807446913,8,0,0,0,0,0,nan,-1,0,0
198,553839.5999999046,-3811478.3218709286,3566799.0368336514,3652663.27045938,0,0,0,0,0,1,1,0.7500193851152088,5.627800082419208,7.624725230639617,19,3,0.04437860562556492,3.4266566392361657,2.7032033983384243,0,,0.0,0.0,0,nan,0,0,,0,nan,,0.0,0.0,0,nan,nan,nan,nan,nan,nan,0,0.0,0,nan,nan,0.47564977317304874,1,1.6561748275544517,0.07937916687846093,0.019237748996831186,3,2.287878096009838,6.114469974512686,3.4266566392361657,1.044588531981833,nan,nan,0,0.07919087323775272,0,042f32f7418a68e7,457,13.287138362184043,8,0,0,0,0,0,nan,-1,0,0
199,553839.7999989986,-3811479.0603560405,3566798.3049326013,3652663.2737814356,0,0,0,0,0,1,1,0.7496349238215306,5.627230589876618,7.643612130562249,19,4,0.04437860562556492,3.4528275140272133,2.7298888703145443,0,,0.0,0.0,0,nan,0,0,,0,nan,,0.0,0.0,0,nan,nan,nan,nan,nan,nan,0,0.0,0,nan,nan,0.48531486239947697,1,1.675170083230272,0.07938558865646349,0.019216592171004885,3,2.288079776297992,6.114082771788358,3.4528275140272133,1.058618868788378,nan,nan,0,0.0791976008147078,0,042f32f7418a68e7,457,13.284884928404818,8,0,0,0,0,0,nan,-1,0,0
