epoch,tow,ecef_x,ecef_y,ecef_z,fix,gamma_fixed,consistency_pass,float_consistency_pass,ddpr_consistency_pass,ddpr_support_pass,ddpr_freshness_pass,map_float_separation_m,map_ddpr_separation_m,ddpr_guard_error_m,last_ddpr_pairs,ddpr_age_epochs,last_ddpr_nis,output_error_m,map_error_m,temporal_lineage_enabled,temporal_map_assignment_id,temporal_gamma,temporal_ess,temporal_dwell_epochs,temporal_map_error_m,integrity_lineage_enabled,integrity_anchor_available,integrity_excluded_satellite,integrity_tdcp_available,integrity_tdcp_postfit_rms_m,integrity_map_assignment_id,integrity_gamma,integrity_ess,integrity_dwell_epochs,integrity_map_error_m,integrity_map_ecef_x,integrity_map_ecef_y,integrity_map_ecef_z,integrity_map_float_separation_m,integrity_map_ddpr_separation_m,integrity_guard_pass,integrity_position_ball_gamma,integrity_position_ball_members,integrity_position_ball_spread_m,integrity_position_ball_error_m,basin_oracle_min_error_m,basin_oracle_sub50cm_available,position_cluster_error_m,position_cluster_gamma,position_cluster_spread_m,position_cluster_members,position_cluster_float_separation_m,position_cluster_ddpr_separation_m,float_error_m,float_position_sigma_m,dd_pr_nis,dd_cp_nis,ambiguities_reset,gamma,fix_streak,map_assignment_id,n_basins,basin_ess,map_n_ambiguities,n_candidates_born,respawn_triggered,n_respawn_candidates_born,n_respawn_position_seeds,n_respawn_history_seeds,n_respawn_assignment_candidates,respawn_oracle_min_error_m,respawn_oracle_rank,completion_shadow_candidates,completion_shadow_oracle_min_error_m,position_shadow_candidates,position_shadow_oracle_min_error_m,subset_shadow_candidates,subset_shadow_oracle_min_error_m,respawn_excluded_satellite,n_dd_pr,n_dd_cp
0,553800.0,-3811466.693664207,3566805.2211901695,3652668.9111347175,0,0,0,0,0,1,1,2.2807224655201734,2.3184867863621625,3.2894435773932713,18,0,0.08822792079773784,3.0558360247270064,3.4450607669516318,0,,0.0,0.0,0,nan,0,0,,0,nan,,0.0,0.0,0,nan,nan,nan,nan,nan,nan,0,0.0,0,nan,nan,0.6905381380496338,0,3.4450607669516318,0.08124999999999999,0.0,1,2.2807224655201734,2.3184867863621625,3.0558360247270064,5.592639952376013,0.08822792079773784,0.02210678010972702,0,0.08124999999999999,0,5b857f9f29778b93,24,12.614980289093301,8,12,1,24,1,0,0,0.6901279228386981,10,0,nan,0,nan,0,nan,,18,17
1,553800.2000000477,-3811466.7043680125,3566805.2303698813,3652668.917540918,0,0,0,0,0,1,1,2.277486663036138,2.314130797211351,3.303230346751093,18,1,0.08822792079773784,3.069661387013538,3.4594080266105873,0,,0.0,0.0,0,nan,0,0,,1,0.0024588755006093874,,0.0,0.0,0,nan,nan,nan,nan,nan,nan,0,0.0,0,nan,nan,0.6863067614601044,0,3.4594080266105873,0.08124999999999999,0.0,1,2.277486663036138,2.314130797211351,3.069661387013538,5.593979167573447,nan,nan,0,0.08124999999999999,0,5b857f9f29778b93,24,12.614980289093301,8,0,0,0,0,0,0,nan,-1,0,nan,0,nan,0,nan,,0,0
2,553800.4000000954,-3811466.7189359865,3566805.2446287237,3652668.9324123603,0,0,0,0,0,1,1,2.27712601334395,2.313568283785152,3.327614176726829,18,2,0.08822792079773784,3.094081993370175,3.4756136949193714,0,,0.0,0.0,0,nan,0,0,,1,0.0033544042116254555,,0.0,0.0,0,nan,nan,nan,nan,nan,nan,0,0.0,0,nan,nan,0.6823047003168136,0,3.4756136949193714,0.08124999999999999,0.0,1,2.27712601334395,2.313568283785152,3.094081993370175,5.596357313446614,nan,nan,0,0.08124999999999999,0,5b857f9f29778b93,24,12.614980289093301,8,0,0,0,0,0,0,nan,-1,0,nan,0,nan,0,nan,,0,0
3,553800.5999999046,-3811466.7297525406,3566805.2565932283,3652668.9432305964,0,0,0,0,0,1,1,2.2770281689673415,2.3134306721179687,3.3462107675928867,18,3,0.08822792079773784,3.1127126119283113,3.4866833036788525,0,,0.0,0.0,0,nan,0,0,,1,0.0021990100691208054,,0.0,0.0,0,nan,nan,nan,nan,nan,nan,0,0.0,0,nan,nan,0.6814497756144375,0,3.4866833036788525,0.08124999999999999,0.0,1,2.2770281689673415,2.3134306721179687,3.1127126119283113,5.598949005651086,nan,nan,0,0.08124999999999999,0,5b857f9f29778b93,24,12.614980289093301,8,0,0,0,0,0,0,nan,-1,0,nan,0,nan,0,nan,,0,0
4,553800.7999999523,-3811466.744267113,3566805.269113487,3652668.957473204,0,0,0,0,0,1,1,2.2769551433902406,2.313329945462762,3.3692803897087065,18,4,0.08822792079773784,3.1358149569928515,3.5010270419564136,0,,0.0,0.0,0,nan,0,0,,1,0.0019016526574732956,,0.0,0.0,0,nan,nan,nan,nan,nan,nan,0,0.0,0,nan,nan,0.678497421980957,0,3.5010270419564136,0.08124999999999999,0.0,1,2.2769551433902406,2.313329945462762,3.1358149569928515,5.601600082987624,nan,nan,0,0.08124999999999999,0,5b857f9f29778b93,24,12.614980289093301,8,0,0,0,0,0,0,nan,-1,0,nan,0,nan,0,nan,,0,0
5,553801.0,-3811466.9368616007,3566805.2810216984,3652668.5074501694,0,0,0,0,0,1,1,2.31706241494758,2.1680411696399955,3.06684737130577,18,0,0.03619621658262093,2.9079889661919456,5.195799120831722,0,,0.0,0.0,0,nan,0,0,,1,0.0035176344061263925,,0.0,0.0,0,nan,nan,nan,nan,nan,nan,0,0.0,0,nan,nan,0.7262233245554393,0,5.19563535668055,0.16715438019726145,0.020627032109529635,2,2.316955057009945,2.167990247518789,2.9079889661919456,4.501492370248857,0.03619621658262093,3.1660466738236344,0,0.1668567611496424,0,88c65eb697abea09,167,10.446048736942789,8,12,1,336,13,12,24,0.7611313232783544,39,0,nan,0,nan,0,nan,,18,17
6,553801.199999094,-3811466.943173036,3566805.2829087083,3652668.510097194,0,0,0,0,0,1,1,2.329117985727844,2.184707946165052,3.0684249955277783,18,1,0.03619621658262093,2.9140634395128653,5.214453418330563,0,,0.0,0.0,0,nan,0,0,,1,0.0024537234569413638,,0.0,0.0,0,nan,nan,nan,nan,nan,nan,0,0.0,0,nan,nan,0.7353755431115888,0,5.214387018073289,0.17412405435585754,0.012133057640923962,2,2.3290710264231462,2.1846791117632396,2.9140634395128653,4.502767777265328,nan,nan,0,0.17401975399324557,0,88c65eb697abea09,167,9.625506590570406,8,0,0,0,0,0,0,nan,-1,0,nan,0,nan,0,nan,,0,0
7,553801.3999989033,-3811466.946169016,3566805.286060807,3652668.511625461,0,0,0,0,0,1,1,2.3326060183424095,2.1888933841246003,3.0717992484845156,18,2,0.03619621658262093,2.9183103719055286,5.222271553033682,0,,0.0,0.0,0,nan,0,0,,1,0.0027018253606150813,,0.0,0.0,0,nan,nan,nan,nan,nan,nan,0,0.0,0,nan,nan,0.7403302946333121,0,5.222207854815894,0.17445407202045327,0.01170432829096598,2,2.332560369429581,2.1888642112648786,2.9183103719055286,4.50551780653807,nan,nan,0,0.17435760059060904,0,88c65eb697abea09,167,9.590221498810402,8,0,0,0,0,0,0,nan,-1,0,nan,0,nan,0,nan,,0,0
8,553801.5999999046,-3811466.9486808027,3566805.286849198,3652668.513592462,0,0,0,0,0,1,1,2.33359036537448,2.190158640995839,3.0738302970372007,18,3,0.03619621658262093,2.9206910900352514,5.225551760258561,0,,0.0,0.0,0,nan,0,0,,1,0.003465468368058778,,0.0,0.0,0,nan,nan,nan,nan,nan,nan,0,0.0,0,nan,nan,0.7415417808352514,0,5.22548769587802,0.1744845272111993,0.011669302998091914,2,2.3335442939573867,2.190128855653322,2.9206910900352514,4.508670296585049,nan,nan,0,0.17438877332596947,0,88c65eb697abea09,167,9.587000581755198,8,0,0,0,0,0,0,nan,-1,0,nan,0,nan,0,nan,,0,0
9,553801.7999999523,-3811466.9503314686,3566805.2865787297,3652668.5142038413,0,0,0,0,0,1,1,2.333896438140349,2.1905525488641175,3.0748751962741196,18,4,0.03619621658262093,2.9218277684509317,5.226907224762589,0,,0.0,0.0,0,nan,0,0,,1,0.0017703688546617388,,0.0,0.0,0,nan,nan,nan,nan,nan,nan,0,0.0,0,nan,nan,0.7413660022476647,0,5.226842882064231,0.17448725360380993,0.011669163717132365,2,2.33385015184004,2.1905225190152935,2.9218277684509317,4.5119408764961015,nan,nan,0,0.17439156515727214,0,88c65eb697abea09,167,9.586714334936614,8,0,0,0,0,0,0,nan,-1,0,nan,0,nan,0,nan,,0,0
10,553802.0,-3811467.108242471,3566805.588651914,3652667.7996094953,0,0,0,0,1,1,1,1.965025919907135,1.2642970485976877,2.752803433053683,18,0,0.046176996803574594,2.787643238761087,3.9523649628591295,0,,0.0,0.0,0,nan,0,0,,1,0.0022275847960518697,,0.0,0.0,0,nan,nan,nan,nan,nan,nan,0,0.0,0,nan,nan,0.4219204329587828,1,3.5488165584016276,0.05230477496132496,0.09714363739367086,3,3.2759981899718613,2.1433225760458057,2.787643238761087,3.871270358899591,0.046176996803574594,9.477003009138702,0,0.051953348595030105,0,da26416811a3d5cf,347,50.46431813090719,8,12,1,440,13,12,128,0.2795902720162745,85,0,nan,0,nan,0,nan,,18,17
11,553802.2000000477,-3811467.1168671288,3566805.5932573597,3652667.807037842,0,0,0,0,1,1,1,1.965489349647556,1.2757414121724706,2.7568795700474764,18,1,0.046176996803574594,2.7992336434849636,3.970534770341863,0,,0.0,0.0,0,nan,0,0,,1,0.005460776199088691,,0.0,0.0,0,nan,nan,nan,nan,nan,nan,0,0.0,0,nan,nan,0.40718885324780796,1,3.9706696852990246,0.05483583587243113,0.009854493588852544,2,1.9657275493269093,1.2758858916285354,2.7992336434849636,3.872751816434111,nan,nan,0,0.05479642455767539,0,da26416811a3d5cf,347,46.34234691036079,8,0,0,0,0,0,0,nan,-1,0,nan,0,nan,0,nan,,0,0
12,553802.3999989033,-3811467.1156772557,3566805.5935875596,3652667.8073552107,0,0,0,0,1,1,1,1.9653993227387496,1.2793149684980127,2.75279174445856,18,2,0.046176996803574594,2.7984202360446475,3.9711060337817523,0,,0.0,0.0,0,nan,0,0,,1,0.005274054350316184,,0.0,0.0,0,nan,nan,nan,nan,nan,nan,0,0.0,0,nan,nan,0.40683580061683133,1,3.9712284085670544,0.05501170176665256,0.009484487297424791,2,1.9656195951393989,1.2794466992220737,2.7984202360446475,3.875946808143127,nan,nan,0,0.05497496419631076,0,da26416811a3d5cf,347,46.128740945163045,8,0,0,0,0,0,0,nan,-1,0,nan,0,nan,0,nan,,0,0
13,553802.5999999046,-3811467.1215451485,3566805.594223698,3652667.8148330706,0,0,0,0,1,1,1,1.9655314366085685,1.2801676536499287,2.761835492704452,18,3,0.046176996803574594,2.806213529699768,3.980824088416447,0,,0.0,0.0,0,nan,0,0,,1,0.004944573592621244,,0.0,0.0,0,nan,nan,nan,nan,nan,nan,0,0.0,0,nan,nan,0.39921467862150034,1,3.980945113795841,0.055033960164313694,0.009445474653589315,2,1.9657495902445596,1.2802978212050702,2.806213529699768,3.879610208024698,nan,nan,0,0.05499756248872723,0,da26416811a3d5cf,347,46.101798531282526,8,0,0,0,0,0,0,nan,-1,0,nan,0,nan,0,nan,,0,0
14,553802.7999989986,-3811467.116370178,3566805.592753338,3652667.8157646162,0,0,0,0,1,1,1,1.965527198127071,1.280498944760808,2.75928551563088,18,4,0.046176996803574594,2.8025256514549035,3.979227871877842,0,,0.0,0.0,0,nan,0,0,,1,0.0028684236011409375,,0.0,0.0,0,nan,nan,nan,nan,nan,nan,0,0.0,0,nan,nan,0.39986042150500145,1,3.979348763339262,0.05503460273968449,0.009442686761441603,2,1.9657452072594301,1.2806288490415079,2.8025256514549035,3.883410359678399,nan,nan,0,0.054998210766941835,0,da26416811a3d5cf,347,46.101087156376835,8,0,0,0,0,0,0,nan,-1,0,nan,0,nan,0,nan,,0,0
15,553803.0,-3811467.4750908157,3566806.067215958,3652666.8251926755,0,0,0,0,0,1,1,4.253440737244734,3.1486061524454376,2.6867900666417883,18,0,0.052747126368075915,3.105797010015602,5.757640770881042,0,,0.0,0.0,0,nan,0,0,,1,0.002599292830108161,,0.0,0.0,0,nan,nan,nan,nan,nan,nan,0,0.0,0,nan,nan,0.45167773842875775,1,3.3410995266981183,0.04401092863744274,0.17018724833226911,2,4.2440748362687435,1.999930077669349,3.105797010015602,3.446529888958384,0.052747126368075915,19.23047039825005,0,0.03514153136761354,0,eea7295143f6fc6b,520,74.72636914403944,8,12,1,440,13,12,128,0.4557065300638294,109,0,nan,0,nan,0,nan,,18,17
16,553803.2000000477,-3811467.48701839,3566806.0741598764,3652666.835594138,0,0,0,0,0,1,1,4.255699870457694,3.163560903014869,2.6932109336103984,18,1,0.052747126368075915,3.119802368110178,5.780272248771509,0,,0.0,0.0,0,nan,0,0,,1,0.0023603220393668633,,0.0,0.0,0,nan,nan,nan,nan,nan,nan,0,0.0,0,nan,nan,0.45741220855711484,1,3.352984965329123,0.04577905256592727,0.16997387757783494,2,4.237071637130417,1.9902291888609298,3.119802368110178,3.4481955702239153,nan,nan,0,0.03681337124947423,0,eea7295143f6fc6b,520,69.07413318723603,8,0,0,0,0,0,0,nan,-1,0,nan,0,nan,0,nan,,0,0
17,553803.3999989033,-3811467.4909215695,3566806.077141064,3652666.8399957465,0,0,0,0,0,1,1,4.2564452822131065,3.1672816209744705,2.6974381539937564,18,2,0.052747126368075915,3.125009995011446,5.788490434124,0,,0.0,0.0,0,nan,0,0,,1,0.0023442000866351932,,0.0,0.0,0,nan,nan,nan,nan,nan,nan,0,0.0,0,nan,nan,0.4604657834027109,1,3.358140148946293,0.045861049650506,0.16996253176324627,2,4.2355465109332835,1.9879058444298336,3.125009995011446,3.451783951486298,nan,nan,0,0.03690566955973341,0,eea7295143f6fc6b,520,68.80920583836489,8,0,0,0,0,0,0,nan,-1,0,nan,0,nan,0,nan,,0,0
18,553803.5999999046,-3811467.4922913876,3566806.0785539644,3652666.8408402093,0,0,0,0,0,1,1,4.256673083701183,3.1684025048772537,2.6986596699223018,18,3,0.052747126368075915,3.127045929572931,5.790944531270536,0,,0.0,0.0,0,nan,0,0,,1,0.004103018460770887,,0.0,0.0,0,nan,nan,nan,nan,nan,nan,0,0.0,0,nan,nan,0.4615891574056896,1,3.3592755972231445,0.045869249945844764,0.16996267377588556,2,4.2351260391296215,1.9873181517426224,3.127045929572931,3.4558971212947447,nan,nan,0,0.03691482245283545,0,eea7295143f6fc6b,520,68.78382700768795,8,0,0,0,0,0,0,nan,-1,0,nan,0,nan,0,nan,,0,0
19,553803.7999989986,-3811467.493717931,3566806.0821427926,3652666.841862358,0,0,0,0,0,1,1,4.256759763383402,3.168725362253947,2.70156110159452,18,4,0.052747126368075915,3.1307497522122483,5.794415402826919,0,,0.0,0.0,0,nan,0,0,,1,0.0037293120425034992,,0.0,0.0,0,nan,nan,nan,nan,nan,nan,0,0.0,0,nan,nan,0.46422056375851967,1,3.3606651596148542,0.04586999591942237,0.1699630392415048,2,4.234997855372103,1.9871413763651773,3.1307497522122483,3.4601626839851276,nan,nan,0,0.036915750792467984,0,eea7295143f6fc6b,520,68.78099760114044,8,0,0,0,0,0,0,nan,-1,0,nan,0,nan,0,nan,,0,0
20,553804.0,-3811468.2512258226,3566807.127161279,3652666.0411167447,0,0,0,0,0,1,1,5.43722278073182,2.7966457521994337,4.2342337806555,19,0,0.41380108143408434,4.432677198843442,6.836324869228151,0,,0.0,0.0,0,nan,0,0,,1,0.005368959337888712,,0.0,0.0,0,nan,nan,nan,nan,nan,nan,0,0.0,0,nan,nan,0.22652697406153763,1,6.837593806847398,0.05169479517651703,0.06243321452372542,4,5.443071259987422,2.7972812372455826,4.432677198843442,3.1278257037825994,0.41380108143408434,31.3281035856981,0,0.05009555602519647,0,f6fd94bdfcf93c35,700,59.665905041604844,8,12,1,440,13,12,128,0.22797390428576378,21,0,nan,0,nan,0,nan,,19,17
21,553804.2000000477,-3811468.2762016263,3566807.1477124835,3652666.0704713147,0,0,0,0,0,1,1,5.441245355640017,2.819540102286109,4.260340552251378,19,1,0.41380108143408434,4.461016016307509,6.889219519729907,0,,0.0,0.0,0,nan,0,0,,1,0.0039013321795764574,,0.0,0.0,0,nan,nan,nan,nan,nan,nan,0,0.0,0,nan,nan,0.21916070945901917,1,6.690290557250817,0.05312563712657339,0.11880747630156673,3,6.1218913937538195,2.8094903050045494,4.461016016307509,3.1296622776171215,nan,nan,0,0.05035486047717012,0,f6fd94bdfcf93c35,700,55.89394396965892,8,0,0,0,0,0,0,nan,-1,0,nan,0,nan,0,nan,,0,0
22,553804.4000000954,-3811468.3232041937,3566807.190374269,3652666.116779394,0,0,0,0,0,1,1,5.444940601220724,2.8213510663713093,4.341755494745182,19,2,0.41380108143408434,4.518888540953368,6.970081268052503,0,,0.0,0.0,0,nan,0,0,,1,0.004209773023096218,,0.0,0.0,0,nan,nan,nan,nan,nan,nan,0,0.0,0,nan,nan,0.1760846551436358,1,6.764657235820764,0.05316319459848295,0.1185293094694693,3,6.123417089438196,2.8094283599829124,4.518888540953368,3.133615782308128,nan,nan,0,0.05103882850658172,0,f6fd94bdfcf93c35,700,55.34860630414389,8,0,0,0,0,0,0,nan,-1,0,nan,0,nan,0,nan,,0,0
23,553804.599998951,-3811468.384972638,3566807.249667508,3652666.178069575,0,0,0,0,0,1,1,5.44574325455874,2.822343691506638,4.444964421550181,19,3,0.41380108143408434,4.598291171453807,7.071551692494357,0,,0.0,0.0,0,nan,0,0,,1,0.002110719069919032,,0.0,0.0,0,nan,nan,nan,nan,nan,nan,0,0.0,0,nan,nan,0.17177574653972028,1,6.859825745421817,0.053164641772859476,0.11851346151132201,3,6.123678246892842,2.809703841074332,4.598291171453807,3.1381460194226714,nan,nan,0,0.05110160469399547,0,f6fd94bdfcf93c35,700,55.301528167852894,8,0,0,0,0,0,0,nan,-1,0,nan,0,nan,0,nan,,0,0
24,553804.7999989986,-3811468.4433766464,3566807.3058876065,3652666.23595854,0,0,0,0,0,1,1,5.445927386312603,2.822771432267588,4.542244326854964,19,4,0.41380108143408434,4.674433012700302,7.16660815209266,0,,0.0,0.0,0,nan,0,0,,1,0.002019058482556215,,0.0,0.0,0,nan,nan,nan,nan,nan,nan,0,0.0,0,nan,nan,0.21995083069438814,1,6.949451918012986,0.05316712818624493,0.11851772887775705,3,6.123713824554665,2.8098842165116276,4.674433012700302,3.1428429254599144,nan,nan,0,0.051095751382559104,0,f6fd94bdfcf93c35,700,55.302763764289374,8,0,0,0,0,0,0,nan,-1,0,nan,0,nan,0,nan,,0,0
25,553805.0,-3811469.1430459116,3566808.378780037,3652665.242065848,0,0,0,0,0,1,1,7.424082016016932,2.2280727765633577,5.576263921042656,19,0,0.45207347146779936,6.079049261901037,7.219667467772266,0,,0.0,0.0,0,nan,0,0,,1,0.002175580445419653,,0.0,0.0,0,nan,nan,nan,nan,nan,nan,0,0.0,0,nan,nan,0.39004375801647423,1,7.219685111259652,0.10962057610520158,0.047349305797819215,5,7.421490158807713,2.2271328092580016,6.079049261901037,2.8664917765706495,0.45207347146779936,34.1184370362641,2,0.10870260095785933,0,daca05125ab2755f,768,36.17965742057381,8,12,1,440,13,12,128,0.3900437209687645,41,0,nan,0,nan,0,nan,,19,17
26,553805.2000000477,-3811469.1998369913,3566808.4256508183,3652665.301046837,0,0,0,0,0,1,1,7.428692495951766,2.2297583542133856,5.685037985231231,19,1,0.45207347146779936,6.137242304290757,7.3275484159046185,0,,0.0,0.0,0,nan,0,0,,1,0.002132993388950466,,0.0,0.0,0,nan,nan,nan,nan,nan,nan,0,0.0,0,nan,nan,0.2947443928862487,1,7.327410857492184,0.11479241574910579,0.04204742730877052,5,7.426436490749835,2.228913341893503,6.137242304290757,2.8685097516386144,nan,nan,0,0.11399212864616412,0,daca05125ab2755f,768,33.195373187144135,8,0,0,0,0,0,0,nan,-1,0,nan,0,nan,0,nan,,0,0
27,553805.4000000954,-3811469.2591386302,3566808.4816262787,3652665.3585166847,0,0,0,0,0,1,1,7.429665812203629,2.230877742122468,5.785510162209737,19,2,0.45207347146779936,6.205098567218218,7.423028750497509,0,,0.0,0.0,0,nan,0,0,,1,0.0020608385415530404,,0.0,0.0,0,nan,nan,nan,nan,nan,nan,0,0.0,0,nan,nan,0.2181320595570215,1,7.422890018034537,0.11496421688560839,0.04184786560397234,5,7.427419825215579,2.230033721768506,6.205098567218218,2.8728261188560356,nan,nan,0,0.11416822961111549,0,daca05125ab2755f,768,33.09513280600492,8,0,0,0,0,0,0,nan,-1,0,nan,0,nan,0,nan,,0,0
28,553805.599998951,-3811469.281269085,3566808.503256852,3652665.3844249053,0,0,0,0,0,1,1,7.429687265441862,2.2314550130260513,5.824694535605474,19,3,0.45207347146779936,6.23036815478936,7.461619781128647,0,,0.0,0.0,0,nan,0,0,,1,0.002767042758866112,,0.0,0.0,0,nan,nan,nan,nan,nan,nan,0,0.0,0,nan,nan,0.19874409589834494,1,7.461480336264003,0.11479278396400537,0.04186676818361737,5,7.427437715810491,2.2306097098921915,6.23036815478936,2.8777679017205555,nan,nan,0,0.11399714391252164,0,daca05125ab2755f,768,33.145200703937924,8,0,0,0,0,0,0,nan,-1,0,nan,0,nan,0,nan,,0,0
29,553805.7999989986,-3811469.289832711,3566808.5094558434,3652665.3944452847,0,0,0,0,0,1,1,7.429750766978301,2.231590796629687,5.839031602667341,19,4,0.45207347146779936,6.238536922683064,7.475391375530822,0,,0.0,0.0,0,nan,0,0,,1,0.0017465239404035858,,0.0,0.0,0,nan,nan,nan,nan,nan,nan,0,0.0,0,nan,nan,0.19418779134756087,1,7.475251426747639,0.11477185580244817,0.041868847867144225,5,7.427500697204928,2.2307451683282933,6.238536922683064,2.8828893551859838,nan,nan,0,0.1139762477611001,0,daca05125ab2755f,768,33.15142838747403,8,0,0,0,0,0,0,nan,-1,0,nan,0,nan,0,nan,,0,0
30,553806.0,-3811469.988626393,3566809.4754408807,3652663.9545203396,0,0,0,0,1,1,1,8.24316173224584,1.1218236549993477,5.499014590877071,18,0,0.20942828977675063,7.767906518983791,5.418302117009455,0,,0.0,0.0,0,nan,0,0,,1,0.002081443569739758,,0.0,0.0,0,nan,nan,nan,nan,nan,nan,0,0.0,0,nan,nan,0.3012302890680127,1,5.472919140028983,0.0953040292326604,0.30241674464060603,5,8.135630522083694,1.0048936256660177,7.767906518983791,2.6759519396472196,0.20942828977675063,48.48841794941493,0,0.07575149823279294,0,b3f4525bc8b8f4a5,768,54.82749236004408,8,12,1,440,13,12,128,0.3012302850753133,41,0,nan,0,nan,0,nan,,18,17
31,553806.2000000477,-3811469.984735076,3566809.4685588456,3652663.951979333,0,0,0,0,1,1,1,8.241833310400912,1.1167673023902658,5.501499054116888,18,1,0.20942828977675063,7.761402624521035,5.432900995232408,0,,0.0,0.0,0,nan,0,0,,1,0.002273070458672228,,0.0,0.0,0,nan,nan,nan,nan,nan,nan,0,0.0,0,nan,nan,0.3040889510246511,1,5.486366815333782,0.09919479396620022,0.30128801630753216,5,8.134826279604418,1.0014968314134602,7.761402624521035,2.678099417447205,nan,nan,0,0.07903827835880424,0,b3f4525bc8b8f4a5,768,50.50421918732593,8,0,0,0,0,0,0,nan,-1,0,nan,0,nan,0,nan,,0,0
32,553806.4000000954,-3811469.9869406754,3566809.470428908,3652663.9587578727,0,0,0,0,1,1,1,8.2416124732469,1.1158679458530105,5.511743731192529,18,2,0.20942828977675063,7.761809677319955,5.445772720348492,0,,0.0,0.0,0,nan,0,0,,1,0.0019670093078647502,,0.0,0.0,0,nan,nan,nan,nan,nan,nan,0,0.0,0,nan,nan,0.2974953960777739,1,5.499072539585159,0.09940883054645865,0.30100508499747336,5,8.134763153354703,1.0009743739603185,7.761809677319955,2.6827187110635777,nan,nan,0,0.07922941258702519,0,b3f4525bc8b8f4a5,768,50.29484808562548,8,0,0,0,0,0,0,nan,-1,0,nan,0,nan,0,nan,,0,0
33,553806.599998951,-3811469.989975492,3566809.47058704,3652663.963755162,0,0,0,0,1,1,1,8.24152786812334,1.115540754055626,5.5172720222958995,18,3,0.20942828977675063,7.762046597964363,5.452689390378954,0,,0.0,0.0,0,nan,0,0,,1,0.002059530978098854,,0.0,0.0,0,nan,nan,nan,nan,nan,nan,0,0.0,0,nan,nan,0.29311378400971777,1,5.505946410324614,0.0994194377157582,0.3009583573267755,5,8.134691968665317,1.0007324980166492,7.762046597964363,2.688009043087361,nan,nan,0,0.07923684387559218,0,b3f4525bc8b8f4a5,768,50.28335591309147,8,0,0,0,0,0,0,nan,-1,0,nan,0,nan,0,nan,,0,0
34,553806.7999989986,-3811469.990245999,3566809.4692104803,3652663.967523169,0,0,0,0,1,1,1,8.241504760868938,1.1154424671470384,5.518776482198639,18,4,0.20942828977675063,7.7602707554821695,5.455001270182386,0,,0.0,0.0,0,nan,0,0,,1,0.001887372521304892,,0.0,0.0,0,nan,nan,nan,nan,nan,nan,0,0.0,0,nan,nan,0.2917787078084978,1,5.508195523553846,0.09941946484631792,0.3009435181334987,5,8.134673241952822,1.0006626778597603,7.7602707554821695,2.693491032534563,nan,nan,0,0.0792364651861469,0,b3f4525bc8b8f4a5,768,50.2830860894868,8,0,0,0,0,0,0,nan,-1,0,nan,0,nan,0,nan,,0,0
35,553807.0,-3811469.6260167784,3566809.1338563124,3652663.7525704727,0,0,0,0,0,1,1,2.982191446175133,4.58699074543391,5.190504025042034,18,0,0.290947663274422,7.379445960938236,5.150935924497962,0,,0.0,0.0,0,nan,0,0,,1,0.0020325311349680413,,0.0,0.0,0,nan,nan,nan,nan,nan,nan,0,0.0,0,nan,nan,0.6400960904653594,0,5.150935924497962,0.07916666666666666,0.0,1,2.982191446175133,4.58699074543391,7.379445960938236,2.51694055961129,0.290947663274422,11.353875378426523,3,0.07916666666666666,0,60cbf5c6bd3b273a,209,13.293303026102773,8,12,1,312,13,12,0,0.6400960904653594,291,0,nan,0,nan,0,nan,,18,17
36,553807.2000000477,-3811469.6224498507,3566809.1424942133,3652663.7536380137,0,0,0,0,0,1,1,2.9826159158053196,4.586748144571808,5.190754228212314,18,1,0.290947663274422,7.383300340107547,5.153871505021943,0,,0.0,0.0,0,nan,0,0,,1,0.0020919180979770855,,0.0,0.0,0,nan,nan,nan,nan,nan,nan,0,0.0,0,nan,nan,0.639726503026308,0,5.153871505021943,0.07915615353714814,0.0,1,2.9826159158053196,4.586748144571808,7.383300340107547,2.5192272188702924,nan,nan,0,0.07915615353714814,0,60cbf5c6bd3b273a,209,13.296817892884192,8,0,0,0,0,0,0,nan,-1,0,nan,0,nan,0,nan,,0,0
37,553807.4000000954,-3811469.6206808384,3566809.146307388,3652663.7510239463,0,0,0,0,0,1,1,2.982650297229474,4.586946412962997,5.189321476759525,18,2,0.290947663274422,7.386063756140029,5.1551203656758355,0,,0.0,0.0,0,nan,0,0,,1,0.0027875318476306434,,0.0,0.0,0,nan,nan,nan,nan,nan,nan,0,0.0,0,nan,nan,0.6375362314990479,0,5.1551203656758355,0.07915716793396335,0.0,1,2.982650297229474,4.586946412962997,7.386063756140029,2.5241381694578493,nan,nan,0,0.07915716793396335,0,60cbf5c6bd3b273a,209,13.296478689563347,8,0,0,0,0,0,0,nan,-1,0,nan,0,nan,0,nan,,0,0
38,553807.599998951,-3811469.6210586494,3566809.147532764,3652663.7527582804,0,0,0,0,0,1,1,2.9829554368090885,4.586894388211663,5.191298903562126,18,3,0.290947663274422,7.386515143862588,5.155976702619806,0,,0.0,0.0,0,nan,0,0,,1,0.0021894558171278596,,0.0,0.0,0,nan,nan,nan,nan,nan,nan,0,0.0,0,nan,nan,0.6395979656533594,0,5.155976702619806,0.07915686812924852,0.0,1,2.9829554368090885,4.586894388211663,7.386515143862588,2.5297604073832183,nan,nan,0,0.07915686812924852,0,60cbf5c6bd3b273a,209,13.296578939707718,8,0,0,0,0,0,0,nan,-1,0,nan,0,nan,0,nan,,0,0
39,553807.7999989986,-3811469.626019064,3566809.149713479,3652663.7578284247,0,0,0,0,0,1,1,2.982984993091164,4.5868990248727215,5.198263857891848,18,4,0.290947663274422,7.389012841815085,5.160582719992699,0,,0.0,0.0,0,nan,0,0,,1,0.0030257143947754993,,0.0,0.0,0,nan,nan,nan,nan,nan,nan,0,0.0,0,nan,nan,0.6466689107332779,0,5.160582719992699,0.07915682079069132,0.0,1,2.982984993091164,4.5868990248727215,7.389012841815085,2.535584634868319,nan,nan,0,0.07915682079069132,0,60cbf5c6bd3b273a,209,13.296594769102851,8,0,0,0,0,0,0,nan,-1,0,nan,0,nan,0,nan,,0,0
40,553808.0,-3811469.5997325815,3566809.023372303,3652663.9772674013,0,0,0,0,1,1,1,7.106546830542825,1.4307776541964643,4.974431904281264,18,0,0.30400967615543767,7.200881418648142,4.2358525557373845,0,,0.0,0.0,0,nan,0,0,,1,0.003979480574814344,,0.0,0.0,0,nan,nan,nan,nan,nan,nan,0,0.0,0,nan,nan,0.4617075396070701,1,4.2358525557373845,0.05089894206139139,0.0,1,7.106546830542825,1.4307776541964643,7.200881418648142,2.3699637257269357,0.30400967615543767,10.823505896235373,1,0.05089894206139139,0,a5667da7983d8ee3,419,72.8061398164293,8,12,1,323,13,12,11,0.4617075396070701,309,0,nan,0,nan,0,nan,,18,17
41,553808.199999094,-3811469.604565452,3566809.022197833,3652663.975938404,0,0,0,0,1,1,1,7.105465225398049,1.4243640422539667,4.975390854091056,18,1,0.30400967615543767,7.203308836127141,4.253455559984184,0,,0.0,0.0,0,nan,0,0,,1,0.001949061007212296,,0.0,0.0,0,nan,nan,nan,nan,nan,nan,0,0.0,0,nan,nan,0.4520405819573854,1,4.253455559984184,0.05315562918151254,0.0,1,7.105465225398049,1.4243640422539667,7.203308836127141,2.3723777286033028,nan,nan,0,0.05315562918151256,0,a5667da7983d8ee3,419,67.37775023254453,8,0,0,0,0,0,0,nan,-1,0,nan,0,nan,0,nan,,0,0
42,553808.4000000954,-3811469.6200710684,3566809.0384342065,3652663.9914526143,0,0,0,0,1,1,1,7.105312916903414,1.4238945431309864,5.004874842567653,18,2,0.30400967615543767,7.218677470522274,4.284386813123465,0,,0.0,0.0,0,nan,0,0,,1,0.002083231021589448,,0.0,0.0,0,nan,nan,nan,nan,nan,nan,0,0.0,0,nan,nan,0.44439118801579985,1,4.284386813123465,0.05325421236472308,0.0,1,7.105312916903414,1.4238945431309864,7.218677470522274,2.3775886360799108,nan,nan,0,0.05325421236472308,0,a5667da7983d8ee3,419,67.1295002233203,8,0,0,0,0,0,0,nan,-1,0,nan,0,nan,0,nan,,0,0
43,553808.599998951,-3811469.6378614362,3566809.0555787836,3652664.004021144,0,0,0,0,1,1,1,7.105232045451943,1.4233069630590713,5.030793260613999,18,3,0.30400967615543767,7.237151120487444,4.310950458170072,0,,0.0,0.0,0,nan,0,0,,1,0.000966419538906604,,0.0,0.0,0,nan,nan,nan,nan,nan,nan,0,0.0,0,nan,nan,0.4358172102219243,1,4.310950458170072,0.053263625293142346,0.0,1,7.105232045451943,1.4233069630590713,7.237151120487444,2.3835556216658462,nan,nan,0,0.053263625293142346,0,a5667da7983d8ee3,419,67.1096718917374,8,0,0,0,0,0,0,nan,-1,0,nan,0,nan,0,nan,,0,0
44,553808.7999999523,-3811469.6511755534,3566809.0698531303,3652664.016906605,0,0,0,0,1,1,1,7.105213026793675,1.4231444507910151,5.053571782890433,18,4,0.30400967615543767,7.250854808964697,4.33339136781512,0,,0.0,0.0,0,nan,0,0,,1,0.0017078021349590656,,0.0,0.0,0,nan,nan,nan,nan,nan,nan,0,0.0,0,nan,nan,0.43183042368204055,1,4.33339136781512,0.053264949234335245,0.0,1,7.105213026793675,1.4231444507910151,7.250854808964697,2.3897359609892086,nan,nan,0,0.053264949234335245,0,a5667da7983d8ee3,419,67.10881090627448,8,0,0,0,0,0,0,nan,-1,0,nan,0,nan,0,nan,,0,0
45,553809.0,-3811469.415095297,3566808.780492458,3652664.2735296553,0,0,0,0,0,1,1,2.3057863654600306,4.654559158394107,5.037513551886008,19,0,0.28473158978728563,6.812160832921714,4.997351737901142,0,,0.0,0.0,0,nan,0,0,,1,0.001387721405054708,,0.0,0.0,0,nan,nan,nan,nan,nan,nan,0,0.0,0,nan,nan,0.49357667722181225,1,4.997351737901142,0.07916666666666666,0.0,1,2.3057863654600306,4.654559158394107,6.812160832921714,2.21892742224765,0.28473158978728563,2.718979748563414,6,0.07916666666666666,0,832d821e147a649e,203,13.293221336559776,8,12,1,312,13,12,0,0.48731887500386106,165,0,nan,0,nan,0,nan,,19,17
46,553809.199999094,-3811469.414116654,3566808.77971777,3652664.2705520685,0,0,0,0,0,1,1,2.303630504754548,4.660630251919467,5.057972790812813,19,1,0.28473158978728563,6.812011773640396,5.003517423812425,0,,0.0,0.0,0,nan,0,0,,1,0.0018368196769597655,,0.0,0.0,0,nan,nan,nan,nan,nan,nan,0,0.0,0,nan,nan,0.5108153037667226,0,5.003517423812425,0.07914996752973455,0.0,1,2.303630504754548,4.660630251919467,6.812011773640396,2.2215420717411725,nan,nan,0,0.07914996752973455,0,832d821e147a649e,203,13.298804284159695,8,0,0,0,0,0,0,nan,-1,0,nan,0,nan,0,nan,,0,0
47,553809.4000000954,-3811469.4182153256,3566808.7827237993,3652664.2755420734,0,0,0,0,0,1,1,2.3038957754651537,4.66205706801148,5.070793541123231,19,2,0.28473158978728563,6.814965548955687,5.00887706550206,0,,0.0,0.0,0,nan,0,0,,1,0.0015296963788535695,,0.0,0.0,0,nan,nan,nan,nan,nan,nan,0,0.0,0,nan,nan,0.5219997636583963,0,5.00887706550206,0.07915362504160887,0.0,1,2.3038957754651537,4.66205706801148,6.814965548955687,2.2271151595485317,nan,nan,0,0.07915362504160887,0,832d821e147a649e,203,13.297581193518903,8,0,0,0,0,0,0,nan,-1,0,nan,0,nan,0,nan,,0,0
48,553809.599998951,-3811469.4134697006,3566808.7775105317,3652664.2671238803,0,0,0,0,0,1,1,2.3036752959280538,4.662816911822628,5.060965283991186,19,3,0.28473158978728563,6.8111547264812495,5.003085704256851,0,,0.0,0.0,0,nan,0,0,,1,0.0019532599301555213,,0.0,0.0,0,nan,nan,nan,nan,nan,nan,0,0.0,0,nan,nan,0.5112263573229717,0,5.003085704256851,0.07916279709134313,0.0,1,2.3036752959280538,4.662816911822628,6.8111547264812495,2.233486817838483,nan,nan,0,0.07916279709134313,0,832d821e147a649e,203,13.294514731416875,8,0,0,0,0,0,0,nan,-1,0,nan,0,nan,0,nan,,0,0
49,553809.7999999523,-3811469.3977967124,3566808.765014775,3652664.2510027033,0,0,0,0,0,1,1,2.3036794528493614,4.663006145282517,5.036159613657036,19,4,0.28473158978728563,6.798190767216363,4.985797898741431,0,,0.0,0.0,0,nan,0,0,,1,0.0024529939414332873,,0.0,0.0,0,nan,nan,nan,nan,nan,nan,0,0.0,0,nan,nan,0.48721438318497995,1,4.985797898741431,0.07916480303094672,0.0,1,2.3036794528493614,4.663006145282517,6.798190767216363,2.240082038541546,nan,nan,0,0.07916480303094672,0,832d821e147a649e,203,13.293844228843666,8,0,0,0,0,0,0,nan,-1,0,nan,0,nan,0,nan,,0,0
50,553810.0,-3811469.2985404828,3566808.640770682,3652664.524779216,0,0,0,0,0,1,1,1.9865909614728834,4.629798678301822,4.962177133669494,19,0,0.26506036033573993,6.559054910956704,5.0436735671751505,0,,0.0,0.0,0,nan,0,0,,1,0.0014277803868587308,,0.0,0.0,0,nan,nan,nan,nan,nan,nan,0,0.0,0,nan,nan,0.516520909402187,0,5.0436735671751505,0.1811232856763595,0.0,1,1.9865909614728834,4.629798678301822,6.559054910956704,2.1205173581613557,0.26506036033573993,1.8608898760313553,0,0.1811232856763595,0,832d821e147a649e,230,13.606889224977449,8,12,1,314,13,12,2,0.5178216518328601,293,0,nan,0,nan,0,nan,,19,17
51,553810.199999094,-3811469.3039292046,3566808.64487794,3652664.529502901,0,0,0,0,0,1,1,1.9835770943250857,4.629098852162227,4.972768557405449,19,1,0.26506036033573993,6.563846145743955,5.0536563105379,0,,0.0,0.0,0,nan,0,0,,1,0.0022563392184922135,,0.0,0.0,0,nan,nan,nan,nan,nan,nan,0,0.0,0,nan,nan,0.5250066294502401,0,5.0536563105379,0.19439640404378103,0.0,1,1.9835770943250857,4.629098852162227,6.563846145743955,2.1232300878221277,nan,nan,0,0.19439640404378103,0,832d821e147a649e,230,11.933776918870496,8,0,0,0,0,0,0,nan,-1,0,nan,0,nan,0,nan,,0,0
52,553810.4000000954,-3811469.315596398,3566808.65828624,3652664.5406800522,0,0,0,0,0,1,1,1.9828714139999488,4.629367139597313,4.993502813661418,19,2,0.26506036033573993,6.5773148379183635,5.070347473046053,0,,0.0,0.0,0,nan,0,0,,1,0.002123484116319406,,0.0,0.0,0,nan,nan,nan,nan,nan,nan,0,0.0,0,nan,nan,0.5444499236676184,0,5.070347473046053,0.1955078344747954,0.0,1,1.9828714139999488,4.629367139597313,6.5773148379183635,2.129054448480933,nan,nan,0,0.1955078344747954,0,832d821e147a649e,230,11.810157440311002,8,0,0,0,0,0,0,nan,-1,0,nan,0,nan,0,nan,,0,0
53,553810.599998951,-3811469.34256695,3566808.6845943565,3652664.568832754,0,0,0,0,0,1,1,1.982649145299519,4.629520226169903,5.040506943397922,19,3,0.26506036033573993,6.60440914717434,5.103903426599083,0,,0.0,0.0,0,nan,0,0,,1,0.0015631797389039329,,0.0,0.0,0,nan,nan,nan,nan,nan,nan,0,0.0,0,nan,nan,0.5892722029082094,0,5.103903426599083,0.19562687934017764,0.0,1,1.982649145299519,4.629520226169903,6.60440914717434,2.1357169279087573,nan,nan,0,0.19562687934017764,0,832d821e147a649e,230,11.798511736844166,8,0,0,0,0,0,0,nan,-1,0,nan,0,nan,0,nan,,0,0
54,553810.7999999523,-3811469.3769528917,3566808.7217116025,3652664.6004809807,0,0,0,0,0,1,1,1.98258096610164,4.629491122272616,5.098551211388733,19,4,0.26506036033573993,6.643192315066824,5.149497543676854,0,,0.0,0.0,0,nan,0,0,,1,0.0019779690191020225,,0.0,0.0,0,nan,nan,nan,nan,nan,nan,0,0.0,0,nan,nan,0.567321427554171,0,5.149497543676854,0.19564049962744168,0.0,1,1.98258096610164,4.629491122272616,6.643192315066824,2.142612579201163,nan,nan,0,0.19564049962744168,0,832d821e147a649e,230,11.797226857000892,8,0,0,0,0,0,0,nan,-1,0,nan,0,nan,0,nan,,0,0
55,553811.0,-3811469.235102616,3566808.4984445698,3652664.8116010264,0,0,0,0,0,1,1,1.6816867083047158,4.654842624854192,5.151119482644341,19,0,0.25623423622778385,6.33108764208706,5.099905440648646,0,,0.0,0.0,0,nan,0,0,,1,0.0015560167244436543,,0.0,0.0,0,nan,nan,nan,nan,nan,nan,0,0.0,0,nan,nan,0.5718175573299854,0,5.099723886335461,0.26644166042899553,0.008700253508447539,2,1.6818849935648268,4.65468692447885,6.33108764208706,2.0332112461865335,0.25623423622778385,1.334637417535249,0,0.266284427724593,0,832d821e147a649e,307,10.951891655442465,8,12,1,318,13,12,6,0.6511136748310872,263,0,nan,0,nan,0,nan,,19,17
56,553811.199999094,-3811469.2729791864,3566808.5359099815,3652664.848355844,0,0,0,0,0,1,1,1.6801775675686825,4.655469933733787,5.235284514033264,19,1,0.25623423622778385,6.372082856127787,5.155907802471437,0,,0.0,0.0,0,nan,0,0,,1,0.002259709976324511,,0.0,0.0,0,nan,nan,nan,nan,nan,nan,0,0.0,0,nan,nan,0.5787323538932009,0,5.155849876958639,0.28429578708159814,0.004927623276344395,2,1.680242396859253,4.655418455770601,6.372082856127787,2.036041422985263,nan,nan,0,0.2842403564932704,0,832d821e147a649e,307,9.698333167338053,8,0,0,0,0,0,0,nan,-1,0,nan,0,nan,0,nan,,0,0
57,553811.4000000954,-3811469.3265806404,3566808.588842787,3652664.9009892987,0,0,0,0,0,1,1,1.6798326022973669,4.656078274129825,5.331168126328143,19,2,0.25623423622778385,6.430540122500017,5.226010232397189,0,,0.0,0.0,0,nan,0,0,,1,0.003498837977219887,,0.0,0.0,0,nan,nan,nan,nan,nan,nan,0,0.0,0,nan,nan,0.49544466114803626,1,5.225957497296416,0.28572932401291773,0.004723718110340914,2,1.6798925204488386,4.656030448217452,6.430540122500017,2.042114738166459,nan,nan,0,0.2856777243752201,0,832d821e147a649e,307,9.609047020165285,8,0,0,0,0,0,0,nan,-1,0,nan,0,nan,0,nan,,0,0
58,553811.599998951,-3811469.383561751,3566808.6461469145,3652664.9577724473,0,0,0,0,0,1,1,1.6797453624867107,4.656183582166444,5.429669591884242,19,3,0.25623423622778385,6.494106070676691,5.300217530175118,0,,0.0,0.0,0,nan,0,0,,1,0.0021291126037972638,,0.0,0.0,0,nan,nan,nan,nan,nan,nan,0,0.0,0,nan,nan,0.41378140798508745,1,5.30016571678637,0.28587609926001595,0.004699861981378213,2,1.679804767906746,4.656136105306471,6.494106070676691,2.0490599946754635,nan,nan,0,0.2858248746317962,0,832d821e147a649e,307,9.599977178631503,8,0,0,0,0,0,0,nan,-1,0,nan,0,nan,0,nan,,0,0
59,553811.7999999523,-3811469.4447181495,3566808.7062500827,3652665.0216358565,0,0,0,0,0,1,1,1.6797189764117322,4.656250392593959,5.535782839134796,19,4,0.25623423622778385,6.561561787920344,5.379147996354768,0,,0.0,0.0,0,nan,0,0,,1,0.0016312392906970806,,0.0,0.0,0,nan,nan,nan,nan,nan,nan,0,0.0,0,nan,nan,0.3371944976005178,1,5.379096675230893,0.28588824707381016,0.00469725485497112,2,1.6797783426916852,4.656202922830193,6.561561787920344,2.056246294564471,nan,nan,0,0.2858370492101649,0,832d821e147a649e,307,9.59924068293568,8,0,0,0,0,0,0,nan,-1,0,nan,0,nan,0,nan,,0,0
60,553812.0,-3811469.1845345027,3566808.40403197,3652665.053313325,0,0,0,0,0,1,1,1.4513848380847765,4.739474778870434,5.6052376997611,19,0,0.24999160052313082,6.166848881541285,5.17672630870935,0,,0.0,0.0,0,nan,0,0,,1,0.0019034924540318663,,0.0,0.0,0,nan,nan,nan,nan,nan,nan,0,0.0,0,nan,nan,0.5485444786934384,0,5.176422777730459,0.21387787921720877,0.011317216010402748,2,1.4516652952684017,4.739300293382808,6.166848881541285,1.9549034460280577,0.24999160052313082,1.3371359063100048,0,0.21369973345266927,0,832d821e147a649e,402,16.151791418690173,8,12,1,327,13,12,15,0.8074517489303836,8,0,nan,0,nan,0,nan,,19,17
61,553812.199999094,-3811469.2331142887,3566808.4537998647,3652665.1059620883,0,0,0,0,0,1,1,1.4495164148144526,4.743582329772632,5.7343701358619805,19,1,0.24999160052313082,6.221608856680122,5.2554137463366155,0,,0.0,0.0,0,nan,0,0,,1,0.0017887951941591108,,0.0,0.0,0,nan,nan,nan,nan,nan,nan,0,0.0,0,nan,nan,0.45974208581909676,1,5.255304312781885,0.2245281908698939,0.006765835253887078,2,1.4496209085452376,4.743515530957698,6.221608856680122,1.9578471472005274,nan,nan,0,0.22445745462432226,0,832d821e147a649e,402,14.738151797088348,8,0,0,0,0,0,0,nan,-1,0,nan,0,nan,0,nan,,0,0
62,553812.4000000954,-3811469.2980974317,3566808.5156194377,3652665.1719480325,0,0,0,0,0,1,1,1.4491922993458413,4.744557477586609,5.853623862766625,19,2,0.24999160052313082,6.29338323410037,5.341272839730096,0,,0.0,0.0,0,nan,0,0,,1,0.0014442581992131624,,0.0,0.0,0,nan,nan,nan,nan,nan,nan,0,0.0,0,nan,nan,0.37513371732610484,1,5.341172994530916,0.22529296128047663,0.00647282213699876,2,1.449288747085605,4.744495567161809,6.29338323410037,1.9641623367477135,nan,nan,0,0.22522729294240793,0,832d821e147a649e,402,14.648221521229535,8,0,0,0,0,0,0,nan,-1,0,nan,0,nan,0,nan,,0,0
63,553812.599998951,-3811469.323044764,3566808.5407642205,3652665.198648223,0,0,0,0,0,1,1,1.4491757104132914,4.744432828695781,5.897989477991351,19,3,0.24999160052313082,6.322016967199731,5.374374433675768,0,,0.0,0.0,0,nan,0,0,,1,0.0012547611741480092,,0.0,0.0,0,nan,nan,nan,nan,nan,nan,0,0.0,0,nan,nan,0.34821978812460735,1,5.37427637829183,0.2255412171029841,0.0064213985611649635,2,1.4492702582185648,4.744372352035602,6.322016967199731,1.971382263637691,nan,nan,0,0.22547677111611697,0,832d821e147a649e,402,14.620883183822736,8,0,0,0,0,0,0,nan,-1,0,nan,0,nan,0,nan,,0,0
64,553812.7999999523,-3811469.331030157,3566808.5471869325,3652665.210737892,0,0,0,0,0,1,1,1.4491592675510352,4.74451825220906,5.9142620585397925,19,4,0.24999160052313082,6.329239134620994,5.383718856287912,0,,0.0,0.0,0,nan,0,0,,1,0.0011627163354489733,,0.0,0.0,0,nan,nan,nan,nan,nan,nan,0,0.0,0,nan,nan,0.34057867496566396,1,5.383621086849975,0.22556704654277462,0.006415208926564921,2,1.4492536266895466,4.744457904616622,6.329239134620994,1.978850681069604,nan,nan,0,0.22550272405027463,0,832d821e147a649e,402,14.618056297349446,8,0,0,0,0,0,0,nan,-1,0,nan,0,nan,0,nan,,0,0
65,553813.0,-3811469.0978832426,3566808.2461486016,3652665.22409359,0,0,0,0,0,1,1,1.2356377614535903,4.782536724638331,5.734677466175247,18,0,0.20590055846808142,5.954818255721592,5.148876964214436,0,,0.0,0.0,0,nan,0,0,,1,0.0020671357934090953,,0.0,0.0,0,nan,nan,nan,nan,nan,nan,0,0.0,0,nan,nan,0.577267705135701,0,5.148588857934201,0.15442563108680427,0.019112503014557664,3,1.235880297818417,4.782024536440964,5.954818255721592,1.887203157661293,0.20590055846808142,0.8545983346324524,0,0.1541211324402155,0,832d821e147a649e,434,19.11927157077043,8,12,1,374,13,12,62,0.8117147539710551,12,0,nan,0,nan,0,nan,,18,17
66,553813.199999094,-3811469.0866705896,3566808.2339572455,3652665.214502371,0,0,0,0,0,1,1,1.2349495672247313,4.789959370236376,5.739384637460836,18,1,0.20590055846808142,5.940850326801397,5.138442234234023,0,,0.0,0.0,0,nan,0,0,,1,0.001127490299433198,,0.0,0.0,0,nan,nan,nan,nan,nan,nan,0,0.0,0,nan,nan,0.5883441240985505,0,5.138333411628271,0.1619877956160383,0.01161622212566825,3,1.2350488607523666,4.789766733735172,5.940850326801397,1.890252728871852,nan,nan,0,0.16186957262060714,0,832d821e147a649e,434,17.375495757662115,8,0,0,0,0,0,0,nan,-1,0,nan,0,nan,0,nan,,0,0
67,553813.4000000954,-3811469.0863395133,3566808.2326866523,3652665.2164501403,0,0,0,0,0,1,1,1.23477787158454,4.791502008569164,5.74575562771126,18,2,0.20590055846808142,5.9392505269522475,5.138162440265709,0,,0.0,0.0,0,nan,0,0,,1,0.0009722052738475868,,0.0,0.0,0,nan,nan,nan,nan,nan,nan,0,0.0,0,nan,nan,0.5871596125230862,0,5.138062917913766,0.16247631842103444,0.011212269160417601,3,1.2348704580413488,4.791321802290881,5.9392505269522475,1.8967930862073663,nan,nan,0,0.16236600776014928,0,832d821e147a649e,434,17.27158247179019,8,0,0,0,0,0,0,nan,-1,0,nan,0,nan,0,nan,,0,0
68,553813.599998951,-3811469.0871777595,3566808.234115772,3652665.22406919,0,0,0,0,0,1,1,1.2347455650329622,4.792097021491999,5.753886074567227,18,3,0.20590055846808142,5.939136892899335,5.138999650645538,0,,0.0,0.0,0,nan,0,0,,1,0.0012113015396962902,,0.0,0.0,0,nan,nan,nan,nan,nan,nan,0,0.0,0,nan,nan,0.5833320634214196,0,5.1389015020129305,0.16252321050621144,0.011180284147285589,3,1.2348375945585575,4.791917616262681,5.939136892899335,1.9042684866028543,nan,nan,0,0.16241364766748212,0,832d821e147a649e,434,17.261541756005425,8,0,0,0,0,0,0,nan,-1,0,nan,0,nan,0,nan,,0,0
69,553813.7999999523,-3811469.0913300556,3566808.235501047,3652665.228706436,0,0,0,0,0,1,1,1.2347339346362598,4.792211151264179,5.7603227340181204,18,4,0.20590055846808142,5.941714552284891,5.142440958957297,0,,0.0,0.0,0,nan,0,0,,1,0.0022691157587110926,,0.0,0.0,0,nan,nan,nan,nan,nan,nan,0,0.0,0,nan,nan,0.5777150172609432,0,5.142343209719495,0.16252921183876376,0.011175979857265069,3,1.2348258771773768,4.792031826132516,5.941714552284891,1.9119990826985265,nan,nan,0,0.16241973472717205,0,832d821e147a649e,434,17.260341050457196,8,0,0,0,0,0,0,nan,-1,0,nan,0,nan,0,nan,,0,0
70,553814.0,-3811469.037298305,3566808.123900659,3652665.37507361,0,0,0,0,1,1,1,6.730330990778037,1.513527614634446,5.580307989813202,19,0,0.17166137233746512,5.7928469079199845,6.458178617160501,0,,0.0,0.0,0,nan,0,0,,1,0.0015099080820836107,,0.0,0.0,0,nan,nan,nan,nan,nan,nan,0,0.0,0,nan,nan,0.5583192104730799,0,6.458193965531974,0.15175539411866484,0.01893125645756348,2,6.731129007163105,1.5141762638825818,5.7928469079199845,1.8222119807090562,0.17166137233746512,0.6712067054049101,0,0.15131755257814858,0,994d54c9040caa4d,448,17.313157085371984,8,12,1,385,13,12,73,0.5004532857944399,338,0,nan,0,nan,0,nan,,19,17
71,553814.199999094,-3811469.0540562454,3566808.1413113913,3652665.3910148344,0,0,0,0,1,1,1,6.729552016442121,1.5096957650701914,5.61628545237455,19,1,0.17166137233746512,5.813242256654249,6.483471027331454,0,,0.0,0.0,0,nan,0,0,,1,0.002300174816424405,,0.0,0.0,0,nan,nan,nan,nan,nan,nan,0,0.0,0,nan,nan,0.5832452734887517,0,6.483489927361316,0.16034042898188244,0.013008493379318163,2,6.729937296642994,1.5100113673817361,5.813242256654249,1.8253700871584446,nan,nan,0,0.16011996505124018,0,994d54c9040caa4d,448,15.647459122978153,8,0,0,0,0,0,0,nan,-1,0,nan,0,nan,0,nan,,0,0
72,553814.4000000954,-3811469.078650902,3566808.166167389,3652665.413996416,0,0,0,0,1,1,1,6.729255756834094,1.5088587403934435,5.658664875517778,19,2,0.17166137233746512,5.8428614098649145,6.521616477833006,0,,0.0,0.0,0,nan,0,0,,1,0.0024734302615451974,,0.0,0.0,0,nan,nan,nan,nan,nan,nan,0,0.0,0,nan,nan,0.6004113331208741,0,6.521636972979548,0.16096090433689922,0.012604421123322091,2,6.729620216063749,1.509157885639998,5.8428614098649145,1.8321420652407963,nan,nan,0,0.16075232045170312,0,994d54c9040caa4d,448,15.54247455249334,8,0,0,0,0,0,0,nan,-1,0,nan,0,nan,0,nan,,0,0
73,553814.599998951,-3811469.1003943384,3566808.188215709,3652665.432468175,0,0,0,0,1,1,1,6.729100834693517,1.5087090822749667,5.6937449792407095,19,3,0.17166137233746512,5.86957827210506,6.55411516743326,0,,0.0,0.0,0,nan,0,0,,1,0.0016162359781307296,,0.0,0.0,0,nan,nan,nan,nan,nan,nan,0,0.0,0,nan,nan,0.5678762851223887,0,6.554135219403638,0.16103215746526356,0.012556079064818164,2,6.729462989878056,1.509006424764962,5.86957827210506,1.8398801572128798,nan,nan,0,0.16082492650843358,0,994d54c9040caa4d,448,15.53023323799326,8,0,0,0,0,0,0,nan,-1,0,nan,0,nan,0,nan,,0,0
74,553814.7999999523,-3811469.1283504013,3566808.217287369,3652665.456551214,0,0,0,0,1,1,1,6.7290828989219875,1.5086198716955275,5.739741364493762,19,4,0.17166137233746512,5.904559055478418,6.5969730325305145,0,,0.0,0.0,0,nan,0,0,,1,0.001912783327593545,,0.0,0.0,0,nan,nan,nan,nan,nan,nan,0,0.0,0,nan,nan,0.5259718101501788,0,6.596992327908725,0.1610352919433842,0.012551213273009463,2,6.72944511416243,1.5089173358723442,5.904559055478418,1.8478801402022942,nan,nan,0,0.16082810881103288,0,994d54c9040caa4d,448,15.529820661422846,8,0,0,0,0,0,0,nan,-1,0,nan,0,nan,0,nan,,0,0
75,553815.0,-3811468.9644313212,3566808.0002683788,3652665.475848125,0,0,0,0,1,1,1,6.607766694172882,1.5768147522432374,5.563605699858875,18,0,0.16723452360142665,5.634140693340448,6.490973740584007,0,,0.0,0.0,0,nan,0,0,,1,0.0010727238567918751,,0.0,0.0,0,nan,nan,nan,nan,nan,nan,0,0.0,0,nan,nan,0.5862826668974462,0,6.490988219321537,0.1813529987388148,0.01613190566374227,2,6.608337816149727,1.5772783893964961,5.634140693340448,1.7651404205727586,0.16723452360142665,0.6444207763429423,0,0.18097442921978824,0,994d54c9040caa4d,456,14.883380014085258,8,12,1,398,13,12,86,0.525006055865761,351,0,nan,0,nan,0,nan,,18,17
76,553815.199999094,-3811468.9626228022,3566807.997926585,3652665.473465487,0,0,0,0,1,1,1,6.610262649823601,1.577120951340477,5.570540408788409,18,1,0.16723452360142665,5.631694436909621,6.493596276918539,0,,0.0,0.0,0,nan,0,0,,1,0.002097341805775717,,0.0,0.0,0,nan,nan,nan,nan,nan,nan,0,0.0,0,nan,nan,0.5886860537230296,0,6.493604490872307,0.19146523459802292,0.010602690335625414,2,6.610511638168307,1.577323727466366,5.631694436909621,1.7684010070562826,nan,nan,0,0.1912903751745045,0,994d54c9040caa4d,456,13.426638475382775,8,0,0,0,0,0,0,nan,-1,0,nan,0,nan,0,nan,,0,0
77,553815.4000000954,-3811468.961974218,3566807.996615348,3652665.4761489625,0,0,0,0,1,1,1,6.610923427046689,1.5765213912643592,5.574369835415747,18,2,0.16723452360142665,5.6297856190029805,6.496493753545546,0,,0.0,0.0,0,nan,0,0,,1,0.0012348792084083016,,0.0,0.0,0,nan,nan,nan,nan,nan,nan,0,0.0,0,nan,nan,0.5915916494050046,0,6.496501999588,0.19217808252207724,0.010265737661281643,2,6.611156911302664,1.5767116997629151,5.6297856190029805,1.775390432894277,nan,nan,0,0.19201373473724023,0,994d54c9040caa4d,456,13.335767618995085,8,0,0,0,0,0,0,nan,-1,0,nan,0,nan,0,nan,,0,0
78,553815.599998951,-3811468.965777788,3566807.9991327194,3652665.4802612495,0,0,0,0,1,1,1,6.611117984720171,1.5765050587337932,5.581459481005151,18,3,0.16723452360142665,5.633293496618416,6.5028002777882215,0,,0.0,0.0,0,nan,0,0,,1,0.0018150620295182183,,0.0,0.0,0,nan,nan,nan,nan,nan,nan,0,0.0,0,nan,nan,0.5979270786660984,0,6.502808631093937,0.19224830325725253,0.010224428225663934,2,6.611349880019309,1.5766941360444051,5.633293496618416,1.7833748257732964,nan,nan,0,0.1920849478881075,0,994d54c9040caa4d,456,13.326946160729461,8,0,0,0,0,0,0,nan,-1,0,nan,0,nan,0,nan,,0,0
79,553815.7999999523,-3811468.9675551504,3566807.998609478,3652665.478977498,0,0,0,0,1,1,1,6.611159057954013,1.5765168393776947,5.581387508215798,18,4,0.16723452360142665,5.634264974908431,6.502210089974449,0,,0.0,0.0,0,nan,0,0,,1,0.0015384110437124934,,0.0,0.0,0,nan,nan,nan,nan,nan,nan,0,0.0,0,nan,nan,0.5973937827704972,0,6.5022183543951915,0.19225570004653406,0.010219470995806671,2,6.611390730545926,1.5767057372920017,5.634264974908431,1.7916271459200621,nan,nan,0,0.19209245621591017,0,994d54c9040caa4d,456,13.325983208481828,8,0,0,0,0,0,0,nan,-1,0,nan,0,nan,0,nan,,0,0
80,553816.0,-3811468.878908008,3566807.8702539033,3652665.593582837,0,0,0,0,1,1,1,6.434289554601547,1.6479444709012137,5.38969395983052,18,0,0.15067004659052766,5.460617008571898,6.442031829390402,0,,0.0,0.0,0,nan,0,0,,1,0.001464302628028215,,0.0,0.0,0,nan,nan,nan,nan,nan,nan,0,0.0,0,nan,nan,0.5338151560356762,0,6.442072349906529,0.20412949351536416,0.01390176568577385,2,6.434731698130078,1.6482910489702374,5.460617008571898,1.7121542298193912,0.15067004659052766,0.48750634448403524,0,0.2038050445587048,0,994d54c9040caa4d,486,12.064020265538794,8,12,1,413,13,12,101,0.4861887351955489,395,0,nan,0,nan,0,nan,,18,17
81,553816.199999094,-3811468.889186431,3566807.880308708,3652665.603812291,0,0,0,0,1,1,1,6.4346774261353845,1.6450705100422367,5.415210176595309,18,1,0.15067004659052766,5.472926503892927,6.458964373822087,0,,0.0,0.0,0,nan,0,0,,1,0.002183589028871775,,0.0,0.0,0,nan,nan,nan,nan,nan,nan,0,0.0,0,nan,nan,0.5505131954208152,0,6.458986569745379,0.21550478551212016,0.00885575101814988,2,6.4348610490176865,1.6452157999383306,5.472926503892927,1.7155155646892941,nan,nan,0,0.21536398744526483,0,994d54c9040caa4d,486,10.871910597277328,8,0,0,0,0,0,0,nan,-1,0,nan,0,nan,0,nan,,0,0
82,553816.3999989033,-3811468.902836786,3566807.895093014,3652665.6192629123,0,0,0,0,1,1,1,6.4345064569765045,1.6445790108280174,5.440614649113292,18,2,0.15067004659052766,5.490079674497418,6.4826065783625335,0,,0.0,0.0,0,nan,0,0,,1,0.0011667841095557964,,0.0,0.0,0,nan,nan,nan,nan,nan,nan,0,0.0,0,nan,nan,0.5740038266868734,0,6.482628316279514,0.2163170102146447,0.008539652449701212,2,6.434678089438309,1.6447150896470604,5.490079674497418,1.7227195117517602,nan,nan,0,0.21618533766575987,0,994d54c9040caa4d,486,10.795946486675069,8,0,0,0,0,0,0,nan,-1,0,nan,0,nan,0,nan,,0,0
83,553816.5999999046,-3811468.909679358,3566807.900495396,3652665.6277586543,0,0,0,0,1,1,1,6.4343832829552285,1.6445768026447627,5.452336005349673,18,3,0.15067004659052766,5.497062703441286,6.494065837485026,0,,0.0,0.0,0,nan,0,0,,1,0.0009605985509844347,,0.0,0.0,0,nan,nan,nan,nan,nan,nan,0,0.0,0,nan,nan,0.5855230563023317,0,6.494087452677917,0.21641242002526243,0.00850441269181509,2,6.434553539515601,1.6447117802601747,5.497062703441286,1.730947006658849,nan,nan,0,0.2162817987517638,0,994d54c9040caa4d,486,10.787023791657578,8,0,0,0,0,0,0,nan,-1,0,nan,0,nan,0,nan,,0,0
84,553816.7999999523,-3811468.902958673,3566807.893729498,3652665.6224793,0,0,0,0,1,1,1,6.434328430421142,1.6446013150827794,5.441563480377495,18,4,0.15067004659052766,5.488584600800307,6.484171549993589,0,,0.0,0.0,0,nan,0,0,,1,0.001127970973307426,,0.0,0.0,0,nan,nan,nan,nan,nan,nan,0,0.0,0,nan,nan,0.5756743656402404,0,6.484193239962421,0.21642789177075597,0.008498429137282004,2,6.4344984320648875,1.6447360833358906,5.488584600800307,1.7394480273096997,nan,nan,0,0.21629744638142143,0,994d54c9040caa4d,486,10.785551344801913,8,0,0,0,0,0,0,nan,-1,0,nan,0,nan,0,nan,,0,0
85,553817.0,-3811468.8169170558,3566807.7924411534,3652665.732098982,0,0,0,0,1,1,1,6.2702592388498894,1.6746183999629494,5.294819844578226,19,0,0.16129119387086358,5.33972507027378,6.421525924620627,0,,0.0,0.0,0,nan,0,0,,1,0.0013143941580085773,,0.0,0.0,0,nan,nan,nan,nan,nan,nan,0,0.0,0,nan,nan,0.3154142798677193,1,6.421535246086903,0.22276750502355155,0.014833824817747051,3,6.270555871964908,1.6748711300684496,5.33972507027378,1.6605523074598696,0.16129119387086358,0.3482728961220111,0,0.22234072318588524,0,994d54c9040caa4d,498,9.823209852430187,8,12,1,417,13,12,105,0.3154142798677193,318,0,nan,0,nan,0,nan,,19,17
86,553817.199999094,-3811468.789584278,3566807.765068103,3652665.7043454917,0,0,0,0,1,1,1,6.268950394440488,1.6764554230407303,5.241449213974157,19,1,0.16129119387086358,5.306002063462841,6.37393394138364,0,,0.0,0.0,0,nan,0,0,,1,0.0019488032051179567,,0.0,0.0,0,nan,nan,nan,nan,nan,nan,0,0.0,0,nan,nan,0.3222038742596287,1,6.3739367569644765,0.23505054557812438,0.009132725519996384,3,6.269071171097713,1.676555451975301,5.306002063462841,1.664017975913443,nan,nan,0,0.2348815429121418,0,994d54c9040caa4d,498,8.83936908461216,8,0,0,0,0,0,0,nan,-1,0,nan,0,nan,0,nan,,0,0
87,553817.3999989033,-3811468.7791701336,3566807.7530020396,3652665.6942558023,0,0,0,0,1,1,1,6.2695848862845365,1.6749578052928964,5.227438423879993,19,2,0.16129119387086358,5.291895731050397,6.357904218970817,0,,0.0,0.0,0,nan,0,0,,1,0.0014620818591347838,,0.0,0.0,0,nan,nan,nan,nan,nan,nan,0,0.0,0,nan,nan,0.32663627880628554,1,6.357909413276418,0.23596849665795014,0.008757696760140364,3,6.269697818574187,1.6750517927397952,5.291895731050397,1.6714439156460614,nan,nan,0,0.23581187174593757,0,994d54c9040caa4d,498,8.77417506153926,8,0,0,0,0,0,0,nan,-1,0,nan,0,nan,0,nan,,0,0
88,553817.5999999046,-3811468.777137907,3566807.7511370927,3652665.6918531856,0,0,0,0,1,1,1,6.26961827124091,1.6748395005066268,5.224177145156627,19,3,0.16129119387086358,5.289586413029958,6.354462442705837,0,,0.0,0.0,0,nan,0,0,,1,0.0012256575813852065,,0.0,0.0,0,nan,nan,nan,nan,nan,nan,0,0.0,0,nan,nan,0.3272565043778169,1,6.354467773738199,0.23605511153598238,0.008721102494455946,3,6.269730372419915,1.6749328502046665,5.289586413029958,1.6799225601746655,nan,nan,0,0.2358996133128169,0,994d54c9040caa4d,498,8.768062982583993,8,0,0,0,0,0,0,nan,-1,0,nan,0,nan,0,nan,,0,0
89,553817.7999999523,-3811468.7767216642,3566807.7499405225,3652665.6927631916,0,0,0,0,1,1,1,6.269619478346368,1.6747984962544595,5.224023634889864,19,4,0.16129119387086358,5.288271008541489,6.354504287920785,0,,0.0,0.0,0,nan,0,0,,1,0.001978472388613358,,0.0,0.0,0,nan,nan,nan,nan,nan,nan,0,0.0,0,nan,nan,0.3279155618963109,1,6.354509652394296,0.236064014825896,0.00871789527872197,3,6.269731505648502,1.6748917843888365,5.288271008541489,1.6886804655036185,nan,nan,0,0.23590863203776108,0,994d54c9040caa4d,498,8.767435199025067,8,0,0,0,0,0,0,nan,-1,0,nan,0,nan,0,nan,,0,0
90,553818.0,-3811468.7353828726,3566807.691360277,3652665.845512674,0,0,0,0,0,1,1,6.116038275790735,1.7746473698592284,5.072363734970376,18,0,0.11031835963790779,5.194834180173555,6.4049861917583035,0,,0.0,0.0,0,nan,0,0,,1,0.002024515284607486,,0.0,0.0,0,nan,nan,nan,nan,nan,nan,0,0.0,0,nan,nan,0.3175735247634208,1,6.405069219130175,0.22879695881052547,0.012416548022637969,3,6.116408065942133,1.7749213720157224,5.194834180173555,1.6144343408829938,0.11031835963790779,0.3497947379215988,0,0.22849737616645893,0,994d54c9040caa4d,508,8.63907233888647,8,12,1,423,13,12,111,0.4909808514505483,383,0,nan,0,nan,0,nan,,18,17
91,553818.199999094,-3811468.7391064353,3566807.6956073996,3652665.849251501,0,0,0,0,0,1,1,6.1138456082355015,1.7770501582128968,5.069550064158991,18,1,0.11031835963790779,5.199922486511884,6.406874809341904,0,,0.0,0.0,0,nan,0,0,,1,0.0020987442374064092,,0.0,0.0,0,nan,nan,nan,nan,nan,nan,0,0.0,0,nan,nan,0.3174019252255692,1,6.406902921621379,0.24104508018197915,0.007813222722329404,3,6.113983867197826,1.7771524744464913,5.199922486511884,1.6179992590076882,nan,nan,0,0.24091949346150346,0,994d54c9040caa4d,508,7.792617209063711,8,0,0,0,0,0,0,nan,-1,0,nan,0,nan,0,nan,,0,0
92,553818.3999989033,-3811468.74180484,3566807.696229558,3652665.8534990577,0,0,0,0,0,1,1,6.113610487473384,1.7767872378811504,5.073472589110489,18,2,0.11031835963790779,5.201547054065843,6.411037304483824,0,,0.0,0.0,0,nan,0,0,,1,0.0010447048050771328,,0.0,0.0,0,nan,nan,nan,nan,nan,nan,0,0.0,0,nan,nan,0.31872454001107764,1,6.411063094721515,0.24185183164982813,0.007553573349808807,3,6.11373859651004,1.7768819882697278,5.201547054065843,1.6256355387093915,nan,nan,0,0.24173438892128596,0,994d54c9040caa4d,508,7.74239987711004,8,0,0,0,0,0,0,nan,-1,0,nan,0,nan,0,nan,,0,0
93,553818.5999999046,-3811468.7435135636,3566807.6972454316,3652665.8559057238,0,0,0,0,0,1,1,6.11349595022141,1.7768871060746505,5.076054612069313,18,3,0.11031835963790779,5.203086526608415,6.413826285749895,0,,0.0,0.0,0,nan,0,0,,1,0.0014426517124995553,,0.0,0.0,0,nan,nan,nan,nan,nan,nan,0,0.0,0,nan,nan,0.319140057764089,1,6.4138516789299524,0.2419290854494777,0.007526284011344234,3,6.113622992876249,1.77698102049745,5.203086526608415,1.6343518753605377,nan,nan,0,0.24181240328780332,0,994d54c9040caa4d,508,7.737599208261364,8,0,0,0,0,0,0,nan,-1,0,nan,0,nan,0,nan,,0,0
94,553818.7999999523,-3811468.744718246,3566807.6983538847,3652665.855421672,0,0,0,0,0,1,1,6.113460328256976,1.776923957997854,5.076747743709925,18,4,0.11031835963790779,5.204760967274487,6.414287976607459,0,,0.0,0.0,0,nan,0,0,,1,0.002000522236476178,,0.0,0.0,0,nan,nan,nan,nan,nan,nan,0,0.0,0,nan,nan,0.3192078921864102,1,6.41431324915323,0.24193672217065224,0.0075232451276801005,3,6.113587238382717,1.7770177548077217,5.204760967274487,1.6433526676771246,nan,nan,0,0.24182011561022151,0,994d54c9040caa4d,508,7.7371219769764386,8,0,0,0,0,0,0,nan,-1,0,nan,0,nan,0,nan,,0,0
95,553819.0,-3811468.636547822,3566807.554884948,3652665.9106425443,0,0,0,0,0,1,1,6.033294006173419,1.9144727022050643,4.890138159597874,18,0,0.09650807870128013,5.019691785494193,6.432636704329391,0,,0.0,0.0,0,nan,0,0,,1,0.0015054535910149652,,0.0,0.0,0,nan,nan,nan,nan,nan,nan,0,0.0,0,nan,nan,0.3129548380386519,1,6.432746102982197,0.2069387115302124,0.015719637972969908,6,6.03363776019852,1.9147538696975086,5.019691785494193,1.5710678464020085,0.09650807870128013,0.27321485315356214,0,0.20631886246853484,0,994d54c9040caa4d,749,8.165552271453294,8,12,1,434,13,12,122,0.31435021804128865,333,0,nan,0,nan,0,nan,,18,17
96,553819.199999094,-3811468.636808119,3566807.5548408963,3652665.9143909067,0,0,0,0,0,1,1,6.034595831450097,1.9153132418663679,4.893977517305169,18,1,0.09650807870128013,5.019348060966175,6.437858037456749,0,,0.0,0.0,0,nan,0,0,,1,0.0022582512070036262,,0.0,0.0,0,nan,nan,nan,nan,nan,nan,0,0.0,0,nan,nan,0.3131511088268406,1,6.437839022072431,0.2164653335299444,0.014688790660664305,7,6.034390109621196,1.9152175561364886,5.019348060966175,1.5747309510157785,nan,nan,0,0.21623846639697417,0,994d54c9040caa4d,749,7.447182359928379,8,0,0,0,0,0,0,nan,-1,0,nan,0,nan,0,nan,,0,0
97,553819.3999989033,-3811468.6387844095,3566807.555983467,3652665.918199778,0,0,0,0,0,1,1,6.034924487794071,1.9156415132873608,4.898568483565775,18,2,0.09650807870128013,5.0209986749369175,6.442719815364348,0,,0.0,0.0,0,nan,0,0,,1,0.0028035528291208665,,0.0,0.0,0,nan,nan,nan,nan,nan,nan,0,0.0,0,nan,nan,0.3139217643960839,1,6.442703191757928,0.21696409243579728,0.014177788319494119,7,6.034734400359145,1.9155537482981433,5.0209986749369175,1.5825760258817991,nan,nan,0,0.2167532084898019,0,994d54c9040caa4d,749,7.413154439988652,8,0,0,0,0,0,0,nan,-1,0,nan,0,nan,0,nan,,0,0
98,553819.5999999046,-3811468.6393151586,3566807.556565854,3652665.922912061,0,0,0,0,0,1,1,6.035016135495396,1.9156785484152716,4.902479296001756,18,3,0.09650807870128013,5.021187289397074,6.447160697303606,0,,0.0,0.0,0,nan,0,0,,1,0.0017016500053122616,,0.0,0.0,0,nan,nan,nan,nan,nan,nan,0,0.0,0,nan,nan,0.31416484311885656,1,6.4471441694875935,0.2170129642044379,0.014126053289206597,7,6.0348276091431545,1.9155915745431924,5.021187289397074,1.5915282050527608,nan,nan,0,0.21680361478326815,0,994d54c9040caa4d,749,7.409833672750752,8,0,0,0,0,0,0,nan,-1,0,nan,0,nan,0,nan,,0,0
99,553819.7999999523,-3811468.641817714,3566807.556025829,3652665.9311662726,0,0,0,0,0,1,1,6.035051064906237,1.915678043807075,4.909242387919663,18,4,0.09650807870128013,5.021359757160374,6.4545347717219235,0,,0.0,0.0,0,nan,0,0,,1,0.0033443755054171935,,0.0,0.0,0,nan,nan,nan,nan,nan,nan,0,0.0,0,nan,nan,0.31698025743668606,1,6.454518069070322,0.2170181683064472,0.014119592652021153,7,6.0348627333737355,1.915591179780432,5.021359757160374,1.600769804175733,nan,nan,0,0.21680897661983786,0,994d54c9040caa4d,749,7.40948857225851,8,0,0,0,0,0,0,nan,-1,0,nan,0,nan,0,nan,,0,0
100,553820.0,-3811468.5541079477,3566807.437510714,3652665.968508439,0,0,0,0,0,1,1,2.9821916475088273,2.533364628383405,4.730786090350278,18,0,0.08261153489824674,4.870813625953213,2.879816778617912,0,,0.0,0.0,0,nan,0,0,,1,0.0017969186155669236,,0.0,0.0,0,nan,nan,nan,nan,nan,nan,0,0.0,0,nan,nan,0.31237185660916783,1,2.882034681857419,0.21146336096982063,0.043275645277742504,9,2.97745613381678,2.535556313246359,4.870813625953213,1.5301583551075884,0.08261153489824674,0.2516350132432009,0,0.20792400692079874,0,0495d0a68a8d8223,768,7.8292861396658076,8,12,1,440,13,12,128,0.40873289037480554,414,0,nan,0,nan,0,nan,,18,17
101,553820.199999094,-3811468.5551112634,3566807.4387408583,3652665.9705805383,0,0,0,0,0,1,1,2.981760660331396,2.5357089550070477,4.737012736466261,18,1,0.08261153489824674,4.872141507085222,2.8835428761575637,0,,0.0,0.0,0,nan,0,0,,1,0.0020110172459470734,,0.0,0.0,0,nan,nan,nan,nan,nan,nan,0,0.0,0,nan,nan,0.31229293735418345,1,2.885474981081565,0.21968058614750485,0.04105199688159748,9,2.977493455054301,2.5377452657440025,4.872141507085222,1.5339193345582653,nan,nan,0,0.21650345329142537,0,0495d0a68a8d8223,768,7.171381650087253,8,0,0,0,0,0,0,nan,-1,0,nan,0,nan,0,nan,,0,0
102,553820.3999989033,-3811468.554467566,3566807.438987627,3652665.970344634,0,0,0,0,0,1,1,2.9817260363941847,2.535430441887416,4.736208478639028,18,2,0.08261153489824674,4.871941036236305,2.883363555304488,0,,0.0,0.0,0,nan,0,0,,1,0.0028702976467818585,,0.0,0.0,0,nan,nan,nan,nan,nan,nan,0,0.0,0,nan,nan,0.3116573873256451,1,2.885277507358507,0.22003474437705783,0.04089256360855137,9,2.9774921252225486,2.537454934979036,4.871941036236305,1.5419721028542017,nan,nan,0,0.21688309428747865,0,0495d0a68a8d8223,768,7.141408179199557,8,0,0,0,0,0,0,nan,-1,0,nan,0,nan,0,nan,,0,0
103,553820.5999999046,-3811468.566214731,3566807.449401112,3652665.982010112,0,0,0,0,0,1,1,2.9816486242759384,2.535896250258039,4.756360157979746,18,3,0.08261153489824674,4.886003146619511,2.901280543343066,0,,0.0,0.0,0,nan,0,0,,1,0.001339772832599846,,0.0,0.0,0,nan,nan,nan,nan,nan,nan,0,0.0,0,nan,nan,0.3142167667710519,1,2.903186882658163,0.22006060848310882,0.04087898335126945,9,2.977417379231855,2.5379175217003573,4.886003146619511,1.5511586485323297,nan,nan,0,0.216911442303287,0,0495d0a68a8d8223,768,7.1386905821808515,8,0,0,0,0,0,0,nan,-1,0,nan,0,nan,0,nan,,0,0
104,553820.7999999523,-3811468.580364131,3566807.4643471627,3652665.9947485225,0,0,0,0,0,1,1,2.9816376663954975,2.535918905941298,4.780039635860467,18,4,0.08261153489824674,4.904954528168594,2.9240685130561475,0,,0.0,0.0,0,nan,0,0,,1,0.0015896952381990953,,0.0,0.0,0,nan,nan,nan,nan,nan,nan,0,0.0,0,nan,nan,0.3173190384915426,1,2.9259690972274304,0.2200636714333003,0.040877787237567555,9,2.9774067025119018,2.5379398987475845,4.904954528168594,1.560639325014739,nan,nan,0,0.21691476598776538,0,0495d0a68a8d8223,768,7.1384010262811985,8,0,0,0,0,0,0,nan,-1,0,nan,0,nan,0,nan,,0,0
105,553821.0,-3811468.4539604494,3566807.306149873,3652666.019897038,0,0,0,0,0,1,1,2.8216465052791118,2.3874749205365946,4.575131479767411,19,0,0.10109941856354684,4.701028825705114,2.89756544651024,0,,0.0,0.0,0,nan,0,0,,1,0.0011694398149517432,,0.0,0.0,0,nan,nan,nan,nan,nan,nan,0,0.0,0,nan,nan,0.3118663370440767,1,2.899598861239645,0.24283034508493587,0.041199267552747276,10,2.8178899217999067,2.3893137994846354,4.701028825705114,1.4898935554101393,0.10109941856354684,0.22508718476253217,0,0.239039819219746,0,0495d0a68a8d8223,768,7.362874821909858,8,12,1,440,13,12,128,0.41819347490552666,366,0,nan,0,nan,0,nan,,19,17
106,553821.199999094,-3811468.463041869,3566807.315766122,3652666.0304021374,0,0,0,0,0,1,1,2.8211478580689886,2.389678297016678,4.598205726212484,19,1,0.10109941856354684,4.712981367175279,2.916531786559905,0,,0.0,0.0,0,nan,0,0,,1,0.0022746418047835974,,0.0,0.0,0,nan,nan,nan,nan,nan,nan,0,0.0,0,nan,nan,0.31243063129573867,1,2.9180976950771935,0.252220460127116,0.03686580274096235,10,2.817877664458861,2.391343021692901,4.712981367175279,1.493755958423994,nan,nan,0,0.2492149219088761,0,0495d0a68a8d8223,768,6.7422676485855115,8,0,0,0,0,0,0,nan,-1,0,nan,0,nan,0,nan,,0,0
107,553821.3999989033,-3811468.4721323354,3566807.3232537475,3652666.0398862143,0,0,0,0,0,1,1,2.8210742487576965,2.3897417647497763,4.613731244953801,19,2,0.10109941856354684,4.723474482020924,2.93035579745628,0,,0.0,0.0,0,nan,0,0,,1,0.0014504642972134117,,0.0,0.0,0,nan,nan,nan,nan,nan,nan,0,0.0,0,nan,nan,0.3155268304005636,1,2.931890595205919,0.2526319543572205,0.03661167756961792,10,2.817836556631573,2.3913937605075692,4.723474482020924,1.5020240791443242,nan,nan,0,0.24967044721037568,0,0495d0a68a8d8223,768,6.714545003378103,8,0,0,0,0,0,0,nan,-1,0,nan,0,nan,0,nan,,0,0
108,553821.5999999046,-3811468.487521388,3566807.33707183,3652666.0585040287,0,0,0,0,0,1,1,2.8210178089849958,2.3901174118636463,4.642317865016059,19,3,0.10109941856354684,4.741889378283319,2.9553426629764608,0,,0.0,0.0,0,nan,0,0,,1,0.0012244919124503072,,0.0,0.0,0,nan,nan,nan,nan,nan,nan,0,0.0,0,nan,nan,0.3222230544744192,1,2.95686567479784,0.2526660330761395,0.03658924851418362,10,2.8177831406360414,2.391766329121363,4.741889378283319,1.5114534494126786,nan,nan,0,0.24970873369649715,0,0495d0a68a8d8223,768,6.7119869748754,8,0,0,0,0,0,0,nan,-1,0,nan,0,nan,0,nan,,0,0
109,553821.7999999523,-3811468.498966446,3566807.3479712936,3652666.0694378703,0,0,0,0,0,1,1,2.8210128704770905,2.3900837088520452,4.661247801351581,19,4,0.10109941856354684,4.756408538925942,2.9730773047359222,0,,0.0,0.0,0,nan,0,0,,1,0.002792437689027192,,0.0,0.0,0,nan,nan,nan,nan,nan,nan,0,0.0,0,nan,nan,0.32778066289640323,1,2.974595213978241,0.2526711363748183,0.03658668993500012,10,2.8177785386609013,2.391732682185493,4.756408538925942,1.5211816072400826,nan,nan,0,0.24971431256444285,0,0495d0a68a8d8223,768,6.711685170058552,8,0,0,0,0,0,0,nan,-1,0,nan,0,nan,0,nan,,0,0
110,553822.0,-3811468.366795978,3566807.1951820585,3652666.079515507,0,0,0,0,0,1,1,2.684025664397137,2.312823651309794,4.513442818290191,19,0,0.09580900580672519,4.554417796108927,2.918110441184037,0,,0.0,0.0,0,nan,0,0,,1,0.002133425275621511,,0.0,0.0,0,nan,nan,nan,nan,nan,nan,0,0.0,0,nan,nan,0.3095005416849332,1,2.9194853844646524,0.284742030685921,0.036010092571512546,8,2.681052436172252,2.3142208085588516,4.554417796108927,1.4518613891260537,0.09580900580672519,0.23458075987996396,0,0.28133359608897174,0,0495d0a68a8d8223,768,6.483010824126688,8,12,1,440,13,12,128,0.41114865561193803,286,0,nan,0,nan,0,nan,,19,17
111,553822.199999094,-3811468.396445469,3566807.224230911,3652666.1126333876,0,0,0,0,0,1,1,2.683184297956443,2.3180086933932786,4.579754089202728,19,1,0.09580900580672519,4.592267392438219,2.972762299548985,0,,0.0,0.0,0,nan,0,0,,1,0.0032131655724568875,,0.0,0.0,0,nan,nan,nan,nan,nan,nan,0,0.0,0,nan,nan,0.32313633799609826,1,2.9737777977438653,0.2963054860864409,0.03066072591826681,8,2.68091071751698,2.319145485949535,4.592267392438219,1.4558249861039145,nan,nan,0,0.29382751952759606,0,0495d0a68a8d8223,768,5.929178646245243,8,0,0,0,0,0,0,nan,-1,0,nan,0,nan,0,nan,,0,0
112,553822.3999989033,-3811468.433035671,3566807.2606027587,3652666.149549613,0,0,0,0,0,1,1,2.6830204825304977,2.3189690713384477,4.645149069337984,19,2,0.09580900580672519,4.640125253966821,3.032812182620019,0,,0.0,0.0,0,nan,0,0,,1,0.0013021561175863767,,0.0,0.0,0,nan,nan,nan,nan,nan,nan,0,0.0,0,nan,nan,0.34961829215215745,1,3.0338006948454646,0.2968451090768079,0.030370646416280653,8,2.6807840752472973,2.3200874835941456,4.640125253966821,1.464307366794698,nan,nan,0,0.2944196076630094,0,0495d0a68a8d8223,768,5.903808531253502,8,0,0,0,0,0,0,nan,-1,0,nan,0,nan,0,nan,,0,0
113,553822.5999999046,-3811468.495169431,3566807.3239307012,3652666.2178813745,0,0,0,0,0,1,1,2.6828943332919546,2.3201583945991247,4.758861840996554,19,3,0.09580900580672519,4.72301200125036,3.1376137166977247,0,,0.0,0.0,0,nan,0,0,,1,0.0029299250493837275,,0.0,0.0,0,nan,nan,nan,nan,nan,nan,0,0.0,0,nan,nan,0.4158732088567393,1,3.1385871498906934,0.2968589032789173,0.03036965796919977,8,2.680658113359653,2.3212702374541436,4.72301200125036,1.4739780586275537,nan,nan,0,0.29443582010897773,0,0495d0a68a8d8223,768,5.902734550923833,8,0,0,0,0,0,0,nan,-1,0,nan,0,nan,0,nan,,0,0
114,553822.7999999523,-3811468.5736154537,3566807.399910786,3652666.298941172,0,0,0,0,0,1,1,2.6828675338217485,2.320374910537694,4.894133650654775,19,4,0.09580900580672519,4.8266094848585706,3.2642460519937337,0,,0.0,0.0,0,nan,0,0,,1,0.0008575217703789656,,0.0,0.0,0,nan,nan,nan,nan,nan,nan,0,0.0,0,nan,nan,0.35962244118540465,1,3.2651993901701455,0.29685842703491244,0.030373059693911145,8,2.680630830124884,2.321485611477744,4.8266094848585706,1.4839519154548166,nan,nan,0,0.29443543431141606,0,0495d0a68a8d8223,768,5.902701178905337,8,0,0,0,0,0,0,nan,-1,0,nan,0,nan,0,nan,,0,0
115,553823.0,-3811468.3071210613,3566807.122528986,3652666.160279836,0,0,0,0,0,1,1,2.548147932038466,2.4786145130915287,4.856889811956668,19,0,0.07818896748069047,4.453110749404401,3.032169549383163,0,,0.0,0.0,0,nan,0,0,,1,0.0022155906353262707,,0.0,0.0,0,nan,nan,nan,nan,nan,nan,0,0.0,0,nan,nan,0.28427794726651057,1,3.032820419775465,0.3142380502597123,0.028683809568204204,8,2.5464483129172555,2.4795929102469514,4.453110749404401,1.4158440950765059,0.07818896748069047,0.5499291585600596,0,0.31112300543252036,0,0495d0a68a8d8223,768,5.776613368852375,8,12,1,440,13,12,128,0.28427794726651057,413,0,nan,0,nan,0,nan,,19,17
116,553823.199999094,-3811468.35837787,3566807.175700028,3652666.2083267174,0,0,0,0,0,1,1,2.5455839555952076,2.494185507363311,4.987374587346828,19,1,0.07818896748069047,4.52266282746532,3.1385008637436678,0,,0.0,0.0,0,nan,0,0,,1,0.0016855666297182132,,0.0,0.0,0,nan,nan,nan,nan,nan,nan,0,0.0,0,nan,nan,0.19287934769978218,1,3.1390541132204914,0.32759376230942105,0.02435111353176363,8,2.544222993608534,2.4948772385899156,4.52266282746532,1.4199083665795802,nan,nan,0,0.3254855530056818,0,0495d0a68a8d8223,768,5.267810817686308,8,0,0,0,0,0,0,nan,-1,0,nan,0,nan,0,nan,,0,0
117,553823.3999989033,-3811468.433264046,3566807.25222931,3652666.2826369973,0,0,0,0,0,1,1,2.5450226695881932,2.498731700813043,5.127727183479904,19,2,0.07818896748069047,4.624302905662867,3.266716924435905,0,,0.0,0.0,0,nan,0,0,,1,0.0013984785118904123,,0.0,0.0,0,nan,nan,nan,nan,nan,nan,0,0.0,0,nan,nan,0.1730255658661929,1,3.2672626964434337,0.32819208176459264,0.02411150801419501,8,2.5436805599921146,2.499395732647931,4.624302905662867,1.428604050663526,nan,nan,0,0.3261391662907803,0,0495d0a68a8d8223,768,5.245452464440285,8,0,0,0,0,0,0,nan,-1,0,nan,0,nan,0,nan,,0,0
118,553823.5999999046,-3811468.526425609,3566807.342732031,3652666.378323031,0,0,0,0,0,1,1,2.544840725973605,2.500522292749194,5.2919738973191155,19,3,0.07818896748069047,4.749034182664432,3.4194269612096213,0,,0.0,0.0,0,nan,0,0,,1,0.0018052927468748777,,0.0,0.0,0,nan,nan,nan,nan,nan,nan,0,0.0,0,nan,nan,0.20542051653852916,1,3.4199633579192024,0.3282054660890869,0.024110984073374832,8,2.5434975703588996,2.5011791887458172,4.749034182664432,1.4393613695508036,nan,nan,0,0.32615390245464526,0,0495d0a68a8d8223,768,5.244777005675039,8,0,0,0,0,0,0,nan,-1,0,nan,0,nan,0,nan,,0,0
119,553823.7999999523,-3811468.626168303,3566807.4400163204,3652666.4852314456,0,0,0,0,0,1,1,2.5447878020743975,2.5010204688893802,5.4679409752809,19,4,0.07818896748069047,4.885182020055159,3.5847419592869065,0,,0.0,0.0,0,nan,0,0,,1,0.0018341080356223875,,0.0,0.0,0,nan,nan,nan,nan,nan,nan,0,0.0,0,nan,nan,0.18958575864144625,1,3.5852634767303915,0.3282060200998552,0.024112472157918667,8,2.543444297941968,2.501675484735062,4.885182020055159,1.4513607916494302,nan,nan,0,0.3261545265322526,0,0495d0a68a8d8223,768,5.244728342900403,8,0,0,0,0,0,0,nan,-1,0,nan,0,nan,0,nan,,0,0
120,553824.0,-3811468.259865396,3566807.0599575657,3652666.3579538884,0,0,0,0,0,1,1,2.3616486502122442,2.8811499320375606,5.4538701772375715,19,0,0.08988941241842627,4.361917432117349,3.131848154326153,0,,0.0,0.0,0,nan,0,0,,1,0.0015240319301675182,,0.0,0.0,0,nan,nan,nan,nan,nan,nan,0,0.0,0,nan,nan,0.2303428438340874,1,3.1328086631605103,0.3119559680281954,0.03092977568599301,9,2.3599453440482976,2.8818916934853696,4.361917432117349,1.373252962372899,0.08988941241842627,0.7202377201934707,3,0.3069890933768882,0,0495d0a68a8d8223,768,6.134035870739284,8,12,1,440,13,12,128,0.2695618518701149,414,0,nan,0,nan,0,nan,,19,17
121,553824.199999094,-3811468.3186313105,3566807.114591428,3652666.4297831175,0,0,0,0,0,1,1,2.3583998967882747,2.9071778253173006,5.61549863522789,19,1,0.08988941241842627,4.439043102720355,3.2526205303294415,0,,0.0,0.0,0,nan,0,0,,1,0.001816481127204924,,0.0,0.0,0,nan,nan,nan,nan,nan,nan,0,0.0,0,nan,nan,0.18945587255566326,1,3.253491078140449,0.328231279874013,0.027030126677535772,8,2.357133422389583,2.907527488861012,4.439043102720355,1.3775673270551245,nan,nan,0,0.324348044358798,0,0495d0a68a8d8223,768,5.486526347028366,8,0,0,0,0,0,0,nan,-1,0,nan,0,nan,0,nan,,0,0
122,553824.3999989033,-3811468.4017194808,3566807.191496991,3652666.5269679357,0,0,0,0,0,1,1,2.357730888788037,2.914735299399511,5.77867702660189,19,2,0.08988941241842627,4.549974274877567,3.3948749672899665,0,,0.0,0.0,0,nan,0,0,,1,0.0012859933027747773,,0.0,0.0,0,nan,nan,nan,nan,nan,nan,0,0.0,0,nan,nan,0.15022177410997503,1,3.395634510141385,0.32925203774333733,0.028069431679467075,9,2.3564448406589085,2.915110359656534,4.549974274877567,1.3865624694209557,nan,nan,0,0.3253563027877105,0,0495d0a68a8d8223,768,5.451494137080216,8,0,0,0,0,0,0,nan,-1,0,nan,0,nan,0,nan,,0,0
123,553824.5999999046,-3811468.469013541,3566807.2541610976,3652666.6065085335,0,0,0,0,0,1,1,2.3576281797327203,2.916033367413848,5.902634963983915,19,3,0.08988941241842627,4.641685113627941,3.5080459277570535,0,,0.0,0.0,0,nan,0,0,,1,0.0023393356915333416,,0.0,0.0,0,nan,nan,nan,nan,nan,nan,0,0.0,0,nan,nan,0.1420305857127476,1,3.5087928753766175,0.32953935421588204,0.02798576855038592,9,2.3563506826774088,2.916397862968413,4.641685113627941,1.396781349938426,nan,nan,0,0.3256727657471167,0,0495d0a68a8d8223,768,5.440938112431493,8,0,0,0,0,0,0,nan,-1,0,nan,0,nan,0,nan,,0,0
124,553824.7999999523,-3811468.5337115326,3566807.315192017,3652666.679677825,0,0,0,0,0,1,1,2.3575799312339782,2.916645155717786,6.018655124037361,19,4,0.08988941241842627,4.731626776497732,3.6159696058606055,0,,0.0,0.0,0,nan,0,0,,1,0.0028001730586678887,,0.0,0.0,0,nan,nan,nan,nan,nan,nan,0,0.0,0,nan,nan,0.1845763972500072,1,3.616707669991307,0.32955912314865043,0.027985787922317658,9,2.3563024952656195,2.9170060096150343,4.731626776497732,1.407305432486407,nan,nan,0,0.32569450941909084,0,0495d0a68a8d8223,768,5.440208385331186,8,0,0,0,0,0,0,nan,-1,0,nan,0,nan,0,nan,,0,0
125,553825.0,-3811468.213257993,3566806.992953297,3652666.4700697195,0,0,0,0,0,1,1,2.2387046983545815,3.287748019855273,5.890272139779201,18,0,0.08969191766896357,4.277212282198917,3.11839209145931,0,,0.0,0.0,0,nan,0,0,,1,0.0010207710113062155,,0.0,0.0,0,nan,nan,nan,nan,nan,nan,0,0.0,0,nan,nan,0.21494768929367714,1,3.1225218043661944,0.2966690481790823,0.08182144881235186,12,2.2464461964397384,3.28249848804055,4.277212282198917,1.341081887224252,0.08969191766896357,0.5287017041840866,1,0.28745391915512764,0,0495d0a68a8d8223,768,7.015439917228797,8,12,1,440,13,12,128,0.4115978158736003,289,0,nan,0,nan,0,nan,,18,17
126,553825.199999094,-3811468.215952453,3566806.9975593677,3652666.470325392,0,0,0,0,0,1,1,2.236719650185538,3.31868553754217,5.949408345863716,18,1,0.08969191766896357,4.282452446087192,3.1439365856856303,0,,0.0,0.0,0,nan,0,0,,1,0.0030043587406368144,,0.0,0.0,0,nan,nan,nan,nan,nan,nan,0,0.0,0,nan,nan,0.221334533920757,1,3.146660362545159,0.31117735488642007,0.035936631425770325,9,2.2351877012892922,3.3177591237651227,4.282452446087192,1.345371540844225,nan,nan,0,0.30273453626781455,0,0495d0a68a8d8223,768,6.317719162128499,8,0,0,0,0,0,0,nan,-1,0,nan,0,nan,0,nan,,0,0
127,553825.3999989033,-3811468.238187265,3566807.0211028242,3652666.4891943247,0,0,0,0,0,1,1,2.2363956000649976,3.3246104551782563,5.99605464083504,18,2,0.08969191766896357,4.314483734331186,3.1831190840732178,0,,0.0,0.0,0,nan,0,0,,1,0.001803343944066121,,0.0,0.0,0,nan,nan,nan,nan,nan,nan,0,0.0,0,nan,nan,0.228295167584599,1,3.185872208352389,0.31277317214720607,0.03569665672174058,9,2.2349151689111864,3.323596264033605,4.314483734331186,1.354545942352799,nan,nan,0,0.3044571441189323,0,0495d0a68a8d8223,768,6.245748488173004,8,0,0,0,0,0,0,nan,-1,0,nan,0,nan,0,nan,,0,0
128,553825.5999999046,-3811468.261695421,3566807.0505434126,3652666.5058137137,0,0,0,0,0,1,1,2.2362989122549313,3.326454175140278,6.038101056480596,18,3,0.08969191766896357,4.351916627772232,3.2242499839499916,0,,0.0,0.0,0,nan,0,0,,1,0.0037168868594407854,,0.0,0.0,0,nan,nan,nan,nan,nan,nan,0,0.0,0,nan,nan,0.24214765835459465,1,3.227022548309784,0.31293071208427525,0.03571756328908639,9,2.234823313958942,3.3254143787002386,4.351916627772232,1.3649945563252466,nan,nan,0,0.30462758694101794,0,0495d0a68a8d8223,768,6.238686084648405,8,0,0,0,0,0,0,nan,-1,0,nan,0,nan,0,nan,,0,0
129,553825.7999999523,-3811468.278472328,3566807.074131695,3652666.5131957456,0,0,0,0,0,1,1,2.236276555747253,3.326975281366798,6.065133181303713,18,4,0.08969191766896357,4.3806593548427015,3.2534192909839583,0,,0.0,0.0,0,nan,0,0,,1,0.0015424236864137744,,0.0,0.0,0,nan,nan,nan,nan,nan,nan,0,0.0,0,nan,nan,0.25476473311148123,1,3.2561981734134195,0.3129851959832934,0.03571894358047479,9,2.2348027892665474,3.325928505877811,4.3806593548427015,1.3757587604714319,nan,nan,0,0.30468748567484755,0,0495d0a68a8d8223,768,6.236238821741579,8,0,0,0,0,0,0,nan,-1,0,nan,0,nan,0,nan,,0,0
130,553826.0,-3811468.1517025777,3566806.937944159,3652666.5636500316,0,0,0,0,0,1,1,2.136578058084114,3.4060571294915984,5.915966385510824,19,0,0.10437133364055624,4.194577476519986,2.990998933397361,0,,0.0,0.0,0,nan,0,0,,1,0.0011116529443349222,,0.0,0.0,0,nan,nan,nan,nan,nan,nan,0,0.0,0,nan,nan,0.21925260012608852,1,2.9950603459267433,0.32178692061260405,0.07877178569372326,13,2.143278138305658,3.400352047325549,4.194577476519986,1.3114539874734326,0.10437133364055624,0.11782175146010418,0,0.3109580293931401,0,0495d0a68a8d8223,768,6.280865141159349,8,12,1,440,13,12,128,0.40526920219559154,288,0,nan,0,nan,0,nan,,19,17
131,553826.199999094,-3811468.159587029,3566806.949774481,3652666.568268415,0,0,0,0,0,1,1,2.1362077643897073,3.4211856201960718,5.945868363315383,19,1,0.10437133364055624,4.208702179491958,3.005131873549453,0,,0.0,0.0,0,nan,0,0,,1,0.0026916894438927964,,0.0,0.0,0,nan,nan,nan,nan,nan,nan,0,0.0,0,nan,nan,0.21332293279764258,1,3.008705437047888,0.33949013023494484,0.03565677158487987,10,2.1345071685420014,3.419140104185354,4.208702179491958,1.3158415864574493,nan,nan,0,0.329569965215367,0,0495d0a68a8d8223,768,5.587740393507011,8,0,0,0,0,0,0,nan,-1,0,nan,0,nan,0,nan,,0,0
132,553826.3999989033,-3811468.1752835745,3566806.9684575084,3652666.582082078,0,0,0,0,0,1,1,2.136231919966523,3.424199635954097,5.975879376587724,19,2,0.10437133364055624,4.233177470332,3.0313762026954425,0,,0.0,0.0,0,nan,0,0,,1,0.0016381550080391356,,0.0,0.0,0,nan,nan,nan,nan,nan,nan,0,0.0,0,nan,nan,0.20466564853618385,1,3.0349451593242014,0.3407823022743981,0.035435703034629895,10,2.1345677715128875,3.422118248167368,4.233177470332,1.3252205081739585,nan,nan,0,0.3309644083818315,0,0495d0a68a8d8223,768,5.540203747663733,8,0,0,0,0,0,0,nan,-1,0,nan,0,nan,0,nan,,0,0
133,553826.5999999046,-3811468.186702761,3566806.98243011,3652666.5923306453,0,0,0,0,0,1,1,2.136267013458725,3.4248989422339213,5.996578759226646,19,3,0.10437133364055624,4.251301327647518,3.0510635948541025,0,,0.0,0.0,0,nan,0,0,,1,0.0011031295073761075,,0.0,0.0,0,nan,nan,nan,nan,nan,nan,0,0.0,0,nan,nan,0.2007977732188199,1,3.0546358519246546,0.34095131102929066,0.0354198586106772,10,2.134606346841725,3.4228084388024467,4.251301327647518,1.335898510189637,nan,nan,0,0.33114840541085405,0,0495d0a68a8d8223,768,5.533999858005584,8,0,0,0,0,0,0,nan,-1,0,nan,0,nan,0,nan,,0,0
134,553826.7999999523,-3811468.1878019567,3566806.985637567,3652666.589243545,0,0,0,0,0,1,1,2.1362853585862434,3.4250369093110837,5.996847591735163,19,4,0.10437133364055624,4.254421475626382,3.0527676829693604,0,,0.0,0.0,0,nan,0,0,,1,0.0027473051253573875,,0.0,0.0,0,nan,nan,nan,nan,nan,nan,0,0.0,0,nan,nan,0.20059077351705765,1,3.056341566664598,0.3409924894027172,0.03541585156145378,10,2.134625199265766,3.422944733377074,4.254421475626382,1.3468952651177057,nan,nan,0,0.3311938087068947,0,0495d0a68a8d8223,768,5.532483029356574,8,0,0,0,0,0,0,nan,-1,0,nan,0,nan,0,nan,,0,0
135,553827.0,-3811468.111643901,3566806.9077284085,3652666.6593171554,0,0,0,0,0,1,1,2.0639981442701325,3.394820296404932,5.852315110497573,19,0,0.09857460373214366,4.146925816126614,2.921224952801113,0,,0.0,0.0,0,nan,0,0,,1,0.0015371145956174818,,0.0,0.0,0,nan,nan,nan,nan,nan,nan,0,0.0,0,nan,nan,0.2981566632685505,1,2.9248037828637723,0.3694502317034929,0.06458441396875095,13,2.0678117664743865,3.3901690874426675,4.146925816126614,1.2831498675486563,0.09857460373214366,0.09671186119271143,0,0.35888697354623655,0,0495d0a68a8d8223,768,5.1629200300084035,8,12,1,440,13,12,128,0.3014258480485856,415,0,nan,0,nan,0,nan,,19,17
136,553827.199999094,-3811468.0940148463,3566806.8905580505,3652666.641000069,0,0,0,0,0,1,1,2.0651905600440164,3.3971376678324603,5.821861451540427,19,1,0.09857460373214366,4.121989119095179,2.8902898670815613,0,,0.0,0.0,0,nan,0,0,,1,0.0014697460563146245,,0.0,0.0,0,nan,nan,nan,nan,nan,nan,0,0.0,0,nan,nan,0.3050920507137818,1,2.8934644418340993,0.3897345223090569,0.055561799167370564,13,2.067881677045653,3.3932382089422486,4.121989119095179,1.287633609556804,nan,nan,0,0.38000081868171415,0,0495d0a68a8d8223,768,4.604959222825108,8,0,0,0,0,0,0,nan,-1,0,nan,0,nan,0,nan,,0,0
137,553827.3999989033,-3811468.078006212,3566806.8730734205,3652666.6263896944,0,0,0,0,0,1,1,2.0653967577535384,3.3986464610792555,5.795875092548235,19,2,0.09857460373214366,4.098010376793993,2.8636959612978568,0,,0.0,0.0,0,nan,0,0,,1,0.0009806668699741785,,0.0,0.0,0,nan,nan,nan,nan,nan,nan,0,0.0,0,nan,nan,0.3036981592732442,1,2.8668380233749198,0.39100518935220246,0.054840466738302854,13,2.068001464839533,3.394801185206091,4.098010376793993,1.297216416217571,nan,nan,0,0.3813598226613104,0,0495d0a68a8d8223,768,4.5720150731542715,8,0,0,0,0,0,0,nan,-1,0,nan,0,nan,0,nan,,0,0
138,553827.5999999046,-3811468.073391289,3566806.8684036015,3652666.622026189,0,0,0,0,0,1,1,2.0654054570912246,3.39932581893699,5.788990947328956,19,3,0.09857460373214366,4.091385907821337,2.856456239178131,0,,0.0,0.0,0,nan,0,0,,1,0.001231283761054733,,0.0,0.0,0,nan,nan,nan,nan,nan,nan,0,0.0,0,nan,nan,0.303486480480856,1,2.8595995217999515,0.39111799769443456,0.05478553837324839,13,2.068000857938485,3.3954812637425174,4.091385907821337,1.3081230098219792,nan,nan,0,0.3814803370033919,0,0495d0a68a8d8223,768,4.5690834450818345,8,0,0,0,0,0,0,nan,-1,0,nan,0,nan,0,nan,,0,0
139,553827.7999999523,-3811468.072745622,3566806.869852144,3652666.622304268,0,0,0,0,0,1,1,2.065420319213541,3.399467962157189,5.789835079659558,19,4,0.09857460373214366,4.092071765221815,2.8575453748077835,0,,0.0,0.0,0,nan,0,0,,1,0.0013515130578571433,,0.0,0.0,0,nan,nan,nan,nan,nan,nan,0,0.0,0,nan,nan,0.30202437634157986,1,2.860689802198928,0.3911291393312144,0.05478160424329762,13,2.0680145135812165,3.3956230565321004,4.092071765221815,1.3193512865544206,nan,nan,0,0.38149224269022547,0,0495d0a68a8d8223,768,4.568793315991945,8,0,0,0,0,0,0,nan,-1,0,nan,0,nan,0,nan,,0,0
140,553828.0,-3811468.0661813403,3566806.8627250856,3652666.7517490285,0,0,0,0,0,1,1,1.980950207961168,3.285501583822207,5.691473398636357,19,0,0.08938931574877321,4.086669609186195,2.869003017815005,0,,0.0,0.0,0,nan,0,0,,1,0.0017365785372821505,,0.0,0.0,0,nan,nan,nan,nan,nan,nan,0,0.0,0,nan,nan,0.28773475201028437,1,2.872808181439357,0.39512754657834076,0.05913423638318612,13,1.983508859055387,3.280705400049278,4.086669609186195,1.2560395952379817,0.08938931574877321,0.09337008776853428,0,0.38357242240366524,0,0495d0a68a8d8223,768,4.686245215365562,8,12,1,440,13,12,128,0.2872356921695811,414,0,nan,0,nan,0,nan,,19,17
141,553828.199999094,-3811468.071403873,3566806.866550798,3652666.7560254876,0,0,0,0,0,1,1,1.9822818540494096,3.284878140687127,5.692747720509161,19,1,0.08938931574877321,4.093174758981942,2.8709224814349175,0,,0.0,0.0,0,nan,0,0,,1,0.0015876581359779726,,0.0,0.0,0,nan,nan,nan,nan,nan,nan,0,0.0,0,nan,nan,0.28562955142440655,1,2.8742758469302676,0.41472223470045183,0.04857055051780516,13,1.9837490773688302,3.280972024739645,4.093174758981942,1.2606199405867662,nan,nan,0,0.4041884515438366,0,0495d0a68a8d8223,768,4.218956776617515,8,0,0,0,0,0,0,nan,-1,0,nan,0,nan,0,nan,,0,0
142,553828.3999989033,-3811468.0737366793,3566806.8712654174,3652666.757193967,0,0,0,0,0,1,1,1.9825482152818157,3.284675904194458,5.69617299389664,19,2,0.08938931574877321,4.098326032270089,2.8751833905773156,0,,0.0,0.0,0,nan,0,0,,1,0.0009788888782150402,,0.0,0.0,0,nan,nan,nan,nan,nan,nan,0,0.0,0,nan,nan,0.2835081489612209,1,2.878498162549697,0.4158340145081435,0.047785356042264415,13,1.9839424386009714,3.280833579848101,4.098326032270089,1.2704065723485602,nan,nan,0,0.40539625593047096,0,0495d0a68a8d8223,768,4.193601575366289,8,0,0,0,0,0,0,nan,-1,0,nan,0,nan,0,nan,,0,0
143,553828.5999999046,-3811468.07287442,3566806.869024292,3652666.75345029,0,0,0,0,0,1,1,1.9826644832156728,3.284489496742617,5.691295474766989,19,3,0.08938931574877321,4.095879325702708,2.8711032125543645,0,,0.0,0.0,0,nan,0,0,,1,0.0012809005212236105,,0.0,0.0,0,nan,nan,nan,nan,nan,nan,0,0.0,0,nan,nan,0.286581977272686,1,2.8744093309870182,0.4159441354104191,0.04770109373192046,13,1.9840508520573357,3.2806550821679368,4.095879325702708,1.2815413639290947,nan,nan,0,0.4055161424800154,0,0495d0a68a8d8223,768,4.191106245258005,8,0,0,0,0,0,0,nan,-1,0,nan,0,nan,0,nan,,0,0
144,553828.7999999523,-3811468.072885572,3566806.8682263196,3652666.7582660215,0,0,0,0,0,1,1,1.9826853040393442,3.284538869120325,5.694046754211204,19,4,0.08938931574877321,4.09552060330058,2.8722312101864405,0,,0.0,0.0,0,nan,0,0,,1,0.0018141343058989273,,0.0,0.0,0,nan,nan,nan,nan,nan,nan,0,0.0,0,nan,nan,0.28502146100406706,1,2.875542375589763,0.41595489057455604,0.047697487935953,13,1.984070993153903,3.280704447766449,4.09552060330058,1.293000496976616,nan,nan,0,0.40552794273317044,0,0495d0a68a8d8223,768,4.190857461411503,8,0,0,0,0,0,0,nan,-1,0,nan,0,nan,0,nan,,0,0
145,553829.0,-3811468.017554418,3566806.811584417,3652666.8119255626,0,0,0,0,0,1,1,1.8953033911081947,3.1414158030833037,5.547042366255168,18,0,0.06618040356829674,4.019729389049064,2.868970039056522,0,,0.0,0.0,0,nan,0,0,,1,0.0022873155162703813,,0.0,0.0,0,nan,nan,nan,nan,nan,nan,0,0.0,0,nan,nan,0.291547072311594,1,2.872150392000595,0.4286828382233439,0.0497897771010713,13,1.8969587229078333,3.1375121222139826,4.019729389049064,1.23087193110204,0.06618040356829674,0.051197964908721645,0,0.4168002380256579,0,0495d0a68a8d8223,768,4.106195932299342,8,12,1,440,13,12,128,0.3312103237096529,200,0,nan,0,nan,0,nan,,18,17
146,553829.199999094,-3811468.0165300644,3566806.8080750396,3652666.8104859213,0,0,0,0,0,1,1,1.8946488752553055,3.144221794304341,5.548157189626425,18,1,0.06618040356829674,4.016309146082557,2.8668320548235706,0,,0.0,0.0,0,nan,0,0,,1,0.002841538196081868,,0.0,0.0,0,nan,nan,nan,nan,nan,nan,0,0.0,0,nan,nan,0.29233530554956605,1,2.8697041611045098,0.4492924930354696,0.03983395476490687,13,1.8954572621855519,3.140975502220666,4.016309146082557,1.235545772389991,nan,nan,0,0.43829397815279914,0,0495d0a68a8d8223,768,3.7205307144845547,8,0,0,0,0,0,0,nan,-1,0,nan,0,nan,0,nan,,0,0
147,553829.3999989033,-3811468.014394675,3566806.8054189156,3652666.8067850103,0,0,0,0,0,1,1,1.894658785297973,3.143438645565935,5.542232905212141,18,2,0.06618040356829674,4.012672954542102,2.862186114530338,0,,0.0,0.0,0,nan,0,0,,1,0.0032584682104828617,,0.0,0.0,0,nan,nan,nan,nan,nan,nan,0,0.0,0,nan,nan,0.2962962845731081,1,2.8650254957761168,0.45044518430612634,0.039138426355662156,13,1.8954170187243555,3.140243035654065,4.012672954542102,1.2455294838489075,nan,nan,0,0.43953059541648964,0,0495d0a68a8d8223,768,3.7003607331709634,8,0,0,0,0,0,0,nan,-1,0,nan,0,nan,0,nan,,0,0
148,553829.5999999046,-3811468.0146250697,3566806.803597285,3652666.804401425,0,0,0,0,0,1,1,1.894628309026484,3.143482857443198,5.539804631685444,18,3,0.06618040356829674,4.0112892774506035,2.8598634746496456,0,,0.0,0.0,0,nan,0,0,,1,0.004191516923309327,,0.0,0.0,0,nan,nan,nan,nan,nan,nan,0,0.0,0,nan,nan,0.2972763728310211,1,2.862698932859844,0.4505531570778701,0.0390751317892777,13,1.8953816476551415,3.140291153381735,4.0112892774506035,1.2568846948071117,nan,nan,0,0.4396471858320239,0,0495d0a68a8d8223,768,3.6984670471986765,8,0,0,0,0,0,0,nan,-1,0,nan,0,nan,0,nan,,0,0
149,553829.7999999523,-3811468.0067259683,3566806.792402367,3652666.796458958,0,0,0,0,0,1,1,1.8946404420486413,3.1433917410043057,5.524190092080554,18,4,0.06618040356829674,3.99718053721089,2.8444049249140297,0,,0.0,0.0,0,nan,0,0,,1,0.002267408592578143,,0.0,0.0,0,nan,nan,nan,nan,nan,nan,0,0.0,0,nan,nan,0.30975985780872217,1,2.8472381516653704,0.4505676439051965,0.0390655960772261,13,1.8953932745329813,3.1402011851493707,3.99718053721089,1.2685665783557698,nan,nan,0,0.43966247493162536,0,0495d0a68a8d8223,768,3.69822210828667,8,0,0,0,0,0,0,nan,-1,0,nan,0,nan,0,nan,,0,0
150,553830.0,-3811467.985260387,3566806.771353855,3652666.878964111,0,0,0,0,0,1,1,1.8325381185133542,3.0242805557763335,5.4030003838471705,18,0,0.053549020670663715,3.973227598342918,2.8494903383144337,0,,0.0,0.0,0,nan,0,0,,1,0.002505453024229673,,0.0,0.0,0,nan,nan,nan,nan,nan,nan,0,0.0,0,nan,nan,0.30798260747522815,1,2.8524480579978517,0.4544513164960708,0.044559263731308876,13,1.8335990467833378,3.0207653599682245,3.973227598342918,1.2066205478812713,0.053549020670663715,0.09588026818371093,0,0.44228653408985935,0,0495d0a68a8d8223,768,3.727327099630436,8,12,1,440,13,12,128,0.2973716642121176,416,0,nan,0,nan,0,nan,,18,17
151,553830.199999094,-3811467.9851125004,3566806.768358622,3652666.880671127,0,0,0,0,0,1,1,1.8330779275698077,3.026832417392952,5.403788527481263,18,1,0.053549020670663715,3.971003122751979,2.846902462325172,0,,0.0,0.0,0,nan,0,0,,1,0.0009150642199819946,,0.0,0.0,0,nan,nan,nan,nan,nan,nan,0,0.0,0,nan,nan,0.3072650359606805,1,2.849527305438318,0.4761358290482959,0.023076017060137476,9,1.832177105380285,3.0245673414645036,3.971003122751979,1.2113879539230077,nan,nan,0,0.46479580827571804,0,0495d0a68a8d8223,768,3.3816460764201364,8,0,0,0,0,0,0,nan,-1,0,nan,0,nan,0,nan,,0,0
152,553830.3999989033,-3811467.9863232654,3566806.7665131297,3652666.883861564,0,0,0,0,0,1,1,1.8332933348524574,3.026533777278529,5.4046828928923,18,2,0.053549020670663715,3.9706548931090153,2.8465352199381666,0,,0.0,0.0,0,nan,0,0,,1,0.001271733683259171,,0.0,0.0,0,nan,nan,nan,nan,nan,nan,0,0.0,0,nan,nan,0.30691922242589753,1,2.8491420189151695,0.47732266554495906,0.02284194495643173,9,1.8324084883916132,3.0242776103816573,3.9706548931090153,1.2215691181494948,nan,nan,0,0.46605467473213696,0,0495d0a68a8d8223,768,3.3640560867488736,8,0,0,0,0,0,0,nan,-1,0,nan,0,nan,0,nan,,0,0
153,553830.5999999046,-3811467.9856298915,3566806.764454131,3652666.8898634403,0,0,0,0,0,1,1,1.8333554447238032,3.026532065930488,5.407062639292708,18,3,0.053549020670663715,3.969153137695144,2.84676445374288,0,,0.0,0.0,0,nan,0,0,,1,0.0014995923071067872,,0.0,0.0,0,nan,nan,nan,nan,nan,nan,0,0.0,0,nan,nan,0.30553159028029286,1,2.8493709933006803,0.477437367403504,0.02281885202577559,9,1.832472312758767,3.024276164927847,3.969153137695144,1.2331449834508021,nan,nan,0,0.46617678936327833,0,0495d0a68a8d8223,768,3.3623596112568395,8,0,0,0,0,0,0,nan,-1,0,nan,0,nan,0,nan,,0,0
154,553830.7999999523,-3811467.9903496564,3566806.765487584,3652666.8982066484,0,0,0,0,0,1,1,1.8333650650362456,3.0265540024202036,5.415491101303163,18,4,0.053549020670663715,3.9737126486476058,2.8525775626916405,0,,0.0,0.0,0,nan,0,0,,1,0.0017079414487388665,,0.0,0.0,0,nan,nan,nan,nan,nan,nan,0,0.0,0,nan,nan,0.2985066151726582,1,2.8551858793074767,0.4774477145756052,0.02281787694885605,9,1.8324818205750135,3.024297823480045,3.9737126486476058,1.2450496285497097,nan,nan,0,0.4661878657832368,0,0495d0a68a8d8223,768,3.362204804831404,8,0,0,0,0,0,0,nan,-1,0,nan,0,nan,0,nan,,0,0
155,553831.0,-3811467.941213719,3566806.7208671384,3652666.943855947,0,0,0,0,0,1,1,1.7485219088447346,2.8999959460612015,5.285965730854099,19,0,0.045751172293329055,3.9124282073757004,2.859026550831388,0,,0.0,0.0,0,nan,0,0,,1,0.0016588274654760705,,0.0,0.0,0,nan,nan,nan,nan,nan,nan,0,0.0,0,nan,nan,0.29738686996494174,1,2.8622427634523877,0.470798916430583,0.04298908557172561,12,1.7493094633741182,2.8962447352019414,3.9124282073757004,1.182481384915011,0.045751172293329055,0.07387401011273749,0,0.4578329107306829,0,0495d0a68a8d8223,768,3.51755082262469,8,12,1,440,13,12,128,0.29740974686493066,414,0,nan,0,nan,0,nan,,19,17
156,553831.199999094,-3811467.9375429526,3566806.7170734573,3652666.936109979,0,0,0,0,0,1,1,1.7485554799698224,2.8977690908048253,5.273563828073329,19,1,0.045751172293329055,3.906416893204607,2.8510999413786204,0,,0.0,0.0,0,nan,0,0,,1,0.0018646056444710066,,0.0,0.0,0,nan,nan,nan,nan,nan,nan,0,0.0,0,nan,nan,0.3080094609662573,1,2.854072418919167,0.4927823336357559,0.02424319035334794,9,1.7477036355013436,2.8951156860017275,3.906416893204607,1.1873457377292325,nan,nan,0,0.4803735846731957,0,0495d0a68a8d8223,768,3.20142661970419,8,0,0,0,0,0,0,nan,-1,0,nan,0,nan,0,nan,,0,0
157,553831.3999989033,-3811467.9339334266,3566806.7150494764,3652666.923380547,0,0,0,0,0,1,1,1.7484156309856906,2.897676188095203,5.26252002642132,19,2,0.045751172293329055,3.9013209807799902,2.8434723505827293,0,,0.0,0.0,0,nan,0,0,,1,0.0017539041959942975,,0.0,0.0,0,nan,nan,nan,nan,nan,nan,0,0.0,0,nan,nan,0.3098147079723251,1,2.8464274466162043,0.49393938835156165,0.02407000739208833,9,1.74757795455826,2.8950307393874803,3.9013209807799902,1.197731291984316,nan,nan,0,0.4815772751876512,0,0495d0a68a8d8223,768,3.1860487539174502,8,0,0,0,0,0,0,nan,-1,0,nan,0,nan,0,nan,,0,0
158,553831.5999999046,-3811467.934313512,3566806.716264473,3652666.924297403,0,0,0,0,0,1,1,1.7483554508970036,2.89802950467537,5.264496451142877,19,3,0.045751172293329055,3.9025741748056184,2.8451947910815405,0,,0.0,0.0,0,nan,0,0,,1,0.0022925934649273864,,0.0,0.0,0,nan,nan,nan,nan,nan,nan,0,0.0,0,nan,nan,0.3111576558037787,1,2.8481501268469716,0.49405907895916507,0.02405936141152852,9,1.7475203444331677,2.8953826103595617,3.9025741748056184,1.2095353202027972,nan,nan,0,0.48170141549983847,0,0495d0a68a8d8223,768,3.1844691689914515,8,0,0,0,0,0,0,nan,-1,0,nan,0,nan,0,nan,,0,0
159,553831.7999999523,-3811467.9425369482,3566806.7217578874,3652666.9313570894,0,0,0,0,0,1,1,1.7483347008500976,2.898096960466657,5.275786553086618,19,4,0.045751172293329055,3.9119685797088577,2.854722710316345,0,,0.0,0.0,0,nan,0,0,,1,0.0022568864328741424,,0.0,0.0,0,nan,nan,nan,nan,nan,nan,0,0.0,0,nan,nan,0.30464460932661125,1,2.8576798475576997,0.49407208900614197,0.02405959788626856,9,1.7474998453003088,2.895449727988554,3.9119685797088577,1.2216700533079259,nan,nan,0,0.48171488395479034,0,0495d0a68a8d8223,768,3.184297179718185,8,0,0,0,0,0,0,nan,-1,0,nan,0,nan,0,nan,,0,0
160,553832.0,-3811467.8971034507,3566806.660175587,3652667.001338215,0,0,0,0,0,1,1,1.662886552235335,2.7611419566332125,5.1578292351717865,19,0,0.053054975301947395,3.843556512390465,2.8714109786385995,0,,0.0,0.0,0,nan,0,0,,1,0.001393405820842268,,0.0,0.0,0,nan,nan,nan,nan,nan,nan,0,0.0,0,nan,nan,0.2768353025963728,1,2.8748557104642942,0.47845526182310416,0.027999394830911427,9,1.6618651035152816,2.7580930124309275,3.843556512390465,1.1592398702399043,0.053054975301947395,0.07174449441085436,0,0.4641368703433635,0,0495d0a68a8d8223,768,3.4291196524607237,8,12,1,440,13,12,128,0.26623572076267116,196,0,nan,0,nan,0,nan,,19,17
161,553832.2000000477,-3811467.923542705,3566806.6856013197,3652667.027341143,0,0,0,0,0,1,1,1.6611124346139352,2.7677281072143276,5.2153084285072735,19,1,0.053054975301947395,3.882917288575281,2.917541616603078,0,,0.0,0.0,0,nan,0,0,,1,0.0017495584730861922,,0.0,0.0,0,nan,nan,nan,nan,nan,nan,0,0.0,0,nan,nan,0.22751292671528897,1,2.9209134933410446,0.5003343620239031,0.025198486898872257,9,1.6603249377941394,2.7646361511769983,3.882917288575281,1.1642015862100588,nan,nan,0,0.48632295711892753,0,0495d0a68a8d8223,768,3.1291399072310813,8,0,0,0,0,0,0,nan,-1,0,nan,0,nan,0,nan,,0,0
162,553832.3999989033,-3811467.97635213,3566806.736962265,3652667.0881054373,0,0,0,0,0,1,1,1.6605394092889931,2.770415806142774,5.315730978782877,19,2,0.053054975301947395,3.9636450512398866,3.006466287162593,0,,0.0,0.0,0,nan,0,0,,1,0.001322913853766825,,0.0,0.0,0,nan,nan,nan,nan,nan,nan,0,0.0,0,nan,nan,0.17130926224649995,1,3.0098620519864534,0.5012054077233501,0.025171247216733656,9,1.6597643283011778,2.7673055472335633,3.9636450512398866,1.1747917570804605,nan,nan,0,0.487224414377983,0,0495d0a68a8d8223,768,3.1179717846575854,8,0,0,0,0,0,0,nan,-1,0,nan,0,nan,0,nan,,0,0
163,553832.5999999046,-3811468.0341906943,3566806.7926369924,3652667.153666211,0,0,0,0,0,1,1,1.66048711437936,2.7704341847177836,5.418378896979437,19,3,0.053054975301947395,4.051940813799846,3.100900191297307,0,,0.0,0.0,0,nan,0,0,,1,0.0014822968025606706,,0.0,0.0,0,nan,nan,nan,nan,nan,nan,0,0.0,0,nan,nan,0.169869968827711,1,3.104309208913696,0.5013164449276245,0.025167114800752677,9,1.659712525520185,2.7673220764878748,4.051940813799846,1.1868239656301016,nan,nan,0,0.4873395941345215,0,0495d0a68a8d8223,768,3.11655579516192,8,0,0,0,0,0,0,nan,-1,0,nan,0,nan,0,nan,,0,0
164,553832.7999989986,-3811468.0931589496,3566806.8458652617,3652667.2118589464,0,0,0,0,0,1,1,1.6604785915277251,2.770380801103729,5.518312078111911,19,4,0.053054975301947395,4.139193567746055,3.194549919122998,0,,0.0,0.0,0,nan,0,0,,1,0.0013416713894892057,,0.0,0.0,0,nan,nan,nan,nan,nan,nan,0,0.0,0,nan,nan,0.22377719366217028,1,3.197969097062867,0.5013331320757192,0.025166820723168122,9,1.6597037649439117,2.767268417685403,4.139193567746055,1.199188445176101,nan,nan,0,0.4873569513167836,0,0495d0a68a8d8223,768,3.1163432232181516,8,0,0,0,0,0,0,nan,-1,0,nan,0,nan,0,nan,,0,0
165,553833.0,-3811467.8769136514,3566806.585056034,3652667.0628408715,0,0,0,0,0,1,1,1.5535130025684913,2.9455079127861232,5.508245525757731,18,0,0.047267940201068906,3.783660693091006,3.0037431151824565,0,,0.0,0.0,0,nan,0,0,,1,0.0021081379152339394,,0.0,0.0,0,nan,nan,nan,nan,nan,nan,0,0.0,0,nan,nan,0.24939823555085744,1,3.0108710888988726,0.4650621552398448,0.05020113481643278,13,1.5549337253109914,2.9377156251165997,3.783660693091006,1.1373604200894354,0.047267940201068906,0.36198271512667823,0,0.4434086337959788,0,0495d0a68a8d8223,768,3.660302658105355,8,12,1,440,13,12,128,0.26248584016843063,361,0,nan,0,nan,0,nan,,18,16
166,553833.2000000477,-3811467.942841122,3566806.6108432873,3652667.1120599834,0,0,0,0,0,1,1,1.5474281546801463,2.9639693901428212,5.636008652975201,18,1,0.047267940201068906,3.854746832013611,3.105609299818297,0,,0.0,0.0,0,nan,0,0,,1,0.003559515321428093,,0.0,0.0,0,nan,nan,nan,nan,nan,nan,0,0.0,0,nan,nan,0.18595312503389774,1,3.112945833222039,0.48649891689496155,0.040351859642723406,8,1.5477065421793856,2.956762639964037,3.854746832013611,1.1424217871181015,nan,nan,0,0.46468796060568307,0,0495d0a68a8d8223,768,3.3397935789346267,8,0,0,0,0,0,0,nan,-1,0,nan,0,nan,0,nan,,0,0
167,553833.3999989033,-3811468.0480415085,3566806.6463518525,3652667.1859335355,0,0,0,0,0,1,1,1.5461233864832766,2.968523220047956,5.772089162175528,18,2,0.047267940201068906,3.963573068034506,3.2293422768174413,0,,0.0,0.0,0,nan,0,0,,1,0.004911733115871958,,0.0,0.0,0,nan,nan,nan,nan,nan,nan,0,0.0,0,nan,nan,0.2076387670555563,1,3.2366785261614233,0.48751656712224983,0.044658137493438055,13,1.5472570484312438,2.9609051715898773,3.963573068034506,1.1532131646327353,nan,nan,0,0.4657544657704377,0,0495d0a68a8d8223,768,3.3251515539447443,8,0,0,0,0,0,0,nan,-1,0,nan,0,nan,0,nan,,0,0
168,553833.5999999046,-3811468.164357494,3566806.663408221,3652667.2313815723,0,0,0,0,0,1,1,1.5458309229373925,2.9689393354001883,5.874802713751717,18,3,0.047267940201068906,4.058980586629926,3.3300586932492013,0,,0.0,0.0,0,nan,0,0,,1,0.004467541257593158,,0.0,0.0,0,nan,nan,nan,nan,nan,nan,0,0.0,0,nan,nan,0.2621173316896949,1,3.3373966007414606,0.48767709046436686,0.044591359861915085,13,1.5469665674717277,2.9613333212385418,4.058980586629926,1.1654685053963985,nan,nan,0,0.46595828690355123,0,0495d0a68a8d8223,768,3.3223358627713337,8,0,0,0,0,0,0,nan,-1,0,nan,0,nan,0,nan,,0,0
169,553833.7999989986,-3811468.339641392,3566806.6803187616,3652667.3166121943,0,0,0,0,0,1,1,1.5456783530991238,2.969790419319903,6.039818000383368,18,4,0.047267940201068906,4.20174968702978,3.481123617153786,0,,0.0,0.0,0,nan,0,0,,1,0.00710693828391748,,0.0,0.0,0,nan,nan,nan,nan,nan,nan,0,0.0,0,nan,nan,0.1670456580959521,1,3.4885170916703205,0.4876190529987224,0.044648554954773,13,1.5468213914877873,2.9621721766122002,4.20174968702978,1.178280152302728,nan,nan,0,0.4658896648975445,0,0495d0a68a8d8223,768,3.3232895426331726,8,0,0,0,0,0,0,nan,-1,0,nan,0,nan,0,nan,,0,0
170,553834.0,-3811468.1819686536,3566806.3127259864,3652666.9904269995,0,0,0,0,0,1,1,1.5296710217645952,3.3021437244330274,6.079798042507498,19,0,0.05682785282250618,3.773263474308673,3.1667615548743404,0,,0.0,0.0,0,nan,0,0,,1,0.00703997887627909,,0.0,0.0,0,nan,nan,nan,nan,nan,nan,0,0.0,0,nan,nan,0.22097067268627982,1,3.173146934984985,0.486521738829465,0.04125349311393301,11,1.5307544574030305,3.2961059735194143,3.773263474308673,1.1146720770202667,0.05682785282250618,0.7585077761725596,1,0.46541132693765935,0,0495d0a68a8d8223,768,3.3695320752283258,8,12,1,440,13,12,128,0.32542565314989264,198,0,nan,0,nan,0,nan,,19,16
171,553834.2000000477,-3811468.3609831757,3566806.2911363347,3652667.0129717146,0,0,0,0,0,1,1,1.52665503956966,3.3387220734358465,6.261165152777496,19,1,0.05682785282250618,3.868069932031674,3.305402586400088,0,,0.0,0.0,0,nan,0,0,,1,0.006151065268705968,,0.0,0.0,0,nan,nan,nan,nan,nan,nan,0,0.0,0,nan,nan,0.2626753757747064,1,3.3116495154670003,0.5061001570732644,0.039083771132411196,12,1.528127014277561,3.3325916344248605,3.868069932031674,1.1207849122552709,nan,nan,0,0.484941374866965,0,0495d0a68a8d8223,768,3.1082879751285257,8,0,0,0,0,0,0,nan,-1,0,nan,0,nan,0,nan,,0,0
172,553834.3999989033,-3811468.5935654556,3566806.291800705,3652667.0650551766,0,0,0,0,0,1,1,1.5259450292434453,3.3468794003722513,6.45067762101507,19,2,0.05682785282250618,4.016028926985504,3.473489741771871,0,,0.0,0.0,0,nan,0,0,,1,0.010479350436115987,,0.0,0.0,0,nan,nan,nan,nan,nan,nan,0,0.0,0,nan,nan,0.14118733715651807,1,3.4797854766078604,0.5074315935283171,0.038986925057963896,12,1.527458831491496,3.340705520608539,4.016028926985504,1.1344753920671016,nan,nan,0,0.48632902879358764,0,0495d0a68a8d8223,768,3.091063855523136,8,0,0,0,0,0,0,nan,-1,0,nan,0,nan,0,nan,,0,0
173,553834.5999999046,-3811468.8537251814,3566806.2975220517,3652667.1028132853,0,0,0,0,0,1,1,1.5257109258462251,3.349402895904309,6.634467523048352,19,3,0.05682785282250618,4.177159762217223,3.644970526881216,0,,0.0,0.0,0,nan,0,0,,1,0.0068679168858962625,,0.0,0.0,0,nan,nan,nan,nan,nan,nan,0,0.0,0,nan,nan,0.19848273694098476,1,3.651289987970929,0.5075909166510282,0.038995219776571347,12,1.5272336445210157,3.3432184274342176,4.177159762217223,1.1514234305888231,nan,nan,0,0.4865114361162666,0,0495d0a68a8d8223,768,3.088806507008601,8,0,0,0,0,0,0,nan,-1,0,nan,0,nan,0,nan,,0,0
174,553834.7999989986,-3811469.114811977,3566806.323649526,3652667.122325002,0,0,0,0,0,1,1,1.525627045120437,3.3503190936679097,6.813729067694002,19,4,0.05682785282250618,4.345613150211294,3.8195320548390574,0,,0.0,0.0,0,nan,0,0,,1,0.008377574824618384,,0.0,0.0,0,nan,nan,nan,nan,nan,nan,0,0.0,0,nan,nan,0.26158117276472,1,3.8258606329976974,0.507639145485806,0.039013930651246385,12,1.5271548944293185,3.3441286126247483,4.345613150211294,1.1711677443423605,nan,nan,0,0.48656549511435737,0,0495d0a68a8d8223,768,3.0881371309247476,8,0,0,0,0,0,0,nan,-1,0,nan,0,nan,0,nan,,0,0
175,553835.0,-3811468.9221727075,3566805.8889285713,3652666.7511459067,0,0,0,0,0,1,1,1.4706477256228463,3.9426456376143038,6.8501941470861425,19,0,0.07947955307913723,3.8078952838316265,3.256645577456376,0,,0.0,0.0,0,nan,0,0,,1,0.005828456337731166,,0.0,0.0,0,nan,nan,nan,nan,nan,nan,0,0.0,0,nan,nan,0.2145342500218718,1,3.2662646289815997,0.4975159292572921,0.05491221534155537,11,1.4730185157832552,3.933317343767409,3.8078952838316265,1.0921800440234188,0.07947955307913723,0.7428734976749565,3,0.46779730034675193,0,0495d0a68a8d8223,768,3.620456672731445,8,12,1,440,13,12,128,0.22293467519031576,331,0,nan,0,nan,0,nan,,19,16
176,553835.2000000477,-3811469.14593144,3566805.8887803154,3652666.7461278667,0,0,0,0,0,1,1,1.464646924956175,4.019604607261178,7.09789012124363,19,1,0.07947955307913723,3.923234607812135,3.411974952704678,0,,0.0,0.0,0,nan,0,0,,1,0.007705805944428907,,0.0,0.0,0,nan,nan,nan,nan,nan,nan,0,0.0,0,nan,nan,0.14947711397613409,1,3.4227395320868785,0.5047027577421541,0.057461059347315956,11,1.467592843499161,4.009057752020428,3.923234607812135,1.1012254354878293,nan,nan,0,0.473513196371465,0,0495d0a68a8d8223,768,3.5350518011847765,8,0,0,0,0,0,0,nan,-1,0,nan,0,nan,0,nan,,0,0
177,553835.3999989033,-3811469.426497666,3566805.9428132623,3652666.7865170296,0,0,0,0,0,1,1,1.4626994078258375,4.047506444055524,7.366613282876145,19,2,0.07947955307913723,4.121643685872361,3.6343780694721675,0,,0.0,0.0,0,nan,0,0,,1,0.009291111269735289,,0.0,0.0,0,nan,nan,nan,nan,nan,nan,0,0.0,0,nan,nan,0.18622161769604614,1,3.645655687280759,0.5045221949508243,0.058947877393300846,11,1.4658456808032176,4.036482034651061,4.121643685872361,1.124376975870655,nan,nan,0,0.4730945524444144,0,0495d0a68a8d8223,768,3.5411891059605836,8,0,0,0,0,0,0,nan,-1,0,nan,0,nan,0,nan,,0,0
178,553835.5999999046,-3811469.724018108,3566806.017251087,3652666.8257139185,0,0,0,0,0,1,1,1.4619751343607348,4.0580928627856085,7.6318468953995175,19,3,0.07947955307913723,4.342795068315257,3.874487842392256,0,,0.0,0.0,0,nan,0,0,,1,0.004230454903824049,,0.0,0.0,0,nan,nan,nan,nan,nan,nan,0,0.0,0,nan,nan,0.28997012882771145,1,3.8859621272093055,0.5050345300185566,0.059411410492747625,11,1.4651844115625403,4.046913166278994,4.342795068315257,1.15654221137226,nan,nan,0,0.47359919819054463,0,0495d0a68a8d8223,768,3.53375132489035,8,0,0,0,0,0,0,nan,-1,0,nan,0,nan,0,nan,,0,0
179,553835.7999989986,-3811470.054085611,3566806.104452153,3652666.8646822744,0,0,0,0,0,1,1,1.4616879386391881,4.062207274308578,7.908610218492271,19,4,0.07947955307913723,4.587383456620978,4.132686628375963,0,,0.0,0.0,0,nan,0,0,,1,0.005243092978873588,,0.0,0.0,0,nan,nan,nan,nan,nan,nan,0,0.0,0,nan,nan,0.47986739065230016,1,4.1442570006548065,0.5049180262437575,0.05962220268067768,11,1.464918119279319,4.050967463258684,4.587383456620978,1.18934885985337,nan,nan,0,0.47347671572658706,0,0495d0a68a8d8223,768,3.5355495026664547,8,0,0,0,0,0,0,nan,-1,0,nan,0,nan,0,nan,,0,0
180,553836.0,-3811469.7342828037,3566805.5704881656,3652666.157351709,0,0,0,0,0,1,1,1.449347851573131,4.992170885221361,7.981830352750347,19,0,0.1302654067284061,3.788254931287446,3.3027284061260223,0,,0.0,0.0,0,nan,0,0,,1,0.00625001365530167,,0.0,0.0,0,nan,nan,nan,nan,nan,nan,0,0.0,0,nan,nan,0.22210747363429637,1,3.315622197079111,0.47665358160530946,0.06702538431407801,11,1.4527701401687307,4.9795694276229385,3.788254931287446,1.0694199344821425,0.1302654067284061,1.0123440031286453,4,0.44208841711786706,0,0495d0a68a8d8223,768,4.267922106318879,8,12,1,440,13,12,128,0.23955531169944722,124,0,nan,0,nan,0,nan,,19,16
181,553836.2000000477,-3811470.01414231,3566805.58588379,3652666.0946779614,0,0,0,0,0,1,1,1.4479549328832477,5.085511671982272,8.26328948934378,19,1,0.1302654067284061,3.909997348660112,3.478478602126891,0,,0.0,0.0,0,nan,0,0,,1,0.007280357998938462,,0.0,0.0,0,nan,nan,nan,nan,nan,nan,0,0.0,0,nan,nan,0.10255241852321043,1,3.4925242994699968,0.4805984966018641,0.06928434197208248,12,1.4518787203184516,5.071727220528183,3.909997348660112,1.079791469158277,nan,nan,0,0.445185641785746,0,0495d0a68a8d8223,768,4.210395928638809,8,0,0,0,0,0,0,nan,-1,0,nan,0,nan,0,nan,,0,0
182,553836.3999989033,-3811470.3718807334,3566805.6227375017,3652666.0573353483,0,0,0,0,0,1,1,1.4477120747639638,5.115502146153854,8.519488585058388,19,2,0.1302654067284061,4.093862800363508,3.691726734513552,0,,0.0,0.0,0,nan,0,0,,1,0.007899780075465122,,0.0,0.0,0,nan,nan,nan,nan,nan,nan,0,0.0,0,nan,nan,0.18373671949602693,1,3.7061747956940376,0.48233661290631424,0.0700286928766823,12,1.4517102831553863,5.101354155830287,4.093862800363508,1.103650178408427,nan,nan,0,0.44690509752214513,0,0495d0a68a8d8223,768,4.178619542607049,8,0,0,0,0,0,0,nan,-1,0,nan,0,nan,0,nan,,0,0
183,553836.5999999046,-3811470.7880433723,3566805.656280313,3652665.997618948,0,0,0,0,0,1,1,1.4475601129294597,5.127371238270595,8.761814019283616,19,3,0.1302654067284061,4.298836990706948,3.9130370247108845,0,,0.0,0.0,0,nan,0,0,,1,0.007082915508571796,,0.0,0.0,0,nan,nan,nan,nan,nan,nan,0,0.0,0,nan,nan,0.2545163450376036,1,3.927628172089237,0.48279474867420563,0.07030434473785686,12,1.451551797887426,5.113113506769703,4.298836990706948,1.133195553484325,nan,nan,0,0.4474241141907768,0,0495d0a68a8d8223,768,4.169067108278029,8,0,0,0,0,0,0,nan,-1,0,nan,0,nan,0,nan,,0,0
184,553836.7999989986,-3811471.240296312,3566805.6763788345,3652665.8875884935,0,0,0,0,0,1,1,1.4474877661726882,5.130578649440765,8.984297062262753,19,4,0.1302654067284061,4.507567206460244,4.130470464189452,0,,0.0,0.0,0,nan,0,0,,1,0.010002397583416549,,0.0,0.0,0,nan,nan,nan,nan,nan,nan,0,0.0,0,nan,nan,0.42214323065572495,1,4.145057557932453,0.48344909636291233,0.07024424714077288,12,1.4514525620801002,5.1163285351386,4.507567206460244,1.1628915280469658,nan,nan,0,0.44814788964270164,0,0495d0a68a8d8223,768,4.155808615520494,8,0,0,0,0,0,0,nan,-1,0,nan,0,nan,0,nan,,0,0
185,553837.0,-3811471.1321867257,3566805.020532759,3652665.048045897,0,0,0,0,0,1,1,1.429880736527621,5.775696136465039,8.739895452178526,18,0,0.059649574053261115,3.706928963300558,3.2834185698916256,0,,0.0,0.0,0,nan,0,0,,1,0.006549067097863963,,0.0,0.0,0,nan,nan,nan,nan,nan,nan,0,0.0,0,nan,nan,0.2768086172260472,1,3.294257955801767,0.4979009331538289,0.0657696484675043,14,1.4338664802427794,5.765405294160728,3.706928963300558,1.0476351539322752,0.059649574053261115,0.6921808849583109,4,0.4629830383121818,0,0495d0a68a8d8223,768,3.8815830428587303,8,12,1,440,13,12,128,0.4035904432589849,120,0,nan,0,nan,0,nan,,18,16
186,553837.2000000477,-3811471.536153029,3566804.8660424314,3652664.8337527113,0,0,0,0,0,1,1,1.42958706814532,5.812856737602754,8.798749433709412,18,1,0.059649574053261115,3.7140805438819338,3.307265336652343,0,,0.0,0.0,0,nan,0,0,,1,0.004231566529833759,,0.0,0.0,0,nan,nan,nan,nan,nan,nan,0,0.0,0,nan,nan,0.24386628276250677,1,3.3170514583513246,0.5245013601889046,0.08396709241110731,11,1.4391358958405283,5.801469746942634,3.7140805438819338,1.0534563734458915,nan,nan,0,0.4901705421739912,0,0495d0a68a8d8223,768,3.4653502680982267,8,0,0,0,0,0,0,nan,-1,0,nan,0,nan,0,nan,,0,0
187,553837.3999989033,-3811471.988791694,3566804.656074496,3652664.6492312504,0,0,0,0,0,1,1,1.4295783611405397,5.821631788856618,8.82640908304139,18,2,0.059649574053261115,3.7124140940803096,3.31139134639043,0,,0.0,0.0,0,nan,0,0,,1,0.006048078048834621,,0.0,0.0,0,nan,nan,nan,nan,nan,nan,0,0.0,0,nan,nan,0.22800413933975475,1,3.3211676583772776,0.5245398318153444,0.05662706231892576,14,1.4332423551059554,5.811769204974829,3.7124140940803096,1.0652810612270611,nan,nan,0,0.4915650310115412,0,0495d0a68a8d8223,768,3.4459342355237412,8,0,0,0,0,0,0,nan,-1,0,nan,0,nan,0,nan,,0,0
188,553837.5999999046,-3811472.4596249466,3566804.412137243,3652664.402035916,0,0,0,0,0,1,1,1.4295082929831766,5.822295128959292,8.814395709881845,18,3,0.059649574053261115,3.7081553019276754,3.302883840514941,0,,0.0,0.0,0,nan,0,0,,1,0.004324705213774174,,0.0,0.0,0,nan,nan,nan,nan,nan,nan,0,0.0,0,nan,nan,0.24051144519097234,1,3.3125840960278436,0.5254509303031474,0.056365440413097156,14,1.4331338369512188,5.812477159185362,3.7081553019276754,1.0785765427303338,nan,nan,0,0.492573989627135,0,0495d0a68a8d8223,768,3.43203377007755,8,0,0,0,0,0,0,nan,-1,0,nan,0,nan,0,nan,,0,0
189,553837.7999989986,-3811472.948954458,3566804.1485699685,3652664.12001046,0,0,0,0,0,1,1,1.4294931182300314,5.822946576350463,8.802410496049836,18,4,0.059649574053261115,3.724756144699225,3.314549621120219,0,,0.0,0.0,0,nan,0,0,,1,0.005195507418926771,,0.0,0.0,0,nan,nan,nan,nan,nan,nan,0,0.0,0,nan,nan,0.2530473539455338,1,3.3241737851845587,0.525528682544669,0.05634811902312787,14,1.4331140294599658,5.813128906442618,3.724756144699225,1.0921798870652077,nan,nan,0,0.492663766825928,0,0495d0a68a8d8223,768,3.430806870554272,8,0,0,0,0,0,0,nan,-1,0,nan,0,nan,0,nan,,0,0
190,553838.0,-3811473.400858441,3566803.6512107565,3652663.8937843777,0,0,0,0,0,1,1,1.396119730758469,5.662407828768293,8.412587145628454,19,0,0.055135917062739785,3.5578092078939645,3.0684024423525376,0,,0.0,0.0,0,nan,0,0,,1,0.006410012638688369,,0.0,0.0,0,nan,nan,nan,nan,nan,nan,0,0.0,0,nan,nan,0.23864787183411929,1,3.075320162747237,0.5572075341827821,0.06910321858667538,11,1.4010861522423643,5.654260649434521,3.5578092078939645,1.029718279614267,0.055135917062739785,0.3240978608489135,0,0.5253502741932558,0,0495d0a68a8d8223,768,3.0656907725410885,8,12,1,440,13,12,128,0.4216337790051998,6,0,nan,0,nan,0,nan,,19,15
191,553838.2000000477,-3811473.9294951134,3566803.255051186,3652663.660612985,0,0,0,0,0,1,1,1.3974620526863872,5.6754426582565,8.343082660236535,19,1,0.055135917062739785,3.5210223029125123,3.0116399898323416,0,,0.0,0.0,0,nan,0,0,,1,0.009839299922790085,,0.0,0.0,0,nan,nan,nan,nan,nan,nan,0,0.0,0,nan,nan,0.24226109137056553,1,3.018199398521971,0.5869135130409135,0.06071082262370153,10,1.4009467712770391,5.667862065486436,3.5210223029125123,1.0353261299275098,nan,nan,0,0.5561572999258925,0,0495d0a68a8d8223,768,2.736849256264743,8,0,0,0,0,0,0,nan,-1,0,nan,0,nan,0,nan,,0,0
192,553838.3999989033,-3811474.474158754,3566802.7750047864,3652663.4687548866,0,0,0,0,0,1,1,1.3982321969611258,5.677662784269145,8.251586384683092,19,2,0.055135917062739785,3.4583867667308295,2.933428256497716,0,,0.0,0.0,0,nan,0,0,,1,0.004584374846934377,,0.0,0.0,0,nan,nan,nan,nan,nan,nan,0,0.0,0,nan,nan,0.25756699906377895,1,2.9398522806773824,0.5881152206748556,0.06045545316988331,10,1.401615843729454,5.6700965304158775,3.4583867667308295,1.047227901092408,nan,nan,0,0.5575098838325794,0,0495d0a68a8d8223,768,2.7237103119077086,8,0,0,0,0,0,0,nan,-1,0,nan,0,nan,0,nan,,0,0
193,553838.5999999046,-3811475.0235142596,3566802.230578476,3652663.299152193,0,0,0,0,0,1,1,1.3984211443806753,5.678157105580746,8.163803191399802,19,3,0.055135917062739785,3.3922772350084647,2.858740342118213,0,,0.0,0.0,0,nan,0,0,,1,0.003955424463739141,,0.0,0.0,0,nan,nan,nan,nan,nan,nan,0,0.0,0,nan,nan,0.2938660899826061,1,2.8650875269375824,0.5880117015078443,0.060514369894819155,10,1.4017926086363064,5.670583065839062,3.3922772350084647,1.060710327286877,nan,nan,0,0.5574137044265941,0,0495d0a68a8d8223,768,2.724658688251755,8,0,0,0,0,0,0,nan,-1,0,nan,0,nan,0,nan,,0,0
194,553838.7999989986,-3811475.5915414966,3566801.6362085417,3652663.170854875,0,0,0,0,0,1,1,1.398474595389294,5.678516688810248,8.083266922969692,19,4,0.055135917062739785,3.3276308601441613,2.788620581518981,0,,0.0,0.0,0,nan,0,0,,1,0.0076717241646801475,,0.0,0.0,0,nan,nan,nan,nan,nan,nan,0,0.0,0,nan,nan,0.2576602966116459,1,2.794915067912443,0.5878671200735333,0.06058195271507259,10,1.4018488190784555,5.670933744923062,3.3276308601441613,1.0745276402902655,nan,nan,0,0.557264532391655,0,0495d0a68a8d8223,768,2.7261117939104493,8,0,0,0,0,0,0,nan,-1,0,nan,0,nan,0,nan,,0,0
195,553839.0,-3811476.3373462083,3566801.087225709,3652663.392351419,0,0,0,0,0,1,1,0.7265253068600654,5.6465004561717365,7.721341135935944,19,0,0.04437860562556492,3.464890266520668,2.7665130056415395,0,,0.0,0.0,0,nan,0,0,,1,0.007033704003485277,,0.0,0.0,0,nan,nan,nan,nan,nan,nan,0,0.0,0,nan,nan,0.4429460050108033,1,0.8153475119728125,0.07996794871794871,0.03917908338712933,4,2.7933176523857326,7.2306924502858205,3.464890266520668,1.0129440453883733,0.04437860562556492,0.3487962827525198,5,0.07916666666666666,0,042f32f7418a68e7,205,13.293393793439204,8,12,1,312,13,12,0,0.4429460050108033,115,0,nan,0,nan,0,nan,,19,15
196,553839.2000000477,-3811476.978264595,3566800.450204135,3652663.3254909385,0,0,0,0,0,1,1,0.7461076890021546,5.633205257525552,7.672425896101207,19,1,0.04437860562556492,3.4602300782763526,2.742398923028814,0,,0.0,0.0,0,nan,0,0,,1,0.005379464449987659,,0.0,0.0,0,nan,nan,nan,nan,nan,nan,0,0.0,0,nan,nan,0.41384770813138416,1,0.7977477223979765,0.07992568665526976,0.03926146693534949,4,2.8174471193123307,7.21947155893429,3.4602300782763526,1.0187636433564544,nan,nan,0,0.07911434220811177,0,042f32f7418a68e7,205,13.310903402318054,8,0,0,0,0,0,0,nan,-1,0,nan,0,nan,0,nan,,0,0
197,553839.3999989033,-3811477.6375063662,3566799.766257532,3652663.2860595253,0,0,0,0,0,1,1,0.7485099084766614,5.628911271161947,7.647288550538712,19,2,0.04437860562556492,3.446685709639301,2.7250672228239727,0,,0.0,0.0,0,nan,0,0,,1,0.011945014269948123,,0.0,0.0,0,nan,nan,nan,nan,nan,nan,0,0.0,0,nan,nan,0.40667935610520173,1,0.7840429049122056,0.07997956099518662,0.0389139264683907,4,2.822961381327047,7.2166321819171575,3.446685709639301,1.0308866779839807,nan,nan,0,0.07918104377181834,0,042f32f7418a68e7,205,13.28858857381949,8,0,0,0,0,0,0,nan,-1,0,nan,0,nan,0,nan,,0,0
198,553839.5999999046,-3811478.3218709286,3566799.0368336514,3652663.27045938,0,0,0,0,0,1,1,0.7500193851152088,5.627800082419208,7.624725230639617,19,3,0.04437860562556492,3.4266566392361657,2.7032033983384243,0,,0.0,0.0,0,nan,0,0,,1,0.010012625048116725,,0.0,0.0,0,nan,nan,nan,nan,nan,nan,0,0.0,0,nan,nan,0.4107072546275742,1,0.7672120389908746,0.07998750017921052,0.03885848667503027,4,2.8256241746108635,7.2160687076504155,3.4266566392361657,1.044588531981833,nan,nan,0,0.07919087323775272,0,042f32f7418a68e7,205,13.285304752810047,8,0,0,0,0,0,0,nan,-1,0,nan,0,nan,0,nan,,0,0
199,553839.7999989986,-3811479.0603560405,3566798.3049326013,3652663.2737814356,0,0,0,0,0,1,1,0.7496349238215306,5.627230589876618,7.643612130562249,19,4,0.04437860562556492,3.4528275140272133,2.7298888703145443,0,,0.0,0.0,0,nan,0,0,,1,0.009650923227044009,,0.0,0.0,0,nan,nan,nan,nan,nan,nan,0,0.0,0,nan,nan,0.3952002279398702,1,0.7907966613527384,0.07999293399136655,0.03882328201430586,4,2.8255622287870894,7.215617578411515,3.4528275140272133,1.058618868788378,nan,nan,0,0.0791976008147078,0,042f32f7418a68e7,205,13.283057888964578,8,0,0,0,0,0,0,nan,-1,0,nan,0,nan,0,nan,,0,0
