method,n_runs,mean_rms_2d,mean_rms_3d,mean_p50,mean_p95,mean_outlier_rate_pct,mean_catastrophic_rate_pct,mean_longest_outlier_segment_s,mean_time_ms_per_epoch,wins_vs_wls_rms
EKF,2,93.248321,226.924262,63.310048,178.178684,16.294663,0.160676,33.299999,0.031343,2.000000
PF+RobustClear-10K,2,66.595016,81.164417,59.277161,98.526971,4.800731,0.000000,42.049999,1.401490,2.000000
PF-10K,2,67.607549,82.726852,61.526656,101.457644,5.443189,0.000000,46.750000,1.367490,2.000000
WLS,2,3179.373141,999446.338576,63.685998,194.554824,10.369962,2.909086,15.900001,0.024346,0.000000
WLS+QualityVeto,2,2933.767263,922065.714703,63.657494,175.379676,10.134016,2.552016,15.900001,0.194746,2.000000
