epoch,tow,pos_err_m,n_dd_factors,dd_pr_rms_raw_m,dd_pr_rms_huber_m,lm_iterations,lm_converged,gnss_solved,anchor_factors,marginal_prior_dims,recovery_fired,imu_fill,n_dd_carrier,n_cross_window_prior,ar_accepted,epoch_fixed
0,187470.0,0.058269408865500985,0,inf,inf,0,False,False,0,0,False,True,0,0,False,False
1,187470.2,0.42929278519482195,14,1.1956485686225105,1.07109338655556,3,False,True,0,0,False,False,12,0,False,False
2,187470.4,0.6854317121835689,20,0.5831283934087573,0.5831283934087573,4,False,True,0,0,False,False,18,0,False,False
3,187470.6,0.8336517577553428,27,0.4474816051834004,0.4474816051834004,7,True,True,0,0,False,False,24,0,False,False
4,187470.8,0.1993646947929089,34,0.6122927012837397,0.6122927012837397,5,True,True,3,0,False,False,30,0,False,False
5,187471.0,0.10684004138307053,41,0.6426733805962351,0.6426733805962351,4,False,True,6,0,False,False,36,0,False,False
6,187471.2,0.09045811062996546,48,0.663584160126377,0.663584160126377,3,True,True,9,0,False,False,42,0,False,False
7,187471.4,0.08338926696273186,55,0.6828912886209857,0.6828912886209857,3,True,True,12,0,False,False,48,0,False,False
8,187471.6,0.07963650110644192,62,0.7303606595705552,0.7303606595705552,2,True,True,15,0,False,False,54,0,False,False
9,187471.8,0.07741604168234222,69,0.7743732056209358,0.7743732056209358,2,True,True,18,6,False,False,60,0,False,False
10,187472.0,0.07489167935495356,69,0.8482886811591708,0.8482886811591708,2,True,True,21,6,False,False,60,0,False,False
11,187472.2,0.07299199018127547,69,0.8742407311169541,0.8742407311169541,2,True,True,24,6,False,False,60,0,False,False
12,187472.4,0.07248466595217042,70,0.9810255103109076,0.9810255103109076,2,True,True,27,6,False,False,60,0,False,False
13,187472.6,0.07290830388645413,70,1.0507869575987983,1.049096098093209,2,True,True,30,6,False,False,60,0,False,False
14,187472.8,0.07248935032160243,70,1.1108988526416748,1.065391087435555,2,True,True,30,6,False,False,60,0,False,False
15,187473.0,0.07365067169001509,70,1.020383965556312,1.0044613566784533,2,True,True,30,6,False,False,60,0,False,False
16,187473.2,0.07499476504667939,70,0.980764897559131,0.980764897559131,2,True,True,30,6,False,False,60,0,False,False
17,187473.4,0.07475839764149525,70,1.0071223269015497,1.0071223269015497,2,False,True,30,6,False,False,60,0,False,False
18,187473.6,0.07624956162032727,70,1.051188270039244,1.051188270039244,2,True,True,30,6,False,False,60,0,False,False
19,187473.8,0.07498577517979424,70,1.0424284260819556,1.0424284260819556,2,True,True,30,6,False,False,60,0,False,False
20,187474.0,0.0749245693263365,70,1.0825481726243371,1.0825481726243371,2,True,True,30,6,False,False,60,0,False,False
21,187474.2,0.07738655353928423,70,1.2014306204239507,1.1819289826229844,2,False,True,30,6,False,False,60,0,False,False
22,187474.4,0.07694345188863536,70,1.258510573772855,1.2036315188005255,2,True,True,30,6,False,False,60,0,False,False
23,187474.6,0.07594902926167652,70,1.308630037506055,1.2369703704069028,2,True,True,30,6,False,False,60,0,False,False
24,187474.8,0.07396053894271028,70,1.3473216090707647,1.24953005152283,2,True,True,30,6,False,False,60,0,False,False
25,187475.0,0.07467626381170635,70,1.4337177282417108,1.2876995375126126,2,True,True,30,6,False,False,60,0,False,False
26,187475.2,0.07549886826113912,70,1.471233222279473,1.3098524521187704,2,True,True,30,6,False,False,60,0,False,False
27,187475.4,0.07254692085822452,70,1.5396024820594614,1.3483846932455092,3,True,True,30,6,False,False,60,0,False,False
28,187475.6,0.07222983836394328,70,1.599174789795358,1.3865640970304716,2,True,True,30,6,False,False,60,0,False,False
29,187475.8,0.07232674310961024,70,1.660225437914085,1.4056817709618787,2,True,True,30,6,False,False,60,0,False,False
30,187476.0,0.0709994606962287,70,1.7255303874626966,1.4371077051277612,2,True,True,30,6,False,False,60,0,False,False
31,187476.2,0.07163192101330935,70,1.7189899537218047,1.4287966569255426,2,True,True,30,6,False,False,60,0,False,False
32,187476.4,0.07455060051039775,70,1.5374664267823284,1.3486711743875062,2,True,True,30,6,False,False,60,0,False,False
33,187476.6,0.07477986667346274,70,1.4574782240232194,1.319815436496052,2,True,True,30,6,False,False,60,0,False,False
34,187476.8,0.07652554236452144,70,1.4538045842413096,1.3029556820906207,2,False,True,30,6,False,False,60,0,False,False
35,187477.0,0.07592130356775711,70,1.401119831938566,1.2821039638368115,2,False,True,30,6,False,False,60,0,False,False
36,187477.2,0.0766290643471619,70,1.3274089328704561,1.2419383930295966,2,True,True,30,6,False,False,60,0,False,False
37,187477.4,0.07514250000410992,70,1.2579372796715143,1.2178404134276375,2,True,True,30,6,False,False,60,0,False,False
38,187477.6,0.07564085728306545,70,1.2398351745282428,1.2069212454413667,2,True,True,30,6,False,False,60,0,False,False
39,187477.8,0.07296547761123164,70,1.2398099086594272,1.19018877399578,2,True,True,30,6,False,False,60,0,False,False
40,187478.0,0.07285181639851232,70,1.2773385870543577,1.199790275163466,2,True,True,30,6,False,False,60,0,False,False
41,187478.2,0.07117121313872439,70,1.295800712292372,1.2053680272733196,2,True,True,30,6,False,False,60,0,False,False
42,187478.4,0.06993833304733751,70,1.2852746149405336,1.2244323462312174,2,True,True,30,6,False,False,60,0,False,False
43,187478.6,0.07144937126445194,70,1.22385173401854,1.1914895196025508,2,True,True,30,6,False,False,60,0,False,False
44,187478.8,0.07193098624968308,70,1.203538644889485,1.1896974497124833,2,True,True,30,6,False,False,60,0,False,False
45,187479.0,0.07387256756591865,70,1.2359767585023038,1.1921708339465653,2,True,True,30,6,False,False,60,0,False,False
46,187479.2,0.07275234519666338,70,1.295259514551282,1.214172381228202,2,True,True,30,6,False,False,60,0,False,False
47,187479.4,0.07159236496015614,70,1.2035163785255634,1.1568081335260283,2,True,True,30,6,False,False,60,0,False,False
48,187479.6,0.07134723664502245,70,1.1583716769931485,1.1208659703996489,2,True,True,30,6,False,False,60,0,False,False
49,187479.8,0.06980842950413828,70,1.0538103066616937,1.0538103066616937,2,True,True,30,6,False,False,60,0,False,False
50,187480.0,0.06927614372011819,70,0.9855477546246126,0.9855477546246126,2,True,True,30,6,False,False,60,0,False,False
51,187480.2,0.06625463336180655,70,0.980744133753945,0.980744133753945,2,True,True,30,6,False,False,60,0,False,False
52,187480.4,0.06440138427053912,70,0.9437531317554547,0.9437531317554547,2,True,True,30,6,False,False,60,0,False,False
53,187480.6,0.06262931481031445,70,1.0022913852470416,1.0022913852470416,2,True,True,30,6,False,False,60,0,False,False
54,187480.8,0.061085187691436026,70,0.9364622267809429,0.9364622267809429,2,True,True,30,6,False,False,60,0,False,False
55,187481.0,0.061154236627086515,70,0.9081671353772682,0.9081671353772682,2,True,True,30,6,False,False,60,0,False,False
56,187481.2,0.0598760466797217,70,0.9126531164033,0.9126531164033,2,True,True,30,6,False,False,60,0,False,False
57,187481.4,0.0593001226704846,70,0.895730856542976,0.895730856542976,2,True,True,30,6,False,False,60,0,False,False
58,187481.6,0.06065601393057997,70,1.0703666234615516,1.0325123178197642,2,True,True,30,6,False,False,60,0,False,False
59,187481.8,0.06470765679705498,70,1.0835992044399898,1.0266860064055154,2,True,True,30,6,False,False,60,0,False,False
60,187482.0,0.07228882951447935,70,1.180891711971253,1.0612288038460742,2,True,True,30,6,False,False,60,0,False,False
61,187482.2,0.07073293246741134,70,1.2088537840096323,1.0602638732063137,2,True,True,30,6,False,False,60,0,False,False
62,187482.4,0.07604532670888135,70,1.1794920159947335,1.047103407461394,2,True,True,30,6,False,False,60,0,False,False
63,187482.6,0.08236661860536133,70,1.1515892209378895,1.0284998943510113,2,True,True,30,6,False,False,60,0,False,False
64,187482.8,0.07762508201224036,70,1.1064410572255088,1.0141354753265353,2,True,True,30,6,False,False,60,0,False,False
65,187483.0,0.08664425788077527,70,1.0841529744482483,0.9815116069678327,2,True,True,30,6,False,False,60,0,False,False
66,187483.2,0.08075518514922247,70,1.1300445284034402,1.027780159504415,3,True,True,30,6,False,False,60,0,False,False
67,187483.4,0.09576105328235576,69,1.1464587093335838,0.995386137649145,2,True,True,30,6,False,False,59,0,False,False
68,187483.6,0.10125345127889254,69,1.2586389092710744,1.1436617297572724,2,True,True,30,6,False,False,58,0,False,False
69,187483.8,0.11298286814505698,69,1.107815328839736,1.0278035358350364,2,True,True,30,6,False,False,57,0,False,False
70,187484.0,0.1154005559391809,69,0.9155146150628787,0.9054660937745993,2,True,True,30,6,False,False,56,0,False,False
71,187484.2,0.12586298561869103,69,0.8050139966380138,0.8050139966380138,2,True,True,30,6,False,False,55,0,False,False
72,187484.4,0.12980151736338233,69,0.6784390046979912,0.6784390046979912,3,True,True,30,6,False,False,55,0,False,False
73,187484.6,0.13768092280891747,69,0.6662777416662342,0.6662777416662342,3,True,True,30,6,False,False,55,0,False,False
74,187484.8,0.14238100962861047,69,0.5619548757750126,0.5619548757750126,3,True,True,30,6,False,False,55,0,False,False
75,187485.0,0.13710419939977478,69,0.5088279250102893,0.5088279250102893,3,True,True,30,6,False,False,54,0,False,False
76,187485.2,0.12515939200909235,69,0.4222631692811752,0.4222631692811752,3,True,True,30,6,False,False,54,0,False,False
77,187485.4,0.12029660367349658,70,0.3665054091085983,0.3665054091085983,3,True,True,30,6,False,False,54,0,False,False
78,187485.6,0.10471303888735324,70,0.31844254246540166,0.31844254246540166,3,True,True,30,6,False,False,55,0,False,False
79,187485.8,0.11576067300269026,70,0.2981676682732484,0.2981676682732484,3,True,True,30,6,False,False,56,0,False,False
80,187486.0,0.09628659096158017,70,0.2715272517989981,0.2715272517989981,3,True,True,30,6,False,False,57,0,False,False
81,187486.2,0.10371027163255722,70,0.2781544144912327,0.2781544144912327,3,True,True,30,6,False,False,58,0,False,False
82,187486.4,0.10633606820989344,70,0.26544663171088856,0.26544663171088856,3,True,True,30,6,False,False,58,0,False,False
83,187486.6,0.11454084198605637,70,0.30702465869380335,0.30702465869380335,3,True,True,30,6,False,False,58,0,False,False
84,187486.8,0.11733063999224275,70,0.2980534179264767,0.2980534179264767,3,True,True,30,6,False,False,58,0,False,False
85,187487.0,0.11526073731320496,70,0.3053802735963001,0.3053802735963001,3,True,True,30,6,False,False,59,0,False,False
86,187487.2,0.08268155668778535,70,0.30360296414320537,0.30360296414320537,3,True,True,30,6,False,False,59,0,False,False
87,187487.4,0.06043432582110548,70,0.29815083327273045,0.29815083327273045,3,True,True,30,6,False,False,60,0,False,False
88,187487.6,0.029704976335140066,70,0.32398906692468155,0.32398906692468155,3,True,True,30,6,False,False,60,0,False,False
89,187487.8,0.004230475598605825,70,0.31529207943659826,0.31529207943659826,3,True,True,30,6,False,False,60,0,False,False
90,187488.0,0.029126198880139093,70,0.3196791045240277,0.3196791045240277,3,True,True,30,6,False,False,60,0,False,False
91,187488.2,0.028710855641413627,69,0.35972269870691564,0.35972269870691564,3,True,True,30,6,False,False,60,0,False,False
92,187488.4,0.026089877637695595,68,0.3471871364616793,0.3471871364616793,3,True,True,30,6,False,False,60,0,False,False
93,187488.6,0.03963760745726178,67,0.38682271228454057,0.38682271228454057,3,True,True,30,6,False,False,60,0,False,False
94,187488.8,0.0261576321605013,66,0.4227336075863802,0.4227336075863802,3,True,True,30,6,False,False,59,0,False,False
95,187489.0,0.02179075748018251,65,0.4740227806761796,0.4740227806761796,3,True,True,30,6,False,False,58,0,False,False
96,187489.2,0.020666645203616076,64,0.44664775842948273,0.44664775842948273,3,True,True,30,6,False,False,57,0,False,False
97,187489.4,0.01182272610470001,64,0.6674763875977952,0.6674763875977952,3,True,True,30,6,False,False,56,0,False,False
98,187489.6,0.013390391140310315,64,0.5960906799206562,0.5960906799206562,3,True,True,30,6,False,False,55,0,False,False
99,187489.8,0.018655141665227592,64,0.5588993913003474,0.5588993913003474,3,True,True,30,6,False,False,54,0,False,False
100,187490.0,0.024668171722569677,64,0.509042148200181,0.509042148200181,3,True,True,30,6,False,False,53,0,False,False
101,187490.2,0.0261859580212579,65,0.4434068500284795,0.4434068500284795,3,True,True,30,6,False,False,52,0,False,False
102,187490.4,0.0225145112032344,65,0.3988385374829711,0.3988385374829711,3,True,True,30,6,False,False,51,0,False,False
103,187490.6,0.03694031640277366,66,0.31263063160224663,0.31263063160224663,3,True,True,30,6,False,False,50,0,False,False
104,187490.8,0.036039624015606515,66,0.31345814508832587,0.31345814508832587,3,True,True,30,6,False,False,50,0,False,False
105,187491.0,0.03972493623860776,66,0.29404307484264935,0.29404307484264935,3,True,True,30,6,False,False,50,0,False,False
106,187491.2,0.04099647990281025,66,0.3080633869378356,0.3080633869378356,3,True,True,30,6,False,False,50,0,False,False
107,187491.4,0.03506650924156878,64,0.2762719499670682,0.2762719499670682,3,True,True,30,6,False,False,50,0,False,False
108,187491.6,0.04124769705334842,63,0.2882770735917281,0.2882770735917281,3,True,True,30,6,False,False,51,0,False,False
109,187491.8,0.0493456467559953,62,0.3163683739839513,0.3163683739839513,3,True,True,30,6,False,False,51,0,False,False
110,187492.0,0.05422489212051139,61,0.31098783276345443,0.31098783276345443,3,True,True,30,6,False,False,51,0,False,False
111,187492.2,0.0526854857517304,59,0.30446348690132163,0.30446348690132163,3,True,True,30,6,False,False,51,0,False,False
112,187492.4,0.05345568811358103,59,0.3271896002275852,0.3271896002275852,3,True,True,30,6,False,False,51,0,False,False
113,187492.6,0.06237242140197087,58,0.29158017072159703,0.29158017072159703,3,True,True,30,6,False,False,51,0,False,False
114,187492.8,0.06496718878163932,58,0.275709958672355,0.275709958672355,3,True,True,30,6,False,False,51,0,False,False
115,187493.0,0.06592885268118104,57,0.23342682199243275,0.23342682199243275,3,True,True,30,6,False,False,51,0,False,False
116,187493.2,0.06527704860190739,56,0.2388794268145599,0.2388794268145599,3,True,True,30,6,False,False,51,0,False,False
117,187493.4,0.061902132636072554,56,0.25223836759864376,0.25223836759864376,3,True,True,30,6,False,False,51,0,False,False
118,187493.6,0.060607666389269954,55,0.2479584281482149,0.2479584281482149,3,True,True,30,6,False,False,50,0,False,False
119,187493.8,0.06939971167808105,54,0.2771450549038765,0.2771450549038765,3,True,True,30,6,False,False,50,0,False,False
120,187494.0,0.0704452080596169,53,0.3068708786815679,0.3068708786815679,3,True,True,30,6,False,False,50,0,False,False
121,187494.2,0.0642858182950278,53,0.3046777565447569,0.3046777565447569,3,True,True,30,6,False,False,50,0,False,False
122,187494.4,0.06774471660345556,52,0.33334432407562764,0.33334432407562764,3,True,True,30,6,False,False,50,0,False,False
123,187494.6,0.07086809168674053,51,0.35960551822818265,0.35960551822818265,3,True,True,30,6,False,False,50,0,False,False
124,187494.8,0.0685953764020175,50,0.39893966234176287,0.39893966234176287,3,True,True,30,6,False,False,50,0,False,False
125,187495.0,0.06844757266432192,50,0.4119311246916293,0.4119311246916293,3,True,True,30,6,False,False,50,0,False,False
126,187495.2,0.07079629124292566,50,0.41364918609241047,0.41364918609241047,3,True,True,30,6,False,False,50,0,False,False
127,187495.4,0.04955148514203245,50,0.455013409803222,0.455013409803222,3,True,True,30,6,False,False,50,0,False,False
128,187495.6,0.05186411611949581,50,0.4409249750052024,0.4409249750052024,3,True,True,30,6,False,False,50,0,False,False
129,187495.8,0.04813274106862256,50,0.4228388459718945,0.4228388459718945,3,True,True,30,6,False,False,50,0,False,False
130,187496.0,0.03822438903823937,50,0.48156504695098923,0.48156504695098923,3,True,True,30,6,False,False,50,0,False,False
131,187496.2,0.03818736727411804,50,0.3995278679736565,0.3995278679736565,3,True,True,30,6,False,False,50,0,False,False
132,187496.4,0.038749409293187174,50,0.38143376791138367,0.38143376791138367,3,True,True,30,6,False,False,50,0,False,False
133,187496.6,0.03655409864232635,50,0.30725142067232236,0.30725142067232236,3,True,True,30,6,False,False,50,0,False,False
134,187496.8,0.03339426263979957,50,0.27272593134815976,0.27272593134815976,3,True,True,30,6,False,False,50,0,False,False
135,187497.0,0.04378109707122685,50,0.23770704812331742,0.23770704812331742,3,True,True,30,6,False,False,50,0,False,False
136,187497.2,0.047464364714236734,50,0.37147588512061736,0.37147588512061736,3,True,True,30,6,False,False,50,0,False,False
137,187497.4,0.05688159040836329,50,0.41198791643932453,0.41198791643932453,3,True,True,30,6,False,False,50,0,False,False
138,187497.6,0.04365924368741644,50,0.44040335432097066,0.44040335432097066,3,True,True,30,6,False,False,50,0,False,False
139,187497.8,0.04073140591857689,50,0.4207450021777002,0.4207450021777002,3,True,True,30,6,False,False,50,0,False,False
140,187498.0,0.03707175866290034,50,0.5423461523022092,0.5423461523022092,3,True,True,30,6,False,False,50,0,False,False
141,187498.2,0.027162347100223146,49,0.4619600652639017,0.4619600652639017,3,True,True,30,6,False,False,49,0,False,False
142,187498.4,0.030295326067287284,49,0.6177338859495295,0.6177338859495295,2,True,True,30,6,False,False,49,0,False,False
143,187498.6,0.019040324300480846,49,0.5231132938444174,0.5231132938444174,3,True,True,30,6,False,False,49,0,False,False
144,187498.8,0.013623667733199847,49,0.5695735029760702,0.5695735029760702,3,True,True,30,6,False,False,49,0,False,False
145,187499.0,0.028098586794653994,50,1.819129070881358,1.488854252873098,2,False,True,30,6,False,False,49,0,False,False
146,187499.2,0.042644008232781146,51,1.7472158964920228,1.4258124838116704,2,True,True,30,6,False,False,49,0,False,False
147,187499.4,0.054969811686773715,52,1.7449831778627516,1.4186080938304122,2,True,True,30,6,False,False,49,0,False,False
148,187499.6,0.05827123933802571,52,0.5769339941669503,0.5769339941669503,2,True,True,30,6,False,False,49,0,False,False
149,187499.8,0.043921787908447515,52,0.7326507558602012,0.7326507558602012,2,True,True,30,6,False,False,49,0,False,False
150,187500.0,0.03185980764667022,52,0.7400636461588207,0.7400636461588207,2,True,True,30,6,False,False,49,0,False,False
151,187500.2,0.03512592299454005,54,0.720226681348102,0.720226681348102,2,True,True,30,6,False,False,50,0,False,False
152,187500.4,0.04838113407457647,55,0.7113488083534523,0.7113488083534523,2,True,True,30,6,False,False,50,0,False,False
153,187500.6,0.050607642991021405,56,0.7856490955507612,0.7856490955507612,2,True,True,30,6,False,False,50,0,False,False
154,187500.8,0.0516331892839504,57,0.7295270817864129,0.7295270817864129,2,True,True,30,6,False,False,50,0,False,False
155,187501.0,0.04912298533156143,57,0.6535870491433905,0.6535870491433905,2,True,True,30,6,False,False,50,0,False,False
156,187501.2,0.050081064348146936,57,0.6900570367674219,0.6900570367674219,2,True,True,30,6,False,False,50,0,False,False
157,187501.4,0.039925728753183766,57,0.6863545024676541,0.6863545024676541,2,True,True,30,6,False,False,50,0,False,False
158,187501.6,0.04745848912768625,58,0.7340164359955225,0.7340164359955225,2,True,True,30,6,False,False,50,0,False,False
159,187501.8,0.06372453782343072,58,0.6197674898485352,0.6197674898485352,2,True,True,30,6,False,False,50,0,False,False
160,187502.0,0.04249672234912833,58,0.5983586724677634,0.5983586724677634,2,True,True,30,6,False,False,50,0,False,False
161,187502.2,0.04943297972274678,57,0.6239243896915962,0.6239243896915962,3,True,True,30,6,False,False,50,0,False,False
162,187502.4,0.0411798510896415,56,0.6064674312701647,0.6064674312701647,3,True,True,30,6,False,False,50,0,False,False
163,187502.6,0.04143893131332835,55,0.5911419735813763,0.5911419735813763,3,True,True,30,6,False,False,50,0,False,False
164,187502.8,0.037115263501108206,54,0.5329501042129484,0.5329501042129484,2,True,True,30,6,False,False,50,0,False,False
165,187503.0,0.027406288019506737,53,0.47881563703804764,0.47881563703804764,2,True,True,30,6,False,False,50,0,False,False
166,187503.2,0.02489318530962179,52,0.47862974342194803,0.47862974342194803,3,True,True,30,6,False,False,50,0,False,False
167,187503.4,0.0220426804094522,51,0.42506786541652275,0.42506786541652275,3,True,True,30,6,False,False,50,0,False,False
168,187503.6,0.02789213914643406,50,0.3673715265989072,0.3673715265989072,3,True,True,30,6,False,False,50,0,False,False
169,187503.8,0.01866124704971173,50,0.32739259550933647,0.32739259550933647,3,True,True,30,6,False,False,50,0,False,False
170,187504.0,0.019216563564220072,50,0.32288338013720175,0.32288338013720175,3,True,True,30,6,False,False,50,0,False,False
171,187504.2,0.015842784941464176,50,0.2873661596246828,0.2873661596246828,3,True,True,30,6,False,False,50,0,False,False
172,187504.4,0.0127605678210826,50,0.29200100677359686,0.29200100677359686,3,True,True,30,6,False,False,50,0,False,False
173,187504.6,0.014946773121610598,50,0.32726825459895,0.32726825459895,3,True,True,30,6,False,False,50,0,False,False
174,187504.8,0.025293550577169175,50,0.36767404504313295,0.36767404504313295,3,True,True,30,6,False,False,50,0,False,False
175,187505.0,0.031348792905315476,50,0.39819846184674734,0.39819846184674734,3,True,True,30,6,False,False,50,0,False,False
176,187505.2,0.02258722360597673,50,0.4426058686194022,0.4426058686194022,3,True,True,30,6,False,False,50,0,False,False
177,187505.4,0.008564081274173845,51,3.058204594183168,1.8344341282210752,2,False,True,30,6,False,False,50,0,False,False
178,187505.6,0.010701125751309064,52,2.7566699654657754,1.719098824185656,2,True,True,30,6,False,False,50,0,False,False
179,187505.8,0.04756552548159819,53,2.501197306666493,1.6288185219581979,2,True,True,30,6,False,False,50,0,False,False
180,187506.0,0.040531602694346726,55,2.1218252065437047,1.3528756618243925,2,True,True,30,6,False,False,50,0,False,False
181,187506.2,0.02325343209199797,56,2.1500463084835695,1.5127903988338716,2,True,True,30,6,False,False,49,0,False,False
182,187506.4,0.048887241121809547,58,1.8749814919605072,1.2717344382372993,2,True,True,30,6,False,False,49,0,False,False
183,187506.6,0.09054152236302845,60,1.7621324177135191,1.2461482674398234,2,True,True,30,6,False,False,49,0,False,False
184,187506.8,0.09616336566305944,61,1.6875389852882168,1.2240845969525116,2,False,True,30,6,False,False,48,0,False,False
185,187507.0,0.07168699363939948,63,1.3887322275550993,1.1289291218418158,2,True,True,30,6,False,False,47,0,False,False
186,187507.2,0.04574112863841923,65,1.208413752259795,1.0559248890538757,2,True,True,30,6,False,False,46,0,False,False
187,187507.4,0.04259515486360643,67,1.0817044221918597,1.0020858040975538,2,True,True,30,6,False,False,46,0,False,False
188,187507.6,0.04122973451909166,68,0.9981289897024486,0.9317417384582648,2,True,True,30,6,False,False,47,0,False,False
189,187507.8,0.03309947042013564,69,0.9296105116918765,0.9044223477769721,2,True,True,30,6,False,False,48,0,False,False
190,187508.0,0.04662461985119571,70,1.0591461223715903,1.0373202561042483,2,True,True,30,6,False,False,49,0,False,False
191,187508.2,0.04914290620680273,72,0.9968969052988963,0.9735099278070452,2,True,True,30,6,False,False,51,0,False,False
192,187508.4,0.07370707605330246,72,0.7312112170386409,0.7312112170386409,2,True,True,30,6,False,False,52,0,False,False
193,187508.6,0.06792355805396794,72,0.7465328745939339,0.7465328745939339,3,True,True,30,6,False,False,52,0,False,False
194,187508.8,0.08364474411502296,73,0.8805477161579623,0.8805477161579623,3,True,True,30,6,False,False,54,0,False,False
195,187509.0,0.06270791068777189,73,1.336541063960156,1.2269916670051118,3,True,True,30,6,False,False,55,0,False,False
196,187509.2,0.038809997062481075,71,0.956531069639406,0.9425878025059129,3,True,True,30,6,False,False,55,0,False,False
197,187509.4,0.029532398363015203,69,1.0425056090792604,1.0425056090792604,3,True,True,30,6,False,False,55,0,False,False
198,187509.6,0.02094552245786809,68,1.1919635379309654,1.1658148512188382,3,True,True,30,6,False,False,53,0,False,False
199,187509.8,0.0257305216725087,67,1.1877683518110431,1.1213067218755726,3,True,True,30,6,False,False,51,0,False,False
200,187510.0,0.025270883631774578,65,1.04017517100644,1.0245230865829595,3,True,True,30,6,False,False,49,0,False,False
201,187510.2,0.02618710301888716,63,0.8145497491514689,0.8145497491514689,3,True,True,30,6,False,False,47,0,False,False
202,187510.4,0.022927393124023608,62,0.756419541195848,0.756419541195848,3,True,True,30,6,False,False,46,0,False,False
203,187510.6,0.020615130733490954,61,0.757330129910652,0.757330129910652,3,True,True,30,6,False,False,46,0,False,False
204,187510.8,0.02142177190819088,60,0.6297323394316052,0.6297323394316052,3,True,True,30,6,False,False,45,0,False,False
205,187511.0,0.03457211166713605,59,0.5605421967211959,0.5605421967211959,3,True,True,30,6,False,False,45,0,False,False
206,187511.2,0.02628824197541407,60,0.5337396756040015,0.5337396756040015,3,True,True,30,6,False,False,46,0,False,False
207,187511.4,0.02171282601608469,60,0.4985190593462904,0.4985190593462904,3,True,True,30,6,False,False,46,0,False,False
208,187511.6,0.002022304769748567,61,2.2374152449438727,1.4862746288595505,3,True,True,30,6,False,False,47,0,False,False
209,187511.8,0.007881315732712758,61,0.5307194802887387,0.5307194802887387,3,True,True,30,6,False,False,49,0,False,False
210,187512.0,0.0021960362248663982,61,0.5309004624602138,0.5309004624602138,3,True,True,30,6,False,False,51,0,False,False
211,187512.2,0.02673649799452568,61,0.4871442618225077,0.4871442618225077,3,True,True,30,6,False,False,53,0,False,False
212,187512.4,0.025475790443947436,61,0.4270580865199039,0.4270580865199039,3,True,True,30,6,False,False,54,0,False,False
213,187512.6,0.015715612074848184,61,0.3842220316726641,0.3842220316726641,3,True,True,30,6,False,False,55,0,False,False
214,187512.8,0.008378296215689729,61,0.3605531173821876,0.3605531173821876,3,True,True,30,6,False,False,56,0,False,False
215,187513.0,0.021972254735106212,61,0.28068715337167316,0.28068715337167316,3,True,True,30,6,False,False,57,0,False,False
216,187513.2,0.02302572447674394,61,0.26460271890871057,0.26460271890871057,3,True,True,30,6,False,False,58,0,False,False
217,187513.4,0.0563925257686981,61,0.2601368578768037,0.2601368578768037,3,True,True,30,6,False,False,59,0,False,False
218,187513.6,0.06745311336720138,60,0.3357751359339514,0.3357751359339514,3,True,True,30,6,False,False,60,0,False,False
219,187513.8,0.09372657305111425,59,0.3067977623403319,0.3067977623403319,3,True,True,30,6,False,False,59,0,False,False
220,187514.0,0.029994801872798096,57,0.25909185792897527,0.25909185792897527,3,True,True,30,6,False,False,57,0,False,False
221,187514.2,0.01898006782063545,57,0.5218370158835025,0.5218370158835025,3,True,True,30,6,False,False,55,0,False,False
222,187514.4,0.01930486674272613,57,0.5979027916958047,0.5979027916958047,3,True,True,30,6,False,False,53,0,False,False
223,187514.6,0.01196810811477469,57,0.5500365477792709,0.5500365477792709,3,True,True,30,6,False,False,51,0,False,False
224,187514.8,0.17422226300677274,57,0.47761221638960943,0.47761221638960943,3,True,True,30,6,False,False,49,0,False,False
225,187515.0,0.10023735527362562,55,0.5162250042693923,0.5162250042693923,3,True,True,30,6,False,False,46,0,False,False
226,187515.2,0.07892512995316192,54,0.5135836699952439,0.5135836699952439,3,True,True,30,6,False,False,43,0,False,False
227,187515.4,0.12137867421901058,53,0.6281622339355615,0.6281622339355615,2,True,True,30,6,False,False,40,0,False,False
228,187515.6,0.1256998155755768,52,0.8700726676631912,0.8700726676631912,3,True,True,30,6,False,False,37,0,False,False
229,187515.8,0.09502673811374499,52,0.9249390700801222,0.9249390700801222,2,True,True,30,6,False,False,34,0,False,False
230,187516.0,0.04259461261924007,53,0.9922638930332548,0.9430140465809796,3,True,True,30,6,False,False,32,0,False,False
231,187516.2,0.05859441818920217,54,6.021541634198646,2.6230992192641485,3,True,True,30,6,False,False,30,0,False,False
232,187516.4,0.0486439383213485,54,6.005482867329665,2.4705922431965264,3,True,True,30,6,False,False,28,0,False,False
233,187516.6,0.06565067930723263,54,5.849758933513615,2.4382416694266627,3,True,True,30,6,False,False,27,0,False,False
234,187516.8,0.03640959089462221,52,6.438546338782065,2.734649465583418,3,True,True,30,6,False,False,26,0,False,False
235,187517.0,0.04604400854634855,53,5.541675247348428,2.5080846760479334,3,True,True,30,6,False,False,25,0,False,False
236,187517.2,0.051588854647295075,53,1.0436862572814505,1.0436862572814505,3,True,True,30,6,False,False,25,0,False,False
237,187517.4,0.05015159796028101,54,4.606984600278459,2.2679060352613636,3,True,True,30,6,False,False,25,0,False,False
238,187517.6,0.04534078340088557,54,1.0187845250784244,1.0187845250784244,3,True,True,30,6,False,False,24,0,False,False
239,187517.8,0.06301779858632364,54,0.9967345087555911,0.9967345087555911,3,True,True,30,6,False,False,24,0,False,False
240,187518.0,0.08914208159343016,54,1.0957855588135401,1.0957855588135401,3,True,True,30,6,False,False,24,0,False,False
241,187518.2,0.07860105925927059,52,1.1925374064876522,1.1715964076599215,2,True,True,30,6,False,False,24,0,False,False
242,187518.4,0.07320446597358518,51,1.455878050547476,1.2810821009527482,3,True,True,30,6,False,False,26,0,False,False
243,187518.6,0.043646361774182005,51,7.3784745416738735,3.012030087593649,2,False,True,30,6,False,False,27,0,False,False
244,187518.8,0.044011763866901484,53,6.99625662024652,2.9373098691158037,2,False,True,30,6,False,False,28,0,False,False
245,187519.0,12.78611982837757,53,7.407774990531249,3.1695916169944875,2,False,True,30,0,True,False,29,0,False,False
246,187519.2,0.6995497255022783,52,0.6010156235034617,0.6010156235034617,3,True,True,30,6,False,False,30,0,False,False
247,187519.4,0.09424035827155344,50,0.6916306016958907,0.6916306016958907,3,True,True,30,6,False,False,30,0,False,False
248,187519.6,0.09946522133040382,49,0.8112675416020076,0.8112675416020076,2,False,True,30,6,False,False,31,0,False,False
249,187519.8,0.0981258288388623,47,0.9142526735726099,0.9142526735726099,2,True,True,30,6,False,False,32,0,False,False
250,187520.0,0.04569687745598951,46,5.194223926597347,2.7443283260585196,2,True,True,30,6,False,False,32,0,False,False
251,187520.2,0.06495208409498597,45,4.759006464510766,2.6748040013113688,2,True,True,30,6,False,False,32,0,False,False
252,187520.4,0.056298878581392944,45,4.309467530685258,2.730855413924336,2,True,True,30,6,False,False,30,0,False,False
253,187520.6,0.033527473345057436,44,4.024784577062426,2.6569049348202594,3,True,True,30,6,False,False,28,0,False,False
254,187520.8,0.033074382395238605,42,3.7425662399645634,2.4445158053820473,3,True,True,30,6,False,False,26,0,False,False
255,187521.0,0.0848636257195751,41,1.5096515730790836,1.1446961350133875,3,True,True,30,6,False,False,25,0,False,False
256,187521.2,0.10848450357057002,42,2.851234480648697,1.7426049637857564,3,True,True,30,6,False,False,23,0,False,False
257,187521.4,0.0740285065424492,43,2.943506312630701,1.7900512424371708,3,True,True,30,6,False,False,22,0,False,False
258,187521.6,0.08983268263200012,44,2.8429114225544088,1.758376784263501,3,True,True,30,6,False,False,21,0,False,False
259,187521.8,0.12758277837046722,47,2.6441626079086635,1.8292228671583972,3,True,True,30,6,False,False,19,0,False,False
260,187522.0,0.10465132841658221,49,2.5631064425046737,1.7276036899038678,3,True,True,30,6,False,False,18,0,False,False
261,187522.2,0.038820967065893976,51,2.368694400570833,1.6532895717268388,2,False,True,30,6,False,False,17,0,False,False
262,187522.4,0.044561246535305896,53,2.3984332382113003,1.769856910609526,2,False,True,30,6,False,False,16,0,False,False
263,187522.6,0.08333424361155056,55,1.736769986741926,1.4382389871803736,2,False,True,30,6,False,False,15,0,False,False
264,187522.8,0.06270074657641728,58,1.7023299900032411,1.4099576785753778,2,False,True,30,6,False,False,14,0,False,False
265,187523.0,0.18440714094643681,62,2.1343605234526573,1.5937327971586739,2,False,True,30,6,False,False,14,0,False,False
266,187523.2,0.0689660060589885,65,2.066767463525377,1.575520285039494,3,True,True,30,6,False,False,14,0,False,False
267,187523.4,0.10531971120203233,68,2.225859233572833,1.6239818249440392,2,False,True,30,6,False,False,14,0,False,False
268,187523.6,0.03799681058427706,70,2.1422663431898488,1.5610339932990978,2,False,True,30,6,False,False,13,0,False,False
269,187523.8,0.055580163207431615,72,2.4837152934040456,1.6888947320130603,2,False,True,30,6,False,False,14,0,False,False
270,187524.0,0.03411594594602026,73,2.7397251010248183,1.801726555494181,3,True,True,30,6,False,False,15,0,False,False
271,187524.2,0.03812587484262038,75,2.7749431092128987,1.799434882784865,3,True,True,30,6,False,False,16,0,False,False
272,187524.4,0.04910726718489511,76,2.932197461881712,1.843162550645358,2,True,True,30,6,False,False,18,0,False,False
273,187524.6,0.08069481996318985,77,3.1577020743149027,1.923271319372125,3,True,True,30,6,False,False,20,0,False,False
274,187524.8,0.07655500126171855,78,3.289948233087094,1.981549703371148,2,False,True,30,6,False,False,23,0,False,False
275,187525.0,0.11132936515169671,78,3.413941026569877,2.028295244193054,3,True,True,30,6,False,False,25,0,False,False
276,187525.2,0.1346458270368551,78,3.5760559469244257,2.0654019433239266,3,True,True,30,6,False,False,27,0,False,False
277,187525.4,0.06877228649294333,78,3.599756159654555,2.0598036793978234,3,True,True,30,6,False,False,28,0,False,False
278,187525.6,0.05479813261094224,79,3.710869665234988,2.0752977917307205,2,True,True,30,6,False,False,31,0,False,False
279,187525.8,0.07268288922813128,79,3.5990807785489265,2.0315253858408413,2,False,True,30,6,False,False,32,0,False,False
280,187526.0,0.07508765897357772,80,3.3699161806353573,1.9756004188597918,3,True,True,30,6,False,False,33,0,False,False
281,187526.2,0.066835668550274,80,3.141646238365744,1.9112353046771233,3,True,True,30,6,False,False,35,0,False,False
282,187526.4,0.06553365659774395,80,2.8828313346630865,1.8402702260281054,3,True,True,30,6,False,False,36,0,False,False
283,187526.6,0.04173916308113154,80,2.79557132806762,1.7853274745355403,3,True,True,30,6,False,False,34,0,False,False
284,187526.8,0.04524728110589559,80,2.704292160061008,1.752671135968715,3,True,True,30,6,False,False,31,0,False,False
285,187527.0,0.05160281091283321,80,2.430909588052085,1.625955947575695,2,False,True,30,6,False,False,28,0,False,False
286,187527.2,0.09829667023745389,80,2.2275553169296898,1.527905172138308,2,False,True,30,6,False,False,25,0,False,False
287,187527.4,0.1049783648573208,80,2.0202597051319344,1.4530242504516597,2,False,True,30,6,False,False,23,0,False,False
288,187527.6,0.08264460294022231,80,1.9717826136555006,1.404741702439836,2,True,True,30,6,False,False,20,0,False,False
289,187527.8,0.07837559449756423,79,1.802351360188992,1.2105564426681275,2,False,True,30,6,False,False,18,0,False,False
290,187528.0,0.05108463901718267,78,1.8075925609616001,1.2048331068871156,2,True,True,30,6,False,False,17,0,False,False
291,187528.2,0.033447943540214256,78,1.625728837102127,1.174160395674443,2,True,True,30,6,False,False,15,0,False,False
292,187528.4,0.04413988671445567,77,1.5981849859603374,1.1092711129087802,2,True,True,30,6,False,False,13,0,False,False
293,187528.6,0.05129293045977924,76,1.4158588692284055,1.0018279793928475,2,False,True,30,6,False,False,14,0,False,False
294,187528.8,0.035736046617873996,75,1.427023987980382,1.1860758687219306,2,False,True,30,6,False,False,17,0,False,False
295,187529.0,0.04641832005782885,75,1.5703307144592793,1.2635283278836391,2,True,True,30,6,False,False,20,0,False,False
296,187529.2,0.04466060313331696,74,1.0602480169156627,0.9152760197979853,2,True,True,30,6,False,False,22,0,False,False
297,187529.4,0.06691624958324613,73,0.9230104437539535,0.8382528465829425,2,True,True,30,6,False,False,25,0,False,False
298,187529.6,0.061317214036291166,72,0.7890276086932857,0.7635071540049312,2,True,True,30,6,False,False,28,0,False,False
299,187529.8,0.05027957459031365,72,0.6520965788942503,0.6520965788942503,3,True,True,30,6,False,False,31,0,False,False
300,187530.0,0.0530298541829583,73,2.0441534983722325,1.2731699207238243,3,True,True,30,6,False,False,33,0,False,False
301,187530.2,0.05694972385486478,71,0.6284128738747584,0.6284128738747584,2,True,True,30,6,False,False,35,0,False,False
302,187530.4,0.07842101710677325,71,2.3350567546426495,1.5912146149385569,3,True,True,30,6,False,False,38,0,False,False
303,187530.6,0.0443556602353138,69,0.4241442524925837,0.4241442524925837,3,True,True,30,6,False,False,41,0,False,False
304,187530.8,0.050353446938128495,68,0.5358621947161228,0.5358621947161228,3,True,True,30,6,False,False,42,0,False,False
305,187531.0,0.03449916464719724,66,0.4629963395415941,0.4629963395415941,3,True,True,30,6,False,False,44,0,False,False
306,187531.2,0.01776969232782665,65,0.4927413277930377,0.4927413277930377,3,True,True,30,6,False,False,46,0,False,False
307,187531.4,0.014336651990937865,64,0.5010654356800951,0.5010654356800951,2,True,True,30,6,False,False,47,0,False,False
308,187531.6,0.0026781443199714984,64,0.7766667924709868,0.7766667924709868,2,True,True,30,6,False,False,48,0,False,False
309,187531.8,0.006151924943903764,63,0.401382966785794,0.401382966785794,2,True,True,30,6,False,False,50,0,False,False
310,187532.0,0.011559030262666244,61,0.39182631584368244,0.39182631584368244,3,False,True,30,6,False,False,51,0,False,False
311,187532.2,0.025622640881608254,61,0.3563600393415015,0.3563600393415015,3,True,True,30,6,False,False,53,0,False,False
312,187532.4,0.024475877719258524,59,0.2770202025805907,0.2770202025805907,3,True,True,30,6,False,False,53,0,False,False
313,187532.6,0.022946630230753447,60,0.28083867652805017,0.28083867652805017,3,True,True,30,6,False,False,53,0,False,False
314,187532.8,0.023364871904302385,60,0.3319170748776959,0.3319170748776959,3,True,True,30,6,False,False,53,0,False,False
315,187533.0,0.03709798448801269,60,0.36842728952936266,0.36842728952936266,3,True,True,30,6,False,False,52,0,False,False
316,187533.2,0.01994754103750387,60,0.3992041461054215,0.3992041461054215,3,True,True,30,6,False,False,52,0,False,False
317,187533.4,0.019420340257469988,60,0.4633663401660929,0.4633663401660929,3,True,True,30,6,False,False,52,0,False,False
318,187533.6,0.02393041133386186,59,0.42987164278498236,0.42987164278498236,3,True,True,30,6,False,False,52,0,False,False
319,187533.8,0.04732981886651624,60,1.4755973122862578,1.1404510242118393,3,True,True,30,6,False,False,51,0,False,False
320,187534.0,0.059454399774858314,61,1.682944312991792,1.2428706888884054,3,True,True,30,6,False,False,51,0,False,False
321,187534.2,0.06481625215914767,61,0.5901590657919891,0.5901590657919891,3,True,True,30,6,False,False,50,0,False,False
322,187534.4,0.0541497877146456,62,0.6425063995525357,0.6425063995525357,3,True,True,30,6,False,False,50,0,False,False
323,187534.6,0.04715669763088302,61,0.48000124791291804,0.48000124791291804,3,True,True,30,6,False,False,50,0,False,False
324,187534.8,0.05717575800406385,61,0.7252321851521354,0.7252321851521354,3,True,True,30,6,False,False,50,0,False,False
325,187535.0,0.053344100483782686,61,0.8861347117447939,0.8861347117447939,3,True,True,30,6,False,False,50,0,False,False
326,187535.2,0.04128737583633483,61,1.0540064297618417,1.0540064297618417,3,True,True,30,6,False,False,50,0,False,False
327,187535.4,0.030176229915675316,61,1.0203649375360715,1.0203649375360715,3,True,True,30,6,False,False,50,0,False,False
328,187535.6,0.047618694033345794,61,0.7515982422257034,0.7515982422257034,3,True,True,30,6,False,False,50,0,False,False
329,187535.8,0.04673813436197135,60,0.5983312408270947,0.5983312408270947,3,True,True,30,6,False,False,50,0,False,False
330,187536.0,0.03529393115874578,58,0.535786421565304,0.535786421565304,3,True,True,30,6,False,False,50,0,False,False
331,187536.2,0.04488712648158244,58,0.48050664612811783,0.48050664612811783,3,True,True,30,6,False,False,50,0,False,False
332,187536.4,0.057880173428156295,58,0.46750063541170334,0.46750063541170334,3,True,True,30,6,False,False,50,0,False,False
333,187536.6,0.05314567014627459,60,3.018681246929414,1.6211854699107577,2,True,True,30,6,False,False,50,0,False,False
334,187536.8,0.04115090568308512,60,0.49304337513275914,0.49304337513275914,2,True,True,30,6,False,False,50,0,False,False
335,187537.0,0.05949729670869225,60,0.5410373643873436,0.5410373643873436,3,True,True,30,6,False,False,50,0,False,False
336,187537.2,0.06888596655579839,61,2.8179734323044148,1.5992549210606992,2,True,True,30,6,False,False,50,0,False,False
337,187537.4,0.07464159588476646,62,2.4080322736696544,1.4427189292636784,2,True,True,30,6,False,False,50,0,False,False
338,187537.6,0.09843865505880503,63,2.2064252860682685,1.3812946752625825,2,True,True,30,6,False,False,50,0,False,False
339,187537.8,0.07407235572947574,64,2.09446709455671,1.3520142197894744,2,True,True,30,6,False,False,50,0,False,False
340,187538.0,0.07135182228187506,66,1.9283128686225717,1.3079261298975087,2,False,True,30,6,False,False,50,0,False,False
341,187538.2,0.08383623815450493,67,1.7525028817897408,1.3083020506290433,2,True,True,30,6,False,False,50,0,False,False
342,187538.4,0.07068415405864772,67,1.6504184607478627,1.3841034746508836,3,True,True,30,6,False,False,50,0,False,False
343,187538.6,0.07631444244631463,66,1.4634513580744726,1.310596816748579,2,True,True,30,6,False,False,50,0,False,False
344,187538.8,0.07228866586393158,66,1.2621902416948887,1.2173714902026758,2,True,True,30,6,False,False,50,0,False,False
345,187539.0,0.04612274006372563,66,0.9309827858103475,0.9309827858103475,3,True,True,30,6,False,False,50,0,False,False
346,187539.2,0.055699935148106144,64,0.6056282811887929,0.6056282811887929,3,True,True,30,6,False,False,50,0,False,False
347,187539.4,0.0636974836467509,62,0.6327858716877074,0.6327858716877074,3,True,True,30,6,False,False,50,0,False,False
348,187539.6,0.05037038154654064,60,0.5530755968823394,0.5530755968823394,3,True,True,30,6,False,False,50,0,False,False
349,187539.8,0.05089065711727427,58,0.647963141661447,0.647963141661447,3,True,True,30,6,False,False,50,0,False,False
350,187540.0,0.04545444372271664,56,0.5937938843122778,0.5937938843122778,3,True,True,30,6,False,False,50,0,False,False
351,187540.2,0.038412281928495266,54,0.6430581033144483,0.6430581033144483,3,True,True,30,6,False,False,50,0,False,False
352,187540.4,0.05411939839851794,53,0.7089267481407752,0.7089267481407752,3,True,True,30,6,False,False,50,0,False,False
353,187540.6,0.05998660525439693,52,0.7832327907864243,0.7832327907864243,3,True,True,30,6,False,False,50,0,False,False
354,187540.8,0.05591075137074173,51,0.8558499650056303,0.8532624099440185,3,True,True,30,6,False,False,50,0,False,False
355,187541.0,0.047663619129855506,50,0.8070869985393262,0.8070869985393262,3,True,True,30,6,False,False,50,0,False,False
356,187541.2,0.05807218820162141,50,0.8357743888020228,0.8357743888020228,3,True,True,30,6,False,False,50,0,False,False
357,187541.4,0.06185660130748162,50,0.9375902171461462,0.9042014940537785,3,True,True,30,6,False,False,50,0,False,False
358,187541.6,0.05755728485344547,51,1.9657008778902494,1.6317391528774996,2,True,True,30,6,False,False,50,0,False,False
359,187541.8,0.05148442143989741,52,1.9804722324167112,1.618539313376764,3,True,True,30,6,False,False,50,0,False,False
360,187542.0,0.04329316325946813,53,2.0382140086294043,1.6380674665728263,2,True,True,30,6,False,False,50,0,False,False
361,187542.2,0.05361733732894326,54,2.2124661164399213,1.6917504714937543,2,True,True,30,6,False,False,50,0,False,False
362,187542.4,0.058125517393977186,55,2.2008556854571584,1.6276641213071728,3,True,True,30,6,False,False,50,0,False,False
363,187542.6,0.05751240546342419,56,2.1026085387431928,1.5889559259518826,3,True,True,30,6,False,False,50,0,False,False
364,187542.8,0.05285164075666528,57,2.0421780039916895,1.5223008718982742,3,True,True,30,6,False,False,50,0,False,False
365,187543.0,0.04438918379227962,58,2.019627038822326,1.5154483960741405,3,True,True,30,6,False,False,50,0,False,False
366,187543.2,0.04903383215840323,59,1.6611032327664095,1.371443993325263,3,True,True,30,6,False,False,50,0,False,False
367,187543.4,0.05276154687243533,60,1.5862091882594744,1.3304016588326937,3,True,True,30,6,False,False,50,0,False,False
368,187543.6,0.049656921665023064,60,1.5479111367083318,1.3401331672649202,3,True,True,30,6,False,False,50,0,False,False
369,187543.8,0.0433186485685928,60,1.6526553959556345,1.348716487755782,3,True,True,30,6,False,False,50,0,False,False
370,187544.0,0.03805363159789213,60,1.6985921929960195,1.3618489933983622,3,True,True,30,6,False,False,50,0,False,False
371,187544.2,0.0426730076086565,60,1.9583720524458468,1.485694798640743,3,True,True,30,6,False,False,50,0,False,False
372,187544.4,0.04705191467175872,60,1.8603158442035777,1.448819033227455,3,True,True,30,6,False,False,50,0,False,False
373,187544.6,0.04597436263650901,60,1.7059706650025483,1.3807699842895593,3,True,True,30,6,False,False,50,0,False,False
374,187544.8,0.04065333596478049,60,1.5993183104764097,1.3324570561483589,2,True,True,30,6,False,False,50,0,False,False
375,187545.0,0.033206937563404045,60,1.5942651643370593,1.331046563824397,2,True,True,30,6,False,False,50,0,False,False
376,187545.2,0.03897381347238345,60,1.48258550679888,1.28319335229693,3,False,True,30,6,False,False,50,0,False,False
377,187545.4,0.04282648451832056,60,1.4454727699032794,1.2626044471702715,2,True,True,30,6,False,False,50,0,False,False
378,187545.6,0.04427056952619973,60,1.457517855576055,1.2805845591852887,3,True,True,30,6,False,False,50,0,False,False
379,187545.8,0.03885591852946931,60,1.5458367768744812,1.3197569390747124,2,True,True,30,6,False,False,50,0,False,False
380,187546.0,0.032490176075223975,60,1.523582465054424,1.3147987343836427,2,True,True,30,6,False,False,50,0,False,False
381,187546.2,0.03691592894432522,60,1.5414943554753557,1.3242933279755447,3,True,True,30,6,False,False,50,0,False,False
382,187546.4,0.04356235453078688,60,1.5715473551335757,1.3378699051391871,3,True,True,30,6,False,False,50,0,False,False
383,187546.6,0.04615772149900151,60,1.6206476623405655,1.3503082828803297,3,True,True,30,6,False,False,50,0,False,False
384,187546.8,0.04432463627188675,60,1.5961049511236407,1.3645134476570158,3,True,True,30,6,False,False,50,0,False,False
385,187547.0,0.03816376511472323,60,1.4720818471291568,1.322892384547409,2,True,True,30,6,False,False,50,0,False,False
386,187547.2,0.04349806864645622,60,1.4335464263817184,1.286908319077499,3,True,True,30,6,False,False,50,0,False,False
387,187547.4,0.04890609242320031,60,1.419503640622691,1.285662476089841,3,True,True,30,6,False,False,50,0,False,False
388,187547.6,0.04989698903636051,60,1.4032609049940408,1.2979098323379905,3,True,True,30,6,False,False,50,0,False,False
389,187547.8,0.046238584294551674,60,1.3364201492911367,1.2667814658527503,2,True,True,30,6,False,False,50,0,False,False
390,187548.0,0.03745446724516417,60,1.2442830888060306,1.2148294410709006,3,True,True,30,6,False,False,50,0,False,False
391,187548.2,0.04239980290684217,60,1.2318668764366325,1.2067813079760783,3,True,True,30,6,False,False,50,0,False,False
392,187548.4,0.04606323675377951,60,1.255334359251309,1.2308978746436352,3,True,True,30,6,False,False,50,0,False,False
393,187548.6,0.048704533430195054,60,1.2777587028744437,1.2477677772650657,2,True,True,30,6,False,False,50,0,False,False
394,187548.8,0.04422513751891696,60,1.3212221626319887,1.2639561956500396,3,True,True,30,6,False,False,50,0,False,False
395,187549.0,0.03377203977696614,60,1.2960333431516906,1.2563728363048488,2,True,True,30,6,False,False,50,0,False,False
396,187549.2,0.04087486800535885,60,1.3524073188793553,1.2660755990359196,3,True,True,30,6,False,False,50,0,False,False
397,187549.4,0.047596050372980064,60,1.36828841449623,1.2606012491644354,3,True,True,30,6,False,False,50,0,False,False
398,187549.6,0.04732267125139448,60,1.493124845278195,1.324870506236936,3,True,True,30,6,False,False,50,0,False,False
399,187549.8,0.04216225682638854,60,1.5829676916972002,1.361220759902072,3,True,True,30,6,False,False,50,0,False,False
400,187550.0,0.03190067712226774,60,1.661804867846934,1.3787664177008727,3,True,True,30,6,False,False,50,0,False,False
401,187550.2,0.04027303257685335,60,1.6083944675612618,1.345826618469888,3,True,True,30,6,False,False,50,0,False,False
402,187550.4,0.04391364480937734,60,1.6557728122446913,1.3489506100834558,3,True,True,30,6,False,False,50,0,False,False
403,187550.6,0.05444402079505647,61,7.377467346112153,2.5033383329206105,3,True,True,30,6,False,False,50,0,False,False
404,187550.8,0.054650744359618204,62,7.321712323427854,2.5071634881058804,3,True,True,30,6,False,False,50,0,False,False
405,187551.0,6.258318261646061,63,7.554465151254933,2.5311103665476162,3,True,True,30,0,True,False,50,0,False,False
406,187551.2,0.244221831151866,64,7.545939085489874,2.5266139759385244,4,True,True,30,6,False,False,50,0,False,False
407,187551.4,0.0753603412522455,65,7.727573190424879,2.5401403301756558,3,True,True,30,6,False,False,50,0,False,False
408,187551.6,6.957031005276416,66,7.79212310162784,2.5178538983702263,3,True,True,30,0,True,False,50,0,False,False
409,187551.8,0.2765084629283283,67,7.799096257229077,2.5175841616202908,4,True,True,30,6,False,False,50,0,False,False
410,187552.0,0.07029494011312717,68,7.947962671764639,2.517198256739563,3,True,True,30,6,False,False,50,0,False,False
411,187552.2,7.082802398419319,69,7.833128616198376,2.494036712757188,3,True,True,30,0,True,False,50,0,False,False
412,187552.4,0.28050061022121736,69,1.0034575310296392,1.0034575310296392,4,True,True,30,6,False,False,50,0,False,False
413,187552.6,0.053103194945135844,68,0.8218473022359136,0.8218473022359136,3,True,True,30,6,False,False,50,0,False,False
414,187552.8,0.03964629047780508,67,0.6890140912125953,0.6890140912125953,3,True,True,30,6,False,False,50,0,False,False
415,187553.0,0.026252084123892034,66,0.5283571949479368,0.5283571949479368,3,True,True,30,6,False,False,50,0,False,False
416,187553.2,0.02036130320257406,66,7.348604864506045,2.273164992338113,3,True,True,30,6,False,False,50,0,False,False
417,187553.4,0.02149842129657416,66,7.02010427364168,2.1862932111564723,3,True,True,30,6,False,False,50,0,False,False
418,187553.6,7.282908996516676,66,6.749641648514245,2.1683282232486962,3,True,True,30,0,True,False,50,0,False,False
419,187553.8,0.23858265436252185,66,6.575862552513597,2.1930323294131346,4,True,True,30,6,False,False,50,0,False,False
420,187554.0,0.02388701583652862,66,6.070039379958789,2.0738220166017998,3,True,True,30,6,False,False,50,0,False,False
421,187554.2,0.019316667670141268,66,5.862131772601238,2.021640310708454,3,True,True,30,6,False,False,49,0,False,False
422,187554.4,0.026217152610983955,67,5.7161161055763685,2.025956765150842,3,True,True,30,6,False,False,49,0,False,False
423,187554.6,0.021162767903909415,68,5.520179337640327,2.002978369360433,2,True,True,30,6,False,False,49,0,False,False
424,187554.8,0.026010967411774333,68,0.6397869523856494,0.6397869523856494,3,True,True,30,6,False,False,49,0,False,False
425,187555.0,0.03240256420520891,68,0.6574715116599403,0.6574715116599403,3,True,True,30,6,False,False,49,0,False,False
426,187555.2,0.034135323162961924,67,0.7153394505431451,0.7153394505431451,3,True,True,30,6,False,False,49,0,False,False
427,187555.4,0.03788887149529953,66,0.6888757860893747,0.6888757860893747,3,True,True,30,6,False,False,49,0,False,False
428,187555.6,0.027520286277733803,65,0.5692718889311591,0.5692718889311591,3,True,True,30,6,False,False,49,0,False,False
429,187555.8,0.015491338604677723,64,0.5030416881848832,0.5030416881848832,3,True,True,30,6,False,False,49,0,False,False
430,187556.0,0.021771186000815804,63,0.5269619715837897,0.5269619715837897,3,True,True,30,6,False,False,49,0,False,False
431,187556.2,0.018938880449446163,62,0.5131793867842963,0.5131793867842963,3,True,True,30,6,False,False,50,0,False,False
432,187556.4,0.0255426134219539,62,1.7906970185106819,1.1447215116005531,2,True,True,30,6,False,False,50,0,False,False
433,187556.6,0.026293607132509448,62,1.7069521929539766,1.111726349489461,3,True,True,30,6,False,False,50,0,False,False
434,187556.8,0.027322134703198102,63,1.604394822269257,1.077852115316528,2,True,True,30,6,False,False,50,0,False,False
435,187557.0,0.03194084614609835,64,1.4806416846727846,1.0265032956730507,2,True,True,30,6,False,False,50,0,False,False
436,187557.2,0.03335204600775259,65,1.4442572759962637,1.0303854561904033,2,True,True,30,6,False,False,50,0,False,False
437,187557.4,0.03429913400103011,66,1.4242274310081124,1.046021029082862,2,True,True,30,6,False,False,50,0,False,False
438,187557.6,0.0389703581307091,67,1.3986536221846793,1.0539074430590485,2,True,True,30,6,False,False,50,0,False,False
439,187557.8,0.04409402681848893,68,1.4044698491195127,1.0770875841871752,2,True,True,30,6,False,False,50,0,False,False
440,187558.0,0.04254420402751132,69,1.2907243517251739,1.0693255400081285,2,True,True,30,6,False,False,50,0,False,False
441,187558.2,0.04754182709158924,70,1.339919989860405,1.0933270464986427,2,True,True,30,6,False,False,50,0,False,False
442,187558.4,0.05089018026203123,70,1.2765066740309041,1.0610501287621454,3,True,True,30,6,False,False,50,0,False,False
443,187558.6,0.043769753847949906,70,1.2499274866924937,1.0588468660834323,3,True,True,30,6,False,False,50,0,False,False
444,187558.8,0.04671422700543967,70,1.2211778362376546,1.0504824135803177,3,True,True,30,6,False,False,50,0,False,False
445,187559.0,0.04168262733041398,70,1.273051104318312,1.0884679988703876,3,True,True,30,6,False,False,50,0,False,False
446,187559.2,0.041453549593774515,70,1.2592005272923925,1.0921385308840401,3,True,True,30,6,False,False,50,0,False,False
447,187559.4,0.043044421937998616,70,1.213511619645788,1.0890362950628905,3,True,True,30,6,False,False,50,0,False,False
448,187559.6,0.041887462868425304,70,1.0967598746280858,1.010768226940463,3,True,True,30,6,False,False,50,0,False,False
449,187559.8,0.03901827838390924,70,1.0486805076660783,0.97799063575354,3,True,True,30,6,False,False,50,0,False,False
450,187560.0,0.032706025824477555,70,0.9616813307709738,0.9252073659462161,3,True,True,30,6,False,False,50,0,False,False
451,187560.2,0.029633243858189613,70,0.8596465254835937,0.8292059574344668,3,True,True,30,6,False,False,50,0,False,False
452,187560.4,0.03031021066051406,70,0.7095255683708105,0.7095255683708105,3,True,True,30,6,False,False,51,0,False,False
453,187560.6,0.028018208270101052,70,0.6574030071936213,0.6574030071936213,3,True,True,30,6,False,False,52,0,False,False
454,187560.8,0.02363294116156622,70,0.6948669624063898,0.6948669624063898,3,True,True,30,6,False,False,54,0,False,False
455,187561.0,0.02127228407453504,70,0.7230505190296125,0.7230505190296125,3,True,True,30,6,False,False,56,0,False,False
456,187561.2,0.019865854587416187,70,0.6795395859822821,0.6795395859822821,3,True,True,30,6,False,False,58,0,False,False
457,187561.4,0.02228007032105801,70,0.6450304353588661,0.6450304353588661,3,True,True,30,6,False,False,60,0,False,False
458,187561.6,0.021346242401769994,70,0.6673326235734321,0.6673326235734321,3,True,True,30,6,False,False,62,0,False,False
459,187561.8,0.020486903581287286,70,0.6373839584354584,0.6373839584354584,3,True,True,30,6,False,False,64,0,False,False
460,187562.0,0.014782414883061019,70,0.6270021195078249,0.6270021195078249,3,True,True,30,6,False,False,66,0,False,False
461,187562.2,0.014412921467901315,70,0.6250210205312683,0.6250210205312683,3,True,True,30,6,False,False,68,0,False,False
462,187562.4,0.0180313373454304,70,0.5842286208769846,0.5842286208769846,3,True,True,30,6,False,False,69,0,False,False
463,187562.6,0.016045692494032898,70,0.5786126294358321,0.5786126294358321,3,True,True,30,6,False,False,70,0,False,False
464,187562.8,0.014055092074196723,70,0.603429387101514,0.603429387101514,3,True,True,30,6,False,False,70,0,False,False
465,187563.0,0.013637262337537719,70,0.5929774627387895,0.5929774627387895,3,True,True,30,6,False,False,70,0,False,False
466,187563.2,0.012574284092218748,70,0.5568933621253521,0.5568933621253521,3,True,True,30,6,False,False,70,0,False,False
467,187563.4,0.013154340360412933,70,0.5752676171287507,0.5752676171287507,3,True,True,30,6,False,False,70,0,False,False
468,187563.6,0.013078635973620537,70,0.6174017886068535,0.6174017886068535,3,True,True,30,6,False,False,70,0,False,False
469,187563.8,0.015520051012480964,70,0.6405562153487443,0.6405562153487443,3,True,True,30,6,False,False,70,0,False,False
470,187564.0,0.014751004297293315,70,0.6498675933604796,0.6498675933604796,3,True,True,30,6,False,False,70,0,False,False
471,187564.2,0.01488154344288894,70,0.637779224265975,0.637779224265975,3,True,True,30,6,False,False,70,0,False,False
472,187564.4,0.01947804670175223,70,0.6532846003831106,0.6532846003831106,3,True,True,30,6,False,False,70,0,False,False
473,187564.6,0.02091955782432295,70,0.6735735514697232,0.6735735514697232,3,True,True,30,6,False,False,70,0,False,False
474,187564.8,0.018670912060608075,70,0.7618924927607243,0.7618924927607243,3,True,True,30,6,False,False,70,0,False,False
475,187565.0,0.014479208863047495,70,0.8266342706275654,0.8266342706275654,3,True,True,30,6,False,False,70,0,False,False
476,187565.2,0.025671770995937686,70,0.8003651188144384,0.8003651188144384,3,True,True,30,6,False,False,70,0,False,False
477,187565.4,0.032103464494004294,70,0.7853491153614169,0.7853491153614169,3,True,True,30,6,False,False,70,0,False,False
478,187565.6,0.02980187220221665,70,0.8010194387343951,0.8010194387343951,3,True,True,30,6,False,False,70,0,False,False
479,187565.8,0.029471406555107573,70,0.8094883978436258,0.8094883978436258,3,True,True,30,6,False,False,70,0,False,False
480,187566.0,0.022529529968303024,70,0.8045921873297792,0.8045921873297792,3,True,True,30,6,False,False,70,0,False,False
481,187566.2,0.028635719405153016,70,0.7749253709620914,0.7749253709620914,3,True,True,30,6,False,False,70,0,False,False
482,187566.4,0.03286518437358521,70,0.7453543743273925,0.7453543743273925,3,True,True,30,6,False,False,70,0,False,False
483,187566.6,0.03299252879337983,70,0.6906161289518665,0.6906161289518665,3,True,True,30,6,False,False,70,0,False,False
484,187566.8,0.02464361618677802,70,0.6995075739303609,0.6995075739303609,3,True,True,30,6,False,False,70,0,False,False
485,187567.0,0.010846195043976402,70,0.5771573705442838,0.5771573705442838,3,True,True,30,6,False,False,70,0,False,False
486,187567.2,0.0189026545436955,70,0.5547729540049752,0.5547729540049752,3,True,True,30,6,False,False,70,0,False,False
487,187567.4,0.022072062979612308,70,0.46331150620545,0.46331150620545,3,True,True,30,6,False,False,70,0,False,False
488,187567.6,0.018419622845922502,70,0.4468512022676873,0.4468512022676873,3,True,True,30,6,False,False,70,0,False,False
489,187567.8,0.018419732375668924,70,0.405228005829076,0.405228005829076,3,True,True,30,6,False,False,70,0,False,False
490,187568.0,0.019946576353755262,69,0.34668468974143524,0.34668468974143524,3,True,True,30,6,False,False,69,0,False,False
491,187568.2,0.026434797528778198,69,0.3992444845578192,0.3992444845578192,3,True,True,30,6,False,False,69,0,False,False
492,187568.4,0.02093397352066107,68,0.4016862114138062,0.4016862114138062,3,True,True,30,6,False,False,68,0,False,False
493,187568.6,0.012132966558283461,67,0.44401138836818904,0.44401138836818904,3,True,True,30,6,False,False,67,0,False,False
494,187568.8,0.020590525485035507,66,0.41799442101047324,0.41799442101047324,3,True,True,30,6,False,False,66,0,False,False
495,187569.0,0.01721783872392327,65,0.4351224750186081,0.4351224750186081,3,True,True,30,6,False,False,65,0,False,False
496,187569.2,0.014534243230049574,64,0.4501839260277449,0.4501839260277449,3,True,True,30,6,False,False,64,0,False,False
497,187569.4,0.021316349305814206,63,0.45655206000384896,0.45655206000384896,3,True,True,30,6,False,False,63,0,False,False
498,187569.6,0.014484925720969502,62,0.47200863064799425,0.47200863064799425,3,True,True,30,6,False,False,62,0,False,False
499,187569.8,0.012350742341137524,62,0.4958610387478595,0.4958610387478595,3,True,True,30,6,False,False,61,0,False,False
500,187570.0,0.016188651080337638,63,0.46696425727977603,0.46696425727977603,3,True,True,30,6,False,False,61,0,False,False
501,187570.2,0.008806156867379438,63,0.4377187461262945,0.4377187461262945,3,True,True,30,6,False,False,60,0,False,False
502,187570.4,0.012686056770726333,64,0.42692612604919356,0.42692612604919356,3,True,True,30,6,False,False,60,0,False,False
503,187570.6,0.02643902442410767,65,0.5239780278523795,0.5239780278523795,3,True,True,30,6,False,False,60,0,False,False
504,187570.8,0.021919203062350862,66,0.6182264304068316,0.6182264304068316,3,True,True,30,6,False,False,60,0,False,False
505,187571.0,0.03122541350290055,67,0.6405075725042877,0.6405075725042877,3,True,True,30,6,False,False,60,0,False,False
506,187571.2,0.026539455424095058,68,0.6471806500758219,0.6471806500758219,3,True,True,30,6,False,False,60,0,False,False
507,187571.4,0.02406038164853456,69,0.6237640240625864,0.6237640240625864,3,True,True,30,6,False,False,60,0,False,False
508,187571.6,0.03392159212831921,70,0.6114371690269483,0.6114371690269483,3,True,True,30,6,False,False,60,0,False,False
509,187571.8,0.036756710444232066,70,0.5048173753716639,0.5048173753716639,3,True,True,30,6,False,False,60,0,False,False
510,187572.0,0.03331818470614923,70,0.4524615937610991,0.4524615937610991,3,True,True,30,6,False,False,60,0,False,False
511,187572.2,0.023716069507717135,70,0.39654312894904176,0.39654312894904176,3,True,True,30,6,False,False,60,0,False,False
512,187572.4,0.020423522772022844,70,0.3891505272108645,0.3891505272108645,3,True,True,30,6,False,False,60,0,False,False
513,187572.6,0.021546128312450282,70,0.32866823476322105,0.32866823476322105,3,True,True,30,6,False,False,60,0,False,False
514,187572.8,0.026505316391429223,69,0.3286423502414184,0.3286423502414184,3,True,True,30,6,False,False,59,0,False,False
515,187573.0,0.025129476196713213,69,0.3394609956278661,0.3394609956278661,3,True,True,30,6,False,False,59,0,False,False
516,187573.2,0.010152155952943496,68,0.2843291202477044,0.2843291202477044,3,True,True,30,6,False,False,58,0,False,False
517,187573.4,0.010155347214014591,67,0.27141781970561907,0.27141781970561907,3,True,True,30,6,False,False,58,0,False,False
518,187573.6,0.007815318824286528,66,0.2650595319187107,0.2650595319187107,3,True,True,30,6,False,False,58,0,False,False
519,187573.8,0.010538669676316116,65,0.299658660310047,0.299658660310047,3,True,True,30,6,False,False,58,0,False,False
520,187574.0,0.01700963012234297,64,0.2805812507222311,0.2805812507222311,3,True,True,30,6,False,False,58,0,False,False
521,187574.2,0.011911144948077127,63,0.30864001308388994,0.30864001308388994,3,True,True,30,6,False,False,58,0,False,False
522,187574.4,0.00691228094359667,60,0.26401364326090687,0.26401364326090687,3,True,True,30,6,False,False,56,0,False,False
523,187574.6,0.017348426425413527,58,0.5169433233115655,0.5169433233115655,3,True,True,30,6,False,False,55,0,False,False
524,187574.8,0.03010581794761691,57,0.5130626191668125,0.5130626191668125,3,True,True,30,6,False,False,55,0,False,False
525,187575.0,0.0333916118673919,55,0.4720901710199496,0.4720901710199496,3,True,True,30,6,False,False,54,0,False,False
526,187575.2,0.026285468143474874,55,0.4352599508363647,0.4352599508363647,3,True,True,30,6,False,False,54,0,False,False
527,187575.4,0.025445457361613785,55,0.4321142577158653,0.4321142577158653,3,True,True,30,6,False,False,53,0,False,False
528,187575.6,0.023671151053902804,55,0.4246339327297413,0.4246339327297413,3,True,True,30,6,False,False,52,0,False,False
529,187575.8,0.028582552797731958,55,0.40236682757716513,0.40236682757716513,3,True,True,30,6,False,False,52,0,False,False
530,187576.0,0.041365960186714554,55,0.41403571790670807,0.41403571790670807,3,True,True,30,6,False,False,52,0,False,False
531,187576.2,0.03750458614020153,55,0.42995218186686396,0.42995218186686396,3,True,True,30,6,False,False,52,0,False,False
532,187576.4,0.03378411075290893,57,0.4656931615872144,0.4656931615872144,3,True,True,30,6,False,False,54,0,False,False
533,187576.6,0.042184499133076814,58,0.46305272116432966,0.46305272116432966,3,True,True,30,6,False,False,55,0,False,False
534,187576.8,0.03795451066958659,59,0.45757135523975245,0.45757135523975245,3,True,True,30,6,False,False,56,0,False,False
535,187577.0,0.042822191978674456,60,0.4793690351737325,0.4793690351737325,3,True,True,30,6,False,False,57,0,False,False
536,187577.2,0.04097190823849478,60,0.41216584654642013,0.41216584654642013,3,True,True,30,6,False,False,58,0,False,False
537,187577.4,0.04379483455413471,60,0.38512180806894797,0.38512180806894797,3,True,True,30,6,False,False,59,0,False,False
538,187577.6,0.036310320768666214,60,0.3677509117383589,0.3677509117383589,3,True,True,30,6,False,False,60,0,False,False
539,187577.8,0.03848399121308354,60,0.42341988172555767,0.42341988172555767,3,True,True,30,6,False,False,60,0,False,False
540,187578.0,0.03653970374153011,60,0.44593236107621936,0.44593236107621936,3,True,True,30,6,False,False,59,0,False,False
541,187578.2,0.03878100070690247,60,0.45944101847795077,0.45944101847795077,3,True,True,30,6,False,False,58,0,False,False
542,187578.4,0.03926330064384959,60,0.4419886845678715,0.4419886845678715,3,True,True,30,6,False,False,58,0,False,False
543,187578.6,0.046154035843802385,60,0.4734882332492679,0.4734882332492679,3,True,True,30,6,False,False,58,0,False,False
544,187578.8,0.043173393016341724,60,0.49750657931362813,0.49750657931362813,3,True,True,30,6,False,False,58,0,False,False
545,187579.0,0.047359286064816375,60,0.5105440949679714,0.5105440949679714,3,True,True,30,6,False,False,57,0,False,False
546,187579.2,0.04129246913750572,60,0.5358331378623168,0.5358331378623168,3,True,True,30,6,False,False,57,0,False,False
547,187579.4,0.040778039003774996,60,0.5257992118504737,0.5257992118504737,3,True,True,30,6,False,False,56,0,False,False
548,187579.6,0.03169969756610902,60,0.5167527838870608,0.5167527838870608,3,True,True,30,6,False,False,56,0,False,False
549,187579.8,0.040368621302766514,60,0.5843097555408933,0.5843097555408933,3,True,True,30,6,False,False,56,0,False,False
550,187580.0,0.029817235600144817,60,0.5322689549262952,0.5322689549262952,3,True,True,30,6,False,False,56,0,False,False
551,187580.2,0.027985776909142702,61,0.6950886295250355,0.6950886295250355,3,True,True,30,6,False,False,57,0,False,False
552,187580.4,0.03096078995494129,62,0.5977161689344503,0.5977161689344503,3,True,True,30,6,False,False,57,0,False,False
553,187580.6,0.04126352559884095,63,0.5041396377674383,0.5041396377674383,3,True,True,30,6,False,False,57,0,False,False
554,187580.8,0.042441213522124384,64,0.490896035986969,0.490896035986969,3,True,True,30,6,False,False,57,0,False,False
555,187581.0,0.03935477880753499,65,0.45539457539536726,0.45539457539536726,3,True,True,30,6,False,False,58,0,False,False
556,187581.2,0.04100881051042893,66,0.38990097096249177,0.38990097096249177,3,True,True,30,6,False,False,59,0,False,False
557,187581.4,0.03693476231025792,67,0.4034522336327118,0.4034522336327118,3,True,True,30,6,False,False,61,0,False,False
558,187581.6,0.012056213590413804,68,0.41901106802000604,0.41901106802000604,3,True,True,30,6,False,False,62,0,False,False
559,187581.8,0.02331559656474163,69,0.495957414809533,0.495957414809533,3,True,True,30,6,False,False,63,0,False,False
560,187582.0,0.012002214003334372,70,0.6001329675578464,0.6001329675578464,3,True,True,30,6,False,False,65,0,False,False
561,187582.2,0.016550163545688782,71,0.6483092210691921,0.6483092210691921,3,True,True,30,6,False,False,66,0,False,False
562,187582.4,0.028502739709086348,72,0.6792149091436919,0.6792149091436919,3,True,True,30,6,False,False,67,0,False,False
563,187582.6,0.045127160064236345,73,0.6633428524288274,0.6633428524288274,3,True,True,30,6,False,False,68,0,False,False
564,187582.8,0.007389840695104657,74,0.7400000276387814,0.7400000276387814,3,True,True,30,6,False,False,69,0,False,False
565,187583.0,0.012330997625296417,75,0.8364893796217743,0.8364893796217743,2,True,True,30,6,False,False,70,0,False,False
566,187583.2,0.03356093823744342,76,0.8032271314004327,0.8032271314004327,3,True,True,30,6,False,False,70,0,False,False
567,187583.4,0.05936503444349283,77,0.7767041575992779,0.7767041575992779,2,True,True,30,6,False,False,70,0,False,False
568,187583.6,0.06073498898678931,78,0.736996580703443,0.736996580703443,2,True,True,30,6,False,False,70,0,False,False
569,187583.8,0.04602873037478548,79,0.7138342764359562,0.7138342764359562,2,True,True,30,6,False,False,70,0,False,False
570,187584.0,0.03238115043746995,80,0.6700035955350319,0.6700035955350319,2,True,True,30,6,False,False,70,0,False,False
571,187584.2,0.036131097374137146,80,0.6501508964519679,0.6501508964519679,2,True,True,30,6,False,False,70,0,False,False
572,187584.4,0.04685253257525909,80,0.5915256607536178,0.5915256607536178,2,True,True,30,6,False,False,70,0,False,False
573,187584.6,0.05645422576487031,80,0.46357934986095634,0.46357934986095634,2,True,True,30,6,False,False,70,0,False,False
574,187584.8,0.04672347012416322,80,0.339718814392584,0.339718814392584,2,True,True,30,6,False,False,70,0,False,False
575,187585.0,0.05645878792353655,80,0.34334469183306954,0.34334469183306954,2,True,True,30,6,False,False,70,0,False,False
576,187585.2,0.042811698731288345,79,0.4355418743270735,0.4355418743270735,2,True,True,30,6,False,False,69,0,False,False
577,187585.4,0.03496262199889013,78,0.42902991905316123,0.42902991905316123,2,True,True,30,6,False,False,68,0,False,False
578,187585.6,0.03964500108083851,78,0.4610278065848787,0.4610278065848787,2,True,True,30,6,False,False,67,0,False,False
579,187585.8,0.04033024096326999,78,0.5042623703761936,0.5042623703761936,2,True,True,30,6,False,False,66,0,False,False
580,187586.0,0.0365856911429547,78,0.5249752447259205,0.5249752447259205,2,True,True,30,6,False,False,65,0,False,False
581,187586.2,0.036857625507129295,78,0.5270814749035574,0.5270814749035574,2,True,True,30,6,False,False,64,0,False,False
582,187586.4,0.03492927744753943,78,0.5041446897640091,0.5041446897640091,2,True,True,30,6,False,False,64,0,False,False
583,187586.6,0.03478672131215937,78,0.4793176742390119,0.4793176742390119,2,True,True,30,6,False,False,64,0,False,False
584,187586.8,0.026059047638834286,78,0.559812335507468,0.559812335507468,2,True,True,30,6,False,False,64,0,False,False
585,187587.0,0.027349085195741408,78,0.6391014417626588,0.6391014417626588,2,True,True,30,6,False,False,64,0,False,False
586,187587.2,0.027975135819362566,79,0.6474884353373856,0.6474884353373856,2,True,True,30,6,False,False,65,0,False,False
587,187587.4,0.031177869328250996,80,0.6290491564365299,0.6290491564365299,2,True,True,30,6,False,False,67,0,False,False
588,187587.6,0.031061648567499756,80,0.5876637736376044,0.5876637736376044,3,True,True,30,6,False,False,68,0,False,False
589,187587.8,0.030683431903738023,80,0.5873187316414746,0.5873187316414746,2,True,True,30,6,False,False,70,0,False,False
590,187588.0,0.01950119039628878,80,0.562656489374087,0.562656489374087,3,True,True,30,6,False,False,72,0,False,False
591,187588.2,0.02418060170690432,80,0.48937438087271734,0.48937438087271734,2,True,True,30,6,False,False,74,0,False,False
592,187588.4,0.023254026433444007,80,0.4780238618481608,0.4780238618481608,2,True,True,30,6,False,False,75,0,False,False
593,187588.6,0.023557146166064812,80,0.3808575292284225,0.3808575292284225,2,True,True,30,6,False,False,75,0,False,False
594,187588.8,0.018125474022023396,80,0.3224457995535137,0.3224457995535137,2,True,True,30,6,False,False,76,0,False,False
595,187589.0,0.013441904491554761,80,0.342800810549731,0.342800810549731,2,True,True,30,6,False,False,77,0,False,False
596,187589.2,0.015236668541317479,80,0.33585411732027265,0.33585411732027265,2,True,True,30,6,False,False,78,0,False,False
597,187589.4,0.008540216768756367,80,0.29391898041918707,0.29391898041918707,2,True,True,30,6,False,False,78,0,False,False
598,187589.6,0.012105948279876379,80,0.31893610683658286,0.31893610683658286,2,True,True,30,6,False,False,79,0,False,False
599,187589.8,0.015531546213814102,80,0.34554174116390574,0.34554174116390574,2,True,True,30,6,False,False,79,0,False,False
600,187590.0,0.02092302650985691,80,0.38622066041160164,0.38622066041160164,2,True,True,30,6,False,False,79,0,False,False
601,187590.2,0.015247944402569717,80,0.38857093530272924,0.38857093530272924,2,True,True,30,6,False,False,79,0,False,False
602,187590.4,0.009383298624703046,80,0.4635062034433296,0.4635062034433296,2,True,True,30,6,False,False,79,0,False,False
603,187590.6,0.014419653571353625,80,0.508629163991111,0.508629163991111,2,True,True,30,6,False,False,80,0,False,False
604,187590.8,0.022581213896334437,80,0.5996428663432489,0.5996428663432489,2,True,True,30,6,False,False,80,0,False,False
605,187591.0,0.026803478310279155,80,0.6259499905748739,0.6259499905748739,2,True,True,30,6,False,False,80,0,False,False
606,187591.2,0.026238179969981137,80,0.6052590602261694,0.6052590602261694,3,True,True,30,6,False,False,80,0,False,False
607,187591.4,0.027154058291209312,80,0.5683824399153394,0.5683824399153394,2,True,True,30,6,False,False,80,0,False,False
608,187591.6,0.02721960246196975,80,0.5540100930069889,0.5540100930069889,3,True,True,30,6,False,False,80,0,False,False
609,187591.8,0.028356961798297955,80,0.5466362304894281,0.5466362304894281,3,True,True,30,6,False,False,80,0,False,False
610,187592.0,0.02925245460780687,80,0.5087808225687909,0.5087808225687909,3,True,True,30,6,False,False,80,0,False,False
611,187592.2,0.029552316980496568,80,0.502346974625871,0.502346974625871,3,True,True,30,6,False,False,80,0,False,False
612,187592.4,0.030486941344504602,80,0.47952168673659806,0.47952168673659806,3,True,True,30,6,False,False,80,0,False,False
613,187592.6,0.03050257534442989,80,0.3872975477545644,0.3872975477545644,2,True,True,30,6,False,False,80,0,False,False
614,187592.8,0.031047781544590296,80,0.37661661454776296,0.37661661454776296,2,True,True,30,6,False,False,80,0,False,False
615,187593.0,0.033003867436645726,80,0.37611924876034425,0.37611924876034425,3,True,True,30,6,False,False,80,0,False,False
616,187593.2,0.03185828480714533,80,0.353744065032268,0.353744065032268,3,True,True,30,6,False,False,80,0,False,False
617,187593.4,0.031414175686066886,80,0.33259484246595883,0.33259484246595883,3,True,True,30,6,False,False,80,0,False,False
618,187593.6,0.031227232783709362,80,0.35652654910936243,0.35652654910936243,3,True,True,30,6,False,False,80,0,False,False
619,187593.8,0.030957463207030682,80,0.3637661292894146,0.3637661292894146,3,True,True,30,6,False,False,80,0,False,False
620,187594.0,0.03523535121478416,80,0.3711808689740013,0.3711808689740013,3,True,True,30,6,False,False,80,0,False,False
621,187594.2,0.03206049750134054,80,0.38353575811627666,0.38353575811627666,3,True,True,30,6,False,False,80,0,False,False
622,187594.4,0.032849343659291104,80,0.4445382599380391,0.4445382599380391,3,True,True,30,6,False,False,80,0,False,False
623,187594.6,0.03324046244334022,80,0.4781794538504593,0.4781794538504593,3,True,True,30,6,False,False,80,0,False,False
624,187594.8,0.031892372126394564,80,0.4767325251799152,0.4767325251799152,3,True,True,30,6,False,False,80,0,False,False
625,187595.0,0.036161568110617374,80,0.5044554793498938,0.5044554793498938,3,True,True,30,6,False,False,80,0,False,False
626,187595.2,0.033011432550940266,80,0.5008687166019162,0.5008687166019162,3,True,True,30,6,False,False,80,0,False,False
627,187595.4,0.0303378129634542,80,0.5525252977135052,0.5525252977135052,3,True,True,30,6,False,False,80,0,False,False
628,187595.6,0.030878220789851946,80,0.6072208046496801,0.6072208046496801,3,True,True,30,6,False,False,80,0,False,False
629,187595.8,0.030622808107407095,80,0.6978530287024608,0.6978530287024608,3,True,True,30,6,False,False,80,0,False,False
630,187596.0,0.030496844881413535,80,0.7675226978763422,0.7675226978763422,3,True,True,30,6,False,False,80,0,False,False
631,187596.2,0.029938161749742575,80,0.7970240369705919,0.7970240369705919,3,True,True,30,6,False,False,80,0,False,False
632,187596.4,0.029703335898774684,80,0.7691802607523957,0.7691802607523957,3,True,True,30,6,False,False,80,0,False,False
633,187596.6,0.029076079562347392,80,0.835076618960486,0.835076618960486,3,True,True,30,6,False,False,80,0,False,False
634,187596.8,0.028649538567767422,80,0.8665378162438698,0.8665378162438698,2,True,True,30,6,False,False,80,0,False,False
635,187597.0,0.029418984632213215,80,0.9714784783390122,0.9714784783390122,2,True,True,30,6,False,False,80,0,False,False
636,187597.2,0.030729017374038423,80,0.9892294070484569,0.9892294070484569,2,True,True,30,6,False,False,80,0,False,False
637,187597.4,0.033378151569823884,80,0.9306211238249892,0.9306211238249892,2,True,True,30,6,False,False,80,0,False,False
638,187597.6,0.03341177288795129,80,0.9808012379212425,0.9808012379212425,2,True,True,30,6,False,False,80,0,False,False
639,187597.8,0.030563646322290045,80,0.9332165481531849,0.9332165481531849,2,True,True,30,6,False,False,80,0,False,False
640,187598.0,0.02991893562471529,80,0.9068084012109877,0.9068084012109877,2,True,True,30,6,False,False,80,0,False,False
641,187598.2,0.030297572001280783,80,1.0176538006946105,1.0176538006946105,2,True,True,30,6,False,False,80,0,False,False
642,187598.4,0.028589987525220167,80,0.9301061122002453,0.9301061122002453,2,True,True,30,6,False,False,80,0,False,False
643,187598.6,0.03015067151823496,80,0.9774015957639692,0.9774015957639692,2,True,True,30,6,False,False,80,0,False,False
644,187598.8,0.03048213825085035,80,1.0074382506841664,1.0074382506841664,2,True,True,30,6,False,False,80,0,False,False
645,187599.0,0.028238099940959202,80,1.0044496029178207,1.0044496029178207,2,True,True,30,6,False,False,80,0,False,False
646,187599.2,0.02835350911012335,80,0.9662100106200594,0.9662100106200594,2,True,True,30,6,False,False,80,0,False,False
647,187599.4,0.03197632554961381,80,0.9543588012308952,0.9543588012308952,2,True,True,30,6,False,False,80,0,False,False
648,187599.6,0.030593043036707672,80,0.9918607554975813,0.9918607554975813,2,True,True,30,6,False,False,80,0,False,False
649,187599.8,0.03230532154687254,80,0.9726113019260315,0.9726113019260315,2,True,True,30,6,False,False,80,0,False,False
650,187600.0,0.0332848921977009,80,0.9309409040917805,0.9309409040917805,2,True,True,30,6,False,False,80,0,False,False
651,187600.2,0.034215935101243385,80,0.9479232741025276,0.9479232741025276,2,True,True,30,6,False,False,80,0,False,False
652,187600.4,0.03429460163123379,80,0.9932808527096217,0.9932808527096217,2,True,True,30,6,False,False,80,0,False,False
653,187600.6,0.035011989977066046,80,1.0654677339387695,1.0654677339387695,2,True,True,30,6,False,False,80,0,False,False
654,187600.8,0.03690187594241622,80,1.0264266423234856,1.0264266423234856,2,True,True,30,6,False,False,80,0,False,False
655,187601.0,0.03926935420586404,80,1.1051671409658455,1.0878763715198663,2,True,True,30,6,False,False,80,0,False,False
656,187601.2,0.03636308917748291,80,1.1027823855476766,1.0844430538976098,2,True,True,30,6,False,False,80,0,False,False
657,187601.4,0.03602407991286003,80,1.1146293967982015,1.1146293967982015,2,True,True,30,6,False,False,80,0,False,False
658,187601.6,0.03736654320507717,80,1.1369167349624556,1.1345935031704928,2,True,True,30,6,False,False,80,0,False,False
659,187601.8,0.03678231342129552,80,1.0891051234663405,1.0891051234663405,2,True,True,30,6,False,False,80,0,False,False
660,187602.0,0.03644613454534969,80,1.0620935787855108,1.0620935787855108,2,True,True,30,6,False,False,80,0,False,False
661,187602.2,0.036982727117918335,80,1.0547119258881918,1.0547119258881918,3,True,True,30,6,False,False,80,0,False,False
662,187602.4,0.03765352851119055,80,0.9949542500076348,0.9949542500076348,2,True,True,30,6,False,False,80,0,False,False
663,187602.6,0.037636826491835536,80,0.9666965338528315,0.9666965338528315,2,True,True,30,6,False,False,80,0,False,False
664,187602.8,0.037135614851108625,80,0.8510864305126526,0.8510864305126526,2,True,True,30,6,False,False,80,0,False,False
665,187603.0,0.03818120091039173,80,0.758043438412726,0.758043438412726,2,True,True,30,6,False,False,80,0,False,False
666,187603.2,0.036802074868969886,80,0.8255235181906848,0.8255235181906848,2,True,True,30,6,False,False,80,0,False,False
667,187603.4,0.03935622950403393,80,0.8576536372544773,0.8576536372544773,2,True,True,30,6,False,False,80,0,False,False
668,187603.6,0.0396392094966344,80,0.8423912150539998,0.8423912150539998,2,True,True,30,6,False,False,80,0,False,False
669,187603.8,0.04144903930180861,80,0.9517202299869963,0.9123916002479229,2,True,True,30,6,False,False,80,0,False,False
670,187604.0,0.043398938787145395,80,0.9602384046145586,0.8913336414395361,2,True,True,30,6,False,False,80,0,False,False
671,187604.2,0.04271379484518528,80,0.9263366893470667,0.8651396460685673,2,True,True,30,6,False,False,80,0,False,False
672,187604.4,0.04394943743334731,80,0.9198490942609675,0.8870262234255636,2,True,True,30,6,False,False,80,0,False,False
673,187604.6,0.046262604094721896,80,0.9353566057510951,0.9353566057510951,2,True,True,30,6,False,False,80,0,False,False
674,187604.8,0.047813749174495844,80,0.8895545948109954,0.8895545948109954,2,True,True,30,6,False,False,80,0,False,False
675,187605.0,0.050338543984430356,80,0.8891217502496038,0.8891217502496038,2,True,True,30,6,False,False,80,0,False,False
676,187605.2,0.04675248258965714,80,0.8666986564093455,0.8666986564093455,3,True,True,30,6,False,False,80,0,False,False
677,187605.4,0.0466285940132114,80,0.8122487509125987,0.8122487509125987,3,True,True,30,6,False,False,80,0,False,False
678,187605.6,0.04396745551088053,80,0.7019958680862168,0.7019958680862168,3,True,True,30,6,False,False,80,0,False,False
679,187605.8,0.043350911444823496,80,0.6768103597383878,0.6768103597383878,3,True,True,30,6,False,False,80,0,False,False
680,187606.0,0.043063470397853305,80,0.712784421569867,0.712784421569867,3,True,True,30,6,False,False,80,0,False,False
681,187606.2,0.0386623881444455,80,0.6835028698406995,0.6835028698406995,3,True,True,30,6,False,False,80,0,False,False
682,187606.4,0.03451800830421044,80,0.5796653452407473,0.5796653452407473,3,True,True,30,6,False,False,80,0,False,False
683,187606.6,0.03192944898923018,80,0.5862383712353078,0.5862383712353078,3,True,True,30,6,False,False,80,0,False,False
684,187606.8,0.02923055594284399,80,0.5553720280171336,0.5553720280171336,3,True,True,30,6,False,False,80,0,False,False
685,187607.0,0.027912035895558483,80,0.4927498576244742,0.4927498576244742,3,True,True,30,6,False,False,80,0,False,False
686,187607.2,0.026500775400907294,80,0.5033734206721449,0.5033734206721449,3,True,True,30,6,False,False,80,0,False,False
687,187607.4,0.023377540414765214,80,0.5367563188364067,0.5367563188364067,3,True,True,30,6,False,False,80,0,False,False
688,187607.6,0.02309088818321533,80,0.50935201249732,0.50935201249732,3,True,True,30,6,False,False,80,0,False,False
689,187607.8,0.02470014526022532,80,0.5137523406025505,0.5137523406025505,3,True,True,30,6,False,False,80,0,False,False
690,187608.0,0.025408626777827688,80,0.5004815778775251,0.5004815778775251,3,True,True,30,6,False,False,80,0,False,False
691,187608.2,0.023977010976670505,80,0.5299015948374777,0.5299015948374777,3,True,True,30,6,False,False,80,0,False,False
692,187608.4,0.024549353451919307,80,0.5914332243486553,0.5914332243486553,3,True,True,30,6,False,False,80,0,False,False
693,187608.6,0.0219226869139182,80,0.5756721021694166,0.5756721021694166,3,True,True,30,6,False,False,80,0,False,False
694,187608.8,0.02163966997254142,80,0.5275761957298063,0.5275761957298063,3,True,True,30,6,False,False,80,0,False,False
695,187609.0,0.023622186010227607,80,0.5260755068021067,0.5260755068021067,3,True,True,30,6,False,False,80,0,False,False
696,187609.2,0.01943637327495939,80,0.5087117042613539,0.5087117042613539,3,True,True,30,6,False,False,80,0,False,False
697,187609.4,0.02042574176437369,80,0.4993790346152989,0.4993790346152989,3,True,True,30,6,False,False,80,0,False,False
698,187609.6,0.02089546313833924,80,0.5009595486052574,0.5009595486052574,3,True,True,30,6,False,False,80,0,False,False
699,187609.8,0.021394448404473815,80,0.5473696170951198,0.5473696170951198,3,True,True,30,6,False,False,80,0,False,False
700,187610.0,0.021509606126016288,80,0.5402398008711976,0.5402398008711976,3,True,True,30,6,False,False,80,0,False,False
701,187610.2,0.0218577897193867,80,0.5422857403751526,0.5422857403751526,3,True,True,30,6,False,False,80,0,False,False
702,187610.4,0.02061959155557397,80,0.5509036871192232,0.5509036871192232,3,True,True,30,6,False,False,80,0,False,False
703,187610.6,0.02127851649959813,80,0.4874704361491622,0.4874704361491622,3,True,True,30,6,False,False,80,0,False,False
704,187610.8,0.019362411757818648,80,0.4641395599303056,0.4641395599303056,3,True,True,30,6,False,False,80,0,False,False
705,187611.0,0.023381908568830566,80,0.4351879927129873,0.4351879927129873,3,True,True,30,6,False,False,80,0,False,False
706,187611.2,0.022180209925811573,80,0.4976833989606055,0.4976833989606055,3,True,True,30,6,False,False,80,0,False,False
707,187611.4,0.02170229743211328,80,0.5151958841380505,0.5151958841380505,3,True,True,30,6,False,False,80,0,False,False
708,187611.6,0.022598515309684854,80,0.5070727831061926,0.5070727831061926,3,True,True,30,6,False,False,80,0,False,False
709,187611.8,0.022647997150235258,80,0.5350416317117899,0.5350416317117899,3,True,True,30,6,False,False,80,0,False,False
710,187612.0,0.026328803943265856,80,0.5999930783738477,0.5999930783738477,3,True,True,30,6,False,False,80,0,False,False
711,187612.2,0.0237906068469683,80,0.5766780915699972,0.5766780915699972,3,True,True,30,6,False,False,80,0,False,False
712,187612.4,0.022795421099364877,80,0.5594449527546905,0.5594449527546905,3,True,True,30,6,False,False,80,0,False,False
713,187612.6,0.021898820524411524,80,0.5272752967075718,0.5272752967075718,3,True,True,30,6,False,False,80,0,False,False
714,187612.8,0.02534137229617456,80,0.5278621668210545,0.5278621668210545,3,True,True,30,6,False,False,80,0,False,False
715,187613.0,0.025690335452528263,80,0.47521561542922014,0.47521561542922014,3,True,True,30,6,False,False,80,0,False,False
716,187613.2,0.02499233651383574,80,0.5073666104438456,0.5073666104438456,3,True,True,30,6,False,False,80,0,False,False
717,187613.4,0.023860402369222638,80,0.525185244751927,0.525185244751927,3,True,True,30,6,False,False,80,0,False,False
718,187613.6,0.024786070995070686,80,0.5864225312611031,0.5864225312611031,3,True,True,30,6,False,False,80,0,False,False
719,187613.8,0.02682272123392209,80,0.6034462232960012,0.6034462232960012,3,True,True,30,6,False,False,80,0,False,False
720,187614.0,0.027227694125198026,80,0.6022854845928188,0.6022854845928188,3,True,True,30,6,False,False,80,0,False,False
721,187614.2,0.028209753781758072,80,0.5917692792763453,0.5917692792763453,3,True,True,30,6,False,False,80,0,False,False
722,187614.4,0.03052993647740131,80,0.5487214004129773,0.5487214004129773,3,True,True,30,6,False,False,80,0,False,False
723,187614.6,0.029690031358299347,80,0.5597492480875129,0.5597492480875129,3,True,True,30,6,False,False,80,0,False,False
724,187614.8,0.030126669027890098,80,0.5867645843827937,0.5867645843827937,3,True,True,30,6,False,False,80,0,False,False
725,187615.0,0.031035989313855736,80,0.5850667206718684,0.5850667206718684,3,True,True,30,6,False,False,80,0,False,False
726,187615.2,0.03187164003569091,80,0.5893864577655583,0.5893864577655583,3,True,True,30,6,False,False,80,0,False,False
727,187615.4,0.03364852289603787,80,0.5726131916157771,0.5726131916157771,3,True,True,30,6,False,False,80,0,False,False
728,187615.6,0.035194194925529144,80,0.5575134428708711,0.5575134428708711,3,True,True,30,6,False,False,80,0,False,False
729,187615.8,0.03610504940787427,80,0.5569633114882716,0.5569633114882716,3,True,True,30,6,False,False,80,0,False,False
730,187616.0,0.037812438680541675,80,0.5344897937272589,0.5344897937272589,3,True,True,30,6,False,False,80,0,False,False
731,187616.2,0.03694832049608401,80,0.5280036248407836,0.5280036248407836,3,True,True,30,6,False,False,80,0,False,False
732,187616.4,0.0359086525034776,80,0.517295056651081,0.517295056651081,3,True,True,30,6,False,False,80,0,False,False
733,187616.6,0.035863663369913285,80,0.528217532330659,0.528217532330659,3,True,True,30,6,False,False,80,0,False,False
734,187616.8,0.03893795785454205,80,0.578658027757908,0.578658027757908,3,True,True,30,6,False,False,80,0,False,False
735,187617.0,0.040846541057133055,80,0.5328896899806248,0.5328896899806248,3,True,True,30,6,False,False,80,0,False,False
736,187617.2,0.040090607791119164,80,0.5586309645659374,0.5586309645659374,3,True,True,30,6,False,False,80,0,False,False
737,187617.4,0.040199964741887355,80,0.4493933706859356,0.4493933706859356,3,True,True,30,6,False,False,80,0,False,False
738,187617.6,0.038702652726570835,80,0.4883467197354801,0.4883467197354801,3,True,True,30,6,False,False,80,0,False,False
739,187617.8,0.0441387864726471,80,0.6048568973310527,0.6048568973310527,3,True,True,30,6,False,False,80,0,False,False
740,187618.0,0.05082441415230182,80,0.6036933384871664,0.6036933384871664,3,True,True,30,6,False,False,80,0,False,False
741,187618.2,0.046791055825449325,80,0.4834857774432965,0.4834857774432965,3,True,True,30,6,False,False,80,0,False,False
742,187618.4,0.04499347762163208,80,0.4372177733677119,0.4372177733677119,3,True,True,30,6,False,False,80,0,False,False
743,187618.6,0.04977875823555755,80,0.46613861299039944,0.46613861299039944,3,True,True,30,6,False,False,80,0,False,False
744,187618.8,0.04655444896218636,80,0.49494814833801676,0.49494814833801676,3,True,True,30,6,False,False,80,0,False,False
745,187619.0,0.049237345107867495,80,0.5237127147458432,0.5237127147458432,3,True,True,30,6,False,False,80,0,False,False
746,187619.2,0.04326168251148297,80,0.5176799666379459,0.5176799666379459,3,True,True,30,6,False,False,80,0,False,False
747,187619.4,0.042562573280605996,80,0.46122013836891795,0.46122013836891795,3,True,True,30,6,False,False,80,0,False,False
748,187619.6,0.042902192458815096,80,0.4635202402281353,0.4635202402281353,3,True,True,30,6,False,False,80,0,False,False
749,187619.8,0.043715178303184,80,0.4411709504760021,0.4411709504760021,3,True,True,30,6,False,False,80,0,False,False
750,187620.0,0.0458986177988958,80,0.4918201504598254,0.4918201504598254,3,True,True,30,6,False,False,80,0,False,False
751,187620.2,0.04036027986618071,80,0.45560728844698445,0.45560728844698445,3,True,True,30,6,False,False,80,0,False,False
752,187620.4,0.03938440290287037,80,0.45140840896178913,0.45140840896178913,3,True,True,30,6,False,False,80,0,False,False
753,187620.6,0.04213095675842569,80,0.48954190238012163,0.48954190238012163,3,True,True,30,6,False,False,80,0,False,False
754,187620.8,0.04078962135228266,80,0.5285984923308444,0.5285984923308444,3,True,True,30,6,False,False,80,0,False,False
755,187621.0,0.03938143139680295,80,0.5298357384347543,0.5298357384347543,3,True,True,30,6,False,False,80,0,False,False
756,187621.2,0.04044488522965977,80,0.5345335876293125,0.5345335876293125,3,True,True,30,6,False,False,80,0,False,False
757,187621.4,0.04342804546191065,80,0.5282811107685526,0.5282811107685526,3,True,True,30,6,False,False,80,0,False,False
758,187621.6,0.040241067180342635,80,0.5631477700252151,0.5631477700252151,3,True,True,30,6,False,False,80,0,False,False
759,187621.8,0.047533671390232374,80,0.5557394461450511,0.5557394461450511,3,True,True,30,6,False,False,80,0,False,False
760,187622.0,0.050409299765774705,80,0.5365983776219797,0.5365983776219797,3,True,True,30,6,False,False,80,0,False,False
761,187622.2,0.05023599857813024,80,0.6256164673576078,0.6256164673576078,3,True,True,30,6,False,False,80,0,False,False
762,187622.4,0.04395740236763187,80,0.5729834384054536,0.5729834384054536,3,True,True,30,6,False,False,80,0,False,False
763,187622.6,0.047811757114504534,80,0.6797076831283067,0.6797076831283067,3,True,True,30,6,False,False,80,0,False,False
764,187622.8,0.04468664932894678,80,0.6166392906886381,0.6166392906886381,3,True,True,30,6,False,False,80,0,False,False
765,187623.0,0.04676669895434375,80,0.6691013459251529,0.6691013459251529,3,True,True,30,6,False,False,80,0,False,False
766,187623.2,0.04704759349127434,80,0.6545641737352292,0.6545641737352292,3,True,True,30,6,False,False,80,0,False,False
767,187623.4,0.0458527991999715,80,0.6451130338405088,0.6451130338405088,3,True,True,30,6,False,False,80,0,False,False
768,187623.6,0.04935369284871577,80,0.6730288312624676,0.6730288312624676,3,True,True,30,6,False,False,80,0,False,False
769,187623.8,0.04614343078947266,80,0.7102051830896532,0.7102051830896532,3,True,True,30,6,False,False,80,0,False,False
770,187624.0,0.05346161581748155,80,0.7675666330728455,0.7675666330728455,3,True,True,30,6,False,False,80,0,False,False
771,187624.2,0.04585529749047953,80,0.7849096239630651,0.7849096239630651,3,True,True,30,6,False,False,80,0,False,False
772,187624.4,0.05780759929216003,80,0.7810083952575068,0.7810083952575068,3,True,True,30,6,False,False,80,0,False,False
773,187624.6,0.05400477180547096,80,0.799299606887154,0.799299606887154,3,True,True,30,6,False,False,80,0,False,False
774,187624.8,0.05285912194143864,80,0.7735883054448908,0.7735883054448908,3,True,True,30,6,False,False,80,0,False,False
775,187625.0,0.05151832257675938,80,0.7950867608491266,0.7950867608491266,3,True,True,30,6,False,False,80,0,False,False
776,187625.2,0.051469018320089696,80,0.8447438529500357,0.8447438529500357,3,True,True,30,6,False,False,80,0,False,False
777,187625.4,0.052973113424023464,80,0.8309003254636146,0.8309003254636146,3,True,True,30,6,False,False,80,0,False,False
778,187625.6,0.04961421403869763,80,0.8575942634837955,0.8575942634837955,3,True,True,30,6,False,False,80,0,False,False
779,187625.8,0.04997699059044894,80,0.8000744776887617,0.8000744776887617,3,True,True,30,6,False,False,80,0,False,False
780,187626.0,0.05408081311175096,80,0.74889102323288,0.74889102323288,3,True,True,30,6,False,False,80,0,False,False
781,187626.2,0.049734016972463546,80,0.7180193014470453,0.7180193014470453,3,True,True,30,6,False,False,80,0,False,False
782,187626.4,0.053799965196124296,79,0.7510600591523541,0.7510600591523541,3,True,True,30,6,False,False,79,0,False,False
783,187626.6,0.05474853421570351,79,0.7023712533004454,0.7023712533004454,3,True,True,30,6,False,False,79,0,False,False
784,187626.8,0.057938374953019026,78,0.7501469496869699,0.7501469496869699,3,True,True,30,6,False,False,78,0,False,False
785,187627.0,0.05835567779205546,77,0.6917190155484975,0.6917190155484975,3,True,True,30,6,False,False,77,0,False,False
786,187627.2,0.04804185882330709,76,0.7234845964322473,0.7234845964322473,3,True,True,30,6,False,False,76,0,False,False
787,187627.4,0.046924735826222606,75,0.7064786419098149,0.7064786419098149,3,True,True,30,6,False,False,75,0,False,False
788,187627.6,0.034205711053437206,74,0.645712652497335,0.645712652497335,3,True,True,30,6,False,False,74,0,False,False
789,187627.8,0.03671720559514857,73,0.6584543331678694,0.6584543331678694,3,True,True,30,6,False,False,73,0,False,False
790,187628.0,0.0290131259835935,72,0.590415832515086,0.590415832515086,3,True,True,30,6,False,False,72,0,False,False
791,187628.2,0.022374548811179416,71,0.6200715476161148,0.6200715476161148,3,True,True,30,6,False,False,71,0,False,False
792,187628.4,0.0182796037516276,71,0.6122937311374955,0.6122937311374955,3,True,True,30,6,False,False,71,0,False,False
793,187628.6,0.015076240794333845,70,0.5878399885250559,0.5878399885250559,3,True,True,30,6,False,False,70,0,False,False
794,187628.8,0.014535075592527768,70,0.618892139215873,0.618892139215873,3,True,True,30,6,False,False,70,0,False,False
795,187629.0,0.016642571687697612,70,0.5577435475351614,0.5577435475351614,3,True,True,30,6,False,False,70,0,False,False
796,187629.2,0.023199573278291183,70,0.5710169300133983,0.5710169300133983,3,True,True,30,6,False,False,70,0,False,False
797,187629.4,0.02541127614827571,70,0.5077915949812992,0.5077915949812992,3,True,True,30,6,False,False,70,0,False,False
798,187629.6,0.03297958592817549,70,0.5218448026103623,0.5218448026103623,3,True,True,30,6,False,False,70,0,False,False
799,187629.8,0.03641530035953728,70,0.4672775778218647,0.4672775778218647,3,True,True,30,6,False,False,70,0,False,False
800,187630.0,0.04042248916089553,70,0.42403349707599425,0.42403349707599425,3,True,True,30,6,False,False,70,0,False,False
801,187630.2,0.04280186431611107,70,0.4843566219003936,0.4843566219003936,3,True,True,30,6,False,False,70,0,False,False
802,187630.4,0.037831920742055415,70,0.41513396832013894,0.41513396832013894,3,True,True,30,6,False,False,70,0,False,False
803,187630.6,0.046598035563625365,70,0.4335661293276914,0.4335661293276914,3,True,True,30,6,False,False,70,0,False,False
804,187630.8,0.052449869467709485,70,0.7035119516221583,0.7035119516221583,3,True,True,30,6,False,False,70,0,False,False
805,187631.0,0.04618265852554341,69,0.5945777167751419,0.5945777167751419,3,True,True,30,6,False,False,69,0,False,False
806,187631.2,0.043218276854277385,68,0.6054134450876082,0.6054134450876082,3,True,True,30,6,False,False,68,0,False,False
807,187631.4,0.03430081231044284,67,0.5588053455060877,0.5588053455060877,3,True,True,30,6,False,False,67,0,False,False
808,187631.6,0.042397917128716496,66,0.5336775148247523,0.5336775148247523,3,True,True,30,6,False,False,66,0,False,False
809,187631.8,0.05605065003285392,66,1.4551795063132766,1.1517813476231569,3,True,True,30,6,False,False,65,0,False,False
810,187632.0,0.05452584464722004,65,1.6343713970681848,1.409180621797784,3,True,True,30,6,False,False,62,0,False,False
811,187632.2,0.0541803619406743,65,1.3867071359031937,1.2408505877887483,3,True,True,30,6,False,False,59,0,False,False
812,187632.4,0.05757959601727447,63,0.8039161428982636,0.8039161428982636,3,True,True,30,6,False,False,56,0,False,False
813,187632.6,0.06731812553259486,60,0.7189431573922294,0.7189431573922294,3,True,True,30,6,False,False,52,0,False,False
814,187632.8,0.15413615696824468,58,1.2174469485098955,1.1351887913343035,3,True,True,27,6,False,False,46,0,False,False
815,187633.0,0.24496872993749083,57,1.3285503174821867,1.1954519645874226,2,True,True,24,6,False,False,41,0,False,False
816,187633.2,0.3392237569578982,55,1.427339861517836,1.2429268613927105,2,False,True,21,6,False,False,35,0,False,False
817,187633.4,0.42821810619121475,51,2.0371559053790915,1.6546520082397982,2,False,True,18,6,False,False,30,0,False,False
818,187633.6,0.5168990645303378,46,0.5564296692609787,0.5564296692609787,2,False,True,15,6,False,False,25,0,False,False
819,187633.8,0.6287958954664414,39,inf,inf,2,False,False,12,6,False,False,19,0,False,False
820,187634.0,0.7465660107848633,33,inf,inf,2,True,False,9,6,False,False,15,0,False,False
821,187634.2,0.8694892312248741,26,inf,inf,2,False,False,6,6,False,False,11,0,False,False
822,187634.4,1.010234060260264,21,inf,inf,2,False,False,3,6,False,False,7,0,False,False
823,187634.6,1.1462781397887767,17,inf,inf,2,False,False,0,6,False,False,4,0,False,False
824,187634.8,1.2952073215531228,12,inf,inf,2,False,False,0,6,False,False,3,0,False,False
825,187635.0,1.442283125727755,7,inf,inf,2,False,False,0,6,False,False,2,0,False,False
826,187635.2,1.5585936219623515,4,4.102281294763088,2.6803810840706688,2,False,True,0,6,False,False,2,0,False,False
827,187635.4,1.5850425458174067,5,2.765917012243152,1.8280631056535517,2,False,True,0,6,False,False,1,0,False,False
828,187635.6,1.55473397433295,7,2.673004235317713,1.7984865976577513,2,False,True,0,6,False,False,0,0,False,False
829,187635.8,1.5177138326110742,11,2.2909428948360366,1.7069546927894228,2,False,True,0,6,False,False,0,0,False,False
830,187636.0,1.533665854076253,15,2.1071692412275524,1.5578457439563205,2,False,True,0,6,False,False,0,0,False,False
831,187636.2,1.6017051807999991,19,1.912702791786357,1.4570157551901968,2,False,True,0,6,False,False,0,0,False,False
832,187636.4,1.7186818166809197,23,1.8796063544792032,1.4265490911554464,2,False,True,0,6,False,False,0,0,False,False
833,187636.6,1.873723151716603,27,1.739537380147979,1.3736017030721452,2,False,True,0,6,False,False,0,0,False,False
834,187636.8,2.053713959238958,31,1.6393095280335774,1.3436923415894835,2,False,True,0,6,False,False,0,0,False,False
835,187637.0,2.2432971936657,35,1.4422543749113117,1.245829657158281,2,False,True,0,6,False,False,0,0,False,False
836,187637.2,2.4075558782883286,38,1.406802573478249,1.1864492043678574,2,False,True,0,6,False,False,0,0,False,False
837,187637.4,2.5472935994819874,39,1.1557013872521489,1.09065291715021,2,False,True,0,6,False,False,0,0,False,False
838,187637.6,2.6531052947813114,41,0.9723845677745532,0.9492905780702606,2,False,True,0,6,False,False,0,0,False,False
839,187637.8,2.7359476332808397,42,0.8640341119919194,0.8640341119919194,2,False,True,0,6,False,False,0,0,False,False
840,187638.0,2.8017773723028645,43,0.8754260639555621,0.8754260639555621,2,False,True,0,6,False,False,0,0,False,False
841,187638.2,2.8231123452193883,44,0.9133760818406185,0.9133760818406185,2,False,True,0,6,False,False,0,0,False,False
842,187638.4,2.7689756741922533,45,0.9911845800937351,0.9911845800937351,3,True,True,0,6,False,False,1,0,False,False
843,187638.6,2.6467706127609483,46,1.104924310892596,1.104924310892596,4,True,True,0,6,False,False,2,0,False,False
844,187638.8,2.48147193854402,47,0.8897077922925879,0.8897077922925879,4,True,True,0,6,False,False,3,0,False,False
845,187639.0,2.3121202107901535,47,0.7229719068947307,0.7229719068947307,4,True,True,0,6,False,False,4,0,False,False
846,187639.2,2.1768892376173006,48,0.6893720979085772,0.6893720979085772,4,True,True,0,6,False,False,6,0,False,False
847,187639.4,2.0595893389994604,49,0.7236095197684854,0.7236095197684854,4,True,True,0,6,False,False,8,0,False,False
848,187639.6,1.9435809860480993,49,0.8368963647100492,0.8368963647100492,5,True,True,0,6,False,False,10,0,False,False
849,187639.8,1.8221106678283043,49,1.0301277350165834,1.0301277350165834,5,True,True,0,6,False,False,12,0,False,False
850,187640.0,1.6888682132739599,49,0.9445498776897758,0.9445498776897758,4,True,True,0,6,False,False,14,0,False,False
851,187640.2,1.561654082748629,49,0.8408969685174327,0.8408969685174327,4,True,True,0,6,False,False,16,0,False,False
852,187640.4,1.4454188041922407,48,0.8978730612229628,0.8978730612229628,4,True,True,0,6,False,False,17,0,False,False
853,187640.6,1.3699008616967085,46,0.556820386823475,0.556820386823475,4,True,True,0,6,False,False,18,0,False,False
854,187640.8,1.3310785517185493,45,0.4557038765964758,0.4557038765964758,4,True,True,0,6,False,False,19,0,False,False
855,187641.0,1.2919821872404287,46,0.34727421603829844,0.34727421603829844,4,True,True,0,6,False,False,20,0,False,False
856,187641.2,1.2513564504620227,47,0.5826814646409677,0.5826814646409677,4,True,True,0,6,False,False,20,0,False,False
857,187641.4,1.1867174934588776,47,0.6518250824499358,0.6518250824499358,4,True,True,0,6,False,False,20,0,False,False
858,187641.6,1.0983626754459697,47,0.7068560335342692,0.7068560335342692,4,True,True,0,6,False,False,20,0,False,False
859,187641.8,1.007913051609957,47,0.6302956046247106,0.6302956046247106,4,True,True,0,6,False,False,20,0,False,False
860,187642.0,0.9299472273153333,46,0.6809405141378512,0.6809405141378512,4,True,True,0,6,False,False,20,0,False,False
861,187642.2,0.8880953540654106,46,0.6661872821788967,0.6661872821788967,3,True,True,0,6,False,False,20,0,False,False
862,187642.4,0.8741328474275596,47,0.7242781837482667,0.7242781837482667,3,True,True,0,6,False,False,20,0,False,False
863,187642.6,0.8912373442117764,50,0.9050585531592036,0.9050585531592036,3,True,True,0,6,False,False,20,0,False,False
864,187642.8,0.9689141611948421,52,0.9154667363603601,0.9154667363603601,3,True,True,0,6,False,False,20,0,False,False
865,187643.0,1.0958183768206375,53,1.119389466971737,1.085287800826858,3,True,True,0,6,False,False,20,0,False,False
866,187643.2,1.2314326170605465,53,1.026221613978573,1.026221613978573,3,False,True,0,6,False,False,20,0,False,False
867,187643.4,1.3723322583104736,54,0.967765032141408,0.967765032141408,3,False,True,0,6,False,False,20,0,False,False
868,187643.6,1.5219164719919562,55,0.8469765772301716,0.8469765772301716,3,False,True,0,6,False,False,20,0,False,False
869,187643.8,1.6664433181876566,56,0.8364581163723951,0.8364581163723951,4,True,True,0,6,False,False,22,0,False,False
870,187644.0,1.8078263992721724,57,0.7649186147257045,0.7649186147257045,4,True,True,0,6,False,False,24,0,False,False
871,187644.2,1.8850532001297073,59,2.2230228828273457,1.3221205115522592,3,False,True,0,6,False,False,26,0,False,False
872,187644.4,1.95765527484882,60,0.7676271399982827,0.7676271399982827,3,True,True,0,6,False,False,29,0,False,False
873,187644.6,1.99595157037537,58,0.9291587432072513,0.9291587432072513,3,True,True,0,6,False,False,31,0,False,False
874,187644.8,2.049397394028054,58,0.9047373803095923,0.9047373803095923,3,True,True,0,6,False,False,33,0,False,False
875,187645.0,2.056005444819061,58,0.9648664021966208,0.9562797611436986,3,False,True,0,6,False,False,35,0,False,False
876,187645.2,2.016867912629878,59,3.2903609043271125,1.60299259640726,2,True,True,0,6,False,False,37,0,False,False
877,187645.4,2.057309357341805,60,3.39238338802048,1.7166669166319033,2,False,True,0,6,False,False,38,0,False,False
878,187645.6,2.075981909741082,61,3.472197514079903,1.7496828633508705,2,False,True,0,6,False,False,39,0,False,False
879,187645.8,2.082101065613738,62,3.4212835002109108,1.7609026906944583,2,False,True,0,6,False,False,38,0,False,False
880,187646.0,2.0746258152819044,64,3.1404432177690205,1.7352027917101511,2,False,True,0,6,False,False,37,0,False,False
881,187646.2,2.0689396849692567,63,3.0307448528859333,1.7328584550331678,2,False,True,0,6,False,False,37,0,False,False
882,187646.4,2.0476851982799467,62,2.845312265240724,1.8356070439996355,2,False,True,0,6,False,False,36,0,False,False
883,187646.6,2.024272950167719,63,2.5665765462564845,1.7668485483106948,2,False,True,0,6,False,False,37,0,False,False
884,187646.8,1.9883009236877036,62,2.2156490091209062,1.679274185920396,2,False,True,0,6,False,False,38,0,False,False
885,187647.0,1.9511868506640777,62,2.103380874110645,1.6793414942200808,2,False,True,0,6,False,False,39,0,False,False
886,187647.2,1.9371650117163182,61,1.8553772094593395,1.5661283454484445,2,False,True,0,6,False,False,39,0,False,False
887,187647.4,1.9294383996085327,60,1.6857250507992978,1.4729777632589678,2,False,True,0,6,False,False,41,0,False,False
888,187647.6,1.9146267286264216,59,1.5430105288057343,1.3957508745866583,4,True,True,0,6,False,False,43,0,False,False
889,187647.8,1.8810609126720943,58,1.527021852451109,1.2991217754609898,5,True,True,0,6,False,False,45,0,False,False
890,187648.0,1.8372196803124021,57,1.6131050745119349,1.234660853008884,3,False,True,0,6,False,False,47,0,False,False
891,187648.2,1.8164439739086466,57,1.8026301141171,1.2191572779122786,4,True,True,0,6,False,False,48,0,False,False
892,187648.4,1.7940491990776728,58,2.001397825109708,1.1999199015683666,5,True,True,0,6,False,False,49,0,False,False
893,187648.6,1.7843491733256824,59,2.075935239939979,1.1520995852907092,5,True,True,0,6,False,False,49,0,False,False
894,187648.8,1.7725012079760223,60,1.9536431326879138,1.0951220921178035,2,True,True,0,6,False,False,49,0,False,False
895,187649.0,1.773554484372051,60,1.666960031915386,0.9947882229525677,2,True,True,0,6,False,False,49,0,False,False
896,187649.2,1.784334844764976,60,1.4621084035258867,0.907102325722569,2,True,True,0,6,False,False,50,0,False,False
897,187649.4,1.7969687968568646,60,1.2987181789569515,0.8693741282981324,2,True,True,0,6,False,False,50,0,False,False
898,187649.6,1.8277686971430558,60,1.1390140405348455,0.8179316423447803,2,True,True,0,6,False,False,50,0,False,False
899,187649.8,1.8556823531121978,60,1.0057553438351825,0.8086172181337162,2,True,True,0,6,False,False,50,0,False,False
900,187650.0,1.8927352879831518,60,0.8887286038463342,0.7952044905054889,2,True,True,0,6,False,False,50,0,False,False
901,187650.2,1.9340189764017635,60,0.8002284396943911,0.7705079198403499,2,True,True,0,6,False,False,50,0,False,False
902,187650.4,1.9898372986943083,60,0.7324346065514439,0.7324346065514439,2,False,True,0,6,False,False,50,0,False,False
903,187650.6,2.056153348858784,61,0.7404973290339207,0.7404973290339207,2,True,True,0,6,False,False,50,0,False,False
904,187650.8,2.100034179744793,62,0.7470410544254201,0.7470410544254201,2,True,True,0,6,False,False,51,0,False,False
905,187651.0,2.1264448230370503,62,0.660798414645304,0.660798414645304,2,True,True,0,6,False,False,51,0,False,False
906,187651.2,2.1309678548333624,62,0.7100286395702518,0.7100286395702518,4,True,True,0,6,False,False,51,0,False,False
907,187651.4,2.1437528179353054,63,1.1267392442237245,0.9521454458364577,5,True,True,0,6,False,False,51,0,False,False
908,187651.6,2.107707534756546,63,0.6564796104785496,0.6564796104785496,5,True,True,0,6,False,False,51,0,False,False
909,187651.8,2.06961885299202,64,1.164607798348078,0.9953453374048957,5,True,True,0,6,False,False,51,0,False,False
910,187652.0,2.024973887412192,64,1.4664533839952,1.0843098643087377,5,True,True,0,6,False,False,51,0,False,False
911,187652.2,1.9756562902266221,64,1.0541678343581873,0.9814088034548316,5,True,True,0,6,False,False,51,0,False,False
912,187652.4,1.9458537552323352,64,0.9478158408245424,0.9020962347481868,5,True,True,0,6,False,False,51,0,False,False
913,187652.6,1.905698520824642,63,0.8690557092714647,0.8361575128431441,4,True,True,0,6,False,False,51,0,False,False
914,187652.8,1.8555145128840516,62,0.7611064146949003,0.75284554503018,4,False,True,0,6,False,False,50,0,False,False
915,187653.0,1.838903086103533,62,0.7332380180378135,0.7296336302473958,3,True,True,0,6,False,False,50,0,False,False
916,187653.2,1.8451412939215228,62,0.7240795891355483,0.7240795891355483,3,True,True,0,6,False,False,50,0,False,False
917,187653.4,1.8497130277993783,61,0.7110948845684554,0.7110948845684554,3,True,True,0,6,False,False,50,0,False,False
918,187653.6,1.8755101065465591,61,0.7218540352364012,0.7218540352364012,3,True,True,0,6,False,False,50,0,False,False
919,187653.8,1.9046647663088754,60,0.7334846291038822,0.7334846291038822,3,True,True,0,6,False,False,50,0,False,False
920,187654.0,1.9193783601779322,60,0.6532645536427246,0.6532645536427246,3,False,True,0,6,False,False,50,0,False,False
921,187654.2,1.9420192223186141,60,0.6463609976597926,0.6463609976597926,3,False,True,0,6,False,False,50,0,False,False
922,187654.4,1.9481514939990754,61,0.5774354377250496,0.5774354377250496,4,True,True,0,6,False,False,50,0,False,False
923,187654.6,1.9316696945245053,62,0.6065311821196131,0.6065311821196131,4,True,True,0,6,False,False,50,0,False,False
924,187654.8,1.8906162959388353,63,0.6997858160673537,0.6997858160673537,4,True,True,0,6,False,False,50,0,False,False
925,187655.0,1.8396553708217744,63,0.5774775604224401,0.5774775604224401,4,True,True,0,6,False,False,50,0,False,False
926,187655.2,1.7706619968078445,64,0.8851898315629326,0.8193566748651135,3,False,True,0,6,False,False,50,0,False,False
927,187655.4,1.6777616665744908,65,0.8671350737098695,0.7773527214162742,3,False,True,0,6,False,False,50,0,False,False
928,187655.6,1.6015212442884643,65,0.8208186646991548,0.7677905580559916,3,True,True,0,6,False,False,49,0,False,False
929,187655.8,1.5304036645845762,65,0.8365596011365536,0.799066036789582,2,False,True,0,6,False,False,49,0,False,False
930,187656.0,1.4513517643288634,65,0.5984965655299614,0.5984965655299614,2,True,True,0,6,False,False,48,0,False,False
931,187656.2,1.3991301023113352,63,0.34411285198821456,0.34411285198821456,3,True,True,0,6,False,False,47,0,False,False
932,187656.4,1.322939749813699,60,0.3981983219820381,0.3981983219820381,3,False,True,0,6,False,False,46,0,False,False
933,187656.6,1.2317588241929673,57,0.4737599022238813,0.4737599022238813,4,True,True,0,6,False,False,45,0,False,False
934,187656.8,1.1445511470967595,54,0.5265988783952374,0.5265988783952374,4,True,True,0,6,False,False,44,0,False,False
935,187657.0,1.066899800020671,52,0.7278227365506347,0.7278227365506347,4,True,True,0,6,False,False,43,0,False,False
936,187657.2,1.0228318269549006,50,1.754088917994078,1.2991099228155991,3,True,True,0,6,False,False,42,0,False,False
937,187657.4,0.9707058378704935,49,1.2264407009110125,1.102922167481037,3,True,True,0,6,False,False,41,0,False,False
938,187657.6,0.9394990707970506,49,1.1433476023339237,1.0789431727028802,3,True,True,0,6,False,False,41,0,False,False
939,187657.8,0.910859662007278,48,1.1731385669789107,1.1390214881952119,3,True,True,0,6,False,False,39,0,False,False
940,187658.0,0.8879291792356782,48,1.5861098302971814,1.332109363334356,3,False,True,0,6,False,False,38,0,False,False
941,187658.2,0.8763633950212607,49,0.9380841755058722,0.9380841755058722,3,True,True,0,6,False,False,38,0,False,False
942,187658.4,0.8766807710714518,50,0.8288970867452525,0.8288970867452525,3,False,True,0,6,False,False,38,0,False,False
943,187658.6,0.8879544239482882,53,5.3983159757373285,2.1711144733434047,4,True,True,0,6,False,False,38,0,False,False
944,187658.8,0.89202929068303,56,5.426610738706289,2.3837123783013996,3,True,True,0,6,False,False,38,0,False,False
945,187659.0,0.9002947320819528,60,4.664789186713984,2.1481339484920787,2,True,True,0,6,False,False,38,0,False,False
946,187659.2,0.9117410688634783,63,4.178264495873451,2.0457150843283647,2,False,True,0,6,False,False,38,0,False,False
947,187659.4,0.949289700904352,64,1.6237922194335288,1.2376824028911932,2,False,True,0,6,False,False,39,0,False,False
948,187659.6,0.9984890388898826,65,1.3547190234530984,1.128478537038143,2,False,True,0,6,False,False,40,0,False,False
949,187659.8,1.0516925976538194,67,1.2510749544671638,1.1380919360896675,2,False,True,0,6,False,False,42,0,False,False
950,187660.0,1.1066165038418185,67,1.189201702657016,1.1810112160440072,2,False,True,0,6,False,False,44,0,False,False
951,187660.2,1.1999431999768264,69,1.0165420520059993,1.0165420520059993,2,False,True,0,6,False,False,45,0,False,False
952,187660.4,1.2849191275540486,70,1.1155327277427534,1.1155327277427534,2,False,True,0,6,False,False,45,0,False,False
953,187660.6,1.342216680880123,67,1.2105916504633323,1.2105916504633323,2,False,True,0,6,False,False,44,0,False,False
954,187660.8,1.3995706845577096,64,1.1929048623538239,1.1929048623538239,2,True,True,0,6,False,False,43,0,False,False
955,187661.0,1.4233122969272807,60,1.054576694965889,1.054576694965889,3,True,True,0,6,False,False,42,0,False,False
956,187661.2,1.4101750407551414,57,0.8653340290181206,0.8653340290181206,4,True,True,0,6,False,False,42,0,False,False
957,187661.4,1.371407127917966,55,0.767015943427285,0.767015943427285,5,True,True,0,6,False,False,41,0,False,False
958,187661.6,1.3704484205009386,54,0.8886656079158096,0.8886656079158096,5,True,True,0,6,False,False,39,0,False,False
959,187661.8,1.3365470039135514,52,0.6048913753517439,0.6048913753517439,4,True,True,0,6,False,False,37,0,False,False
960,187662.0,1.2708669356457598,51,0.7600869031447536,0.7600869031447536,4,True,True,0,6,False,False,35,0,False,False
961,187662.2,1.2371589773229164,48,0.7476661823659061,0.7476661823659061,4,True,True,0,6,False,False,32,0,False,False
962,187662.4,1.2043003468576556,46,1.8296591719929016,1.353358168008758,5,True,True,0,6,False,False,30,0,False,False
963,187662.6,1.147346763194733,47,1.4313996712935964,1.2341205669260042,5,True,True,0,6,False,False,30,0,False,False
964,187662.8,1.1232917285769755,48,1.3751291031992996,1.2254897056779186,2,False,True,0,6,False,False,31,0,False,False
965,187663.0,1.0656396722898824,50,1.0959881190705847,1.0488000469231036,2,True,True,0,6,False,False,32,0,False,False
966,187663.2,1.035171018752306,51,1.0375777155745365,1.0375777155745365,4,False,True,0,6,False,False,32,0,False,False
967,187663.4,1.0394078676997374,53,0.9300943172958428,0.9300943172958428,3,True,True,0,6,False,False,32,0,False,False
968,187663.6,1.0333033970911778,53,0.7744882850347398,0.7744882850347398,3,True,True,0,6,False,False,34,0,False,False
969,187663.8,1.0502729558872586,53,0.6758061313397372,0.6758061313397372,3,True,True,0,6,False,False,35,0,False,False
970,187664.0,1.0727351924003603,55,2.3126550452913968,1.540447574089611,3,True,True,0,6,False,False,37,0,False,False
971,187664.2,1.1137161064556231,57,0.6514907316614519,0.6514907316614519,3,True,True,0,6,False,False,40,0,False,False
972,187664.4,1.148056142099337,59,0.8081913218394393,0.8081913218394393,4,False,True,0,6,False,False,43,0,False,False
973,187664.6,1.194476937289977,60,0.7378795681026885,0.7378795681026885,4,True,True,0,6,False,False,45,0,False,False
974,187664.8,1.2165467757603545,61,0.818719929106893,0.818719929106893,3,True,True,0,6,False,False,46,0,False,False
975,187665.0,1.2472191800730008,60,0.8527673114431751,0.8527673114431751,3,True,True,0,6,False,False,47,0,False,False
976,187665.2,1.3139075988151128,61,0.9685012134356479,0.9685012134356479,4,True,True,0,6,False,False,48,0,False,False
977,187665.4,1.3755223321518606,60,0.7798226851802103,0.7798226851802103,4,True,True,0,6,False,False,49,0,False,False
978,187665.6,1.4515549488181378,60,0.7386812294728621,0.7386812294728621,4,False,True,0,6,False,False,49,0,False,False
979,187665.8,1.524942689656733,61,0.6699574334633743,0.6699574334633743,4,True,True,0,6,False,False,50,0,False,False
980,187666.0,1.5857917973181734,60,0.6401071578740832,0.6401071578740832,4,True,True,0,6,False,False,50,0,False,False
981,187666.2,1.6442379583874873,61,0.9284952444658835,0.9040366665825665,4,True,True,0,6,False,False,50,0,False,False
982,187666.4,1.6795345266658632,62,0.9245595667219038,0.9063147746588608,4,True,True,0,6,False,False,50,0,False,False
983,187666.6,1.702893441224405,62,0.6809755017642204,0.6809755017642204,4,True,True,0,6,False,False,50,0,False,False
984,187666.8,1.6990211281894803,63,0.8747422896788416,0.8747422896788416,3,True,True,0,6,False,False,50,0,False,False
985,187667.0,1.7066472944523363,66,8.929647327537008,2.6111156928432244,3,True,True,0,6,False,False,50,0,False,False
986,187667.2,1.72558584963282,66,9.213251464866532,2.7190357858017555,3,True,True,0,6,False,False,50,0,False,False
987,187667.4,9.446951224597818,67,8.88346220507491,2.6698673044364973,2,True,True,0,0,True,False,50,0,False,False
988,187667.6,4.5799211310767225,68,7.4647750001103175,2.7093781042635423,12,True,True,0,6,False,False,50,0,False,False
989,187667.8,3.572554739929879,69,7.409799872619094,2.619737068486993,4,False,True,0,6,False,False,50,0,False,False
990,187668.0,3.1230999854903563,69,1.0583151430677527,1.054686924236533,4,False,True,0,6,False,False,50,0,False,False
991,187668.2,2.841147599792773,69,0.8892717947237412,0.8892717947237412,4,False,True,0,6,False,False,51,0,False,False
992,187668.4,2.615509025915299,69,0.8053157501371265,0.8053157501371265,4,True,True,0,6,False,False,52,0,False,False
993,187668.6,2.4427092984029306,70,0.7089149953337882,0.7089149953337882,4,True,True,0,6,False,False,53,0,False,False
994,187668.8,2.324911803318256,70,0.6468157652376275,0.6468157652376275,5,True,True,0,6,False,False,54,0,False,False
995,187669.0,2.1884123385005516,69,0.5961037765545253,0.5961037765545253,5,True,True,0,6,False,False,55,0,False,False
996,187669.2,2.0696374716761357,69,0.5234471984318934,0.5234471984318934,5,True,True,0,6,False,False,56,0,False,False
997,187669.4,1.962517676091482,69,0.48782077196512114,0.48782077196512114,5,True,True,0,6,False,False,57,0,False,False
998,187669.6,1.8492837964116489,69,0.4274413488726788,0.4274413488726788,5,True,True,0,6,False,False,58,0,False,False
999,187669.8,1.7505820998375932,69,0.34295847187572204,0.34295847187572204,4,True,True,0,6,False,False,59,0,False,False
1000,187670.0,1.661945827952783,70,0.44356564488602507,0.44356564488602507,4,True,True,0,6,False,False,60,0,False,False
1001,187670.2,1.6310942050908968,70,0.3608893233323606,0.3608893233323606,4,True,True,0,6,False,False,60,0,False,False
1002,187670.4,1.5935271775619566,70,0.30902266897407565,0.30902266897407565,4,True,True,0,6,False,False,60,0,False,False
1003,187670.6,1.5496541975548674,69,0.27917196114803455,0.27917196114803455,4,True,True,0,6,False,False,59,0,False,False
1004,187670.8,1.5296576477085224,69,0.25701150849524557,0.25701150849524557,4,True,True,0,6,False,False,59,0,False,False
1005,187671.0,1.507430100302774,69,0.25637123523337013,0.25637123523337013,4,True,True,0,6,False,False,59,0,False,False
1006,187671.2,1.4967569236483411,69,0.2057206482330549,0.2057206482330549,4,True,True,0,6,False,False,58,0,False,False
1007,187671.4,1.4903605237939128,69,0.2116576938497419,0.2116576938497419,4,True,True,0,6,False,False,57,0,False,False
1008,187671.6,1.4887218925482566,69,0.23434710437504133,0.23434710437504133,4,True,True,0,6,False,False,56,0,False,False
1009,187671.8,1.4894722247356385,69,0.34335302349362745,0.34335302349362745,4,True,True,0,6,False,False,55,0,False,False
1010,187672.0,1.4201743168443606,69,0.44067181884455464,0.44067181884455464,4,True,True,0,6,False,False,54,0,False,False
1011,187672.2,1.4274873876319651,69,0.3405286977022838,0.3405286977022838,4,True,True,0,6,False,False,54,0,False,False
1012,187672.4,1.3859748745399076,69,0.31264882428242347,0.31264882428242347,4,True,True,0,6,False,False,53,0,False,False
1013,187672.6,1.3253971767568842,69,0.3441019363338085,0.3441019363338085,4,True,True,0,6,False,False,53,0,False,False
1014,187672.8,1.2673087778736902,68,0.29757395342239545,0.29757395342239545,4,True,True,0,6,False,False,52,0,False,False
1015,187673.0,1.2359571091489236,67,0.31708812660589236,0.31708812660589236,4,True,True,0,6,False,False,51,0,False,False
1016,187673.2,1.1998553338030502,66,0.3165226828881889,0.3165226828881889,4,True,True,0,6,False,False,51,0,False,False
1017,187673.4,1.1822821517066533,66,1.0688004216477471,0.8775541955489219,5,True,True,0,6,False,False,51,0,False,False
1018,187673.6,1.1806935939985104,66,1.1243814936233678,0.8892598977850458,5,True,True,0,6,False,False,51,0,False,False
1019,187673.8,1.1934651740025635,66,1.452145644191321,0.9921475334252242,2,True,True,0,6,False,False,51,0,False,False
1020,187674.0,1.2066447107447325,66,1.3959109235627096,0.974153373963476,2,True,True,0,6,False,False,51,0,False,False
1021,187674.2,1.218335011320748,66,1.2802769272501386,0.9300243311780386,2,True,True,0,6,False,False,50,0,False,False
1022,187674.4,1.2913084575418887,66,1.1777191797774809,0.8960576651127947,2,True,True,0,6,False,False,51,0,False,False
1023,187674.6,1.3714002185867944,67,1.0701478358419734,0.8846637427294359,2,True,True,0,6,False,False,53,0,False,False
1024,187674.8,1.407288171248332,67,1.0348670376961537,0.9131491889669353,2,True,True,0,6,False,False,54,0,False,False
1025,187675.0,1.4258745439189258,67,0.9725170223289452,0.9119088926432846,2,True,True,0,6,False,False,55,0,False,False
1026,187675.2,1.4517277038444933,67,0.8503893544661026,0.8503893544661026,3,True,True,0,6,False,False,56,0,False,False
1027,187675.4,1.498056935652171,66,0.7490276136085061,0.7490276136085061,3,False,True,0,6,False,False,57,0,False,False
1028,187675.6,1.528526188722993,65,0.6372082543935234,0.6372082543935234,3,False,True,0,6,False,False,58,0,False,False
1029,187675.8,1.55587658421606,64,0.6844300329344122,0.6844300329344122,10,True,True,0,6,False,False,59,0,False,False
1030,187676.0,1.5510862119852238,62,0.7323280420009807,0.7323280420009807,10,True,True,0,6,False,False,59,0,False,False
1031,187676.2,1.5497718529720619,60,0.7173390579346147,0.7173390579346147,10,True,True,0,6,False,False,59,0,False,False
1032,187676.4,1.536749423580208,57,0.6839801147827721,0.6839801147827721,10,True,True,0,6,False,False,57,0,False,False
1033,187676.6,1.517681129218797,56,1.108599348016146,1.0063507398238054,10,True,True,0,6,False,False,54,0,False,False
1034,187676.8,1.4831995664473543,56,1.4011967029209302,1.1346708768892557,11,True,True,0,6,False,False,52,0,False,False
1035,187677.0,1.451072379357087,56,1.3897082962084093,1.1438355474324098,11,True,True,0,6,False,False,50,0,False,False
1036,187677.2,1.4207295193450011,56,1.365071915663054,1.2221657379489546,12,True,True,0,6,False,False,48,0,False,False
1037,187677.4,1.4178203508314522,56,1.266499604967439,1.1823940411893061,2,True,True,0,6,False,False,46,0,False,False
1038,187677.6,1.4591920886199068,57,1.41476950641851,1.2272071387231125,3,True,True,0,6,False,False,44,0,False,False
1039,187677.8,1.4976663245449093,57,1.3783602634238488,1.2082170908374215,4,False,True,0,6,False,False,41,0,False,False
1040,187678.0,1.5490590910609128,58,1.284831369066448,1.1380877348005853,3,False,True,0,6,False,False,39,0,False,False
1041,187678.2,1.5974027598882121,59,1.0931622419725862,1.0137736887383606,3,True,True,0,6,False,False,37,0,False,False
1042,187678.4,1.655412748774139,61,1.0413032445332129,0.9955770097311786,3,True,True,0,6,False,False,36,0,False,False
1043,187678.6,1.7030398494340209,59,0.8594497517806198,0.8594497517806198,3,True,True,0,6,False,False,35,0,False,False
1044,187678.8,1.7083126617887383,58,0.7344539425505724,0.7344539425505724,3,True,True,0,6,False,False,34,0,False,False
1045,187679.0,1.7321063978847833,58,1.2451690812873557,1.0412649543011534,2,True,True,0,6,False,False,33,0,False,False
1046,187679.2,1.7424948547037553,57,0.6794297844284616,0.6794297844284616,2,False,True,0,6,False,False,32,0,False,False
1047,187679.4,1.7542737501198995,56,0.7432489618642815,0.7432489618642815,2,False,True,0,6,False,False,31,0,False,False
1048,187679.6,1.7420488311047901,54,0.7236721055261065,0.7236721055261065,3,True,True,0,6,False,False,30,0,False,False
1049,187679.8,1.7047187642054848,53,0.9057907551722423,0.902140973558636,5,True,True,0,6,False,False,30,0,False,False
1050,187680.0,1.6579526946155492,52,1.1278969486896508,0.9965403268479074,5,True,True,0,6,False,False,30,0,False,False
1051,187680.2,1.6157066751673994,51,1.1689390418488137,1.0311855318833403,5,True,True,0,6,False,False,30,0,False,False
1052,187680.4,1.5385717789532616,51,1.3840880484054883,1.183653352895453,3,True,True,0,6,False,False,31,0,False,False
1053,187680.6,1.5014469615309884,53,1.5220966869965742,1.2263544367415982,2,False,True,0,6,False,False,32,0,False,False
1054,187680.8,1.4667955438083944,54,1.7140505088416405,1.2343299945674278,2,True,True,0,6,False,False,33,0,False,False
1055,187681.0,1.4432037936969326,54,1.8532557705885966,1.2978878383669452,3,False,True,0,6,False,False,34,0,False,False
1056,187681.2,1.4680749724678914,55,1.9276113448774053,1.2112247580001934,4,True,True,0,6,False,False,35,0,False,False
1057,187681.4,1.5381539199393208,56,1.9794901220801182,1.2047784428248838,3,False,True,0,6,False,False,36,0,False,False
1058,187681.6,1.5741338878852864,57,2.0216695977592245,1.2026560208354822,3,True,True,0,6,False,False,37,0,False,False
1059,187681.8,1.6578862096221498,58,2.0096126843401856,1.1878384529541959,3,True,True,0,6,False,False,38,0,False,False
1060,187682.0,1.7085251549907448,59,1.9915534318273858,1.182630798868503,2,True,True,0,6,False,False,38,0,False,False
1061,187682.2,1.7763328975953963,60,1.977936601864303,1.177651729806725,2,False,True,0,6,False,False,38,0,False,False
1062,187682.4,1.8088486501221541,61,11.639672222858197,3.155837824139046,2,True,True,0,6,False,False,37,0,False,False
1063,187682.6,1.8325506866236614,62,10.771100482614214,3.0530336317328426,2,True,True,0,6,False,False,36,0,False,False
1064,187682.8,15.46400911225486,63,10.45226345418397,3.032370239882135,2,True,True,0,0,True,False,35,0,False,False
1065,187683.0,12.352252410080453,64,6.252510811812204,2.9594090874541523,12,True,True,0,6,False,False,34,0,False,False
1066,187683.2,11.47474106553386,65,6.087651230917707,2.8728566899706696,3,False,True,0,6,False,False,33,0,False,False
1067,187683.4,10.848515215657452,67,5.611310649043897,2.645184714880611,3,False,True,0,6,False,False,33,0,False,False
1068,187683.6,10.453873753215007,68,2.881202235142758,1.9729943512377386,3,False,True,0,6,False,False,33,0,False,False
1069,187683.8,10.163380807213537,69,2.824782255764881,1.96123818922627,2,False,True,0,6,False,False,33,0,False,False
1070,187684.0,9.839498794385905,70,2.7788478194695023,1.9160868434171257,2,True,True,0,6,False,False,34,0,False,False
1071,187684.2,9.530171524110123,71,2.773688447085658,1.9114763167888682,2,False,True,0,6,False,False,35,0,False,False
1072,187684.4,9.215026062100995,71,2.7277305907254203,1.88995484726821,2,False,True,0,6,False,False,36,0,False,False
1073,187684.6,8.832890665852121,71,2.632704540582588,1.849479904566612,2,False,True,0,6,False,False,36,0,False,False
1074,187684.8,8.466848693400477,71,2.432811906702943,1.77618885014496,2,False,True,0,6,False,False,37,0,False,False
1075,187685.0,8.070874200961732,71,2.356958756059147,1.7470522672737683,2,False,True,0,6,False,False,38,0,False,False
1076,187685.2,7.646268822020083,71,2.2315659423429604,1.6966167337204603,2,False,True,0,6,False,False,39,0,False,False
1077,187685.4,7.1190031398314,70,2.166612729717594,1.6898080933116002,3,False,True,0,6,False,False,39,0,False,False
1078,187685.6,6.59112739856274,70,1.9695801580898047,1.6060845553919725,3,False,True,0,6,False,False,39,0,False,False
1079,187685.8,6.089181233458128,70,1.8776117318582053,1.564152909968947,3,False,True,0,6,False,False,39,0,False,False
1080,187686.0,5.461231198512399,70,1.6766467579689341,1.4640918229012123,3,False,True,0,6,False,False,40,0,False,False
1081,187686.2,4.908086619351945,70,1.3888972109417999,1.2671727429972235,3,False,True,0,6,False,False,41,0,False,False
1082,187686.4,4.400228178354425,70,1.1700176092819217,1.104988166381425,3,False,True,0,6,False,False,42,0,False,False
1083,187686.6,3.9389784752818957,70,0.9414700209531537,0.9157794526636637,3,False,True,0,6,False,False,44,0,False,False
1084,187686.8,3.5253644066439147,70,0.7893940912493745,0.775735464299436,3,False,True,0,6,False,False,47,0,False,False
1085,187687.0,3.1345661279741432,70,0.628238176445618,0.628238176445618,5,True,True,0,6,False,False,50,0,False,False
1086,187687.2,2.841690525536761,70,0.5842353420858426,0.5842353420858426,4,True,True,0,6,False,False,53,0,False,False
1087,187687.4,2.5912416822235556,70,0.42896620515085565,0.42896620515085565,4,True,True,0,6,False,False,56,0,False,False
1088,187687.6,2.3985038462578494,70,0.429044822461792,0.429044822461792,4,True,True,0,6,False,False,59,0,False,False
1089,187687.8,2.2284970598074207,70,0.3640146476516197,0.3640146476516197,4,True,True,0,6,False,False,62,0,False,False
1090,187688.0,2.1022297222673307,70,0.3093113634108335,0.3093113634108335,4,True,True,0,6,False,False,64,0,False,False
1091,187688.2,2.007869125150875,70,0.32444266093131285,0.32444266093131285,4,True,True,0,6,False,False,66,0,False,False
1092,187688.4,1.9351837415753281,70,0.3910985046543941,0.3910985046543941,4,True,True,0,6,False,False,68,0,False,False
1093,187688.6,1.8752408343671663,70,0.3588543718224854,0.3588543718224854,4,True,True,0,6,False,False,70,0,False,False
1094,187688.8,1.8328720406671317,70,0.3081664641983498,0.3081664641983498,4,True,True,0,6,False,False,70,0,False,False
1095,187689.0,1.805553823732295,70,0.3397832659275047,0.3397832659275047,4,True,True,0,6,False,False,70,0,False,False
1096,187689.2,1.7949396744664312,70,0.3258323960769914,0.3258323960769914,4,True,True,0,6,False,False,70,0,False,False
1097,187689.4,1.7671295023914801,70,0.31428408267814445,0.31428408267814445,4,True,True,0,6,False,False,70,0,False,False
1098,187689.6,1.7465759138232169,70,0.3664313680375508,0.3664313680375508,4,True,True,0,6,False,False,70,0,False,False
1099,187689.8,1.7045011872278426,70,0.4325538621403248,0.4325538621403248,4,True,True,0,6,False,False,70,0,False,False
1100,187690.0,1.6571646125441135,71,0.4810483660937767,0.4810483660937767,4,True,True,0,6,False,False,71,0,False,False
1101,187690.2,1.6200431761425476,72,0.433634715714267,0.433634715714267,4,True,True,0,6,False,False,72,0,False,False
1102,187690.4,1.5705827387388287,73,0.5299328999779888,0.5299328999779888,4,True,True,0,6,False,False,73,0,False,False
1103,187690.6,1.5166802342632892,74,0.5305567582094582,0.5305567582094582,4,True,True,0,6,False,False,74,0,False,False
1104,187690.8,1.4438016576099377,75,0.6522066659556881,0.6522066659556881,4,True,True,0,6,False,False,75,0,False,False
1105,187691.0,1.3746976358183132,76,0.5956687503399578,0.5956687503399578,4,True,True,0,6,False,False,76,0,False,False
1106,187691.2,1.3091126953135945,77,0.47322008085409994,0.47322008085409994,4,True,True,0,6,False,False,77,0,False,False
1107,187691.4,1.2405954512913597,78,0.4245100746637238,0.4245100746637238,4,True,True,0,6,False,False,78,0,False,False
1108,187691.6,1.177607548990339,79,0.437530493841593,0.437530493841593,4,True,True,0,6,False,False,79,0,False,False
1109,187691.8,1.1176127951132235,80,0.44754720584949,0.44754720584949,4,True,True,0,6,False,False,80,0,False,False
1110,187692.0,1.0836138335411574,80,0.3295407335460653,0.3295407335460653,4,True,True,0,6,False,False,80,0,False,False
1111,187692.2,1.0490057351607378,80,0.4088800128798218,0.4088800128798218,4,True,True,0,6,False,False,80,0,False,False
1112,187692.4,1.0132710472500868,80,0.47364349273875217,0.47364349273875217,4,True,True,0,6,False,False,80,0,False,False
1113,187692.6,0.9954842697223558,80,0.49080126201859786,0.49080126201859786,4,True,True,0,6,False,False,80,0,False,False
1114,187692.8,0.9716904620371326,80,0.6736905209742964,0.6736905209742964,4,True,True,0,6,False,False,80,0,False,False
1115,187693.0,0.9481211748756714,80,0.5869182792768513,0.5869182792768513,4,True,True,0,6,False,False,80,0,False,False
1116,187693.2,0.9491321974132575,80,0.5453428810448202,0.5453428810448202,4,True,True,0,6,False,False,80,0,False,False
1117,187693.4,0.9535649237361841,80,0.5735532035568277,0.5735532035568277,4,True,True,0,6,False,False,80,0,False,False
1118,187693.6,0.9800526340076532,80,0.6095431739974059,0.6095431739974059,4,True,True,0,6,False,False,80,0,False,False
1119,187693.8,1.0145847827153627,80,0.49857524168533385,0.49857524168533385,4,True,True,0,6,False,False,80,0,False,False
1120,187694.0,1.0501928580016255,80,0.4613286042217811,0.4613286042217811,4,True,True,0,6,False,False,80,0,False,False
1121,187694.2,1.1094237237967404,80,0.3737341199333426,0.3737341199333426,4,True,True,0,6,False,False,80,0,False,False
1122,187694.4,1.1691876977209652,80,0.2714065356396752,0.2714065356396752,4,True,True,0,6,False,False,80,0,False,False
1123,187694.6,1.2157258026921387,80,0.28838120996656424,0.28838120996656424,4,True,True,0,6,False,False,80,0,False,False
1124,187694.8,1.26899854650754,80,0.19543562895948308,0.19543562895948308,4,True,True,0,6,False,False,80,0,False,False
1125,187695.0,1.330154895224712,80,0.18611154358818724,0.18611154358818724,4,True,True,0,6,False,False,80,0,False,False
1126,187695.2,1.3833693271533085,80,0.22593248204411095,0.22593248204411095,4,True,True,0,6,False,False,80,0,False,False
1127,187695.4,1.4269810746496019,80,0.22604641377980272,0.22604641377980272,4,True,True,0,6,False,False,80,0,False,False
1128,187695.6,1.4719940082654586,80,0.21410946586458482,0.21410946586458482,4,True,True,0,6,False,False,80,0,False,False
1129,187695.8,1.492408828883966,80,0.2746592089344786,0.2746592089344786,4,True,True,0,6,False,False,80,0,False,False
1130,187696.0,1.5002334717435335,80,0.31521033010688587,0.31521033010688587,4,True,True,0,6,False,False,80,0,False,False
1131,187696.2,1.5082359801831136,80,0.4123287581284751,0.4123287581284751,4,True,True,0,6,False,False,80,0,False,False
1132,187696.4,1.5107440501296185,80,0.45022316721405414,0.45022316721405414,4,True,True,0,6,False,False,80,0,False,False
1133,187696.6,1.5014286641924304,80,0.3977289753369465,0.3977289753369465,4,True,True,0,6,False,False,80,0,False,False
1134,187696.8,1.4894953360770697,80,0.3422687600565476,0.3422687600565476,4,True,True,0,6,False,False,80,0,False,False
1135,187697.0,1.4792428503869446,80,0.3685231078858902,0.3685231078858902,4,True,True,0,6,False,False,80,0,False,False
1136,187697.2,1.4503622288396694,80,0.5540969679449022,0.5540969679449022,4,True,True,0,6,False,False,80,0,False,False
1137,187697.4,1.4273598292938772,80,0.579606745338532,0.579606745338532,4,True,True,0,6,False,False,80,0,False,False
1138,187697.6,1.3953160353189378,80,0.512631103618383,0.512631103618383,4,True,True,0,6,False,False,80,0,False,False
1139,187697.8,1.3619215379416771,80,0.5623319369820916,0.5623319369820916,4,True,True,0,6,False,False,80,0,False,False
1140,187698.0,1.3135633816613488,80,0.5109519869518717,0.5109519869518717,4,True,True,0,6,False,False,80,0,False,False
1141,187698.2,1.302492527992181,80,0.5011862381456792,0.5011862381456792,4,True,True,0,6,False,False,80,0,False,False
1142,187698.4,1.2935948814244853,80,0.5564761328569537,0.5564761328569537,4,True,True,0,6,False,False,80,0,False,False
1143,187698.6,1.252593848797216,79,0.5794132042376441,0.5794132042376441,4,True,True,0,6,False,False,79,0,False,False
1144,187698.8,1.2219677359558123,78,0.5489420716837756,0.5489420716837756,4,True,True,0,6,False,False,78,0,False,False
1145,187699.0,1.2080885727748112,77,0.6117352841119931,0.6117352841119931,4,True,True,0,6,False,False,77,0,False,False
1146,187699.2,1.1996525952819221,76,0.5719964076537044,0.5719964076537044,4,True,True,0,6,False,False,76,0,False,False
1147,187699.4,1.1845819200749934,75,0.535271430205866,0.535271430205866,4,True,True,0,6,False,False,75,0,False,False
1148,187699.6,1.1807006685855732,74,0.5228784467189336,0.5228784467189336,4,True,True,0,6,False,False,74,0,False,False
1149,187699.8,1.1784679482084444,73,0.5398715691563778,0.5398715691563778,4,True,True,0,6,False,False,73,0,False,False
1150,187700.0,1.1786070580072585,72,0.5135047878778705,0.5135047878778705,4,True,True,0,6,False,False,72,0,False,False
1151,187700.2,1.196830321431353,71,0.45875903378013544,0.45875903378013544,4,True,True,0,6,False,False,71,0,False,False
1152,187700.4,1.202748177284363,70,0.4300757751465641,0.4300757751465641,4,True,True,0,6,False,False,70,0,False,False
1153,187700.6,1.2321575785380814,70,0.44968517564939325,0.44968517564939325,4,True,True,0,6,False,False,70,0,False,False
1154,187700.8,1.258631706451207,70,0.5042262648004435,0.5042262648004435,4,True,True,0,6,False,False,70,0,False,False
1155,187701.0,1.332702104709838,70,0.523374436858767,0.523374436858767,4,True,True,0,6,False,False,70,0,False,False
1156,187701.2,1.392205665250108,70,0.5408004331636908,0.5408004331636908,4,True,True,0,6,False,False,70,0,False,False
1157,187701.4,1.4481570003185784,70,0.4776861845237199,0.4776861845237199,4,True,True,0,6,False,False,70,0,False,False
1158,187701.6,1.5046119227096826,69,0.4664242816821977,0.4664242816821977,4,True,True,0,6,False,False,69,0,False,False
1159,187701.8,1.5573304874628424,69,0.365695017632855,0.365695017632855,4,True,True,0,6,False,False,68,0,False,False
1160,187702.0,1.6096866603617133,69,0.4731416593434336,0.4731416593434336,4,True,True,0,6,False,False,67,0,False,False
1161,187702.2,1.6595759870290803,68,0.4338601969877413,0.4338601969877413,4,True,True,0,6,False,False,66,0,False,False
1162,187702.4,1.7099579150389577,68,0.9927803160079025,0.9666196333221182,4,True,True,0,6,False,False,65,0,False,False
1163,187702.6,1.7647178793180271,67,0.373552790375691,0.373552790375691,4,False,True,0,6,False,False,64,0,False,False
1164,187702.8,1.8059560645564643,66,0.36095399072220663,0.36095399072220663,3,True,True,0,6,False,False,63,0,False,False
1165,187703.0,1.8542366903965979,65,0.3629842423180868,0.3629842423180868,4,True,True,0,6,False,False,62,0,False,False
1166,187703.2,1.8943956153198183,64,0.24647484051699012,0.24647484051699012,4,True,True,0,6,False,False,61,0,False,False
1167,187703.4,1.9299028571247803,63,0.27227126501954646,0.27227126501954646,4,True,True,0,6,False,False,60,0,False,False
1168,187703.6,1.9512015898271609,63,0.3494669075437748,0.3494669075437748,4,True,True,0,6,False,False,60,0,False,False
1169,187703.8,1.9629654257067797,62,0.3754616351806048,0.3754616351806048,4,True,True,0,6,False,False,60,0,False,False
1170,187704.0,2.0108256184139317,62,6.560910961766119,2.081174093818705,3,False,True,0,6,False,False,60,0,False,False
1171,187704.2,2.042138186794435,62,0.4079581480820754,0.4079581480820754,3,True,True,0,6,False,False,60,0,False,False
1172,187704.4,2.0824251510731995,62,6.623197792571546,2.1227891882228067,3,True,True,0,6,False,False,60,0,False,False
1173,187704.6,2.1456177140939214,63,6.639431876000014,2.121004167345044,2,True,True,0,6,False,False,60,0,False,False
1174,187704.8,15.394058688298069,64,6.378986566446047,2.0953903504277296,2,True,True,0,0,True,False,60,0,False,False
1175,187705.0,13.314093051100777,65,3.293716286013254,2.246143602679903,13,True,True,0,6,False,False,60,0,False,False
1176,187705.2,12.69347837300045,66,3.0864732697465587,2.16379550910423,3,True,True,0,6,False,False,60,0,False,False
1177,187705.4,12.411033591934755,67,2.944452190846746,2.114322597376742,4,True,True,0,6,False,False,60,0,False,False
1178,187705.6,12.265634253331308,68,2.787793898023293,2.0468939302623617,4,True,True,0,6,False,False,60,0,False,False
1179,187705.8,12.143265576464199,68,2.696910330499191,1.9766236223625522,4,True,True,0,6,False,False,60,0,False,False
1180,187706.0,12.013104987607926,67,2.7063476029303057,1.9949683051719618,3,True,True,0,6,False,False,60,0,False,False
1181,187706.2,11.942464179353843,68,2.6628098642016442,1.9863398756766932,3,True,True,0,6,False,False,60,0,False,False
1182,187706.4,11.881316095563271,68,2.6640581553604665,1.9574270480329448,3,True,True,0,6,False,False,60,0,False,False
1183,187706.6,11.75944917911844,67,2.625600935798975,1.8698724291373465,3,True,True,0,6,False,False,60,0,False,False
1184,187706.8,11.667805489695434,67,2.9043358455531054,2.001105926381658,3,True,True,0,6,False,False,60,0,False,False
1185,187707.0,11.56345740101043,67,2.9393735789005473,1.9948715169448221,3,True,True,0,6,False,False,60,0,False,False
1186,187707.2,11.470228913311468,67,3.4156468560900506,2.1093699802438675,4,True,True,0,6,False,False,60,0,False,False
1187,187707.4,11.377818980882214,67,3.7503496768213647,2.172015855509094,4,True,True,0,6,False,False,60,0,False,False
1188,187707.6,11.230963058264921,66,2.6522723408254274,1.8406040833136452,4,True,True,0,6,False,False,60,0,False,False
1189,187707.8,11.084502696217415,66,2.598676484631017,1.8580064854106983,4,True,True,0,6,False,False,60,0,False,False
1190,187708.0,10.910456540034637,66,2.572400261975508,1.8571744182832113,4,True,True,0,6,False,False,60,0,False,False
1191,187708.2,10.787125687002204,64,1.4192753578933563,1.388548520472262,4,True,True,0,6,False,False,59,0,False,False
1192,187708.4,10.613046730992181,63,2.0560607556323296,1.7106476778629045,3,True,True,0,6,False,False,58,0,False,False
1193,187708.6,10.42724699105324,63,2.0912262684879805,1.7392516940377953,3,False,True,0,6,False,False,57,0,False,False
1194,187708.8,10.200214593530225,62,2.136257209717204,1.7445202958641437,3,True,True,0,6,False,False,56,0,False,False
1195,187709.0,9.922307814465576,61,2.1766910041567202,1.7292678018821097,3,False,True,0,6,False,False,55,0,False,False
1196,187709.2,9.650358428652218,61,5.7394366209218175,2.2476867365257327,3,False,True,0,6,False,False,54,0,False,False
1197,187709.4,9.375747532060364,61,5.5828906641649825,2.220018616372334,3,False,True,0,6,False,False,53,0,False,False
1198,187709.6,9.166624607108918,61,5.481741057378133,2.130025938367261,4,True,True,0,6,False,False,52,0,False,False
1199,187709.8,9.027231897342523,61,5.265638444062345,2.068869167511048,5,True,True,0,6,False,False,51,0,False,False
1200,187710.0,8.886444057933005,62,5.334473591970025,2.2275267127136584,5,True,True,0,6,False,False,50,0,False,False
1201,187710.2,8.83340987157899,63,5.45533869168974,2.0720944579814016,5,True,True,0,6,False,False,50,0,False,False
1202,187710.4,8.84592101047333,63,5.801988047140122,2.1625367718376065,5,True,True,0,6,False,False,51,0,False,False
1203,187710.6,8.78827246028282,65,14.758730666560973,3.8417249322767373,5,True,True,0,6,False,False,52,0,False,False
1204,187710.8,8.73155002323694,67,14.555334438336875,3.8452832276005084,4,True,True,0,6,False,False,53,0,False,False
1205,187711.0,18.222464963124654,68,15.235945012508909,4.2716613387508495,3,True,True,0,0,True,False,54,0,False,False
1206,187711.2,15.16831028569368,67,12.628190558301315,4.443828021024609,14,True,True,0,6,False,False,54,0,False,False
1207,187711.4,14.772243221843468,67,12.748620905597699,4.429743581474218,3,False,True,0,6,False,False,53,0,False,False
1208,187711.6,18.25104579647211,68,12.82317333685946,4.4205079803908145,4,True,True,0,0,True,False,52,0,False,False
1209,187711.8,15.388688981101954,70,11.65602628394238,3.8436366040646903,10,True,True,0,6,False,False,51,0,False,False
1210,187712.0,14.884278088624956,71,11.821416843947667,3.838922546772454,3,False,True,0,6,False,False,51,0,False,False
1211,187712.2,18.27259977850611,73,11.987830521552297,3.8493308360827023,3,True,True,0,0,True,False,51,0,False,False
1212,187712.4,15.36173587445928,75,11.660895069371797,3.767239967273303,6,True,True,0,6,False,False,50,0,False,False
1213,187712.6,14.775525519195115,74,12.430446064074378,3.9868935836272312,3,False,True,0,6,False,False,48,0,False,False
1214,187712.8,20.92478668155034,73,12.420864902634612,4.300074693101889,4,True,True,0,0,True,False,47,0,False,False
1215,187713.0,18.34765565013386,72,7.90390857418926,3.549373116119754,11,True,True,0,6,False,False,46,0,False,False
1216,187713.2,17.81192266989642,73,12.617109908477554,4.159952112735611,3,False,True,0,6,False,False,46,0,False,False
1217,187713.4,19.47286209532374,73,12.735862966377322,4.168546839292345,5,False,True,0,0,True,False,47,0,False,False
1218,187713.6,17.377714553359432,72,11.808900324930912,3.986961572286582,3,True,True,0,6,False,False,48,0,False,False
1219,187713.8,16.716546914758144,70,11.890874899621782,4.43179997948077,3,False,True,0,6,False,False,49,0,False,False
1220,187714.0,23.708643417968077,68,11.88174286159226,4.342871576518666,3,False,True,0,0,True,False,49,0,False,False
1221,187714.2,21.542069049109788,67,18.75591800849847,3.9187250140147394,17,True,True,0,6,False,False,49,0,False,False
1222,187714.4,13.29756784025223,66,14.961348684655125,4.064222264542562,10,True,True,0,6,False,False,49,0,False,False
1223,187714.6,25.247777813462466,65,8.012735457666272,3.3089906004245013,3,False,True,0,0,True,False,50,0,False,False
1224,187714.8,23.510546542670454,65,20.021234828868074,4.251030548012713,16,True,True,0,6,False,False,50,0,False,False
1225,187715.0,15.094303598828404,65,6.697470791292246,3.4188526664891126,8,True,True,0,6,False,False,50,0,False,False
1226,187715.2,22.352680777707103,65,16.279234124360574,4.113335236368229,3,False,True,0,0,True,False,50,0,False,False
1227,187715.4,18.485007753771505,65,14.196609903326404,4.418389575271139,12,True,True,0,6,False,False,50,0,False,False
1228,187715.6,17.59813847905802,67,13.881948265690973,4.374616047140158,3,False,True,0,6,False,False,50,0,False,False
1229,187715.8,24.63261209237469,69,14.137718757163537,4.401261254304394,3,False,True,0,0,True,False,50,0,False,False
1230,187716.0,21.63223206336338,71,13.308264654627278,4.3598540004559005,9,False,True,0,6,False,False,50,0,False,False
1231,187716.2,20.914945526412527,72,13.423424106012304,4.335657388934654,3,False,True,0,6,False,False,50,0,False,False
1232,187716.4,25.49331657812936,73,13.324906751219388,4.309236461240352,4,True,True,0,0,True,False,51,0,False,False
1233,187716.6,23.04371431319175,75,13.285036888531229,4.356762060441971,9,True,True,0,6,False,False,52,0,False,False
1234,187716.8,22.39432631530213,76,13.569770176433298,4.3741231890233925,3,False,True,0,6,False,False,52,0,False,False
1235,187717.0,26.418411546968578,78,13.621936003338089,4.376794400173184,3,True,True,0,0,True,False,52,0,False,False
1236,187717.2,24.28892199881354,79,13.600123809419118,4.426512691968194,7,True,True,0,6,False,False,52,0,False,False
1237,187717.4,23.731597270604734,79,14.44383228223002,4.922597615693618,3,False,True,0,6,False,False,52,0,False,False
1238,187717.6,27.520504445254407,78,14.421800419145644,4.930737525664306,3,True,True,0,0,True,False,52,0,False,False
1239,187717.8,25.247778659947823,77,10.387468594839463,4.164411580516692,10,True,True,0,6,False,False,52,0,False,False
1240,187718.0,24.593494132930992,76,10.236975340723358,4.11598503845651,3,False,True,0,6,False,False,52,0,False,False
1241,187718.2,29.011059897018722,75,10.1807814933737,4.1284162878946145,3,True,True,0,0,True,False,52,0,False,False
1242,187718.4,27.39288341110805,74,9.879032421484965,3.985964568508393,7,False,True,0,6,False,False,51,0,False,False
1243,187718.6,26.964389370308762,73,9.626557065185537,3.9126469629822043,3,False,True,0,6,False,False,50,0,False,False
1244,187718.8,28.779460378391477,72,9.47303243115321,3.908862035573256,3,False,True,0,0,True,False,50,0,False,False
1245,187719.0,27.79691746705058,71,9.498222823716436,3.9038647664866777,4,False,True,0,6,False,False,50,0,False,False
1246,187719.2,27.57403905875864,71,19.249523191105187,4.975890523260635,3,True,True,0,6,False,False,50,0,False,False
1247,187719.4,27.9699114675429,71,9.151334803516512,3.9161414238807923,5,True,True,0,0,True,False,50,0,False,False
1248,187719.6,27.37637661515456,71,19.40729815769263,5.271496605483791,5,False,True,0,6,False,False,50,0,False,False
1249,187719.8,26.9099657170541,70,7.239762230398255,3.541595240616271,5,True,True,0,6,False,False,50,0,False,False
1250,187720.0,37.54487665050777,69,7.285727777286485,3.6273970671459,3,False,True,0,0,True,False,50,0,False,False
1251,187720.2,37.170674044660586,69,12.004387497168953,3.792628085157038,7,True,True,0,6,False,False,50,0,False,False
1252,187720.4,36.97320238139525,69,11.615895991925445,3.742137655880546,4,True,True,0,6,False,False,50,0,False,False
1253,187720.6,28.885744534521525,69,11.42988078936433,3.6947409067749226,4,False,True,0,0,True,False,50,0,False,False
1254,187720.8,28.074546877247077,69,8.726802120341787,3.6988582898318203,16,True,True,0,6,False,False,50,0,False,False
1255,187721.0,27.854718735373527,70,20.254265747452635,4.95785568460384,4,False,True,0,6,False,False,50,0,False,False
1256,187721.2,25.159903864661345,69,19.98319200216206,4.9243944350730615,5,True,True,0,0,True,False,50,0,False,False
1257,187721.4,23.097264523522554,70,15.68728029270258,4.572822467963132,11,True,True,0,6,False,False,50,0,False,False
1258,187721.6,24.456159003844235,70,9.492571019115589,3.7985904755646094,4,True,True,0,6,False,False,50,0,False,False
1259,187721.8,32.212697639152346,71,9.352753123606323,3.7345129034231372,4,True,True,0,0,True,False,50,0,False,False
1260,187722.0,31.154561735270264,72,7.977222854124865,3.5519624444971027,6,False,True,0,6,False,False,50,0,False,False
1261,187722.2,30.829306851881967,72,7.987860219230045,3.5259294391207745,4,False,True,0,6,False,False,50,0,False,False
1262,187722.4,30.78782277753576,72,7.988939918745425,3.2316566583365436,3,False,True,0,0,True,False,51,0,False,False
1263,187722.6,30.017194793205455,72,7.988611375800994,3.2373002369746113,3,False,True,0,6,False,False,52,0,False,False
1264,187722.8,29.631847015387294,72,7.7900792542814985,3.4275135763382893,4,True,True,0,6,False,False,53,0,False,False
1265,187723.0,33.03847215516733,71,7.821310480415909,3.4055700291998967,3,False,True,0,0,True,False,54,0,False,False
1266,187723.2,32.125405265069176,71,7.678511934122511,3.411662414757252,7,True,True,0,6,False,False,55,0,False,False
1267,187723.4,31.913735827279968,70,7.544916251521503,3.3817025860170227,4,False,True,0,6,False,False,56,0,False,False
1268,187723.6,31.704186454107184,70,7.437196232249703,3.3678973258552904,3,True,True,0,0,True,False,57,0,False,False
1269,187723.8,31.352766260597825,70,7.37341188976038,3.430603725795269,4,False,True,0,6,False,False,58,0,False,False
1270,187724.0,31.113759817639618,70,7.325811648210723,3.10787285240772,4,False,True,0,6,False,False,59,0,False,False
1271,187724.2,29.36318542305327,70,7.149170811691483,3.0800833839114774,3,True,True,0,0,True,False,60,0,False,False
1272,187724.4,28.966475191054812,70,7.129033766280854,3.086212253605766,5,False,True,0,6,False,False,60,0,False,False
1273,187724.6,28.705108751760967,70,7.170970573484631,3.086211989490553,4,False,True,0,6,False,False,60,0,False,False
1274,187724.8,29.34581860523512,70,7.171412932233591,3.098680677213039,3,False,True,0,0,True,False,60,0,False,False
1275,187725.0,28.597944044112744,70,7.097903001958551,3.092547721715714,3,False,True,0,6,False,False,60,0,False,False
1276,187725.2,28.292527112388132,70,7.068681197257379,3.0647962695146593,4,False,True,0,6,False,False,60,0,False,False
1277,187725.4,29.419174463714445,70,7.109921955301585,3.055398263039392,3,False,True,0,0,True,False,60,0,False,False
1278,187725.6,28.35850546668016,70,7.718602408328299,3.161549767294707,3,False,True,0,6,False,False,60,0,False,False
1279,187725.8,27.95611702354856,70,7.783368133562358,3.152162840845532,4,False,True,0,6,False,False,60,0,False,False
1280,187726.0,28.270974271665345,70,7.673599422001225,3.1126649907071084,4,False,True,0,0,True,False,60,0,False,False
1281,187726.2,27.059710563520845,70,7.4926753867885285,3.127805854444129,16,True,True,0,6,False,False,60,0,False,False
1282,187726.4,26.63381502194945,70,7.470181205623325,3.0754454030237954,4,False,True,0,6,False,False,60,0,False,False
1283,187726.6,27.623765383438755,70,7.3942817518882915,3.0475534294790836,3,False,True,0,0,True,False,60,0,False,False
1284,187726.8,26.541694105673347,70,7.23947366145285,3.052894255394682,3,False,True,0,6,False,False,60,0,False,False
1285,187727.0,26.13020325643952,70,7.235001729512494,3.020214584010644,4,False,True,0,6,False,False,60,0,False,False
1286,187727.2,27.522810487491288,70,7.224003582472542,3.0015148548982586,3,False,True,0,0,True,False,60,0,False,False
1287,187727.4,26.350022093118465,70,7.146320307141398,3.0213797449068767,5,True,True,0,6,False,False,60,0,False,False
1288,187727.6,25.9508119184127,70,7.165689521549424,2.9956500225996563,4,False,True,0,6,False,False,60,0,False,False
1289,187727.8,27.159844082404188,70,7.183050885653971,3.0103493959743464,3,False,True,0,0,True,False,60,0,False,False
1290,187728.0,26.011341670420034,70,7.147445831531446,3.063145601807477,10,True,True,0,6,False,False,60,0,False,False
1291,187728.2,25.62162120922808,70,7.2188512430340515,3.050821274881223,4,False,True,0,6,False,False,60,0,False,False
1292,187728.4,26.724813343323557,70,7.190782801008779,3.0341079867171397,3,False,True,0,0,True,False,60,0,False,False
1293,187728.6,25.57716244848562,70,7.121442006034888,3.059056673950055,13,True,True,0,6,False,False,60,0,False,False
1294,187728.8,25.2000869563677,70,7.269171186090597,3.3055052492258503,4,False,True,0,6,False,False,60,0,False,False
1295,187729.0,29.84940755523607,70,7.361554211141355,3.2891217214297157,3,False,True,0,0,True,False,60,0,False,False
1296,187729.2,28.939342102618618,70,7.097746922157408,3.368696048725835,12,True,True,0,6,False,False,60,0,False,False
1297,187729.4,28.655922165812086,70,7.116153937136035,3.331901989421274,4,False,True,0,6,False,False,60,0,False,False
1298,187729.6,29.38652418614928,70,7.072840047391382,3.3328065147954953,3,True,True,0,0,True,False,60,0,False,False
1299,187729.8,28.651607042663894,70,7.026965503566162,3.3686686210647157,12,True,True,0,6,False,False,60,0,False,False
1300,187730.0,28.43236539257482,70,6.927682011491669,3.2741292341860673,4,False,True,0,6,False,False,60,0,False,False
1301,187730.2,29.415475184510182,70,6.931879906259152,3.2737049792917405,4,False,True,0,0,True,False,60,0,False,False
1302,187730.4,28.908555583700625,70,6.855053229063001,3.294380966229055,11,True,True,0,6,False,False,60,0,False,False
1303,187730.6,28.78282145432852,70,6.83851240019717,3.2845421820200746,4,False,True,0,6,False,False,60,0,False,False
1304,187730.8,29.357584189934716,70,6.754503771855822,3.191451211848269,4,False,True,0,0,True,False,60,0,False,False
1305,187731.0,28.742106653498876,71,9.996924498805326,3.7317691376440245,3,False,True,0,6,False,False,60,0,False,False
1306,187731.2,28.486893306461443,72,10.024191721223712,3.7218830124905646,4,False,True,0,6,False,False,59,0,False,False
1307,187731.4,27.56663614402081,72,6.351611610138712,2.90944952953922,3,False,True,0,0,True,False,58,0,False,False
1308,187731.6,27.062340535015704,72,6.325748038773009,2.9112088057187444,4,False,True,0,6,False,False,57,0,False,False
1309,187731.8,26.74967615913594,72,6.181850944551941,2.8813415789785224,4,False,True,0,6,False,False,56,0,False,False
1310,187732.0,26.574396602174655,71,5.316540782103967,2.5810477695641025,3,False,True,0,6,False,False,55,0,False,False
1311,187732.2,26.48407387438517,70,5.1660967573586785,2.729464207754586,3,False,True,0,6,False,False,54,0,False,False
1312,187732.4,26.434272184716082,69,4.942453093317256,2.667969461996147,3,False,True,0,6,False,False,53,0,False,False
1313,187732.6,26.403241958637974,69,6.779337213823939,3.1799167656475746,4,True,True,0,6,False,False,52,0,False,False
1314,187732.8,26.36184367176563,69,7.466479996531551,3.259874110502077,3,False,True,0,6,False,False,51,0,False,False
1315,187733.0,22.764124001437693,68,7.219801862853205,2.8534569745694887,3,False,True,0,0,True,False,50,0,False,False
1316,187733.2,22.29598197042572,66,4.413881116113453,2.524291262049087,8,True,True,0,6,False,False,50,0,False,False
1317,187733.4,22.395044694025117,64,3.5077065651276023,2.231531063390713,5,False,True,0,6,False,False,50,0,False,False
1318,187733.6,22.43654562664338,62,3.3465215129809334,2.119121826800254,4,False,True,0,6,False,False,50,0,False,False
1319,187733.8,22.453398605739803,60,3.276772140940296,2.073078687190807,4,False,True,0,6,False,False,50,0,False,False
1320,187734.0,22.41844949723116,59,3.2466001384224126,2.0547471563173336,3,True,True,0,6,False,False,50,0,False,False
1321,187734.2,22.34258980280022,58,3.21655880106636,2.1034288033250164,3,False,True,0,6,False,False,50,0,False,False
1322,187734.4,22.222802906176007,57,3.1238026571357334,2.0275527145459638,3,False,True,0,6,False,False,50,0,False,False
1323,187734.6,22.06906448499151,55,3.0677365785503334,1.931580810313472,3,False,True,0,6,False,False,50,0,False,False
1324,187734.8,21.929474650581366,53,3.0262397194708055,1.9029232421766165,3,True,True,0,6,False,False,50,0,False,False
1325,187735.0,21.7743307964486,51,2.999026658216814,1.8527056715034425,3,False,True,0,6,False,False,50,0,False,False
1326,187735.2,21.60195343647045,50,2.9699722095473233,1.822248065680326,4,False,True,0,6,False,False,50,0,False,False
1327,187735.4,21.48335022278443,51,2.9546979233853885,1.9084541650552895,3,False,True,0,6,False,False,50,0,False,False
1328,187735.6,21.31403259339514,52,6.326700977916508,3.024037312465927,3,True,True,0,6,False,False,50,0,False,False
1329,187735.8,21.215627906237124,53,3.60571156691545,2.19722908196208,3,True,True,0,6,False,False,50,0,False,False
1330,187736.0,21.132611302365827,54,3.72456124265964,2.2380507372036837,2,True,True,0,6,False,False,50,0,False,False
1331,187736.2,21.087632702110437,55,3.493344524090272,2.146245526447213,3,True,True,0,6,False,False,50,0,False,False
1332,187736.4,21.061611405606218,57,7.538903480010795,3.0460241839860864,3,True,True,0,6,False,False,50,0,False,False
1333,187736.6,21.009886743398106,60,9.250679868213021,3.406778362351808,2,True,True,0,6,False,False,50,0,False,False
1334,187736.8,17.324822653380476,63,9.33628959028034,3.449537793671783,2,True,True,0,0,True,False,50,0,False,False
1335,187737.0,15.267118258858918,65,6.211765187983344,3.0737181085282654,19,True,True,0,6,False,False,50,0,False,False
1336,187737.2,14.969242531276468,67,6.1788402964787625,3.019298351095473,4,True,True,0,6,False,False,50,0,False,False
1337,187737.4,21.513750246210407,68,6.270634879116107,2.9893317245231317,3,False,True,0,0,True,False,50,0,False,False
1338,187737.6,20.622468920363616,69,5.958396420369066,3.013594528850234,8,True,True,0,6,False,False,50,0,False,False
1339,187737.8,20.514701045276436,70,6.058935275036399,3.0164650419569727,4,False,True,0,6,False,False,50,0,False,False
1340,187738.0,20.461972400172773,71,6.123107591486751,2.999290747642822,3,False,True,0,6,False,False,50,0,False,False
1341,187738.2,23.008511929729696,72,6.215190916077855,3.031075104675345,3,False,True,0,0,True,False,50,0,False,False
1342,187738.4,22.091861894691025,72,5.963765687155812,3.0921910913864714,16,True,True,0,6,False,False,50,0,False,False
1343,187738.6,21.95950554665721,71,6.0088703085220185,3.073630767202057,4,True,True,0,6,False,False,50,0,False,False
1344,187738.8,21.971095112439,70,6.141380028892897,3.0694258775942775,3,False,True,0,6,False,False,50,0,False,False
1345,187739.0,20.81977895976826,71,9.64119563649931,3.605671917239293,3,False,True,0,0,True,False,51,0,False,False
1346,187739.2,19.556887954246214,71,6.664627063281515,2.955928855492337,13,True,True,0,6,False,False,52,0,False,False
1347,187739.4,19.34121168527191,71,6.805748636976442,2.979832441618345,3,False,True,0,6,False,False,52,0,False,False
1348,187739.6,24.03043841144805,71,6.439672835361076,2.9132626003516173,3,False,True,0,0,True,False,52,0,False,False
1349,187739.8,23.31221564833775,71,6.103424946024709,2.8159030895801482,6,False,True,0,6,False,False,52,0,False,False
1350,187740.0,23.173715593527714,71,6.028249213520373,2.780682698193682,4,False,True,0,6,False,False,52,0,False,False
1351,187740.2,21.460239569854295,71,6.10547853730823,2.786232334989287,3,False,True,0,0,True,False,52,0,False,False
1352,187740.4,20.872511791926055,70,5.926187521511943,2.7172172511253234,4,True,True,0,6,False,False,52,0,False,False
1353,187740.6,20.497260154687872,69,5.950008996338115,2.6962114842690457,3,False,True,0,6,False,False,52,0,False,False
1354,187740.8,20.219530186266354,69,6.934920547951997,2.9543527332061688,3,False,True,0,6,False,False,52,0,False,False
1355,187741.0,20.12067900514144,67,5.620652524028573,2.6747395579011854,5,False,True,0,6,False,False,51,0,False,False
1356,187741.2,20.06416400005341,67,7.446628080508125,2.9855524242244282,4,True,True,0,6,False,False,50,0,False,False
1357,187741.4,20.027284374091757,67,7.3920536383097675,2.959134302335131,3,True,True,0,6,False,False,50,0,False,False
1358,187741.6,21.738625255124077,67,7.282914959992743,2.912567062521526,3,True,True,0,0,True,False,50,0,False,False
1359,187741.8,20.21057031579641,67,6.984860267121286,2.9701205720727244,17,True,True,0,6,False,False,50,0,False,False
1360,187742.0,19.910819333101973,67,6.959825072423537,3.205863589939063,4,False,True,0,6,False,False,50,0,False,False
1361,187742.2,8.91289829194855,66,6.77857085222015,3.072180060203886,3,False,True,0,0,True,False,50,0,False,False
1362,187742.4,6.977494760835028,66,1.569679920156111,1.338576131565187,8,True,True,0,6,False,False,50,0,False,False
1363,187742.6,6.176608934729966,67,10.875689664986904,2.960741184167825,3,True,True,0,6,False,False,50,0,False,False
1364,187742.8,5.722591863336741,67,10.732837210213708,2.9538306613733543,3,True,True,0,6,False,False,50,0,False,False
1365,187743.0,19.723102000270572,68,10.80986453698069,2.977006152897172,3,True,True,0,0,True,False,50,0,False,False
1366,187743.2,18.1409144578241,68,6.58082496792282,2.9081572566054588,18,True,True,0,6,False,False,50,0,False,False
1367,187743.4,17.621599333691154,67,6.285641478454262,2.7766008961311637,4,False,True,0,6,False,False,50,0,False,False
1368,187743.6,19.293721327071278,67,7.097726877957914,2.991600719308091,3,False,True,0,0,True,False,50,0,False,False
1369,187743.8,17.284180831451437,66,6.335503008310188,3.1718426706378704,3,False,True,0,6,False,False,50,0,False,False
1370,187744.0,16.60388313020651,65,6.387901207492764,3.076750554986987,3,False,True,0,6,False,False,50,0,False,False
1371,187744.2,11.309878073253245,65,6.406504566477594,2.8079440522034083,3,False,True,0,0,True,False,50,0,False,False
1372,187744.4,9.639805988570677,64,1.40062457030015,1.40062457030015,9,True,True,0,6,False,False,50,0,False,False
1373,187744.6,8.977219803550424,62,1.427101391484106,1.427101391484106,4,True,True,0,6,False,False,50,0,False,False
1374,187744.8,8.596712499998034,61,10.143751468912068,3.5886504327579876,5,True,True,0,6,False,False,50,0,False,False
1375,187745.0,8.2799915158909,61,16.45711227735974,4.362689763384349,5,True,True,0,6,False,False,50,0,False,False
1376,187745.2,22.138952927518375,61,12.112936686309979,3.3430362538995433,9,True,True,0,0,True,False,50,0,False,False
1377,187745.4,19.170485980669213,62,8.328214308471656,3.6040608087678954,16,True,True,0,6,False,False,50,0,False,False
1378,187745.6,18.407115102048643,62,8.399001685866095,3.632038208423939,3,False,True,0,6,False,False,50,0,False,False
1379,187745.8,20.13926473445895,63,8.336494971805939,3.6045872660531333,3,False,True,0,0,True,False,50,0,False,False
1380,187746.0,17.69271522917574,64,7.886653140693467,3.5523622623923283,11,True,True,0,6,False,False,50,0,False,False
1381,187746.2,17.148732792410037,64,7.628703382965533,3.4614777122672877,3,False,True,0,6,False,False,50,0,False,False
1382,187746.4,14.814466419799302,65,7.348025178982185,3.340451135704276,3,False,True,0,0,True,False,50,0,False,False
1383,187746.6,13.199699966678093,66,2.1126842737983598,1.905736243199646,16,True,True,0,6,False,False,50,0,False,False
1384,187746.8,12.470050674153558,66,1.9963461261477564,1.8266989787255694,3,False,True,0,6,False,False,50,0,False,False
1385,187747.0,12.022408618022954,65,1.853013853319225,1.6874966404493852,3,False,True,0,6,False,False,50,0,False,False
1386,187747.2,11.735396035658832,64,1.8744373195396964,1.7241169640808072,3,False,True,0,6,False,False,50,0,False,False
1387,187747.4,11.445578418903132,63,1.7868047636308668,1.4868759861996284,3,False,True,0,6,False,False,49,0,False,False
1388,187747.6,11.109783232239195,60,1.7479528694627207,1.5440891097245186,4,False,True,0,6,False,False,47,0,False,False
1389,187747.8,10.702812086764801,58,11.362525578000422,3.085873688995864,3,False,True,0,6,False,False,45,0,False,False
1390,187748.0,10.284597921456536,57,10.295491796056712,2.780661599140127,2,False,True,0,6,False,False,42,0,False,False
1391,187748.2,12.531512474994583,58,8.715244129126967,2.599592831682851,2,False,True,0,0,True,False,38,0,False,False
1392,187748.4,10.08199262984604,59,4.379129130517046,2.341662512218919,9,True,True,0,6,False,False,35,0,False,False
1393,187748.6,9.158206987584128,60,4.286325775777018,2.2044246950541906,4,True,True,0,6,False,False,32,0,False,False
1394,187748.8,8.77391083162156,61,4.494008621342776,2.1900833589720103,4,True,True,0,6,False,False,28,0,False,False
1395,187749.0,8.624455326432727,62,4.6846584776821425,2.1862950782743784,4,True,True,0,6,False,False,25,0,False,False
1396,187749.2,8.59192195499595,63,4.7746746144089665,2.20646896081627,4,True,True,0,6,False,False,23,0,False,False
1397,187749.4,8.650246240036376,63,4.478384958593238,1.970005847549746,4,True,True,0,6,False,False,23,0,False,False
1398,187749.6,8.697873747677447,66,5.144496997356114,2.3127407331033853,3,True,True,0,6,False,False,24,0,False,False
1399,187749.8,8.610932077436182,69,8.075345758792217,3.0676333855039446,4,True,True,0,6,False,False,25,0,False,False
1400,187750.0,8.534378266981166,70,7.956088334624243,3.075748892418923,4,True,True,0,6,False,False,27,0,False,False
1401,187750.2,13.8055876071543,70,7.6086917491368755,3.04616848916331,5,True,True,0,0,True,False,30,0,False,False
1402,187750.4,12.095989883211322,70,6.556238961732483,3.154009668927542,18,True,True,0,6,False,False,32,0,False,False
1403,187750.6,11.818556886553358,70,6.880269642765019,3.2136055915238138,3,False,True,0,6,False,False,34,0,False,False
1404,187750.8,12.143545695713986,70,7.193773969458316,3.2761985151492445,3,False,True,0,0,True,False,37,0,False,False
1405,187751.0,10.641558654673423,69,3.4466589534568306,2.390954315875426,7,True,True,0,6,False,False,39,0,False,False
1406,187751.2,10.541068298258022,69,4.410947106882148,2.6741980132493444,3,False,True,0,6,False,False,40,0,False,False
1407,187751.4,10.497147470907949,70,4.8397072632498,2.7177279237356595,3,False,True,0,6,False,False,40,0,False,False
1408,187751.6,10.381675433686802,69,4.401455385368707,2.5537708552607534,5,True,True,0,6,False,False,40,0,False,False
1409,187751.8,10.36430827047117,68,5.201374301035758,2.715915827187076,3,True,True,0,6,False,False,40,0,False,False
1410,187752.0,10.358589264076022,68,5.126410343715346,2.656973048821337,4,False,True,0,6,False,False,40,0,False,False
1411,187752.2,10.365675363846005,68,5.079234010689729,2.6329022790874452,4,False,True,0,6,False,False,40,0,False,False
1412,187752.4,10.389785737688848,68,5.079449312058171,2.5916649543155157,4,False,True,0,6,False,False,41,0,False,False
1413,187752.6,10.415602631929728,68,4.9854722757896575,2.5813964399405425,4,True,True,0,6,False,False,42,0,False,False
1414,187752.8,10.440995147980285,68,4.728116701515969,2.520500545546785,4,True,True,0,6,False,False,44,0,False,False
1415,187753.0,10.429948436659386,69,4.399402809513004,2.4295790298597137,4,True,True,0,6,False,False,46,0,False,False
1416,187753.2,10.41970926251487,69,3.827101301903034,2.31626489709862,4,True,True,0,6,False,False,48,0,False,False
1417,187753.4,10.41024130955781,69,3.483577995960723,2.2468829124287004,4,True,True,0,6,False,False,50,0,False,False
1418,187753.6,10.354288048305062,69,2.8312652552901634,2.0331387293658962,4,True,True,0,6,False,False,52,0,False,False
1419,187753.8,10.243956571189125,68,2.8103953601482305,2.0149809582855402,4,True,True,0,6,False,False,54,0,False,False
1420,187754.0,10.19403670155541,66,1.7179409906754424,1.5663145197716248,3,True,True,0,6,False,False,55,0,False,False
1421,187754.2,10.089401485085695,64,1.6984457739490886,1.5468431894638206,3,False,True,0,6,False,False,56,0,False,False
1422,187754.4,9.95857972765899,62,1.6473554740561465,1.497598640667954,3,False,True,0,6,False,False,56,0,False,False
1423,187754.6,9.796986652172563,61,14.504918425425084,4.266552797833868,3,True,True,0,6,False,False,56,0,False,False
1424,187754.8,9.599182675454612,60,13.644740789913145,3.977265723439883,3,False,True,0,6,False,False,55,0,False,False
1425,187755.0,20.568641665745222,59,13.045286992392414,3.8807939970980327,3,False,True,0,0,True,False,54,0,False,False
1426,187755.2,18.452836781715263,58,3.552721049844741,2.378494405032146,15,True,True,0,6,False,False,53,0,False,False
1427,187755.4,17.71557229172166,57,3.48986527255403,2.322725900637426,3,True,True,0,6,False,False,52,0,False,False
1428,187755.6,17.291304219346138,57,3.3092818406427065,2.2601653784684963,5,True,True,0,6,False,False,51,0,False,False
1429,187755.8,16.965934469521976,56,2.087500034265448,1.650747753651943,5,True,True,0,6,False,False,50,0,False,False
1430,187756.0,16.658261869319926,56,2.056751402569481,1.6394940970190939,3,True,True,0,6,False,False,50,0,False,False
1431,187756.2,16.400497407655404,56,2.052650792536477,1.6278581223904132,3,True,True,0,6,False,False,50,0,False,False
1432,187756.4,16.176167156129374,56,1.9824068714452565,1.600898905749219,3,True,True,0,6,False,False,50,0,False,False
1433,187756.6,15.936107746085014,55,1.9637261541612054,1.6217612275183975,3,True,True,0,6,False,False,50,0,False,False
1434,187756.8,15.662805205405508,54,1.9442294488501932,1.6274602832143295,3,True,True,0,6,False,False,50,0,False,False
1435,187757.0,15.386112696259499,53,1.8935491206258448,1.5963491818696547,4,True,True,0,6,False,False,50,0,False,False
1436,187757.2,15.072124931327654,52,1.8725634028357765,1.5638365475413318,2,True,True,0,6,False,False,50,0,False,False
1437,187757.4,14.753610936500863,51,1.8378918742959376,1.5356036675102183,4,True,True,0,6,False,False,50,0,False,False
1438,187757.6,14.436978082830146,51,3.8159673094335322,2.392960111389188,3,True,True,0,6,False,False,50,0,False,False
1439,187757.8,14.137209534471065,52,3.5383387948986487,2.334688520502041,3,False,True,0,6,False,False,50,0,False,False
1440,187758.0,13.83876701476693,52,1.7283256765253978,1.4808835579317254,3,True,True,0,6,False,False,50,0,False,False
1441,187758.2,13.564312988585389,52,1.6915256147723117,1.4455916287916766,3,True,True,0,6,False,False,50,0,False,False
1442,187758.4,13.22500786143711,53,5.952024052126651,2.5531638948453375,3,False,True,0,6,False,False,50,0,False,False
1443,187758.6,12.90469374484124,55,6.234977052147833,2.8548356454620536,4,True,True,0,6,False,False,50,0,False,False
1444,187758.8,12.603017984194661,55,1.5769069369979762,1.384110464365976,4,False,True,0,6,False,False,50,0,False,False
1445,187759.0,12.307918539924554,55,1.5470508979197344,1.3721734568092236,4,False,True,0,6,False,False,50,0,False,False
1446,187759.2,12.008960615157674,55,1.5376049608243052,1.3684632627566944,4,True,True,0,6,False,False,50,0,False,False
1447,187759.4,11.719723142580802,55,1.4870181979153434,1.3135192096345096,3,True,True,0,6,False,False,50,0,False,False
1448,187759.6,11.41380859541531,54,1.475291843497932,1.3169781167998316,3,True,True,0,6,False,False,50,0,False,False
1449,187759.8,11.07620300320227,53,1.4627336770252022,1.3035962340754224,3,True,True,0,6,False,False,50,0,False,False
1450,187760.0,10.746076656632063,53,1.4635395509567954,1.3010311060775392,4,True,True,0,6,False,False,50,0,False,False
1451,187760.2,10.423457370841541,53,1.4347778053486153,1.2863320659552615,4,True,True,0,6,False,False,50,0,False,False
1452,187760.4,10.10250397037095,52,1.4290480408580573,1.3036794485212473,3,False,True,0,6,False,False,50,0,False,False
1453,187760.6,9.804941361870407,50,1.3899762301829317,1.2853157500346377,3,False,True,0,6,False,False,50,0,False,False
1454,187760.8,9.50363596295902,50,1.31157373792753,1.237175937434261,3,False,True,0,6,False,False,50,0,False,False
1455,187761.0,9.204964444705002,51,1.1533609235057627,1.1289343970269499,3,True,True,0,6,False,False,50,0,False,False
1456,187761.2,8.91507529438398,51,1.2222082189799048,1.1862222252702432,3,False,True,0,6,False,False,50,0,False,False
1457,187761.4,8.62276407917064,51,1.1974808201254035,1.1587753906325846,3,False,True,0,6,False,False,50,0,False,False
1458,187761.6,8.373229963366216,52,1.5755599514978904,1.3623635077380452,3,False,True,0,6,False,False,50,0,False,False
1459,187761.8,8.140619527260514,53,1.9921223029515034,1.490674990561327,3,True,True,0,6,False,False,50,0,False,False
1460,187762.0,7.952771450037861,54,2.20013849270575,1.5164973097916192,3,True,True,0,6,False,False,50,0,False,False
1461,187762.2,7.788703477494937,55,2.2039085853186346,1.5018681988667442,3,True,True,0,6,False,False,50,0,False,False
1462,187762.4,7.652268067616636,56,1.8429358847658082,1.38702984733485,3,True,True,0,6,False,False,50,0,False,False
1463,187762.6,7.466645214218054,58,3.0175007489866594,1.7186434137454847,3,False,True,0,6,False,False,50,0,False,False
1464,187762.8,7.2648076002066535,60,2.9723642520314986,1.6995037033042466,3,False,True,0,6,False,False,50,0,False,False
1465,187763.0,6.9898783981800605,60,2.6995288509648114,1.5033585749654053,3,False,True,0,6,False,False,50,0,False,False
1466,187763.2,6.7065846076996625,61,2.561157507243087,1.5542815739445044,4,False,True,0,6,False,False,50,0,False,False
1467,187763.4,6.47248054358734,61,0.9948332207388508,0.9948332207388508,5,True,True,0,6,False,False,50,0,False,False
1468,187763.6,6.136442242269938,61,2.2317249267715917,1.4713866333662837,3,False,True,0,6,False,False,50,0,False,False
1469,187763.8,5.761077302188419,60,0.9650564015544901,0.9650564015544901,3,False,True,0,6,False,False,50,0,False,False
1470,187764.0,5.4445810622842155,59,0.9465755387803502,0.9465755387803502,3,False,True,0,6,False,False,50,0,False,False
1471,187764.2,5.1008295146682,58,0.9317757560062063,0.9317757560062063,3,True,True,0,6,False,False,50,0,False,False
1472,187764.4,4.747892227498339,57,0.9289205749746549,0.9289205749746549,3,False,True,0,6,False,False,50,0,False,False
1473,187764.6,4.349932804791507,55,0.894197324417584,0.894197324417584,3,False,True,0,6,False,False,50,0,False,False
1474,187764.8,3.982905753904873,53,0.860969776561667,0.860969776561667,3,False,True,0,6,False,False,50,0,False,False
1475,187765.0,3.6688655380840554,52,0.812000457499215,0.812000457499215,3,False,True,0,6,False,False,50,0,False,False
1476,187765.2,3.381083682071901,51,0.7575391489755994,0.7575391489755994,4,False,True,0,6,False,False,50,0,False,False
1477,187765.4,3.085772354463931,52,1.7099420412343542,1.3525757350820402,3,False,True,0,6,False,False,50,0,False,False
1478,187765.6,2.7314769856352754,53,4.236920530364472,2.3038516120371058,3,False,True,0,6,False,False,50,0,False,False
1479,187765.8,2.3751185552043053,55,4.394169795206188,2.09250185001895,3,True,True,0,6,False,False,50,0,False,False
1480,187766.0,2.0608639434473175,57,4.501947641714374,2.095342024428104,2,False,True,0,6,False,False,50,0,False,False
1481,187766.2,1.7512327834858061,59,4.76261556431346,2.1418667361756736,2,False,True,0,6,False,False,50,0,False,False
1482,187766.4,1.5365373635089705,60,5.42376249816803,2.2950146618255975,2,False,True,0,6,False,False,50,0,False,False
1483,187766.6,1.4405003044138793,61,1.011708551552072,0.9400862290299004,2,False,True,0,6,False,False,50,0,False,False
1484,187766.8,1.5307797154270015,62,1.257234705507909,1.0226884371738074,3,False,True,0,6,False,False,50,0,False,False
1485,187767.0,1.7728020914965181,63,1.4645814466898266,1.0925216098909998,3,False,True,0,6,False,False,50,0,False,False
1486,187767.2,2.0517063839688934,64,1.3708743287907486,1.01900501878577,2,False,True,0,6,False,False,50,0,False,False
1487,187767.4,2.3540135004019977,64,1.2283685852271762,0.9517161511732303,2,False,True,0,6,False,False,50,0,False,False
1488,187767.6,2.6672856911532916,63,0.8801675225427213,0.7947186163752671,2,False,True,0,6,False,False,50,0,False,False
1489,187767.8,2.9640936761085266,62,0.629844409379061,0.629844409379061,2,False,True,0,6,False,False,50,0,False,False
1490,187768.0,3.2187037115793204,61,0.44770897548524813,0.44770897548524813,2,False,True,0,6,False,False,50,0,False,False
1491,187768.2,3.455461195912282,60,0.3978146161036102,0.3978146161036102,2,False,True,0,6,False,False,50,0,False,False
1492,187768.4,3.631973632449781,60,0.4427945303222135,0.4427945303222135,2,True,True,0,6,False,False,50,0,False,False
1493,187768.6,3.789585382338855,60,0.488371576415653,0.488371576415653,2,False,True,0,6,False,False,50,0,False,False
1494,187768.8,3.911764995512496,60,0.50354711921164,0.50354711921164,2,False,True,0,6,False,False,50,0,False,False
1495,187769.0,4.011516672356661,60,0.4832339826894627,0.4832339826894627,4,True,True,0,6,False,False,50,0,False,False
1496,187769.2,4.076508754386139,60,0.48686806258840504,0.48686806258840504,4,True,True,0,6,False,False,50,0,False,False
1497,187769.4,4.118159249477147,60,0.5108547427369723,0.5108547427369723,4,True,True,0,6,False,False,50,0,False,False
1498,187769.6,4.1499186329915085,60,0.7096727683965373,0.7096727683965373,4,True,True,0,6,False,False,50,0,False,False
1499,187769.8,4.164295573511781,59,0.5225609505975519,0.5225609505975519,4,True,True,0,6,False,False,50,0,False,False
1500,187770.0,4.1765458749394995,58,0.5595235035032602,0.5595235035032602,3,True,True,0,6,False,False,50,0,False,False
1501,187770.2,4.200499570189877,57,0.579197084173908,0.579197084173908,3,True,True,0,6,False,False,50,0,False,False
1502,187770.4,4.271569076427355,57,1.0063047399844895,1.0063047399844895,3,True,True,0,6,False,False,50,0,False,False
1503,187770.6,4.3443414564700795,56,0.6176670333312149,0.6176670333312149,3,True,True,0,6,False,False,50,0,False,False
1504,187770.8,4.415057068063521,55,0.6416256455209306,0.6416256455209306,3,True,True,0,6,False,False,50,0,False,False
1505,187771.0,4.514894031857403,54,0.6339277854605005,0.6339277854605005,3,True,True,0,6,False,False,50,0,False,False
1506,187771.2,4.545712914831134,53,0.6506006566222229,0.6506006566222229,4,True,True,0,6,False,False,50,0,False,False
1507,187771.4,4.623360315934429,52,0.6790073108095576,0.6790073108095576,4,True,True,0,6,False,False,49,0,False,False
1508,187771.6,4.702691193509397,53,10.188330605220472,2.84690087254208,3,True,True,0,6,False,False,48,0,False,False
1509,187771.8,4.792936037431337,55,10.200949173108363,2.8162412314281973,3,True,True,0,6,False,False,47,0,False,False
1510,187772.0,14.32546921644421,57,10.048874494634362,2.764248524405707,4,True,True,0,0,True,False,46,0,False,False
1511,187772.2,10.965904657043561,59,6.644048222114997,3.106910094837262,16,True,True,0,6,False,False,45,0,False,False
1512,187772.4,10.171372532021334,60,6.719834944441158,2.7616157458290873,3,False,True,0,6,False,False,44,0,False,False
1513,187772.6,13.188766583680966,62,6.760259692343503,2.737817339492934,3,False,True,0,0,True,False,42,0,False,False
1514,187772.8,10.250844384779752,63,3.428072239524024,2.2976098034603374,6,True,True,0,6,False,False,40,0,False,False
1515,187773.0,9.25765907915783,64,3.033719427262192,2.1664886357288085,3,False,True,0,6,False,False,38,0,False,False
1516,187773.2,8.789676915650794,66,6.834691925886714,3.0154685336685554,3,False,True,0,6,False,False,37,0,False,False
1517,187773.4,8.43717845952179,67,2.7389420803591533,2.045941294500862,2,True,True,0,6,False,False,37,0,False,False
1518,187773.6,8.117587026464836,66,2.6173738077728017,1.956783076185121,2,True,True,0,6,False,False,37,0,False,False
1519,187773.8,7.790036368911438,65,2.4832098528570326,1.8476419757515057,4,False,True,0,6,False,False,37,0,False,False
1520,187774.0,7.509880406599213,64,2.4190035327097843,1.8058495973716415,3,True,True,0,6,False,False,37,0,False,False
1521,187774.2,7.25354805758686,63,2.3428588141812763,1.791217250605086,3,True,True,0,6,False,False,37,0,False,False
1522,187774.4,6.929161297629199,62,2.264725788408218,1.7633643142228987,3,False,True,0,6,False,False,37,0,False,False
1523,187774.6,6.599229372407469,62,6.9559823231086835,2.8631222984820783,4,False,True,0,6,False,False,38,0,False,False
1524,187774.8,6.189233974510074,63,6.7578297749165985,2.743529917742535,3,False,True,0,6,False,False,39,0,False,False
1525,187775.0,12.961263890015685,64,6.58819124325055,2.6534115340486677,6,True,True,0,0,True,False,40,0,False,False
1526,187775.2,9.447154908681702,64,5.249790424557303,2.671426689916057,9,True,True,0,6,False,False,40,0,False,False
1527,187775.4,8.362004359530827,65,5.011819814757374,2.5435919243899634,3,False,True,0,6,False,False,40,0,False,False
1528,187775.6,7.626591183572353,66,4.840810658271845,2.4160934673682997,3,False,True,0,6,False,False,40,0,False,False
1529,187775.8,7.216671697635086,68,13.098468103900961,3.693619603662656,3,False,True,0,6,False,False,40,0,False,False
1530,187776.0,6.854689417547763,69,13.02876641298509,3.4612996269750265,3,False,True,0,6,False,False,40,0,False,False
1531,187776.2,21.476178220666117,70,12.97301793761823,3.4352506623417107,3,False,True,0,0,True,False,39,0,False,False
1532,187776.4,19.284716553573453,71,8.81370798325139,3.421436380455085,15,True,True,0,6,False,False,40,0,False,False
1533,187776.6,18.55771486529303,71,8.774413114093848,3.3966770713990804,3,False,True,0,6,False,False,41,0,False,False
1534,187776.8,20.197332330038773,71,8.67600618807662,3.383812337595438,3,False,True,0,0,True,False,44,0,False,False
1535,187777.0,18.72005422724641,71,8.297586247065576,3.3644403512333594,3,True,True,0,6,False,False,47,0,False,False
1536,187777.2,18.05566457670203,71,8.156096897205098,3.329659164693781,3,True,True,0,6,False,False,50,0,False,False
1537,187777.4,17.46987260925242,70,4.808029926737043,2.4867347734621648,3,False,True,0,6,False,False,52,0,False,False
1538,187777.6,16.914457754120786,69,4.5991444694485715,2.4282326853297747,3,False,True,0,6,False,False,54,0,False,False
1539,187777.8,16.363028366199785,67,4.425871117598745,2.608808045142106,3,False,True,0,6,False,False,56,0,False,False
1540,187778.0,15.919264975807746,66,4.290892506710477,2.563039265580316,4,False,True,0,6,False,False,58,0,False,False
1541,187778.2,15.385914835004144,65,4.137805454592735,2.5256774967205304,3,False,True,0,6,False,False,61,0,False,False
1542,187778.4,14.91385502723538,64,4.0055858432570455,2.4644072625637325,4,False,True,0,6,False,False,62,0,False,False
1543,187778.6,14.543180215297037,63,3.8912780133107683,2.2273832166392395,6,False,True,0,6,False,False,63,0,False,False
1544,187778.8,14.211915200820041,63,6.6136174088656565,2.9227240287116194,3,False,True,0,6,False,False,62,0,False,False
1545,187779.0,13.890964236978744,63,6.435088175498856,2.8726842766331586,4,False,True,0,6,False,False,61,0,False,False
1546,187779.2,15.542887199917923,63,6.208396520623222,2.822074481441086,3,False,True,0,0,True,False,60,0,False,False
1547,187779.4,13.1317457649947,64,6.003942234121088,2.7689558021338008,3,False,True,0,6,False,False,60,0,False,False
1548,187779.6,12.135019859120836,64,3.2442209976330942,2.027165394068225,3,False,True,0,6,False,False,60,0,False,False
1549,187779.8,11.359031573537552,64,3.044241353586214,1.9573175316745288,3,False,True,0,6,False,False,60,0,False,False
1550,187780.0,10.710915283625058,64,2.8819221148097487,1.9063198079143584,3,False,True,0,6,False,False,60,0,False,False
1551,187780.2,10.156277709336104,64,2.7025018613960867,1.8456099761558193,3,False,True,0,6,False,False,60,0,False,False
1552,187780.4,9.648493431197595,64,2.4872115914896376,1.7798683994357996,3,False,True,0,6,False,False,60,0,False,False
1553,187780.6,9.192234612876005,64,2.230874854978501,1.684863161879126,9,True,True,0,6,False,False,60,0,False,False
1554,187780.8,8.56673654029413,64,2.7679827272444024,1.83111785158401,9,True,True,0,6,False,False,60,0,False,False
1555,187781.0,7.944106853114467,64,2.555248312069513,1.7577491447187803,5,True,True,0,6,False,False,60,0,False,False
1556,187781.2,7.323005441528465,64,2.237816700431392,1.5757552783721047,5,True,True,0,6,False,False,60,0,False,False
1557,187781.4,6.714791449114409,64,1.9879638942922966,1.4478401623091397,10,True,True,0,6,False,False,60,0,False,False
1558,187781.6,6.092008506794611,65,1.7463961509814743,1.3293998928077568,5,True,True,0,6,False,False,59,0,False,False
1559,187781.8,5.540646870250802,66,1.5350878160459147,1.2339173261201453,11,True,True,0,6,False,False,57,0,False,False
1560,187782.0,5.183246983224095,67,1.3047333898426732,1.0887239162044993,11,True,True,0,6,False,False,55,0,False,False
1561,187782.2,4.799081604300777,68,1.2236390461492341,1.0941807206099128,3,False,True,0,6,False,False,51,0,False,False
1562,187782.4,4.4446854741722595,69,1.0750773833362672,1.0144874067127345,3,False,True,0,6,False,False,48,0,False,False
1563,187782.6,4.150142131322791,70,0.9751133462529389,0.9714244827598522,3,False,True,0,6,False,False,45,0,False,False
1564,187782.8,3.9171079497969132,70,0.8758069099221261,0.8758069099221261,5,True,True,0,6,False,False,42,0,False,False
1565,187783.0,3.8315136708861908,70,0.8264796811372673,0.8264796811372673,5,True,True,0,6,False,False,39,0,False,False
1566,187783.2,3.7812739781255567,70,0.6872834897942972,0.6872834897942972,5,True,True,0,6,False,False,36,0,False,False
1567,187783.4,3.8203787470114388,70,0.7096802447129078,0.7096802447129078,4,True,True,0,6,False,False,31,0,False,False
1568,187783.6,3.8654504824094498,70,0.6936230856750658,0.6936230856750658,4,True,True,0,6,False,False,27,0,False,False
1569,187783.8,3.9074242030853603,70,0.541145097452779,0.541145097452779,4,True,True,0,6,False,False,24,0,False,False
1570,187784.0,3.921140873362353,70,0.5380401091948832,0.5380401091948832,4,True,True,0,6,False,False,21,0,False,False
1571,187784.2,3.9388936356215534,71,2.2383033031364676,1.3687738886952274,4,True,True,0,6,False,False,20,0,False,False
1572,187784.4,3.9656970673704968,72,1.9859249085331607,1.3004446298832621,2,False,True,0,6,False,False,18,0,False,False
1573,187784.6,3.9747548057027746,73,1.6985064499656115,1.1991740213810809,2,False,True,0,6,False,False,16,0,False,False
1574,187784.8,3.965640135649418,74,1.3429275259292275,1.0797410308362594,2,False,True,0,6,False,False,15,0,False,False
1575,187785.0,3.9425577671337613,75,1.0485827940251344,0.9887698403492128,2,False,True,0,6,False,False,15,0,False,False
1576,187785.2,3.967031869118377,76,0.809119407088574,0.809119407088574,2,False,True,0,6,False,False,14,0,False,False
1577,187785.4,3.9409084726293098,76,0.5513670386765861,0.5513670386765861,2,False,True,0,6,False,False,15,0,False,False
1578,187785.6,3.900453481564454,76,0.40003638211511133,0.40003638211511133,2,False,True,0,6,False,False,16,0,False,False
1579,187785.8,3.843168671769921,76,0.402065602252985,0.402065602252985,2,False,True,0,6,False,False,16,0,False,False
1580,187786.0,3.819804638385888,76,0.5120668542102168,0.5120668542102168,2,False,True,0,6,False,False,16,0,False,False
1581,187786.2,3.806267307025487,75,0.609654956863728,0.609654956863728,2,True,True,0,6,False,False,16,0,False,False
1582,187786.4,3.786764455425527,75,0.6265607475219129,0.6265607475219129,3,True,True,0,6,False,False,16,0,False,False
1583,187786.6,3.7061972883542604,75,0.7315305029874324,0.7315305029874324,3,True,True,0,6,False,False,18,0,False,False
1584,187786.8,3.624169619597851,75,0.7938260438153762,0.7938260438153762,3,True,True,0,6,False,False,17,0,False,False
1585,187787.0,3.5631527853074,75,0.7652346579361787,0.7652346579361787,3,True,True,0,6,False,False,15,0,False,False
1586,187787.2,3.51610017328582,75,0.6996771001399097,0.6996771001399097,3,True,True,0,6,False,False,14,0,False,False
1587,187787.4,3.4764772768312273,76,0.7537615098599553,0.7537615098599553,3,True,True,0,6,False,False,12,0,False,False
1588,187787.6,3.426174974545288,77,0.868754728382376,0.868754728382376,3,True,True,0,6,False,False,11,0,False,False
1589,187787.8,3.4027969235389746,78,0.9248127945943104,0.895344670793138,3,True,True,0,6,False,False,12,0,False,False
1590,187788.0,3.377093399750265,79,0.9471628584089412,0.918343829701627,2,False,True,0,6,False,False,13,0,False,False
1591,187788.2,3.348544434445477,80,1.076535026829335,0.9916502518614665,2,False,True,0,6,False,False,14,0,False,False
1592,187788.4,3.314466032328901,80,1.213971118551568,1.0544980095819145,2,False,True,0,6,False,False,16,0,False,False
1593,187788.6,3.2914101889793006,80,1.1569202544881847,1.0299007339419095,2,False,True,0,6,False,False,15,0,False,False
1594,187788.8,3.2406346949275164,80,1.0490861288746083,1.0123986202966615,3,True,True,0,6,False,False,18,0,False,False
1595,187789.0,3.144965166276683,80,0.9009743052663249,0.9009743052663249,4,True,True,0,6,False,False,22,0,False,False
1596,187789.2,3.086046474034321,80,0.8533313829107531,0.8533313829107531,5,True,True,0,6,False,False,24,0,False,False
1597,187789.4,2.9691114012175905,80,0.7832742518570327,0.7832742518570327,5,True,True,0,6,False,False,26,0,False,False
1598,187789.6,2.6794977085737357,80,0.7791251921712,0.7791251921712,5,True,True,0,6,False,False,27,0,False,False
1599,187789.8,2.463605522272595,80,0.7609377894664812,0.7609377894664812,5,True,True,0,6,False,False,27,0,False,False
1600,187790.0,2.3240959739723412,80,0.7067001994054195,0.7067001994054195,5,True,True,0,6,False,False,26,0,False,False
1601,187790.2,2.216268483314726,80,0.6555529282215361,0.6555529282215361,5,True,True,0,6,False,False,25,0,False,False
1602,187790.4,2.14920342173063,80,0.6009523332740219,0.6009523332740219,5,True,True,0,6,False,False,22,0,False,False
1603,187790.6,2.0985419813810955,80,0.6154929709619593,0.6154929709619593,4,True,True,0,6,False,False,21,0,False,False
1604,187790.8,2.002756401961615,79,0.4166410311563912,0.4166410311563912,4,True,True,0,6,False,False,18,0,False,False
1605,187791.0,1.93747391079457,78,0.42237975896491825,0.42237975896491825,3,True,True,0,6,False,False,13,0,False,False
1606,187791.2,1.896447421047245,77,0.4288947362989304,0.4288947362989304,3,True,True,0,6,False,False,10,0,False,False
1607,187791.4,1.9011706456303457,76,0.44606497655436617,0.44606497655436617,3,True,True,0,6,False,False,8,0,False,False
1608,187791.6,1.957171763020048,75,0.5006696566039168,0.5006696566039168,3,True,True,0,6,False,False,6,0,False,False
1609,187791.8,2.047062453519586,74,0.5550655026534306,0.5550655026534306,3,True,True,0,6,False,False,4,0,False,False
1610,187792.0,2.1239544645449895,73,0.49711022137951183,0.49711022137951183,3,True,True,0,6,False,False,3,0,False,False
1611,187792.2,2.2909558139889756,73,3.0902433497652524,1.4802475268070494,2,False,True,0,6,False,False,3,0,False,False
1612,187792.4,2.461765654959869,73,3.247717013851209,1.5072552154610874,2,False,True,0,6,False,False,4,0,False,False
1613,187792.6,2.531437051303117,72,0.5298255096924969,0.5298255096924969,2,True,True,0,6,False,False,4,0,False,False
1614,187792.8,2.565775303436114,72,0.570021702165695,0.570021702165695,2,False,True,0,6,False,False,4,0,False,False
1615,187793.0,2.603689730129935,72,0.6087202598057042,0.6087202598057042,2,True,True,0,6,False,False,6,0,False,False
1616,187793.2,2.613616902759605,72,0.6374972499507598,0.6374972499507598,3,True,True,0,6,False,False,9,0,False,False
1617,187793.4,2.594145587822447,72,0.5773127233647503,0.5773127233647503,3,False,True,0,6,False,False,12,0,False,False
1618,187793.6,2.565810586923952,72,0.5189011917075984,0.5189011917075984,3,True,True,0,6,False,False,14,0,False,False
1619,187793.8,2.51932113808912,72,0.5075193760883041,0.5075193760883041,3,True,True,0,6,False,False,18,0,False,False
1620,187794.0,2.4645339702048363,72,0.49733796222013626,0.49733796222013626,3,True,True,0,6,False,False,22,0,False,False
1621,187794.2,2.3883797210759306,71,0.47906230694506224,0.47906230694506224,4,True,True,0,6,False,False,25,0,False,False
1622,187794.4,2.3107308173382544,70,0.44938143133476227,0.44938143133476227,4,True,True,0,6,False,False,31,0,False,False
1623,187794.6,2.225239887499922,69,0.3782438324554088,0.3782438324554088,4,True,True,0,6,False,False,36,0,False,False
1624,187794.8,2.2131430922425728,65,0.4605048343116211,0.4605048343116211,4,True,True,0,6,False,False,38,0,False,False
1625,187795.0,2.173542300730753,62,0.905731880309767,0.905731880309767,4,True,True,0,6,False,False,40,0,False,False
1626,187795.2,2.1121432303933525,61,0.7077587661043854,0.7077587661043854,4,True,True,0,6,False,False,43,0,False,False
1627,187795.4,2.0641217064624797,61,0.7084481332264603,0.7084481332264603,4,True,True,0,6,False,False,46,0,False,False
1628,187795.6,2.0129900311703537,61,0.6498407735533248,0.6498407735533248,4,True,True,0,6,False,False,50,0,False,False
1629,187795.8,1.9616509382239335,61,0.5852330887366385,0.5852330887366385,4,True,True,0,6,False,False,52,0,False,False
1630,187796.0,1.9084031335647498,61,0.5114871363486027,0.5114871363486027,4,True,True,0,6,False,False,54,0,False,False
1631,187796.2,1.8826802756676373,61,0.4221196090013739,0.4221196090013739,4,True,True,0,6,False,False,56,0,False,False
1632,187796.4,1.8655228804968305,61,0.3763005943487992,0.3763005943487992,4,True,True,0,6,False,False,55,0,False,False
1633,187796.6,1.8350006254054367,62,0.36841849174278557,0.36841849174278557,4,True,True,0,6,False,False,55,0,False,False
1634,187796.8,1.8222387396684405,66,0.38323948794612794,0.38323948794612794,4,True,True,0,6,False,False,58,0,False,False
1635,187797.0,1.7993849837220028,68,0.4519307273030935,0.4519307273030935,4,True,True,0,6,False,False,59,0,False,False
1636,187797.2,1.8150701662366633,69,0.5164489028649784,0.5164489028649784,3,True,True,0,6,False,False,58,0,False,False
1637,187797.4,1.9034703584939399,68,0.3947390846667671,0.3947390846667671,3,True,True,0,6,False,False,57,0,False,False
1638,187797.6,2.1843658737083707,68,0.8460977598886751,0.764326836811826,3,True,True,0,6,False,False,56,0,False,False
1639,187797.8,2.2102515482932836,68,2.955712647140045,1.4597712904021942,8,True,True,0,6,False,False,55,0,False,False
1640,187798.0,2.2657385137880937,68,2.810548016012041,1.5394887109973339,2,True,True,0,6,False,False,54,0,False,False
1641,187798.2,2.152429353918905,68,2.624309624473384,1.4890584255306718,2,True,True,0,6,False,False,53,0,False,False
1642,187798.4,2.1313196048414325,67,2.6698689281111396,1.686707163274419,3,True,True,0,6,False,False,51,0,False,False
1643,187798.6,2.119216111919934,66,2.335407114410974,1.59524790247817,2,True,True,0,6,False,False,49,0,False,False
1644,187798.8,2.0931150586857967,65,2.1808877859511693,1.5530680606753748,2,True,True,0,6,False,False,47,0,False,False
1645,187799.0,2.084367903640485,65,1.8942610235307293,1.4623335664319106,2,True,True,0,6,False,False,45,0,False,False
1646,187799.2,2.0780973765736035,65,1.5536512782312932,1.316160236278399,2,False,True,0,6,False,False,43,0,False,False
1647,187799.4,2.0504895547191015,66,1.2520713547478912,1.1098726069139484,2,True,True,0,6,False,False,41,0,False,False
1648,187799.6,2.03916607123508,66,1.147523529846834,1.0504216984933687,2,False,True,0,6,False,False,39,0,False,False
1649,187799.8,2.037634671106828,66,1.0814665484753019,1.018872052098084,2,False,True,0,6,False,False,37,0,False,False
1650,187800.0,2.0355790052009928,66,1.0120851325162243,1.0101976817064664,2,False,True,0,6,False,False,36,0,False,False
1651,187800.2,2.052198587435485,65,0.9149668524696305,0.9149668524696305,2,False,True,0,6,False,False,35,0,False,False
1652,187800.4,2.0576770843024508,66,0.7371614267279609,0.7371614267279609,2,True,True,0,6,False,False,37,0,False,False
1653,187800.6,2.037592315069464,66,0.7039372739617737,0.7039372739617737,4,True,True,0,6,False,False,38,0,False,False
1654,187800.8,1.985686022780305,67,0.6822386337922353,0.6822386337922353,3,False,True,0,6,False,False,39,0,False,False
1655,187801.0,1.9251692658718345,67,0.6576480042066262,0.6576480042066262,3,True,True,0,6,False,False,41,0,False,False
1656,187801.2,1.8321685118577429,66,0.720340303032013,0.720340303032013,4,True,True,0,6,False,False,43,0,False,False
1657,187801.4,1.7170751912113373,66,0.650704662801643,0.650704662801643,4,True,True,0,6,False,False,45,0,False,False
1658,187801.6,1.6001215401231568,66,0.6960315828218188,0.6960315828218188,4,True,True,0,6,False,False,47,0,False,False
1659,187801.8,1.4814199935058303,66,0.7246034485169166,0.7246034485169166,4,True,True,0,6,False,False,49,0,False,False
1660,187802.0,1.36509216113429,66,0.7220507379536409,0.7174899451209829,4,True,True,0,6,False,False,50,0,False,False
1661,187802.2,1.271871263370342,67,0.6092948593453191,0.6092948593453191,4,True,True,0,6,False,False,51,0,False,False
1662,187802.4,1.1825574381266373,67,0.5495800416215049,0.5495800416215049,4,True,True,0,6,False,False,50,0,False,False
1663,187802.6,1.1061176037689109,68,0.4694222603716598,0.4694222603716598,4,True,True,0,6,False,False,50,0,False,False
1664,187802.8,1.0385457039176706,68,0.4568303441985361,0.4568303441985361,4,True,True,0,6,False,False,50,0,False,False
1665,187803.0,0.977201928485173,70,2.1162266308240376,1.3291258827285932,3,False,True,0,6,False,False,50,0,False,False
1666,187803.2,0.9468041629759208,72,1.7537771066873393,1.1843763575660144,3,False,True,0,6,False,False,50,0,False,False
1667,187803.4,0.9352333318584053,73,1.4901084640319375,1.0898697711054,3,False,True,0,6,False,False,50,0,False,False
1668,187803.6,0.9550208042471543,74,1.4018022920686168,1.0701076899536652,3,False,True,0,6,False,False,50,0,False,False
1669,187803.8,0.9715359494448812,74,0.3684178827772092,0.3684178827772092,3,False,True,0,6,False,False,50,0,False,False
1670,187804.0,0.9962263412138931,75,0.7461974726653048,0.7461974726653048,3,True,True,0,6,False,False,50,0,False,False
1671,187804.2,1.0299536551450736,76,0.6171414384256687,0.6171414384256687,3,False,True,0,6,False,False,50,0,False,False
1672,187804.4,1.0751368853848384,77,0.40977450809597465,0.40977450809597465,3,True,True,0,6,False,False,50,0,False,False
1673,187804.6,1.1148606152908578,78,0.32432456102542917,0.32432456102542917,3,True,True,0,6,False,False,50,0,False,False
1674,187804.8,1.138435460562581,79,0.3046797380485982,0.3046797380485982,3,True,True,0,6,False,False,50,0,False,False
1675,187805.0,1.2033838281173348,78,0.3319813356563473,0.3319813356563473,3,False,True,0,6,False,False,50,0,False,False
1676,187805.2,1.2370860117447877,77,0.5503161842262644,0.5503161842262644,3,False,True,0,6,False,False,50,0,False,False
1677,187805.4,1.2629327337174334,76,0.8694055795794753,0.7901708292459104,3,False,True,0,6,False,False,50,0,False,False
1678,187805.6,1.271129438625951,75,1.0958980778190788,0.8808006668616856,3,True,True,0,6,False,False,50,0,False,False
1679,187805.8,1.2831336886934912,74,0.3441485072403454,0.3441485072403454,3,True,True,0,6,False,False,50,0,False,False
1680,187806.0,1.308317991413105,72,0.24603452017928357,0.24603452017928357,3,True,True,0,6,False,False,50,0,False,False
1681,187806.2,1.319687243489995,70,2.5496997344899905,1.3514591135889231,2,True,True,0,6,False,False,49,0,False,False
1682,187806.4,1.3592548589155118,69,2.5678068007376815,1.223832361448097,2,True,True,0,6,False,False,50,0,False,False
1683,187806.6,1.4325764554670433,68,2.734662993486659,1.2600947645679323,2,True,True,0,6,False,False,51,0,False,False
1684,187806.8,1.5389820733124995,67,2.899511504082741,1.3089121837327953,2,True,True,0,6,False,False,53,0,False,False
1685,187807.0,1.6270052755827646,67,3.1568292292687086,1.3847625924393747,2,False,True,0,6,False,False,55,0,False,False
1686,187807.2,1.7106287739801944,67,3.3976937516405217,1.4403190275192272,2,True,True,0,6,False,False,57,0,False,False
1687,187807.4,1.8362128389718197,66,0.3216221799061192,0.3216221799061192,2,True,True,0,6,False,False,57,0,False,False
1688,187807.6,2.06193404391193,65,0.25633494321192346,0.25633494321192346,2,True,True,0,6,False,False,56,0,False,False
1689,187807.8,2.1874877849837047,65,0.3214055418843351,0.3214055418843351,2,True,True,0,6,False,False,55,0,False,False
1690,187808.0,2.334028168964281,65,0.5618230904184304,0.5618230904184304,2,False,True,0,6,False,False,53,0,False,False
1691,187808.2,2.4592236659212587,65,0.6651745164011867,0.6651745164011867,2,True,True,0,6,False,False,52,0,False,False
1692,187808.4,2.550353988322858,64,0.8273595838374167,0.8088460165004234,3,True,True,0,6,False,False,49,0,False,False
1693,187808.6,2.607820526981327,63,1.1831162694249115,0.9653576345407343,5,True,True,0,6,False,False,47,0,False,False
1694,187808.8,2.5988815653703954,62,1.4642301762850114,1.0651183893398972,4,True,True,0,6,False,False,44,0,False,False
1695,187809.0,2.545920682326355,60,0.31257960216662645,0.31257960216662645,5,True,True,0,6,False,False,41,0,False,False
1696,187809.2,2.4604480709306262,58,0.2676256351826213,0.2676256351826213,5,True,True,0,6,False,False,38,0,False,False
1697,187809.4,2.369729893292106,57,0.28075227700058886,0.28075227700058886,5,True,True,0,6,False,False,37,0,False,False
1698,187809.6,2.2855328895071816,56,0.29562046338738807,0.29562046338738807,5,True,True,0,6,False,False,37,0,False,False
1699,187809.8,2.226106750626966,55,0.35481875172100413,0.35481875172100413,3,True,True,0,6,False,False,37,0,False,False
1700,187810.0,2.157409346154965,54,0.3697981126049605,0.3697981126049605,5,True,True,0,6,False,False,38,0,False,False
1701,187810.2,2.1235155465607614,53,0.3652409679128343,0.3652409679128343,5,True,True,0,6,False,False,39,0,False,False
1702,187810.4,2.094579209958959,52,0.3707267203247534,0.3707267203247534,5,True,True,0,6,False,False,40,0,False,False
1703,187810.6,2.1121818359483187,51,0.35552299269429805,0.35552299269429805,5,True,True,0,6,False,False,40,0,False,False
1704,187810.8,2.1411521019612456,50,0.331267059830776,0.331267059830776,4,True,True,0,6,False,False,40,0,False,False
1705,187811.0,2.2223363883323284,51,9.399722511839231,2.54473508049679,4,False,True,0,6,False,False,40,0,False,False
1706,187811.2,2.3328427495484543,52,8.707072352291313,2.7461366142920833,3,True,True,0,6,False,False,40,0,False,False
1707,187811.4,23.08129040009038,53,8.299075445644148,2.429425633748825,2,True,True,0,0,True,False,40,0,False,False
1708,187811.6,22.2405457929116,53,2.8325753420802298,2.0354490405726375,9,True,True,0,6,False,False,40,0,False,False
1709,187811.8,21.973455323682945,54,2.746619446616414,1.9707561071204178,3,True,True,0,6,False,False,40,0,False,False
1710,187812.0,21.910789538142577,55,2.777875520699172,1.978345165282453,4,True,True,0,6,False,False,40,0,False,False
1711,187812.2,21.978429972308774,56,2.827087629887775,2.0178775529705235,5,True,True,0,6,False,False,40,0,False,False
1712,187812.4,21.979927097384373,56,2.8719351309437315,1.9676817365386379,4,True,True,0,6,False,False,41,0,False,False
1713,187812.6,22.051112450726283,56,2.8661056614489446,1.8132339799723827,4,True,True,0,6,False,False,42,0,False,False
1714,187812.8,22.082098955600582,56,2.845196892386532,1.8171503622002392,5,True,True,0,6,False,False,42,0,False,False
1715,187813.0,22.11343374139813,55,2.8447715330716252,1.8181961470559778,2,True,True,0,6,False,False,42,0,False,False
1716,187813.2,22.159168744814455,55,2.984344041145428,1.904637692281995,3,True,True,0,6,False,False,42,0,False,False
1717,187813.4,22.2737338151715,55,2.857264502044559,1.8392771932089966,4,True,True,0,6,False,False,42,0,False,False
1718,187813.6,22.409885055762448,56,2.6906201137250574,1.7671612186205021,4,True,True,0,6,False,False,42,0,False,False
1719,187813.8,22.503411830011178,56,2.6319254843957918,1.7411448434651964,5,True,True,0,6,False,False,42,0,False,False
1720,187814.0,22.65803633523396,56,2.5607268368320595,1.8910471347604216,5,True,True,0,6,False,False,42,0,False,False
1721,187814.2,22.79281918718088,56,2.5728332161370666,1.8637713998071852,5,True,True,0,6,False,False,42,0,False,False
1722,187814.4,22.94777253037565,57,2.6023096455473875,1.8723393207687535,5,True,True,0,6,False,False,41,0,False,False
1723,187814.6,23.144920849526425,58,2.7445782682958852,1.9426261724512806,5,True,True,0,6,False,False,40,0,False,False
1724,187814.8,23.449900910660016,59,2.9308549912470614,2.066478686814111,4,True,True,0,6,False,False,40,0,False,False
1725,187815.0,23.602137633791774,59,2.792778145264657,1.9874826227387938,4,False,True,0,6,False,False,39,0,False,False
1726,187815.2,23.685606416703997,58,2.909140627852289,1.9511898898248057,5,True,True,0,6,False,False,38,0,False,False
1727,187815.4,23.824693866319727,58,2.9081596045686022,1.8265232276214498,4,True,True,0,6,False,False,38,0,False,False
1728,187815.6,23.92805340510255,58,2.7799422564766463,1.6942752046321066,2,True,True,0,6,False,False,37,0,False,False
1729,187815.8,23.978855366153155,57,2.973001943147421,1.7803239924079521,2,True,True,0,6,False,False,37,0,False,False
1730,187816.0,23.98774676144765,57,2.7610892255398096,1.6579560420140105,2,False,True,0,6,False,False,38,0,False,False
1731,187816.2,23.949928894182364,57,2.7604416460596304,1.662151365406624,2,True,True,0,6,False,False,39,0,False,False
1732,187816.4,23.892429149569647,57,2.8122133074210582,1.8546463486646438,2,False,True,0,6,False,False,40,0,False,False
1733,187816.6,23.82574763385229,56,3.101869988686503,2.0134079759596375,2,True,True,0,6,False,False,41,0,False,False
1734,187816.8,23.798778948558414,56,2.8879214569414957,1.907461335104437,2,False,True,0,6,False,False,42,0,False,False
1735,187817.0,23.828352055807592,57,2.9640198821714225,1.993385133783047,2,True,True,0,6,False,False,44,0,False,False
1736,187817.2,23.872612430093326,58,3.037346049097402,2.0351281044409015,2,True,True,0,6,False,False,46,0,False,False
1737,187817.4,23.910333788892526,58,3.1178336732972634,2.0526487626971774,2,True,True,0,6,False,False,47,0,False,False
1738,187817.6,23.963074588438847,58,3.151955541629687,2.0843645572938065,2,True,True,0,6,False,False,49,0,False,False
1739,187817.8,23.983453790017403,58,2.951724012087194,1.9145939615804692,2,True,True,0,6,False,False,50,0,False,False
1740,187818.0,23.995447487883553,57,2.9461728741256987,1.9416824583234653,2,True,True,0,6,False,False,50,0,False,False
1741,187818.2,24.02002489734606,56,2.9926058710547614,1.965484245376545,2,True,True,0,6,False,False,50,0,False,False
1742,187818.4,24.04598968574798,55,3.0228993669641273,2.0007753137985733,2,True,True,0,6,False,False,50,0,False,False
1743,187818.6,24.06709473324668,55,2.992450577902031,1.8766409527615842,2,True,True,0,6,False,False,50,0,False,False
1744,187818.8,24.118961327142312,55,2.9213837022848144,1.8502008917220683,2,True,True,0,6,False,False,50,0,False,False
1745,187819.0,24.112887982850275,55,2.7151823675135076,1.80667042671574,2,True,True,0,6,False,False,50,0,False,False
1746,187819.2,24.0433024895716,55,2.673309338534446,1.8540712863637314,2,True,True,0,6,False,False,50,0,False,False
1747,187819.4,23.90958738150094,55,2.682507682787201,1.8976293630149763,2,True,True,0,6,False,False,50,0,False,False
1748,187819.6,23.725888202021526,54,2.9560123474088775,1.9548251044096698,2,False,True,0,6,False,False,49,0,False,False
1749,187819.8,23.49601249658011,55,2.7521944455047698,1.7845513678368714,2,False,True,0,6,False,False,49,0,False,False
1750,187820.0,23.26055805855229,56,2.7852388016476164,1.940770417019365,2,False,True,0,6,False,False,48,0,False,False
1751,187820.2,23.036496237699986,56,2.3191236781718905,1.7513387516272587,2,False,True,0,6,False,False,46,0,False,False
1752,187820.4,22.784728618534963,57,2.5717778935892888,1.8268376274872824,2,False,True,0,6,False,False,45,0,False,False
1753,187820.6,22.565185364163977,58,2.5240732883387884,1.7686604242616335,2,False,True,0,6,False,False,42,0,False,False
1754,187820.8,22.405313651558014,58,2.517883814826843,1.7650781415466001,2,False,True,0,6,False,False,38,0,False,False
1755,187821.0,22.280136071203614,57,2.3732326757997395,1.68358178175533,2,False,True,0,6,False,False,33,0,False,False
1756,187821.2,22.199432925520185,57,2.6427584664284924,1.6986980424260247,2,False,True,0,6,False,False,28,0,False,False
1757,187821.4,22.179970995850027,57,2.6183116072915764,1.672267285985563,2,False,True,0,6,False,False,23,0,False,False
1758,187821.6,22.21158665345116,58,2.62392183414544,1.6484176265273094,2,False,True,0,6,False,False,19,0,False,False
1759,187821.8,22.176871002421024,59,4.1165626366103165,2.119554374887065,2,False,True,0,6,False,False,15,0,False,False
1760,187822.0,22.188097990586943,59,2.6257754746678024,1.7454014071817028,2,False,True,0,6,False,False,12,0,False,False
1761,187822.2,22.181030575264238,59,2.8752710851429413,1.9046787613204674,3,False,True,0,6,False,False,10,0,False,False
1762,187822.4,22.23804775435288,59,2.679967456249449,1.8391279734533146,3,False,True,0,6,False,False,7,0,False,False
1763,187822.6,22.3485042467661,59,2.7325764938081667,1.874024268571758,3,False,True,0,6,False,False,7,0,False,False
1764,187822.8,22.41996317252128,56,3.7762303582358188,2.4561605212043562,2,False,True,0,6,False,False,8,0,False,False
1765,187823.0,22.45894890225224,54,3.6075154609268427,2.3998366451466304,2,False,True,0,6,False,False,10,0,False,False
1766,187823.2,22.48231018512842,53,2.759380966518497,1.8784746263807388,2,False,True,0,6,False,False,12,0,False,False
1767,187823.4,22.488881630082286,52,2.7026699175793185,1.8304727800040044,2,False,True,0,6,False,False,14,0,False,False
1768,187823.6,22.455190037831194,51,2.6455008479574813,1.8411186171719154,2,False,True,0,6,False,False,16,0,False,False
1769,187823.8,22.40261422727856,49,2.621148193370704,1.799552685257751,2,False,True,0,6,False,False,17,0,False,False
1770,187824.0,22.3299263150099,48,2.6233397321673335,1.8201145603364024,2,False,True,0,6,False,False,18,0,False,False
1771,187824.2,22.242761235409066,48,2.5805073163766865,1.8031045416251616,2,True,True,0,6,False,False,19,0,False,False
1772,187824.4,22.13728682844471,47,2.5460379274886535,1.8080635484075673,2,True,True,0,6,False,False,23,0,False,False
1773,187824.6,21.990203190756077,46,2.55865435894292,1.85851240122866,2,True,True,0,6,False,False,26,0,False,False
1774,187824.8,21.808918958131137,48,2.5333082109564256,1.838885012582481,2,True,True,0,6,False,False,29,0,False,False
1775,187825.0,21.599288678548216,50,2.4945114760153633,1.7987405520900663,2,True,True,0,6,False,False,32,0,False,False
1776,187825.2,21.428414761958035,51,5.075190909724405,2.44008937922466,3,False,True,0,6,False,False,35,0,False,False
1777,187825.4,21.23600744851788,52,5.313256653362802,2.482055616085246,5,True,True,0,6,False,False,38,0,False,False
1778,187825.6,21.123149415590966,53,5.493411719557595,2.5235441067689868,5,True,True,0,6,False,False,41,0,False,False
1779,187825.8,21.074717525508092,54,5.533505486264223,2.503943346632892,5,True,True,0,6,False,False,44,0,False,False
1780,187826.0,21.09344995842818,55,5.305405430755181,2.483616000065332,5,True,True,0,6,False,False,47,0,False,False
1781,187826.2,21.179451792548793,56,4.9449788683009555,2.421030170053704,5,True,True,0,6,False,False,50,0,False,False
1782,187826.4,21.320935572256648,57,4.50201920908694,2.3289798996342364,3,False,True,0,6,False,False,50,0,False,False
1783,187826.6,21.472392329789916,58,4.120616448268285,2.3656910549249335,2,True,True,0,6,False,False,50,0,False,False
1784,187826.8,21.635872504574465,59,3.883047379233297,2.3252953118160806,2,True,True,0,6,False,False,50,0,False,False
1785,187827.0,21.838986297313497,60,3.696406987016416,2.16874663479915,2,True,True,0,6,False,False,50,0,False,False
1786,187827.2,22.024138077970967,60,3.720313547520355,2.1883236612892496,2,True,True,0,6,False,False,50,0,False,False
1787,187827.4,22.207405624893113,60,3.777550248494575,2.227366860094442,2,True,True,0,6,False,False,50,0,False,False
1788,187827.6,22.400576520972486,60,4.030979841367459,2.417966144595129,2,True,True,0,6,False,False,50,0,False,False
1789,187827.8,22.592857213711667,60,4.216958517306058,2.3354462363315767,2,True,True,0,6,False,False,50,0,False,False
1790,187828.0,22.810451563567398,60,4.191506497940435,2.3562679914118956,3,True,True,0,6,False,False,50,0,False,False
1791,187828.2,23.039198357280643,60,4.209501994466464,2.3555911889346515,3,False,True,0,6,False,False,50,0,False,False
1792,187828.4,23.25984553354221,60,4.233468516461924,2.3804620794860942,3,False,True,0,6,False,False,50,0,False,False
1793,187828.6,23.449751026857623,59,3.0795028257055246,2.0065064040538747,3,False,True,0,6,False,False,50,0,False,False
1794,187828.8,23.583918109947795,58,3.116386741974483,2.026477547918902,3,False,True,0,6,False,False,50,0,False,False
1795,187829.0,23.686005295050908,59,5.921433779716659,2.837748012192598,4,True,True,0,6,False,False,50,0,False,False
1796,187829.2,23.688091832184835,59,5.537757986908157,2.7180843215853914,4,True,True,0,6,False,False,50,0,False,False
1797,187829.4,23.880984871675814,59,4.180341385473819,2.3377101810111567,4,False,True,0,6,False,False,50,0,False,False
1798,187829.6,23.870596670749176,60,6.064088945020534,2.8339267828939576,4,True,True,0,6,False,False,49,0,False,False
1799,187829.8,23.88110204364359,60,4.6473674427113725,2.381916058931238,4,True,True,0,6,False,False,48,0,False,False
1800,187830.0,23.89925293937645,60,4.880295697467831,2.4123616871274454,4,True,True,0,6,False,False,47,0,False,False
1801,187830.2,23.923840398555598,60,4.768918908586474,2.3906088031162254,4,True,True,0,6,False,False,47,0,False,False
1802,187830.4,23.856386832705006,61,6.307342546767131,2.8417103193228836,3,True,True,0,6,False,False,47,0,False,False
1803,187830.6,23.85716394316547,63,6.589531504757276,3.149539453977022,3,True,True,0,6,False,False,47,0,False,False
1804,187830.8,25.38798747248191,65,6.714132985235457,3.1845987243340814,3,True,True,0,0,True,False,47,0,False,False
1805,187831.0,25.18731666086986,64,4.422521032670116,2.5351465555559094,9,True,True,0,6,False,False,47,0,False,False
1806,187831.2,25.43989212848285,64,4.303351187479748,2.4823555951281846,4,True,True,0,6,False,False,47,0,False,False
1807,187831.4,25.66599471059528,64,4.245978286840143,2.35641451206162,4,True,True,0,6,False,False,47,0,False,False
1808,187831.6,25.897665257116,63,4.189511246607886,2.3791993988823803,3,True,True,0,6,False,False,48,0,False,False
1809,187831.8,26.104743161909127,63,4.0018079428532864,2.126071980567941,3,False,True,0,6,False,False,49,0,False,False
1810,187832.0,26.29352532822179,63,3.8667175682760604,2.0904911110802544,3,False,True,0,6,False,False,50,0,False,False
1811,187832.2,26.478816338439017,63,3.825707576531154,2.08351166693928,3,False,True,0,6,False,False,50,0,False,False
1812,187832.4,26.654266397789513,62,3.8259210333651015,2.081220508008414,2,True,True,0,6,False,False,50,0,False,False
1813,187832.6,26.8328433223745,61,4.030464685139711,2.162015989781709,2,True,True,0,6,False,False,50,0,False,False
1814,187832.8,27.03014136906024,60,4.300091015611614,2.214332396045136,2,True,True,0,6,False,False,50,0,False,False
1815,187833.0,27.23523558631389,60,4.399882523772038,2.2343049622754676,2,True,True,0,6,False,False,50,0,False,False
1816,187833.2,27.44090546559717,60,4.553143142760312,2.256537154075253,2,True,True,0,6,False,False,50,0,False,False
1817,187833.4,27.64784150400661,60,4.691412786854911,2.278112357777943,2,True,True,0,6,False,False,50,0,False,False
1818,187833.6,27.844769690682224,60,4.741773035067462,2.2838566084152894,2,True,True,0,6,False,False,50,0,False,False
1819,187833.8,28.041330041276595,60,4.838937102796368,2.539597484662976,2,True,True,0,6,False,False,50,0,False,False
1820,187834.0,28.22555066728871,60,4.880158036839006,2.509044470034029,2,True,True,0,6,False,False,50,0,False,False
1821,187834.2,28.421336272847345,60,4.966464439863834,2.2987515462226087,2,True,True,0,6,False,False,50,0,False,False
1822,187834.4,28.607946952191394,60,4.98119126804389,2.2989272458931294,2,True,True,0,6,False,False,50,0,False,False
1823,187834.6,28.803325990178564,60,5.055186992772089,2.3116857055807576,2,True,True,0,6,False,False,50,0,False,False
1824,187834.8,28.991063378897284,60,5.097808701750839,2.3242410739988797,2,True,True,0,6,False,False,50,0,False,False
1825,187835.0,29.176738359510246,60,5.055502672970376,2.5024058812182832,2,True,True,0,6,False,False,50,0,False,False
1826,187835.2,29.343192600942697,61,15.242932787392386,3.7946847545354077,2,True,True,0,6,False,False,50,0,False,False
1827,187835.4,29.323495256885973,62,15.032109696177198,3.7957096953976364,4,True,True,0,6,False,False,50,0,False,False
1828,187835.6,24.92061652802896,63,14.702482362768212,3.7612663097099395,4,True,True,0,0,True,False,50,0,False,False
1829,187835.8,23.004384602816764,64,11.991798430694931,3.9045440170946786,13,True,True,0,6,False,False,50,0,False,False
1830,187836.0,22.887622602845145,64,7.6622478704931565,3.3925608797135336,3,False,True,0,6,False,False,50,0,False,False
1831,187836.2,37.19373490307501,64,7.575126129325592,3.348591941878885,3,False,True,0,0,True,False,50,0,False,False
1832,187836.4,37.418765487591415,64,4.415712687305985,2.426979009948044,7,True,True,0,6,False,False,50,0,False,False
1833,187836.6,37.570627883724505,64,4.467511602001476,2.417902266207993,5,False,True,0,6,False,False,50,0,False,False
1834,187836.8,37.68441889071429,64,4.526535140753078,2.4090668174776226,4,False,True,0,6,False,False,50,0,False,False
1835,187837.0,37.77999372316049,64,4.549700990579345,2.382409016347015,4,True,True,0,6,False,False,50,0,False,False
1836,187837.2,37.81586749291445,62,4.973466277145729,2.4934765058471244,5,True,True,0,6,False,False,50,0,False,False
1837,187837.4,37.87657774983068,61,4.5426886315447295,2.3365413912207025,4,True,True,0,6,False,False,50,0,False,False
1838,187837.6,37.93441926153239,60,4.571416590098132,2.3086283577015334,4,True,True,0,6,False,False,50,0,False,False
1839,187837.8,38.03408947105855,59,4.605899841118621,2.3847318345137727,3,True,True,0,6,False,False,50,0,False,False
1840,187838.0,38.110691437462165,59,4.607751685551492,2.1476575606701385,3,True,True,0,6,False,False,50,0,False,False
1841,187838.2,38.17545909465148,59,4.638031450957215,2.1373867599219656,2,True,True,0,6,False,False,50,0,False,False
1842,187838.4,38.246847483804274,59,4.678747741694596,2.1504563299590473,3,True,True,0,6,False,False,50,0,False,False
1843,187838.6,38.31244431683657,59,4.686065022643797,2.389958604970364,2,True,True,0,6,False,False,50,0,False,False
1844,187838.8,38.347303555498826,60,20.347277047002425,4.056830555707114,2,True,True,0,6,False,False,50,0,False,False
1845,187839.0,34.785982357979634,61,19.463367311943426,4.0627327917506,10,True,True,0,6,False,False,50,0,False,False
1846,187839.2,25.89233358403538,63,18.791122661489204,4.103116847511564,9,True,True,0,0,True,False,50,0,False,False
1847,187839.4,22.952506631293367,64,14.66749880124967,4.339879685739662,11,True,True,0,6,False,False,50,0,False,False
1848,187839.6,22.422370252784706,65,14.898251852238248,4.342644661285896,3,False,True,0,6,False,False,50,0,False,False
1849,187839.8,25.92255404747257,66,15.210063342187397,4.367611187938655,3,False,True,0,0,True,False,50,0,False,False
1850,187840.0,23.07558620238259,67,15.247725850879673,4.421870258792232,9,False,True,0,6,False,False,50,0,False,False
1851,187840.2,24.340699129204662,68,15.459737162562577,4.457948889969599,4,True,True,0,6,False,False,50,0,False,False
1852,187840.4,38.148519313586725,68,11.187344153557202,3.855713442227552,3,True,True,0,0,True,False,50,0,False,False
1853,187840.6,37.597231516602655,68,4.792796744969501,2.2657255306445556,9,True,True,0,6,False,False,50,0,False,False
1854,187840.8,37.4175626535648,67,4.779601866485482,2.244926091042537,4,True,True,0,6,False,False,50,0,False,False
1855,187841.0,37.37324139527193,66,4.742123826582257,2.2324055492648913,3,True,True,0,6,False,False,50,0,False,False
1856,187841.2,37.40654681438606,65,4.729535653092569,2.2249153263574772,3,True,True,0,6,False,False,50,0,False,False
1857,187841.4,37.476779242626854,64,4.6891105876712045,2.4965698066507804,2,True,True,0,6,False,False,50,0,False,False
1858,187841.6,37.52864938981814,64,23.2873670516469,4.307283842587952,2,True,True,0,6,False,False,50,0,False,False
1859,187841.8,32.758263604955545,64,21.720131797025928,4.319579453252412,9,True,True,0,6,False,False,50,0,False,False
1860,187842.0,26.0665611696927,64,20.634524734425124,4.318693686173663,7,True,True,0,0,True,False,50,0,False,False
1861,187842.2,22.78149147494627,64,15.869578533057176,4.483947226095032,11,True,True,0,6,False,False,50,0,False,False
1862,187842.4,23.287233815497306,65,16.278629422334568,4.473560643610982,5,True,True,0,6,False,False,50,0,False,False
1863,187842.6,26.461447640036916,66,16.38629523949405,4.48533352614906,3,True,True,0,0,True,False,50,0,False,False
1864,187842.8,23.535455907506076,67,15.773041680144622,4.498866622544258,8,False,True,0,6,False,False,52,0,False,False
1865,187843.0,24.5179353101119,68,15.527504002434249,4.498828066513877,4,True,True,0,6,False,False,54,0,False,False
1866,187843.2,25.37679736492282,69,15.365413898502824,4.509080820903215,4,True,True,0,0,True,False,56,0,False,False
1867,187843.4,23.74364671395772,69,10.50436807572926,3.735175603922776,4,False,True,0,6,False,False,57,0,False,False
1868,187843.6,23.12294017622332,68,10.227176471121101,4.0689433081576425,4,False,True,0,6,False,False,58,0,False,False
1869,187843.8,0.5379137959362266,66,8.602619085257114,3.7439564321956924,3,False,True,0,0,True,False,58,0,False,False
1870,187844.0,1.565460541156456,64,0.5972921801394885,0.5972921801394885,8,True,True,0,6,False,False,58,0,False,False
1871,187844.2,1.6929657896468306,62,0.7673999564084222,0.7673999564084222,2,True,True,0,6,False,False,58,0,False,False
1872,187844.4,1.7528726341712002,60,0.6936971987709095,0.6936971987709095,2,True,True,0,6,False,False,58,0,False,False
1873,187844.6,1.8024515994007948,58,0.7105136909713088,0.7105136909713088,2,True,True,0,6,False,False,58,0,False,False
1874,187844.8,1.8403154546326435,56,0.6456496337304485,0.6456496337304485,3,True,True,0,6,False,False,56,0,False,False
1875,187845.0,1.8682253674680191,54,0.6174026203641674,0.6174026203641674,4,True,True,0,6,False,False,54,0,False,False
1876,187845.2,1.8804503583382683,52,0.5569388848183287,0.5569388848183287,4,True,True,0,6,False,False,52,0,False,False
1877,187845.4,1.8553762721095042,51,0.5558174961272809,0.5558174961272809,4,True,True,0,6,False,False,51,0,False,False
1878,187845.6,1.791599425039571,50,0.4999336306373172,0.4999336306373172,4,True,True,0,6,False,False,50,0,False,False
1879,187845.8,1.7234867640107632,50,0.47823032506535257,0.47823032506535257,4,True,True,0,6,False,False,50,0,False,False
1880,187846.0,1.654053952058942,50,0.46667301722896454,0.46667301722896454,4,True,True,0,6,False,False,50,0,False,False
1881,187846.2,1.5950737113430238,50,0.395390073739867,0.395390073739867,4,True,True,0,6,False,False,50,0,False,False
1882,187846.4,1.5418860497830287,50,0.3660966246568323,0.3660966246568323,4,True,True,0,6,False,False,50,0,False,False
1883,187846.6,1.491195114129571,50,0.3557342361836717,0.3557342361836717,4,True,True,0,6,False,False,50,0,False,False
1884,187846.8,1.4458593377285174,50,0.3322947769338944,0.3322947769338944,4,True,True,0,6,False,False,50,0,False,False
1885,187847.0,1.402071624830108,50,0.30666616730328256,0.30666616730328256,4,True,True,0,6,False,False,50,0,False,False
1886,187847.2,1.365036275805819,50,0.31071454976479973,0.31071454976479973,4,True,True,0,6,False,False,50,0,False,False
1887,187847.4,1.3301974650056911,50,0.3102838216554659,0.3102838216554659,4,True,True,0,6,False,False,50,0,False,False
1888,187847.6,1.2930243145250266,50,0.30634822868915196,0.30634822868915196,4,True,True,0,6,False,False,50,0,False,False
1889,187847.8,1.249725241215267,50,0.33917937292407185,0.33917937292407185,4,True,True,0,6,False,False,50,0,False,False
1890,187848.0,1.20710479218943,50,0.3655819760124354,0.3655819760124354,4,True,True,0,6,False,False,50,0,False,False
1891,187848.2,1.1610469206168004,50,0.3808834266307897,0.3808834266307897,4,True,True,0,6,False,False,50,0,False,False
1892,187848.4,1.118597560115468,50,0.44618583230619624,0.44618583230619624,4,True,True,0,6,False,False,50,0,False,False
1893,187848.6,1.0797969629397828,50,0.464863699856793,0.464863699856793,4,True,True,0,6,False,False,50,0,False,False
1894,187848.8,1.0412632084894815,50,0.47758472641817834,0.47758472641817834,4,True,True,0,6,False,False,50,0,False,False
1895,187849.0,1.0078869222285312,50,0.557346591788773,0.557346591788773,4,True,True,0,6,False,False,50,0,False,False
1896,187849.2,0.9845150856761894,50,0.5034921867441593,0.5034921867441593,4,True,True,0,6,False,False,50,0,False,False
1897,187849.4,0.9712945275938784,50,0.4623575908460022,0.4623575908460022,4,True,True,0,6,False,False,50,0,False,False
1898,187849.6,0.9665668405667046,50,0.46272166637451684,0.46272166637451684,4,True,True,0,6,False,False,50,0,False,False
1899,187849.8,0.976000941215183,50,0.46603855861509846,0.46603855861509846,4,True,True,0,6,False,False,50,0,False,False
1900,187850.0,0.9940013248435953,50,0.42807033721274,0.42807033721274,4,True,True,0,6,False,False,50,0,False,False
1901,187850.2,1.0183724617720784,50,0.4383042522587149,0.4383042522587149,4,True,True,0,6,False,False,50,0,False,False
1902,187850.4,0.9705899798876783,51,36.645138095728846,5.889309950297561,3,True,True,0,6,False,False,50,0,False,False
1903,187850.6,4.178423733084039,52,34.656093121809775,5.764474895577048,12,True,True,0,6,False,False,50,0,False,False
1904,187850.8,72.85720234481593,53,32.22246011369004,5.650359770285339,14,True,True,0,0,True,False,50,0,False,False
1905,187851.0,71.46945160251005,54,11.448383544658526,4.208139567135311,7,False,True,0,6,False,False,50,0,False,False
1906,187851.2,70.81251271262157,54,9.367958305043633,3.847593845901816,3,False,True,0,6,False,False,50,0,False,False
1907,187851.4,0.7498417626155365,54,9.386530171606948,3.8453811030932656,3,False,True,0,0,True,False,50,0,False,False
1908,187851.6,1.2166486420747742,54,0.6772533884945019,0.6772533884945019,7,True,True,0,6,False,False,50,0,False,False
1909,187851.8,1.391815709596236,55,34.77674086766828,5.746662822342765,2,True,True,0,6,False,False,50,0,False,False
1910,187852.0,13.95963399873186,55,2.6281071743214626,2.010978072921708,10,True,True,0,6,False,False,50,0,False,False
1911,187852.2,14.037380762616076,55,2.5671260394574347,1.9888814449614807,3,False,True,0,6,False,False,50,0,False,False
1912,187852.4,13.94236595526588,55,28.7049121846424,5.444658610826864,2,True,True,0,6,False,False,50,0,False,False
1913,187852.6,21.542157006629523,55,25.75979714628551,5.268564705180058,10,True,True,0,6,False,False,50,0,False,False
1914,187852.8,69.41068440104976,55,23.38328953878741,5.117842427871826,9,True,True,0,0,True,False,50,0,False,False
1915,187853.0,68.2973773603129,55,10.82712531600587,4.101476677177932,6,False,True,0,6,False,False,50,0,False,False
1916,187853.2,67.80904716934121,56,10.688923271398831,4.067908326394913,4,False,True,0,6,False,False,50,0,False,False
1917,187853.4,0.9993204605014053,56,9.012527333852162,3.4831180250790177,3,False,True,0,0,True,False,50,0,False,False
1918,187853.6,1.924008728405343,56,0.7493227498373398,0.7493227498373398,7,True,True,0,6,False,False,50,0,False,False
1919,187853.8,2.092738988662528,55,0.7174122214816807,0.7174122214816807,2,True,True,0,6,False,False,50,0,False,False
1920,187854.0,2.1970510066671713,55,0.7326529371796549,0.7326529371796549,2,True,True,0,6,False,False,50,0,False,False
1921,187854.2,2.2836472623628676,55,0.7670013437293166,0.7670013437293166,2,True,True,0,6,False,False,50,0,False,False
1922,187854.4,2.3332263380824374,54,0.7757131646861112,0.7757131646861112,2,True,True,0,6,False,False,50,0,False,False
1923,187854.6,2.3547950735045036,53,0.7623776436335931,0.7623776436335931,3,True,True,0,6,False,False,50,0,False,False
1924,187854.8,2.325688840108943,52,0.7333392867224577,0.7333392867224577,4,True,True,0,6,False,False,50,0,False,False
1925,187855.0,2.2513426063632878,51,0.7312046115600793,0.7312046115600793,4,True,True,0,6,False,False,50,0,False,False
1926,187855.2,2.1406638632795074,50,0.7124987610623552,0.7124987610623552,4,True,True,0,6,False,False,50,0,False,False
1927,187855.4,2.0330007638226713,50,0.7002184168806163,0.7002184168806163,4,True,True,0,6,False,False,50,0,False,False
1928,187855.6,1.9304961811984955,50,0.699619677406359,0.699619677406359,4,True,True,0,6,False,False,50,0,False,False
1929,187855.8,1.8353089914890681,50,0.6907881350476757,0.6907881350476757,4,True,True,0,6,False,False,50,0,False,False
1930,187856.0,1.8297991184276574,51,1.7832585215607495,1.18662093426496,3,False,True,0,6,False,False,51,0,False,False
1931,187856.2,1.8925512346394517,53,18.585794318070278,3.739148518140648,2,True,True,0,6,False,False,52,0,False,False
1932,187856.4,5.003041278468631,55,17.703245210612153,3.657730072021039,9,True,True,0,6,False,False,53,0,False,False
1933,187856.6,32.87869048231508,57,16.859552954812866,3.591262039123078,10,True,True,0,0,True,False,54,0,False,False
1934,187856.8,29.091044187382717,58,6.989566745466785,3.3136515272633105,13,True,True,0,6,False,False,55,0,False,False
1935,187857.0,27.93071391231844,59,6.636099236802898,3.2308668680968706,3,False,True,0,6,False,False,56,0,False,False
1936,187857.2,6.554490167296877,60,6.3975576092108755,3.163040116504779,3,False,True,0,0,True,False,57,0,False,False
1937,187857.4,6.594752416069439,61,1.053699473476551,1.03221501342174,11,True,True,0,6,False,False,58,0,False,False
1938,187857.6,6.612833508436225,62,1.022887362732897,1.0161543669324757,2,True,True,0,6,False,False,59,0,False,False
1939,187857.8,6.641035660955886,63,1.0199283036972213,1.0199283036972213,2,True,True,0,6,False,False,60,0,False,False
1940,187858.0,6.685054055552553,63,0.9797694733988144,0.9797694733988144,3,True,True,0,6,False,False,60,0,False,False
1941,187858.2,6.7153837507261755,62,0.9749056719216712,0.9749056719216712,3,True,True,0,6,False,False,60,0,False,False
1942,187858.4,6.719213493479538,61,0.968480738371478,0.9541175276710956,3,True,True,0,6,False,False,60,0,False,False
1943,187858.6,6.707970930570938,60,1.0084486922970484,0.9835127834291819,3,False,True,0,6,False,False,60,0,False,False
1944,187858.8,6.705775976956564,60,1.031087444828144,1.0068116158534262,3,False,True,0,6,False,False,60,0,False,False
1945,187859.0,6.704583915749883,60,0.9964514901980764,0.9590145647091559,3,False,True,0,6,False,False,60,0,False,False
1946,187859.2,6.702143747402585,60,0.9715135530098306,0.9365767858935501,3,True,True,0,6,False,False,60,0,False,False
1947,187859.4,6.698128308857375,60,0.9638471572608021,0.9342319701673343,3,True,True,0,6,False,False,60,0,False,False
1948,187859.6,6.6953343809202295,60,0.9574601068268301,0.9223460834423528,3,True,True,0,6,False,False,60,0,False,False
1949,187859.8,6.683892775121669,60,0.9229619345819473,0.9004066703143746,2,True,True,0,6,False,False,60,0,False,False
1950,187860.0,6.672589384939047,60,0.937738331213418,0.9239586544669717,2,True,True,0,6,False,False,60,0,False,False
1951,187860.2,6.649931125159773,60,0.9579681793341739,0.9454963550890421,2,True,True,0,6,False,False,60,0,False,False
1952,187860.4,6.62093432127248,60,0.9649810399874624,0.9539221889751279,2,True,True,0,6,False,False,60,0,False,False
1953,187860.6,6.577038116180929,60,0.9485822760081104,0.9219286279088036,3,False,True,0,6,False,False,60,0,False,False
1954,187860.8,6.532290477807894,60,0.9672630070705588,0.9360064880774974,3,True,True,0,6,False,False,60,0,False,False
1955,187861.0,6.4651627249579136,60,1.0014068658531248,0.9589821757234338,3,False,True,0,6,False,False,60,0,False,False
1956,187861.2,6.351667656880238,60,0.9996683486232089,0.9734312882230786,3,False,True,0,6,False,False,60,0,False,False
1957,187861.4,6.230363468468268,60,0.9838477425069015,0.9213934229824023,3,False,True,0,6,False,False,60,0,False,False
1958,187861.6,6.096508713365032,60,1.0730292425615187,1.060650187662726,3,False,True,0,6,False,False,60,0,False,False
1959,187861.8,5.94354820062835,60,0.9700816225449632,0.9700816225449632,4,False,True,0,6,False,False,60,0,False,False
1960,187862.0,5.791542884857645,60,0.9713156817182134,0.9411406957681577,3,False,True,0,6,False,False,60,0,False,False
1961,187862.2,5.649805043925716,61,20.37555433051778,4.2922305842583865,4,True,True,0,6,False,False,60,0,False,False
1962,187862.4,6.1412950393968435,61,1.1745825157269565,1.096321767097653,4,True,True,0,6,False,False,60,0,False,False
1963,187862.6,5.867784000275516,62,19.949897076527954,4.266503281582237,4,False,True,0,6,False,False,60,0,False,False
1964,187862.8,6.930943771975863,62,1.4592684393500672,1.3082424566471091,4,True,True,0,6,False,False,60,0,False,False
1965,187863.0,6.47945430156967,62,1.356603692038949,1.2536586027537078,4,False,True,0,6,False,False,60,0,False,False
1966,187863.2,6.222942212415796,63,19.352912808001037,4.248443111516136,3,True,True,0,6,False,False,60,0,False,False
1967,187863.4,8.575330814393737,64,18.48456609791147,4.260111625503286,13,True,True,0,6,False,False,60,0,False,False
1968,187863.6,28.91587664767181,65,17.786465620760477,4.277811802539768,14,True,True,0,0,True,False,60,0,False,False
1969,187863.8,25.19100695215534,66,13.274160201686051,4.227167710526075,12,True,True,0,6,False,False,60,0,False,False
1970,187864.0,24.252007824605176,67,13.51806234531102,4.232939539927402,3,False,True,0,6,False,False,60,0,False,False
1971,187864.2,1.6117835594979324,66,6.383672945997609,3.1071013844651114,3,False,True,0,0,True,False,60,0,False,False
1972,187864.4,2.5965621545949413,66,0.6143847214370155,0.6143847214370155,8,True,True,0,6,False,False,60,0,False,False
1973,187864.6,2.680610481595014,66,21.377712588425783,4.34901919541371,2,True,True,0,6,False,False,60,0,False,False
1974,187864.8,9.963986124997966,67,18.35286788834347,4.339874594978044,12,True,True,0,6,False,False,60,0,False,False
1975,187865.0,29.24681836595481,68,16.814381073249628,4.302937608556066,13,True,True,0,0,True,False,60,0,False,False
1976,187865.2,26.127865581034488,68,13.299148736415557,4.262203760570748,10,True,True,0,6,False,False,60,0,False,False
1977,187865.4,25.284885241674484,68,13.4848239425555,4.27381921493675,3,False,True,0,6,False,False,60,0,False,False
1978,187865.6,28.769724888634673,68,13.84134947202839,4.302642396438036,3,False,True,0,0,True,False,60,0,False,False
1979,187865.8,25.634332718530874,68,13.752864944602337,4.315074618785571,10,True,True,0,6,False,False,60,0,False,False
1980,187866.0,24.784387430993068,68,13.944725905375646,4.324028332838848,3,False,True,0,6,False,False,60,0,False,False
1981,187866.2,27.4817650024658,69,14.15746335987865,4.679869739899522,3,False,True,0,0,True,False,60,0,False,False
1982,187866.4,24.724776585440058,70,14.205214742197835,4.743262691706375,11,True,True,0,6,False,False,60,0,False,False
1983,187866.6,23.99672230834964,70,14.533574113732366,4.743070468432274,3,False,True,0,6,False,False,60,0,False,False
1984,187866.8,28.07707028324462,70,14.712632350584148,4.742110318891992,3,False,True,0,0,True,False,60,0,False,False
1985,187867.0,25.381050890150217,70,14.292545425563544,4.757868771070521,10,True,True,0,6,False,False,60,0,False,False
1986,187867.2,24.66984843138196,70,14.658123135653526,4.761838779565778,3,False,True,0,6,False,False,60,0,False,False
1987,187867.4,28.55109759522515,70,14.852730502136689,4.778663137026923,3,False,True,0,0,True,False,60,0,False,False
1988,187867.6,25.934399361276167,70,14.382667376024159,4.7511358340348675,9,True,True,0,6,False,False,60,0,False,False
1989,187867.8,25.237779814627476,70,14.544054626300834,4.751306459961955,3,False,True,0,6,False,False,60,0,False,False
1990,187868.0,28.46105601023164,70,14.551638167162034,4.704882577664799,3,False,True,0,0,True,False,60,0,False,False
1991,187868.2,25.892602969220345,70,14.382130058498864,4.736718677642884,9,True,True,0,6,False,False,60,0,False,False
1992,187868.4,25.198699635856613,70,14.731105874628916,4.772731202649835,3,False,True,0,6,False,False,60,0,False,False
1993,187868.6,28.806914445461466,70,14.968314398030254,4.788832774413506,3,False,True,0,0,True,False,60,0,False,False
1994,187868.8,26.231016828131185,70,14.62730432568681,4.793196128391953,9,True,True,0,6,False,False,60,0,False,False
1995,187869.0,25.53468268330152,70,14.91856154873121,4.80810178717732,3,False,True,0,6,False,False,60,0,False,False
1996,187869.2,28.793327569857258,70,15.095982685766607,4.822488303871323,3,False,True,0,0,True,False,60,0,False,False
1997,187869.4,26.214390494621366,70,14.789881808163972,4.81277708490781,8,True,True,0,6,False,False,60,0,False,False
1998,187869.6,25.52101509352145,70,15.053764557921491,4.83707341399554,3,False,True,0,6,False,False,60,0,False,False
1999,187869.8,29.205174384617244,70,14.985821459555414,4.865079910110526,5,True,True,0,0,True,False,60,0,False,False
2000,187870.0,26.965779199776193,70,15.007540193969522,4.8588303045108026,3,False,True,0,6,False,False,60,0,False,False
2001,187870.2,27.833118855317437,70,14.880837177454799,4.877361096274913,5,True,True,0,6,False,False,60,0,False,False
2002,187870.4,29.628880535411128,70,15.122047633843474,4.891279370583806,3,False,True,0,0,True,False,60,0,False,False
2003,187870.6,27.53906057686271,70,15.264759010600972,4.905264728149516,3,False,True,0,6,False,False,60,0,False,False
2004,187870.8,28.295138159348255,70,15.174447819971688,4.923178612443836,4,True,True,0,6,False,False,60,0,False,False
2005,187871.0,29.93733426778028,70,15.2103499492321,4.951733730328015,4,True,True,0,0,True,False,60,0,False,False
2006,187871.2,27.82338382379829,70,15.688476446222404,4.987701413610758,4,False,True,0,6,False,False,60,0,False,False
2007,187871.4,27.883336149417858,69,8.212959584776312,3.6013461769682458,4,True,True,0,6,False,False,60,0,False,False
2008,187871.6,1.7060673519377658,68,8.04029933940393,3.5553199014269183,3,False,True,0,0,True,False,60,0,False,False
2009,187871.8,1.6088372421138255,67,0.5299604996628385,0.5299604996628385,8,True,True,0,6,False,False,60,0,False,False
2010,187872.0,1.622115901308666,66,0.5817085346733618,0.5817085346733618,2,True,True,0,6,False,False,60,0,False,False
2011,187872.2,1.6381644609848818,65,0.6292255323476738,0.6292255323476738,2,True,True,0,6,False,False,60,0,False,False
2012,187872.4,1.6508310633294596,64,0.6206840121101941,0.6206840121101941,2,True,True,0,6,False,False,60,0,False,False
2013,187872.6,1.6702407723613677,64,26.508897799315108,5.269876571890454,2,True,True,0,6,False,False,60,0,False,False
2014,187872.8,3.6174817855430694,64,25.461626469707515,5.220535892048068,4,True,True,0,6,False,False,60,0,False,False
2015,187873.0,32.74937576679279,64,24.707543382723877,5.2219152663632915,4,True,True,0,0,True,False,60,0,False,False
2016,187873.2,28.886773992796556,64,16.82290471106822,5.0994170108714085,10,True,True,0,6,False,False,60,0,False,False
2017,187873.4,26.407002817794964,65,17.647307028610346,5.142343929411456,5,True,True,0,6,False,False,60,0,False,False
2018,187873.6,32.97927432976193,66,17.67662006723562,5.131732082986735,4,True,True,0,0,True,False,60,0,False,False
2019,187873.8,29.749387707456957,67,16.706694408953915,5.113839006521316,9,True,True,0,6,False,False,60,0,False,False
2020,187874.0,29.578084636954326,68,16.73298107643364,5.125925328026027,5,True,True,0,6,False,False,60,0,False,False
2021,187874.2,33.12132633774946,69,16.69248107840363,5.12427081958354,4,True,True,0,0,True,False,60,0,False,False
2022,187874.4,30.526993411096143,70,16.72500452140329,5.1320225087355915,5,True,True,0,6,False,False,60,0,False,False
2023,187874.6,31.588331090929287,70,16.66104932866477,5.158746044522628,5,True,True,0,6,False,False,60,0,False,False
2024,187874.8,33.336307592799486,70,16.609299962260764,5.164010508637302,4,True,True,0,0,True,False,60,0,False,False
2025,187875.0,31.718969116472913,70,16.749046357295875,5.157850575084542,3,True,True,0,6,False,False,60,0,False,False
2026,187875.2,32.38555399806762,70,16.70518948756238,5.19311571293784,4,True,True,0,6,False,False,60,0,False,False
2027,187875.4,33.28821468550372,70,16.65916620843174,5.213366612756993,3,True,True,0,0,True,False,60,0,False,False
2028,187875.6,31.344691902965167,70,17.061640507195097,5.227206427191362,4,False,True,0,6,False,False,60,0,False,False
2029,187875.8,32.22562584597698,70,16.873012826272834,5.246639679026529,4,True,True,0,6,False,False,60,0,False,False
2030,187876.0,33.48737769687085,70,16.75491214969159,5.197810136392004,4,True,True,0,0,True,False,60,0,False,False
2031,187876.2,31.479541836161918,70,16.99435593810943,5.192698480333591,4,False,True,0,6,False,False,60,0,False,False
2032,187876.4,32.38431325411874,70,17.016209989014413,5.201772651404406,4,True,True,0,6,False,False,60,0,False,False
2033,187876.6,34.18258670445416,70,17.015522488081448,5.221533116575469,4,True,True,0,0,True,False,60,0,False,False
2034,187876.8,32.35827088234428,70,17.16801230563339,5.2338398441578935,5,True,True,0,6,False,False,60,0,False,False
2035,187877.0,32.978110043292894,70,17.075488476216865,5.245238273291049,4,True,True,0,6,False,False,60,0,False,False
2036,187877.2,34.45754831610816,70,17.076530077864902,5.239926693104308,3,True,True,0,0,True,False,60,0,False,False
2037,187877.4,32.35533444919316,70,17.21990854143098,5.228697306117852,4,False,True,0,6,False,False,60,0,False,False
2038,187877.6,33.12483105173906,70,17.017124071048958,5.233015263078484,4,True,True,0,6,False,False,60,0,False,False
2039,187877.8,34.807757990142136,70,17.00912460104157,5.249870175228645,4,True,True,0,0,True,False,60,0,False,False
2040,187878.0,33.01748174757254,70,17.112554330103645,5.254946488688195,5,True,True,0,6,False,False,60,0,False,False
2041,187878.2,33.670215185166384,70,16.874376606764788,5.237000061068407,4,True,True,0,6,False,False,60,0,False,False
2042,187878.4,34.454604841540885,70,16.756015936148344,5.228821973368811,3,True,True,0,0,True,False,60,0,False,False
2043,187878.6,32.546269405024944,70,16.97156633469331,5.2173554558139985,4,False,True,0,6,False,False,60,0,False,False
2044,187878.8,33.418834323506715,70,16.76513521754539,5.227730157170058,4,True,True,0,6,False,False,60,0,False,False
2045,187879.0,33.97965197240067,70,16.644270817394897,5.208957192947973,4,True,True,0,0,True,False,60,0,False,False
2046,187879.2,32.156897840901294,70,16.966503107492372,5.1990740692032915,4,False,True,0,6,False,False,60,0,False,False
2047,187879.4,33.15668886111587,71,15.778956625118852,4.620308059894093,4,True,True,0,6,False,False,60,0,False,False
2048,187879.6,34.25449539375014,71,16.644837083829742,5.189680876097422,4,True,True,0,0,True,False,60,0,False,False
2049,187879.8,32.135105753296294,71,16.94539783795944,5.180941418797435,4,False,True,0,6,False,False,60,0,False,False
2050,187880.0,33.0609014972933,72,15.558979400613202,4.570759820112199,4,True,True,0,6,False,False,60,0,False,False
2051,187880.2,33.85498683992841,73,15.292418142361297,4.537574332928046,4,True,True,0,0,True,False,60,0,False,False
2052,187880.4,31.449364788375252,74,15.620884004719242,4.466859452464916,4,False,True,0,6,False,False,60,0,False,False
2053,187880.6,32.71480042046491,75,15.410073859040995,4.492277922783567,4,True,True,0,6,False,False,60,0,False,False
2054,187880.8,34.16642305737882,76,15.001570803420966,4.4476422079793565,4,True,True,0,0,True,False,60,0,False,False
2055,187881.0,31.52475308040812,77,15.126341644785333,4.393838865773217,4,False,True,0,6,False,False,60,0,False,False
2056,187881.2,32.83263447378611,78,14.83848097957565,4.399198862886315,4,True,True,0,6,False,False,60,0,False,False
2057,187881.4,34.22368468842548,78,14.894835675659309,4.399818441014895,3,False,True,0,0,True,False,60,0,False,False
2058,187881.6,32.09536092820075,79,14.831372213942972,4.420774596472837,3,False,True,0,6,False,False,60,0,False,False
2059,187881.8,31.4582987848045,79,15.974789919195901,4.691310004176281,3,False,True,0,6,False,False,60,0,False,False
2060,187882.0,34.38959675111067,78,15.646438580967466,4.681628584332415,4,True,True,0,0,True,False,60,0,False,False
2061,187882.2,32.40170425952971,77,15.5055944580579,4.6646422303272965,3,False,True,0,6,False,False,60,0,False,False
2062,187882.4,33.33446066414854,76,15.26581696997656,4.656046461508125,4,True,True,0,6,False,False,60,0,False,False
2063,187882.6,34.04147883343766,75,15.244227973610236,4.66090076856153,3,True,True,0,0,True,False,60,0,False,False
2064,187882.8,32.627570793636224,74,15.263182116288453,4.628282138132504,5,True,True,0,6,False,False,60,0,False,False
2065,187883.0,33.43051236232867,73,15.184042876822089,4.647545218305915,4,True,True,0,6,False,False,60,0,False,False
2066,187883.2,34.0722029655733,72,15.11826500333366,4.644005709646269,3,True,True,0,0,True,False,60,0,False,False
2067,187883.4,32.72308292623157,71,15.2990356983455,4.630905309671622,5,True,True,0,6,False,False,60,0,False,False
2068,187883.6,33.46138026617082,70,15.130677673640006,4.61790189991114,4,True,True,0,6,False,False,60,0,False,False
2069,187883.8,33.66982009603898,70,15.040369633328,4.618402698405171,3,True,True,0,0,True,False,60,0,False,False
2070,187884.0,31.69179851372585,69,8.710761926936808,3.7020552245062937,4,False,True,0,6,False,False,60,0,False,False
2071,187884.2,30.855460928790926,68,8.530809030037783,3.63426539544961,3,False,True,0,6,False,False,60,0,False,False
2072,187884.4,34.29511203624947,68,16.208477023173383,4.677179949272812,3,False,True,0,0,True,False,60,0,False,False
2073,187884.6,30.965820544499724,67,8.432390474398657,3.6350724519440285,3,False,True,0,6,False,False,60,0,False,False
2074,187884.8,30.01897979186622,66,8.237267807345555,3.5933401481071705,3,False,True,0,6,False,False,60,0,False,False
2075,187885.0,0.996220726189024,65,8.145172868401731,3.5276075308810464,3,False,True,0,0,True,False,60,0,False,False
2076,187885.2,1.7241269323693253,63,0.41874131074403814,0.41874131074403814,7,True,True,0,6,False,False,59,0,False,False
2077,187885.4,1.8164423485894001,61,0.46103775031462113,0.46103775031462113,3,False,True,0,6,False,False,58,0,False,False
2078,187885.6,1.802596093579606,60,0.8183264545581838,0.8041497137528231,3,True,True,0,6,False,False,57,0,False,False
2079,187885.8,1.7274477155369785,59,1.1250497518436262,0.9396213274715132,3,False,True,0,6,False,False,56,0,False,False
2080,187886.0,1.6744642334625706,58,0.4567398384414118,0.4567398384414118,3,False,True,0,6,False,False,55,0,False,False
2081,187886.2,1.6319723876975802,57,0.40761754465993444,0.40761754465993444,3,True,True,0,6,False,False,54,0,False,False
2082,187886.4,1.5642398826907657,55,0.3977562828406932,0.3977562828406932,3,False,True,0,6,False,False,53,0,False,False
2083,187886.6,1.4805725764099038,54,0.37414255501355437,0.37414255501355437,3,True,True,0,6,False,False,52,0,False,False
2084,187886.8,1.4012670181523863,53,0.38046211547618436,0.38046211547618436,3,True,True,0,6,False,False,51,0,False,False
2085,187887.0,1.3171179309785879,52,0.3910384802027244,0.3910384802027244,3,False,True,0,6,False,False,50,0,False,False
2086,187887.2,1.237494229275183,52,0.42698931065751733,0.42698931065751733,3,False,True,0,6,False,False,50,0,False,False
2087,187887.4,1.1598264751868617,52,0.4188676317939844,0.4188676317939844,3,False,True,0,6,False,False,50,0,False,False
2088,187887.6,1.1140265075317755,51,0.3660830662174886,0.3660830662174886,3,False,True,0,6,False,False,50,0,False,False
2089,187887.8,1.0857945400162259,50,0.39754505412313546,0.39754505412313546,4,True,True,0,6,False,False,50,0,False,False
2090,187888.0,1.0615101631046981,50,0.40570708947520995,0.40570708947520995,4,True,True,0,6,False,False,50,0,False,False
2091,187888.2,1.060417923557403,50,0.40056373060332395,0.40056373060332395,4,True,True,0,6,False,False,50,0,False,False
2092,187888.4,1.050990704689462,50,0.406630369970596,0.406630369970596,4,True,True,0,6,False,False,50,0,False,False
2093,187888.6,1.0633470406241057,50,0.43279811321873113,0.43279811321873113,4,True,True,0,6,False,False,50,0,False,False
2094,187888.8,1.0742204841474967,50,0.4463591281968439,0.4463591281968439,4,True,True,0,6,False,False,50,0,False,False
2095,187889.0,1.0855279943680949,50,0.4719104167195861,0.4719104167195861,4,True,True,0,6,False,False,50,0,False,False
2096,187889.2,1.116385199383414,51,18.66015015484666,4.06626646373357,4,True,True,0,6,False,False,50,0,False,False
2097,187889.4,2.486181943989744,52,17.693188538437,3.9602465164299994,4,True,True,0,6,False,False,50,0,False,False
2098,187889.6,48.619951198692554,53,16.96037744671152,3.96726450442961,9,True,True,0,0,True,False,50,0,False,False
2099,187889.8,47.310627989549474,54,7.735089017889103,3.5671877920640593,7,False,True,0,6,False,False,50,0,False,False
2100,187890.0,46.79445747101255,55,7.737441545215763,3.521680410669999,3,False,True,0,6,False,False,50,0,False,False
2101,187890.2,48.62912210591133,56,7.7142215282288,3.521520440256972,3,False,True,0,0,True,False,50,0,False,False
2102,187890.4,47.86423774881586,57,7.481816585809125,3.444196678055997,6,False,True,0,6,False,False,50,0,False,False
2103,187890.6,47.67122689326602,59,9.681803791716915,3.7927109690728256,4,False,True,0,6,False,False,50,0,False,False
2104,187890.8,56.992343065586844,61,9.530303297064282,3.74209466750364,4,True,True,0,0,True,False,50,0,False,False
2105,187891.0,57.483637954417155,63,7.150782194813217,3.133396730277737,10,True,True,0,6,False,False,50,0,False,False
2106,187891.2,57.79513634020867,64,7.121141307379623,3.0917518975084226,4,False,True,0,6,False,False,50,0,False,False
2107,187891.4,56.01965883004655,65,7.067442522381732,3.03570371976585,3,False,True,0,0,True,False,50,0,False,False
2108,187891.6,57.03594783300593,65,7.352449947984141,3.247674196255906,9,True,True,0,6,False,False,50,0,False,False
2109,187891.8,57.469205585249824,65,7.332260638579191,3.1290085448783787,4,False,True,0,6,False,False,50,0,False,False
2110,187892.0,1.106486866468514,64,8.012327770697082,3.250212765635196,3,False,True,0,0,True,False,50,0,False,False
2111,187892.2,1.7634427277001348,63,0.5172388472308727,0.5172388472308727,8,True,True,0,6,False,False,50,0,False,False
2112,187892.4,2.1207242577085545,62,0.5775347924734145,0.5775347924734145,2,True,True,0,6,False,False,50,0,False,False
2113,187892.6,2.279118001557838,62,22.583424587206142,4.449640840673883,2,False,True,0,6,False,False,50,0,False,False
2114,187892.8,9.069781109598532,62,21.265048259610083,4.497869593919642,14,True,True,0,6,False,False,50,0,False,False
2115,187893.0,42.48588394745819,61,16.458265239569005,3.662644099045219,16,True,True,0,0,True,False,50,0,False,False
2116,187893.2,40.318368476564565,59,4.889787413568718,2.471204229222802,12,True,True,0,6,False,False,50,0,False,False
2117,187893.4,39.503396693002536,57,4.820452866735487,2.58592261859289,3,False,True,0,6,False,False,50,0,False,False
2118,187893.6,39.01697144302705,56,4.783050319237191,2.5490267120324246,3,True,True,0,6,False,False,50,0,False,False
2119,187893.8,38.77142880412389,55,4.775987588518349,2.5450615151609304,3,False,True,0,6,False,False,50,0,False,False
2120,187894.0,38.522253000324696,56,27.251238310994797,5.384276960159975,3,True,True,0,6,False,False,50,0,False,False
2121,187894.2,33.02194292905346,57,24.81102437166625,5.0438878322349145,17,True,True,0,6,False,False,50,0,False,False
2122,187894.4,48.24926481999757,58,22.924010838131316,4.922993157251168,9,True,True,0,0,True,False,50,0,False,False
2123,187894.6,46.47088625616125,57,7.006693875618783,3.347218919458293,8,False,True,0,6,False,False,50,0,False,False
2124,187894.8,45.756593751814755,56,6.815806843761894,3.2846787126638635,3,False,True,0,6,False,False,50,0,False,False
2125,187895.0,29.80423947199281,57,26.36793785958462,5.0309684002866675,3,False,True,0,0,True,False,50,0,False,False
2126,187895.2,25.864642225016187,59,15.477775044810556,4.922480185310157,15,True,True,0,6,False,False,50,0,False,False
2127,187895.4,22.50424087408645,60,12.036582369022574,4.141342626869553,7,True,True,0,6,False,False,50,0,False,False
2128,187895.6,29.030029164722965,62,15.631502565133976,4.828650836712385,3,False,True,0,0,True,False,50,0,False,False
2129,187895.8,25.810495000777202,63,11.004854860666498,4.298249326484284,8,False,True,0,6,False,False,50,0,False,False
2130,187896.0,25.06299329705969,63,10.946865836645374,4.124515653838553,3,True,True,0,6,False,False,50,0,False,False
2131,187896.2,33.92751896450024,63,10.592757127156979,4.102804680462115,3,False,True,0,0,True,False,50,0,False,False
2132,187896.4,33.76943824184057,63,4.035180468243173,2.3334343248562517,6,True,True,0,6,False,False,50,0,False,False
2133,187896.6,33.65363492844683,65,36.76619793965228,6.383610031721531,5,True,True,0,6,False,False,50,0,False,False
2134,187896.8,25.509412607152726,67,31.39407911081433,6.072454909454252,10,True,True,0,6,False,False,50,0,False,False
2135,187897.0,26.485184129685535,67,16.619071713418762,4.539726781789416,11,True,True,0,0,True,False,50,0,False,False
2136,187897.2,24.004094002277714,67,14.191884289287486,4.696146731669169,10,True,True,0,6,False,False,50,0,False,False
2137,187897.4,23.49462925702034,68,14.050280428661214,4.6731701560417624,3,True,True,0,6,False,False,50,0,False,False
2138,187897.6,31.666287042135345,67,9.71836156193823,3.947865530209332,3,False,True,0,0,True,False,50,0,False,False
2139,187897.8,31.54848884919311,67,4.067679324914304,2.3582074982538055,7,False,True,0,6,False,False,50,0,False,False
2140,187898.0,31.414666986737448,68,19.740801213931448,4.53113225255515,4,True,True,0,6,False,False,50,0,False,False
2141,187898.2,25.10190992931198,68,5.593190513556825,2.9827922487682996,14,True,True,0,6,False,False,50,0,False,False
2142,187898.4,24.454359602073083,68,5.729718088441616,2.976339846174449,3,False,True,0,6,False,False,50,0,False,False
2143,187898.6,24.379500813487017,67,16.45515143665451,4.44630290939531,3,False,True,0,6,False,False,50,0,False,False
2144,187898.8,24.103663346923774,65,6.208201392157877,3.1214142718324394,4,True,True,0,6,False,False,50,0,False,False
2145,187899.0,33.956084334642604,64,6.338319307506925,3.1325654910992298,3,True,True,0,0,True,False,50,0,False,False
2146,187899.2,34.16925626104403,64,34.513331616003015,6.377533314730981,6,False,True,0,6,False,False,50,0,False,False
2147,187899.4,26.87890954577607,65,32.017940095115435,6.040239321982633,9,True,True,0,6,False,False,50,0,False,False
2148,187899.6,30.128077252038814,66,27.339659616879032,5.777842131574792,11,True,True,0,0,True,False,50,0,False,False
2149,187899.8,27.417234980118497,68,20.74358409219274,5.381777961725975,10,True,True,0,6,False,False,50,0,False,False
2150,187900.0,27.175608042323443,69,20.13181728599738,5.3315730091573235,4,True,True,0,6,False,False,50,0,False,False
2151,187900.2,29.26752342437451,70,20.077957366084252,5.581361265892701,4,True,True,0,0,True,False,50,0,False,False
2152,187900.4,27.582472355482544,70,12.010239017046931,4.356255675963606,7,False,True,0,6,False,False,50,0,False,False
2153,187900.6,27.022629464352626,69,12.092913998761729,4.154949809463169,3,True,True,0,6,False,False,50,0,False,False
2154,187900.8,37.555043022117104,69,12.463195829912236,4.578647215783164,3,False,True,0,0,True,False,50,0,False,False
2155,187901.0,36.70833687707097,68,4.585000814354894,2.4774751853592174,8,True,True,0,6,False,False,50,0,False,False
2156,187901.2,36.324420765740165,68,17.949887377353047,4.455073255810812,4,False,True,0,6,False,False,50,0,False,False
2157,187901.4,28.85195323322302,67,14.93903316916595,4.00997280933405,13,True,True,0,6,False,False,50,0,False,False
2158,187901.6,34.4242849088348,68,27.655990688588748,5.616082030852157,4,True,True,0,0,True,False,50,0,False,False
2159,187901.8,31.625097335691226,68,17.54704061082896,4.950098238824826,10,True,True,0,6,False,False,50,0,False,False
2160,187902.0,29.48330617101901,68,17.968780221046963,4.98990522567132,5,True,True,0,6,False,False,50,0,False,False
2161,187902.2,32.9775681481786,69,17.750700296529683,4.947125119695742,4,True,True,0,0,True,False,50,0,False,False
2162,187902.4,30.516940335234885,71,16.240495646346567,4.730138962843808,6,False,True,0,6,False,False,50,0,False,False
2163,187902.6,28.916566202739297,70,10.736667213076984,3.787026452053581,5,True,True,0,6,False,False,50,0,False,False
2164,187902.8,1.3721640343654988,69,10.573268477405119,3.7624689910918843,3,False,True,0,0,True,False,50,0,False,False
2165,187903.0,2.4115268855125844,69,0.48408127057789585,0.48408127057789585,8,True,True,0,6,False,False,50,0,False,False
2166,187903.2,2.4742338224534124,67,0.5129599635740395,0.5129599635740395,2,True,True,0,6,False,False,50,0,False,False
2167,187903.4,2.492975238708313,65,0.5061492091244627,0.5061492091244627,2,True,True,0,6,False,False,50,0,False,False
2168,187903.6,2.497123151184882,62,0.4584132065976555,0.4584132065976555,3,False,True,0,6,False,False,50,0,False,False
2169,187903.8,2.4624539091618636,59,0.4219839021694494,0.4219839021694494,4,True,True,0,6,False,False,50,0,False,False
2170,187904.0,2.3886602335749165,56,0.42577185110299876,0.42577185110299876,4,True,True,0,6,False,False,50,0,False,False
2171,187904.2,2.3024544405560565,53,0.37784485956998365,0.37784485956998365,4,True,True,0,6,False,False,50,0,False,False
2172,187904.4,2.2036738487379464,50,0.3318198925366234,0.3318198925366234,4,True,True,0,6,False,False,50,0,False,False
2173,187904.6,2.1172735265692766,50,0.32953483555563895,0.32953483555563895,4,True,True,0,6,False,False,50,0,False,False
2174,187904.8,2.037250520798163,50,0.3325193514733686,0.3325193514733686,4,True,True,0,6,False,False,50,0,False,False
2175,187905.0,1.9898535929118468,51,3.8375317254256696,1.6465578438498556,4,True,True,0,6,False,False,50,0,False,False
2176,187905.2,1.9768274198575655,52,3.493069888007121,1.559314158355135,3,False,True,0,6,False,False,50,0,False,False
2177,187905.4,1.9891744998196648,53,3.1951813163726794,1.5046952441544499,3,True,True,0,6,False,False,50,0,False,False
2178,187905.6,1.9416733585500388,51,0.2941474206233508,0.2941474206233508,3,True,True,0,6,False,False,48,0,False,False
2179,187905.8,1.9269623058478909,52,2.472615821260893,1.3978193100935299,2,True,True,0,6,False,False,48,0,False,False
2180,187906.0,1.9068793917373161,52,0.6120656236825911,0.6120656236825911,3,True,True,0,6,False,False,48,0,False,False
2181,187906.2,1.8881531934525562,52,0.632943337134957,0.632943337134957,3,True,True,0,6,False,False,48,0,False,False
2182,187906.4,1.8980475810700224,52,0.4520680899843819,0.4520680899843819,3,True,True,0,6,False,False,48,0,False,False
2183,187906.6,1.882146213761934,52,0.4654849264086785,0.4654849264086785,3,True,True,0,6,False,False,48,0,False,False
2184,187906.8,1.8801511518612832,52,0.3902432675873779,0.3902432675873779,3,True,True,0,6,False,False,48,0,False,False
2185,187907.0,1.8557803956238519,51,0.31264420559258055,0.31264420559258055,4,True,True,0,6,False,False,48,0,False,False
2186,187907.2,1.8070611664632699,50,0.3150594642131287,0.3150594642131287,5,True,True,0,6,False,False,48,0,False,False
2187,187907.4,1.7231191470872755,50,6.507575232781476,2.042559301194942,5,True,True,0,6,False,False,48,0,False,False
2188,187907.6,1.6398322856469747,54,6.040404177492371,1.9488750379545725,4,True,True,0,6,False,False,50,0,False,False
2189,187907.8,1.5652550193816384,55,5.839564303593982,1.9937512153506096,3,True,True,0,6,False,False,50,0,False,False
2190,187908.0,1.530768793066303,56,0.6685136691984983,0.6685136691984983,3,True,True,0,6,False,False,50,0,False,False
2191,187908.2,1.5014322580656077,57,0.7278349652779853,0.7278349652779853,3,True,True,0,6,False,False,50,0,False,False
2192,187908.4,1.4940809959947365,58,0.7657332296313631,0.7657332296313631,3,True,True,0,6,False,False,51,0,False,False
2193,187908.6,1.4814948451881877,60,5.541180691075188,2.023233686477135,2,True,True,0,6,False,False,52,0,False,False
2194,187908.8,1.5116371536439646,62,5.278261648941784,1.9775697031790824,2,True,True,0,6,False,False,52,0,False,False
2195,187909.0,1.540151121246472,64,5.198964669626735,2.0509802930471683,2,True,True,0,6,False,False,52,0,False,False
2196,187909.2,1.5868036679704975,66,5.426221033405926,2.12953045898305,2,True,True,0,6,False,False,52,0,False,False
2197,187909.4,1.6749551884446099,67,5.583548420263634,2.165277319268053,2,True,True,0,6,False,False,52,0,False,False
2198,187909.6,1.7411220816684638,67,5.959646437891143,2.2405266412076457,2,True,True,0,6,False,False,52,0,False,False
2199,187909.8,1.8326531270864626,67,6.22066248454187,2.286556847385122,2,True,True,0,6,False,False,52,0,False,False
2200,187910.0,1.9239161326150989,68,6.705075981517572,2.365129854575974,2,True,True,0,6,False,False,52,0,False,False
2201,187910.2,15.046883720690635,69,6.954134497494543,2.414124612956192,2,True,True,0,0,True,False,52,0,False,False
2202,187910.4,14.205521431728068,70,5.145853453175627,2.814766077468247,19,True,True,0,6,False,False,51,0,False,False
2203,187910.6,14.094943540373599,70,5.366043573514498,2.6295254880606618,5,False,True,0,6,False,False,50,0,False,False
2204,187910.8,14.04847924608055,70,5.621087086567109,2.6842048109099497,3,False,True,0,6,False,False,50,0,False,False
2205,187911.0,13.930296774218615,69,5.2339329683881735,2.515442903377257,3,False,True,0,6,False,False,50,0,False,False
2206,187911.2,13.761599320281809,68,5.194720389231351,2.4924127064284356,3,False,True,0,6,False,False,50,0,False,False
2207,187911.4,13.672514175856287,68,5.855238980293908,2.681957373604996,3,True,True,0,6,False,False,50,0,False,False
2208,187911.6,13.602717635506762,67,3.9524853079485913,2.312212416061354,3,True,True,0,6,False,False,50,0,False,False
2209,187911.8,13.500378386735234,65,2.445362000816321,1.8335107939979496,3,False,True,0,6,False,False,50,0,False,False
2210,187912.0,13.424911847950227,64,3.8244106024353384,2.2342572922136017,3,False,True,0,6,False,False,50,0,False,False
2211,187912.2,13.29781703961073,62,2.4290200709262346,1.8464002351247173,3,False,True,0,6,False,False,50,0,False,False
2212,187912.4,13.161518720911088,60,2.3707415360330577,1.8032300399909726,3,False,True,0,6,False,False,50,0,False,False
2213,187912.6,13.070607254268861,59,4.0220512783064395,2.1783707254655305,3,True,True,0,6,False,False,50,0,False,False
2214,187912.8,13.000444896511503,58,4.231838813922028,2.1638573195463935,3,False,True,0,6,False,False,50,0,False,False
2215,187913.0,12.994242368202988,58,4.66996812226732,2.2143290196405925,3,True,True,0,6,False,False,50,0,False,False
2216,187913.2,13.06738059291827,58,5.050790607175552,2.3382347586884364,3,False,True,0,6,False,False,50,0,False,False
2217,187913.4,13.184294738407008,57,5.004460086190629,2.161233777585404,3,False,True,0,6,False,False,50,0,False,False
2218,187913.6,13.271247990792006,58,7.389962912906582,3.0571249246536913,3,False,True,0,6,False,False,50,0,False,False
2219,187913.8,13.380473236560066,60,7.0610271357088035,2.9727701622167246,3,False,True,0,6,False,False,50,0,False,False
2220,187914.0,18.365982605736704,61,6.912172496021328,2.8947413173040752,3,False,True,0,0,True,False,50,0,False,False
2221,187914.2,17.427037320683308,63,6.337669592888473,3.103484086210385,19,True,True,0,6,False,False,50,0,False,False
2222,187914.4,17.606541580838627,65,6.59267137813465,3.13906901193769,4,False,True,0,6,False,False,50,0,False,False
2223,187914.6,20.851131384610646,66,6.881182282390775,3.1534103443889294,3,False,True,0,0,True,False,50,0,False,False
2224,187914.8,20.288149016614163,67,6.89408631680498,3.285641637302509,16,True,True,0,6,False,False,50,0,False,False
2225,187915.0,20.34691973980179,68,7.276402819601681,3.321920451559232,5,False,True,0,6,False,False,50,0,False,False
2226,187915.2,22.677218903418993,69,7.292346519298506,3.308936632343375,3,False,True,0,0,True,False,50,0,False,False
2227,187915.4,21.910059103391085,70,7.011878846457444,3.0195599590706563,14,True,True,0,6,False,False,50,0,False,False
2228,187915.6,21.837735350864154,69,4.569336206837831,2.632562538291417,4,False,True,0,6,False,False,50,0,False,False
2229,187915.8,21.885716625789012,68,4.294517455159941,2.5904936954513444,3,False,True,0,6,False,False,50,0,False,False
2230,187916.0,21.883873729475287,66,3.919668398057178,2.518940442285336,3,False,True,0,6,False,False,50,0,False,False
2231,187916.2,21.873326051541266,63,4.230274327797231,2.685923960390066,3,False,True,0,6,False,False,49,0,False,False
2232,187916.4,21.843542562684767,60,4.30236654566985,2.698769882674988,4,True,True,0,6,False,False,48,0,False,False
2233,187916.6,21.806756450797,57,4.130786333572035,2.6460870053069483,3,True,True,0,6,False,False,46,0,False,False
2234,187916.8,21.77250418776784,54,4.198964856767184,2.548329325486884,3,False,True,0,6,False,False,45,0,False,False
2235,187917.0,21.6933162627918,51,4.28229991600262,2.594254217013826,3,True,True,0,6,False,False,44,0,False,False
2236,187917.2,21.611744474509752,48,4.1709833721933185,2.581359116028391,3,False,True,0,6,False,False,43,0,False,False
2237,187917.4,21.50519239042382,45,4.073070738952167,2.5199973689813735,3,False,True,0,6,False,False,42,0,False,False
2238,187917.6,21.347446172343577,43,3.9367894109270534,2.458006905551921,3,False,True,0,6,False,False,41,0,False,False
2239,187917.8,21.13097809185049,41,3.931548545408437,2.4354544143282895,2,True,True,0,6,False,False,40,0,False,False
2240,187918.0,20.91756041512556,40,3.699375610503537,2.249712814949858,3,False,True,0,6,False,False,39,0,False,False
2241,187918.2,20.678423755452883,41,3.179650039074955,1.8883711903236577,3,True,True,0,6,False,False,39,0,False,False
2242,187918.4,20.44458641725831,42,3.1167764359616323,1.8079308518694768,3,False,True,0,6,False,False,39,0,False,False
2243,187918.6,20.195487296678312,43,3.004411538561233,1.7489238503696434,3,False,True,0,6,False,False,40,0,False,False
2244,187918.8,19.949644132114297,44,2.9073305710546715,1.705936647140063,3,False,True,0,6,False,False,40,0,False,False
2245,187919.0,19.67692947472702,45,2.9088742399597813,1.7796717996014124,3,True,True,0,6,False,False,40,0,False,False
2246,187919.2,19.43581255116548,46,2.7821238141356157,1.6487301734454776,2,True,True,0,6,False,False,40,0,False,False
2247,187919.4,19.21587332115531,47,2.7356148118034778,1.6346702921699703,2,False,True,0,6,False,False,40,0,False,False
2248,187919.6,19.03932664795998,49,5.702413772873529,2.477782957475573,2,False,True,0,6,False,False,40,0,False,False
2249,187919.8,18.88742670635853,51,5.47781998899152,2.4476908723134096,2,True,True,0,6,False,False,40,0,False,False
2250,187920.0,18.773680621024205,53,5.392661359133452,2.688127530965212,2,True,True,0,6,False,False,40,0,False,False
2251,187920.2,18.678803491432937,54,5.4197613475301285,2.7265079079286765,2,True,True,0,6,False,False,40,0,False,False
2252,187920.4,18.595801829545383,56,5.035749854789046,2.5978083002086034,2,True,True,0,6,False,False,40,0,False,False
2253,187920.6,18.543521026635457,58,5.09735321862336,2.676825615392611,2,True,True,0,6,False,False,40,0,False,False
2254,187920.8,18.43811136335594,59,4.989627619438478,2.6062408382713107,2,False,True,0,6,False,False,41,0,False,False
2255,187921.0,18.327046237936976,60,4.880450935792179,2.586391529303921,2,False,True,0,6,False,False,42,0,False,False
2256,187921.2,18.199312204058643,61,4.8336638510483825,2.5621793092824197,2,True,True,0,6,False,False,43,0,False,False
2257,187921.4,18.01305300672933,63,15.48619468205659,4.207916579252701,2,True,True,0,6,False,False,44,0,False,False
2258,187921.6,15.137955021984633,64,13.870118598654539,3.918039306422847,10,True,True,0,6,False,False,45,0,False,False
2259,187921.8,13.141266450884112,64,15.119731717900784,4.156003682046395,6,True,True,0,0,True,False,46,0,False,False
2260,187922.0,9.752561692866673,64,7.020609447480159,2.797475084028612,13,True,True,0,6,False,False,47,0,False,False
2261,187922.2,8.923339780624866,64,7.528800533796623,2.8797970052800057,3,False,True,0,6,False,False,48,0,False,False
2262,187922.4,13.347719913075853,63,7.6276853502443265,2.910000136544631,3,False,True,0,0,True,False,49,0,False,False
2263,187922.6,11.182709688351778,62,6.873071197378269,2.863462356853408,11,True,True,0,6,False,False,50,0,False,False
2264,187922.8,10.626365687249962,62,7.1084707645077305,2.8770840502794686,5,False,True,0,6,False,False,50,0,False,False
2265,187923.0,24.099450471037187,63,14.525819502619807,3.8144877607537615,3,False,True,0,0,True,False,50,0,False,False
2266,187923.2,20.051411535210324,64,11.406500063843671,3.84670542330743,10,True,True,0,6,False,False,50,0,False,False
2267,187923.4,19.040158523226857,64,11.797897919479315,3.8835431832717697,3,False,True,0,6,False,False,50,0,False,False
2268,187923.6,25.17591402854696,64,12.123180528826573,3.927531073141493,3,False,True,0,0,True,False,50,0,False,False
2269,187923.8,22.039469947318608,63,12.72166941699935,4.2018698484325165,10,True,True,0,6,False,False,49,0,False,False
2270,187924.0,21.270180056766335,64,12.191384258099959,3.96243371263188,3,False,True,0,6,False,False,48,0,False,False
2271,187924.2,26.558626627992787,65,12.390888164986917,3.975688755790803,3,False,True,0,0,True,False,47,0,False,False
2272,187924.4,24.15885857881184,66,11.955350482447844,3.95622233710283,13,True,True,0,6,False,False,46,0,False,False
2273,187924.6,23.687205508006638,67,11.976410861973372,3.9841878378274522,3,False,True,0,6,False,False,45,0,False,False
2274,187924.8,25.559997979669348,68,12.046908441088272,4.012975938880674,3,False,True,0,0,True,False,44,0,False,False
2275,187925.0,23.53240045591519,67,11.760478398986404,3.918932740471043,10,True,True,0,6,False,False,43,0,False,False
2276,187925.2,22.963159999075394,65,12.974154142091512,4.272994798058578,3,False,True,0,6,False,False,42,0,False,False
2277,187925.4,24.11924937668023,63,12.955614225300257,4.262953194995234,3,False,True,0,0,True,False,41,0,False,False
2278,187925.6,22.308350988091505,61,4.233585558667219,2.3699694995761833,12,True,True,0,6,False,False,40,0,False,False
2279,187925.8,21.566347170529745,62,7.098370193409824,3.126049064565865,3,False,True,0,6,False,False,40,0,False,False
2280,187926.0,21.250079837390228,61,7.15882397547425,3.137049645956757,3,True,True,0,6,False,False,40,0,False,False
2281,187926.2,26.037334356220068,60,7.216245986903647,3.1637500858915284,3,True,True,0,0,True,False,40,0,False,False
2282,187926.4,25.785880925202775,59,5.873169296789872,2.8602720303710387,11,True,True,0,6,False,False,40,0,False,False
2283,187926.6,25.954676272594746,58,5.882932833366115,2.8660333248284378,5,True,True,0,6,False,False,40,0,False,False
2284,187926.8,26.19598682875249,57,5.907859947632901,2.88581729141392,3,False,True,0,6,False,False,40,0,False,False
2285,187927.0,26.300117546695148,57,7.2092278692149385,3.1092978337523425,3,False,True,0,6,False,False,40,0,False,False
2286,187927.2,26.324447666314704,58,6.9977130401625836,3.0560623090830283,3,False,True,0,6,False,False,40,0,False,False
2287,187927.4,12.645785864792332,59,6.959778252345993,3.0572091223894535,2,True,True,0,0,True,False,40,0,False,False
2288,187927.6,12.321960847852067,60,10.17203835386242,3.3775154887255336,14,True,True,0,6,False,False,40,0,False,False
2289,187927.8,12.147966594285808,60,10.497462424423317,3.4179643868472533,3,False,True,0,6,False,False,40,0,False,False
2290,187928.0,18.253147956553793,60,10.644642527552753,3.4404632911615947,2,True,True,0,0,True,False,40,0,False,False
2291,187928.2,17.289758636594392,58,4.443419460731335,1.8703923620304284,10,True,True,0,6,False,False,40,0,False,False
2292,187928.4,17.13605515838529,57,4.525410459068686,2.061793036376613,3,True,True,0,6,False,False,40,0,False,False
2293,187928.6,17.09071307278485,57,6.165227663575446,2.7237367984752137,3,True,True,0,6,False,False,40,0,False,False
2294,187928.8,17.120554953142978,57,6.289151025211067,2.7529443058241054,3,True,True,0,6,False,False,40,0,False,False
2295,187929.0,20.168665612672967,57,6.303279588874365,2.7460413678537043,2,True,True,0,0,True,False,40,0,False,False
2296,187929.2,20.468526831774458,57,5.8752566801608515,2.601296281233264,8,True,True,0,6,False,False,40,0,False,False
2297,187929.4,20.68744252465749,57,5.678217056851729,2.566195767892916,2,True,True,0,6,False,False,40,0,False,False
2298,187929.6,20.852948656856288,57,5.515452693019944,2.512882401614037,3,False,True,0,6,False,False,40,0,False,False
2299,187929.8,20.95700222951244,57,6.233587661035781,2.552514175783038,2,True,True,0,6,False,False,40,0,False,False
2300,187930.0,21.075871965841667,56,4.631532080024269,2.0291597026431485,2,True,True,0,6,False,False,40,0,False,False
2301,187930.2,21.224139778933477,58,6.21493072527611,2.5921264471287797,2,True,True,0,6,False,False,40,0,False,False
2302,187930.4,21.34431151094905,59,6.190736244232348,2.5731616436804305,2,True,True,0,6,False,False,40,0,False,False
2303,187930.6,17.326339391034534,59,6.188692272577417,2.57896239782324,2,True,True,0,0,True,False,40,0,False,False
2304,187930.8,17.759184116077424,59,5.467395036207212,2.546301604471746,12,True,True,0,6,False,False,40,0,False,False
2305,187931.0,17.97326719996048,59,5.705755034014277,2.5762119689413012,6,True,True,0,6,False,False,40,0,False,False
2306,187931.2,18.05769453161312,59,5.815523195104188,2.5974900379666988,5,True,True,0,6,False,False,40,0,False,False
2307,187931.4,18.06322768514437,59,5.9817713617159205,2.628141881418771,5,True,True,0,6,False,False,40,0,False,False
2308,187931.6,18.02279846212787,59,6.104312190865358,2.657174501495576,3,True,True,0,6,False,False,40,0,False,False
2309,187931.8,17.916779018665284,58,5.275027185012596,2.3736309666861066,3,True,True,0,6,False,False,40,0,False,False
2310,187932.0,17.786600355625794,58,5.324623935755099,2.3935329207062845,2,True,True,0,6,False,False,40,0,False,False
2311,187932.2,17.62184829472051,57,5.457947576654911,2.4194844160079416,2,True,True,0,6,False,False,40,0,False,False
2312,187932.4,17.41838034596055,57,5.124796263353341,2.323411956937623,2,True,True,0,6,False,False,40,0,False,False
2313,187932.6,17.169599710653358,56,5.683272055376668,2.467777696247775,2,True,True,0,6,False,False,40,0,False,False
2314,187932.8,16.879666017928507,56,5.39594279813287,2.4421882864049604,2,True,True,0,6,False,False,41,0,False,False
2315,187933.0,16.555042948517823,56,5.511643615034312,2.472540073859124,2,True,True,0,6,False,False,42,0,False,False
2316,187933.2,16.21857985178756,55,3.689353526713492,1.9840853952132937,2,False,True,0,6,False,False,43,0,False,False
2317,187933.4,15.837917315426173,55,5.770449388100256,2.5452504620545,2,False,True,0,6,False,False,44,0,False,False
2318,187933.6,15.443769309205964,54,3.5346989204525743,1.9471803655453055,2,False,True,0,6,False,False,45,0,False,False
2319,187933.8,15.053841514078462,54,3.4397324425746234,1.9169933755706328,2,False,True,0,6,False,False,46,0,False,False
2320,187934.0,14.674620371730903,54,3.3617306168946626,2.0700370777362225,3,True,True,0,6,False,False,47,0,False,False
2321,187934.2,14.249600375208193,54,3.217419401505538,2.067936452840866,3,False,True,0,6,False,False,48,0,False,False
2322,187934.4,13.869331474506726,53,3.0828241667339737,1.978214812827453,3,False,True,0,6,False,False,49,0,False,False
2323,187934.6,13.501435749719827,53,3.0237438221384823,1.8859520140992816,3,True,True,0,6,False,False,50,0,False,False
2324,187934.8,13.136148284866715,52,2.9158470951463356,1.6347376035666628,4,True,True,0,6,False,False,50,0,False,False
2325,187935.0,12.692977580146938,51,2.7831101200276267,1.5668892112242008,3,False,True,0,6,False,False,50,0,False,False
2326,187935.2,12.435974565579212,52,9.228768866230922,2.760260794118686,4,True,True,0,6,False,False,50,0,False,False
2327,187935.4,12.171612931326758,51,2.6749249518418527,1.4841464692128903,4,True,True,0,6,False,False,50,0,False,False
2328,187935.6,11.962171347464453,52,9.570289327726703,2.779022389083646,4,True,True,0,6,False,False,50,0,False,False
2329,187935.8,11.808829367684131,53,9.824509748289588,2.785080197695118,4,True,True,0,6,False,False,50,0,False,False
2330,187936.0,33.658638182804914,54,10.078326950637463,2.795940249526757,3,True,True,0,0,True,False,50,0,False,False
2331,187936.2,32.85475728409163,54,5.048251446755992,2.3944781392976355,9,True,True,0,6,False,False,50,0,False,False
2332,187936.4,32.34497591112874,54,4.969329451321064,2.3238749713643463,6,True,True,0,6,False,False,50,0,False,False
2333,187936.6,32.00486834732875,54,4.891730511228562,2.2684467531318933,3,True,True,0,6,False,False,50,0,False,False
2334,187936.8,31.715245710857836,54,4.82714087306558,2.235099399106212,3,False,True,0,6,False,False,50,0,False,False
2335,187937.0,31.51946799424663,54,4.7816809142223295,2.213705353234026,3,True,True,0,6,False,False,50,0,False,False
2336,187937.2,31.313061316444774,53,4.755817491112523,2.1958893007261473,2,True,True,0,6,False,False,50,0,False,False
2337,187937.4,31.07014279934423,54,12.700040632163955,3.451735177486999,2,True,True,0,6,False,False,50,0,False,False
2338,187937.6,30.76662358626268,54,12.59076765932819,3.450737968451522,2,True,True,0,6,False,False,50,0,False,False
2339,187937.8,30.069404013666613,55,12.537201944860982,3.5715792912153184,2,True,True,0,0,True,False,50,0,False,False
2340,187938.0,25.833426361867794,56,10.527062380221597,3.595405319286145,19,True,True,0,6,False,False,50,0,False,False
2341,187938.2,24.69180337370453,57,8.70810584105765,3.11279660350644,5,False,True,0,6,False,False,50,0,False,False
2342,187938.4,40.870451757564986,58,8.813702414170411,3.060326076752779,3,False,True,0,0,True,False,50,0,False,False
2343,187938.6,39.52859932044339,58,6.171211932543816,2.7573264419875056,17,True,True,0,6,False,False,49,0,False,False
2344,187938.8,38.931500631692856,58,6.256261448455821,2.7695902961859846,6,True,True,0,6,False,False,49,0,False,False
2345,187939.0,42.401409718805894,58,6.241184421650493,2.750060271939812,5,True,True,0,0,True,False,49,0,False,False
2346,187939.2,41.85131796329882,58,5.863989507629431,2.734631043132935,10,False,True,0,6,False,False,49,0,False,False
2347,187939.4,41.714600527431145,57,5.82254501668151,2.982705098005604,3,False,True,0,6,False,False,49,0,False,False
2348,187939.6,41.70885814606645,57,16.245539886809986,4.0697290247088755,3,False,True,0,6,False,False,50,0,False,False
2349,187939.8,39.01301344519196,56,15.159311620595904,3.933842271862142,5,True,True,0,6,False,False,51,0,False,False
2350,187940.0,16.42185184385784,54,15.54070779103491,3.948131566225944,9,True,True,0,0,True,False,51,0,False,False
2351,187940.2,13.886647480542791,53,2.485045951430292,1.6789576742894317,11,True,True,0,6,False,False,51,0,False,False
2352,187940.4,13.252465635706809,51,1.6462616716967893,1.2739223547175393,3,False,True,0,6,False,False,50,0,False,False
2353,187940.6,12.817739003893362,52,18.98339342165199,3.8019245437403484,3,False,True,0,6,False,False,50,0,False,False
2354,187940.8,9.458680001116031,54,14.344606501298312,3.4691238257684343,13,True,True,0,6,False,False,49,0,False,False
2355,187941.0,29.01473754173545,56,14.434917151500802,3.4811048571658074,4,True,True,0,0,True,False,48,0,False,False
2356,187941.2,26.730422335544343,58,10.420473007761327,3.662530061592736,9,True,True,0,6,False,False,47,0,False,False
2357,187941.4,26.003112154363855,60,10.45812882781473,3.6378014207486093,3,False,True,0,6,False,False,46,0,False,False
2358,187941.6,29.517930171256854,61,10.518630124063169,3.6260161464249223,4,True,True,0,0,True,False,44,0,False,False
2359,187941.8,26.821219937038308,62,10.404723516734904,3.59932071954147,14,True,True,0,6,False,False,42,0,False,False
2360,187942.0,26.06107316920474,64,10.554470283856649,3.577177554838681,3,False,True,0,6,False,False,41,0,False,False
2361,187942.2,29.997292157246285,66,10.617920964076932,3.563817806524275,3,False,True,0,0,True,False,40,0,False,False
2362,187942.4,28.02098980215374,69,10.421474764946005,3.5940225790033873,13,True,True,0,6,False,False,40,0,False,False
2363,187942.6,27.469323665627467,70,10.65145355126152,3.5936299934299862,3,False,True,0,6,False,False,40,0,False,False
2364,187942.8,30.6503852662694,70,10.803779225650917,3.598001219216891,3,False,True,0,0,True,False,40,0,False,False
2365,187943.0,28.633605157839632,70,10.807560594211163,3.623492660455769,10,True,True,0,6,False,False,40,0,False,False
2366,187943.2,28.108546684939185,70,10.975169770201475,3.6334009989806715,3,False,True,0,6,False,False,40,0,False,False
2367,187943.4,31.880261239758727,70,11.166505382738181,3.6602693738627066,3,False,True,0,0,True,False,40,0,False,False
2368,187943.6,29.886042397680242,70,11.115989940165035,3.6767076852349363,9,True,True,0,6,False,False,40,0,False,False
2369,187943.8,29.3586739520203,70,11.323447543008989,3.698191317468833,3,False,True,0,6,False,False,40,0,False,False
2370,187944.0,32.56325104205499,70,11.498254638409222,3.719352077112799,3,False,True,0,0,True,False,40,0,False,False
2371,187944.2,30.640936069450852,70,11.465177183205677,3.7323875407353913,9,True,True,0,6,False,False,40,0,False,False
2372,187944.4,30.135051135466146,70,11.635632471760667,3.7496636066314006,3,False,True,0,6,False,False,41,0,False,False
2373,187944.6,34.02463416884476,69,12.84812703181944,4.070940160538624,3,False,True,0,0,True,False,42,0,False,False
2374,187944.8,32.10065884186766,68,12.753065709438278,4.096546177056645,10,True,True,0,6,False,False,43,0,False,False
2375,187945.0,31.56359563931467,67,12.890923447515394,4.107192824441881,3,False,True,0,6,False,False,44,0,False,False
2376,187945.2,34.80181501343545,66,13.061181778407024,4.117293359705068,3,False,True,0,0,True,False,45,0,False,False
2377,187945.4,33.09184623411764,66,12.035107337287888,3.822742939077931,7,True,True,0,6,False,False,46,0,False,False
2378,187945.6,32.61724655574023,66,12.163819664096193,3.8336405130194104,3,False,True,0,6,False,False,47,0,False,False
2379,187945.8,35.01780471648028,66,12.319681393059026,3.859659880942311,3,False,True,0,0,True,False,48,0,False,False
2380,187946.0,33.490011406718345,66,12.314896273509962,3.8580535136605576,5,True,True,0,6,False,False,49,0,False,False
2381,187946.2,33.08876180646982,66,12.407506595328323,3.865204810414689,3,False,True,0,6,False,False,50,0,False,False
2382,187946.4,35.7670838439041,66,12.519330768739497,3.8764079617538245,3,False,True,0,0,True,False,50,0,False,False
2383,187946.6,34.26404420582514,67,12.495372940868387,3.8838979633301274,6,True,True,0,6,False,False,50,0,False,False
2384,187946.8,33.8258946107254,68,12.593278853905376,3.8957149102509083,3,False,True,0,6,False,False,50,0,False,False
2385,187947.0,36.35384044366673,69,12.68871333187324,3.925863553391856,3,False,True,0,0,True,False,50,0,False,False
2386,187947.2,34.7485729954228,70,12.624142997698216,3.9312825052853317,11,True,True,0,6,False,False,50,0,False,False
2387,187947.4,34.17515117843647,70,12.735591571681686,3.9406081660328045,4,False,True,0,6,False,False,50,0,False,False
2388,187947.6,36.41696602463615,70,12.825277779255664,3.9705611674494232,4,False,True,0,0,True,False,50,0,False,False
2389,187947.8,35.060232575062635,70,12.77084745088166,3.957518216422342,9,True,True,0,6,False,False,50,0,False,False
2390,187948.0,34.57643102956842,70,12.937163680492867,3.9706910496373102,4,False,True,0,6,False,False,50,0,False,False
2391,187948.2,36.98833824255903,70,13.04894735091602,3.968031365474023,4,False,True,0,0,True,False,50,0,False,False
2392,187948.4,35.84473919427835,70,12.91842483258748,3.9592586029077452,9,True,True,0,6,False,False,50,0,False,False
2393,187948.6,35.43831053541316,70,12.967907440624757,3.9710571871567764,4,False,True,0,6,False,False,50,0,False,False
2394,187948.8,40.64689691893538,70,12.981732535154173,4.393246344489417,4,False,True,0,0,True,False,50,0,False,False
2395,187949.0,39.480730269376345,70,12.872820787498734,4.477000035516339,11,True,True,0,6,False,False,50,0,False,False
2396,187949.2,39.0710208704403,70,12.878721451988483,4.488020830346101,4,False,True,0,6,False,False,50,0,False,False
2397,187949.4,40.95736377891517,70,12.912319077287991,4.486227008469116,4,False,True,0,0,True,False,50,0,False,False
2398,187949.6,40.13787793397254,70,12.808977142743972,3.98895061049068,8,True,True,0,6,False,False,50,0,False,False
2399,187949.8,39.848240072055916,70,12.71534885803209,4.467977279148308,4,True,True,0,6,False,False,50,0,False,False
2400,187950.0,40.82029229692881,70,12.646514128221952,4.422191486695737,4,False,True,0,0,True,False,50,0,False,False
2401,187950.2,40.492410824954746,70,12.575114313558315,4.474596496232508,8,True,True,0,6,False,False,50,0,False,False
2402,187950.4,40.37916729803596,70,12.49189411075478,3.986041435817467,4,True,True,0,6,False,False,50,0,False,False
2403,187950.6,38.13912827222372,70,12.443692392601779,3.977842284108905,4,False,True,0,0,True,False,50,0,False,False
2404,187950.8,38.451213897378196,70,12.38280708822171,3.984472376786883,5,False,True,0,6,False,False,50,0,False,False
2405,187951.0,38.505840715420206,70,12.324684273585468,4.447785715420778,4,False,True,0,6,False,False,50,0,False,False
2406,187951.2,38.53558035230371,70,12.277157262993732,3.971097718455828,4,True,True,0,0,True,False,50,0,False,False
2407,187951.4,38.820724948965285,70,12.185558038504361,3.9743541646713356,4,True,True,0,6,False,False,50,0,False,False
2408,187951.6,38.936691215543526,70,12.090946606197551,3.956460711276312,4,False,True,0,6,False,False,50,0,False,False
2409,187951.8,45.115147359593834,69,10.897391224067347,3.663772804553933,4,False,True,0,0,True,False,49,0,False,False
2410,187952.0,45.5694786856176,68,9.120866651593772,3.322801122505227,7,False,True,0,6,False,False,48,0,False,False
2411,187952.2,45.74292943635681,67,9.186021087045102,3.3088321522847868,3,False,True,0,6,False,False,47,0,False,False
2412,187952.4,44.89461274110254,66,9.235822891662403,3.2977272995776015,3,False,True,0,0,True,False,46,0,False,False
2413,187952.6,45.870705089047775,65,9.38798835965053,3.3576077263104103,4,False,True,0,6,False,False,45,0,False,False
2414,187952.8,46.15780353120702,64,9.414864405549997,3.330485441786045,3,False,True,0,6,False,False,44,0,False,False
2415,187953.0,44.68544532700359,63,9.484663926693852,3.3226513770671233,3,False,True,0,0,True,False,43,0,False,False
2416,187953.2,46.132969281840865,62,9.60141597364446,3.379843302827779,3,False,True,0,6,False,False,42,0,False,False
2417,187953.4,46.56539583790396,61,9.644688497163154,3.3597502348473864,3,False,True,0,6,False,False,41,0,False,False
2418,187953.6,45.09955604688137,60,9.69941680749425,3.3551995201026195,5,False,True,0,0,True,False,40,0,False,False
2419,187953.8,46.75831899674432,60,9.78148560961555,3.405990052725924,3,False,True,0,6,False,False,40,0,False,False
2420,187954.0,47.250599073956906,60,9.857654546565165,3.390621542104718,3,False,True,0,6,False,False,40,0,False,False
2421,187954.2,45.12340431336969,60,9.909054728300953,3.3956733802674948,5,False,True,0,0,True,False,40,0,False,False
2422,187954.4,46.993662433857175,60,10.021643757215921,3.460695582134378,3,False,True,0,6,False,False,40,0,False,False
2423,187954.6,47.507146428843065,60,10.0448843120296,3.446849855083169,3,False,True,0,6,False,False,40,0,False,False
2424,187954.8,40.49766994688366,61,14.299770645822763,4.108132780034285,3,True,True,0,0,True,False,41,0,False,False
2425,187955.0,41.608146581197325,62,11.525657877608225,4.215813332004892,14,True,True,0,6,False,False,42,0,False,False
2426,187955.2,42.079258211501674,63,11.609812956035972,4.24366022430097,3,False,True,0,6,False,False,43,0,False,False
2427,187955.4,43.89475251654561,64,11.597165311703149,4.194051881691828,3,False,True,0,0,True,False,44,0,False,False
2428,187955.6,44.96864002808963,65,11.340460040346057,4.178467059840128,10,True,True,0,6,False,False,45,0,False,False
2429,187955.8,45.357340755201264,66,11.354140301022815,4.209768930146834,4,False,True,0,6,False,False,46,0,False,False
2430,187956.0,43.9103118356422,67,11.42798903375466,4.188893346352124,3,False,True,0,0,True,False,47,0,False,False
2431,187956.2,44.96618929605328,68,11.339271557804297,4.228670070946093,11,True,True,0,6,False,False,48,0,False,False
2432,187956.4,45.26827241825319,69,11.440608040909538,4.218277598947206,3,False,True,0,6,False,False,49,0,False,False
2433,187956.6,44.555217837527096,70,11.554392376219917,4.241942109730335,3,False,True,0,0,True,False,50,0,False,False
2434,187956.8,45.634865009298714,70,11.544606404935386,4.31747962324668,11,True,True,0,6,False,False,50,0,False,False
2435,187957.0,45.933589380895015,70,11.6501676568874,4.3086334368159935,3,False,True,0,6,False,False,50,0,False,False
2436,187957.2,44.68618143235019,70,11.720615155655222,4.361199246926548,3,False,True,0,0,True,False,50,0,False,False
2437,187957.4,45.75143481660054,70,11.682596494437314,4.352371792041851,10,True,True,0,6,False,False,50,0,False,False
2438,187957.6,46.06007440079015,70,11.703731750917692,4.344184880663679,3,False,True,0,6,False,False,50,0,False,False
2439,187957.8,44.92905570226825,70,11.8102644649193,4.378182960213117,3,True,True,0,0,True,False,50,0,False,False
2440,187958.0,45.967257797172614,70,11.826429859686689,4.4040972206317885,3,False,True,0,6,False,False,50,0,False,False
2441,187958.2,46.26471956724544,70,11.874239657793556,3.9462161712257315,3,False,True,0,6,False,False,50,0,False,False
2442,187958.4,41.50889237311441,70,11.972042984755682,3.953916386207894,3,True,True,0,0,True,False,50,0,False,False
2443,187958.6,42.43345108862687,70,11.975982625104736,4.0254957341461335,10,True,True,0,6,False,False,50,0,False,False
2444,187958.8,42.69353160558369,70,12.051733581664763,4.035895010917228,3,False,True,0,6,False,False,50,0,False,False
2445,187959.0,41.51840161213775,70,12.092428092595314,4.042286817665164,3,False,True,0,0,True,False,50,0,False,False
2446,187959.2,42.29771077179092,70,12.181256257606085,4.073854577994191,10,True,True,0,6,False,False,50,0,False,False
2447,187959.4,42.43516269769941,70,12.2057205383618,4.07187886409133,3,True,True,0,6,False,False,50,0,False,False
2448,187959.6,41.60038706750627,70,12.257255675994294,4.081958259727083,2,True,True,0,0,True,False,50,0,False,False
2449,187959.8,42.252840691006924,70,12.273911768648224,4.10003329214574,3,False,True,0,6,False,False,50,0,False,False
2450,187960.0,42.35158054942687,70,12.365529257660983,4.115957367824394,3,False,True,0,6,False,False,50,0,False,False
2451,187960.2,41.45098939892519,70,12.472912484894904,4.137872139315337,2,True,True,0,0,True,False,50,0,False,False
2452,187960.4,41.9974878853723,70,12.540846006173224,4.165225160734684,10,True,True,0,6,False,False,50,0,False,False
2453,187960.6,42.09967824090058,70,12.63235492395337,4.186153156897926,2,True,True,0,6,False,False,50,0,False,False
2454,187960.8,41.603730809766425,70,12.73112332292515,4.205871343382101,2,True,True,0,0,True,False,50,0,False,False
2455,187961.0,42.02449931579087,70,12.73210211664237,4.219562819914957,3,False,True,0,6,False,False,50,0,False,False
2456,187961.2,42.1248047519849,70,12.750576581631346,4.220555637161366,2,True,True,0,6,False,False,50,0,False,False
2457,187961.4,41.52535446236999,70,12.82893365671448,4.234632254183082,2,True,True,0,0,True,False,50,0,False,False
2458,187961.6,42.03704695361518,70,12.815505400715141,4.543600372745595,10,True,True,0,6,False,False,50,0,False,False
2459,187961.8,42.22542076324153,70,12.875881137417727,4.5467770610391245,3,False,True,0,6,False,False,50,0,False,False
2460,187962.0,24.60684386179632,69,12.488288405589977,4.546966833059531,2,True,True,0,0,True,False,50,0,False,False
2461,187962.2,23.69059690364359,69,21.41360825447684,4.733006391001812,9,True,True,0,6,False,False,50,0,False,False
2462,187962.4,27.51063093475608,68,9.38200101993087,4.0620042239780005,11,True,True,0,6,False,False,50,0,False,False
2463,187962.6,24.460106231256077,67,9.400217418719725,4.086852898895568,3,True,True,0,0,True,False,50,0,False,False
2464,187962.8,23.773655574616644,66,8.89396059411671,3.6291244293777822,7,False,True,0,6,False,False,50,0,False,False
2465,187963.0,23.687211118068493,64,9.707515407684328,3.985991456298707,2,True,True,0,6,False,False,49,0,False,False
2466,187963.2,24.736290298465303,63,8.780436850526394,3.739919756929846,2,True,True,0,0,True,False,49,0,False,False
2467,187963.4,23.91318656234891,62,8.825802646619351,3.728119216766709,6,False,True,0,6,False,False,48,0,False,False
2468,187963.6,23.723673233778847,61,8.720669453878093,3.709776198971213,3,False,True,0,6,False,False,47,0,False,False
2469,187963.8,25.64640918061996,60,8.743616848097338,3.7092802957036324,3,False,True,0,0,True,False,46,0,False,False
2470,187964.0,24.60058199618277,59,9.317550051474948,3.8715245337638815,5,False,True,0,6,False,False,45,0,False,False
2471,187964.2,24.315150954885222,57,9.099214638617829,3.792307700872407,3,False,True,0,6,False,False,44,0,False,False
2472,187964.4,42.92713629281658,58,23.900977862804186,4.733189473450585,3,True,True,0,0,True,False,43,0,False,False
2473,187964.6,41.36458059097284,59,15.852819034446394,4.778460205808831,9,True,True,0,6,False,False,42,0,False,False
2474,187964.8,37.440242877974796,60,16.263584890390604,4.846018804377559,5,True,True,0,6,False,False,41,0,False,False
2475,187965.0,42.93993062931263,62,16.390751382570766,4.8750128290299655,4,True,True,0,0,True,False,41,0,False,False
2476,187965.2,41.92126454836276,62,17.626789140288665,5.097093412778394,7,True,True,0,6,False,False,40,0,False,False
2477,187965.4,39.86932575348374,62,15.70468295207495,4.525106574610604,5,True,True,0,6,False,False,40,0,False,False
2478,187965.6,38.41934695206364,62,15.47896189571074,4.505591347441228,4,True,True,0,0,True,False,40,0,False,False
2479,187965.8,37.64159536544652,62,15.52209154117138,4.526840977924941,9,True,True,0,6,False,False,40,0,False,False
2480,187966.0,39.035199971646286,63,15.402912130126351,4.534472273239232,4,True,True,0,6,False,False,40,0,False,False
2481,187966.2,51.91375824351839,63,12.982264586602291,4.101336514369071,4,True,True,0,0,True,False,40,0,False,False
2482,187966.4,50.99256332442933,61,6.921606853070991,2.9771494937283354,16,True,True,0,6,False,False,40,0,False,False
2483,187966.6,50.63067390502403,59,6.8661863168381965,2.951907865223239,3,False,True,0,6,False,False,40,0,False,False
2484,187966.8,50.9219346289151,57,6.844660419227599,2.926225933201718,2,True,True,0,0,True,False,40,0,False,False
2485,187967.0,50.573919394308156,56,23.139740956069122,4.708139102352465,5,False,True,0,6,False,False,40,0,False,False
2486,187967.2,42.30264221491914,56,19.363738963117363,4.560423025381129,5,True,True,0,6,False,False,40,0,False,False
2487,187967.4,37.47063897274982,56,17.84533140215591,4.532327069836055,4,True,True,0,0,True,False,40,0,False,False
2488,187967.6,36.43351132530802,56,14.996671459707573,4.413179160905179,7,True,True,0,6,False,False,40,0,False,False
2489,187967.8,36.20330363228125,56,15.01608591379744,4.382457724081382,4,False,True,0,6,False,False,40,0,False,False
2490,187968.0,37.364439007670455,56,14.885456761518988,4.374662684031441,4,True,True,0,0,True,False,40,0,False,False
2491,187968.2,36.32473572418825,57,14.487486289265572,4.343233773069782,5,True,True,0,6,False,False,40,0,False,False
2492,187968.4,35.998390371365275,58,14.439801258601472,4.335404742286125,4,False,True,0,6,False,False,41,0,False,False
2493,187968.6,36.582613038446866,59,14.300997015131214,4.311457046674143,3,False,True,0,0,True,False,42,0,False,False
2494,187968.8,35.61217113485587,60,13.966873354429195,4.304032347490339,8,True,True,0,6,False,False,43,0,False,False
2495,187969.0,35.2896470244758,60,13.674391273689778,4.284651015033409,4,False,True,0,6,False,False,44,0,False,False
2496,187969.2,23.89860653987593,59,13.053650659514345,4.155001275044879,3,True,True,0,0,True,False,44,0,False,False
2497,187969.4,22.20709885027202,59,23.6765412799916,4.346312422059107,10,True,True,0,6,False,False,44,0,False,False
2498,187969.6,17.554057567680324,59,16.124958434496392,4.217638973537369,14,True,True,0,6,False,False,44,0,False,False
2499,187969.8,34.36016864919167,59,14.266532236072711,4.223888904138008,8,True,True,0,0,True,False,44,0,False,False
2500,187970.0,33.05410295237584,59,13.003571750715503,4.242613040617049,8,False,True,0,6,False,False,44,0,False,False
2501,187970.2,32.58561892988158,59,12.854757921668604,4.615258892493597,4,False,True,0,6,False,False,44,0,False,False
2502,187970.4,36.50303743403377,59,12.79876154868873,4.52806626899363,3,True,True,0,0,True,False,43,0,False,False
2503,187970.6,35.310493759367105,59,12.750930735176484,4.487019483574558,6,True,True,0,6,False,False,42,0,False,False
2504,187970.8,34.880880269991316,59,12.518231764181037,4.467578166911078,4,True,True,0,6,False,False,41,0,False,False
2505,187971.0,34.12901339626128,59,12.340394444392501,4.426460566651882,4,False,True,0,0,True,False,40,0,False,False
2506,187971.2,33.756063911704885,60,12.05481853697727,4.4416136137495705,4,False,True,0,6,False,False,40,0,False,False
2507,187971.4,33.56219547777069,60,12.045453337009036,4.38863978072175,4,False,True,0,6,False,False,40,0,False,False
2508,187971.6,32.69404813821405,60,12.048747545319522,4.395265878367064,4,False,True,0,0,True,False,40,0,False,False
2509,187971.8,32.16951024413737,60,11.681698879873915,4.4089170823354795,10,True,True,0,6,False,False,40,0,False,False
2510,187972.0,32.074042843771274,60,11.738852030326507,4.40879051022444,4,False,True,0,6,False,False,40,0,False,False
2511,187972.2,32.98862235912287,60,11.913017853612656,4.440002031708948,4,False,True,0,0,True,False,40,0,False,False
2512,187972.4,32.54544803796359,60,11.796201880683526,4.400702163621104,8,True,True,0,6,False,False,39,0,False,False
2513,187972.6,32.435727256103746,60,11.827385143112533,4.428036956041035,4,False,True,0,6,False,False,38,0,False,False
2514,187972.8,32.146408661426406,60,11.867095243302266,4.391756531858837,4,False,True,0,0,True,False,37,0,False,False
2515,187973.0,31.711244850466084,60,11.875655115065962,4.449783674483192,9,True,True,0,6,False,False,37,0,False,False
2516,187973.2,31.732840145843824,59,9.241554171959892,3.777446994907861,8,True,True,0,6,False,False,37,0,False,False
2517,187973.4,42.70120254306709,58,9.291008100222298,3.7673358035953797,7,True,True,0,0,True,False,37,0,False,False
2518,187973.6,42.65215465370767,58,18.245158178583296,4.336650421263389,8,True,True,0,6,False,False,35,0,False,False
2519,187973.8,35.8959191331109,58,15.368424158447242,4.141209925823389,8,True,True,0,6,False,False,33,0,False,False
2520,187974.0,30.39959642752887,58,14.009256290995017,4.100357438288215,9,True,True,0,0,True,False,31,0,False,False
2521,187974.2,29.72826211349367,58,12.078985277858317,4.009560496519354,11,True,True,0,6,False,False,31,0,False,False
2522,187974.4,29.360393491683585,58,11.843232537582027,3.9892980500972297,7,True,True,0,6,False,False,32,0,False,False
2523,187974.6,32.0353857847162,58,12.203537957692577,3.9906776890092974,7,True,True,0,0,True,False,33,0,False,False
2524,187974.8,31.209506472364197,58,12.147576113210631,4.032831686820389,10,True,True,0,6,False,False,34,0,False,False
2525,187975.0,30.796000848189706,58,12.349393859209243,4.035687983616744,4,False,True,0,6,False,False,34,0,False,False
2526,187975.2,32.16984323441596,59,12.374325138466062,4.002172062583081,4,False,True,0,0,True,False,34,0,False,False
2527,187975.4,31.165183682234034,60,12.00041490538655,3.9818600876121995,10,True,True,0,6,False,False,34,0,False,False
2528,187975.6,30.68564296073666,61,12.40599060161578,4.210202743875672,4,False,True,0,6,False,False,36,0,False,False
2529,187975.8,29.350145488532846,62,12.322465015265106,4.204646790362157,3,False,True,0,0,True,False,38,0,False,False
2530,187976.0,27.97759106739508,63,11.687748356060762,4.014798046243849,16,True,True,0,6,False,False,40,0,False,False
2531,187976.2,27.604315737227616,64,11.655886945476798,4.024309309329553,3,False,True,0,6,False,False,40,0,False,False
2532,187976.4,18.773186150420223,64,10.84084621640617,3.8550785187352044,3,False,True,0,0,True,False,40,0,False,False
2533,187976.6,16.289601427272213,65,19.520227094133254,3.839407669595755,16,True,True,0,6,False,False,40,0,False,False
2534,187976.8,12.405126416960844,66,13.769568210144692,3.875077732139065,9,True,True,0,6,False,False,40,0,False,False
2535,187977.0,28.98845866020693,67,13.423152977566284,3.8111702710129443,3,False,True,0,0,True,False,40,0,False,False
2536,187977.2,26.964913320895285,68,11.249156836069908,3.857205961000577,11,True,True,0,6,False,False,40,0,False,False
2537,187977.4,26.425768275283044,69,10.909242048691954,3.7679391425983844,3,False,True,0,6,False,False,40,0,False,False
2538,187977.6,27.087918176033128,69,10.72534576563504,3.72483788166491,4,True,True,0,0,True,False,40,0,False,False
2539,187977.8,24.798900563674525,68,9.908450127519169,3.6191956019063083,4,True,True,0,6,False,False,40,0,False,False
2540,187978.0,23.96733864490002,67,9.72308554808472,3.5386327083600877,3,False,True,0,6,False,False,40,0,False,False
2541,187978.2,17.90519866146775,66,9.673124238456277,3.5239748180336186,3,True,True,0,0,True,False,40,0,False,False
2542,187978.4,16.05001694037223,66,2.7655379921141265,1.8831764665732165,12,True,True,0,6,False,False,40,0,False,False
2543,187978.6,15.484369009375012,65,2.852745555011682,1.9176135797690586,3,False,True,0,6,False,False,40,0,False,False
2544,187978.8,15.16984136767057,64,2.9384359776200957,1.9361402638890783,4,False,True,0,6,False,False,40,0,False,False
2545,187979.0,14.921404736732711,63,2.9987444349438883,1.963510212242704,2,True,True,0,6,False,False,40,0,False,False
2546,187979.2,14.719571968651113,61,2.2061601642795114,1.805295062290577,3,True,True,0,6,False,False,40,0,False,False
2547,187979.4,14.517840767680136,59,2.2369810004610953,1.8611414465525462,3,True,True,0,6,False,False,40,0,False,False
2548,187979.6,14.343606709205128,57,2.1980604848700644,1.8219884453184982,3,True,True,0,6,False,False,40,0,False,False
2549,187979.8,14.203400797248644,57,15.179737465061855,4.444439532790748,3,True,True,0,6,False,False,40,0,False,False
2550,187980.0,14.798117500664205,56,2.1614156935436633,1.7738938919329954,4,True,True,0,6,False,False,40,0,False,False
2551,187980.2,14.475087840178851,57,19.726102594719215,4.9901609923480805,3,True,True,0,6,False,False,40,0,False,False
2552,187980.4,12.810003861788013,59,18.259370665676204,4.482455176765812,11,True,True,0,6,False,False,40,0,False,False
2553,187980.6,27.56961704284491,61,17.975802748883297,4.511139766572315,16,True,True,0,0,True,False,40,0,False,False
2554,187980.8,24.040756890890734,63,15.57731507390735,4.720705467254012,8,False,True,0,6,False,False,42,0,False,False
2555,187981.0,22.08707307630371,65,15.927053013837444,4.744368853260553,5,True,True,0,6,False,False,44,0,False,False
2556,187981.2,35.42948494510403,67,14.752848778398857,4.591234432738321,4,True,True,0,0,True,False,45,0,False,False
2557,187981.4,32.0774788775229,69,7.364011084065421,3.1610390782622977,15,True,True,0,6,False,False,46,0,False,False
2558,187981.6,30.835622288710827,71,7.879307953974762,3.1692466741097016,3,False,True,0,6,False,False,47,0,False,False
2559,187981.8,36.09270027156181,72,8.381146181690696,3.2204025871642963,3,False,True,0,0,True,False,48,0,False,False
2560,187982.0,32.410600314158685,74,8.328358640411766,3.3116202731459774,12,True,True,0,6,False,False,49,0,False,False
2561,187982.2,31.11030860091402,74,9.43223362529953,3.429086391211957,3,False,True,0,6,False,False,50,0,False,False
2562,187982.4,39.03106985525619,73,10.625819204039916,3.5723686934782997,3,False,True,0,0,True,False,51,0,False,False
2563,187982.6,35.73955828459937,71,4.7599546270308055,2.6170863791381165,13,True,True,0,6,False,False,52,0,False,False
2564,187982.8,34.82193700871478,70,11.107567052612316,3.7925463374190227,3,False,True,0,6,False,False,51,0,False,False
2565,187983.0,34.22062759376366,68,25.519898842521894,4.567270149832693,2,True,True,0,6,False,False,50,0,False,False
2566,187983.2,36.45302583594309,67,22.683396575193285,4.182036173815232,13,True,True,0,0,True,False,50,0,False,False
2567,187983.4,32.624751775971006,66,4.91769826145028,2.5385546354419715,10,True,True,0,6,False,False,50,0,False,False
2568,187983.6,31.562318881719186,65,4.920307462348045,2.340787711893374,4,True,True,0,6,False,False,50,0,False,False
2569,187983.8,31.017666702646466,64,4.931419922286411,2.3354040415908712,3,False,True,0,6,False,False,50,0,False,False
2570,187984.0,30.683512698238648,64,12.359516763650577,3.458081469021389,3,True,True,0,6,False,False,50,0,False,False
2571,187984.2,30.449204838146805,64,12.32281093615588,3.464899656650721,3,True,True,0,6,False,False,50,0,False,False
2572,187984.4,27.0656279324265,64,12.293666265253963,3.8038365964986656,2,True,True,0,0,True,False,50,0,False,False
2573,187984.6,25.305756121898664,64,10.487954055773994,4.113509262349981,13,True,True,0,6,False,False,49,0,False,False
2574,187984.8,25.22226072958703,64,10.005804737925143,4.003223518900434,3,False,True,0,6,False,False,49,0,False,False
2575,187985.0,37.686456894778324,64,6.945538489915196,3.3425413474821517,3,False,True,0,0,True,False,48,0,False,False
2576,187985.2,37.84629937616458,64,4.466104733397824,2.57570817577331,8,True,True,0,6,False,False,47,0,False,False
2577,187985.4,37.858137499164194,65,13.823213195725277,4.082225752033054,6,True,True,0,6,False,False,46,0,False,False
2578,187985.6,37.88503807562417,64,4.916210791286919,2.636984581970984,5,True,True,0,6,False,False,45,0,False,False
2579,187985.8,37.921496063503284,64,4.501004410169374,2.475936442781953,4,True,True,0,6,False,False,44,0,False,False
2580,187986.0,37.98029584064904,63,4.514994306216553,2.490751902424894,4,True,True,0,6,False,False,43,0,False,False
2581,187986.2,38.07081723880294,62,4.5560290651322966,2.4465973457124073,4,False,True,0,6,False,False,42,0,False,False
2582,187986.4,38.120475538531046,62,13.556861948919792,3.639554073794,4,True,True,0,6,False,False,41,0,False,False
2583,187986.6,38.23422138762255,62,4.702054523428954,2.57307693796324,4,True,True,0,6,False,False,41,0,False,False
2584,187986.8,38.353855743115844,61,4.734570566642742,2.607839378291342,4,True,True,0,6,False,False,40,0,False,False
2585,187987.0,38.489428416083115,60,5.122740551635482,2.6969057303940214,3,True,True,0,6,False,False,40,0,False,False
2586,187987.2,38.59801258021362,60,4.7629418324610295,2.668004392172111,3,True,True,0,6,False,False,40,0,False,False
2587,187987.4,38.708007108360185,59,4.791292722701052,2.705237672079566,3,False,True,0,6,False,False,40,0,False,False
2588,187987.6,38.83562423765097,59,5.102600218765201,2.7432982940788917,3,False,True,0,6,False,False,40,0,False,False
2589,187987.8,38.96557087742304,58,5.102845730819783,2.746501909836286,3,False,True,0,6,False,False,40,0,False,False
2590,187988.0,39.0995332380859,58,4.936852233420589,2.7992936015697243,3,True,True,0,6,False,False,40,0,False,False
2591,187988.2,39.252076136817024,57,5.050162517767788,2.684621815659459,3,False,True,0,6,False,False,40,0,False,False
2592,187988.4,39.426001145909254,55,4.984971041658467,2.617315283688087,3,True,True,0,6,False,False,40,0,False,False
2593,187988.6,39.55184417689285,54,4.944875896808079,2.513309086316615,3,False,True,0,6,False,False,40,0,False,False
2594,187988.8,39.56265607361969,53,4.985290464040337,2.578166863968783,2,True,True,0,6,False,False,40,0,False,False
2595,187989.0,39.52658427197293,53,5.021599174166024,2.63675892270219,2,True,True,0,6,False,False,40,0,False,False
2596,187989.2,39.48173840586549,51,5.536395585339178,2.7858347841738618,2,True,True,0,6,False,False,40,0,False,False
2597,187989.4,39.431082796114744,49,5.531711896330601,2.8139196947751484,2,True,True,0,6,False,False,40,0,False,False
2598,187989.6,39.30368666014415,49,4.973703345177053,2.703181581599368,2,True,True,0,6,False,False,40,0,False,False
2599,187989.8,39.1501985843406,49,4.923963416173087,2.675575763802875,2,False,True,0,6,False,False,40,0,False,False
2600,187990.0,38.91216099000523,47,4.504679982571556,2.5156823460744517,2,False,True,0,6,False,False,39,0,False,False
2601,187990.2,38.60627189180931,47,4.903379613635456,2.7172261297298146,2,False,True,0,6,False,False,39,0,False,False
2602,187990.4,38.19296170511084,47,4.911014401116256,2.4550683211124955,2,False,True,0,6,False,False,38,0,False,False
2603,187990.6,37.83903031574261,45,4.032087561002639,2.2640060407512763,2,False,True,0,6,False,False,36,0,False,False
2604,187990.8,37.475274000298974,42,3.6687686155236174,2.097205985863333,2,False,True,0,6,False,False,34,0,False,False
2605,187991.0,37.24383455574349,39,3.1689425696782467,2.2901332083246815,2,False,True,0,6,False,False,31,0,False,False
2606,187991.2,37.001241741053285,38,3.849242196682989,2.292222350080176,2,False,True,0,6,False,False,28,0,False,False
2607,187991.4,36.78725523699492,35,3.6882059685885906,2.7275840217007397,2,False,True,0,6,False,False,24,0,False,False
2608,187991.6,36.606933868909,30,inf,inf,2,False,False,0,6,False,False,20,0,False,False
2609,187991.8,36.42094258315756,27,2.536493942434468,2.154821126882593,2,False,True,0,6,False,False,16,0,False,False
2610,187992.0,36.24128766715032,25,2.57679616321591,2.1586595528329453,2,False,True,0,6,False,False,13,0,False,False
2611,187992.2,36.05232008491047,24,4.05092467543262,2.2888591054093057,2,False,True,0,6,False,False,9,0,False,False
2612,187992.4,35.88215918342934,23,4.303815101629239,2.2942709742559364,2,False,True,0,6,False,False,6,0,False,False
2613,187992.6,35.753419818953574,23,4.898951802958437,2.438760361761514,2,False,True,0,6,False,False,4,0,False,False
2614,187992.8,35.633757387406874,24,4.887722009049313,2.324268697814185,2,False,True,0,6,False,False,2,0,False,False
2615,187993.0,35.515751922438675,25,5.096153349383625,2.323164146387899,2,False,True,0,6,False,False,1,0,False,False
2616,187993.2,35.35551848705893,26,4.733160242142775,2.1780516847755917,2,False,True,0,6,False,False,0,0,False,False
2617,187993.4,35.17937820263195,29,4.955521511290338,2.442959157601898,2,False,True,0,6,False,False,1,0,False,False
2618,187993.6,34.980499556315706,33,5.150164563622145,2.4513184759673057,2,False,True,0,6,False,False,2,0,False,False
2619,187993.8,34.664376363042855,36,14.745532693882337,3.92873261434855,2,True,True,0,6,False,False,3,0,False,False
2620,187994.0,34.27872111000041,39,14.342815146952791,3.842827970599051,2,True,True,0,6,False,False,5,0,False,False
2621,187994.2,14.097190550555013,40,13.99999863177148,3.805577792713782,2,True,True,0,0,True,False,7,0,False,False
2622,187994.4,13.445565013089022,41,1.588322443294697,1.4236262322219289,9,True,True,0,6,False,False,9,0,False,False
2623,187994.6,12.93972244436022,44,4.059402050714819,1.988047708613237,7,True,True,0,6,False,False,12,0,False,False
2624,187994.8,12.51168148163899,47,3.756859698649384,1.928267162375011,6,True,True,0,6,False,False,15,0,False,False
2625,187995.0,12.232870762848254,50,3.587939092847216,2.0750436342881873,2,False,True,0,6,False,False,18,0,False,False
2626,187995.2,11.976197335273266,52,3.3939272815240047,2.0570423755883835,2,False,True,0,6,False,False,21,0,False,False
2627,187995.4,11.780390787417604,53,1.7992933811122904,1.5408827878043603,2,True,True,0,6,False,False,23,0,False,False
2628,187995.6,11.549514150840333,54,1.7896427994278825,1.488123901973548,5,True,True,0,6,False,False,25,0,False,False
2629,187995.8,11.324982742582359,54,1.9054081025464296,1.526529644470974,3,True,True,0,6,False,False,27,0,False,False
2630,187996.0,11.022676525596903,54,1.9503298996527736,1.5597017463702225,3,False,True,0,6,False,False,27,0,False,False
2631,187996.2,10.69046891778957,54,1.9347879011132039,1.5860237688414507,3,False,True,0,6,False,False,27,0,False,False
2632,187996.4,10.378465052558772,53,2.0446404837606322,1.6412048329207054,3,False,True,0,6,False,False,27,0,False,False
2633,187996.6,10.053482036893636,51,1.9778187612090148,1.594878652033029,3,False,True,0,6,False,False,26,0,False,False
2634,187996.8,9.784945814225306,48,1.1179898989687547,1.1179898989687547,3,False,True,0,6,False,False,23,0,False,False
2635,187997.0,9.556320497731651,44,1.043140451916535,1.043140451916535,4,False,True,0,6,False,False,21,0,False,False
2636,187997.2,9.324761740114463,41,1.5649070377156968,1.4923285020888721,3,False,True,0,6,False,False,19,0,False,False
2637,187997.4,9.040583180027637,40,2.4719991050232184,1.8879395813224666,2,False,True,0,6,False,False,17,0,False,False
2638,187997.6,8.71738595890516,39,2.5733214487009137,1.9002035310213246,2,False,True,0,6,False,False,16,0,False,False
2639,187997.8,8.343313227889238,38,2.4284979017590995,1.7371865402932138,2,False,True,0,6,False,False,15,0,False,False
2640,187998.0,7.915704192030854,37,2.1751231706456275,1.6215406523126963,3,True,True,0,6,False,False,15,0,False,False
2641,187998.2,7.421510334766027,36,1.8742607494464985,1.4923441567609395,3,False,True,0,6,False,False,15,0,False,False
2642,187998.4,6.863282137562248,36,1.6167690499064968,1.3582802783713437,3,False,True,0,6,False,False,16,0,False,False
2643,187998.6,6.380464688401649,36,1.3290862835194932,1.1845561694467246,3,True,True,0,6,False,False,18,0,False,False
2644,187998.8,5.829195011796873,38,1.6622661703353847,1.3691571307025072,3,False,True,0,6,False,False,23,0,False,False
2645,187999.0,5.2633439121283185,40,0.8124399230682097,0.8124399230682097,3,False,True,0,6,False,False,26,0,False,False
2646,187999.2,4.720061775148052,42,0.9326024176310798,0.9326024176310798,3,False,True,0,6,False,False,29,0,False,False
2647,187999.4,4.217179533352197,43,0.706161508101775,0.706161508101775,4,False,True,0,6,False,False,32,0,False,False
2648,187999.6,3.7472042790253495,45,3.1001671721287725,1.4889286332613567,4,True,True,0,6,False,False,34,0,False,False
2649,187999.8,3.364192151889658,47,2.680462772498507,1.419187315909824,3,False,True,0,6,False,False,36,0,False,False
2650,188000.0,3.1293413423183574,49,2.357996125617822,1.313250184397976,3,True,True,0,6,False,False,38,0,False,False
2651,188000.2,2.91241891094896,51,2.178855737209229,1.346592722082346,2,True,True,0,6,False,False,40,0,False,False
2652,188000.4,2.7578748463706484,54,17.577772021077642,4.063199500448766,2,True,True,0,6,False,False,41,0,False,False
2653,188000.6,4.223211988384732,57,16.30791990057558,3.879281805613923,4,True,True,0,6,False,False,41,0,False,False
2654,188000.8,20.62959327573546,59,14.907250194983229,3.7667457677413014,4,True,True,0,0,True,False,40,0,False,False
2655,188001.0,15.390027994406745,62,10.791489408227891,3.6610556342182226,9,False,True,0,6,False,False,40,0,False,False
2656,188001.2,14.20752530967996,64,10.298280360676356,3.50999286287937,3,False,True,0,6,False,False,40,0,False,False
2657,188001.4,18.271173429139786,66,9.789485269154898,3.3559000349371226,3,False,True,0,0,True,False,40,0,False,False
2658,188001.6,14.159390886750543,67,8.713570041999107,3.282424046813532,3,False,True,0,6,False,False,40,0,False,False
2659,188001.8,12.75892213433027,68,8.491428072023796,3.144635551223271,3,False,True,0,6,False,False,40,0,False,False
2660,188002.0,16.674388320099794,69,8.033242868638474,3.0974529003452638,3,False,True,0,0,True,False,40,0,False,False
2661,188002.2,13.083740671706803,69,7.2495402511332845,3.362297574665976,14,True,True,0,6,False,False,40,0,False,False
2662,188002.4,12.124424786223372,69,6.448504062237568,2.9143320052090727,3,False,True,0,6,False,False,40,0,False,False
2663,188002.6,11.789254985850759,70,5.702901811877597,2.721406950231958,4,True,True,0,6,False,False,40,0,False,False
2664,188002.8,11.567716460083476,71,5.242902833579617,2.61439114846766,2,True,True,0,6,False,False,40,0,False,False
2665,188003.0,11.388789686786222,72,4.82660156863895,2.5184401596204755,2,True,True,0,6,False,False,40,0,False,False
2666,188003.2,11.269012462370233,73,4.448118716203839,2.3896459648342376,3,True,True,0,6,False,False,40,0,False,False
2667,188003.4,11.257531220435723,74,4.218904541464351,2.346963629395285,4,True,True,0,6,False,False,40,0,False,False
2668,188003.6,11.303695665925863,75,4.030662817983534,2.3045662980996906,3,False,True,0,6,False,False,40,0,False,False
2669,188003.8,11.37605033383745,76,3.6534646005878817,2.1147562465351157,4,True,True,0,6,False,False,40,0,False,False
2670,188004.0,11.41221923743755,77,3.333127508897152,2.011656787615649,4,True,True,0,6,False,False,40,0,False,False
2671,188004.2,11.40410732026964,78,2.174900793299606,1.5977682388897703,5,True,True,0,6,False,False,40,0,False,False
2672,188004.4,11.29943049620847,78,2.426562065762324,1.6898661923460565,4,True,True,0,6,False,False,40,0,False,False
2673,188004.6,11.14058674977919,77,2.5475241006645266,1.7568309427124709,4,True,True,0,6,False,False,40,0,False,False
2674,188004.8,10.97047918952157,75,2.2514752563722533,1.6523924528535736,3,True,True,0,6,False,False,41,0,False,False
2675,188005.0,10.765610349795592,73,2.30395292660705,1.6813076252867967,3,True,True,0,6,False,False,42,0,False,False
2676,188005.2,10.563441879887364,70,2.2467963736937784,1.6132092979244976,2,True,True,0,6,False,False,42,0,False,False
2677,188005.4,10.393088611762407,67,2.126952471294239,1.5688312458717684,2,False,True,0,6,False,False,42,0,False,False
2678,188005.6,10.208803944352134,66,2.8820919684858244,2.0184141671638756,2,False,True,0,6,False,False,43,0,False,False
2679,188005.8,9.991973105951006,65,3.0705195961474,2.0890548143953023,2,False,True,0,6,False,False,44,0,False,False
2680,188006.0,9.678754410905697,64,3.390315905907337,2.138462247292897,3,True,True,0,6,False,False,45,0,False,False
2681,188006.2,9.251065547673898,64,4.642008230012815,2.205003081115815,3,False,True,0,6,False,False,46,0,False,False
2682,188006.4,8.87456205511426,64,4.890515999803463,2.224605597158617,3,False,True,0,6,False,False,47,0,False,False
2683,188006.6,8.613605848892474,64,5.0818667388025025,2.2392050759478384,4,True,True,0,6,False,False,47,0,False,False
2684,188006.8,8.352441819772494,65,5.35150169807789,2.3000369012050057,4,False,True,0,6,False,False,46,0,False,False
2685,188007.0,7.999803782847383,67,6.916306666090064,2.8359446766977294,4,False,True,0,6,False,False,45,0,False,False
2686,188007.2,7.7211724468878815,68,5.612820840170987,2.3214153104476156,4,False,True,0,6,False,False,45,0,False,False
2687,188007.4,7.556985660740607,71,7.734084746519233,2.922364594455249,3,False,True,0,6,False,False,45,0,False,False
2688,188007.6,7.346719584843213,70,9.06180796929251,3.234490301960611,4,False,True,0,6,False,False,43,0,False,False
2689,188007.8,13.295094439245425,70,8.539729630866093,3.0530949555490623,4,True,True,0,0,True,False,41,0,False,False
2690,188008.0,10.027823776407768,70,8.52467693995922,3.210905530230947,9,True,True,0,6,False,False,39,0,False,False
2691,188008.2,9.280203571702216,70,9.004605506757027,3.2339273419995616,6,True,True,0,6,False,False,37,0,False,False
2692,188008.4,8.915140539817994,69,4.009374625546174,2.0040680823232937,5,True,True,0,6,False,False,35,0,False,False
2693,188008.6,8.603332969590785,68,4.125652921580003,1.953609027119759,5,True,True,0,6,False,False,34,0,False,False
2694,188008.8,8.379451589961356,68,4.215594907394572,2.0422317019906715,5,True,True,0,6,False,False,33,0,False,False
2695,188009.0,8.181650708823009,67,4.337069056242996,2.112069362491425,4,True,True,0,6,False,False,32,0,False,False
2696,188009.2,7.997329698036135,68,4.506204837333041,2.193654535570258,3,True,True,0,6,False,False,31,0,False,False
2697,188009.4,7.822994271822399,67,4.905951063156535,2.2808618824302216,3,False,True,0,6,False,False,30,0,False,False
2698,188009.6,7.6655856653544125,66,3.000974207014221,1.992501105933718,3,True,True,0,6,False,False,30,0,False,False
2699,188009.8,7.447477664045728,65,6.383044751975132,2.579779059860775,3,False,True,0,6,False,False,30,0,False,False
2700,188010.0,7.269347852433332,64,5.609854027796454,2.5053036637067287,3,True,True,0,6,False,False,30,0,False,False
2701,188010.2,7.078115804161569,63,5.603583610169547,2.5262351870794957,3,True,True,0,6,False,False,30,0,False,False
2702,188010.4,6.861490500854504,62,5.198109040864535,2.3071485625770176,3,True,True,0,6,False,False,31,0,False,False
2703,188010.6,6.659911191889476,61,5.274715859921647,2.611947588233494,3,True,True,0,6,False,False,32,0,False,False
2704,188010.8,6.452828938798474,59,5.031541900508709,2.5188005951495107,2,True,True,0,6,False,False,33,0,False,False
2705,188011.0,6.215823614693699,57,4.900664149972027,2.2940090047608592,2,False,True,0,6,False,False,34,0,False,False
2706,188011.2,5.957376558321106,55,4.706233198182283,2.2403512038141997,2,False,True,0,6,False,False,35,0,False,False
2707,188011.4,5.701557025037359,53,4.371042441429101,2.0664792986278915,2,False,True,0,6,False,False,36,0,False,False
2708,188011.6,5.466148344082455,53,4.154645576198879,1.9488132464888759,2,False,True,0,6,False,False,37,0,False,False
2709,188011.8,5.189474795657584,52,4.1650265671148015,1.8667887228775846,2,True,True,0,6,False,False,38,0,False,False
2710,188012.0,4.933902025129558,50,4.666578637653996,1.8816480867073253,2,False,True,0,6,False,False,39,0,False,False
2711,188012.2,4.729332533474184,48,4.739012086636743,1.8975273021134993,2,True,True,0,6,False,False,40,0,False,False
2712,188012.4,4.529755108736011,47,4.95686318661792,1.929189654295919,3,True,True,0,6,False,False,40,0,False,False
2713,188012.6,4.323715003514426,46,5.157078764366583,1.9577931387471161,3,True,True,0,6,False,False,40,0,False,False
2714,188012.8,4.145955663262396,45,5.239327003406349,1.9730499451147,3,True,True,0,6,False,False,40,0,False,False
2715,188013.0,4.008707245186137,44,5.2918027705699355,2.137652102652315,3,True,True,0,6,False,False,40,0,False,False
2716,188013.2,3.83948653869953,43,5.505039164020915,2.1314952150034205,3,False,True,0,6,False,False,40,0,False,False
2717,188013.4,3.6670580838673046,42,5.553171490338836,2.073720791512906,3,True,True,0,6,False,False,40,0,False,False
2718,188013.6,3.6660102815970284,41,5.643943389288717,1.987370156373394,10,True,True,0,6,False,False,40,0,False,False
2719,188013.8,3.510198408501436,40,5.807513547538474,2.121593571998878,10,True,True,0,6,False,False,38,0,False,False
2720,188014.0,3.3688914155209617,40,5.873899265369086,2.1133489853176335,10,True,True,0,6,False,False,36,0,False,False
2721,188014.2,3.2618638659520256,40,5.570234703087938,2.067090055380321,10,True,True,0,6,False,False,34,0,False,False
2722,188014.4,3.215563342623084,40,5.550894035088891,2.0592157293663504,11,True,True,0,6,False,False,32,0,False,False
2723,188014.6,3.298656923320041,41,5.140881988107129,2.188289585479629,11,True,True,0,6,False,False,30,0,False,False
2724,188014.8,3.4053097655869142,42,4.892579742735541,2.0669073739385606,11,True,True,0,6,False,False,29,0,False,False
2725,188015.0,3.51338855882811,43,5.149106062812712,2.2180717249933624,9,True,True,0,6,False,False,27,0,False,False
2726,188015.2,3.59781555281569,44,5.293913612229556,2.2894761609511303,4,True,True,0,6,False,False,25,0,False,False
2727,188015.4,3.689371982991876,45,5.292803180582682,2.310708266785151,2,False,True,0,6,False,False,23,0,False,False
2728,188015.6,3.7562254642538346,46,5.191348460792848,2.3416364676106776,2,False,True,0,6,False,False,21,0,False,False
2729,188015.8,3.833212738180773,47,5.0926069704001105,2.3644380466051427,2,False,True,0,6,False,False,22,0,False,False
2730,188016.0,3.8898279415216326,47,4.169555494120761,1.8395165992829838,2,False,True,0,6,False,False,23,0,False,False
2731,188016.2,3.9645047442400454,47,3.507009608947272,1.661355665983743,2,False,True,0,6,False,False,24,0,False,False
2732,188016.4,4.034520867978151,47,3.0779741735789057,1.5603562087503826,2,False,True,0,6,False,False,25,0,False,False
2733,188016.6,4.0650934658630655,45,1.0155310971660338,1.0155310971660338,2,False,True,0,6,False,False,25,0,False,False
2734,188016.8,4.040664452583129,43,1.114329042412049,1.114329042412049,2,True,True,0,6,False,False,24,0,False,False
2735,188017.0,3.986447212392087,41,1.1729480243113126,1.1729480243113126,3,True,True,0,6,False,False,24,0,False,False
2736,188017.2,3.909254604012178,39,1.1839103094023156,1.151268056739274,3,True,True,0,6,False,False,24,0,False,False
2737,188017.4,3.783942149233115,37,1.2583564102471858,1.1557698404063703,5,True,True,0,6,False,False,24,0,False,False
2738,188017.6,3.623491280602812,35,1.4223350913779302,1.2011014586051758,4,True,True,0,6,False,False,24,0,False,False
2739,188017.8,3.416731501991185,33,1.5037436832562572,1.214423627435285,4,False,True,0,6,False,False,23,0,False,False
2740,188018.0,3.1277973171081057,33,13.561880550305714,3.330896207775021,2,True,True,0,6,False,False,22,0,False,False
2741,188018.2,2.845599865339618,34,13.880454106916305,3.864970452370455,2,False,True,0,6,False,False,21,0,False,False
2742,188018.4,34.08749426301654,34,13.68537451839952,3.575399057178356,2,False,True,0,0,True,False,20,0,False,False
2743,188018.6,33.80788540488904,36,4.544922294561049,2.0653889739212707,5,False,True,0,6,False,False,21,0,False,False
2744,188018.8,33.791442904190475,38,4.451370601256165,2.023976500490948,2,True,True,0,6,False,False,22,0,False,False
2745,188019.0,33.83512279296669,40,4.334059330717168,1.948953709253945,2,True,True,0,6,False,False,23,0,False,False
2746,188019.2,33.861877103398065,42,4.217538525276047,1.8461230638724038,3,True,True,0,6,False,False,24,0,False,False
2747,188019.4,33.84155592134624,44,4.140595511197153,1.804652281405383,3,True,True,0,6,False,False,25,0,False,False
2748,188019.6,33.77393355988596,46,4.1120152526072475,1.826503071814182,3,True,True,0,6,False,False,26,0,False,False
2749,188019.8,33.66088246281115,48,4.1339624967671424,1.9150798598197998,2,True,True,0,6,False,False,27,0,False,False
2750,188020.0,33.54701299542644,49,4.163113653641521,2.020125943762698,2,True,True,0,6,False,False,28,0,False,False
2751,188020.2,33.39871080295457,48,4.720158283521227,2.2546394742639704,2,False,True,0,6,False,False,29,0,False,False
2752,188020.4,33.2815940690325,47,5.072418066382494,1.9509605577968538,2,False,True,0,6,False,False,30,0,False,False
2753,188020.6,33.15861301675645,45,5.032985311902171,1.9250031185043501,2,True,True,0,6,False,False,30,0,False,False
2754,188020.8,33.035003196792985,44,4.581795340112951,1.945644774130829,2,True,True,0,6,False,False,30,0,False,False
2755,188021.0,32.893504626011826,42,5.0018602627740325,2.056777653352444,2,False,True,0,6,False,False,30,0,False,False
2756,188021.2,32.720423815060784,40,4.901191945460189,2.0403077903975118,2,False,True,0,6,False,False,30,0,False,False
2757,188021.4,32.5644776990674,39,4.573382663284703,2.2160525670988944,2,True,True,0,6,False,False,30,0,False,False
2758,188021.6,32.393291977650115,38,4.51878222306691,2.2119062741251776,2,True,True,0,6,False,False,30,0,False,False
2759,188021.8,32.255577822627146,37,4.450107228820563,2.1892815227069984,2,True,True,0,6,False,False,30,0,False,False
2760,188022.0,32.145278774986416,36,4.4580991579948925,2.204034316020469,2,True,True,0,6,False,False,30,0,False,False
2761,188022.2,32.00773778256126,37,14.19210219296278,4.196769234840412,2,True,True,0,6,False,False,30,0,False,False
2762,188022.4,31.856999166110413,39,14.004403448799538,4.481206764473899,2,True,True,0,6,False,False,30,0,False,False
2763,188022.6,9.641926292490707,41,13.930173421447947,4.473095625916803,2,True,True,0,0,True,False,30,0,False,False
2764,188022.8,8.511766073954684,42,3.557621085341802,2.049906550539096,14,True,True,0,6,False,False,30,0,False,False
2765,188023.0,8.138934493153508,44,3.6331433004076863,2.061533112220359,3,False,True,0,6,False,False,30,0,False,False
2766,188023.2,8.010714648453305,47,4.40233893189257,2.250074750515998,3,True,True,0,6,False,False,30,0,False,False
2767,188023.4,8.026325671864328,49,4.479104235065699,2.2559908937899014,3,True,True,0,6,False,False,30,0,False,False
2768,188023.6,8.08050590157895,51,4.364489536178475,2.252800980107158,2,True,True,0,6,False,False,30,0,False,False
2769,188023.8,8.135428955986857,52,3.838947234756949,2.1992122803605856,2,True,True,0,6,False,False,30,0,False,False
2770,188024.0,8.203515254117775,53,3.8830399877763204,2.2280327945354355,2,True,True,0,6,False,False,30,0,False,False
2771,188024.2,8.303989499201236,52,4.55335227332977,2.498590278342579,2,False,True,0,6,False,False,30,0,False,False
2772,188024.4,8.4470011526365,52,5.052468080895128,2.5894992113219395,2,False,True,0,6,False,False,30,0,False,False
2773,188024.6,8.6248662931128,52,5.152452202283073,2.6198427027026367,2,False,True,0,6,False,False,30,0,False,False
2774,188024.8,8.844675651895225,52,5.283520928904061,2.65069367744714,2,False,True,0,6,False,False,30,0,False,False
2775,188025.0,9.034879814698185,51,3.2998913027638994,2.1647455483106803,2,False,True,0,6,False,False,30,0,False,False
2776,188025.2,9.21031317178272,49,3.333409003457758,2.18449896592425,2,False,True,0,6,False,False,30,0,False,False
2777,188025.4,9.342430160021491,46,2.1314927367408223,1.610180229775293,2,False,True,0,6,False,False,30,0,False,False
2778,188025.6,9.44246654989163,43,2.1623379624407213,1.6126508909294643,2,False,True,0,6,False,False,30,0,False,False
2779,188025.8,9.522857851186977,42,3.286514793893939,1.9958349945166642,2,True,True,0,6,False,False,30,0,False,False
2780,188026.0,9.599742412494928,41,3.318885576126411,2.021769491597379,2,True,True,0,6,False,False,30,0,False,False
2781,188026.2,9.646121741367752,40,2.165995918577923,1.69255106747432,2,True,True,0,6,False,False,30,0,False,False
2782,188026.4,9.70905244642927,39,7.688805459067917,2.8971338474584227,2,True,True,0,6,False,False,30,0,False,False
2783,188026.6,9.76482045316938,38,8.062110463259645,2.973039878333742,2,True,True,0,6,False,False,30,0,False,False
2784,188026.8,25.994340958874155,37,8.304148907077856,3.058665233383649,2,True,True,0,0,True,False,30,0,False,False
2785,188027.0,25.729946675146532,36,3.5554752299629975,1.9773389542426967,14,True,True,0,6,False,False,30,0,False,False
2786,188027.2,25.638147597098556,35,3.5241193480636994,2.0316466354195066,3,False,True,0,6,False,False,30,0,False,False
2787,188027.4,25.578458738336444,35,3.5825684962614135,2.0533796879531945,3,False,True,0,6,False,False,30,0,False,False
2788,188027.6,25.55501081252368,35,3.5832671275804193,1.9988361351444444,3,True,True,0,6,False,False,30,0,False,False
2789,188027.8,25.5296892419031,34,3.6394163277421465,2.1974995637959664,2,True,True,0,6,False,False,30,0,False,False
2790,188028.0,25.474757333524547,32,3.8257551359124617,2.0603125561318665,2,True,True,0,6,False,False,29,0,False,False
2791,188028.2,25.425387046204534,32,3.6186053801692015,2.2407126973795237,3,True,True,0,6,False,False,29,0,False,False
2792,188028.4,25.35181375110276,30,4.449056538846568,2.6417393841863377,3,True,True,0,6,False,False,28,0,False,False
2793,188028.6,25.261264249569795,27,5.823016993701458,2.901918179554607,2,True,True,0,6,False,False,26,0,False,False
2794,188028.8,25.14797900266133,24,5.559938419610262,2.8971175964987115,2,True,True,0,6,False,False,24,0,False,False
2795,188029.0,25.02667633361264,22,5.6316788755357265,2.8869272247758446,2,False,True,0,6,False,False,22,0,False,False
2796,188029.2,24.907773200479127,20,4.8789960369467735,2.707348635337039,2,False,True,0,6,False,False,20,0,False,False
2797,188029.4,24.79963645780104,18,5.576259613037109,2.877272659656239,2,False,True,0,6,False,False,18,0,False,False
2798,188029.6,24.782263044070305,15,inf,inf,2,False,False,0,6,False,False,15,0,False,False
2799,188029.8,24.758819732883627,13,6.390374027192593,3.0985216786735466,2,False,True,0,6,False,False,13,0,False,False
2800,188030.0,24.678945122560656,12,6.870086845010519,3.101579355961232,2,False,True,0,6,False,False,12,0,False,False
2801,188030.2,24.572225213449475,10,7.1457987651228905,3.2729079823501777,2,True,True,0,6,False,False,10,0,False,False
2802,188030.4,24.564245966189024,8,inf,inf,2,False,False,0,6,False,False,8,0,False,False
2803,188030.6,24.575978375535882,7,inf,inf,2,False,False,0,6,False,False,7,0,False,False
2804,188030.8,24.594889183715498,6,inf,inf,2,False,False,0,6,False,False,6,0,False,False
2805,188031.0,24.62123086499705,5,inf,inf,2,False,False,0,6,False,False,5,0,False,False
2806,188031.2,24.65145315096738,4,inf,inf,2,False,False,0,6,False,False,4,0,False,False
2807,188031.4,24.68835220512739,3,inf,inf,2,True,False,0,6,False,False,3,0,False,False
2808,188031.6,24.72926239189205,3,inf,inf,2,True,False,0,6,False,False,3,0,False,False
2809,188031.8,24.792923827588393,2,inf,inf,2,False,False,0,6,False,False,2,0,False,False
2810,188032.0,24.868732330255117,1,inf,inf,2,False,False,0,6,False,False,1,0,False,False
2811,188032.2,24.970732884834955,0,inf,inf,2,True,False,0,6,False,False,0,0,False,False
2812,188032.4,25.090646851063113,0,inf,inf,2,True,False,0,6,False,False,0,0,False,False
2813,188032.6,25.22808944489054,0,inf,inf,2,True,False,0,6,False,False,0,0,False,False
2814,188032.8,25.38180493731843,0,inf,inf,2,True,False,0,6,False,False,0,0,False,False
2815,188033.0,25.554805770514204,0,inf,inf,2,True,False,0,6,False,False,0,0,False,False
2816,188033.2,25.751062155267103,0,inf,inf,2,True,False,0,6,False,False,0,0,False,False
2817,188033.4,25.968380203525303,0,inf,inf,2,True,False,0,6,False,False,0,0,False,False
2818,188033.6,26.212150180519863,0,inf,inf,2,True,False,0,6,False,False,0,0,False,False
2819,188033.8,26.488132492471497,0,inf,inf,2,True,False,0,6,False,False,0,0,False,False
2820,188034.0,26.7912549858179,0,inf,inf,2,True,False,0,6,False,False,0,0,False,False
2821,188034.2,27.129284900665027,0,inf,inf,2,True,False,0,6,False,False,0,0,False,False
2822,188034.4,27.50222668857959,0,inf,inf,2,True,False,0,6,False,False,0,0,False,False
2823,188034.6,27.910369489247085,0,inf,inf,2,True,False,0,6,False,False,0,0,False,False
2824,188034.8,28.35454466086397,0,inf,inf,2,True,False,0,6,False,False,0,0,False,False
2825,188035.0,28.837891552276503,0,inf,inf,2,True,False,0,6,False,False,0,0,False,False
2826,188035.2,29.363896231626036,0,inf,inf,2,True,False,0,6,False,False,0,0,False,False
2827,188035.4,29.934774220676527,0,inf,inf,2,True,False,0,6,False,False,0,0,False,False
2828,188035.6,30.54935941578986,0,inf,inf,2,True,False,0,6,False,False,0,0,False,False
2829,188035.8,31.210655230079816,0,inf,inf,2,True,False,0,6,False,False,0,0,False,False
2830,188036.0,31.918507189526693,0,inf,inf,2,True,False,0,6,False,False,0,0,False,False
2831,188036.2,32.66417363372701,0,inf,inf,2,True,False,0,6,False,False,0,0,False,False
2832,188036.4,33.4630894259009,0,inf,inf,2,True,False,0,6,False,False,0,0,False,False
2833,188036.6,34.30957375032053,0,inf,inf,2,True,False,0,6,False,False,0,0,False,False
2834,188036.8,35.20335548196383,0,inf,inf,2,True,False,0,6,False,False,0,0,False,False
2835,188037.0,36.14335157838223,0,inf,inf,2,True,False,0,6,False,False,0,0,False,False
2836,188037.2,37.128352396551996,0,inf,inf,2,True,False,0,6,False,False,0,0,False,False
2837,188037.4,38.15976325335786,0,inf,inf,2,True,False,0,6,False,False,0,0,False,False
2838,188037.6,39.240161783025705,0,inf,inf,2,True,False,0,6,False,False,0,0,False,False
2839,188037.8,40.36599585741166,0,inf,inf,2,True,False,0,6,False,False,0,0,False,False
2840,188038.0,41.54259913218681,0,inf,inf,2,True,False,0,6,False,False,0,0,False,False
2841,188038.2,42.766680226883736,0,inf,inf,2,True,False,0,6,False,False,0,0,False,False
2842,188038.4,44.03970552261404,0,inf,inf,2,True,False,0,6,False,False,0,0,False,False
2843,188038.6,45.35996429043612,0,inf,inf,2,True,False,0,6,False,False,0,0,False,False
2844,188038.8,46.7265758430764,0,inf,inf,2,True,False,0,6,False,False,0,0,False,False
2845,188039.0,48.05176618684231,1,26.046506252139807,6.7079624857972036,2,False,True,0,6,False,False,0,0,False,False
2846,188039.2,46.75989183397447,2,25.668177362531424,6.540438470424243,3,True,True,0,6,False,False,0,0,False,False
2847,188039.4,44.87252540576182,3,25.81784811243415,6.4870509913903645,3,True,True,0,6,False,False,0,0,False,False
2848,188039.6,43.939549628117234,3,inf,inf,3,True,False,0,6,False,False,0,0,False,False
2849,188039.8,46.066495606940684,3,inf,inf,4,True,False,0,6,False,False,0,0,False,False
2850,188040.0,47.51650814398497,4,25.578963473439217,6.050524800451267,2,True,True,0,6,False,False,0,0,False,False
2851,188040.2,45.252089000950555,4,inf,inf,3,True,False,0,6,False,False,0,0,False,False
2852,188040.4,46.98627410630188,4,inf,inf,4,True,False,0,6,False,False,0,0,False,False
2853,188040.6,48.456459930770734,4,inf,inf,2,False,False,0,6,False,False,0,0,False,False
2854,188040.8,49.88223122233206,4,inf,inf,2,False,False,0,6,False,False,0,0,False,False
2855,188041.0,51.349225646393435,3,inf,inf,2,False,False,0,6,False,False,0,0,False,False
2856,188041.2,52.88102916597844,2,inf,inf,2,False,False,0,6,False,False,0,0,False,False
2857,188041.4,54.48643695609569,1,inf,inf,2,False,False,0,6,False,False,0,0,False,False
2858,188041.6,56.14300691235952,1,inf,inf,2,False,False,0,6,False,False,0,0,False,False
2859,188041.8,57.84699740505859,1,inf,inf,2,False,False,0,6,False,False,0,0,False,False
2860,188042.0,59.61754194854786,0,inf,inf,2,True,False,0,6,False,False,0,0,False,False
2861,188042.2,61.43635140681521,0,inf,inf,2,True,False,0,6,False,False,0,0,False,False
2862,188042.4,63.2990875415599,0,inf,inf,2,True,False,0,6,False,False,0,0,False,False
2863,188042.6,65.20319433457529,0,inf,inf,2,True,False,0,6,False,False,0,0,False,False
2864,188042.8,67.14842094473529,0,inf,inf,2,True,False,0,6,False,False,0,0,False,False
2865,188043.0,69.02752497695846,1,34.76595093309879,7.178089207202663,2,False,True,0,6,False,False,0,0,False,False
2866,188043.2,66.38904652947298,2,32.72715513408184,6.958410711483689,3,True,True,0,6,False,False,0,0,False,False
2867,188043.4,63.17619573785232,3,30.570213600993156,6.717434230837303,3,True,True,0,6,False,False,0,0,False,False
2868,188043.6,61.457256757447006,3,inf,inf,3,True,False,0,6,False,False,0,0,False,False
2869,188043.8,64.45311199237128,3,inf,inf,4,True,False,0,6,False,False,0,0,False,False
2870,188044.0,66.54958470047127,3,inf,inf,3,True,False,0,6,False,False,0,0,False,False
2871,188044.2,68.28851416520175,4,34.10848166421056,7.040331990623792,2,False,True,0,6,False,False,0,0,False,False
2872,188044.4,65.36787852732454,4,inf,inf,3,True,False,0,6,False,False,0,0,False,False
2873,188044.6,67.32420699953202,5,33.5457178093493,7.040005540307476,4,True,True,0,6,False,False,0,0,False,False
2874,188044.8,64.26512862510074,5,inf,inf,3,True,False,0,6,False,False,0,0,False,False
2875,188045.0,66.26929745194165,5,33.4252368286252,7.14531285029442,4,True,True,0,6,False,False,0,0,False,False
2876,188045.2,63.679313026844454,4,inf,inf,3,True,False,0,6,False,False,0,0,False,False
2877,188045.4,66.1131486553969,3,inf,inf,4,True,False,0,6,False,False,0,0,False,False
2878,188045.6,68.22694130427037,3,inf,inf,2,False,False,0,6,False,False,0,0,False,False
2879,188045.8,70.28042464642735,3,inf,inf,2,False,False,0,6,False,False,0,0,False,False
2880,188046.0,72.3456260974218,3,inf,inf,2,False,False,0,6,False,False,0,0,False,False
2881,188046.2,74.46601301106853,2,inf,inf,2,False,False,0,6,False,False,0,0,False,False
2882,188046.4,76.63568031771123,2,inf,inf,2,False,False,0,6,False,False,0,0,False,False
2883,188046.6,78.8710241248061,1,inf,inf,2,False,False,0,6,False,False,0,0,False,False
2884,188046.8,81.1563135302082,1,inf,inf,2,False,False,0,6,False,False,0,0,False,False
2885,188047.0,83.50508113812414,0,inf,inf,2,True,False,0,6,False,False,0,0,False,False
2886,188047.2,85.90058437278239,0,inf,inf,2,True,False,0,6,False,False,0,0,False,False
2887,188047.4,88.23092475667873,1,41.64987711235881,7.697388932721619,2,False,True,0,6,False,False,0,0,False,False
2888,188047.6,84.96720076235393,2,39.50474429503083,7.510139827204987,3,True,True,0,6,False,False,0,0,False,False
2889,188047.8,80.90957015670855,3,37.41202425211668,7.251425099714585,3,True,True,0,6,False,False,0,0,False,False
2890,188048.0,75.96589440194049,4,35.207123912870884,6.8521665420366045,3,True,True,0,6,False,False,0,0,False,False
2891,188048.2,70.6135965183619,5,32.1992617174983,6.538677908162081,3,True,True,0,6,False,False,0,0,False,False
2892,188048.4,59.00554742718649,8,39.186933471086235,7.974505642890814,3,True,True,0,6,False,False,0,0,False,False
2893,188048.6,44.76730873015072,12,29.388176308298927,6.9532813554384,3,True,True,0,6,False,False,0,0,False,False
2894,188048.8,19.129127128252392,16,20.321342466985378,5.645677465089686,3,True,True,0,0,True,False,0,0,False,False
2895,188049.0,18.68794868842944,20,1.370334900286129,1.267521889482113,12,True,True,0,6,False,False,0,0,False,False
2896,188049.2,18.289124299296482,25,11.45827163269378,3.945361591214128,2,False,True,0,6,False,False,0,0,False,False
2897,188049.4,17.870054381681292,29,11.088193339009454,3.657766685273058,2,False,True,0,6,False,False,0,0,False,False
2898,188049.6,5.1264341275056955,32,11.666115539397511,3.99371763246218,2,False,True,0,0,True,False,0,0,False,False
2899,188049.8,4.744145653678949,35,2.6830557082747384,1.9724676354539445,5,False,True,0,6,False,False,0,0,False,False
2900,188050.0,4.7227138123490615,37,2.350989294383282,1.6453372301663356,3,True,True,0,6,False,False,0,0,False,False
2901,188050.2,4.741830916766102,39,3.0005562335532896,1.8920656047111148,2,False,True,0,6,False,False,0,0,False,False
2902,188050.4,4.781069306486302,39,2.6279705543435563,1.7298344448910328,2,False,True,0,6,False,False,0,0,False,False
2903,188050.6,4.871535283982513,37,2.669789202492235,1.7863336438764532,2,False,True,0,6,False,False,0,0,False,False
2904,188050.8,5.000153757107463,34,4.002651032060385,2.540864745604226,2,False,True,0,6,False,False,0,0,False,False
2905,188051.0,5.1614991159081836,31,4.049611918628216,2.5816060634430276,2,False,True,0,6,False,False,0,0,False,False
2906,188051.2,5.322642019863973,27,4.683680307120085,2.496213789559918,2,False,True,0,6,False,False,0,0,False,False
2907,188051.4,5.484178683387518,23,4.305635966360569,2.4104873689173143,2,False,True,0,6,False,False,0,0,False,False
2908,188051.6,5.635980045776878,20,4.588895536959171,2.511365128041901,2,False,True,0,6,False,False,0,0,False,False
2909,188051.8,5.800128535271586,17,4.265299886465073,2.4172673358228343,2,False,True,0,6,False,False,0,0,False,False
2910,188052.0,5.989897640577213,15,4.558395240455866,2.503031048275668,2,False,True,0,6,False,False,0,0,False,False
2911,188052.2,6.208175212776019,13,4.174785524606705,2.430507798975917,2,False,True,0,6,False,False,0,0,False,False
2912,188052.4,6.437900822634927,11,4.25851246714592,2.4072597309439376,2,False,True,0,6,False,False,0,0,False,False
2913,188052.6,6.683442740373243,10,4.320213846862316,2.4342406206487235,2,False,True,0,6,False,False,0,0,False,False
2914,188052.8,6.96787933057774,10,4.660534899681807,2.520167107149066,2,False,True,0,6,False,False,1,0,False,False
2915,188053.0,7.010504598737715,10,4.499569118022919,2.4761368487562225,10,True,True,0,6,False,False,2,0,False,False
2916,188053.2,6.916979924673623,10,4.075532607734203,2.346070268262958,18,True,True,0,6,False,False,3,0,False,False
2917,188053.4,6.67390550287495,10,3.8006098233163357,2.264759953588383,21,True,True,0,6,False,False,4,0,False,False
2918,188053.6,6.356695202452784,10,2.621297314763069,1.8683611309801214,21,True,True,0,6,False,False,5,0,False,False
2919,188053.8,6.435471129966884,9,inf,inf,15,True,False,0,6,False,False,5,0,False,False
2920,188054.0,6.709644476808,8,inf,inf,2,False,False,0,6,False,False,5,0,False,False
2921,188054.2,6.982919452870299,8,2.056835364550352,1.665347894733178,2,False,True,0,6,False,False,6,0,False,False
2922,188054.4,7.305779654200573,7,inf,inf,2,False,False,0,6,False,False,6,0,False,False
2923,188054.6,7.621788852919415,7,2.6004912108182907,1.9559141145348877,2,False,True,0,6,False,False,7,0,False,False
2924,188054.8,7.8180594579951475,7,2.179954130202532,1.7872865355194245,2,False,True,0,6,False,False,7,0,False,False
2925,188055.0,8.17833897487099,6,inf,inf,2,False,False,0,6,False,False,6,0,False,False
2926,188055.2,8.565381380106713,6,3.4923050217330456,2.250587895332524,2,False,True,0,6,False,False,6,0,False,False
2927,188055.4,8.82519830864522,6,3.1401178538799286,2.2681450894530513,2,False,True,0,6,False,False,6,0,False,False
2928,188055.6,8.850792360588345,6,2.5657350458204746,2.0508561505919887,20,True,True,0,6,False,False,6,0,False,False
2929,188055.8,8.778925254975634,7,1.558125302195549,1.558125302195549,24,True,True,0,6,False,False,7,0,False,False
2930,188056.0,8.73275735482126,8,0.8250440843403339,0.8250440843403339,24,True,True,0,6,False,False,8,0,False,False
2931,188056.2,8.702749301562234,8,0.6314134821295738,0.6314134821295738,23,True,True,0,6,False,False,8,0,False,False
2932,188056.4,8.726838311803112,9,2.7672115303575993,2.1396020292001316,3,False,True,0,6,False,False,9,0,False,False
2933,188056.6,8.951274167526135,8,inf,inf,3,False,False,0,6,False,False,8,0,False,False
2934,188056.8,9.218402148653757,8,0.6364898085594177,0.6364898085594177,3,False,True,0,6,False,False,8,0,False,False
2935,188057.0,9.350867403725944,9,1.7578258030116558,1.711909966333716,3,False,True,0,6,False,False,9,0,False,False
2936,188057.2,9.392806665023675,9,1.4607387147843838,1.3856968769490323,3,False,True,0,6,False,False,9,0,False,False
2937,188057.4,9.406403010205501,9,3.075095809996128,2.0130886417868075,2,True,True,0,6,False,False,9,0,False,False
2938,188057.6,9.410451735597091,9,3.1120211519300938,2.02516286169115,3,False,True,0,6,False,False,9,0,False,False
2939,188057.8,9.419694932685458,9,3.5604476928710938,2.163378021894082,3,True,True,0,6,False,False,9,0,False,False
2940,188058.0,9.428151549524017,9,3.7440070062875748,2.3467377889814114,3,True,True,0,6,False,False,9,0,False,False
2941,188058.2,9.410865594938903,9,3.612370375543833,2.3090493219303942,2,True,True,0,6,False,False,9,0,False,False
2942,188058.4,9.38770324702624,9,3.0896743685007095,2.284631030922222,4,True,True,0,6,False,False,9,0,False,False
2943,188058.6,9.370194216804533,10,4.304873324930668,2.6555751798445564,3,True,True,0,6,False,False,10,0,False,False
2944,188058.8,9.306099243811401,14,8.98393432240124,3.7696128380711587,3,False,True,0,6,False,False,10,0,False,False
2945,188059.0,9.236089777757503,17,9.554535470823614,4.0216360009646905,2,False,True,0,6,False,False,10,0,False,False
2946,188059.2,32.415781938524916,20,9.272807819344257,3.94855654309064,2,False,True,0,0,True,False,10,0,False,False
2947,188059.4,31.462699735343985,24,28.63663464360494,5.472413000364884,12,True,True,0,6,False,False,10,0,False,False
2948,188059.6,24.663882500976317,26,5.18386351420126,3.1799009723477862,4,True,True,0,6,False,False,9,0,False,False
2949,188059.8,24.587607258756826,30,4.906144195963279,2.858591271072078,4,True,True,0,6,False,False,9,0,False,False
2950,188060.0,24.329276350354906,34,5.076069298615432,2.8490933039250677,2,False,True,0,6,False,False,9,0,False,False
2951,188060.2,24.160001701167165,35,5.240054722675776,2.769394338190589,2,False,True,0,6,False,False,9,0,False,False
2952,188060.4,23.97005574330759,36,4.576576119870688,2.7901392626425787,2,False,True,0,6,False,False,9,0,False,False
2953,188060.6,23.768991420963346,37,4.115511687041029,2.642414692158764,2,False,True,0,6,False,False,9,0,False,False
2954,188060.8,23.590625040591036,33,3.278166528791189,2.1495703762283878,2,False,True,0,6,False,False,9,0,False,False
2955,188061.0,23.423320560353417,30,3.6028500460088253,2.440109268890356,2,False,True,0,6,False,False,9,0,False,False
2956,188061.2,23.259992644822574,27,4.426087364554405,2.797306050812168,2,False,True,0,6,False,False,9,0,False,False
2957,188061.4,23.13698014988308,23,2.8835181817412376,2.2220408677452452,2,True,True,0,6,False,False,9,0,False,False
2958,188061.6,23.04314786480231,21,3.2627050764858723,2.3695708893422096,2,False,True,0,6,False,False,10,0,False,False
2959,188061.8,22.929891592513762,16,inf,inf,2,False,False,0,6,False,False,9,0,False,False
2960,188062.0,22.87429801152639,12,2.422314215451479,2.021251165921165,2,False,True,0,6,False,False,9,0,False,False
2961,188062.2,22.87169286472266,11,2.0199949368834496,1.8445041628679142,2,False,True,0,6,False,False,9,0,False,False
2962,188062.4,22.903140924853655,13,4.528471903407242,2.844803173414173,2,False,True,0,6,False,False,9,0,False,False
2963,188062.6,22.87637883616213,16,6.3573228742684105,3.324719606506477,2,False,True,0,6,False,False,9,0,False,False
2964,188062.8,22.808814568308595,20,6.803972563232334,3.40728354631386,2,False,True,0,6,False,False,9,0,False,False
2965,188063.0,22.7811911681728,23,4.316920886571813,2.7038498365216586,2,False,True,0,6,False,False,9,0,False,False
2966,188063.2,22.707131705447665,27,7.100682996660875,3.4633437281007162,2,False,True,0,6,False,False,9,0,False,False
2967,188063.4,22.66840954274141,30,4.252328373676253,2.631412012059468,2,False,True,0,6,False,False,9,0,False,False
2968,188063.6,22.55058731007328,35,6.711218337353246,3.0415827114782563,2,False,True,0,6,False,False,9,0,False,False
2969,188063.8,22.370549496327428,41,6.944392260561254,3.0357701758519036,2,False,True,0,6,False,False,10,0,False,False
2970,188064.0,10.075554453609888,46,6.999795776058122,3.0342435305549014,2,False,True,0,0,True,False,10,0,False,False
2971,188064.2,9.395449579911137,52,10.043372860120064,3.1589672779322115,10,True,True,0,6,False,False,10,0,False,False
2972,188064.4,8.790687276785349,55,9.526904226108652,3.084018148161897,3,False,True,0,6,False,False,10,0,False,False
2973,188064.6,16.712202383515894,57,9.090733236537767,3.0483316388623827,2,False,True,0,0,True,False,10,0,False,False
2974,188064.8,14.425659522011646,59,6.2645666319688305,2.8441986853573713,9,True,True,0,6,False,False,16,0,False,False
2975,188065.0,13.500608583603759,57,2.6682179681503837,1.6707839879943962,2,False,True,0,6,False,False,17,0,False,False
2976,188065.2,12.783459320017787,56,3.6067542207251435,2.466505340503409,2,False,True,0,6,False,False,20,0,False,False
2977,188065.4,12.297695742917787,57,6.964157337928323,2.971450012221354,2,False,True,0,6,False,False,24,0,False,False
2978,188065.6,11.767777646165747,56,6.986327150562648,2.8912685278138044,3,False,True,0,6,False,False,28,0,False,False
2979,188065.8,19.768706151847276,55,6.996244115128979,2.866423087701645,3,False,True,0,0,True,False,32,0,False,False
2980,188066.0,17.85186262091359,54,2.74800501940312,1.8178642480026903,14,True,True,0,6,False,False,36,0,False,False
2981,188066.2,17.160424235734983,52,2.897955094997791,1.8635845965122566,4,False,True,0,6,False,False,40,0,False,False
2982,188066.4,16.849052989368413,50,3.0588848120575065,1.917493574578142,5,False,True,0,6,False,False,44,0,False,False
2983,188066.6,16.771520616697067,48,3.166559783267822,1.9762897218006081,6,True,True,0,6,False,False,48,0,False,False
2984,188066.8,16.827386647013327,46,3.180693679314175,1.9907918887014533,6,True,True,0,6,False,False,46,0,False,False
2985,188067.0,16.912783191519985,49,3.291929246864081,2.0371610657203605,5,True,True,0,6,False,False,49,0,False,False
2986,188067.2,17.03242405737924,50,3.4213917420304534,2.1197619165478083,4,True,True,0,6,False,False,50,0,False,False
2987,188067.4,17.168540971133183,51,6.1203514569193915,2.9436656891451363,3,False,True,0,6,False,False,50,0,False,False
2988,188067.6,17.332097190084948,52,5.94883895642859,2.881700272689407,3,False,True,0,6,False,False,50,0,False,False
2989,188067.8,17.465432465919577,54,7.6370159288874255,2.976231206024499,3,False,True,0,6,False,False,50,0,False,False
2990,188068.0,17.57707036969107,56,7.437504598225342,2.9174843086163724,4,True,True,0,6,False,False,50,0,False,False
2991,188068.2,17.645056616004595,58,7.290025216222322,2.8659388925427858,4,False,True,0,0,True,False,50,0,False,False
2992,188068.4,16.885489980190897,60,5.887844219515574,2.8537206140502023,10,False,True,0,6,False,False,50,0,False,False
2993,188068.6,16.750023586793162,61,5.528942289393077,2.7545707573032314,4,True,True,0,6,False,False,50,0,False,False
2994,188068.8,16.65420165311306,63,5.955373777607469,2.8598733092906183,3,True,True,0,6,False,False,50,0,False,False
2995,188069.0,16.540298111852277,62,5.2170225496309,2.539559629101839,3,True,True,0,6,False,False,48,0,False,False
2996,188069.2,16.529674254975767,59,2.238399062580818,1.443534372208502,3,True,True,0,6,False,False,45,0,False,False
2997,188069.4,16.418738270149866,57,4.193928923641087,2.269980067194926,2,True,True,0,6,False,False,44,0,False,False
2998,188069.6,16.371335605297542,52,3.508154660463333,2.20589671206393,3,True,True,0,6,False,False,40,0,False,False
2999,188069.8,16.328867631562478,46,3.7308354601264,2.274833001543512,3,True,True,0,6,False,False,36,0,False,False
3000,188070.0,16.289520047909217,40,3.83656532689929,2.310079421678107,3,True,True,0,6,False,False,32,0,False,False
3001,188070.2,16.242963557094924,34,3.832151286303997,2.3137219797022244,2,True,True,0,6,False,False,28,0,False,False
3002,188070.4,16.197375013506242,28,2.8274345733225346,1.9840939199328134,2,True,True,0,6,False,False,24,0,False,False
3003,188070.6,16.054141383113155,26,2.017771379377369,1.6791186142866958,2,False,True,0,6,False,False,20,0,False,False
3004,188070.8,15.834725856698006,23,2.217353904485948,1.7641094413438168,2,False,True,0,6,False,False,16,0,False,False
3005,188071.0,15.54409321339861,23,2.5793869193189662,1.821550253723926,2,False,True,0,6,False,False,14,0,False,False
3006,188071.2,15.148014213376046,26,4.3681773653981315,2.217126255230082,2,False,True,0,6,False,False,13,0,False,False
3007,188071.4,14.56104106896325,28,4.4561322538218,2.2969126515768665,2,False,True,0,6,False,False,10,0,False,False
3008,188071.6,13.84967994467945,33,4.150807807881375,2.2025815217793983,2,False,True,0,6,False,False,10,0,False,False
3009,188071.8,13.044532247758092,38,3.854255092024621,2.108632258859882,2,False,True,0,6,False,False,10,0,False,False
3010,188072.0,12.302900069378039,44,4.517735141496029,2.460574301092139,2,False,True,0,6,False,False,10,0,False,False
3011,188072.2,11.604809268033208,50,4.521901570428007,2.4310361004225562,2,False,True,0,6,False,False,10,0,False,False
3012,188072.4,10.949018903028843,56,4.5011069805110555,2.390298895020916,2,True,True,0,6,False,False,10,0,False,False
3013,188072.6,10.438335761840484,59,4.595878793585497,2.363442263191505,2,False,True,0,6,False,False,10,0,False,False
3014,188072.8,10.08049974266104,62,4.647338939055588,2.3353451103440497,2,False,True,0,6,False,False,10,0,False,False
3015,188073.0,9.837686935476459,65,4.685837241566604,2.33225084937244,2,False,True,0,6,False,False,10,0,False,False
3016,188073.2,9.695964356674018,67,4.666538109252914,2.3654173518990076,2,False,True,0,6,False,False,10,0,False,False
3017,188073.4,9.615246576327795,68,4.674400690578295,2.382415478256403,2,False,True,0,6,False,False,10,0,False,False
3018,188073.6,9.489504612865128,68,2.6343685518542244,1.6595363941139558,2,False,True,0,6,False,False,11,0,False,False
3019,188073.8,9.46150983865952,69,4.7633794628136235,2.427478439852944,2,False,True,0,6,False,False,13,0,False,False
3020,188074.0,9.441831474235364,69,4.7490921664366725,2.411158616110617,2,False,True,0,6,False,False,15,0,False,False
3021,188074.2,9.437151157986099,69,4.725282246899828,2.3888826857810086,2,False,True,0,6,False,False,17,0,False,False
3022,188074.4,9.43187377689233,69,4.757167412486946,2.372582059409815,2,False,True,0,6,False,False,19,0,False,False
3023,188074.6,9.434748126490966,69,4.842874884032678,2.3889418704632615,2,False,True,0,6,False,False,21,0,False,False
3024,188074.8,9.452457261285709,69,4.914498557244838,2.4095449595856144,2,True,True,0,6,False,False,23,0,False,False
3025,188075.0,9.495282632184514,69,4.868567020588749,2.4108120476110098,2,True,True,0,6,False,False,25,0,False,False
3026,188075.2,9.557253231563294,68,5.342317720001256,2.700638060623262,2,True,True,0,6,False,False,26,0,False,False
3027,188075.4,9.552178480842937,68,4.881124144026598,2.426050964162108,2,False,True,0,6,False,False,28,0,False,False
3028,188075.6,9.581814934050469,69,4.8944266978861,2.464426928444587,2,True,True,0,6,False,False,30,0,False,False
3029,188075.8,9.60056132332447,69,4.800247258733091,2.4227540187690573,3,True,True,0,6,False,False,31,0,False,False
3030,188076.0,9.607182345700362,69,4.873164720331931,2.411937287130935,3,False,True,0,6,False,False,32,0,False,False
3031,188076.2,9.61241742996888,69,3.7007092437078533,2.1465678455510413,3,True,True,0,6,False,False,33,0,False,False
3032,188076.4,9.599347749736443,69,3.6264139773250927,2.1106071162857183,4,True,True,0,6,False,False,34,0,False,False
3033,188076.6,9.577417793964655,69,3.544501845478592,2.098852172600457,3,True,True,0,6,False,False,35,0,False,False
3034,188076.8,9.525872440331307,69,3.5792320661570414,2.0861664258500303,4,True,True,0,6,False,False,39,0,False,False
3035,188077.0,9.441367444555231,69,3.4938294035065107,2.074009981740298,4,True,True,0,6,False,False,43,0,False,False
3036,188077.2,9.361537461127362,70,3.491011277720593,2.065555034446304,4,True,True,0,6,False,False,48,0,False,False
3037,188077.4,9.288569176945202,70,3.47883940128225,2.042704348692445,5,True,True,0,6,False,False,52,0,False,False
3038,188077.6,9.230383846135378,70,3.444494502930888,2.022770006627155,5,True,True,0,6,False,False,55,0,False,False
3039,188077.8,9.17235582128345,70,3.5169890642465726,2.041944449865803,5,True,True,0,6,False,False,58,0,False,False
3040,188078.0,9.111552183859812,70,3.623452383675608,2.0651749295046273,5,True,True,0,6,False,False,61,0,False,False
3041,188078.2,9.074223934671634,70,3.628851175698959,2.0785062984119156,5,False,True,0,6,False,False,64,0,False,False
3042,188078.4,8.99304869326904,68,2.1752245757969093,1.6373979838300996,4,True,True,0,6,False,False,65,0,False,False
3043,188078.6,8.964258121720237,67,4.048418272800698,2.575936831658619,4,False,True,0,6,False,False,64,0,False,False
3044,188078.8,8.881529887422083,65,2.2608085113001106,1.740236516627874,4,False,True,0,6,False,False,59,0,False,False
3045,188079.0,8.851726349076287,65,3.6602968927433865,2.2900678766346196,4,True,True,0,6,False,False,55,0,False,False
3046,188079.2,8.79283659023486,65,3.6058002551015007,2.2231366007003044,3,False,True,0,6,False,False,51,0,False,False
3047,188079.4,8.707240243510324,65,3.7107639106280406,2.2419449503222086,3,False,True,0,6,False,False,47,0,False,False
3048,188079.6,8.608649033887128,65,3.753193998785429,2.2599239336854686,3,False,True,0,6,False,False,43,0,False,False
3049,188079.8,8.498534945829539,65,3.860929578469132,2.2404684605180494,3,False,True,0,6,False,False,39,0,False,False
3050,188080.0,8.37437016222857,65,3.94114084076463,2.2652319966315866,3,False,True,0,6,False,False,35,0,False,False
3051,188080.2,8.195012816685683,65,4.0861042787646,2.3117158514781577,4,False,True,0,6,False,False,31,0,False,False
3052,188080.4,8.021165134057313,67,4.234579236846128,2.3940411805541055,4,False,True,0,6,False,False,29,0,False,False
3053,188080.6,7.83375211818903,68,4.337973370446068,2.4478892923554056,5,False,True,0,6,False,False,29,0,False,False
3054,188080.8,7.691600984378062,70,4.4624828341152485,2.4803145355857623,4,False,True,0,6,False,False,30,0,False,False
3055,188081.0,7.542375870764381,69,4.877064340674648,2.5752737939579418,4,False,True,0,6,False,False,30,0,False,False
3056,188081.2,7.398364338227034,68,4.945898194710603,2.6300093206332633,4,False,True,0,6,False,False,30,0,False,False
3057,188081.4,7.273502822857378,67,5.181872362022558,2.658416451179011,3,False,True,0,6,False,False,30,0,False,False
3058,188081.6,7.139560693803513,66,5.333886827902177,2.6772378421831617,3,False,True,0,6,False,False,30,0,False,False
3059,188081.8,6.9891798995097,65,5.48328206583651,2.7038524657550567,3,False,True,0,6,False,False,30,0,False,False
3060,188082.0,6.816813038839047,65,5.374032060707829,2.7126106573067186,3,False,True,0,6,False,False,30,0,False,False
3061,188082.2,6.72104656623275,64,5.64039918286379,2.7165965482056973,3,False,True,0,6,False,False,30,0,False,False
3062,188082.4,6.622654735368585,63,5.700105444809186,2.5812343281236605,3,False,True,0,6,False,False,31,0,False,False
3063,188082.6,6.547771393943892,62,5.783446458587412,2.606871519343083,3,False,True,0,6,False,False,32,0,False,False
3064,188082.8,6.44048826954066,61,6.273069638435884,2.8807078872381764,3,False,True,0,6,False,False,33,0,False,False
3065,188083.0,6.200245205737358,60,2.824716309704369,1.8818965386046032,3,False,True,0,6,False,False,34,0,False,False
3066,188083.2,6.0420877310122,61,5.872691002970916,2.705221242266544,3,False,True,0,6,False,False,36,0,False,False
3067,188083.4,5.874647446921502,62,5.839714559345433,2.717193750614775,4,True,True,0,6,False,False,38,0,False,False
3068,188083.6,5.625486400755466,63,5.754616303810014,2.6973705328945,3,False,True,0,6,False,False,40,0,False,False
3069,188083.8,5.405743122114108,64,5.555004124040152,2.6428001003003407,3,False,True,0,6,False,False,42,0,False,False
3070,188084.0,5.217554252540679,64,5.514402031602104,2.6639515666615328,3,False,True,0,6,False,False,44,0,False,False
3071,188084.2,5.049145512792123,63,1.4509221273800217,1.2455827638144892,3,False,True,0,6,False,False,45,0,False,False
3072,188084.4,4.9324657112754755,58,1.308792382478714,1.2683868221425705,3,False,True,0,6,False,False,42,0,False,False
3073,188084.6,4.829511033075456,57,1.5986089139703938,1.4624392692245596,3,False,True,0,6,False,False,42,0,False,False
3074,188084.8,4.690005177458511,56,1.6028953267816068,1.4434094577659278,3,False,True,0,6,False,False,42,0,False,False
3075,188085.0,4.593625229978287,56,1.4308843947230392,1.261027337972429,3,False,True,0,6,False,False,42,0,False,False
3076,188085.2,4.452233508421112,52,1.5641119693507464,1.349480362134378,3,False,True,0,6,False,False,40,0,False,False
3077,188085.4,4.310881239731921,49,1.3936823184107516,1.2114817005228267,3,False,True,0,6,False,False,38,0,False,False
3078,188085.6,4.188562516092553,47,1.487807842658768,1.181528742895632,3,True,True,0,6,False,False,36,0,False,False
3079,188085.8,4.166912447269468,42,1.580058212700485,1.1980306441905928,3,True,True,0,6,False,False,32,0,False,False
3080,188086.0,4.14339002251605,39,1.858817562825223,1.4318569234204575,3,False,True,0,6,False,False,30,0,False,False
3081,188086.2,4.0905340601450915,36,2.2898484538414543,1.9159593762085592,3,False,True,0,6,False,False,28,0,False,False
3082,188086.4,3.9859159308799375,39,1.454214033550803,1.4011599288440655,3,True,True,0,6,False,False,30,0,False,False
3083,188086.6,3.8454491941246416,38,1.3155234829656743,1.2986117564222546,3,False,True,0,6,False,False,29,0,False,False
3084,188086.8,3.7811146390157804,35,0.8400686339503394,0.8400686339503394,3,True,True,0,6,False,False,26,0,False,False
3085,188087.0,3.6091181917189634,34,2.021746265259839,1.6393357610769301,2,False,True,0,6,False,False,24,0,False,False
3086,188087.2,3.366648027191614,36,1.9766033606665208,1.5788507916705548,2,True,True,0,6,False,False,24,0,False,False
3087,188087.4,3.057854058213721,37,1.9301820713694482,1.5678846196578031,3,True,True,0,6,False,False,24,0,False,False
3088,188087.6,2.715460140717055,37,1.742732620003434,1.4678312549382726,3,True,True,0,6,False,False,24,0,False,False
3089,188087.8,2.4051436932283745,39,1.7801143993299493,1.5375648873952148,2,False,True,0,6,False,False,25,0,False,False
3090,188088.0,2.06311306743943,38,1.4030080471286537,1.2460385558855196,2,False,True,0,6,False,False,24,0,False,False
3091,188088.2,1.7202318490399762,39,1.462850343413376,1.2866028181006173,3,False,True,0,6,False,False,25,0,False,False
3092,188088.4,1.5017205730493957,37,0.9844322455847626,0.9844322455847626,3,False,True,0,6,False,False,24,0,False,False
3093,188088.6,1.3454209517259692,38,1.7143511808700962,1.4709984219192513,3,False,True,0,6,False,False,25,0,False,False
3094,188088.8,1.298399962952679,42,3.4946568229977704,1.9492266041002773,3,False,True,0,6,False,False,28,0,False,False
3095,188089.0,1.3142695643783864,44,3.244956745537335,1.831957798838962,3,False,True,0,6,False,False,30,0,False,False
3096,188089.2,1.3409311005434315,45,3.1866493291715643,1.777175363554765,3,False,True,0,6,False,False,31,0,False,False
3097,188089.4,1.3661601231187976,46,3.1612176492069954,1.7423025577732412,3,False,True,0,6,False,False,32,0,False,False
3098,188089.6,1.3864001161681971,47,3.172118351234642,1.7233379635809964,3,False,True,0,6,False,False,33,0,False,False
3099,188089.8,1.3768686445795046,49,3.0964398664268833,1.6728342970318653,3,True,True,0,6,False,False,35,0,False,False
3100,188090.0,1.3762629671125786,52,2.826296452640076,1.6160132512663132,3,True,True,0,6,False,False,37,0,False,False
3101,188090.2,1.3299447604464776,55,2.8772863133608633,1.6294983161908716,3,False,True,0,6,False,False,38,0,False,False
3102,188090.4,1.3392608925395437,59,3.2833523601980334,1.879270340560051,3,True,True,0,6,False,False,40,0,False,False
3103,188090.6,1.256268958310466,57,1.4904399829921748,1.3711540286727741,3,False,True,0,6,False,False,38,0,False,False
3104,188090.8,1.1945302502146362,56,1.4903123210607205,1.3155086580047743,4,True,True,0,6,False,False,38,0,False,False
3105,188091.0,1.1362694066008676,56,3.2138291261061354,1.9278696631777743,3,True,True,0,6,False,False,38,0,False,False
3106,188091.2,1.0854730369487133,56,3.3213112852024724,1.9422786205778497,5,True,True,0,6,False,False,38,0,False,False
3107,188091.4,1.0447998397832916,56,3.14634778849775,1.8761389001645177,3,False,True,0,6,False,False,38,0,False,False
3108,188091.6,1.0053590798303562,56,3.1168284048253767,1.8304872684084528,3,False,True,0,6,False,False,38,0,False,False
3109,188091.8,0.9952335229300977,56,3.0230106821502765,1.775125205862122,3,False,True,0,6,False,False,38,0,False,False
3110,188092.0,0.9949182871634203,56,2.9076696397575814,1.68679874351301,4,True,True,0,6,False,False,38,0,False,False
3111,188092.2,1.0363373913822924,56,2.6459752462755946,1.589206579412719,3,False,True,0,6,False,False,38,0,False,False
3112,188092.4,1.119732202101225,56,2.359349459060569,1.505080434698326,3,False,True,0,6,False,False,38,0,False,False
3113,188092.6,1.2115394885711301,60,4.296296645530627,2.22705989690833,3,False,True,0,6,False,False,40,0,False,False
3114,188092.8,1.3088353161109747,62,4.0784150633700325,2.18059356492905,3,False,True,0,6,False,False,40,0,False,False
3115,188093.0,1.4326679491554228,63,3.7000483685592966,2.085587736506183,3,False,True,0,6,False,False,40,0,False,False
3116,188093.2,1.5378295803126258,64,3.352923355601724,2.018948445072513,3,False,True,0,6,False,False,40,0,False,False
3117,188093.4,1.5980746824183285,65,3.184336072730216,1.9425551015086397,3,True,True,0,6,False,False,41,0,False,False
3118,188093.6,1.6376166315694032,65,2.1239667676659826,1.3639242285252715,3,True,True,0,6,False,False,42,0,False,False
3119,188093.8,1.6787621527791625,65,2.168331986815286,1.3613386948389585,4,True,True,0,6,False,False,43,0,False,False
3120,188094.0,1.6750893656712271,65,2.211446371335156,1.3892054108432905,3,True,True,0,6,False,False,44,0,False,False
3121,188094.2,1.655490133304943,65,2.3678625552388537,1.4731923760328007,2,True,True,0,6,False,False,45,0,False,False
3122,188094.4,1.6257208920133086,65,2.6079797988488282,1.68751801670768,3,True,True,0,6,False,False,46,0,False,False
3123,188094.6,1.5997283916689118,64,2.5570784793867407,1.6835072805423632,3,True,True,0,6,False,False,47,0,False,False
3124,188094.8,1.5208171795472558,63,2.502021779191902,1.6591848326162575,3,True,True,0,6,False,False,47,0,False,False
3125,188095.0,1.4713493542397282,62,2.1420734248943782,1.5659088589626775,3,True,True,0,6,False,False,47,0,False,False
3126,188095.2,1.4054136604589655,61,1.4041182323256982,1.3862535397832643,3,False,True,0,6,False,False,46,0,False,False
3127,188095.4,1.3300538597871645,60,1.3212047182710607,1.3053111456860724,3,True,True,0,6,False,False,44,0,False,False
3128,188095.6,1.2432829330842248,61,2.0758270311091267,1.6217621982047272,4,False,True,0,6,False,False,42,0,False,False
3129,188095.8,1.1421743707023013,62,2.1245781917718065,1.6211668628439775,4,True,True,0,6,False,False,40,0,False,False
3130,188096.0,1.0602921719612588,63,1.3640176905295016,1.3044744837032511,4,True,True,0,6,False,False,38,0,False,False
3131,188096.2,1.0033732019490766,64,1.3909165607441318,1.3213553298663627,4,True,True,0,6,False,False,36,0,False,False
3132,188096.4,0.9777615984051913,65,1.2895407920668869,1.208794421617767,4,True,True,0,6,False,False,34,0,False,False
3133,188096.6,0.9770289614601378,65,1.2537186187045286,1.2251140745188474,3,True,True,0,6,False,False,32,0,False,False
3134,188096.8,1.0168278354599714,65,1.7217950076740742,1.573435319067674,3,False,True,0,6,False,False,31,0,False,False
3135,188097.0,1.0990880481106626,65,1.4346772288466623,1.4291916127180886,3,False,True,0,6,False,False,30,0,False,False
3136,188097.2,1.19677854140179,65,1.1971900241624691,1.1957721879711842,3,True,True,0,6,False,False,30,0,False,False
3137,188097.4,1.297913808051896,65,0.9565703472451939,0.9565703472451939,4,True,True,0,6,False,False,30,0,False,False
3138,188097.6,1.4004782419484716,64,0.7136552592723714,0.7136552592723714,5,True,True,0,6,False,False,30,0,False,False
3139,188097.8,1.5058378935818706,63,0.6791527946059469,0.6791527946059469,4,True,True,0,6,False,False,30,0,False,False
3140,188098.0,1.609135954766708,62,0.636168979552898,0.636168979552898,4,True,True,0,6,False,False,30,0,False,False
3141,188098.2,1.6776980627804363,61,0.545289853051709,0.545289853051709,4,True,True,0,6,False,False,30,0,False,False
3142,188098.4,1.7376417239230117,60,0.48330709498727875,0.48330709498727875,4,True,True,0,6,False,False,30,0,False,False
3143,188098.6,1.764920576789321,60,0.5014003367787403,0.5014003367787403,4,True,True,0,6,False,False,30,0,False,False
3144,188098.8,1.7537022926266441,60,0.5967679102470218,0.5967679102470218,4,True,True,0,6,False,False,30,0,False,False
3145,188099.0,1.6846771843039323,60,0.8412914866812627,0.8412914866812627,4,True,True,0,6,False,False,30,0,False,False
3146,188099.2,1.5768426266678508,60,0.8565248548353667,0.8565248548353667,4,True,True,0,6,False,False,30,0,False,False
3147,188099.4,1.4436663749720868,60,0.7873354681155657,0.7873354681155657,4,True,True,0,6,False,False,31,0,False,False
3148,188099.6,1.307704927947495,60,0.6370477337538968,0.6370477337538968,4,True,True,0,6,False,False,32,0,False,False
3149,188099.8,1.1695754779532703,60,0.5110691424257905,0.5110691424257905,4,True,True,0,6,False,False,33,0,False,False
3150,188100.0,1.0459485763346055,60,0.5367499388588911,0.5367499388588911,4,True,True,0,6,False,False,34,0,False,False
3151,188100.2,0.9057915926020607,60,0.5072798836630891,0.5072798836630891,4,True,True,0,6,False,False,35,0,False,False
3152,188100.4,0.7774212426408142,60,0.5378677121494732,0.5378677121494732,4,True,True,0,6,False,False,37,0,False,False
3153,188100.6,0.6649230121828672,60,0.4758067937734243,0.4758067937734243,4,True,True,0,6,False,False,39,0,False,False
3154,188100.8,0.5825383388538202,59,0.40337361574422603,0.40337361574422603,4,True,True,0,6,False,False,41,0,False,False
3155,188101.0,0.5747400231814349,55,0.44882816962772115,0.44882816962772115,4,True,True,0,6,False,False,40,0,False,False
3156,188101.2,0.6701364372762525,52,0.14440205357533814,0.14440205357533814,4,True,True,0,6,False,False,40,0,False,False
3157,188101.4,0.8138611396050075,48,0.6440656271796281,0.6440656271796281,4,True,True,0,6,False,False,38,0,False,False
3158,188101.6,1.030282721305491,43,0.547938872128725,0.547938872128725,4,True,True,0,6,False,False,35,0,False,False
3159,188101.8,1.17147074186695,41,0.9699165291556541,0.9429379389275336,3,True,True,0,6,False,False,34,0,False,False
3160,188102.0,1.3228730021222501,37,1.5975666610175592,1.473763996577063,2,False,True,0,6,False,False,30,0,False,False
3161,188102.2,1.5229237171598404,33,0.970571883887909,0.970571883887909,2,True,True,0,6,False,False,28,0,False,False
3162,188102.4,1.5433111295512945,29,0.9363768824934923,0.9363768824934923,3,False,True,0,6,False,False,25,0,False,False
3163,188102.6,1.2935908803708855,28,1.2059856087266128,1.0884179657223185,3,False,True,0,6,False,False,21,0,False,False
3164,188102.8,1.1065870009550185,26,0.6731188100285687,0.6731188100285687,3,False,True,0,6,False,False,17,0,False,False
3165,188103.0,1.162907866439679,26,0.7906922416655616,0.7906922416655616,4,True,True,0,6,False,False,15,0,False,False
3166,188103.2,1.4456120329815156,25,1.3688536274249936,1.3688536274249936,4,True,True,0,6,False,False,12,0,False,False
3167,188103.4,1.757662123582908,24,2.8886629305779934,2.197064084776055,3,False,True,0,6,False,False,10,0,False,False
3168,188103.6,2.0796187660843333,29,2.0888806993862676,1.432321484385579,2,False,True,0,6,False,False,10,0,False,False
3169,188103.8,2.299064428971909,31,2.1695361147529337,1.4453247149524968,2,False,True,0,6,False,False,8,0,False,False
3170,188104.0,2.3821730016418208,35,2.110805622738794,1.4773712515673356,2,False,True,0,6,False,False,9,0,False,False
3171,188104.2,2.398442473217287,39,2.4355437973757104,1.654593507106863,2,False,True,0,6,False,False,8,0,False,False
3172,188104.4,2.414843988731294,43,2.4724863311655594,1.7914355060143345,2,False,True,0,6,False,False,7,0,False,False
3173,188104.6,2.4517619052559767,44,2.2950463440369386,1.706211208865246,2,False,True,0,6,False,False,7,0,False,False
3174,188104.8,2.460116957900656,47,1.9793557211359223,1.5069356878622906,2,False,True,0,6,False,False,7,0,False,False
3175,188105.0,2.492846229083999,51,1.905849128624607,1.4530024957959968,2,False,True,0,6,False,False,8,0,False,False
3176,188105.2,2.539876922082244,55,1.7405192114254457,1.3452981064760903,2,False,True,0,6,False,False,9,0,False,False
3177,188105.4,2.5814031478282926,59,1.7567756032400954,1.4242731480386377,2,False,True,0,6,False,False,10,0,False,False
3178,188105.6,2.6436175661557244,59,1.3498644906181476,1.2149275290588346,2,False,True,0,6,False,False,10,0,False,False
3179,188105.8,2.7164694434081027,59,1.1570879205279883,1.0926516835271787,2,False,True,0,6,False,False,10,0,False,False
3180,188106.0,2.803859254827993,59,1.013823170753583,0.9963003788615363,2,False,True,0,6,False,False,11,0,False,False
3181,188106.2,2.9133865158301284,60,6.4899703717767565,2.4394506072287534,2,False,True,0,6,False,False,12,0,False,False
3182,188106.4,2.9496427845500164,60,0.9240880597400876,0.9240880597400876,2,True,True,0,6,False,False,17,0,False,False
3183,188106.6,2.9767308579652614,59,1.0721501582217432,1.0721501582217432,3,False,True,0,6,False,False,21,0,False,False
3184,188106.8,3.009371860466681,61,6.176378204468377,2.409990085655282,3,False,True,0,6,False,False,26,0,False,False
3185,188107.0,3.031330949895818,61,0.9207495047225162,0.9207495047225162,3,False,True,0,6,False,False,31,0,False,False
3186,188107.2,3.0539973434528034,61,0.8667824126918522,0.8667824126918522,3,False,True,0,6,False,False,36,0,False,False
3187,188107.4,3.077466913994211,62,0.8607010781453255,0.8607010781453255,3,True,True,0,6,False,False,41,0,False,False
3188,188107.6,3.0944458363013045,64,6.857456293275008,2.440095152293845,4,True,True,0,6,False,False,46,0,False,False
3189,188107.8,3.0824637057445523,66,7.310188807473075,2.509985205282289,3,True,True,0,6,False,False,51,0,False,False
3190,188108.0,3.0441423533828824,66,0.8301866798259991,0.8301866798259991,4,False,True,0,6,False,False,55,0,False,False
3191,188108.2,3.0680312551287487,64,0.7225305219732918,0.7225305219732918,5,True,True,0,6,False,False,58,0,False,False
3192,188108.4,3.0924674349992602,62,0.726687748478405,0.726687748478405,4,True,True,0,6,False,False,56,0,False,False
3193,188108.6,3.0624280519896314,60,0.7571697726832622,0.7571697726832622,4,True,True,0,6,False,False,54,0,False,False
3194,188108.8,3.079068002056315,56,1.03939208312696,1.03939208312696,4,True,True,0,6,False,False,52,0,False,False
3195,188109.0,3.0786721962848658,55,0.7553525655579952,0.7553525655579952,4,True,True,0,6,False,False,51,0,False,False
3196,188109.2,3.0479865276414473,52,0.4392846648241789,0.4392846648241789,4,True,True,0,6,False,False,47,0,False,False
3197,188109.4,3.0285923492162743,51,0.8435011408212626,0.8435011408212626,4,True,True,0,6,False,False,46,0,False,False
3198,188109.6,3.0716704328255653,45,0.6410632352007135,0.6410632352007135,4,True,True,0,6,False,False,42,0,False,False
3199,188109.8,3.1829658737310806,39,0.9073266727847923,0.9073266727847923,4,True,True,0,6,False,False,38,0,False,False
3200,188110.0,3.3298613805346164,34,1.322615496814251,1.322615496814251,4,True,True,0,6,False,False,33,0,False,False
3201,188110.2,3.4871522050452612,31,1.495741488398488,1.343415295834419,4,True,True,0,6,False,False,30,0,False,False
3202,188110.4,3.546543965856692,28,2.2216601967811584,1.7974458343467963,4,True,True,0,6,False,False,27,0,False,False
3203,188110.6,3.4970321927016,30,1.7133601998667813,1.4433985323960565,2,True,True,0,6,False,False,26,0,False,False
3204,188110.8,3.433361085092798,32,1.1327788599628863,1.0152048850813542,3,True,True,0,6,False,False,24,0,False,False
3205,188111.0,3.375093442756125,33,1.1631965408643357,1.05662536156564,2,True,True,0,6,False,False,21,0,False,False
3206,188111.2,3.340478363724016,36,1.1386561848425414,1.036098428994407,4,True,True,0,6,False,False,21,0,False,False
3207,188111.4,3.333274841092376,37,1.0764259251159092,0.9946142499027234,4,True,True,0,6,False,False,18,0,False,False
3208,188111.6,3.356435515419876,41,1.0332798386842044,0.9561242610485385,4,False,True,0,6,False,False,18,0,False,False
3209,188111.8,3.40476487538415,45,1.034729105192749,0.9591521926256356,3,False,True,0,6,False,False,18,0,False,False
3210,188112.0,3.453204800814651,50,0.9821098113760278,0.9218021766836096,2,False,True,0,6,False,False,19,0,False,False
3211,188112.2,3.4802717161142036,54,0.8213676470596862,0.8165622036471207,3,True,True,0,6,False,False,19,0,False,False
3212,188112.4,3.5076450378937456,59,0.6974681530686547,0.6974681530686547,3,True,True,0,6,False,False,24,0,False,False
3213,188112.6,3.5734953721823235,59,0.48397705043962796,0.48397705043962796,4,True,True,0,6,False,False,27,0,False,False
3214,188112.8,3.600549507129087,59,0.5204404062501089,0.5204404062501089,4,True,True,0,6,False,False,30,0,False,False
3215,188113.0,3.610771579216936,59,0.39303169645422825,0.39303169645422825,4,True,True,0,6,False,False,33,0,False,False
3216,188113.2,3.625976423259524,57,0.3067579069898408,0.3067579069898408,4,True,True,0,6,False,False,34,0,False,False
3217,188113.4,3.5251634662746034,56,0.41437777286227684,0.41437777286227684,4,True,True,0,6,False,False,36,0,False,False
3218,188113.6,3.440544074268623,56,0.5926583726948965,0.5926583726948965,4,True,True,0,6,False,False,39,0,False,False
3219,188113.8,3.303929728019276,52,0.5188171956079014,0.5188171956079014,4,True,True,0,6,False,False,38,0,False,False
3220,188114.0,3.1791107680946475,52,0.6476739476901064,0.6476739476901064,4,True,True,0,6,False,False,38,0,False,False
3221,188114.2,3.046094311996552,52,0.5829112182267013,0.5829112182267013,4,True,True,0,6,False,False,38,0,False,False
3222,188114.4,2.92671442302015,52,0.612129088665492,0.612129088665492,4,True,True,0,6,False,False,34,0,False,False
3223,188114.6,2.8475607085159305,54,6.908790012098596,2.238885825045284,4,True,True,0,6,False,False,31,0,False,False
3224,188114.8,2.759100179309713,54,7.353675056410921,2.4554788485046166,4,True,True,0,6,False,False,28,0,False,False
3225,188115.0,13.17172919547612,54,6.627540504043686,2.4829285615029693,4,True,True,0,0,True,False,25,0,False,False
3226,188115.2,9.185956402290454,57,5.260838666011681,2.7687266383540363,14,True,True,0,6,False,False,24,0,False,False
3227,188115.4,7.544673496303847,59,4.752719070241765,2.4866222658545944,3,False,True,0,6,False,False,22,0,False,False
3228,188115.6,6.596809665336774,59,4.892703340878518,2.524654062583373,3,False,True,0,6,False,False,19,0,False,False
3229,188115.8,6.031437170057253,62,4.573504067049153,2.1739999250023505,3,False,True,0,6,False,False,20,0,False,False
3230,188116.0,5.610334905200933,63,3.778971927798752,2.056782015737424,3,False,True,0,6,False,False,20,0,False,False
3231,188116.2,5.251844632885562,61,0.5844300087584764,0.5844300087584764,3,False,True,0,6,False,False,19,0,False,False
3232,188116.4,4.925876641773474,58,0.6312259730400569,0.6312259730400569,4,True,True,0,6,False,False,19,0,False,False
3233,188116.6,4.621827986455747,54,1.2393375847878745,1.2393375847878745,4,True,True,0,6,False,False,19,0,False,False
3234,188116.8,4.347067151079031,50,1.096803551412029,1.0806753585302764,4,True,True,0,6,False,False,18,0,False,False
3235,188117.0,4.089335357492669,46,0.4005633515885099,0.4005633515885099,4,True,True,0,6,False,False,17,0,False,False
3236,188117.2,3.8730217246994028,41,0.24416457989645335,0.24416457989645335,4,True,True,0,6,False,False,16,0,False,False
3237,188117.4,3.6646912066235595,36,0.7383571797312882,0.7383571797312882,4,True,True,0,6,False,False,15,0,False,False
3238,188117.6,3.533726019141948,34,0.8498711014656062,0.8498711014656062,4,True,True,0,6,False,False,15,0,False,False
3239,188117.8,3.482409483745937,32,0.7765196529160564,0.7765196529160564,4,True,True,0,6,False,False,15,0,False,False
3240,188118.0,3.469575274714171,28,0.8093763969812091,0.8093763969812091,4,True,True,0,6,False,False,15,0,False,False
3241,188118.2,3.4852390907621613,27,0.7166530766376661,0.7166530766376661,4,True,True,0,6,False,False,16,0,False,False
3242,188118.4,3.4831130021938477,27,1.006809269491561,1.006809269491561,4,True,True,0,6,False,False,17,0,False,False
3243,188118.6,3.507093952825164,27,1.0839247115008017,1.0839247115008017,4,True,True,0,6,False,False,18,0,False,False
3244,188118.8,3.5021378683075857,28,1.1695842405237582,1.1695842405237582,5,True,True,0,6,False,False,20,0,False,False
3245,188119.0,3.4637718749043414,29,1.2668402683693485,1.2574286750492554,4,False,True,0,6,False,False,22,0,False,False
3246,188119.2,3.41901953314171,30,1.4216956645159131,1.3214940026714599,4,True,True,0,6,False,False,24,0,False,False
3247,188119.4,3.2833703151900977,30,0.6981474286569769,0.6981474286569769,4,False,True,0,6,False,False,25,0,False,False
3248,188119.6,3.1749131836768876,29,0.8049810662804139,0.8049810662804139,4,False,True,0,6,False,False,26,0,False,False
3249,188119.8,3.1018290285206107,30,0.728744564649946,0.728744564649946,4,True,True,0,6,False,False,27,0,False,False
3250,188120.0,3.051747813502824,31,0.8708347309528908,0.8708347309528908,4,True,True,0,6,False,False,28,0,False,False
3251,188120.2,3.0499584793270675,32,1.0930963068111537,1.0930963068111537,4,True,True,0,6,False,False,29,0,False,False
3252,188120.4,3.060212868767758,33,1.3058381033323672,1.2595175475788367,3,True,True,0,6,False,False,29,0,False,False
3253,188120.6,3.1316769552348616,34,1.3590013427694203,1.3201310750932704,3,False,True,0,6,False,False,29,0,False,False
3254,188120.8,3.187886438442667,35,1.3884388263338172,1.3284292904568553,3,False,True,0,6,False,False,29,0,False,False
3255,188121.0,3.2821823612761825,36,1.4300629723715645,1.3885908426633204,3,False,True,0,6,False,False,29,0,False,False
3256,188121.2,3.434160390692456,37,1.0854457297013855,1.0854457297013855,3,True,True,0,6,False,False,29,0,False,False
3257,188121.4,3.6213751826334466,39,1.0546332861451104,1.0546332861451104,3,False,True,0,6,False,False,30,0,False,False
3258,188121.6,3.8041110277724415,40,1.1492890397333646,1.1492890397333646,3,False,True,0,6,False,False,30,0,False,False
3259,188121.8,4.005863239544094,40,1.0661078627096614,1.0661078627096614,3,False,True,0,6,False,False,30,0,False,False
3260,188122.0,4.202778877621026,40,0.8520344237555841,0.8520344237555841,3,False,True,0,6,False,False,30,0,False,False
3261,188122.2,4.384279768391404,40,0.7038488775935366,0.7038488775935366,3,True,True,0,6,False,False,30,0,False,False
3262,188122.4,4.563979661870396,40,0.7954871852270035,0.7954871852270035,3,True,True,0,6,False,False,30,0,False,False
3263,188122.6,4.728956256854185,40,0.8123702534354822,0.8123702534354822,4,True,True,0,6,False,False,30,0,False,False
3264,188122.8,4.867787453997036,40,0.6845796341880246,0.6845796341880246,4,True,True,0,6,False,False,30,0,False,False
3265,188123.0,4.970123817980219,40,0.7204810650317467,0.7204810650317467,4,True,True,0,6,False,False,30,0,False,False
3266,188123.2,5.060796318195864,40,0.7700590337102904,0.7700590337102904,4,True,True,0,6,False,False,30,0,False,False
3267,188123.4,5.115155969174672,40,0.6763982700115165,0.6763982700115165,4,True,True,0,6,False,False,30,0,False,False
3268,188123.6,5.111738164398915,40,0.6528113426659705,0.6528113426659705,4,True,True,0,6,False,False,30,0,False,False
3269,188123.8,5.081585821490094,40,0.7909235653096175,0.7909235653096175,4,True,True,0,6,False,False,30,0,False,False
3270,188124.0,5.051595702773104,39,1.1911324891008446,1.1769785773430312,3,True,True,0,6,False,False,29,0,False,False
3271,188124.2,5.011934280246609,38,1.2781649663977102,1.2673400671005204,3,False,True,0,6,False,False,28,0,False,False
3272,188124.4,4.927211818927245,37,1.5382537286971272,1.4717617936216307,3,False,True,0,6,False,False,27,0,False,False
3273,188124.6,4.8177185215373255,36,1.4630000995045902,1.4258988573427323,3,False,True,0,6,False,False,26,0,False,False
3274,188124.8,4.68576133151892,35,1.566639405814938,1.45646038374651,3,False,True,0,6,False,False,26,0,False,False
3275,188125.0,4.548976746965522,34,1.7252545788614089,1.5918118594831836,3,True,True,0,6,False,False,26,0,False,False
3276,188125.2,4.368639072968966,33,1.946308663941698,1.729394212194751,3,False,True,0,6,False,False,26,0,False,False
3277,188125.4,4.1609383704293785,32,1.98299579830543,1.7863209706449892,3,False,True,0,6,False,False,26,0,False,False
3278,188125.6,3.98093005961824,31,2.1575242401258543,1.863732588521161,3,True,True,0,6,False,False,26,0,False,False
3279,188125.8,3.754208204135068,30,2.2249374047616155,1.792924602153601,3,False,True,0,6,False,False,26,0,False,False
3280,188126.0,3.5372639766373632,30,2.074646389553123,1.7017460759491452,3,False,True,0,6,False,False,27,0,False,False
3281,188126.2,3.3175316578269545,30,1.9051669645590623,1.6163860064617752,3,False,True,0,6,False,False,28,0,False,False
3282,188126.4,3.1221018640005487,30,1.6612752801823816,1.5662446135661496,3,False,True,0,6,False,False,29,0,False,False
3283,188126.6,2.9592062096721143,30,1.4851696484806178,1.4176692139685556,3,False,True,0,6,False,False,30,0,False,False
3284,188126.8,2.8537877267701854,31,1.2844388792508945,1.278421492938176,3,False,True,0,6,False,False,30,0,False,False
3285,188127.0,2.789070491735199,32,1.121564317282326,1.121564317282326,3,False,True,0,6,False,False,30,0,False,False
3286,188127.2,2.8025732691839496,33,0.909163935666673,0.909163935666673,3,False,True,0,6,False,False,30,0,False,False
3287,188127.4,2.8184896403957804,34,0.8498234023488869,0.8498234023488869,3,False,True,0,6,False,False,30,0,False,False
3288,188127.6,2.8729345547431753,35,0.7254465820038126,0.7254465820038126,3,False,True,0,6,False,False,30,0,False,False
3289,188127.8,2.8950845247420287,36,0.9091227669473002,0.9091227669473002,4,True,True,0,6,False,False,30,0,False,False
3290,188128.0,2.9046926278920626,37,1.0199930672477489,1.0199930672477489,4,True,True,0,6,False,False,30,0,False,False
3291,188128.2,2.87951506186542,38,1.2168034731120594,1.2168034731120594,4,True,True,0,6,False,False,30,0,False,False
3292,188128.4,2.870518227008606,38,1.352536338832256,1.352536338832256,4,True,True,0,6,False,False,29,0,False,False
3293,188128.6,2.8344556992050403,39,1.3373844589640156,1.241876622075691,4,True,True,0,6,False,False,29,0,False,False
3294,188128.8,2.7197581670129822,39,1.4025228244767662,1.3248954579520185,4,True,True,0,6,False,False,29,0,False,False
3295,188129.0,2.662208839762398,37,0.4975011340923083,0.4975011340923083,4,True,True,0,6,False,False,28,0,False,False
3296,188129.2,2.5986592928996104,35,1.226789573190529,1.226789573190529,3,False,True,0,6,False,False,27,0,False,False
3297,188129.4,2.66967759356249,32,1.2783155180513859,1.2783155180513859,3,True,True,0,6,False,False,25,0,False,False
3298,188129.6,2.7728634699830463,28,inf,inf,3,False,False,0,6,False,False,22,0,False,False
3299,188129.8,2.905905260124498,24,inf,inf,3,True,False,0,6,False,False,19,0,False,False
3300,188130.0,3.081413336859567,20,inf,inf,3,True,False,0,6,False,False,16,0,False,False
3301,188130.2,3.1384001044650995,20,2.127046066506549,1.7760278611584257,2,False,True,0,6,False,False,16,0,False,False
3302,188130.4,3.07230172005468,21,2.3863054618114465,1.8957017168684316,2,False,True,0,6,False,False,17,0,False,False
3303,188130.6,2.878637507152028,21,1.957473483429662,1.7481774667567676,3,False,True,0,6,False,False,17,0,False,False
3304,188130.8,2.6675201410200082,21,1.8048612664164063,1.6947669501165608,3,False,True,0,6,False,False,17,0,False,False
3305,188131.0,2.288276555198731,22,1.6383174094730126,1.6383174094730126,4,False,True,0,6,False,False,17,0,False,False
3306,188131.2,2.174503608563232,24,1.500374803118154,1.500374803118154,4,False,True,0,6,False,False,18,0,False,False
3307,188131.4,2.2421282586754145,25,1.4324413097596422,1.4324413097596422,4,True,True,0,6,False,False,18,0,False,False
3308,188131.6,2.346344329316597,29,1.0548577186431976,1.0548577186431976,4,True,True,0,6,False,False,20,0,False,False
3309,188131.8,2.4399091595029607,32,1.0485293587045825,1.0485293587045825,4,True,True,0,6,False,False,21,0,False,False
3310,188132.0,2.658751811132576,34,0.6563797676561846,0.6563797676561846,4,True,True,0,6,False,False,21,0,False,False
3311,188132.2,2.89476444404719,30,inf,inf,4,True,False,0,6,False,False,18,0,False,False
3312,188132.4,3.135586133912406,27,0.44345175847411156,0.44345175847411156,4,True,True,0,6,False,False,16,0,False,False
3313,188132.6,3.3903677185050225,23,inf,inf,4,True,False,0,6,False,False,13,0,False,False
3314,188132.8,3.6675285846612145,19,inf,inf,3,True,False,0,6,False,False,10,0,False,False
3315,188133.0,3.9688494727296284,16,inf,inf,3,True,False,0,6,False,False,8,0,False,False
3316,188133.2,4.300560388317982,12,inf,inf,3,True,False,0,6,False,False,5,0,False,False
3317,188133.4,4.653665823838608,10,inf,inf,3,True,False,0,6,False,False,4,0,False,False
3318,188133.6,5.0581588327901565,6,inf,inf,2,True,False,0,6,False,False,2,0,False,False
3319,188133.8,5.509078299810723,3,inf,inf,2,True,False,0,6,False,False,1,0,False,False
3320,188134.0,6.002488879852466,1,inf,inf,2,True,False,0,6,False,False,1,0,False,False
3321,188134.2,6.536086199901488,1,inf,inf,2,True,False,0,6,False,False,1,0,False,False
3322,188134.4,7.116803568993563,0,inf,inf,2,True,False,0,6,False,False,0,0,False,False
3323,188134.6,7.742603073945227,0,inf,inf,2,True,False,0,6,False,False,0,0,False,False
3324,188134.8,8.414888075493904,0,inf,inf,2,True,False,0,6,False,False,0,0,False,False
3325,188135.0,9.127597213557069,0,inf,inf,2,True,False,0,6,False,False,0,0,False,False
3326,188135.2,9.402751088032323,4,7.331924715924076,3.6519899659850386,2,False,True,0,6,False,False,0,0,False,False
3327,188135.4,9.6239731374374,8,6.690883405341204,3.183293310953978,2,False,True,0,6,False,False,0,0,False,False
3328,188135.6,10.295775692901955,13,8.227261915551672,3.3554229915354536,2,False,True,0,0,True,False,0,0,False,False
3329,188135.8,9.351533108869651,19,5.03087203863639,2.628201725015439,4,False,True,0,6,False,False,0,0,False,False
3330,188136.0,8.908364308997228,25,4.669197423522721,2.496629393762231,2,False,True,0,6,False,False,0,0,False,False
3331,188136.2,8.609017167300465,31,4.4929982329546,2.417817063516208,2,False,True,0,6,False,False,0,0,False,False
3332,188136.4,8.400076005960662,36,4.56098077592751,2.4151587927467757,2,False,True,0,6,False,False,3,0,False,False
3333,188136.6,8.153737922108206,41,4.434888889391488,2.3455711137975395,2,False,True,0,6,False,False,6,0,False,False
3334,188136.8,7.728369416690824,46,3.9544888933901428,2.2368520828455694,3,False,True,0,6,False,False,10,0,False,False
3335,188137.0,7.130426821067087,51,3.203657097241871,1.9855873802822603,3,False,True,0,6,False,False,14,0,False,False
3336,188137.2,6.63877704474218,51,3.0278631805659137,1.9350026011111843,3,False,True,0,6,False,False,18,0,False,False
3337,188137.4,6.2411846914185825,51,2.6994476028842596,1.9784763683802327,3,False,True,0,6,False,False,21,0,False,False
3338,188137.6,5.906563598673346,49,2.715645708766933,2.1362045704305648,3,False,True,0,6,False,False,24,0,False,False
3339,188137.8,5.54719350597342,46,2.346446875963339,2.156125993160398,4,False,True,0,6,False,False,27,0,False,False
3340,188138.0,5.202295369804575,44,1.7013629743166723,1.5506527618767323,4,False,True,0,6,False,False,30,0,False,False
3341,188138.2,4.924208171014158,42,1.6341204613972349,1.5772770434845098,4,False,True,0,6,False,False,33,0,False,False
3342,188138.4,4.631373871033415,42,1.1998365038749665,1.1551291591201975,5,True,True,0,6,False,False,34,0,False,False
3343,188138.6,4.36008707753608,41,1.2641786542522295,1.2483330070961611,5,True,True,0,6,False,False,35,0,False,False
3344,188138.8,4.1160728709174546,40,1.163576739858314,1.163576739858314,4,True,True,0,6,False,False,35,0,False,False
3345,188139.0,3.871133539861238,39,1.031162878823745,1.031162878823745,4,True,True,0,6,False,False,35,0,False,False
3346,188139.2,3.6457266453979185,39,1.0576748592861234,1.0576748592861234,4,True,True,0,6,False,False,35,0,False,False
3347,188139.4,3.444397290571219,39,1.0989145811231165,1.0989145811231165,4,True,True,0,6,False,False,36,0,False,False
3348,188139.6,3.2593811092453437,40,1.0939409088672938,1.0939409088672938,4,True,True,0,6,False,False,37,0,False,False
3349,188139.8,3.094735552237095,41,0.9838733039316083,0.9838733039316083,4,True,True,0,6,False,False,38,0,False,False
3350,188140.0,2.9480206318056044,41,1.0203868370841853,1.0203868370841853,4,True,True,0,6,False,False,39,0,False,False
3351,188140.2,2.835102617688908,41,1.0230724907866358,1.0230724907866358,4,True,True,0,6,False,False,40,0,False,False
3352,188140.4,2.6365078443042065,41,19.442921110163127,3.9270463029066014,4,True,True,0,6,False,False,40,0,False,False
3353,188140.6,1.282254337919555,42,17.97245578651518,4.097342297269528,8,True,True,0,6,False,False,40,0,False,False
3354,188140.8,42.09660297299707,43,16.67386785936232,4.012529458738718,11,True,True,0,0,True,False,40,0,False,False
3355,188141.0,41.796424797480846,44,5.017842160183379,2.5526156912683593,9,True,True,0,6,False,False,40,0,False,False
3356,188141.2,41.87856750051359,45,5.015950347422097,2.313632607990259,4,False,True,0,6,False,False,40,0,False,False
3357,188141.4,41.95428691221649,45,4.952219727836893,2.2137734239632967,4,False,True,0,6,False,False,40,0,False,False
3358,188141.6,41.99889077116094,45,4.893833329801321,2.26963588529746,3,False,True,0,6,False,False,40,0,False,False
3359,188141.8,42.03715082382091,45,4.806437557629564,2.260107030858924,3,True,True,0,6,False,False,40,0,False,False
3360,188142.0,42.08319758523087,45,4.703827770517475,2.283197577529659,2,True,True,0,6,False,False,40,0,False,False
3361,188142.2,42.120064962263946,45,4.703040845151393,2.267816967414928,3,False,True,0,6,False,False,40,0,False,False
3362,188142.4,42.101051501464326,44,4.7447576703986964,2.131272979777934,3,True,True,0,6,False,False,40,0,False,False
3363,188142.6,42.04089055754657,43,4.793762227193408,2.1805741073739084,3,True,True,0,6,False,False,40,0,False,False
3364,188142.8,41.964061487774785,42,4.819282510026419,2.1894809165878812,3,True,True,0,6,False,False,40,0,False,False
3365,188143.0,41.854117945775585,41,4.925176632525663,2.224682027984127,2,True,True,0,6,False,False,40,0,False,False
3366,188143.2,41.69763093925783,40,4.934640682145062,2.246376865240365,2,True,True,0,6,False,False,40,0,False,False
3367,188143.4,41.547592885071566,40,4.887620709931545,2.2312802549766753,2,True,True,0,6,False,False,40,0,False,False
3368,188143.6,41.38202152650027,39,5.6644897355644055,2.6200188956617128,2,True,True,0,6,False,False,39,0,False,False
3369,188143.8,41.20474797023441,39,4.89314696473486,2.3042320994678227,2,True,True,0,6,False,False,39,0,False,False
3370,188144.0,41.04321623011803,39,4.807590088897389,2.4201948002378306,2,True,True,0,6,False,False,38,0,False,False
3371,188144.2,40.89368232455016,39,4.869703398473907,2.437060967986716,2,True,True,0,6,False,False,37,0,False,False
3372,188144.4,40.72741830110203,39,4.878684921747139,2.4176821739924796,2,True,True,0,6,False,False,36,0,False,False
3373,188144.6,40.586629026194544,39,4.761975862515476,2.3843080414745845,2,True,True,0,6,False,False,35,0,False,False
3374,188144.8,40.41257951833522,39,4.694116354349961,2.169587451755612,2,True,True,0,6,False,False,34,0,False,False
3375,188145.0,40.26125264377186,39,4.770528234486957,2.2330896652246612,2,True,True,0,6,False,False,33,0,False,False
3376,188145.2,40.08493737225858,38,5.483602288600307,2.481627583487762,2,True,True,0,6,False,False,32,0,False,False
3377,188145.4,39.89087515579532,37,5.420859193406665,2.5418179591134065,2,True,True,0,6,False,False,31,0,False,False
3378,188145.6,39.74068888225191,38,4.940863035702741,2.4780182009537213,2,True,True,0,6,False,False,31,0,False,False
3379,188145.8,39.57783898378395,37,5.6447039161364545,2.550026220751267,2,True,True,0,6,False,False,30,0,False,False
3380,188146.0,39.38940689175634,36,5.704070684928052,2.5201806488628877,2,True,True,0,6,False,False,30,0,False,False
3381,188146.2,39.192109910523094,36,5.0725859844947125,2.2436464030744308,2,True,True,0,6,False,False,30,0,False,False
3382,188146.4,38.96455336569566,37,11.634141479629687,3.8520175486365544,2,True,True,0,6,False,False,30,0,False,False
3383,188146.6,38.71047713535584,38,11.565376241119425,3.812306972584915,2,False,True,0,6,False,False,30,0,False,False
3384,188146.8,31.831545421198154,40,10.611270593372069,3.4778233931116875,2,False,True,0,0,True,False,30,0,False,False
3385,188147.0,29.79044296225619,42,5.102491263038805,2.665250575925279,10,True,True,0,6,False,False,30,0,False,False
3386,188147.2,28.72457124649872,45,5.190388282637768,2.639293482923522,7,True,True,0,6,False,False,30,0,False,False
3387,188147.4,28.188408133968675,47,4.741671206604509,2.505352182273331,3,True,True,0,6,False,False,30,0,False,False
3388,188147.6,27.732984376708988,48,4.580643152773355,2.5679843349231666,2,False,True,0,6,False,False,30,0,False,False
3389,188147.8,27.311210547804077,50,4.45853437744643,2.5553751105232028,2,False,True,0,6,False,False,30,0,False,False
3390,188148.0,26.92968689195566,52,6.107390338317474,2.9468337823274107,2,False,True,0,6,False,False,30,0,False,False
3391,188148.2,26.566445272771663,54,5.715843040213603,2.8043965577165126,2,False,True,0,6,False,False,30,0,False,False
3392,188148.4,26.29282970276975,54,5.625654861989606,2.8048083419726457,2,False,True,0,6,False,False,30,0,False,False
3393,188148.6,26.0815718158656,54,5.204278658019773,2.6956213602159296,2,False,True,0,6,False,False,30,0,False,False
3394,188148.8,25.86957430430453,53,4.930489118644435,2.6057586691639743,2,False,True,0,6,False,False,31,0,False,False
3395,188149.0,25.737998756393782,53,4.258514320746709,2.3246977102585764,2,False,True,0,6,False,False,32,0,False,False
3396,188149.2,25.579737960860438,52,4.53127586859588,2.485279184623897,3,True,True,0,6,False,False,33,0,False,False
3397,188149.4,25.497060563637163,52,4.123215546356677,2.3493399003979674,4,True,True,0,6,False,False,33,0,False,False
3398,188149.6,25.44956341981905,51,4.0161566082134765,2.259990889622331,2,False,True,0,6,False,False,33,0,False,False
3399,188149.8,25.479451458969073,50,3.8940468258445957,2.214751036119035,2,False,True,0,6,False,False,33,0,False,False
3400,188150.0,25.412197552778867,49,7.496426724612352,3.111221099098727,3,True,True,0,6,False,False,32,0,False,False
3401,188150.2,25.366513778397717,47,7.118147387919919,3.0141245123595075,2,False,True,0,6,False,False,31,0,False,False
3402,188150.4,98.09332824515305,47,28.031495662011498,4.9810766324663796,2,False,True,0,0,True,False,30,0,False,False
3403,188150.6,96.06397583837548,48,14.710466778563488,4.0167870000855315,13,True,True,0,6,False,False,28,0,False,False
3404,188150.8,94.9072934151255,48,14.810876802893533,3.867116940684024,3,False,True,0,6,False,False,25,0,False,False
3405,188151.0,24.887556413882713,48,19.50768055309727,4.741488278180024,3,False,True,0,0,True,False,22,0,False,False
3406,188151.2,25.0439557634609,49,3.814312053510859,2.2980708263197767,14,True,True,0,6,False,False,19,0,False,False
3407,188151.4,25.206783258979456,49,3.621340765143511,2.2988895488737,3,True,True,0,6,False,False,16,0,False,False
3408,188151.6,25.412939370945967,51,4.3233083705697375,2.4954716465289226,2,False,True,0,6,False,False,13,0,False,False
3409,188151.8,25.690186273556403,52,3.6980856563283453,2.5260288879401207,2,False,True,0,6,False,False,10,0,False,False
3410,188152.0,25.953293421959167,52,3.968030484636663,2.4611021909898665,2,False,True,0,6,False,False,8,0,False,False
3411,188152.2,26.10355873665324,51,4.658449109865095,2.804003986300218,2,False,True,0,6,False,False,6,0,False,False
3412,188152.4,26.254397923601992,48,4.8944834029710345,3.1712947998733685,2,False,True,0,6,False,False,4,0,False,False
3413,188152.6,26.29099651515141,45,8.35961003206469,4.3330789406900365,2,False,True,0,6,False,False,3,0,False,False
3414,188152.8,26.156687928996632,44,11.99232523285481,4.948590459982949,2,False,True,0,6,False,False,2,0,False,False
3415,188153.0,14.086607680001732,41,6.99237235844575,3.904198066725524,2,False,True,0,0,True,False,1,0,False,False
3416,188153.2,12.673463563462265,39,1.1451847870582004,1.1451847870582004,14,True,True,0,6,False,False,0,0,False,False
3417,188153.4,11.924304538199593,39,5.553026997100938,3.1655262988305313,2,False,True,0,6,False,False,0,0,False,False
3418,188153.6,11.295012840977432,39,6.432913579014974,3.362118937250513,2,False,True,0,6,False,False,0,0,False,False
3419,188153.8,10.890578613046475,39,6.869764947365404,3.104403922404225,2,False,True,0,6,False,False,0,0,False,False
3420,188154.0,10.44793096771944,40,5.299751158166738,2.8551119346333174,2,False,True,0,6,False,False,0,0,False,False
3421,188154.2,10.002260210978836,42,5.493198669628617,2.822949891031193,2,False,True,0,6,False,False,0,0,False,False
3422,188154.4,9.497318146360755,45,5.889931613073444,3.011805567572773,2,False,True,0,6,False,False,0,0,False,False
3423,188154.6,8.944726555158937,46,6.5968031691686715,3.327774448358277,2,False,True,0,6,False,False,0,0,False,False
3424,188154.8,8.323750565566218,46,6.724639776911302,3.343270067842022,2,False,True,0,6,False,False,0,0,False,False
3425,188155.0,6.782140705487138,48,6.183005127620577,2.848356786849261,2,False,True,0,0,True,False,0,0,False,False
3426,188155.2,5.766320657654341,48,2.792054069102451,2.248850090374483,8,True,True,0,6,False,False,0,0,False,False
3427,188155.4,5.846417384268625,45,6.553745218854039,3.941630849120647,2,False,True,0,6,False,False,0,0,False,False
3428,188155.6,6.163608987626272,40,6.880025964230299,3.6117037586524168,2,False,True,0,6,False,False,0,0,False,False
3429,188155.8,6.5853233818030175,36,8.299925714731216,3.929948163751468,2,False,True,0,6,False,False,0,0,False,False
3430,188156.0,7.0497955046287135,33,5.153199714365756,2.9107099241214813,2,False,True,0,6,False,False,0,0,False,False
3431,188156.2,7.433820881859101,28,inf,inf,2,False,False,0,6,False,False,0,0,False,False
3432,188156.4,7.7497601890874686,23,inf,inf,2,False,False,0,6,False,False,0,0,False,False
3433,188156.6,8.142420205485832,21,6.928012459861597,3.5165371985033724,2,False,True,0,6,False,False,0,0,False,False
3434,188156.8,8.657844367717376,20,9.0093878086995,3.4370918458822084,2,False,True,0,6,False,False,0,0,False,False
3435,188157.0,9.208675715926553,18,6.638947966726463,2.8017293958437848,2,False,True,0,6,False,False,0,0,False,False
3436,188157.2,24.827139635890525,18,7.85264734568093,3.3932995228006644,2,False,True,0,0,True,False,0,0,False,False
3437,188157.4,24.466655122381034,20,4.7836737163920455,2.3752168731627084,4,False,True,0,6,False,False,0,0,False,False
3438,188157.6,24.07611060968247,24,10.955095409834572,3.579089664804338,2,False,True,0,6,False,False,0,0,False,False
3439,188157.8,23.558914848442765,28,11.251142904798737,3.5003711286941215,2,False,True,0,6,False,False,0,0,False,False
3440,188158.0,17.688496782279127,31,18.95566462934048,5.140984291221363,2,False,True,0,0,True,False,0,0,False,False
3441,188158.2,16.93517324635062,35,3.622238457155442,2.2573220128998988,10,True,True,0,6,False,False,0,0,False,False
3442,188158.4,16.946404364930736,37,4.108230094506594,2.354843187125402,2,True,True,0,6,False,False,0,0,False,False
3443,188158.6,17.218363320613985,36,6.578312512487173,3.3369233000523835,2,False,True,0,6,False,False,0,0,False,False
3444,188158.8,17.706165720157426,36,4.946965247909094,3.050572043982046,2,False,True,0,6,False,False,0,0,False,False
3445,188159.0,18.379571012753406,36,4.617711741889605,2.892888960363004,2,False,True,0,6,False,False,0,0,False,False
3446,188159.2,19.173449013666296,35,4.345026543083286,2.8153901601236213,2,False,True,0,6,False,False,0,0,False,False
3447,188159.4,20.103716265392887,34,3.866695214282434,2.6536788405112013,2,False,True,0,6,False,False,0,0,False,False
3448,188159.6,21.072040743809602,31,3.448280108257849,2.6007388332471413,2,False,True,0,6,False,False,0,0,False,False
3449,188159.8,22.15929296247767,29,4.427387029814097,2.570209320140655,4,False,True,0,6,False,False,0,0,False,False
3450,188160.0,23.316198758136256,27,4.087077226565192,2.453508141065029,2,False,True,0,6,False,False,0,0,False,False
3451,188160.2,24.507999769990374,26,4.1741707018787695,2.4324357636251257,2,False,True,0,6,False,False,0,0,False,False
3452,188160.4,25.74941419800597,27,4.7100112101236995,2.465210862009936,2,False,True,0,6,False,False,0,0,False,False
3453,188160.6,26.96646918425005,29,5.149193110235969,2.4339257934604848,2,False,True,0,6,False,False,0,0,False,False
3454,188160.8,28.138171726194635,29,5.4428262882770735,2.44703046529042,2,False,True,0,6,False,False,1,0,False,False
3455,188161.0,29.214006431260742,28,6.083645764443793,2.9346901428218914,7,True,True,0,6,False,False,2,0,False,False
3456,188161.2,30.148949694366948,28,9.062409490040757,3.9358525218884117,7,True,True,0,6,False,False,3,0,False,False
3457,188161.4,30.73187846749624,28,9.260542600626854,3.8784165469215255,18,True,True,0,6,False,False,4,0,False,False
3458,188162.4,14.705883838955007,29,23.2179994851636,4.932426424451203,5,True,True,0,0,True,False,4,0,False,False
3459,188162.6,13.886224346420345,29,1.6586350289574645,1.4482048639564749,23,True,True,0,6,False,False,4,0,False,False
3460,188162.8,13.356835088239231,30,2.298399485326903,1.5978458780076266,2,False,True,0,6,False,False,4,0,False,False
3461,188163.0,13.01523827289346,31,1.9103173568227088,1.3863678131693087,2,False,True,0,6,False,False,4,0,False,False
3462,188163.2,12.781675762964818,32,1.5556322377235017,1.1780160744747565,2,False,True,0,6,False,False,4,0,False,False
3463,188163.4,12.569434873865898,33,1.2977731112717472,0.977325671607559,2,False,True,0,6,False,False,4,0,False,False
3464,188163.6,12.371757761306302,34,1.199328743403076,0.955210965567681,2,False,True,0,6,False,False,3,0,False,False
3465,188163.8,12.145013935581067,36,1.1538990282563848,0.9600491964457412,2,False,True,0,6,False,False,2,0,False,False
3466,188164.0,11.885043283631685,37,1.01797035910378,0.9005907292910604,2,False,True,0,6,False,False,1,0,False,False
3467,188164.2,11.581141552368528,38,0.9267186231786175,0.8660585835669783,2,False,True,0,6,False,False,0,0,False,False
3468,188164.4,11.251600535554815,39,0.9212041460549971,0.8896667871190155,2,False,True,0,6,False,False,0,0,False,False
3469,188164.6,10.87338308542034,40,0.9267157122228654,0.9267157122228654,3,False,True,0,6,False,False,0,0,False,False
3470,188164.8,10.559992688359612,40,0.9206191106630941,0.9206191106630941,3,True,True,0,6,False,False,0,0,False,False
3471,188165.0,10.294353287250164,40,0.8905269131005841,0.8905269131005841,3,True,True,0,6,False,False,0,0,False,False
3472,188165.2,10.085689136006298,40,1.1339142557106854,1.1220849142504317,2,False,True,0,6,False,False,0,0,False,False
3473,188165.4,9.922730621175653,40,1.100420248907859,1.0954299071544153,2,False,True,0,6,False,False,0,0,False,False
3474,188165.6,9.761485925765008,38,0.8920270155088033,0.8920270155088033,3,True,True,0,6,False,False,0,0,False,False
3475,188165.8,9.57175158575502,37,1.7135324031648032,1.5543695572019631,2,False,True,0,6,False,False,0,0,False,False
3476,188166.0,9.412123545979048,35,0.8358126338779326,0.8358126338779326,2,False,True,0,6,False,False,0,0,False,False
3477,188166.2,9.269675150958127,33,0.8902410134065641,0.8902410134065641,2,False,True,0,6,False,False,0,0,False,False
3478,188166.4,9.146019126679324,31,0.7890353560420262,0.7890353560420262,2,False,True,0,6,False,False,0,0,False,False
3479,188166.6,9.038230189851806,29,0.8970586429895926,0.8970586429895926,2,False,True,0,6,False,False,2,0,False,False
3480,188166.8,8.918335985901788,27,1.0302214899253674,1.0302214899253674,3,False,True,0,6,False,False,4,0,False,False
3481,188167.0,8.791736817639153,25,1.0042635662487986,1.0042635662487986,3,True,True,0,6,False,False,6,0,False,False
3482,188167.2,8.685034191342368,23,0.916236379518655,0.916236379518655,4,True,True,0,6,False,False,8,0,False,False
3483,188167.4,8.610439806017819,21,1.3098462216621987,1.2674013959217356,23,True,True,0,6,False,False,10,0,False,False
3484,188167.6,8.596135756600022,21,1.4926741922537003,1.4115587264288154,3,False,True,0,6,False,False,11,0,False,False
3485,188167.8,8.632452771203278,20,1.568367023831517,1.4440814426843107,3,False,True,0,6,False,False,12,0,False,False
3486,188168.0,8.720972671750523,21,1.4814386004808173,1.2401909748058537,3,False,True,0,6,False,False,13,0,False,False
3487,188168.2,8.830287709122087,22,1.654032462551228,1.3081831502637344,3,False,True,0,6,False,False,14,0,False,False
3488,188168.4,8.908599068598443,22,2.514663620085505,1.8005569356570372,3,False,True,0,6,False,False,15,0,False,False
3489,188168.6,9.036960204627764,23,2.2711279581477366,1.522835841650677,3,False,True,0,6,False,False,14,0,False,False
3490,188168.8,9.081770907743099,24,2.3940452486739323,1.3877050989681086,3,False,True,0,6,False,False,12,0,False,False
3491,188169.0,9.084214144244989,25,3.413131375186159,1.6292586205189044,3,True,True,0,6,False,False,10,0,False,False
3492,188169.2,9.752272184968506,25,5.875288264613346,2.335956807664594,3,False,True,0,6,False,False,8,0,False,False
3493,188169.4,10.074730569000101,25,6.331329964898609,2.509075099898679,4,True,True,0,6,False,False,6,0,False,False
3494,188169.6,10.142410912442296,25,6.714083307861569,2.5739509731564683,2,False,True,0,6,False,False,5,0,False,False
3495,188169.8,10.073203790300735,25,7.169332795010357,2.742030436288188,2,False,True,0,6,False,False,4,0,False,False
3496,188170.0,10.25812464712946,25,6.519662752579567,2.554241045923432,2,True,True,0,6,False,False,3,0,False,False
3497,188170.2,10.164668037212774,24,1.9489924058210226,1.4903340454493823,2,False,True,0,6,False,False,2,0,False,False
3498,188170.4,10.028230626062149,24,1.8069924319292017,1.392378843449232,2,False,True,0,6,False,False,1,0,False,False
3499,188170.6,10.652657708019705,23,0.8361407968364397,0.8361407968364397,3,True,True,0,6,False,False,0,0,False,False
3500,188170.8,10.749298352305939,22,0.5678338323995847,0.5678338323995847,2,False,True,0,6,False,False,0,0,False,False
3501,188171.0,10.715752420278994,21,0.8282337655958525,0.8282337655958525,2,False,True,0,6,False,False,0,0,False,False
3502,188171.2,13.37262961206616,21,3.020834477038366,1.9244323251018653,5,True,True,0,6,False,False,0,0,False,False
3503,188171.4,14.551726161862478,21,2.074318283849686,1.819124920351638,2,False,True,0,6,False,False,0,0,False,False
3504,188171.6,15.417485047767306,21,1.6738944211155287,1.6738944211155287,3,False,True,0,6,False,False,0,0,False,False
3505,188171.8,15.893416108926218,21,1.881514700351302,1.6073223919493589,4,True,True,0,6,False,False,0,0,False,False
3506,188172.0,16.223271287291876,19,0.04404425621032715,0.04404425621032715,2,False,True,0,6,False,False,0,0,False,False
3507,188172.2,16.49872293471609,18,0.1839165799319744,0.1839165799319744,2,False,True,0,6,False,False,0,0,False,False
3508,188172.4,16.72095482727378,17,0.6603037416934967,0.6603037416934967,2,False,True,0,6,False,False,0,0,False,False
3509,188172.6,16.877638200827704,16,1.3653468526899815,1.3653468526899815,2,False,True,0,6,False,False,0,0,False,False
3510,188172.8,17.003363018901105,15,2.0988572612404823,1.9672113673614482,2,False,True,0,6,False,False,0,0,False,False
3511,188173.0,17.644430077198887,14,2.5745780132710934,2.1745164876012595,2,True,True,0,6,False,False,0,0,False,False
3512,188173.2,18.852223306263266,13,3.5188387148082256,2.536740873425035,3,False,True,0,6,False,False,0,0,False,False
3513,188173.4,19.374228072175256,12,4.710473768413067,2.9288067529846242,3,True,True,0,6,False,False,0,0,False,False
3514,188173.6,19.60302201335033,12,4.342250679059155,2.8492871186206723,2,False,True,0,6,False,False,0,0,False,False
3515,188173.8,19.79615860063728,11,5.477999076247215,3.1318722644875217,2,False,True,0,6,False,False,0,0,False,False
3516,188174.0,19.94361390865301,11,6.099025387316942,3.3296278479451336,2,False,True,0,6,False,False,0,0,False,False
3517,188174.2,20.050468551180444,11,6.520686123520136,3.4768938899270228,2,False,True,0,6,False,False,0,0,False,False
3518,188174.4,20.13519247952365,11,7.062058463692665,3.620559356137437,2,False,True,0,6,False,False,0,0,False,False
3519,188174.6,20.208847566802707,11,7.794264879077673,3.8007304453193314,2,False,True,0,6,False,False,0,0,False,False
3520,188174.8,20.197209698281114,12,7.009450819151455,3.617209457372847,2,False,True,0,6,False,False,0,0,False,False
3521,188175.0,20.14921816793043,13,7.116729603710629,3.5914224993706676,2,False,True,0,6,False,False,0,0,False,False
3522,188175.2,20.058444962952045,14,7.253874401197954,3.4383680409765693,2,False,True,0,6,False,False,0,0,False,False
3523,188175.4,19.9569747339848,15,7.412151476686102,3.451708390838357,2,False,True,0,6,False,False,0,0,False,False
3524,188175.6,19.86027946949541,15,7.9447570556233185,3.5317071225941006,2,False,True,0,6,False,False,0,0,False,False
3525,188175.8,19.799777277718412,16,8.217739473614621,3.7410758000083755,2,False,True,0,6,False,False,0,0,False,False
3526,188176.0,19.743439786866425,17,8.364620095916342,3.6335840914243507,2,False,True,0,6,False,False,0,0,False,False
3527,188176.2,19.711788599353316,18,8.734421397503715,3.7256528350345977,2,False,True,0,6,False,False,0,0,False,False
3528,188176.4,19.718023383490763,19,8.588999536066806,3.5479223553991597,2,False,True,0,6,False,False,0,0,False,False
3529,188176.6,20.447888619875506,19,12.400295920670033,4.824740411117211,2,False,True,0,6,False,False,0,0,False,False
3530,188176.8,20.886888329799813,18,13.02653257921338,4.943975250392125,2,False,True,0,6,False,False,0,0,False,False
3531,188177.0,21.31711031951134,17,13.865759905427694,5.11354835755439,2,False,True,0,6,False,False,0,0,False,False
3532,188177.2,21.79551850656134,16,14.8472655788064,5.298095705065199,2,False,True,0,6,False,False,0,0,False,False
3533,188177.4,22.32871480492564,15,15.240424998104572,5.343937133994025,2,False,True,0,6,False,False,0,0,False,False
3534,188177.6,20.07052550652134,15,8.425031408204319,3.4481726772863563,3,True,True,0,6,False,False,0,0,False,False
3535,188177.8,20.968446272801177,14,12.791523676365614,4.912883764042065,2,False,True,0,6,False,False,0,0,False,False
3536,188178.0,21.72013715281185,13,13.737134624272585,5.067654559821669,2,False,True,0,6,False,False,0,0,False,False
3537,188178.2,22.44326090548865,12,13.738906487822533,5.064599843539451,2,False,True,0,6,False,False,0,0,False,False
3538,188178.4,23.176649873998354,11,14.793341133743525,5.225837237050975,2,False,True,0,6,False,False,0,0,False,False
3539,188178.6,23.845057625152858,12,11.580444303934977,4.167773047548629,2,False,True,0,6,False,False,0,0,False,False
3540,188178.8,24.489765778860406,13,11.943714798889003,4.197330315226042,2,False,True,0,6,False,False,0,0,False,False
3541,188179.0,25.129101700066645,14,11.867524549869692,4.280064674675272,2,False,True,0,6,False,False,0,0,False,False
3542,188179.2,25.780377421354427,15,12.399639807425714,4.359347875382928,2,False,True,0,6,False,False,0,0,False,False
3543,188179.4,26.46104937826758,16,12.795703220860977,4.438280467244865,2,False,True,0,6,False,False,0,0,False,False
3544,188179.6,27.162618114287625,16,13.363224679876163,4.489590456826792,2,False,True,0,6,False,False,0,0,False,False
3545,188179.8,27.885951913888302,17,13.90983537254314,4.57008937635682,2,False,True,0,6,False,False,0,0,False,False
3546,188180.0,28.62664048735298,18,14.560983959420449,4.725538153193717,2,False,True,0,6,False,False,0,0,False,False
3547,188180.2,29.396462945355,19,15.399682310681031,4.856409723699761,2,False,True,0,6,False,False,0,0,False,False
3548,188180.4,26.183696400498146,19,17.54869383946061,5.730100287746264,3,True,True,0,6,False,False,0,0,False,False
3549,188180.6,24.851932338123937,18,14.903050858527422,5.295355892926775,3,True,True,0,6,False,False,0,0,False,False
3550,188180.8,26.43087167353084,17,16.124845135957003,5.494727266630085,5,True,True,0,6,False,False,0,0,False,False
3551,188181.0,25.78247764471829,15,inf,inf,3,True,False,0,6,False,False,0,0,False,False
3552,188181.2,27.14942016220251,14,16.46385045349598,5.542400021050159,4,True,True,0,6,False,False,0,0,False,False
3553,188181.4,26.863601925456127,12,inf,inf,3,True,False,0,6,False,False,0,0,False,False
3554,188181.6,28.14888700167261,11,16.42729352042079,5.5376908710959825,4,True,True,0,6,False,False,0,0,False,False
3555,188181.8,27.443716082549418,10,13.740777358412743,5.110889595577138,3,True,True,0,6,False,False,0,0,False,False
3556,188182.0,28.801909922572083,8,inf,inf,4,True,False,0,6,False,False,0,0,False,False
3557,188182.2,30.07157585616222,6,inf,inf,2,False,False,0,6,False,False,0,0,False,False
3558,188182.4,31.36339378355177,5,inf,inf,2,False,False,0,6,False,False,0,0,False,False
3559,188182.6,32.71718803038233,4,inf,inf,2,False,False,0,6,False,False,0,0,False,False
3560,188182.8,34.147956607119184,3,inf,inf,2,False,False,0,6,False,False,0,0,False,False
3561,188183.0,35.6467421520166,3,inf,inf,2,False,False,0,6,False,False,0,0,False,False
3562,188183.2,37.22807258816613,2,inf,inf,2,False,False,0,6,False,False,0,0,False,False
3563,188183.4,38.87798624161762,2,inf,inf,2,False,False,0,6,False,False,0,0,False,False
3564,188183.6,40.610663160420366,1,inf,inf,2,False,False,0,6,False,False,0,0,False,False
3565,188183.8,42.42648176294645,0,inf,inf,2,True,False,0,6,False,False,0,0,False,False
3566,188184.0,44.304660429846535,0,inf,inf,2,True,False,0,6,False,False,0,0,False,False
3567,188184.2,46.23736713439724,0,inf,inf,2,True,False,0,6,False,False,0,0,False,False
3568,188184.4,48.22131526257189,0,inf,inf,2,True,False,0,6,False,False,0,0,False,False
3569,188184.6,50.25482129658295,0,inf,inf,2,True,False,0,6,False,False,0,0,False,False
3570,188184.8,52.33718688540929,0,inf,inf,2,True,False,0,6,False,False,0,0,False,False
3571,188185.0,54.467184799320705,0,inf,inf,2,True,False,0,6,False,False,0,0,False,False
3572,188185.2,56.64476012803717,0,inf,inf,2,True,False,0,6,False,False,0,0,False,False
3573,188185.4,58.86879518004379,0,inf,inf,2,True,False,0,6,False,False,0,0,False,False
3574,188185.6,61.138736742313995,0,inf,inf,2,True,False,0,6,False,False,0,0,False,False
3575,188185.8,63.45445146237867,0,inf,inf,2,True,False,0,6,False,False,0,0,False,False
3576,188186.0,65.81519313864753,0,inf,inf,2,True,False,0,6,False,False,0,0,False,False
3577,188186.2,68.22077960938516,0,inf,inf,2,True,False,0,6,False,False,0,0,False,False
3578,188186.4,70.67123081882572,0,inf,inf,2,True,False,0,6,False,False,0,0,False,False
3579,188186.6,73.16582691606395,0,inf,inf,2,True,False,0,6,False,False,0,0,False,False
3580,188186.8,75.70395443997762,0,inf,inf,2,True,False,0,6,False,False,0,0,False,False
3581,188187.0,78.28557229035911,0,inf,inf,2,True,False,0,6,False,False,0,0,False,False
3582,188187.2,80.9106800833028,0,inf,inf,2,True,False,0,6,False,False,0,0,False,False
3583,188187.4,83.57901863654989,0,inf,inf,2,True,False,0,6,False,False,0,0,False,False
3584,188187.6,86.28979488489335,0,inf,inf,2,True,False,0,6,False,False,0,0,False,False
3585,188187.8,89.04339195271824,0,inf,inf,2,True,False,0,6,False,False,0,0,False,False
3586,188188.0,91.83990358462835,0,inf,inf,2,True,False,0,6,False,False,0,0,False,False
3587,188188.2,94.678453925649,0,inf,inf,2,True,False,0,6,False,False,0,0,False,False
3588,188188.4,97.55946837591691,0,inf,inf,2,True,False,0,6,False,False,0,0,False,False
3589,188188.6,100.48274206499147,0,inf,inf,2,True,False,0,6,False,False,0,0,False,False
3590,188188.8,103.44806809553965,0,inf,inf,2,True,False,0,6,False,False,0,0,False,False
3591,188189.0,106.45522037947603,0,inf,inf,2,True,False,0,6,False,False,0,0,False,False
3592,188189.2,109.50421236222668,0,inf,inf,2,True,False,0,6,False,False,0,0,False,False
3593,188189.4,112.5950221518699,0,inf,inf,2,True,False,0,6,False,False,0,0,False,False
3594,188189.6,115.72748851192557,0,inf,inf,2,True,False,0,6,False,False,0,0,False,False
3595,188189.8,118.90152215616901,0,inf,inf,2,True,False,0,6,False,False,0,0,False,False
3596,188190.0,122.11686605573296,0,inf,inf,2,True,False,0,6,False,False,0,0,False,False
3597,188190.2,125.37439765723795,0,inf,inf,2,True,False,0,6,False,False,0,0,False,False
3598,188190.4,128.67322067673015,0,inf,inf,2,True,False,0,6,False,False,0,0,False,False
3599,188190.6,132.01333150064735,0,inf,inf,2,True,False,0,6,False,False,0,0,False,False
3600,188190.8,135.39482476898283,0,inf,inf,2,True,False,0,6,False,False,0,0,False,False
3601,188191.0,138.81753254756202,0,inf,inf,2,True,False,0,6,False,False,0,0,False,False
3602,188191.2,142.2813866732121,0,inf,inf,2,True,False,0,6,False,False,0,0,False,False
3603,188191.4,145.786855262037,0,inf,inf,2,True,False,0,6,False,False,0,0,False,False
3604,188191.6,149.3334325170655,0,inf,inf,2,True,False,0,6,False,False,0,0,False,False
3605,188191.8,152.92086955976902,0,inf,inf,2,True,False,0,6,False,False,0,0,False,False
3606,188192.0,156.54921503544605,0,inf,inf,2,True,False,0,6,False,False,0,0,False,False
3607,188192.2,160.2190503178214,0,inf,inf,2,True,False,0,6,False,False,0,0,False,False
3608,188192.4,163.9297979731093,0,inf,inf,2,True,False,0,6,False,False,0,0,False,False
3609,188192.6,176.62298745602124,0,inf,inf,3,True,False,0,6,False,False,0,0,False,False
3610,188192.8,182.93845216406945,0,inf,inf,3,True,False,0,6,False,False,0,0,False,False
3611,188193.0,187.55516309687022,0,inf,inf,3,True,False,0,6,False,False,0,0,False,False
3612,188193.2,191.23845464604818,0,inf,inf,3,True,False,0,6,False,False,0,0,False,False
3613,188193.4,194.6484390551001,0,inf,inf,3,True,False,0,6,False,False,0,0,False,False
3614,188193.6,197.58485132657327,0,inf,inf,2,True,False,0,6,False,False,0,0,False,False
3615,188193.8,200.28492989596802,0,inf,inf,2,True,False,0,6,False,False,0,0,False,False
3616,188194.0,202.87184811885436,0,inf,inf,2,True,False,0,6,False,False,0,0,False,False
3617,188194.2,205.41905849506483,0,inf,inf,2,True,False,0,6,False,False,0,0,False,False
3618,188194.4,207.98634337898946,0,inf,inf,2,True,False,0,6,False,False,0,0,False,False
3619,188194.6,215.4763486388119,0,inf,inf,3,True,False,0,6,False,False,0,0,False,False
3620,188194.8,219.72807824009425,0,inf,inf,3,True,False,0,6,False,False,0,0,False,False
3621,188195.0,222.9967653833446,0,inf,inf,3,True,False,0,6,False,False,0,0,False,False
3622,188195.2,225.87757207657816,0,inf,inf,3,True,False,0,6,False,False,0,0,False,False
3623,188195.4,228.60777230818476,0,inf,inf,2,True,False,0,6,False,False,0,0,False,False
3624,188195.6,231.29472041478826,0,inf,inf,2,True,False,0,6,False,False,0,0,False,False
3625,188195.8,233.986903806082,0,inf,inf,2,True,False,0,6,False,False,0,0,False,False
3626,188196.0,236.7052430266445,0,inf,inf,2,True,False,0,6,False,False,0,0,False,False
3627,188196.2,239.45786873992515,0,inf,inf,2,True,False,0,6,False,False,0,0,False,False
3628,188196.4,242.24970892725165,0,inf,inf,2,True,False,0,6,False,False,0,0,False,False
3629,188196.6,245.08171662701713,0,inf,inf,2,True,False,0,6,False,False,0,0,False,False
3630,188196.8,247.95351156847403,0,inf,inf,2,True,False,0,6,False,False,0,0,False,False
3631,188197.0,250.86614595208488,0,inf,inf,2,True,False,0,6,False,False,0,0,False,False
3632,188197.2,253.8192537214896,0,inf,inf,2,True,False,0,6,False,False,0,0,False,False
3633,188197.4,256.81265084596254,0,inf,inf,2,True,False,0,6,False,False,0,0,False,False
3634,188197.6,259.8469542158973,0,inf,inf,2,True,False,0,6,False,False,0,0,False,False
3635,188197.8,262.9215833472325,0,inf,inf,2,True,False,0,6,False,False,0,0,False,False
3636,188198.0,266.0368004149062,0,inf,inf,2,True,False,0,6,False,False,0,0,False,False
3637,188198.2,269.192520534019,0,inf,inf,2,True,False,0,6,False,False,0,0,False,False
3638,188198.4,272.38890951526355,0,inf,inf,2,True,False,0,6,False,False,0,0,False,False
3639,188198.6,275.6256452601702,0,inf,inf,2,True,False,0,6,False,False,0,0,False,False
3640,188198.8,278.9032966624638,0,inf,inf,2,True,False,0,6,False,False,0,0,False,False
3641,188199.0,282.22169159827337,0,inf,inf,2,True,False,0,6,False,False,0,0,False,False
3642,188199.2,285.58030893705535,0,inf,inf,2,True,False,0,6,False,False,0,0,False,False
3643,188199.4,288.9798583002429,0,inf,inf,2,True,False,0,6,False,False,0,0,False,False
3644,188199.6,292.4198928639686,0,inf,inf,2,True,False,0,6,False,False,0,0,False,False
3645,188199.8,295.90089634634865,0,inf,inf,2,True,False,0,6,False,False,0,0,False,False
3646,188200.0,299.4223449871224,0,inf,inf,2,True,False,0,6,False,False,0,0,False,False
3647,188200.2,302.98448725553374,0,inf,inf,2,True,False,0,6,False,False,0,0,False,False
3648,188200.4,306.58747218340886,0,inf,inf,2,True,False,0,6,False,False,0,0,False,False
3649,188200.6,311.6138376274588,0,inf,inf,3,True,False,0,6,False,False,0,0,False,False
3650,188200.8,323.5384318828104,0,inf,inf,3,True,False,0,6,False,False,0,0,False,False
3651,188201.0,329.6663491760428,0,inf,inf,3,True,False,0,6,False,False,0,0,False,False
3652,188201.2,334.13013753222344,0,inf,inf,3,True,False,0,6,False,False,0,0,False,False
3653,188201.4,337.83816511063367,0,inf,inf,3,True,False,0,6,False,False,0,0,False,False
3654,188201.6,341.18722155312395,0,inf,inf,2,True,False,0,6,False,False,0,0,False,False
3655,188201.8,344.38113692958206,0,inf,inf,2,True,False,0,6,False,False,0,0,False,False
3656,188202.0,347.522988902285,0,inf,inf,2,True,False,0,6,False,False,0,0,False,False
3657,188202.2,350.6633039097767,0,inf,inf,2,True,False,0,6,False,False,0,0,False,False
3658,188202.4,353.8279215757948,0,inf,inf,2,True,False,0,6,False,False,0,0,False,False
3659,188202.6,357.0284158162,0,inf,inf,2,True,False,0,6,False,False,0,0,False,False
3660,188202.8,360.26839498933225,0,inf,inf,2,True,False,0,6,False,False,0,0,False,False
3661,188203.0,363.5489493930481,0,inf,inf,2,True,False,0,6,False,False,0,0,False,False
3662,188203.2,366.8699707852027,0,inf,inf,2,True,False,0,6,False,False,0,0,False,False
3663,188203.4,370.2314166848273,0,inf,inf,2,True,False,0,6,False,False,0,0,False,False
3664,188203.6,373.634020936887,0,inf,inf,2,True,False,0,6,False,False,0,0,False,False
3665,188203.8,377.07720217254325,0,inf,inf,2,True,False,0,6,False,False,0,0,False,False
3666,188204.0,380.5614609613119,0,inf,inf,2,True,False,0,6,False,False,0,0,False,False
3667,188204.2,384.0861321476419,0,inf,inf,2,True,False,0,6,False,False,0,0,False,False
3668,188204.4,387.6517818711458,0,inf,inf,2,True,False,0,6,False,False,0,0,False,False
3669,188204.6,391.25823111069184,0,inf,inf,2,True,False,0,6,False,False,0,0,False,False
3670,188204.8,394.9051247618409,0,inf,inf,2,True,False,0,6,False,False,0,0,False,False
3671,188205.0,398.59298382418325,0,inf,inf,2,True,False,0,6,False,False,0,0,False,False
3672,188205.2,402.3214739170503,0,inf,inf,2,True,False,0,6,False,False,0,0,False,False
3673,188205.4,406.0911169607315,0,inf,inf,2,True,False,0,6,False,False,0,0,False,False
3674,188205.6,409.9013847152384,0,inf,inf,2,True,False,0,6,False,False,0,0,False,False
3675,188205.8,413.75237155818735,0,inf,inf,2,True,False,0,6,False,False,0,0,False,False
3676,188206.0,417.6442896471193,0,inf,inf,2,True,False,0,6,False,False,0,0,False,False
3677,188206.2,421.5771208276931,0,inf,inf,2,True,False,0,6,False,False,0,0,False,False
3678,188206.4,425.55055168617645,0,inf,inf,2,True,False,0,6,False,False,0,0,False,False
3679,188206.6,429.56478202986654,0,inf,inf,2,True,False,0,6,False,False,0,0,False,False
3680,188206.8,433.6200847191883,0,inf,inf,2,True,False,0,6,False,False,0,0,False,False
3681,188207.0,437.71584527030984,0,inf,inf,2,True,False,0,6,False,False,0,0,False,False
3682,188207.2,441.85238486594585,0,inf,inf,2,True,False,0,6,False,False,0,0,False,False
3683,188207.4,446.0298998419388,0,inf,inf,2,True,False,0,6,False,False,0,0,False,False
3684,188207.6,450.2479609395812,0,inf,inf,2,True,False,0,6,False,False,0,0,False,False
3685,188207.8,454.5072649974501,0,inf,inf,2,True,False,0,6,False,False,0,0,False,False
3686,188208.0,458.8069945437805,0,inf,inf,2,True,False,0,6,False,False,0,0,False,False
3687,188208.2,463.14772322026306,0,inf,inf,2,True,False,0,6,False,False,0,0,False,False
3688,188208.4,467.529426394019,0,inf,inf,2,True,False,0,6,False,False,0,0,False,False
3689,188208.6,471.951800796242,0,inf,inf,2,True,False,0,6,False,False,0,0,False,False
3690,188208.8,476.415356018948,0,inf,inf,2,True,False,0,6,False,False,0,0,False,False
3691,188209.0,480.91970616222255,0,inf,inf,2,True,False,0,6,False,False,0,0,False,False
3692,188209.2,485.4645896667498,0,inf,inf,2,True,False,0,6,False,False,0,0,False,False
3693,188209.4,490.05100397623437,0,inf,inf,2,True,False,0,6,False,False,0,0,False,False
3694,188209.6,494.6782220759553,0,inf,inf,2,True,False,0,6,False,False,0,0,False,False
3695,188209.8,499.34619857803517,0,inf,inf,2,True,False,0,6,False,False,0,0,False,False
3696,188210.0,504.0552819555866,0,inf,inf,2,True,False,0,6,False,False,0,0,False,False
3697,188210.2,508.80554709835934,0,inf,inf,2,True,False,0,6,False,False,0,0,False,False
3698,188210.4,513.5965927042355,0,inf,inf,2,True,False,0,6,False,False,0,0,False,False
3699,188210.6,518.4286705695015,0,inf,inf,2,True,False,0,6,False,False,0,0,False,False
3700,188210.8,523.3020715100633,0,inf,inf,2,True,False,0,6,False,False,0,0,False,False
3701,188211.0,528.2164079355844,0,inf,inf,2,True,False,0,6,False,False,0,0,False,False
3702,188211.2,533.1717616267455,0,inf,inf,2,True,False,0,6,False,False,0,0,False,False
3703,188211.4,538.1684157927056,0,inf,inf,2,True,False,0,6,False,False,0,0,False,False
3704,188211.6,543.206220741486,0,inf,inf,2,True,False,0,6,False,False,0,0,False,False
3705,188211.8,548.2849801627887,0,inf,inf,2,True,False,0,6,False,False,0,0,False,False
3706,188212.0,553.4050199232184,0,inf,inf,2,True,False,0,6,False,False,0,0,False,False
3707,188212.2,558.5658986342597,0,inf,inf,2,True,False,0,6,False,False,0,0,False,False
3708,188212.4,563.7679674182923,0,inf,inf,2,True,False,0,6,False,False,0,0,False,False
3709,188212.6,569.0113913077178,0,inf,inf,2,True,False,0,6,False,False,0,0,False,False
3710,188212.8,574.2956851958414,0,inf,inf,2,True,False,0,6,False,False,0,0,False,False
3711,188213.0,579.6212878787622,0,inf,inf,2,True,False,0,6,False,False,0,0,False,False
3712,188213.2,584.9880108894557,0,inf,inf,2,True,False,0,6,False,False,0,0,False,False
3713,188213.4,590.395656535086,0,inf,inf,2,True,False,0,6,False,False,0,0,False,False
3714,188213.6,595.8446732303253,0,inf,inf,2,True,False,0,6,False,False,0,0,False,False
3715,188213.8,601.3344380580503,0,inf,inf,2,True,False,0,6,False,False,0,0,False,False
3716,188214.0,606.8657075008628,0,inf,inf,2,True,False,0,6,False,False,0,0,False,False
3717,188214.2,612.4378247039358,0,inf,inf,2,True,False,0,6,False,False,0,0,False,False
3718,188214.4,618.0511407974741,0,inf,inf,2,True,False,0,6,False,False,0,0,False,False
3719,188214.6,623.7055863456803,0,inf,inf,2,True,False,0,6,False,False,0,0,False,False
3720,188214.8,629.400993250818,0,inf,inf,2,True,False,0,6,False,False,0,0,False,False
3721,188215.0,635.1379651952767,0,inf,inf,2,True,False,0,6,False,False,0,0,False,False
3722,188215.2,640.9159116367766,0,inf,inf,2,True,False,0,6,False,False,0,0,False,False
3723,188215.4,646.7352777975346,0,inf,inf,2,True,False,0,6,False,False,0,0,False,False
3724,188215.6,652.5956659005456,0,inf,inf,2,True,False,0,6,False,False,0,0,False,False
3725,188215.8,658.4973877778792,0,inf,inf,2,True,False,0,6,False,False,0,0,False,False
3726,188216.0,664.3321163606033,1,281.7918340526521,21.936128200774796,2,False,True,0,6,False,False,0,0,False,False
3727,188216.2,654.3186219005536,1,inf,inf,3,True,False,0,6,False,False,0,0,False,False
3728,188216.4,662.9659647884292,1,inf,inf,4,True,False,0,6,False,False,0,0,False,False
3729,188216.6,669.5290884607269,1,inf,inf,3,True,False,0,6,False,False,0,0,False,False
3730,188216.8,675.4573859802081,1,inf,inf,3,True,False,0,6,False,False,0,0,False,False
3731,188217.0,681.2026259664533,1,inf,inf,2,True,False,0,6,False,False,0,0,False,False
3732,188217.2,686.9168501979665,1,inf,inf,2,False,False,0,6,False,False,0,0,False,False
3733,188217.4,692.6504285879878,1,inf,inf,2,False,False,0,6,False,False,0,0,False,False
3734,188217.6,698.4207853727665,1,inf,inf,2,False,False,0,6,False,False,0,0,False,False
3735,188217.8,704.2343603210052,1,inf,inf,2,False,False,0,6,False,False,0,0,False,False
3736,188218.0,710.11228657673,0,inf,inf,2,True,False,0,6,False,False,0,0,False,False
3737,188218.2,716.0395918502873,0,inf,inf,2,True,False,0,6,False,False,0,0,False,False
3738,188218.4,722.0105298852392,0,inf,inf,2,True,False,0,6,False,False,0,0,False,False
3739,188218.6,728.0234687118908,0,inf,inf,2,True,False,0,6,False,False,0,0,False,False
3740,188218.8,734.0780817604596,0,inf,inf,2,True,False,0,6,False,False,0,0,False,False
3741,188219.0,740.1742697729887,0,inf,inf,2,True,False,0,6,False,False,0,0,False,False
3742,188219.2,746.3116752436265,0,inf,inf,2,True,False,0,6,False,False,0,0,False,False
3743,188219.4,752.4903999118934,0,inf,inf,2,True,False,0,6,False,False,0,0,False,False
3744,188219.6,758.7106906569504,0,inf,inf,2,True,False,0,6,False,False,0,0,False,False
3745,188219.8,764.9722024057153,0,inf,inf,2,True,False,0,6,False,False,0,0,False,False
3746,188220.0,771.2750589031381,0,inf,inf,2,True,False,0,6,False,False,0,0,False,False
3747,188220.2,777.6194344770892,0,inf,inf,2,True,False,0,6,False,False,0,0,False,False
3748,188220.4,784.0049061126315,0,inf,inf,2,True,False,0,6,False,False,0,0,False,False
3749,188220.6,790.4318192136096,0,inf,inf,2,True,False,0,6,False,False,0,0,False,False
3750,188220.8,796.9002819855924,0,inf,inf,2,True,False,0,6,False,False,0,0,False,False
3751,188221.0,803.4100926168114,0,inf,inf,2,True,False,0,6,False,False,0,0,False,False
3752,188221.2,809.9612672064094,0,inf,inf,2,True,False,0,6,False,False,0,0,False,False
3753,188221.4,816.5537235868582,0,inf,inf,2,True,False,0,6,False,False,0,0,False,False
3754,188221.6,823.1878270112229,0,inf,inf,2,True,False,0,6,False,False,0,0,False,False
3755,188221.8,829.8632681246389,0,inf,inf,2,True,False,0,6,False,False,0,0,False,False
3756,188222.0,836.5802164565658,0,inf,inf,2,True,False,0,6,False,False,0,0,False,False
3757,188222.2,843.3387363596484,0,inf,inf,2,True,False,0,6,False,False,0,0,False,False
3758,188222.4,850.1384115620837,0,inf,inf,2,True,False,0,6,False,False,0,0,False,False
3759,188222.6,856.9797704316368,0,inf,inf,2,True,False,0,6,False,False,0,0,False,False
3760,188222.8,863.8626513098553,0,inf,inf,2,True,False,0,6,False,False,0,0,False,False
3761,188223.0,870.7866258773046,0,inf,inf,2,True,False,0,6,False,False,0,0,False,False
3762,188223.2,877.7525205035331,0,inf,inf,2,True,False,0,6,False,False,0,0,False,False
3763,188223.4,884.759690189853,0,inf,inf,2,True,False,0,6,False,False,0,0,False,False
3764,188223.6,896.9209670980258,0,inf,inf,3,True,False,0,6,False,False,0,0,False,False
3765,188223.8,905.4469120880269,0,inf,inf,3,True,False,0,6,False,False,0,0,False,False
3766,188224.0,912.9111293189369,0,inf,inf,3,True,False,0,6,False,False,0,0,False,False
3767,188224.2,920.0359154135595,0,inf,inf,3,True,False,0,6,False,False,0,0,False,False
3768,188224.4,927.0632972207717,0,inf,inf,2,True,False,0,6,False,False,0,0,False,False
3769,188224.6,934.0821633032865,0,inf,inf,2,True,False,0,6,False,False,0,0,False,False
3770,188224.8,941.1236221064743,0,inf,inf,2,True,False,0,6,False,False,0,0,False,False
3771,188225.0,948.1998168149701,0,inf,inf,2,True,False,0,6,False,False,0,0,False,False
3772,188225.2,955.3156951720619,0,inf,inf,2,True,False,0,6,False,False,0,0,False,False
3773,188225.4,962.4717396449856,0,inf,inf,2,True,False,0,6,False,False,0,0,False,False
3774,188225.6,969.6691052314869,0,inf,inf,2,True,False,0,6,False,False,0,0,False,False
3775,188225.8,976.9083311714912,0,inf,inf,2,True,False,0,6,False,False,0,0,False,False
3776,188226.0,984.1891143204203,0,inf,inf,2,True,False,0,6,False,False,0,0,False,False
3777,188226.2,991.5117546855317,0,inf,inf,2,True,False,0,6,False,False,0,0,False,False
3778,188226.4,998.8756979665374,0,inf,inf,2,True,False,0,6,False,False,0,0,False,False
3779,188226.6,1006.2815020256176,0,inf,inf,2,True,False,0,6,False,False,0,0,False,False
3780,188226.8,1013.7292657934332,0,inf,inf,2,True,False,0,6,False,False,0,0,False,False
3781,188227.0,1021.2182172349699,0,inf,inf,2,True,False,0,6,False,False,0,0,False,False
3782,188227.2,1028.7489234044622,0,inf,inf,2,True,False,0,6,False,False,0,0,False,False
3783,188227.4,1036.233502196519,1,417.6863555088639,24.133733165128515,2,False,True,0,6,False,False,0,0,False,False
3784,188227.6,995.3571780100098,2,388.2642914801836,23.32347016361024,3,True,True,0,6,False,False,0,0,False,False
3785,188227.8,950.9337382094436,3,355.22397657111287,22.40151728972987,3,True,True,0,6,False,False,0,0,False,False
3786,188228.0,921.6260639044693,3,inf,inf,3,True,False,0,6,False,False,0,0,False,False
3787,188228.2,937.3879809982693,3,inf,inf,4,True,False,0,6,False,False,0,0,False,False
3788,188228.4,944.5603457502032,3,inf,inf,3,True,False,0,6,False,False,0,0,False,False
3789,188228.6,948.9814807925139,3,inf,inf,3,True,False,0,6,False,False,0,0,False,False
3790,188228.8,952.5043758445782,3,inf,inf,3,True,False,0,6,False,False,0,0,False,False
3791,188229.0,955.751604615727,3,inf,inf,2,False,False,0,6,False,False,0,0,False,False
3792,188229.2,958.9436492166319,3,inf,inf,2,False,False,0,6,False,False,0,0,False,False
3793,188229.4,962.1653949718552,2,inf,inf,2,False,False,0,6,False,False,0,0,False,False
3794,188229.6,965.4437003034413,1,inf,inf,2,False,False,0,6,False,False,0,0,False,False
3795,188229.8,968.7825538775396,0,inf,inf,2,True,False,0,6,False,False,0,0,False,False
3796,188230.0,972.1721907695851,0,inf,inf,2,True,False,0,6,False,False,0,0,False,False
3797,188230.2,975.6184398659528,0,inf,inf,2,True,False,0,6,False,False,0,0,False,False
3798,188230.4,979.1173495456865,0,inf,inf,2,True,False,0,6,False,False,0,0,False,False
3799,188230.6,982.6643257176008,0,inf,inf,2,True,False,0,6,False,False,0,0,False,False
3800,188230.8,986.256787012187,0,inf,inf,2,True,False,0,6,False,False,0,0,False,False
3801,188231.0,989.8968675257925,0,inf,inf,2,True,False,0,6,False,False,0,0,False,False
3802,188231.2,993.5832693589625,0,inf,inf,2,True,False,0,6,False,False,0,0,False,False
3803,188231.4,997.2286365256738,1,370.4796608388424,22.056221970099227,2,False,True,0,6,False,False,0,0,False,False
3804,188231.6,928.294531798053,3,488.1258109888977,29.372020432470503,3,True,True,0,6,False,False,0,0,False,False
3805,188231.8,815.0469956938044,6,393.15038277554123,24.99958986722198,3,True,True,0,6,False,False,0,0,False,False
3806,188232.0,711.6314396866482,8,355.98059652552257,24.858453345084353,3,True,True,0,6,False,False,0,0,False,False
3807,188232.2,617.1146965139532,10,297.53680761530256,23.09351576571589,3,True,True,0,6,False,False,0,0,False,False
3808,188232.4,533.0004707845047,12,243.5913343858928,21.172062149824868,3,True,True,0,6,False,False,0,0,False,False
3809,188232.6,456.05265429166616,13,128.79067650809884,13.502986906798386,3,True,True,0,6,False,False,0,0,False,False
3810,188232.8,404.1593941229616,14,98.41292156279087,11.727857570370038,3,True,True,0,6,False,False,0,0,False,False
3811,188233.0,366.2807674458442,15,74.87528772652149,10.15223769216161,3,True,True,0,6,False,False,0,0,False,False
3812,188233.2,339.04624143835673,16,54.9825324639678,8.610846100183664,3,True,True,0,6,False,False,0,0,False,False
3813,188233.4,319.85410377071395,16,39.49298468232155,7.293135435794388,3,True,True,0,6,False,False,0,0,False,False
3814,188233.6,295.43972358678013,16,100.27096718225461,10.790995686595037,3,True,True,0,6,False,False,0,0,False,False
3815,188233.8,276.3577942859609,14,102.94086641818285,12.382783458332085,3,True,True,0,6,False,False,0,0,False,False
3816,188234.0,264.1342478468567,13,71.21593812480569,10.664910340654338,3,True,True,0,6,False,False,0,0,False,False
3817,188234.2,256.08684454074876,13,37.98299290752879,7.279399718073234,3,True,True,0,6,False,False,0,0,False,False
3818,188234.4,251.27016626760712,12,25.645714547485113,6.269018485957646,3,True,True,0,6,False,False,0,0,False,False
3819,188234.6,237.2899260112714,13,138.61198235409557,12.905621817477046,3,True,True,0,6,False,False,0,0,False,False
3820,188234.8,228.6992711635833,13,0.4248773790895939,0.4248773790895939,3,True,True,0,6,False,False,0,0,False,False
3821,188235.0,233.45166748105925,13,10.339462298899889,4.079285316500809,4,True,True,0,6,False,False,0,0,False,False
3822,188235.2,235.95409662754568,13,19.966534208506346,5.391810210342237,3,True,True,0,6,False,False,0,0,False,False
3823,188235.4,228.32073389752824,13,24.438158310949802,5.953152239217516,3,True,True,0,6,False,False,0,0,False,False
3824,188235.6,222.61546682743233,12,27.982255645096302,6.357907858936417,3,True,True,0,6,False,False,0,0,False,False
3825,188235.8,217.5632409938182,12,30.16478707268834,6.488938778788017,3,True,True,0,6,False,False,0,0,False,False
3826,188236.0,199.11181566773845,13,137.11919930222237,12.928731659093485,3,True,True,0,6,False,False,1,0,False,False
3827,188236.2,174.2297591182181,14,102.13238236166767,10.636457999242682,5,True,True,0,6,False,False,2,0,False,False
3828,188236.4,157.34818490201184,15,29.44899964015039,5.45306768137585,6,True,True,0,6,False,False,3,0,False,False
3829,188236.6,145.14897409885316,15,26.291464181859673,4.976008780844916,8,True,True,0,6,False,False,4,0,False,False
3830,188236.8,134.5830915405407,16,23.601232231600022,4.539560259118548,10,True,True,0,6,False,False,5,0,False,False
3831,188237.0,124.83443614752639,17,21.216820661157183,4.503043410474946,13,True,True,0,6,False,False,6,0,False,False
3832,188237.2,115.726765338685,18,19.12941035502106,4.4836832302333125,16,True,True,0,6,False,False,7,0,False,False
3833,188237.4,107.35669841173775,19,16.625811890458326,4.414517145333868,18,True,True,0,6,False,False,8,0,False,False
3834,188237.6,99.6818003302266,20,15.058195514491878,4.358468151416375,20,True,True,0,6,False,False,9,0,False,False
3835,188237.8,92.68274007688159,21,13.984103462569376,4.296746477559242,23,True,True,0,6,False,False,10,0,False,False
3836,188238.0,92.44268844065009,21,13.904413326179506,4.296633970817838,25,False,True,0,6,False,False,10,0,False,False
3837,188238.2,92.26964870534714,20,13.647948177536211,4.247446037687602,25,False,True,0,6,False,False,10,0,False,False
3838,188238.4,93.97741467297769,20,24.162102081168197,4.811101926003266,25,False,True,0,6,False,False,10,0,False,False
3839,188238.6,92.97569677524913,20,19.376858753659327,4.595728986304009,11,True,True,0,6,False,False,10,0,False,False
3840,188238.8,100.46441150511163,19,0.2680722698569298,0.2680722698569298,25,False,True,0,6,False,False,10,0,False,False
3841,188239.0,104.7259440229287,18,3.0456456281244755,2.2324408744192645,18,True,True,0,6,False,False,10,0,False,False
3842,188239.2,106.1081401624346,17,2.8943623416125774,2.1599396089803986,20,True,True,0,6,False,False,10,0,False,False
3843,188239.4,107.33669140928326,16,2.682084586471319,2.077146733078432,17,True,True,0,6,False,False,10,0,False,False
3844,188239.6,108.51741612176063,15,2.5660935565829277,1.852293585284379,17,True,True,0,6,False,False,10,0,False,False
3845,188239.8,109.72615926447907,14,2.47613837569952,1.8177829047554226,17,True,True,0,6,False,False,10,0,False,False
3846,188240.0,110.19323987927673,14,3.109828684888873,1.8827743388935616,25,False,True,0,6,False,False,10,0,False,False
3847,188240.2,110.79185637966982,14,3.2373361804398866,1.7676353855973688,17,True,True,0,6,False,False,10,0,False,False
3848,188240.4,112.09027835726162,14,2.987466513289359,1.7357725187127802,4,True,True,0,6,False,False,10,0,False,False
3849,188240.6,113.44061084647514,14,2.9894947362053745,1.7761823068061464,4,True,True,0,6,False,False,10,0,False,False
3850,188240.8,114.7530817008893,15,2.9827873643325136,1.7846440561014234,4,True,True,0,6,False,False,10,0,False,False
3851,188241.0,116.05518229463138,16,2.4006697308588576,1.6628080709177557,5,True,True,0,6,False,False,10,0,False,False
3852,188241.2,117.3206197487677,17,2.6682372504021985,1.7195434793176878,5,True,True,0,6,False,False,10,0,False,False
3853,188241.4,118.61279733511765,18,2.7461446583534492,1.670372823081924,2,True,True,0,6,False,False,10,0,False,False
3854,188241.6,119.91211451247743,19,3.104782151564047,1.7640735374938885,2,True,True,0,6,False,False,10,0,False,False
3855,188241.8,121.18427150440375,20,3.6943812015676167,1.8719169723935216,2,False,True,0,6,False,False,10,0,False,False
3856,188242.0,122.44888904533241,20,4.246953075879696,1.9682792980789396,2,False,True,0,6,False,False,10,0,False,False
3857,188242.2,123.71918251304395,20,4.946995202725316,2.0874080160714157,2,False,True,0,6,False,False,10,0,False,False
3858,188242.4,125.0285019992758,19,0.3972947262227535,0.3972947262227535,2,False,True,0,6,False,False,10,0,False,False
3859,188242.6,126.35741434338847,18,0.512947428971529,0.512947428971529,2,False,True,0,6,False,False,10,0,False,False
3860,188242.8,127.66842839589125,17,0.8677631206810474,0.8677631206810474,5,True,True,0,6,False,False,10,0,False,False
3861,188243.0,128.989748312052,16,1.1209780275821686,1.1209780275821686,5,True,True,0,6,False,False,10,0,False,False
3862,188243.2,130.32921367917302,15,1.1131834462285042,1.1131834462285042,5,True,True,0,6,False,False,10,0,False,False
3863,188243.4,131.67170469673385,14,0.9856928326189518,0.9856928326189518,5,True,True,0,6,False,False,10,0,False,False
3864,188243.6,133.0449698188167,13,0.7631922848522663,0.7631922848522663,5,True,True,0,6,False,False,10,0,False,False
3865,188243.8,134.41623763119517,12,0.7727351523935795,0.7727351523935795,5,True,True,0,6,False,False,10,0,False,False
3866,188244.0,135.78105417279838,11,0.9048023782670498,0.9048023782670498,4,True,True,0,6,False,False,10,0,False,False
3867,188244.2,137.10633030773695,10,0.9041137769818306,0.9041137769818306,4,True,True,0,6,False,False,10,0,False,False
3868,188244.4,138.44345668366805,10,0.9693144410848618,0.9693144410848618,4,True,True,0,6,False,False,10,0,False,False
3869,188244.6,139.7947321316259,10,1.0924665108323097,1.0924665108323097,4,True,True,0,6,False,False,10,0,False,False
3870,188244.8,141.14794092196598,10,1.1719770319759846,1.1719770319759846,4,True,True,0,6,False,False,10,0,False,False
3871,188245.0,142.49069974871972,10,1.1384721025824547,1.1384721025824547,4,True,True,0,6,False,False,10,0,False,False
3872,188245.2,143.85629386883966,10,0.9090025871992111,0.9090025871992111,4,True,True,0,6,False,False,10,0,False,False
3873,188245.4,145.20497095703706,10,1.035867728292942,1.035867728292942,4,True,True,0,6,False,False,10,0,False,False
3874,188245.6,146.56539672726663,10,1.1473740004003048,1.1473740004003048,4,True,True,0,6,False,False,10,0,False,False
3875,188245.8,147.91560648673098,11,11.359939056677087,3.4376892810346176,4,True,True,0,6,False,False,11,0,False,False
3876,188246.0,149.2520850999102,12,11.434507263148948,3.4416152295447,4,True,True,0,6,False,False,12,0,False,False
3877,188246.2,150.5981362899063,13,11.497391278029816,3.4483722359195776,5,True,True,0,6,False,False,13,0,False,False
3878,188246.4,151.97678006774234,14,11.576288237236206,3.5341789103790533,4,True,True,0,6,False,False,14,0,False,False
3879,188246.6,153.33019169291077,15,11.638726727177984,3.195974756216837,4,True,True,0,6,False,False,15,0,False,False
3880,188246.8,154.73252258752493,16,11.54017449747652,3.185364645331516,3,True,True,0,6,False,False,16,0,False,False
3881,188247.0,156.0986518400502,17,11.449942325966077,3.159364830683443,2,True,True,0,6,False,False,16,0,False,False
3882,188247.2,157.40569703689044,18,11.413372950096434,3.1864636527935177,2,True,True,0,6,False,False,16,0,False,False
3883,188247.4,158.6909890813111,19,11.450169836042829,3.2248105826252464,2,True,True,0,6,False,False,16,0,False,False
3884,188247.6,159.94147161614833,20,11.607505693978457,3.239533243797892,2,True,True,0,6,False,False,16,0,False,False
3885,188247.8,161.16011978034965,20,11.562333546632384,3.2084034767406804,2,True,True,0,6,False,False,15,0,False,False
3886,188248.0,162.3351161239116,20,11.614988786087277,3.2157148084084133,2,True,True,0,6,False,False,14,0,False,False
3887,188248.2,163.46122004389872,20,11.547785674217268,3.2292177664552817,2,True,True,0,6,False,False,13,0,False,False
3888,188248.4,164.5238170761951,21,49.780714003636916,7.256390829585614,2,True,True,0,6,False,False,13,0,False,False
3889,188248.6,165.32189412069812,21,9.285850527274093,3.4084021695680256,21,True,True,0,6,False,False,13,0,False,False
3890,188248.8,166.34321294183889,21,9.503422328365101,3.4053868437048744,4,False,True,0,6,False,False,12,0,False,False
3891,188249.0,167.39816462087393,21,9.552940490823712,3.1589440755229714,2,True,True,0,6,False,False,12,0,False,False
3892,188249.2,168.30772431754036,21,9.559325020746453,3.1612425747843957,2,True,True,0,6,False,False,12,0,False,False
3893,188249.4,169.14083035379048,21,9.536601097228335,3.1511088751820915,2,True,True,0,6,False,False,12,0,False,False
3894,188249.6,169.87298853911383,21,9.512099163120714,3.1203699924742394,2,True,True,0,6,False,False,12,0,False,False
3895,188249.8,170.55016197780645,21,9.377523769848155,3.1018632331765392,2,False,True,0,6,False,False,12,0,False,False
3896,188250.0,171.15142696881927,21,9.381355920246698,3.086502590470953,2,False,True,0,6,False,False,12,0,False,False
3897,188250.2,171.71740153070937,22,16.5384428915827,4.434925733272125,2,True,True,0,6,False,False,12,0,False,False
3898,188250.4,172.64095901060432,22,14.272762893146973,4.216887191112454,14,True,True,0,6,False,False,11,0,False,False
3899,188250.6,166.02437939550515,23,14.60446493167752,4.264779661371354,4,True,True,0,0,True,False,10,0,False,False
