epoch,tow,pos_err_m,n_dd_factors,dd_pr_rms_raw_m,dd_pr_rms_huber_m,lm_iterations,lm_converged,gnss_solved,anchor_factors,marginal_prior_dims,recovery_fired,imu_fill,n_dd_carrier,n_cross_window_prior,ar_accepted,epoch_fixed
0,187470.0,0.058269408865500985,0,inf,inf,0,False,False,0,0,False,True,0,0,False,False
1,187470.2,0.42929278519482195,14,1.1956485686225105,1.07109338655556,3,False,True,0,0,False,False,12,0,False,False
2,187470.4,0.6854317121835689,20,0.5831283934087573,0.5831283934087573,4,False,True,0,0,False,False,18,0,False,False
3,187470.6,0.8336517577553428,27,0.4474816051834004,0.4474816051834004,7,True,True,0,0,False,False,24,0,False,False
4,187470.8,0.1993646947929089,34,0.6122927012837397,0.6122927012837397,5,True,True,3,0,False,False,30,0,False,False
5,187471.0,0.10684004138307053,41,0.6426733805962351,0.6426733805962351,4,False,True,6,0,False,False,36,0,False,False
6,187471.2,0.09045811062996546,48,0.663584160126377,0.663584160126377,3,True,True,9,0,False,False,42,0,False,False
7,187471.4,0.08338926696273186,55,0.6828912886209857,0.6828912886209857,3,True,True,12,0,False,False,48,0,False,False
8,187471.6,0.07963650110644192,62,0.7303606595705552,0.7303606595705552,2,True,True,15,0,False,False,54,0,False,False
9,187471.8,0.07741604168234222,69,0.7743732056209358,0.7743732056209358,2,True,True,18,0,False,False,60,0,False,False
10,187472.0,0.0768947724230999,76,0.8476718577057675,0.8476718577057675,2,True,True,21,0,False,False,66,0,False,False
11,187472.2,0.07699236711785083,83,0.8729812129428669,0.8729812129428669,2,True,True,24,0,False,False,72,0,False,False
12,187472.4,0.07773832346586183,90,0.9794371327020159,0.9794371327020159,2,True,True,27,0,False,False,78,0,False,False
13,187472.6,0.07868060921372588,97,1.0491201646700552,1.0473871933230725,2,False,True,30,0,False,False,84,0,False,False
14,187472.8,0.07737010865861135,104,1.109658609224888,1.0639750519412001,2,True,True,33,0,False,False,90,0,False,False
15,187473.0,0.07739766626216253,111,1.0194484965530501,1.003315606812459,2,True,True,36,0,False,False,96,0,False,False
16,187473.2,0.07799824219327381,118,0.9798922557256343,0.9798922557256343,2,False,True,39,0,False,False,102,0,False,False
17,187473.4,0.07719686474032961,125,1.0063417503629943,1.0063417503629943,2,True,True,42,0,False,False,108,0,False,False
18,187473.6,0.07794393296853144,132,1.0503581084346292,1.0503581084346292,2,True,True,45,0,False,False,114,0,False,False
19,187473.8,0.07627367855979457,139,1.0414326087329113,1.0414326087329113,2,True,True,48,0,False,False,120,0,False,False
20,187474.0,0.07572909932051639,146,1.0818054056490096,1.0818054056490096,2,True,True,51,0,False,False,126,0,False,False
21,187474.2,0.0780697834087985,153,1.2008792070826033,1.1809965547190147,2,True,True,54,0,False,False,132,0,False,False
22,187474.4,0.07755841861030713,160,1.2581633009679258,1.2028616878218277,2,True,True,57,0,False,False,138,0,False,False
23,187474.6,0.0764599709022275,167,1.3083548664296885,1.2363565667669738,2,True,True,60,0,False,False,144,0,False,False
24,187474.8,0.07439046752286972,174,1.3471476432266818,1.2490789943926572,2,True,True,63,6,False,False,150,0,False,False
25,187475.0,0.07458719411827232,174,1.433725127439314,1.28751281026288,2,True,True,66,6,False,False,150,0,False,False
26,187475.2,0.0748736231829349,174,1.4713845168322228,1.3099327605375595,2,True,True,69,6,False,False,150,0,False,False
27,187475.4,0.07147215568596317,175,1.539847291089021,1.348744881642574,2,True,True,72,6,False,False,150,0,False,False
28,187475.6,0.07095670287910627,175,1.5994859729957926,1.3871296479766018,2,True,True,75,6,False,False,150,0,False,False
29,187475.8,0.07115267139352331,175,1.6605031637831644,1.4063007653881405,2,True,True,75,6,False,False,150,0,False,False
30,187476.0,0.0701582484291314,175,1.7257203721311452,1.4376803649220213,2,False,True,75,6,False,False,150,0,False,False
31,187476.2,0.07113220032054525,175,1.7190726953389142,1.4292877526086,2,True,True,75,6,False,False,150,0,False,False
32,187476.4,0.07425230774987719,175,1.537551089116689,1.3491464894522556,2,True,True,75,6,False,False,150,0,False,False
33,187476.6,0.07439455856605687,175,1.4576186236178794,1.3203235973551417,2,False,True,75,6,False,False,150,0,False,False
34,187476.8,0.07627571186414946,175,1.4539062414401367,1.3034475634981757,2,False,True,75,6,False,False,150,0,False,False
35,187477.0,0.07551978437303526,175,1.4013338465832053,1.2826324698659741,2,True,True,75,6,False,False,150,0,False,False
36,187477.2,0.07593465057205255,175,1.3277250521242994,1.242493236752148,2,True,True,75,6,False,False,150,0,False,False
37,187477.4,0.07422764538216275,175,1.258355223430537,1.2184319454319292,2,True,True,75,6,False,False,150,0,False,False
38,187477.6,0.07477515371615692,175,1.2402038427387265,1.2074201342403688,2,True,True,75,6,False,False,150,0,False,False
39,187477.8,0.07240390985869984,175,1.2400448815955878,1.190533001529079,2,True,True,75,6,False,False,150,0,False,False
40,187478.0,0.07280019004603153,175,1.277433470364309,1.2000132728066455,2,True,True,75,6,False,False,150,0,False,False
41,187478.2,0.07150044409294327,175,1.2957916984319642,1.2054825103146027,2,True,True,75,6,False,False,150,0,False,False
42,187478.4,0.07053446970186172,175,1.2852184912529314,1.224448856125642,2,True,True,75,6,False,False,150,0,False,False
43,187478.6,0.07231899090425833,175,1.2237108472119664,1.1914192425275307,2,True,True,75,6,False,False,150,0,False,False
44,187478.8,0.07274138938854223,175,1.203402498645268,1.1896257541205217,2,True,True,75,6,False,False,150,0,False,False
45,187479.0,0.07451776580626747,175,1.2358563068956383,1.1921452728713315,2,True,True,75,6,False,False,150,0,False,False
46,187479.2,0.07347281744176211,175,1.2951947246538478,1.2140981882504718,2,True,True,75,6,False,False,150,0,False,False
47,187479.4,0.07259489860205302,175,1.2034710075190929,1.1567367187489441,2,True,True,75,6,False,False,150,0,False,False
48,187479.6,0.0726159567385272,175,1.1582888885814355,1.1208106200953165,2,True,True,75,6,False,False,150,0,False,False
49,187479.8,0.07113667641222067,175,1.0537497856120541,1.0537497856120541,2,True,True,75,6,False,False,150,0,False,False
50,187480.0,0.07034394406841099,175,0.9856235958718627,0.9856235958718627,2,True,True,75,6,False,False,150,0,False,False
51,187480.2,0.06768954677141438,175,0.9807314245137271,0.9807314245137271,2,True,True,75,6,False,False,150,0,False,False
52,187480.4,0.06629561829039488,175,0.9437074081311406,0.9437074081311406,2,True,True,75,6,False,False,150,0,False,False
53,187480.6,0.06472433660398257,175,1.002212689162244,1.002212689162244,2,True,True,75,6,False,False,150,0,False,False
54,187480.8,0.06334714767974937,175,0.9364014382284566,0.9364014382284566,2,True,True,75,6,False,False,150,0,False,False
55,187481.0,0.06319323662513444,175,0.9080903269610001,0.9080903269610001,2,True,True,75,6,False,False,150,0,False,False
56,187481.2,0.06237498761773762,175,0.9124364419399469,0.9124364419399469,2,True,True,75,6,False,False,150,0,False,False
57,187481.4,0.06219955618494883,175,0.8955112375255804,0.8955112375255804,2,True,True,75,6,False,False,150,0,False,False
58,187481.6,0.06361103589844427,175,1.0699640174734517,1.0324644713831401,2,True,True,75,6,False,False,150,0,False,False
59,187481.8,0.06744973041822445,175,1.083178431111678,1.0266272781651524,2,True,True,75,6,False,False,150,0,False,False
60,187482.0,0.07444863096101142,175,1.1804858298041514,1.0611746730935059,2,True,True,75,6,False,False,150,0,False,False
61,187482.2,0.0730173415606737,175,1.2085159867494453,1.0602110835807008,2,True,True,75,6,False,False,150,0,False,False
62,187482.4,0.07816329545737072,175,1.1791838462222255,1.0469580722803755,2,True,True,75,6,False,False,150,0,False,False
63,187482.6,0.08444921273143484,175,1.1513923192024076,1.0283791553247328,2,True,True,75,6,False,False,150,0,False,False
64,187482.8,0.07978055885119274,175,1.1062900304650267,1.0139345726342979,2,True,True,75,6,False,False,150,0,False,False
65,187483.0,0.08811854383723955,175,1.084170484133547,0.9813336102185551,2,True,True,75,6,False,False,150,0,False,False
66,187483.2,0.08194707513609742,175,1.1300637671207314,1.0274245590901694,3,True,True,75,6,False,False,150,0,False,False
67,187483.4,0.09644397699653232,174,1.1473718038179173,0.9958775301194777,2,True,True,75,6,False,False,149,0,False,False
68,187483.6,0.10152358836664513,174,1.2583742707953576,1.143599341564029,2,True,True,75,6,False,False,148,0,False,False
69,187483.8,0.112768021448594,174,1.1076983580437885,1.0271752433584267,2,True,True,75,6,False,False,147,0,False,False
70,187484.0,0.1148025759478305,174,0.9156242485521763,0.905085678847022,2,True,True,75,6,False,False,146,0,False,False
71,187484.2,0.12420116592105661,174,0.8054541824965197,0.8054541824965197,2,True,True,75,6,False,False,145,0,False,False
72,187484.4,0.1275004725854557,174,0.6788655229102558,0.6788655229102558,3,True,True,75,6,False,False,145,0,False,False
73,187484.6,0.1349419300281088,174,0.6669161796261296,0.6669161796261296,3,True,True,75,6,False,False,145,0,False,False
74,187484.8,0.13906426283835663,174,0.5625716981528512,0.5625716981528512,3,True,True,75,6,False,False,145,0,False,False
75,187485.0,0.1332204058212268,174,0.5096638659527475,0.5096638659527475,3,True,True,75,6,False,False,144,0,False,False
76,187485.2,0.12106690298063309,174,0.4231628859406894,0.4231628859406894,3,True,True,75,6,False,False,144,0,False,False
77,187485.4,0.11680548989856036,174,0.36762828147436616,0.36762828147436616,3,True,True,75,6,False,False,143,0,False,False
78,187485.6,0.1015206941109973,174,0.3195187520178233,0.3195187520178233,3,True,True,75,6,False,False,143,0,False,False
79,187485.8,0.11228829482717309,174,0.2989105306045565,0.2989105306045565,3,True,True,75,6,False,False,143,0,False,False
80,187486.0,0.09335915013036732,174,0.2720338827500505,0.2720338827500505,3,True,True,75,6,False,False,143,0,False,False
81,187486.2,0.10124389020808593,174,0.2780633487163761,0.2780633487163761,3,True,True,75,6,False,False,143,0,False,False
82,187486.4,0.1043252159504065,174,0.2651870528792701,0.2651870528792701,3,True,True,75,6,False,False,143,0,False,False
83,187486.6,0.11233916033334171,174,0.3071089968085709,0.3071089968085709,3,True,True,75,6,False,False,143,0,False,False
84,187486.8,0.1155352166376142,174,0.298528193184731,0.298528193184731,3,True,True,75,6,False,False,143,0,False,False
85,187487.0,0.11365674420712199,174,0.30660490731902795,0.30660490731902795,3,True,True,75,6,False,False,143,0,False,False
86,187487.2,0.0816307164554894,174,0.30573442032836623,0.30573442032836623,3,True,True,75,6,False,False,143,0,False,False
87,187487.4,0.06025502201010649,174,0.3011221606594649,0.3011221606594649,3,True,True,75,6,False,False,143,0,False,False
88,187487.6,0.03217286702510122,174,0.32724647305538773,0.32724647305538773,3,True,True,75,6,False,False,143,0,False,False
89,187487.8,0.01039698858020116,174,0.31908725993821524,0.31908725993821524,3,True,True,75,6,False,False,143,0,False,False
90,187488.0,0.030373721341770896,174,0.3244259969118713,0.3244259969118713,3,True,True,75,6,False,False,143,0,False,False
91,187488.2,0.025094664109644,173,0.3648083052856094,0.3648083052856094,3,True,True,75,6,False,False,143,0,False,False
92,187488.4,0.02144989114680123,173,0.352065704170969,0.352065704170969,3,True,True,75,6,False,False,144,0,False,False
93,187488.6,0.03943472699946595,172,0.39079823364166555,0.39079823364166555,3,True,True,75,6,False,False,145,0,False,False
94,187488.8,0.023050972938747662,171,0.4253049349183238,0.4253049349183238,3,True,True,75,6,False,False,145,0,False,False
95,187489.0,0.019662640104005022,170,0.47601981458952286,0.47601981458952286,3,True,True,75,6,False,False,145,0,False,False
96,187489.2,0.017065992918299053,169,0.44844948878027036,0.44844948878027036,3,True,True,75,6,False,False,145,0,False,False
97,187489.4,0.006425824834348313,169,0.6688391928191046,0.6688391928191046,3,True,True,75,6,False,False,144,0,False,False
98,187489.6,0.008456098297851359,169,0.5972820276575476,0.5972820276575476,3,True,True,75,6,False,False,143,0,False,False
99,187489.8,0.01625537420781859,169,0.5604193605369138,0.5604193605369138,3,True,True,75,6,False,False,142,0,False,False
100,187490.0,0.021223417557862122,169,0.5101872461035484,0.5101872461035484,3,True,True,75,6,False,False,142,0,False,False
101,187490.2,0.025168783150310695,169,0.4445230746006213,0.4445230746006213,3,True,True,75,6,False,False,141,0,False,False
102,187490.4,0.02199475510278336,168,0.3990870488861945,0.3990870488861945,3,True,True,75,6,False,False,141,0,False,False
103,187490.6,0.03466510328511573,168,0.31301576203426223,0.31301576203426223,3,True,True,75,6,False,False,140,0,False,False
104,187490.8,0.03312962166187291,167,0.3135807731055115,0.3135807731055115,3,True,True,75,6,False,False,139,0,False,False
105,187491.0,0.037177785664760495,166,0.294058542382945,0.294058542382945,3,True,True,75,6,False,False,138,0,False,False
106,187491.2,0.038679665555309106,165,0.307995767394173,0.307995767394173,3,True,True,75,6,False,False,137,0,False,False
107,187491.4,0.03205808903438466,163,0.2763895076505857,0.2763895076505857,3,True,True,75,6,False,False,136,0,False,False
108,187491.6,0.03803291197911832,162,0.2889731442004304,0.2889731442004304,3,True,True,75,6,False,False,136,0,False,False
109,187491.8,0.04635323276201186,161,0.3170124489494971,0.3170124489494971,3,True,True,75,6,False,False,135,0,False,False
110,187492.0,0.05136487817069712,160,0.31186801448454465,0.31186801448454465,3,True,True,75,6,False,False,134,0,False,False
111,187492.2,0.05000324723318349,158,0.30485009298125965,0.30485009298125965,2,True,True,75,6,False,False,133,0,False,False
112,187492.4,0.05145950241292733,157,0.3275049128007226,0.3275049128007226,2,True,True,75,6,False,False,132,0,False,False
113,187492.6,0.061097382908061874,156,0.2920903793452509,0.2920903793452509,2,True,True,75,6,False,False,131,0,False,False
114,187492.8,0.06354376498802658,155,0.2765356554278913,0.2765356554278913,2,True,True,75,6,False,False,130,0,False,False
115,187493.0,0.06349238461443862,153,0.23403158708743393,0.23403158708743393,2,True,True,75,6,False,False,129,0,False,False
116,187493.2,0.06382791767112281,152,0.239125178537939,0.239125178537939,2,True,True,75,6,False,False,128,0,False,False
117,187493.4,0.06077549448990285,151,0.25241578785121943,0.25241578785121943,2,True,True,75,6,False,False,127,0,False,False
118,187493.6,0.05919310624906482,150,0.2475317062322869,0.2475317062322869,2,True,True,75,6,False,False,126,0,False,False
119,187493.8,0.06836147723397538,149,0.2765667108900533,0.2765667108900533,2,True,True,75,6,False,False,126,0,False,False
120,187494.0,0.06994834650270428,148,0.30627511759636145,0.30627511759636145,2,True,True,75,6,False,False,126,0,False,False
121,187494.2,0.06473957239223364,147,0.3042975322340186,0.3042975322340186,2,True,True,75,6,False,False,126,0,False,False
122,187494.4,0.06907928655799109,145,0.33238939129799316,0.33238939129799316,2,True,True,75,6,False,False,126,0,False,False
123,187494.6,0.07219093569056677,143,0.3583357505844748,0.3583357505844748,2,True,True,75,6,False,False,126,0,False,False
124,187494.8,0.07011626945742605,141,0.3977314931498216,0.3977314931498216,2,True,True,75,6,False,False,126,0,False,False
125,187495.0,0.06997408296022273,139,0.411105434457037,0.411105434457037,2,True,True,75,6,False,False,126,0,False,False
126,187495.2,0.07205916315542409,137,0.413569645244197,0.413569645244197,2,True,True,75,6,False,False,126,0,False,False
127,187495.4,0.051670644590610354,136,0.45512734172412594,0.45512734172412594,2,True,True,75,6,False,False,126,0,False,False
128,187495.6,0.054814086757893385,134,0.44229969597695185,0.44229969597695185,2,True,True,75,6,False,False,126,0,False,False
129,187495.8,0.0489497669686849,133,0.4246679146852381,0.4246679146852381,3,True,True,75,6,False,False,126,0,False,False
130,187496.0,0.03834508911361953,132,0.48361122961522734,0.48361122961522734,3,True,True,75,6,False,False,126,0,False,False
131,187496.2,0.03865635471491734,131,0.40155032139533264,0.40155032139533264,2,True,True,75,6,False,False,126,0,False,False
132,187496.4,0.03844860923412461,131,0.3825998671714708,0.3825998671714708,2,True,True,75,6,False,False,126,0,False,False
133,187496.6,0.03611559909361371,130,0.3085382763840716,0.3085382763840716,3,True,True,75,6,False,False,125,0,False,False
134,187496.8,0.03296478201379787,129,0.27406057992549726,0.27406057992549726,2,True,True,75,6,False,False,125,0,False,False
135,187497.0,0.044187181670095096,128,0.23886334814779658,0.23886334814779658,2,True,True,75,6,False,False,125,0,False,False
136,187497.2,0.04745471647879926,128,0.3715028243654247,0.3715028243654247,2,True,True,75,6,False,False,125,0,False,False
137,187497.4,0.05743621735213513,127,0.41229757462644234,0.41229757462644234,2,True,True,75,6,False,False,125,0,False,False
138,187497.6,0.045256203299348284,126,0.4403339452460118,0.4403339452460118,2,True,True,75,6,False,False,125,0,False,False
139,187497.8,0.04121338714163884,125,0.42066686850379864,0.42066686850379864,3,True,True,75,6,False,False,125,0,False,False
140,187498.0,0.037501449946148936,125,0.5416736370553947,0.5416736370553947,2,True,True,75,6,False,False,125,0,False,False
141,187498.2,0.026907804074130664,124,0.46159582266413096,0.46159582266413096,2,True,True,75,6,False,False,124,0,False,False
142,187498.4,0.030216318693336828,124,0.6169734246742788,0.6169734246742788,2,True,True,75,6,False,False,124,0,False,False
143,187498.6,0.01873105167653633,124,0.522540553872059,0.522540553872059,3,True,True,75,6,False,False,124,0,False,False
144,187498.8,0.013464635137377404,124,0.5691267084592896,0.5691267084592896,2,True,True,75,6,False,False,124,0,False,False
145,187499.0,0.027957099848337837,125,1.8192227033229538,1.4888527469557329,2,True,True,75,6,False,False,124,0,False,False
146,187499.2,0.041982194331287345,126,1.7473701220722326,1.4259154093752149,2,False,True,75,6,False,False,124,0,False,False
147,187499.4,0.054158097784430766,127,1.745151133048452,1.4187161680425484,2,True,True,75,6,False,False,124,0,False,False
148,187499.6,0.05775218155892008,127,0.5772237900370019,0.5772237900370019,2,True,True,75,6,False,False,124,0,False,False
149,187499.8,0.04353654704018236,127,0.7328687649614559,0.7328687649614559,2,True,True,75,6,False,False,124,0,False,False
150,187500.0,0.03124408267994238,127,0.7402927111473018,0.7402927111473018,3,True,True,75,6,False,False,124,0,False,False
151,187500.2,0.03458652990434737,128,0.720588842297146,0.720588842297146,2,True,True,75,6,False,False,124,0,False,False
152,187500.4,0.04685311532975829,129,0.7119977293977299,0.7119977293977299,2,True,True,75,6,False,False,124,0,False,False
153,187500.6,0.04838747169461913,130,0.7869092057523175,0.7869092057523175,2,True,True,75,6,False,False,124,0,False,False
154,187500.8,0.047988800049070274,131,0.7317358390607893,0.7317358390607893,2,True,True,75,6,False,False,124,0,False,False
155,187501.0,0.04430415676741665,132,0.6565294086764178,0.6565294086764178,2,True,True,75,6,False,False,124,0,False,False
156,187501.2,0.04707777761173008,133,0.6928151158209098,0.6928151158209098,2,True,True,75,6,False,False,124,0,False,False
157,187501.4,0.03634965713555383,134,0.6889118378929251,0.6889118378929251,2,True,True,75,6,False,False,124,0,False,False
158,187501.6,0.04334059311858491,135,0.7376481030320996,0.7376481030320996,2,True,True,75,6,False,False,124,0,False,False
159,187501.8,0.05833709809946932,135,0.6232010248168582,0.6232010248168582,2,True,True,75,6,False,False,124,0,False,False
160,187502.0,0.035875683748128585,135,0.6018208305713352,0.6018208305713352,2,True,True,75,6,False,False,124,0,False,False
161,187502.2,0.0445484607225318,135,0.6265620177128974,0.6265620177128974,2,True,True,75,6,False,False,124,0,False,False
162,187502.4,0.036328139506382064,135,0.6085878158125531,0.6085878158125531,2,True,True,75,6,False,False,124,0,False,False
163,187502.6,0.03823835675405599,135,0.592727926803604,0.592727926803604,2,True,True,75,6,False,False,124,0,False,False
164,187502.8,0.03351432648179391,135,0.5342943231313838,0.5342943231313838,2,True,True,75,6,False,False,124,0,False,False
165,187503.0,0.02356435090623596,135,0.4798243446215028,0.4798243446215028,2,True,True,75,6,False,False,124,0,False,False
166,187503.2,0.021934318604003,136,0.4792332193644597,0.4792332193644597,2,True,True,75,6,False,False,125,0,False,False
167,187503.4,0.020298999727981274,136,0.42545763443457163,0.42545763443457163,2,True,True,75,6,False,False,125,0,False,False
168,187503.6,0.027866020534873286,136,0.36710699031012145,0.36710699031012145,2,True,True,75,6,False,False,125,0,False,False
169,187503.8,0.01940730612919783,136,0.32691629483770035,0.32691629483770035,2,True,True,75,6,False,False,125,0,False,False
170,187504.0,0.020610656722805324,135,0.32209720882603504,0.32209720882603504,2,True,True,75,6,False,False,125,0,False,False
171,187504.2,0.017872907852519465,134,0.28635473069923584,0.28635473069923584,2,True,True,75,6,False,False,125,0,False,False
172,187504.4,0.014403223222365423,133,0.2910143920012361,0.2910143920012361,2,True,True,75,6,False,False,125,0,False,False
173,187504.6,0.016216885423591672,133,0.326391422837284,0.326391422837284,2,True,True,75,6,False,False,125,0,False,False
174,187504.8,0.026388527439902356,133,0.3670963672780925,0.3670963672780925,2,True,True,75,6,False,False,125,0,False,False
175,187505.0,0.03202534940304152,133,0.39752664106061825,0.39752664106061825,2,True,True,75,6,False,False,125,0,False,False
176,187505.2,0.02403027348283501,132,0.44208215008846047,0.44208215008846047,2,True,True,75,6,False,False,125,0,False,False
177,187505.4,0.00949678154678773,132,3.0586066535867102,1.8344860534485288,2,False,True,75,6,False,False,125,0,False,False
178,187505.6,0.010259069502340373,132,2.757203229151426,1.719248599147156,2,True,True,75,6,False,False,125,0,False,False
179,187505.8,0.047388968656571884,132,2.501728325102658,1.6289704954012325,2,False,True,75,6,False,False,125,0,False,False
180,187506.0,0.04063044393984748,133,2.1222793146861223,1.3529784133639309,2,True,True,75,6,False,False,125,0,False,False
181,187506.2,0.02331061044186625,133,2.1503157058204874,1.512848603417295,2,True,True,75,6,False,False,124,0,False,False
182,187506.4,0.04906476382139158,134,1.8751768300271243,1.2717526865804931,2,False,True,75,6,False,False,124,0,False,False
183,187506.6,0.09058631903066555,135,1.762282533928155,1.2461319747054929,2,False,True,75,6,False,False,124,0,False,False
184,187506.8,0.0957052333979956,136,1.6877999764807454,1.2243030162905557,2,True,True,75,6,False,False,123,0,False,False
185,187507.0,0.07140085704752466,138,1.3888234115599642,1.1289462857333203,2,True,True,75,6,False,False,122,0,False,False
186,187507.2,0.04487912255763102,140,1.2087232582128087,1.0561425317768214,2,True,True,75,6,False,False,121,0,False,False
187,187507.4,0.04122407078882257,143,1.082174978131823,1.0024938217626227,2,True,True,75,6,False,False,121,0,False,False
188,187507.6,0.039939847356716233,145,0.9984776439837312,0.9320995763672077,2,True,True,75,6,False,False,122,0,False,False
189,187507.8,0.03227046186195702,147,0.9300744716611392,0.90490851718041,2,True,True,75,6,False,False,123,0,False,False
190,187508.0,0.045467074496202645,150,1.0597132375991245,1.0378704840178332,2,True,True,75,6,False,False,124,0,False,False
191,187508.2,0.04742078417542263,153,0.997632215248887,0.9741610873912606,2,True,True,75,6,False,False,125,0,False,False
192,187508.4,0.07073306708163932,155,0.7320016288163987,0.7320016288163987,2,True,True,75,6,False,False,126,0,False,False
193,187508.6,0.06662152317493249,157,0.7468931050032681,0.7468931050032681,3,True,True,75,6,False,False,126,0,False,False
194,187508.8,0.0840969653505339,159,0.8803660349970794,0.8803660349970794,3,True,True,75,6,False,False,127,0,False,False
195,187509.0,0.0636858151139447,161,1.3357841066551952,1.2267273289549574,2,True,True,75,6,False,False,127,0,False,False
196,187509.2,0.039198750387478894,161,0.955709560354876,0.9422352008283865,2,True,True,75,6,False,False,126,0,False,False
197,187509.4,0.029700736769640017,162,1.0424344639660699,1.0424344639660699,2,True,True,75,6,False,False,126,0,False,False
198,187509.6,0.021186712813452444,163,1.1920756847549379,1.16573766143196,2,True,True,75,6,False,False,125,0,False,False
199,187509.8,0.0256998896982526,164,1.1878987132491057,1.1213170373626873,2,True,True,75,6,False,False,124,0,False,False
200,187510.0,0.024899064058797445,165,1.0401202044351978,1.0244176218645664,3,True,True,75,6,False,False,123,0,False,False
201,187510.2,0.026440737793498263,166,0.8144470300755409,0.8144470300755409,2,True,True,75,6,False,False,122,0,False,False
202,187510.4,0.02311304174923476,166,0.7563081796885129,0.7563081796885129,2,True,True,75,6,False,False,122,0,False,False
203,187510.6,0.02179605388767724,166,0.7570446124645015,0.7570446124645015,2,True,True,75,6,False,False,122,0,False,False
204,187510.8,0.0212231106208955,166,0.6291581169718549,0.6291581169718549,3,True,True,75,6,False,False,122,0,False,False
205,187511.0,0.03209685218206627,165,0.5598767205987827,0.5598767205987827,2,True,True,75,6,False,False,122,0,False,False
206,187511.2,0.025463302726342025,165,0.5331452084674281,0.5331452084674281,2,True,True,75,6,False,False,123,0,False,False
207,187511.4,0.02087109164468788,164,0.49780194392781213,0.49780194392781213,2,True,True,75,6,False,False,123,0,False,False
208,187511.6,0.007274395744203503,164,2.2364629129093814,1.4857777290435459,3,True,True,75,6,False,False,123,0,False,False
209,187511.8,0.008386600418561024,164,0.529672236322091,0.529672236322091,3,True,True,75,6,False,False,125,0,False,False
210,187512.0,0.00486781498013283,163,0.5297048626826685,0.5297048626826685,3,True,True,75,6,False,False,127,0,False,False
211,187512.2,0.026639178094345378,162,0.4859475111260255,0.4859475111260255,3,True,True,75,6,False,False,129,0,False,False
212,187512.4,0.024091507509823525,160,0.42591818682457405,0.42591818682457405,3,True,True,75,6,False,False,130,0,False,False
213,187512.6,0.011502236451031086,159,0.3828749795668284,0.3828749795668284,3,True,True,75,6,False,False,130,0,False,False
214,187512.8,0.006923139183402982,158,0.3591164109158907,0.3591164109158907,3,True,True,75,6,False,False,130,0,False,False
215,187513.0,0.018736050630618707,156,0.2793974079367447,0.2793974079367447,3,True,True,75,6,False,False,130,0,False,False
216,187513.2,0.018337797221233892,154,0.26321217037135297,0.26321217037135297,3,True,True,75,6,False,False,130,0,False,False
217,187513.4,0.052348898569380825,153,0.2587288277038483,0.2587288277038483,3,True,True,75,6,False,False,130,0,False,False
218,187513.6,0.07111106238921526,152,0.33464988503484494,0.33464988503484494,3,True,True,75,6,False,False,131,0,False,False
219,187513.8,0.09346625690344249,150,0.3063354603049245,0.3063354603049245,3,True,True,75,6,False,False,130,0,False,False
220,187514.0,0.0319568322908028,147,0.25847729655534457,0.25847729655534457,3,True,True,75,6,False,False,129,0,False,False
221,187514.2,0.021222224411596786,148,0.5208862908907426,0.5208862908907426,3,True,True,75,6,False,False,129,0,False,False
222,187514.4,0.021261998980009512,148,0.5970036309398646,0.5970036309398646,3,True,True,75,6,False,False,128,0,False,False
223,187514.6,0.013960954079040692,148,0.5490148280930228,0.5490148280930228,3,True,True,75,6,False,False,128,0,False,False
224,187514.8,0.17377849950206428,148,0.47672216041722904,0.47672216041722904,3,True,True,75,6,False,False,128,0,False,False
225,187515.0,0.0995232815726622,146,0.5152116567711071,0.5152116567711071,3,True,True,75,6,False,False,127,0,False,False
226,187515.2,0.07862651621368774,145,0.5135564201997248,0.5135564201997248,3,True,True,75,6,False,False,126,0,False,False
227,187515.4,0.12206974433138779,144,0.6302405721433483,0.6302405721433483,2,True,True,75,6,False,False,124,0,False,False
228,187515.6,0.1252399411704252,143,0.8723867052517562,0.8723867052517562,3,True,True,75,6,False,False,122,0,False,False
229,187515.8,0.09425056195731718,142,0.9257794790425834,0.9257794790425834,2,True,True,75,6,False,False,119,0,False,False
230,187516.0,0.04171130680434558,141,0.9927934673927242,0.9433277661973786,3,True,True,75,6,False,False,116,0,False,False
231,187516.2,0.05712263937628699,142,6.022460893259035,2.6233422661326475,3,True,True,75,6,False,False,113,0,False,False
232,187516.4,0.04632654031646554,142,6.006919069539099,2.471020696288646,3,True,True,75,6,False,False,110,0,False,False
233,187516.6,0.06321855599616598,141,5.851244958688243,2.4387952758787255,3,True,True,75,6,False,False,108,0,False,False
234,187516.8,0.0341710449198845,139,6.439592201144588,2.7349913821211227,3,True,True,75,6,False,False,105,0,False,False
235,187517.0,0.043975037997477213,138,5.542701913753053,2.508622005199384,3,True,True,75,6,False,False,101,0,False,False
236,187517.2,0.04963112833716353,137,1.0442983682247982,1.0442983682247982,3,True,True,75,6,False,False,98,0,False,False
237,187517.4,0.04835786020809426,137,4.607850563646467,2.2681944812149717,3,True,True,75,6,False,False,95,0,False,False
238,187517.6,0.04372966422529786,136,1.0189407318116426,1.0189407318116426,3,True,True,75,6,False,False,91,0,False,False
239,187517.8,0.06274400308546871,135,0.9967431308188421,0.9967431308188421,3,True,True,75,6,False,False,87,0,False,False
240,187518.0,0.08919651759910073,134,1.0958203678683853,1.0958203678683853,3,True,True,75,6,False,False,83,0,False,False
241,187518.2,0.07874101949510035,133,1.1926814247081543,1.1717950664784436,2,True,True,75,6,False,False,79,0,False,False
242,187518.4,0.07371187692085307,132,1.4559048474147982,1.2810429487566686,2,True,True,75,6,False,False,77,0,False,False
243,187518.6,0.04348902564821019,132,7.378663638415865,3.0120601484433527,2,False,True,75,6,False,False,75,0,False,False
244,187518.8,0.04353386076394552,133,6.996491954150209,2.93735982778969,2,False,True,75,6,False,False,74,0,False,False
245,187519.0,12.786119829793442,134,7.407931461859191,3.169590991218436,2,True,True,75,0,True,False,73,0,False,False
246,187519.2,0.6986632271263716,132,0.6007039204637935,0.6007039204637935,3,True,True,75,6,False,False,73,0,False,False
247,187519.4,0.09363258216525278,130,0.6910912070889071,0.6910912070889071,3,True,True,75,6,False,False,72,0,False,False
248,187519.6,0.10076662799417836,128,0.8101395162959516,0.8101395162959516,2,True,True,75,6,False,False,71,0,False,False
249,187519.8,0.10036119857630592,125,0.9126033623725596,0.9126033623725596,2,True,True,75,6,False,False,70,0,False,False
250,187520.0,0.04662657492742438,125,5.194674110833594,2.7442088944854968,2,True,True,75,6,False,False,69,0,False,False
251,187520.2,0.06650271338675694,124,4.759396512726255,2.6745780958409373,2,True,True,75,6,False,False,68,0,False,False
252,187520.4,0.05752584385914506,124,4.309312313977533,2.7306389666258752,2,True,True,75,6,False,False,67,0,False,False
253,187520.6,0.035055644935103686,124,4.0244935896407785,2.6566551999033288,3,True,True,75,6,False,False,66,0,False,False
254,187520.8,0.0337198520301982,123,3.7425615994618164,2.4445396049652635,2,True,True,75,6,False,False,66,0,False,False
255,187521.0,0.08581889123589492,122,1.5096090301100265,1.1447952855139656,3,True,True,75,6,False,False,66,0,False,False
256,187521.2,0.10721414801049722,120,2.851217617513446,1.7423858863256756,2,True,True,75,6,False,False,66,0,False,False
257,187521.4,0.07135954754088064,119,2.9430937728054998,1.7892837315747716,2,True,True,75,6,False,False,66,0,False,False
258,187521.6,0.08386607405869156,118,2.842322634417521,1.7573906131433206,2,True,True,75,6,False,False,65,0,False,False
259,187521.8,0.12116454439410454,120,2.643671921211328,1.828278183256877,3,True,True,75,6,False,False,63,0,False,False
260,187522.0,0.09987496208824155,121,2.562659054604515,1.7270048036558954,2,False,True,75,6,False,False,62,0,False,False
261,187522.2,0.03896363705074793,122,2.3682088790402673,1.652815620593908,2,False,True,75,6,False,False,60,0,False,False
262,187522.4,0.04759334448830466,123,2.3983822919982205,1.769721715459061,2,False,True,75,6,False,False,58,0,False,False
263,187522.6,0.0862653041702844,125,1.7366510563120952,1.4380271780080176,2,False,True,75,6,False,False,57,0,False,False
264,187522.8,0.06565179745410182,127,1.7020360533454433,1.4097309328074057,2,False,True,75,6,False,False,56,0,False,False
265,187523.0,0.18678143171667264,130,2.1343266183216874,1.5936986821779169,2,False,True,75,6,False,False,56,0,False,False
266,187523.2,0.07100388901680783,133,2.066894249015137,1.5755870956729872,3,True,True,75,6,False,False,56,0,False,False
267,187523.4,0.10709379207118558,136,2.2260255774205384,1.6241077918144746,2,False,True,75,6,False,False,54,0,False,False
268,187523.6,0.03822602253155369,137,2.142704074851553,1.5612182571562103,2,False,True,75,6,False,False,51,0,False,False
269,187523.8,0.056376872084400814,139,2.4837948673960706,1.6888996701939722,2,False,True,75,6,False,False,49,0,False,False
270,187524.0,0.03628527805277639,141,2.739930061955612,1.8017075338688524,3,True,True,75,6,False,False,48,0,False,False
271,187524.2,0.0385516385248734,145,2.7752928456067267,1.799513919499046,3,True,True,75,6,False,False,46,0,False,False
272,187524.4,0.05017763405627696,149,2.9326884755782907,1.8432460394656225,2,True,True,75,6,False,False,46,0,False,False
273,187524.6,0.08115692847370364,153,3.1581606679650265,1.9233270707488406,3,True,True,75,6,False,False,46,0,False,False
274,187524.8,0.07795883412456751,158,3.2903076110907636,1.981629693607465,2,True,True,75,6,False,False,47,0,False,False
275,187525.0,0.11194789464404704,162,3.4143530372446116,2.028332016890675,3,True,True,75,6,False,False,49,0,False,False
276,187525.2,0.13447017692834187,166,3.5766189027817026,2.0654874074572622,3,True,True,75,6,False,False,51,0,False,False
277,187525.4,0.0699593286061026,169,3.600252301024068,2.059867749361756,3,True,True,75,6,False,False,52,0,False,False
278,187525.6,0.05664395302650963,172,3.711370491764255,2.075392667172557,2,True,True,75,6,False,False,54,0,False,False
279,187525.8,0.07563594526336717,176,3.599663307912839,2.0316232365522855,2,True,True,75,6,False,False,55,0,False,False
280,187526.0,0.0757259967653609,180,3.3705959282739486,1.9756556327994312,2,True,True,75,6,False,False,56,0,False,False
281,187526.2,0.06573215963131845,183,3.142303740392861,1.9112728554378433,3,True,True,75,6,False,False,58,0,False,False
282,187526.4,0.06263259306500592,186,2.883382220892634,1.8405761267313276,3,True,True,75,6,False,False,60,0,False,False
283,187526.6,0.03899321713422733,189,2.796348864919093,1.7855555218074817,2,True,True,75,6,False,False,59,0,False,False
284,187526.8,0.04124256669507281,191,2.7056815955688482,1.7528712193804104,2,False,True,75,6,False,False,59,0,False,False
285,187527.0,0.050411485905598706,193,2.4321052253037556,1.6261814922874196,2,False,True,75,6,False,False,59,0,False,False
286,187527.2,0.09822590494649945,195,2.228663250853532,1.528253405722425,2,False,True,75,6,False,False,59,0,False,False
287,187527.4,0.10431250964999468,196,2.0212516953544672,1.4533505884596065,2,False,True,75,6,False,False,59,0,False,False
288,187527.6,0.08174047463781565,197,1.972410872988904,1.4051939167243823,2,True,True,75,6,False,False,59,0,False,False
289,187527.8,0.07831693873090595,197,1.8023044916850377,1.2104310424017797,2,True,True,75,6,False,False,59,0,False,False
290,187528.0,0.05169312422029934,196,1.8075828310726312,1.2047027701288595,2,True,True,75,6,False,False,59,0,False,False
291,187528.2,0.030390294889066746,196,1.6260265555065396,1.174391224374305,2,True,True,75,6,False,False,59,0,False,False
292,187528.4,0.04087299100650982,195,1.5985405233819248,1.1096201368973158,2,True,True,75,6,False,False,59,0,False,False
293,187528.6,0.04821402922672926,195,1.4161128460181895,1.0020965309247023,2,True,True,75,6,False,False,60,0,False,False
294,187528.8,0.03496827480907677,194,1.4267393342569672,1.1859343360636552,2,True,True,75,6,False,False,62,0,False,False
295,187529.0,0.04593647442413204,195,1.5701327324409797,1.263528438363048,2,True,True,75,6,False,False,64,0,False,False
296,187529.2,0.043556719242768493,194,1.0606554227852258,0.9156617289228423,2,True,True,75,6,False,False,65,0,False,False
297,187529.4,0.06562907791028488,193,0.9232953263271343,0.8385245797743749,2,True,True,75,6,False,False,66,0,False,False
298,187529.6,0.060058050774647674,192,0.7893073699456855,0.7637735137014818,3,True,True,75,6,False,False,67,0,False,False
299,187529.8,0.049335646601504524,191,0.6523726401771437,0.6523726401771437,3,True,True,75,6,False,False,67,0,False,False
300,187530.0,0.05219081048838943,191,2.044274943336573,1.2732803644820017,3,True,True,75,6,False,False,67,0,False,False
301,187530.2,0.05530285540963154,189,0.6284254050586979,0.6284254050586979,2,True,True,75,6,False,False,67,0,False,False
302,187530.4,0.07685050084715139,188,2.3353760276952005,1.5912604603304152,2,True,True,75,6,False,False,69,0,False,False
303,187530.6,0.04335038863699036,185,0.423819343287225,0.423819343287225,3,True,True,75,6,False,False,70,0,False,False
304,187530.8,0.04945986276646206,183,0.5357364256691175,0.5357364256691175,3,True,True,75,6,False,False,72,0,False,False
305,187531.0,0.03394489194168707,181,0.4628852662824768,0.4628852662824768,3,True,True,75,6,False,False,75,0,False,False
306,187531.2,0.0163602296887742,179,0.492272290804412,0.492272290804412,3,True,True,75,6,False,False,76,0,False,False
307,187531.4,0.01320496200333029,177,0.500637021113936,0.500637021113936,2,True,True,75,6,False,False,77,0,False,False
308,187531.6,0.005969848779170129,176,0.7765764483933018,0.7765764483933018,2,True,True,75,6,False,False,81,0,False,False
309,187531.8,0.005807487282254191,174,0.40080604578724377,0.40080604578724377,2,True,True,75,6,False,False,86,0,False,False
310,187532.0,0.013833158938782565,172,0.39080025576705946,0.39080025576705946,2,True,True,75,6,False,False,90,0,False,False
311,187532.2,0.025801748370959963,170,0.35503715564089877,0.35503715564089877,3,True,True,75,6,False,False,95,0,False,False
312,187532.4,0.019492211388968988,167,0.2764618634915845,0.2764618634915845,3,True,True,75,6,False,False,99,0,False,False
313,187532.6,0.02203072564954924,165,0.2799511205066386,0.2799511205066386,3,True,True,75,6,False,False,103,0,False,False
314,187532.8,0.02105295899583404,164,0.33116215879491506,0.33116215879491506,2,True,True,75,6,False,False,107,0,False,False
315,187533.0,0.04013393681626945,163,0.3680285125900347,0.3680285125900347,2,True,True,75,6,False,False,110,0,False,False
316,187533.2,0.018098958674882815,161,0.39899004647882724,0.39899004647882724,2,True,True,75,6,False,False,113,0,False,False
317,187533.4,0.014992898054809698,160,0.46371824692197533,0.46371824692197533,2,True,True,75,6,False,False,116,0,False,False
318,187533.6,0.019599432536914388,159,0.4301038061954706,0.4301038061954706,2,True,True,75,6,False,False,119,0,False,False
319,187533.8,0.04626628244550553,159,1.475999983168185,1.140698368667993,3,True,True,75,6,False,False,120,0,False,False
320,187534.0,0.06097361538399567,158,1.6836306884305439,1.2432711254787854,2,True,True,75,6,False,False,121,0,False,False
321,187534.2,0.06660388911408671,157,0.5905965340946916,0.5905965340946916,3,True,True,75,6,False,False,123,0,False,False
322,187534.4,0.053840507738227045,156,0.6424203725153699,0.6424203725153699,2,True,True,75,6,False,False,124,0,False,False
323,187534.6,0.0457609725060101,154,0.48110275835900335,0.48110275835900335,2,True,True,75,6,False,False,125,0,False,False
324,187534.8,0.0547095761631562,153,0.7253726492578522,0.7253726492578522,2,True,True,75,6,False,False,126,0,False,False
325,187535.0,0.05071663438516701,151,0.8859713968562907,0.8859713968562907,3,True,True,75,6,False,False,127,0,False,False
326,187535.2,0.03786100324055682,151,1.0536037439337909,1.0536037439337909,3,True,True,75,6,False,False,128,0,False,False
327,187535.4,0.025749458776435398,150,1.0198347396531033,1.0198347396531033,3,True,True,75,6,False,False,128,0,False,False
328,187535.6,0.043769358156097685,151,0.7513169521917676,0.7513169521917676,3,True,True,75,6,False,False,128,0,False,False
329,187535.8,0.04343908457108662,151,0.5994398404561957,0.5994398404561957,3,True,True,75,6,False,False,128,0,False,False
330,187536.0,0.033153483083234,150,0.5365204346730994,0.5365204346730994,3,True,True,75,6,False,False,127,0,False,False
331,187536.2,0.04231482215424966,150,0.48135857825273226,0.48135857825273226,3,True,True,75,6,False,False,127,0,False,False
332,187536.4,0.053679539762061336,150,0.46884332975658866,0.46884332975658866,3,True,True,75,6,False,False,127,0,False,False
333,187536.6,0.04860976151981625,150,3.020200138426444,1.621943865410776,3,True,True,75,6,False,False,127,0,False,False
334,187536.8,0.03561261228236155,150,0.4947651318181312,0.4947651318181312,2,True,True,75,6,False,False,126,0,False,False
335,187537.0,0.05363338478713732,150,0.5428948627657103,0.5428948627657103,2,True,True,75,6,False,False,126,0,False,False
336,187537.2,0.06243996664723495,151,2.819859260835021,1.600229267593858,2,True,True,75,6,False,False,125,0,False,False
337,187537.4,0.06765229478260462,153,2.4103254010818596,1.4437702242987802,2,True,True,75,6,False,False,125,0,False,False
338,187537.6,0.09053145340486746,154,2.2090951807857513,1.3825381400049754,2,True,True,75,6,False,False,125,0,False,False
339,187537.8,0.06723748766640436,155,2.0971415393501025,1.353273622533389,3,True,True,75,6,False,False,125,0,False,False
340,187538.0,0.06560900133542806,156,1.9308142264666777,1.30907874059612,2,True,True,75,6,False,False,125,0,False,False
341,187538.2,0.07845241667698961,157,1.7550273831244922,1.3095339087241544,2,False,True,75,6,False,False,125,0,False,False
342,187538.4,0.06717084326972385,157,1.6526047576433964,1.3849119847779439,3,True,True,75,6,False,False,125,0,False,False
343,187538.6,0.07317620696694578,157,1.4654659906802887,1.3113207270972653,3,True,True,75,6,False,False,125,0,False,False
344,187538.8,0.06960466576537805,156,1.263880573471719,1.2178903201369038,2,True,True,75,6,False,False,125,0,False,False
345,187539.0,0.04568728706162438,155,0.931465727503539,0.931465727503539,3,True,True,75,6,False,False,125,0,False,False
346,187539.2,0.05511996265533472,154,0.6030548533861059,0.6030548533861059,3,True,True,75,6,False,False,125,0,False,False
347,187539.4,0.06463534154221397,153,0.6300350125268986,0.6300350125268986,3,True,True,75,6,False,False,125,0,False,False
348,187539.6,0.053119976523480786,153,0.5504477119478041,0.5504477119478041,3,True,True,75,6,False,False,125,0,False,False
349,187539.8,0.052920926894712055,152,0.6450778739390524,0.6450778739390524,3,True,True,75,6,False,False,125,0,False,False
350,187540.0,0.04780751116731112,151,0.5911995763998651,0.5911995763998651,3,True,True,75,6,False,False,125,0,False,False
351,187540.2,0.041773623956191136,150,0.6409490189938818,0.6409490189938818,3,True,True,75,6,False,False,125,0,False,False
352,187540.4,0.056006923655841354,149,0.7074182508518869,0.7074182508518869,3,True,True,75,6,False,False,125,0,False,False
353,187540.6,0.06200040673059723,148,0.781691281036367,0.781691281036367,3,True,True,75,6,False,False,125,0,False,False
354,187540.8,0.05743018780885734,147,0.8551484215056349,0.8527687874725174,3,True,True,75,6,False,False,125,0,False,False
355,187541.0,0.04849191798927916,147,0.8068155213108791,0.8068155213108791,3,True,True,75,6,False,False,125,0,False,False
356,187541.2,0.058066697592182984,146,0.8357358833611399,0.8357358833611399,3,True,True,75,6,False,False,125,0,False,False
357,187541.4,0.0616160150877184,145,0.9377229669616517,0.9042043124537162,3,True,True,75,6,False,False,125,0,False,False
358,187541.6,0.05568911427090579,144,1.9665305014775392,1.6321599161739326,3,True,True,75,6,False,False,125,0,False,False
359,187541.8,0.04894480778246652,144,1.981308749265378,1.618980738073823,3,True,True,75,6,False,False,125,0,False,False
360,187542.0,0.04003661125769374,144,2.039680224488733,1.6388310696054447,3,True,True,75,6,False,False,125,0,False,False
361,187542.2,0.04864271761480449,143,2.2137579987221785,1.6929447557139454,3,True,True,75,6,False,False,125,0,False,False
362,187542.4,0.05300884272682553,142,2.202057597837062,1.628834945833001,3,True,True,75,6,False,False,125,0,False,False
363,187542.6,0.05243395182008092,141,2.103797684403832,1.5901130017043157,3,True,True,75,6,False,False,125,0,False,False
364,187542.8,0.04807941652416806,140,2.043219907878569,1.5231926379828291,3,True,True,75,6,False,False,125,0,False,False
365,187543.0,0.04059880793045171,139,2.020468558518154,1.5161017403719126,3,True,True,75,6,False,False,125,0,False,False
366,187543.2,0.04600275038386577,138,1.6618732906826126,1.3720279384863754,3,True,True,75,6,False,False,125,0,False,False
367,187543.4,0.050667115083613976,138,1.586769072728304,1.3307783616066846,3,True,True,75,6,False,False,125,0,False,False
368,187543.6,0.0480792622292433,138,1.5482028625694673,1.3403736026358455,3,True,True,75,6,False,False,125,0,False,False
369,187543.8,0.04256642287777413,138,1.6526253607339032,1.3487329644191783,3,True,True,75,6,False,False,125,0,False,False
370,187544.0,0.03849021038842705,138,1.6982737657565858,1.3616878710336193,3,True,True,75,6,False,False,125,0,False,False
371,187544.2,0.04341100224702253,139,1.957855640384892,1.4853482415125348,3,True,True,75,6,False,False,125,0,False,False
372,187544.4,0.04822358944425818,140,1.8595162515704875,1.4482658806073132,3,True,True,75,6,False,False,125,0,False,False
373,187544.6,0.04707991609598581,141,1.7049688250722999,1.3801030785623098,2,True,True,75,6,False,False,125,0,False,False
374,187544.8,0.042415154836625335,142,1.5983079514852707,1.3317896990883054,3,True,True,75,6,False,False,125,0,False,False
375,187545.0,0.03566349022536578,143,1.593293750759232,1.330405459014487,2,True,True,75,6,False,False,125,0,False,False
376,187545.2,0.04052684877469167,144,1.4816400588193077,1.2825412656769088,2,True,True,75,6,False,False,125,0,False,False
377,187545.4,0.04385002401644937,145,1.4445853984511368,1.2620237666792948,2,True,True,75,6,False,False,125,0,False,False
378,187545.6,0.045066962949316745,146,1.4566092422798704,1.2800061266644285,2,True,True,75,6,False,False,125,0,False,False
379,187545.8,0.03950834363975915,147,1.5449711659332228,1.3191912862197224,2,True,True,75,6,False,False,125,0,False,False
380,187546.0,0.033230077367425594,148,1.5228832845844609,1.3143205324297744,2,True,True,75,6,False,False,125,0,False,False
381,187546.2,0.037488808645763476,149,1.5407368489676834,1.3237727489246107,2,True,True,75,6,False,False,125,0,False,False
382,187546.4,0.0435061452505393,150,1.5709059765342774,1.337459494689527,2,True,True,75,6,False,False,125,0,False,False
383,187546.6,0.045866223209490575,150,1.6200412719256856,1.3500146983200445,3,True,True,75,6,False,False,125,0,False,False
384,187546.8,0.043581125152290456,150,1.5954679503668845,1.364162532799923,2,True,True,75,6,False,False,125,0,False,False
385,187547.0,0.037645953826826804,150,1.4715460676033654,1.3225659009566944,2,True,True,75,6,False,False,125,0,False,False
386,187547.2,0.04251834060224196,150,1.4330221117950082,1.286663597943869,2,True,True,75,6,False,False,125,0,False,False
387,187547.4,0.047518676663979256,150,1.4189621305254643,1.2854326836890602,2,True,True,75,6,False,False,125,0,False,False
388,187547.6,0.04812627355133149,150,1.4027903532900012,1.297745615969261,3,True,True,75,6,False,False,125,0,False,False
389,187547.8,0.04450284576548546,150,1.335974102509394,1.2666402522333882,2,True,True,75,6,False,False,125,0,False,False
390,187548.0,0.035885484549948714,150,1.243842614371147,1.2146819948781589,2,True,True,75,6,False,False,125,0,False,False
391,187548.2,0.04104795939934741,150,1.2314355489932953,1.2066196648951213,2,True,True,75,6,False,False,125,0,False,False
392,187548.4,0.04465936459897563,150,1.2547766244232765,1.2306619957306801,2,True,True,75,6,False,False,125,0,False,False
393,187548.6,0.04713919911405093,150,1.2773201765768698,1.247619153359163,2,True,True,75,6,False,False,125,0,False,False
394,187548.8,0.04249084537891898,150,1.320770597943297,1.2638311377517544,2,True,True,75,6,False,False,125,0,False,False
395,187549.0,0.03231698127733456,150,1.2955928255157827,1.256232540830025,2,True,True,75,6,False,False,125,0,False,False
396,187549.2,0.039362548687877905,150,1.3520171712319762,1.2660001597427768,3,True,True,75,6,False,False,125,0,False,False
397,187549.4,0.045929955833073,150,1.3679277988063183,1.2605701450652385,2,True,True,75,6,False,False,125,0,False,False
398,187549.6,0.04538911808554058,150,1.4926391118611615,1.3248300075958368,2,True,True,75,6,False,False,125,0,False,False
399,187549.8,0.04012032731715832,150,1.5824253060393194,1.3611850867090525,2,True,True,75,6,False,False,125,0,False,False
400,187550.0,0.02969666424833717,150,1.6613039185410416,1.3787623318368543,2,True,True,75,6,False,False,125,0,False,False
401,187550.2,0.038072045538263356,150,1.6079023623636324,1.3458130030393962,3,True,True,75,6,False,False,125,0,False,False
402,187550.4,0.041858576539664585,150,1.6552476311181568,1.3489163355855565,2,True,True,75,6,False,False,125,0,False,False
403,187550.6,0.05209079107016172,151,7.3783274932815575,2.503463907359899,3,True,True,75,6,False,False,125,0,False,False
404,187550.8,0.05205492382374766,152,7.322673812311104,2.507269381218302,3,True,True,75,6,False,False,125,0,False,False
405,187551.0,6.258318259448379,153,7.555518203198834,2.5312016772984167,3,True,True,75,0,True,False,125,0,False,False
406,187551.2,0.23725744343927352,154,7.54925005606566,2.5267848986319295,3,True,True,75,6,False,False,125,0,False,False
407,187551.4,0.07010384050834603,155,7.7299121253006735,2.5402573387066756,2,True,True,75,6,False,False,125,0,False,False
408,187551.6,6.9570310033671,156,7.794054740864836,2.5178850960455454,3,True,True,75,0,True,False,125,0,False,False
409,187551.8,0.26863834439080175,157,7.802833536808224,2.517542430297956,4,False,True,75,6,False,False,125,0,False,False
410,187552.0,0.06290270349137891,158,7.951016307919751,2.5171936024921946,3,True,True,75,6,False,False,125,0,False,False
411,187552.2,7.082802392355742,159,7.835509063389608,2.494064192215742,3,True,True,75,0,True,False,125,0,False,False
412,187552.4,0.27173210481771615,159,0.9994181801832887,0.9994181801832887,4,True,True,75,6,False,False,125,0,False,False
413,187552.6,0.04626575210713823,159,0.8188921056331612,0.8188921056331612,3,True,True,75,6,False,False,125,0,False,False
414,187552.8,0.03482007566547093,159,0.6870896363275417,0.6870896363275417,2,True,True,75,6,False,False,125,0,False,False
415,187553.0,0.023389586610653518,159,0.5271441027562764,0.5271441027562764,2,True,True,75,6,False,False,125,0,False,False
416,187553.2,0.02001437854294904,160,7.348805666846868,2.272976839243946,2,True,True,75,6,False,False,125,0,False,False
417,187553.4,0.02325501793724268,161,7.019973740276888,2.1860840907690444,2,True,True,75,6,False,False,125,0,False,False
418,187553.6,7.2829089951562525,162,6.749179697253266,2.1680721184174407,2,True,True,75,0,True,False,125,0,False,False
419,187553.8,0.23526993117687692,163,6.577458814369057,2.192982531273838,4,True,True,75,6,False,False,125,0,False,False
420,187554.0,0.02265638245562713,164,6.070528584119425,2.073738341992307,3,True,True,75,6,False,False,125,0,False,False
421,187554.2,0.023129213937548833,165,5.86205093374289,2.0212022631852555,3,True,True,75,6,False,False,124,0,False,False
422,187554.4,0.03056267116046485,166,5.716124682163801,2.0254298400058,2,True,True,75,6,False,False,124,0,False,False
423,187554.6,0.02409204485687201,167,5.520296378126036,2.0026179736442633,2,True,True,75,6,False,False,124,0,False,False
424,187554.8,0.0296675233250483,167,0.6381045666579944,0.6381045666579944,3,True,True,75,6,False,False,124,0,False,False
425,187555.0,0.03482165785103019,167,0.6562199062727255,0.6562199062727255,3,True,True,75,6,False,False,124,0,False,False
426,187555.2,0.036421578489186576,167,0.7142726368873705,0.7142726368873705,2,True,True,75,6,False,False,124,0,False,False
427,187555.4,0.04042486875352081,167,0.6877916851495587,0.6877916851495587,2,True,True,75,6,False,False,124,0,False,False
428,187555.6,0.03004229667594949,166,0.568164473636299,0.568164473636299,3,True,True,75,6,False,False,124,0,False,False
429,187555.8,0.01825125032650986,165,0.5017369308681341,0.5017369308681341,3,True,True,75,6,False,False,124,0,False,False
430,187556.0,0.024000396710194303,164,0.5253381988424203,0.5253381988424203,2,True,True,75,6,False,False,124,0,False,False
431,187556.2,0.02069818288545774,163,0.5114398297128785,0.5114398297128785,3,True,True,75,6,False,False,124,0,False,False
432,187556.4,0.029847834023672026,163,1.7889839698731427,1.1435962642902615,2,True,True,75,6,False,False,124,0,False,False
433,187556.6,0.029840113407021623,163,1.705244726978378,1.1105954142872034,2,True,True,75,6,False,False,124,0,False,False
434,187556.8,0.03086797228888214,163,1.602877761386595,1.0768381196620986,2,True,True,75,6,False,False,124,0,False,False
435,187557.0,0.034154790920197055,163,1.4796898458546737,1.025810684498594,2,True,True,75,6,False,False,124,0,False,False
436,187557.2,0.03416649154577874,163,1.4440805738771911,1.0301351002793233,2,True,True,75,6,False,False,124,0,False,False
437,187557.4,0.033622800729270506,164,1.4249117338663349,1.0463522387698958,2,True,True,75,6,False,False,124,0,False,False
438,187557.6,0.036747522790385824,165,1.4000198930772088,1.0546470108845536,2,True,True,75,6,False,False,124,0,False,False
439,187557.8,0.040178096742799575,166,1.406785095199004,1.0783682153302723,2,True,True,75,6,False,False,124,0,False,False
440,187558.0,0.03693678710123159,167,1.2938740511866011,1.0711981264446662,2,True,True,75,6,False,False,124,0,False,False
441,187558.2,0.03983614764816587,167,1.3437137009004079,1.0954703716987848,3,True,True,75,6,False,False,124,0,False,False
442,187558.4,0.04368864299612276,167,1.2803006829087487,1.0629784610447737,3,True,True,75,6,False,False,124,0,False,False
443,187558.6,0.03755219749545724,167,1.253091048710921,1.0603133545264734,3,True,True,75,6,False,False,124,0,False,False
444,187558.8,0.04131193613605762,167,1.2237868977480368,1.0516227800588747,3,True,True,75,6,False,False,124,0,False,False
445,187559.0,0.03801560161073024,167,1.2749863679497564,1.0890998454359881,3,True,True,75,6,False,False,124,0,False,False
446,187559.2,0.03826867407825704,167,1.2610262016683274,1.0928212548985523,3,True,True,75,6,False,False,125,0,False,False
447,187559.4,0.04060828666700012,167,1.214997060038956,1.0897270194289557,3,True,True,75,6,False,False,125,0,False,False
448,187559.6,0.04055768797018761,167,1.0977431449107669,1.0112000472347717,3,True,True,75,6,False,False,125,0,False,False
449,187559.8,0.03834939199167248,168,1.049472351688257,0.9784188822843913,3,True,True,75,6,False,False,125,0,False,False
450,187560.0,0.03461218869793145,169,0.9617705596755866,0.9252371722411572,3,True,True,75,6,False,False,125,0,False,False
451,187560.2,0.032949805690655344,170,0.8593445150799789,0.829057580443468,3,True,True,75,6,False,False,125,0,False,False
452,187560.4,0.03467934986909935,171,0.7088508069503517,0.7088508069503517,3,True,True,75,6,False,False,126,0,False,False
453,187560.6,0.032450199161760236,172,0.6565856316503682,0.6565856316503682,3,True,True,75,6,False,False,127,0,False,False
454,187560.8,0.02899477056062453,173,0.693853519550505,0.693853519550505,3,True,True,75,6,False,False,129,0,False,False
455,187561.0,0.027837555442117242,174,0.7219664154318225,0.7219664154318225,3,True,True,75,6,False,False,131,0,False,False
456,187561.2,0.0263697735574347,175,0.678432014016141,0.678432014016141,3,True,True,75,6,False,False,133,0,False,False
457,187561.4,0.028256805886582623,175,0.6439953309561102,0.6439953309561102,3,True,True,75,6,False,False,135,0,False,False
458,187561.6,0.027260382311574998,175,0.6661708127249295,0.6661708127249295,3,True,True,75,6,False,False,137,0,False,False
459,187561.8,0.02680988034801595,175,0.6360988654562136,0.6360988654562136,3,True,True,75,6,False,False,139,0,False,False
460,187562.0,0.022483772046729456,175,0.6254231637768157,0.6254231637768157,3,True,True,75,6,False,False,141,0,False,False
461,187562.2,0.021700387169430815,175,0.6234000475373014,0.6234000475373014,3,True,True,75,6,False,False,143,0,False,False
462,187562.4,0.02396265947933513,175,0.5827685356423304,0.5827685356423304,3,True,True,75,6,False,False,145,0,False,False
463,187562.6,0.021020272206651522,175,0.5773186966458138,0.5773186966458138,3,True,True,75,6,False,False,147,0,False,False
464,187562.8,0.019445990832036752,175,0.6027549046139014,0.6027549046139014,3,True,True,75,6,False,False,149,0,False,False
465,187563.0,0.017262025459286776,175,0.592445774608987,0.592445774608987,3,True,True,75,6,False,False,151,0,False,False
466,187563.2,0.016550899226344954,175,0.5568614785784884,0.5568614785784884,3,True,True,75,6,False,False,153,0,False,False
467,187563.4,0.015500735915532873,175,0.574966314447404,0.574966314447404,3,True,True,75,6,False,False,155,0,False,False
468,187563.6,0.014276156219552394,175,0.6172413430343625,0.6172413430343625,3,True,True,75,6,False,False,157,0,False,False
469,187563.8,0.016563568045880418,175,0.6401620762929143,0.6401620762929143,3,True,True,75,6,False,False,159,0,False,False
470,187564.0,0.015606771877881733,175,0.6492738579202536,0.6492738579202536,3,True,True,75,6,False,False,161,0,False,False
471,187564.2,0.01496883112307612,175,0.6373909853937506,0.6373909853937506,3,True,True,75,6,False,False,163,0,False,False
472,187564.4,0.019258223207522542,175,0.652978303274765,0.652978303274765,3,True,True,75,6,False,False,165,0,False,False
473,187564.6,0.020119098021418425,175,0.6734767476162479,0.6734767476162479,3,True,True,75,6,False,False,167,0,False,False
474,187564.8,0.018316410732356812,175,0.7618532820079654,0.7618532820079654,3,True,True,75,6,False,False,169,0,False,False
475,187565.0,0.01639872431183592,175,0.8265933286744175,0.8265933286744175,3,True,True,75,6,False,False,171,0,False,False
476,187565.2,0.026571534773530116,175,0.800467198953097,0.800467198953097,3,True,True,75,6,False,False,173,0,False,False
477,187565.4,0.03212228223171291,175,0.785605756009556,0.785605756009556,3,True,True,75,6,False,False,174,0,False,False
478,187565.6,0.02940830353968659,175,0.8012800077994529,0.8012800077994529,3,True,True,75,6,False,False,175,0,False,False
479,187565.8,0.028658715969758296,175,0.8098837635673263,0.8098837635673263,3,True,True,75,6,False,False,175,0,False,False
480,187566.0,0.022103921253219614,175,0.8050478909557228,0.8050478909557228,3,True,True,75,6,False,False,175,0,False,False
481,187566.2,0.02816571718302175,175,0.7754984747284155,0.7754984747284155,3,True,True,75,6,False,False,175,0,False,False
482,187566.4,0.03309502603994269,175,0.7461143576291824,0.7461143576291824,3,True,True,75,6,False,False,175,0,False,False
483,187566.6,0.0327050560431553,175,0.6918584609978217,0.6918584609978217,3,True,True,75,6,False,False,175,0,False,False
484,187566.8,0.024545102881873494,175,0.7007882542878207,0.7007882542878207,3,True,True,75,6,False,False,175,0,False,False
485,187567.0,0.011324034768025883,175,0.5788246931203147,0.5788246931203147,3,True,True,75,6,False,False,175,0,False,False
486,187567.2,0.015207615392943102,175,0.5555662293048328,0.5555662293048328,3,True,True,75,6,False,False,175,0,False,False
487,187567.4,0.018485118129326003,175,0.4643046248128468,0.4643046248128468,3,True,True,75,6,False,False,175,0,False,False
488,187567.6,0.01849979690814699,175,0.44729600685904036,0.44729600685904036,3,True,True,75,6,False,False,175,0,False,False
489,187567.8,0.020039010087967584,175,0.40452054820785865,0.40452054820785865,3,True,True,75,6,False,False,175,0,False,False
490,187568.0,0.02086109265436184,174,0.345680138636977,0.345680138636977,3,True,True,75,6,False,False,174,0,False,False
491,187568.2,0.029050574379592197,174,0.39717861320524606,0.39717861320524606,3,True,True,75,6,False,False,174,0,False,False
492,187568.4,0.023366245913783296,173,0.3998792805199822,0.3998792805199822,3,True,True,75,6,False,False,173,0,False,False
493,187568.6,0.015221136592784436,172,0.44245222552566926,0.44245222552566926,3,True,True,75,6,False,False,172,0,False,False
494,187568.8,0.024446261144685958,171,0.4169750610397036,0.4169750610397036,3,True,True,75,6,False,False,171,0,False,False
495,187569.0,0.02044430889660175,170,0.43439696006810896,0.43439696006810896,3,True,True,75,6,False,False,170,0,False,False
496,187569.2,0.017863660285357214,169,0.44969349390371,0.44969349390371,3,True,True,75,6,False,False,169,0,False,False
497,187569.4,0.02404153985337214,168,0.45688034587956355,0.45688034587956355,3,True,True,75,6,False,False,168,0,False,False
498,187569.6,0.01838516367796105,167,0.4724503310297918,0.4724503310297918,3,True,True,75,6,False,False,167,0,False,False
499,187569.8,0.013980794911749738,167,0.49627870117116896,0.49627870117116896,3,True,True,75,6,False,False,166,0,False,False
500,187570.0,0.016831096031995427,167,0.4672477421966152,0.4672477421966152,3,True,True,75,6,False,False,165,0,False,False
501,187570.2,0.009073253800591449,167,0.43847775405232486,0.43847775405232486,3,True,True,75,6,False,False,164,0,False,False
502,187570.4,0.013502175970092945,167,0.428064797781241,0.428064797781241,3,True,True,75,6,False,False,163,0,False,False
503,187570.6,0.025396783516435397,167,0.5253354713107983,0.5253354713107983,3,True,True,75,6,False,False,162,0,False,False
504,187570.8,0.02081628111699884,167,0.6197502584053101,0.6197502584053101,3,True,True,75,6,False,False,161,0,False,False
505,187571.0,0.02888401570835584,167,0.6429290552637066,0.6429290552637066,3,True,True,75,6,False,False,160,0,False,False
506,187571.2,0.023122506671967368,167,0.6494701570436033,0.6494701570436033,3,True,True,75,6,False,False,159,0,False,False
507,187571.4,0.020011458655547047,167,0.6265429488722901,0.6265429488722901,3,True,True,75,6,False,False,158,0,False,False
508,187571.6,0.029019499727908845,167,0.6140064771580823,0.6140064771580823,3,True,True,75,6,False,False,157,0,False,False
509,187571.8,0.03296771175146575,167,0.5069634524188454,0.5069634524188454,3,True,True,75,6,False,False,156,0,False,False
510,187572.0,0.0320615949770356,167,0.45412371903404625,0.45412371903404625,3,True,True,75,6,False,False,155,0,False,False
511,187572.2,0.023155996384018985,167,0.3973686740344404,0.3973686740344404,3,True,True,75,6,False,False,154,0,False,False
512,187572.4,0.018989640693805796,167,0.3898037932319162,0.3898037932319162,3,True,True,75,6,False,False,153,0,False,False
513,187572.6,0.02043118782422704,167,0.3291578112178894,0.3291578112178894,3,True,True,75,6,False,False,152,0,False,False
514,187572.8,0.02712233373308367,166,0.3290233552135184,0.3290233552135184,3,True,True,75,6,False,False,150,0,False,False
515,187573.0,0.028262623666033573,167,0.34044540485496183,0.34044540485496183,3,True,True,75,6,False,False,150,0,False,False
516,187573.2,0.01505821606428061,166,0.2850172753645201,0.2850172753645201,3,True,True,75,6,False,False,148,0,False,False
517,187573.4,0.015805578491396206,166,0.272824750005452,0.272824750005452,3,True,True,75,6,False,False,148,0,False,False
518,187573.6,0.015232405052612927,166,0.2655460080394943,0.2655460080394943,3,True,True,75,6,False,False,148,0,False,False
519,187573.8,0.018819573174905395,166,0.2989637025506731,0.2989637025506731,3,True,True,75,6,False,False,148,0,False,False
520,187574.0,0.022225063062989346,166,0.27876106849703963,0.27876106849703963,3,True,True,75,6,False,False,148,0,False,False
521,187574.2,0.019598887440106932,166,0.30678271842924026,0.30678271842924026,3,True,True,75,6,False,False,148,0,False,False
522,187574.4,0.016275275465847033,164,0.2653737881677872,0.2653737881677872,3,True,True,75,6,False,False,146,0,False,False
523,187574.6,0.02371317274195897,163,0.5187072696018666,0.5187072696018666,3,True,True,75,6,False,False,145,0,False,False
524,187574.8,0.03400507445813328,161,0.5148852249385557,0.5148852249385557,3,True,True,75,6,False,False,144,0,False,False
525,187575.0,0.036443663617469514,159,0.47293870906361174,0.47293870906361174,3,True,True,75,6,False,False,143,0,False,False
526,187575.2,0.031234454268235377,158,0.4352779443954796,0.4352779443954796,3,True,True,75,6,False,False,142,0,False,False
527,187575.4,0.029802410596080627,157,0.4315306054089397,0.4315306054089397,3,True,True,75,6,False,False,141,0,False,False
528,187575.6,0.02852063629698024,156,0.4241875893221851,0.4241875893221851,3,True,True,75,6,False,False,140,0,False,False
529,187575.8,0.032593320432776615,155,0.4021001080770606,0.4021001080770606,3,True,True,75,6,False,False,140,0,False,False
530,187576.0,0.046386605290850404,154,0.41349471527730697,0.41349471527730697,3,True,True,75,6,False,False,140,0,False,False
531,187576.2,0.041985099673962,153,0.4303920840227157,0.4303920840227157,3,True,True,75,6,False,False,140,0,False,False
532,187576.4,0.037460226982471166,152,0.46633641436366446,0.46633641436366446,3,True,True,75,6,False,False,140,0,False,False
533,187576.6,0.04548335211615573,151,0.46341534537986706,0.46341534537986706,3,True,True,75,6,False,False,140,0,False,False
534,187576.8,0.04003946218440514,150,0.45764257525837737,0.45764257525837737,3,True,True,75,6,False,False,140,0,False,False
535,187577.0,0.04436907787256865,149,0.47947131389416786,0.47947131389416786,3,True,True,75,6,False,False,140,0,False,False
536,187577.2,0.042500951105746095,148,0.41206425306668926,0.41206425306668926,3,True,True,75,6,False,False,140,0,False,False
537,187577.4,0.04396982866595208,147,0.38518323743125277,0.38518323743125277,3,True,True,75,6,False,False,140,0,False,False
538,187577.6,0.036650965676864766,146,0.36765262665850185,0.36765262665850185,3,True,True,75,6,False,False,140,0,False,False
539,187577.8,0.03942347354530672,146,0.4232064943212793,0.4232064943212793,3,True,True,75,6,False,False,141,0,False,False
540,187578.0,0.03777713265645994,145,0.4455338643774945,0.4455338643774945,3,True,True,75,6,False,False,140,0,False,False
541,187578.2,0.04039230818770217,145,0.4589825964630143,0.4589825964630143,3,True,True,75,6,False,False,140,0,False,False
542,187578.4,0.04101658889117309,145,0.4414563458104566,0.4414563458104566,3,True,True,75,6,False,False,140,0,False,False
543,187578.6,0.04823612334604188,145,0.4729161417994089,0.4729161417994089,3,True,True,75,6,False,False,140,0,False,False
544,187578.8,0.045420835167735304,145,0.49691042312187617,0.49691042312187617,3,True,True,75,6,False,False,140,0,False,False
545,187579.0,0.0494695377441457,145,0.5099711354787959,0.5099711354787959,3,True,True,75,6,False,False,139,0,False,False
546,187579.2,0.044340442543644165,145,0.5353734235556536,0.5353734235556536,3,True,True,75,6,False,False,139,0,False,False
547,187579.4,0.04463276674832516,147,0.5254730896970852,0.5254730896970852,3,True,True,75,6,False,False,140,0,False,False
548,187579.6,0.03481080877908876,148,0.5157034007114821,0.5157034007114821,3,True,True,75,6,False,False,141,0,False,False
549,187579.8,0.044795402366628025,149,0.5831489758059745,0.5831489758059745,3,True,True,75,6,False,False,142,0,False,False
550,187580.0,0.03367472371999178,150,0.5315157071703427,0.5315157071703427,3,True,True,75,6,False,False,142,0,False,False
551,187580.2,0.03048246983744033,151,0.696571621699774,0.696571621699774,3,True,True,75,6,False,False,143,0,False,False
552,187580.4,0.03352693224445092,152,0.5991809958573154,0.5991809958573154,3,True,True,75,6,False,False,144,0,False,False
553,187580.6,0.042096607965990414,153,0.5055782867020753,0.5055782867020753,3,True,True,75,6,False,False,145,0,False,False
554,187580.8,0.04157502890240359,154,0.4929053777534946,0.4929053777534946,3,True,True,75,6,False,False,145,0,False,False
555,187581.0,0.03785704094722319,155,0.45753439734070567,0.45753439734070567,3,True,True,75,6,False,False,145,0,False,False
556,187581.2,0.03823869849600546,156,0.39179018235824825,0.39179018235824825,3,True,True,75,6,False,False,146,0,False,False
557,187581.4,0.03557113706317169,157,0.4050096505087701,0.4050096505087701,3,True,True,75,6,False,False,147,0,False,False
558,187581.6,0.009075098593381273,158,0.4200813352749027,0.4200813352749027,3,True,True,75,6,False,False,148,0,False,False
559,187581.8,0.021221145035764197,159,0.4968937923956628,0.4968937923956628,3,True,True,75,6,False,False,149,0,False,False
560,187582.0,0.011445933132886194,160,0.6009692572291978,0.6009692572291978,3,True,True,75,6,False,False,150,0,False,False
561,187582.2,0.014308883992720246,162,0.648902900880455,0.648902900880455,3,True,True,75,6,False,False,151,0,False,False
562,187582.4,0.026736247509541643,164,0.6798783403058282,0.6798783403058282,2,True,True,75,6,False,False,152,0,False,False
563,187582.6,0.04324282397871314,166,0.664179181653896,0.664179181653896,3,True,True,75,6,False,False,153,0,False,False
564,187582.8,0.009765140644941597,168,0.7410860207186917,0.7410860207186917,2,True,True,75,6,False,False,154,0,False,False
565,187583.0,0.010994346288323093,170,0.8375923416880467,0.8375923416880467,2,True,True,75,6,False,False,156,0,False,False
566,187583.2,0.03062396447105623,172,0.8047715525333007,0.8047715525333007,2,True,True,75,6,False,False,158,0,False,False
567,187583.4,0.05454189665413567,174,0.7788421480241464,0.7788421480241464,2,True,True,75,6,False,False,159,0,False,False
568,187583.6,0.05573776409762398,176,0.7391251163036442,0.7391251163036442,2,True,True,75,6,False,False,160,0,False,False
569,187583.8,0.039932283854324915,178,0.7162569065881975,0.7162569065881975,2,True,True,75,6,False,False,161,0,False,False
570,187584.0,0.027159505639116368,180,0.6723177133763122,0.6723177133763122,2,True,True,75,6,False,False,163,0,False,False
571,187584.2,0.031217323612299137,182,0.6522922931488251,0.6522922931488251,2,True,True,75,6,False,False,164,0,False,False
572,187584.4,0.042383982606757395,184,0.5934639926433871,0.5934639926433871,2,True,True,75,6,False,False,166,0,False,False
573,187584.6,0.05082204316202801,186,0.46591769548883655,0.46591769548883655,2,True,True,75,6,False,False,167,0,False,False
574,187584.8,0.04327250750712443,188,0.3411499521843971,0.3411499521843971,2,True,True,75,6,False,False,168,0,False,False
575,187585.0,0.05452611784712328,190,0.3441648996849188,0.3441648996849188,2,True,True,75,6,False,False,170,0,False,False
576,187585.2,0.042376612318029416,190,0.4353401635826975,0.4353401635826975,2,True,True,75,6,False,False,170,0,False,False
577,187585.4,0.035298370822726875,190,0.4282881304368037,0.4282881304368037,2,True,True,75,6,False,False,170,0,False,False
578,187585.6,0.04064651403868511,191,0.46025152552411724,0.46025152552411724,2,True,True,75,6,False,False,170,0,False,False
579,187585.8,0.040752331723177555,192,0.5031541337920095,0.5031541337920095,2,True,True,75,6,False,False,170,0,False,False
580,187586.0,0.03680495545817636,193,0.5237041691040082,0.5237041691040082,2,True,True,75,6,False,False,170,0,False,False
581,187586.2,0.037546541996959205,194,0.5250674098631397,0.5250674098631397,2,True,True,75,6,False,False,169,0,False,False
582,187586.4,0.03520974366332885,195,0.5021019803612221,0.5021019803612221,2,True,True,75,6,False,False,169,0,False,False
583,187586.6,0.03560353247487522,196,0.4773328010113598,0.4773328010113598,2,True,True,75,6,False,False,169,0,False,False
584,187586.8,0.025221754511488285,197,0.5576650420163963,0.5576650420163963,2,True,True,75,6,False,False,169,0,False,False
585,187587.0,0.025903358612605402,198,0.6371230570357993,0.6371230570357993,2,True,True,75,6,False,False,169,0,False,False
586,187587.2,0.028192108854150622,198,0.6460244788502929,0.6460244788502929,2,True,True,75,6,False,False,169,0,False,False
587,187587.4,0.032510689308651856,198,0.6281029301054393,0.6281029301054393,2,True,True,75,6,False,False,170,0,False,False
588,187587.6,0.03268520713680712,198,0.5872229444828251,0.5872229444828251,2,True,True,75,6,False,False,170,0,False,False
589,187587.8,0.03235403819588082,198,0.5873206674018744,0.5873206674018744,2,True,True,75,6,False,False,171,0,False,False
590,187588.0,0.022360986641720638,198,0.5630710344665375,0.5630710344665375,2,True,True,75,6,False,False,172,0,False,False
591,187588.2,0.026928992792324854,198,0.4901492933219441,0.4901492933219441,2,True,True,75,6,False,False,173,0,False,False
592,187588.4,0.026198785439105112,198,0.4789438488470256,0.4789438488470256,2,True,True,75,6,False,False,174,0,False,False
593,187588.6,0.026080910679762332,198,0.3821215945396424,0.3821215945396424,2,True,True,75,6,False,False,174,0,False,False
594,187588.8,0.02143460931699768,198,0.3238026431772588,0.3238026431772588,2,True,True,75,6,False,False,175,0,False,False
595,187589.0,0.017276183013697963,198,0.3443256138503142,0.3443256138503142,2,True,True,75,6,False,False,176,0,False,False
596,187589.2,0.018030997993152175,198,0.33692114359591996,0.33692114359591996,2,True,True,75,6,False,False,177,0,False,False
597,187589.4,0.010739012569994133,198,0.29441229449446066,0.29441229449446066,2,True,True,75,6,False,False,178,0,False,False
598,187589.6,0.01252616302624764,198,0.31913780997974267,0.31913780997974267,2,True,True,75,6,False,False,179,0,False,False
599,187589.8,0.015875965666293044,198,0.3453551477388849,0.3453551477388849,2,True,True,75,6,False,False,180,0,False,False
600,187590.0,0.020117765470879345,198,0.38525793985631623,0.38525793985631623,2,True,True,75,6,False,False,181,0,False,False
601,187590.2,0.015020245142315598,199,0.3872531858609853,0.3872531858609853,2,True,True,75,6,False,False,183,0,False,False
602,187590.4,0.010624889780631731,200,0.4620683321055255,0.4620683321055255,2,True,True,75,6,False,False,185,0,False,False
603,187590.6,0.016765355418798384,200,0.5073205429749095,0.5073205429749095,2,True,True,75,6,False,False,187,0,False,False
604,187590.8,0.023946478256753903,200,0.5985898032216622,0.5985898032216622,2,True,True,75,6,False,False,189,0,False,False
605,187591.0,0.026543350568591355,200,0.6254394587593791,0.6254394587593791,2,True,True,75,6,False,False,191,0,False,False
606,187591.2,0.024638426761432013,200,0.6052571595302282,0.6052571595302282,2,True,True,75,6,False,False,193,0,False,False
607,187591.4,0.024834302280265844,200,0.5688131970330295,0.5688131970330295,2,True,True,75,6,False,False,194,0,False,False
608,187591.6,0.023705938200632645,200,0.5548190269279548,0.5548190269279548,2,True,True,75,6,False,False,195,0,False,False
609,187591.8,0.023650713938200795,200,0.5478809435919186,0.5478809435919186,2,True,True,75,6,False,False,196,0,False,False
610,187592.0,0.02327881417577668,200,0.5102492055190624,0.5102492055190624,2,True,True,75,6,False,False,197,0,False,False
611,187592.2,0.022667765111535305,200,0.50417928160369,0.50417928160369,2,True,True,75,6,False,False,198,0,False,False
612,187592.4,0.023457313433930215,200,0.4812992658994859,0.4812992658994859,2,True,True,75,6,False,False,198,0,False,False
613,187592.6,0.0232751302364439,200,0.3895168874558882,0.3895168874558882,2,True,True,75,6,False,False,199,0,False,False
614,187592.8,0.02440409773324461,200,0.37889632237132104,0.37889632237132104,2,True,True,75,6,False,False,199,0,False,False
615,187593.0,0.026896868277853033,200,0.37836715035197,0.37836715035197,2,True,True,75,6,False,False,199,0,False,False
616,187593.2,0.02614193595441136,200,0.35565130919419646,0.35565130919419646,2,True,True,75,6,False,False,199,0,False,False
617,187593.4,0.026360737170832753,200,0.3335902135809127,0.3335902135809127,2,True,True,75,6,False,False,199,0,False,False
618,187593.6,0.027196029538421342,200,0.3568072999438971,0.3568072999438971,2,True,True,75,6,False,False,200,0,False,False
619,187593.8,0.027247200954008018,200,0.363872698672337,0.363872698672337,2,True,True,75,6,False,False,200,0,False,False
620,187594.0,0.03178602293382691,200,0.3709214297333917,0.3709214297333917,2,True,True,75,6,False,False,200,0,False,False
621,187594.2,0.029617706209321575,200,0.3831820408871762,0.3831820408871762,2,True,True,75,6,False,False,200,0,False,False
622,187594.4,0.030427719621623727,200,0.4440414154048491,0.4440414154048491,2,True,True,75,6,False,False,200,0,False,False
623,187594.6,0.031184059086830536,200,0.47739024739937497,0.47739024739937497,2,True,True,75,6,False,False,200,0,False,False
624,187594.8,0.030453671153943093,200,0.47598986681357597,0.47598986681357597,2,True,True,75,6,False,False,200,0,False,False
625,187595.0,0.03475644743200906,200,0.503659160058576,0.503659160058576,2,True,True,75,6,False,False,200,0,False,False
626,187595.2,0.03251602218597715,200,0.49993019365707986,0.49993019365707986,2,True,True,75,6,False,False,200,0,False,False
627,187595.4,0.030708394673455187,200,0.5516525641742784,0.5516525641742784,2,True,True,75,6,False,False,200,0,False,False
628,187595.6,0.03177803681044194,200,0.6066035190494923,0.6066035190494923,2,True,True,75,6,False,False,200,0,False,False
629,187595.8,0.032030937612541846,200,0.697612317519557,0.697612317519557,2,True,True,75,6,False,False,200,0,False,False
630,187596.0,0.032196736263516025,200,0.7676510112200378,0.7676510112200378,2,True,True,75,6,False,False,200,0,False,False
631,187596.2,0.03187301328454074,200,0.7978567886771225,0.7978567886771225,2,True,True,75,6,False,False,200,0,False,False
632,187596.4,0.031438567099473444,200,0.7705693191342494,0.7705693191342494,2,True,True,75,6,False,False,200,0,False,False
633,187596.6,0.030543614567324455,200,0.8366915739289608,0.8366915739289608,2,True,True,75,6,False,False,200,0,False,False
634,187596.8,0.0296691475196767,200,0.8685284395564609,0.8685284395564609,2,True,True,75,6,False,False,200,0,False,False
635,187597.0,0.030577601032144207,200,0.973752614442021,0.973752614442021,2,True,True,75,6,False,False,200,0,False,False
636,187597.2,0.030108702736020652,200,0.9918351154976061,0.9918351154976061,2,True,True,75,6,False,False,200,0,False,False
637,187597.4,0.03206747728692594,200,0.9333752633270975,0.9333752633270975,2,True,True,75,6,False,False,200,0,False,False
638,187597.6,0.030553363645931062,200,0.9840058206415155,0.9840058206415155,2,True,True,75,6,False,False,200,0,False,False
639,187597.8,0.028811247856922614,200,0.9365057730607261,0.9365057730607261,2,True,True,75,6,False,False,200,0,False,False
640,187598.0,0.028770756445376,200,0.9099095528047914,0.9099095528047914,2,True,True,75,6,False,False,200,0,False,False
641,187598.2,0.028112312436419488,200,1.020817753280271,1.020817753280271,2,True,True,75,6,False,False,200,0,False,False
642,187598.4,0.025993060346430744,200,0.9330740982404113,0.9330740982404113,2,True,True,75,6,False,False,200,0,False,False
643,187598.6,0.02763411560080197,200,0.9805093174293685,0.9805093174293685,2,True,True,75,6,False,False,200,0,False,False
644,187598.8,0.02797490782293325,200,1.010357093503004,1.010357093503004,2,True,True,75,6,False,False,200,0,False,False
645,187599.0,0.02606544623270403,200,1.0072122763110143,1.0072122763110143,2,True,True,75,6,False,False,200,0,False,False
646,187599.2,0.026564535685141874,200,0.9686354258978602,0.9686354258978602,2,True,True,75,6,False,False,200,0,False,False
647,187599.4,0.03087691877487443,200,0.9566433773190424,0.9566433773190424,2,True,True,75,6,False,False,200,0,False,False
648,187599.6,0.02972530387671594,200,0.9940949749847413,0.9940949749847413,2,True,True,75,6,False,False,200,0,False,False
649,187599.8,0.030917909245350265,200,0.9748138927728336,0.9748138927728336,2,True,True,75,6,False,False,200,0,False,False
650,187600.0,0.031116337182935563,200,0.9332192064230379,0.9332192064230379,2,True,True,75,6,False,False,200,0,False,False
651,187600.2,0.03187716204778451,200,0.950202293630718,0.950202293630718,2,True,True,75,6,False,False,200,0,False,False
652,187600.4,0.03125660608279411,200,0.995474117323493,0.995474117323493,2,True,True,75,6,False,False,200,0,False,False
653,187600.6,0.03178351537181573,200,1.0675463566817132,1.0675463566817132,2,True,True,75,6,False,False,200,0,False,False
654,187600.8,0.03263281196819604,200,1.0283344227657503,1.0283344227657503,2,True,True,75,6,False,False,200,0,False,False
655,187601.0,0.03448413411500826,200,1.1069619665231791,1.0885259101408793,2,True,True,75,6,False,False,200,0,False,False
656,187601.2,0.03198582196396832,200,1.1045610041531955,1.0851269498768377,2,True,True,75,6,False,False,200,0,False,False
657,187601.4,0.03241865946056124,200,1.1161211413816086,1.1161211413816086,2,True,True,75,6,False,False,200,0,False,False
658,187601.6,0.03424783576986,200,1.1386328519600641,1.135470383475453,2,True,True,75,6,False,False,200,0,False,False
659,187601.8,0.03335345971962346,200,1.0905997347780108,1.0905997347780108,2,True,True,75,6,False,False,200,0,False,False
660,187602.0,0.033325828687562835,200,1.0634760397471366,1.0634760397471366,2,True,True,75,6,False,False,200,0,False,False
661,187602.2,0.03386343888573802,200,1.0562633058889004,1.0562633058889004,2,True,True,75,6,False,False,200,0,False,False
662,187602.4,0.03519709644814125,200,0.9965336410145338,0.9965336410145338,2,True,True,75,6,False,False,200,0,False,False
663,187602.6,0.03521801873308694,200,0.9683935525105355,0.9683935525105355,2,True,True,75,6,False,False,200,0,False,False
664,187602.8,0.034831791996736104,200,0.8526319098989974,0.8526319098989974,2,True,True,75,6,False,False,200,0,False,False
665,187603.0,0.036121588127083396,200,0.759284005448609,0.759284005448609,2,True,True,75,6,False,False,200,0,False,False
666,187603.2,0.03518564700944614,200,0.8266186605895025,0.8266186605895025,2,True,True,75,6,False,False,200,0,False,False
667,187603.4,0.03823695268932819,200,0.8584755288807658,0.8584755288807658,2,True,True,75,6,False,False,200,0,False,False
668,187603.6,0.03904185832215786,200,0.8430240278996671,0.8430240278996671,2,True,True,75,6,False,False,200,0,False,False
669,187603.8,0.04098388745088385,200,0.9522497212807951,0.9127124460755294,2,True,True,75,6,False,False,200,0,False,False
670,187604.0,0.04275058464020748,200,0.9607178125477654,0.8914606139832714,2,True,True,75,6,False,False,200,0,False,False
671,187604.2,0.04188215630787505,200,0.9268613328993004,0.8651470550546442,2,True,True,75,6,False,False,200,0,False,False
672,187604.4,0.04278762071579161,200,0.9203761351611838,0.886876232740042,2,True,True,75,6,False,False,200,0,False,False
673,187604.6,0.044266671618565095,200,0.935522337763457,0.935522337763457,2,True,True,75,6,False,False,200,0,False,False
674,187604.8,0.04516491556560502,200,0.8897562065080209,0.8897562065080209,2,True,True,75,6,False,False,200,0,False,False
675,187605.0,0.046784492295534275,200,0.8893663161413679,0.8893663161413679,2,True,True,75,6,False,False,200,0,False,False
676,187605.2,0.04426926967648235,200,0.866562255409,0.866562255409,2,True,True,75,6,False,False,200,0,False,False
677,187605.4,0.04480542549880095,200,0.8120403395661773,0.8120403395661773,2,True,True,75,6,False,False,200,0,False,False
678,187605.6,0.04256433087863144,200,0.7017768670465355,0.7017768670465355,2,True,True,75,6,False,False,200,0,False,False
679,187605.8,0.042308461336526805,200,0.6762648144258963,0.6762648144258963,3,True,True,75,6,False,False,200,0,False,False
680,187606.0,0.04217661840708867,200,0.7121224435173199,0.7121224435173199,3,True,True,75,6,False,False,200,0,False,False
681,187606.2,0.03915453255858103,200,0.6826339065447659,0.6826339065447659,3,True,True,75,6,False,False,200,0,False,False
682,187606.4,0.03628490887940862,200,0.5788666531668325,0.5788666531668325,3,True,True,75,6,False,False,200,0,False,False
683,187606.6,0.03494373825149448,200,0.5851471941818273,0.5851471941818273,3,True,True,75,6,False,False,200,0,False,False
684,187606.8,0.03374137729938497,200,0.5543071744730874,0.5543071744730874,3,True,True,75,6,False,False,200,0,False,False
685,187607.0,0.0333595745215285,200,0.4918132765785254,0.4918132765785254,3,True,True,75,6,False,False,200,0,False,False
686,187607.2,0.03257830541177413,200,0.502490389335871,0.502490389335871,3,True,True,75,6,False,False,200,0,False,False
687,187607.4,0.029480606960113998,200,0.5359611093266305,0.5359611093266305,3,True,True,75,6,False,False,200,0,False,False
688,187607.6,0.029369432671442444,200,0.5087432240132372,0.5087432240132372,3,True,True,75,6,False,False,200,0,False,False
689,187607.8,0.030738891659022424,200,0.5136811658632053,0.5136811658632053,3,True,True,75,6,False,False,200,0,False,False
690,187608.0,0.030477156133940003,200,0.5007638660325018,0.5007638660325018,3,True,True,75,6,False,False,200,0,False,False
691,187608.2,0.028429406739890178,200,0.530289079929098,0.530289079929098,3,True,True,75,6,False,False,200,0,False,False
692,187608.4,0.028452561177707992,200,0.5916570403078287,0.5916570403078287,3,True,True,75,6,False,False,200,0,False,False
693,187608.6,0.02506314315227443,200,0.577151217667131,0.577151217667131,3,True,True,75,6,False,False,200,0,False,False
694,187608.8,0.023779197415038755,200,0.528544755471443,0.528544755471443,3,True,True,75,6,False,False,200,0,False,False
695,187609.0,0.02652193549954715,200,0.5265597899267852,0.5265597899267852,3,True,True,75,6,False,False,200,0,False,False
696,187609.2,0.021017173303661516,200,0.5098158192398017,0.5098158192398017,3,True,True,75,6,False,False,200,0,False,False
697,187609.4,0.021143292890190957,200,0.4999221683821317,0.4999221683821317,3,True,True,75,6,False,False,200,0,False,False
698,187609.6,0.021570061134005402,200,0.5021500050226327,0.5021500050226327,3,True,True,75,6,False,False,200,0,False,False
699,187609.8,0.020986633475320964,200,0.5485025153195675,0.5485025153195675,3,True,True,75,6,False,False,200,0,False,False
700,187610.0,0.02134760680026125,200,0.541058075478007,0.541058075478007,3,True,True,75,6,False,False,200,0,False,False
701,187610.2,0.021783029667629617,200,0.5429378353304103,0.5429378353304103,3,True,True,75,6,False,False,200,0,False,False
702,187610.4,0.020482547597296924,200,0.5513951667594075,0.5513951667594075,3,True,True,75,6,False,False,200,0,False,False
703,187610.6,0.02145732816504944,200,0.48752314520480267,0.48752314520480267,3,True,True,75,6,False,False,200,0,False,False
704,187610.8,0.01966959484634701,200,0.4641029968979408,0.4641029968979408,3,True,True,75,6,False,False,200,0,False,False
705,187611.0,0.023121352003172554,200,0.4347309108306548,0.4347309108306548,3,True,True,75,6,False,False,200,0,False,False
706,187611.2,0.021836923507380795,200,0.4969906612731505,0.4969906612731505,3,True,True,75,6,False,False,200,0,False,False
707,187611.4,0.021956514283539612,200,0.5144595076188184,0.5144595076188184,3,True,True,75,6,False,False,200,0,False,False
708,187611.6,0.02309819657877253,200,0.5063674505517627,0.5063674505517627,3,True,True,75,6,False,False,200,0,False,False
709,187611.8,0.023407715663424315,200,0.5345611816597962,0.5345611816597962,3,True,True,75,6,False,False,200,0,False,False
710,187612.0,0.027232003373160747,200,0.5997179895278458,0.5997179895278458,3,True,True,75,6,False,False,200,0,False,False
711,187612.2,0.02492021275313841,200,0.5766798534317215,0.5766798534317215,3,True,True,75,6,False,False,200,0,False,False
712,187612.4,0.024106026217729486,200,0.5598019157816047,0.5598019157816047,3,True,True,75,6,False,False,200,0,False,False
713,187612.6,0.02292928907267234,200,0.5278542059912796,0.5278542059912796,3,True,True,75,6,False,False,200,0,False,False
714,187612.8,0.02584795352459551,200,0.5288400591153453,0.5288400591153453,3,True,True,75,6,False,False,200,0,False,False
715,187613.0,0.0260499838330203,200,0.47679044129023784,0.47679044129023784,3,True,True,75,6,False,False,200,0,False,False
716,187613.2,0.02484514011082796,200,0.5093079460110821,0.5093079460110821,3,True,True,75,6,False,False,200,0,False,False
717,187613.4,0.02354681985972824,200,0.5272970096163292,0.5272970096163292,3,True,True,75,6,False,False,200,0,False,False
718,187613.6,0.024146150569083927,200,0.5889584617811419,0.5889584617811419,3,True,True,75,6,False,False,200,0,False,False
719,187613.8,0.026170144388599183,200,0.6062584703992201,0.6062584703992201,3,True,True,75,6,False,False,200,0,False,False
720,187614.0,0.026596409954296563,200,0.6053797471868491,0.6053797471868491,3,True,True,75,6,False,False,200,0,False,False
721,187614.2,0.02655896133120929,200,0.5947420269756744,0.5947420269756744,3,True,True,75,6,False,False,200,0,False,False
722,187614.4,0.02851169103015137,200,0.5515044472588042,0.5515044472588042,3,True,True,75,6,False,False,200,0,False,False
723,187614.6,0.027445318393827838,200,0.5625673124041435,0.5625673124041435,3,True,True,75,6,False,False,200,0,False,False
724,187614.8,0.027897114042910617,200,0.5899031769534059,0.5899031769534059,3,True,True,75,6,False,False,200,0,False,False
725,187615.0,0.02868991477242149,200,0.5882919830964632,0.5882919830964632,3,True,True,75,6,False,False,200,0,False,False
726,187615.2,0.028882829023545047,200,0.5926399272579002,0.5926399272579002,3,True,True,75,6,False,False,200,0,False,False
727,187615.4,0.029979329200647404,200,0.5757125707130171,0.5757125707130171,3,True,True,75,6,False,False,200,0,False,False
728,187615.6,0.031714074535981525,200,0.5602106210773414,0.5602106210773414,3,True,True,75,6,False,False,200,0,False,False
729,187615.8,0.03280847705789861,200,0.55947688261713,0.55947688261713,3,True,True,75,6,False,False,200,0,False,False
730,187616.0,0.03483193010058921,200,0.5363380849136756,0.5363380849136756,3,True,True,75,6,False,False,200,0,False,False
731,187616.2,0.03400473728471746,200,0.5296360748844559,0.5296360748844559,3,True,True,75,6,False,False,200,0,False,False
732,187616.4,0.033247716891723664,200,0.5188169044107862,0.5188169044107862,3,True,True,75,6,False,False,200,0,False,False
733,187616.6,0.033321762642211816,200,0.5298948935549064,0.5298948935549064,3,True,True,75,6,False,False,200,0,False,False
734,187616.8,0.03572645030559254,200,0.5805796627360967,0.5805796627360967,3,True,True,75,6,False,False,200,0,False,False
735,187617.0,0.03673563717354094,200,0.5349149013846584,0.5349149013846584,3,True,True,75,6,False,False,200,0,False,False
736,187617.2,0.036107910569312056,200,0.5606241258252536,0.5606241258252536,3,True,True,75,6,False,False,200,0,False,False
737,187617.4,0.03645462695089505,200,0.45154454213959405,0.45154454213959405,3,True,True,75,6,False,False,200,0,False,False
738,187617.6,0.03500761730164003,200,0.49075261624293387,0.49075261624293387,3,True,True,75,6,False,False,200,0,False,False
739,187617.8,0.03879882666530927,200,0.6074673132912293,0.6074673132912293,3,True,True,75,6,False,False,200,0,False,False
740,187618.0,0.04452340200685578,200,0.6067174712494052,0.6067174712494052,3,True,True,75,6,False,False,200,0,False,False
741,187618.2,0.04083572429565369,200,0.48601541041912805,0.48601541041912805,3,True,True,75,6,False,False,200,0,False,False
742,187618.4,0.03936118964084113,200,0.4385731584449174,0.4385731584449174,3,True,True,75,6,False,False,200,0,False,False
743,187618.6,0.04392241726696694,200,0.46711393206912577,0.46711393206912577,3,True,True,75,6,False,False,200,0,False,False
744,187618.8,0.04175981056960581,200,0.4941208583826198,0.4941208583826198,3,True,True,75,6,False,False,200,0,False,False
745,187619.0,0.04501313910236206,200,0.5222929303137865,0.5222929303137865,3,True,True,75,6,False,False,200,0,False,False
746,187619.2,0.04074832645446829,200,0.5169551403832888,0.5169551403832888,3,True,True,75,6,False,False,200,0,False,False
747,187619.4,0.0407743575182708,200,0.460595254898448,0.460595254898448,3,True,True,75,6,False,False,200,0,False,False
748,187619.6,0.041566797673610226,200,0.4633049178283955,0.4633049178283955,3,True,True,75,6,False,False,200,0,False,False
749,187619.8,0.043042415004091304,200,0.44090320394950683,0.44090320394950683,3,True,True,75,6,False,False,200,0,False,False
750,187620.0,0.04621618782732579,200,0.49166814495215516,0.49166814495215516,3,True,True,75,6,False,False,200,0,False,False
751,187620.2,0.04154752023664447,200,0.4552602873157843,0.4552602873157843,3,True,True,75,6,False,False,200,0,False,False
752,187620.4,0.041043761540851806,200,0.45121865200126476,0.45121865200126476,3,True,True,75,6,False,False,200,0,False,False
753,187620.6,0.044147922311628805,200,0.4897201753415516,0.4897201753415516,3,True,True,75,6,False,False,200,0,False,False
754,187620.8,0.04319621448387847,200,0.5289935743892021,0.5289935743892021,3,True,True,75,6,False,False,200,0,False,False
755,187621.0,0.04219622242636437,200,0.5300119554117921,0.5300119554117921,3,True,True,75,6,False,False,200,0,False,False
756,187621.2,0.043274547945093736,200,0.535009156126249,0.535009156126249,3,True,True,75,6,False,False,200,0,False,False
757,187621.4,0.04631003647195436,200,0.5289604570097219,0.5289604570097219,3,True,True,75,6,False,False,200,0,False,False
758,187621.6,0.04319375296591783,200,0.5638696208737999,0.5638696208737999,3,True,True,75,6,False,False,200,0,False,False
759,187621.8,0.05090472376266828,200,0.556392421884559,0.556392421884559,3,True,True,75,6,False,False,200,0,False,False
760,187622.0,0.05445647601932396,200,0.5372630051424213,0.5372630051424213,3,True,True,75,6,False,False,200,0,False,False
761,187622.2,0.054540398077912985,200,0.6267469920286348,0.6267469920286348,3,True,True,75,6,False,False,200,0,False,False
762,187622.4,0.04794504967986595,200,0.5741542161416106,0.5741542161416106,3,True,True,75,6,False,False,200,0,False,False
763,187622.6,0.051298180640330246,200,0.6811967774001204,0.6811967774001204,3,True,True,75,6,False,False,200,0,False,False
764,187622.8,0.04791491787517976,200,0.6179653041813201,0.6179653041813201,3,True,True,75,6,False,False,200,0,False,False
765,187623.0,0.05075044688723318,200,0.6702172375268675,0.6702172375268675,3,True,True,75,6,False,False,200,0,False,False
766,187623.2,0.04984634989338632,200,0.6555548677684818,0.6555548677684818,3,True,True,75,6,False,False,200,0,False,False
767,187623.4,0.04806069942743387,200,0.6462790541739323,0.6462790541739323,3,True,True,75,6,False,False,200,0,False,False
768,187623.6,0.0511447458138735,200,0.6745661842743427,0.6745661842743427,3,True,True,75,6,False,False,200,0,False,False
769,187623.8,0.04761489858392423,200,0.7121026875905941,0.7121026875905941,3,True,True,75,6,False,False,200,0,False,False
770,187624.0,0.05528104459851581,200,0.7698055762387465,0.7698055762387465,3,True,True,75,6,False,False,200,0,False,False
771,187624.2,0.045231508158164596,200,0.7873715936167471,0.7873715936167471,3,True,True,75,6,False,False,200,0,False,False
772,187624.4,0.05673492830754386,200,0.7836676350073899,0.7836676350073899,3,True,True,75,6,False,False,200,0,False,False
773,187624.6,0.052159989517737856,200,0.8015609991068502,0.8015609991068502,3,True,True,75,6,False,False,200,0,False,False
774,187624.8,0.05060343979281499,200,0.7752890345616071,0.7752890345616071,3,True,True,75,6,False,False,200,0,False,False
775,187625.0,0.05052942740133081,200,0.7963019277643684,0.7963019277643684,3,True,True,75,6,False,False,200,0,False,False
776,187625.2,0.05077508147968931,200,0.8456519778589866,0.8456519778589866,3,True,True,75,6,False,False,200,0,False,False
777,187625.4,0.05230940755097084,200,0.8314656420883085,0.8314656420883085,3,True,True,75,6,False,False,200,0,False,False
778,187625.6,0.047340854886533466,200,0.8580331178033203,0.8580331178033203,3,True,True,75,6,False,False,200,0,False,False
779,187625.8,0.0481527846693356,200,0.8000552754764468,0.8000552754764468,3,True,True,75,6,False,False,200,0,False,False
780,187626.0,0.05325169025915707,200,0.7485343005927366,0.7485343005927366,3,True,True,75,6,False,False,200,0,False,False
781,187626.2,0.04940699041351086,200,0.7178328345633203,0.7178328345633203,3,True,True,75,6,False,False,200,0,False,False
782,187626.4,0.053111217331380266,199,0.7511674980021009,0.7511674980021009,3,True,True,75,6,False,False,199,0,False,False
783,187626.6,0.05367019625190119,199,0.7025167453026251,0.7025167453026251,3,True,True,75,6,False,False,199,0,False,False
784,187626.8,0.055970841930008966,198,0.750873854076469,0.750873854076469,3,True,True,75,6,False,False,198,0,False,False
785,187627.0,0.05602325629062537,197,0.6920354114854477,0.6920354114854477,3,True,True,75,6,False,False,197,0,False,False
786,187627.2,0.046514852409186506,196,0.7235429160319946,0.7235429160319946,3,True,True,75,6,False,False,196,0,False,False
787,187627.4,0.04592268657510472,195,0.7061593791291065,0.7061593791291065,3,True,True,75,6,False,False,195,0,False,False
788,187627.6,0.03628819615416507,194,0.6447407409820719,0.6447407409820719,3,True,True,75,6,False,False,194,0,False,False
789,187627.8,0.042324847073463026,193,0.657046056715014,0.657046056715014,3,True,True,75,6,False,False,193,0,False,False
790,187628.0,0.030637850003323405,192,0.5887229553302257,0.5887229553302257,3,True,True,75,6,False,False,192,0,False,False
791,187628.2,0.02656289712356992,191,0.6181125222654761,0.6181125222654761,3,True,True,75,6,False,False,191,0,False,False
792,187628.4,0.022793186885163973,190,0.6099828732003549,0.6099828732003549,3,True,True,75,6,False,False,190,0,False,False
793,187628.6,0.01830561481375161,189,0.5854700904545767,0.5854700904545767,3,True,True,75,6,False,False,189,0,False,False
794,187628.8,0.01715012839414727,188,0.6167941914652468,0.6167941914652468,3,True,True,75,6,False,False,188,0,False,False
795,187629.0,0.014944720495858864,187,0.5557294469782579,0.5557294469782579,3,True,True,75,6,False,False,187,0,False,False
796,187629.2,0.02159501922637412,186,0.5688296241322504,0.5688296241322504,3,True,True,75,6,False,False,186,0,False,False
797,187629.4,0.019581718861161015,185,0.5068364940552272,0.5068364940552272,3,True,True,75,6,False,False,185,0,False,False
798,187629.6,0.02377196372304215,184,0.5214613555808103,0.5214613555808103,3,True,True,75,6,False,False,184,0,False,False
799,187629.8,0.027619419637798213,183,0.46838578609798764,0.46838578609798764,3,True,True,75,6,False,False,183,0,False,False
800,187630.0,0.029978728079926558,182,0.4250035265427316,0.4250035265427316,3,True,True,75,6,False,False,182,0,False,False
801,187630.2,0.03440170059750964,181,0.4853197582664195,0.4853197582664195,3,True,True,75,6,False,False,181,0,False,False
802,187630.4,0.028273780009927252,180,0.41794177302181734,0.41794177302181734,3,True,True,75,6,False,False,180,0,False,False
803,187630.6,0.03694108498697141,179,0.43475875062841335,0.43475875062841335,3,True,True,75,6,False,False,179,0,False,False
804,187630.8,0.044189327513598865,178,0.7037712464470763,0.7037712464470763,3,True,True,75,6,False,False,178,0,False,False
805,187631.0,0.03971120640223874,176,0.5936827457904856,0.5936827457904856,3,True,True,75,6,False,False,176,0,False,False
806,187631.2,0.03772920245846867,174,0.6044587584479842,0.6044587584479842,3,True,True,75,6,False,False,174,0,False,False
807,187631.4,0.03138580703052856,173,0.5578043966144156,0.5578043966144156,3,True,True,75,6,False,False,173,0,False,False
808,187631.6,0.040032995047059323,171,0.5326366687942568,0.5326366687942568,3,True,True,75,6,False,False,171,0,False,False
809,187631.8,0.05302554391577315,171,1.4556790075534622,1.1516763510047794,3,True,True,75,6,False,False,170,0,False,False
810,187632.0,0.05132388053251282,170,1.6356624000410072,1.4099450309462365,3,True,True,75,6,False,False,167,0,False,False
811,187632.2,0.0515164515337756,170,1.388366607786801,1.2420128259995478,3,True,True,75,6,False,False,164,0,False,False
812,187632.4,0.05743603143157955,168,0.8060314793471517,0.8060314793471517,3,True,True,75,6,False,False,161,0,False,False
813,187632.6,0.06357514407093087,165,0.7215386795229017,0.7215386795229017,3,True,True,75,6,False,False,157,0,False,False
814,187632.8,0.16112102087963306,163,1.2248621476790638,1.1409011290145952,2,True,True,72,6,False,False,151,0,False,False
815,187633.0,0.2496989682390533,161,1.3356474439545132,1.2009288797699051,3,True,True,69,6,False,False,145,0,False,False
816,187633.2,0.35664847436187347,158,1.4424335972959064,1.255450153844725,2,False,True,66,6,False,False,138,0,False,False
817,187633.4,0.4649812406393152,153,2.0525664605291554,1.661252477941474,2,False,True,63,6,False,False,132,0,False,False
818,187633.6,0.577293441867576,147,0.5637855343520641,0.5637855343520641,2,False,True,60,6,False,False,126,0,False,False
819,187633.8,0.7200621203282251,140,inf,inf,2,True,False,57,6,False,False,119,0,False,False
820,187634.0,0.873968306767106,133,inf,inf,2,False,False,54,6,False,False,112,0,False,False
821,187634.2,1.0344928680079644,126,inf,inf,2,True,False,51,6,False,False,105,0,False,False
822,187634.4,1.2111208505206499,119,inf,inf,2,True,False,48,6,False,False,98,0,False,False
823,187634.6,1.3900533069535408,112,inf,inf,2,True,False,45,6,False,False,91,0,False,False
824,187634.8,1.5844086742894266,105,inf,inf,2,True,False,42,6,False,False,84,0,False,False
825,187635.0,1.7773700696069714,98,inf,inf,2,True,False,39,6,False,False,77,0,False,False
826,187635.2,1.9135581775359012,92,4.4379881620407104,2.7878980195195786,2,False,True,36,6,False,False,70,0,False,False
827,187635.4,1.8921668999870134,88,2.9897314816362828,1.9359346956025147,2,False,True,33,6,False,False,63,0,False,False
828,187635.6,1.7596693274936468,84,2.8988112846894105,1.918043226685497,2,False,True,30,6,False,False,56,0,False,False
829,187635.8,1.5949663928226756,81,2.4918609928279585,1.835728999535296,2,False,True,27,6,False,False,49,0,False,False
830,187636.0,1.5103311540554674,79,2.2741199527921507,1.651219479370867,2,False,True,24,6,False,False,43,0,False,False
831,187636.2,1.5268148600294906,77,2.056250480067447,1.5247143129105662,2,False,True,21,6,False,False,37,0,False,False
832,187636.4,1.6220560309153729,75,2.0245118459237688,1.4984002282786317,2,False,True,18,6,False,False,31,0,False,False
833,187636.6,1.7718613595242314,73,1.888884492104119,1.453330136521159,2,False,True,15,6,False,False,25,0,False,False
834,187636.8,1.9536646039041312,70,1.7893098163172299,1.427350053254806,2,False,True,12,6,False,False,19,0,False,False
835,187637.0,2.1515387604314378,68,1.5757587647167561,1.313325857563437,2,False,True,9,6,False,False,15,0,False,False
836,187637.2,2.3308011135243807,65,1.524808884622271,1.2391429227156867,2,False,True,6,6,False,False,11,0,False,False
837,187637.4,2.492468510185364,64,1.2329558695403215,1.1102513562680056,2,False,True,3,6,False,False,7,0,False,False
838,187637.6,2.610021131719454,65,1.080574227950931,1.020666802944731,2,False,True,0,6,False,False,4,0,False,False
839,187637.8,2.688054625651305,65,0.954906192007745,0.9452140429042117,2,False,True,0,6,False,False,3,0,False,False
840,187638.0,2.7436833885049725,65,0.9472499430999392,0.9472499430999392,2,False,True,0,6,False,False,2,0,False,False
841,187638.2,2.7499929770643945,66,0.9476593884086711,0.9476593884086711,2,False,True,0,6,False,False,2,0,False,False
842,187638.4,2.671366223115894,69,1.0352116363787778,1.0352116363787778,2,False,True,0,6,False,False,2,0,False,False
843,187638.6,2.5554733095010165,73,1.1455638829244337,1.1381224193005808,2,False,True,0,6,False,False,2,0,False,False
844,187638.8,2.3691715260514457,78,0.90024836343906,0.90024836343906,3,False,True,0,6,False,False,3,0,False,False
845,187639.0,2.1764614843785774,82,0.7111609558386313,0.7111609558386313,4,True,True,0,6,False,False,4,0,False,False
846,187639.2,2.0287849942841247,87,0.6538809757135182,0.6538809757135182,4,True,True,0,6,False,False,6,0,False,False
847,187639.4,1.9072924774789128,92,0.6790369119610049,0.6790369119610049,4,True,True,0,6,False,False,8,0,False,False
848,187639.6,1.780596600058004,97,0.7752252148509541,0.7752252148509541,5,True,True,0,6,False,False,10,0,False,False
849,187639.8,1.6430798308191144,102,0.9697011542013305,0.9697011542013305,5,True,True,0,6,False,False,12,0,False,False
850,187640.0,1.4960044467268574,107,0.886332981645597,0.886332981645597,5,True,True,0,6,False,False,14,0,False,False
851,187640.2,1.366047354164319,111,0.7789418064702227,0.7789418064702227,5,True,True,0,6,False,False,16,0,False,False
852,187640.4,1.2630952319732385,112,0.8325079030741551,0.8325079030741551,5,True,True,0,6,False,False,18,0,False,False
853,187640.6,1.2032913640879395,112,0.5213665548768512,0.5213665548768512,5,True,True,0,6,False,False,20,0,False,False
854,187640.8,1.1854038460481826,112,0.4547567506674123,0.4547567506674123,5,True,True,0,6,False,False,22,0,False,False
855,187641.0,1.1777080434204072,113,0.35254290159230034,0.35254290159230034,4,True,True,0,6,False,False,24,0,False,False
856,187641.2,1.179742827830534,115,0.6674512302853475,0.6674512302853475,4,True,True,0,6,False,False,26,0,False,False
857,187641.4,1.1560698109758518,116,0.7009883154854467,0.7009883154854467,4,True,True,0,6,False,False,28,0,False,False
858,187641.6,1.1023902442799647,117,0.7441398226996818,0.7441398226996818,4,True,True,0,6,False,False,30,0,False,False
859,187641.8,1.0365285112228904,118,0.6682490732156237,0.6682490732156237,4,True,True,0,6,False,False,32,0,False,False
860,187642.0,0.9778570449925787,118,0.6780189127594239,0.6780189127594239,4,True,True,0,6,False,False,34,0,False,False
861,187642.2,0.9699735677202745,119,0.7124608443527707,0.7124608443527707,3,True,True,0,6,False,False,36,0,False,False
862,187642.4,0.9848704929170281,120,0.7849093161182426,0.7849093161182426,3,True,True,0,6,False,False,38,0,False,False
863,187642.6,1.002889683932618,121,0.8945681969500312,0.8945681969500312,3,True,True,0,6,False,False,40,0,False,False
864,187642.8,1.0913633769968751,122,0.9340540900345836,0.9340540900345836,4,True,True,0,6,False,False,42,0,False,False
865,187643.0,1.2098324710396675,123,1.1556728419696431,1.0955570629131361,3,False,True,0,6,False,False,44,0,False,False
866,187643.2,1.3392157762022234,124,1.065742378409867,1.060714859968839,3,True,True,0,6,False,False,46,0,False,False
867,187643.4,1.454060801181876,125,1.0356613414264482,1.0356613414264482,3,True,True,0,6,False,False,47,0,False,False
868,187643.6,1.5588529671932676,126,0.9002431405518265,0.9002431405518265,3,True,True,0,6,False,False,48,0,False,False
869,187643.8,1.653475762607713,127,0.9089670223644908,0.9089670223644908,3,True,True,0,6,False,False,51,0,False,False
870,187644.0,1.734394386117139,128,0.8380855891143879,0.8380855891143879,3,False,True,0,6,False,False,54,0,False,False
871,187644.2,1.7761545382409563,130,2.1826048105855187,1.3342325269194342,3,True,True,0,6,False,False,56,0,False,False
872,187644.4,1.8104550268916146,131,0.8104534462051605,0.8104534462051605,3,True,True,0,6,False,False,59,0,False,False
873,187644.6,1.7920543604594859,130,0.9330822008201102,0.9330822008201102,4,True,True,0,6,False,False,61,0,False,False
874,187644.8,1.8169078431477692,131,0.9560836417961733,0.9560836417961733,4,False,True,0,6,False,False,63,0,False,False
875,187645.0,1.8199309932764565,132,1.0076947712478126,1.0055184367482473,4,False,True,0,6,False,False,65,0,False,False
876,187645.2,1.794632704423246,134,3.2693180299295492,1.6114875401938111,3,False,True,0,6,False,False,67,0,False,False
877,187645.4,1.8465973737918544,137,3.377446378582461,1.7237165450421101,3,False,True,0,6,False,False,68,0,False,False
878,187645.6,1.880694765472266,141,3.471361339687064,1.7577733650103091,2,False,True,0,6,False,False,69,0,False,False
879,187645.8,1.9051228967662635,144,3.4365723452676007,1.7679501785466878,2,False,True,0,6,False,False,70,0,False,False
880,187646.0,1.9130730309339348,146,3.1693285190547535,1.7362021762407418,2,False,True,0,6,False,False,71,0,False,False
881,187646.2,1.9208484915412807,146,3.077509563166412,1.7352741094620772,2,False,True,0,6,False,False,73,0,False,False
882,187646.4,1.9104994523554832,146,2.9162079520759674,1.8488860690648048,2,False,True,0,6,False,False,75,0,False,False
883,187646.6,1.892221106169061,146,2.65436538021282,1.78570919585761,2,False,True,0,6,False,False,78,0,False,False
884,187646.8,1.86628060393297,146,2.3198600721884675,1.7064020156342325,2,False,True,0,6,False,False,81,0,False,False
885,187647.0,1.8453662235317083,148,2.1731020643579777,1.715321080753332,2,False,True,0,6,False,False,84,0,False,False
886,187647.2,1.8558128185273732,149,1.9304157603840353,1.615751860443116,2,False,True,0,6,False,False,86,0,False,False
887,187647.4,1.8729799299987553,150,1.7625493111751191,1.524249302529023,2,False,True,0,6,False,False,89,0,False,False
888,187647.6,1.8932838292814482,150,1.6033425047125311,1.4428066586128017,2,True,True,0,6,False,False,92,0,False,False
889,187647.8,1.9075575340778568,150,1.5571840067468514,1.3650534423010643,2,False,True,0,6,False,False,95,0,False,False
890,187648.0,1.9071980635458647,150,1.6200977061073671,1.3330973316840053,2,False,True,0,6,False,False,98,0,False,False
891,187648.2,1.9227599845613637,150,1.7638675112884865,1.318534113709971,2,False,True,0,6,False,False,101,0,False,False
892,187648.4,1.9322621331500511,150,1.913520080504608,1.2595064019834956,2,False,True,0,6,False,False,104,0,False,False
893,187648.6,1.950588825570408,150,1.9775188639735513,1.199009490632194,2,True,True,0,6,False,False,107,0,False,False
894,187648.8,1.9464990390169084,150,1.8547739909600316,1.123951230277901,2,True,True,0,6,False,False,108,0,False,False
895,187649.0,1.9565537076393928,151,1.572157121077313,1.003230073313018,2,True,True,0,6,False,False,109,0,False,False
896,187649.2,1.9662229666659379,150,1.3703475354800205,0.8966344866124971,3,True,True,0,6,False,False,110,0,False,False
897,187649.4,1.9756515911380494,150,1.2306501659472604,0.8650976472897516,3,True,True,0,6,False,False,110,0,False,False
898,187649.6,1.996243879425594,152,1.091092933326902,0.8200831251528864,2,True,True,0,6,False,False,111,0,False,False
899,187649.8,2.003590337983577,152,0.989993419724651,0.82800146299635,3,True,True,0,6,False,False,112,0,False,False
900,187650.0,2.011099028021454,152,0.8999454966592159,0.821147451362207,4,False,True,0,6,False,False,113,0,False,False
901,187650.2,2.0030259863551714,151,0.8219036842055935,0.7951261012546381,5,True,True,0,6,False,False,114,0,False,False
902,187650.4,2.002867764891064,150,0.7540851508467898,0.7540851508467898,5,True,True,0,6,False,False,116,0,False,False
903,187650.6,2.015129478066568,150,0.7648239239976347,0.7648239239976347,5,True,True,0,6,False,False,118,0,False,False
904,187650.8,2.003523496681639,150,0.7574945300636265,0.7574945300636265,5,True,True,0,6,False,False,121,0,False,False
905,187651.0,1.9671098685652004,149,0.6159170361984265,0.6159170361984265,5,True,True,0,6,False,False,123,0,False,False
906,187651.2,1.936770246910878,149,0.6451924969375114,0.6451924969375114,5,True,True,0,6,False,False,124,0,False,False
907,187651.4,1.9467178830556533,151,1.1382607412259416,0.931819314315363,5,True,True,0,6,False,False,125,0,False,False
908,187651.6,1.9335608609389916,152,0.6331660510900173,0.6331660510900173,4,True,True,0,6,False,False,125,0,False,False
909,187651.8,1.9465659111146356,154,1.169472223440387,0.9799594286662603,2,True,True,0,6,False,False,125,0,False,False
910,187652.0,1.9507732303990337,154,1.500476633945407,1.1071071166259077,2,True,True,0,6,False,False,125,0,False,False
911,187652.2,1.9541386103050866,154,1.0934527674228818,1.016276041248135,2,True,True,0,6,False,False,126,0,False,False
912,187652.4,1.9757025585505592,154,0.9951260486950153,0.9484596679951092,2,True,True,0,6,False,False,126,0,False,False
913,187652.6,1.9908219431973544,154,0.9248317536151568,0.8936599987148562,2,True,True,0,6,False,False,126,0,False,False
914,187652.8,1.994936406014335,154,0.8200566589267113,0.814104494415943,2,True,True,0,6,False,False,126,0,False,False
915,187653.0,2.0044862831932444,154,0.787525950726654,0.7865574127623399,2,True,True,0,6,False,False,126,0,False,False
916,187653.2,2.022750076063387,154,0.7855471795800169,0.7855471795800169,2,True,True,0,6,False,False,126,0,False,False
917,187653.4,2.0317034962352016,154,0.7686503250182133,0.7686503250182133,2,True,True,0,6,False,False,126,0,False,False
918,187653.6,2.047545983970019,154,0.744389380903395,0.744389380903395,2,True,True,0,6,False,False,126,0,False,False
919,187653.8,2.046924843925031,154,0.746485703396331,0.746485703396331,3,False,True,0,6,False,False,126,0,False,False
920,187654.0,2.0288140710980302,154,0.6513500059444632,0.6513500059444632,3,False,True,0,6,False,False,126,0,False,False
921,187654.2,2.0156949235177057,154,0.6368608009129224,0.6368608009129224,4,True,True,0,6,False,False,126,0,False,False
922,187654.4,1.98920316802195,155,0.5718376367539517,0.5718376367539517,3,True,True,0,6,False,False,126,0,False,False
923,187654.6,1.9478371999485762,156,0.5721077048322442,0.5721077048322442,5,True,True,0,6,False,False,126,0,False,False
924,187654.8,1.8907730936762388,157,0.6567714698731821,0.6567714698731821,5,True,True,0,6,False,False,126,0,False,False
925,187655.0,1.8353605264807498,157,0.5517911627320432,0.5517911627320432,5,True,True,0,6,False,False,126,0,False,False
926,187655.2,1.760650580985531,158,0.8523929124118684,0.799594092840429,5,True,True,0,6,False,False,126,0,False,False
927,187655.4,1.6755737836282159,159,0.84675892340443,0.7665425001246085,5,True,True,0,6,False,False,126,0,False,False
928,187655.6,1.591865920861492,158,0.803865934132785,0.759364211156824,4,True,True,0,6,False,False,125,0,False,False
929,187655.8,1.5046362650441338,157,0.8077954164340581,0.778580531504593,4,True,True,0,6,False,False,124,0,False,False
930,187656.0,1.4340144363631409,157,0.5876502683722656,0.5876502683722656,3,False,True,0,6,False,False,123,0,False,False
931,187656.2,1.4023121777566603,155,0.34115564311277274,0.34115564311277274,3,True,True,0,6,False,False,122,0,False,False
932,187656.4,1.3778796827313198,152,0.4164573329354867,0.4164573329354867,3,True,True,0,6,False,False,121,0,False,False
933,187656.6,1.3300773224915883,150,0.49725282592720227,0.49725282592720227,4,True,True,0,6,False,False,120,0,False,False
934,187656.8,1.2849557604336035,147,0.5478345290276032,0.5478345290276032,4,False,True,0,6,False,False,119,0,False,False
935,187657.0,1.236591053313933,145,0.779137395547447,0.779137395547447,4,False,True,0,6,False,False,118,0,False,False
936,187657.2,1.2028737215175112,144,1.8413800579682607,1.353414705339484,4,True,True,0,6,False,False,117,0,False,False
937,187657.4,1.1489222566455224,144,1.295481787824018,1.1426066822809517,4,True,True,0,6,False,False,116,0,False,False
938,187657.6,1.0986024605861646,144,1.2369647911091823,1.1473179195056196,4,False,True,0,6,False,False,115,0,False,False
939,187657.8,1.0462504490294626,143,1.2749945067894768,1.2136823991710037,3,True,True,0,6,False,False,113,0,False,False
940,187658.0,1.014099820701861,143,1.5401272918830828,1.3666898488825419,3,False,True,0,6,False,False,111,0,False,False
941,187658.2,0.976435534406171,142,1.0422128028584285,1.0422128028584285,4,False,True,0,6,False,False,110,0,False,False
942,187658.4,0.9452966282359652,141,0.9331101111886053,0.9331101111886053,4,True,True,0,6,False,False,109,0,False,False
943,187658.6,0.9377477963005681,142,5.216843700324442,2.1703926379856253,4,True,True,0,6,False,False,108,0,False,False
944,187658.8,0.9532247927555089,143,5.20043573058044,2.353893719837844,3,True,True,0,6,False,False,107,0,False,False
945,187659.0,0.9736294029048163,145,4.468681756166385,2.1316713918197365,2,True,True,0,6,False,False,106,0,False,False
946,187659.2,1.0027886742772456,147,4.007558911049972,2.0231928347599597,3,True,True,0,6,False,False,105,0,False,False
947,187659.4,1.033443122623967,147,1.5689634305873852,1.2401730473616546,3,True,True,0,6,False,False,105,0,False,False
948,187659.6,1.065282697798845,147,1.316170754471983,1.1323259594490271,3,False,True,0,6,False,False,105,0,False,False
949,187659.8,1.0776578131700882,147,1.2317170068105425,1.1379806852068066,3,True,True,0,6,False,False,105,0,False,False
950,187660.0,1.0843754109231918,147,1.1764581664446843,1.1723799809379594,2,True,True,0,6,False,False,105,0,False,False
951,187660.2,1.1222516633421395,147,1.0075591360315257,1.0075591360315257,2,False,True,0,6,False,False,105,0,False,False
952,187660.4,1.1437768510479895,146,1.1078735492562908,1.1078735492562908,2,True,True,0,6,False,False,104,0,False,False
953,187660.6,1.141309168095539,144,1.164210824385964,1.164210824385964,2,False,True,0,6,False,False,103,0,False,False
954,187660.8,1.1588677198185156,142,1.1368207531799766,1.1368207531799766,2,False,True,0,6,False,False,101,0,False,False
955,187661.0,1.1691827467324778,140,1.0000638684603569,1.0000638684603569,2,True,True,0,6,False,False,100,0,False,False
956,187661.2,1.1755175366319561,141,0.8291638445950246,0.8291638445950246,2,True,True,0,6,False,False,100,0,False,False
957,187661.4,1.179064339471095,142,0.7501882609054563,0.7501882609054563,2,True,True,0,6,False,False,100,0,False,False
958,187661.6,1.2083347835841751,144,0.9575956668780822,0.9215860409775544,2,True,True,0,6,False,False,99,0,False,False
959,187661.8,1.224963068701592,145,0.5713025280688663,0.5713025280688663,2,True,True,0,6,False,False,98,0,False,False
960,187662.0,1.2258724315181013,146,0.7106771421376673,0.7106771421376673,2,True,True,0,6,False,False,97,0,False,False
961,187662.2,1.2432012430320285,145,0.7500724563681581,0.7500724563681581,2,True,True,0,6,False,False,95,0,False,False
962,187662.4,1.2833483727005706,143,1.746974334069651,1.3529820742525536,2,False,True,0,6,False,False,93,0,False,False
963,187662.6,1.3097773492430067,142,1.374531145641116,1.2260002669031067,2,False,True,0,6,False,False,92,0,False,False
964,187662.8,1.3286410258467483,142,1.3470431595850099,1.2380913872912587,2,False,True,0,6,False,False,93,0,False,False
965,187663.0,1.3116512431951612,142,1.1055204777075687,1.0815645411266503,2,False,True,0,6,False,False,94,0,False,False
966,187663.2,1.3100881584004573,143,1.0770159097726488,1.0770159097726488,2,False,True,0,6,False,False,94,0,False,False
967,187663.4,1.3232694322014247,145,0.9564601298626949,0.9564601298626949,2,True,True,0,6,False,False,94,0,False,False
968,187663.6,1.3269131039113007,144,0.824540716370364,0.824540716370364,2,True,True,0,6,False,False,95,0,False,False
969,187663.8,1.3420392430608261,142,0.6422836214484976,0.6422836214484976,3,True,True,0,6,False,False,95,0,False,False
970,187664.0,1.3367282876442717,141,2.147019486209177,1.5128115713364134,5,True,True,0,6,False,False,96,0,False,False
971,187664.2,1.311663702644403,139,0.7439685302820649,0.7439685302820649,5,True,True,0,6,False,False,97,0,False,False
972,187664.4,1.2799760151929493,138,0.8983687082773258,0.8983687082773258,5,True,True,0,6,False,False,97,0,False,False
973,187664.6,1.2608657264968208,137,0.8268553754054576,0.8268553754054576,4,True,True,0,6,False,False,97,0,False,False
974,187664.8,1.2211682573345433,136,0.8955212254644601,0.8955212254644601,4,True,True,0,6,False,False,97,0,False,False
975,187665.0,1.201626826170551,135,0.9023822935106829,0.9023822935106829,5,True,True,0,6,False,False,97,0,False,False
976,187665.2,1.1989051709446892,135,1.004322600909546,1.004322600909546,4,True,True,0,6,False,False,97,0,False,False
977,187665.4,1.19852953340737,135,0.8001737855363135,0.8001737855363135,5,True,True,0,6,False,False,98,0,False,False
978,187665.6,1.2265768059320725,137,0.768357151275781,0.768357151275781,4,True,True,0,6,False,False,100,0,False,False
979,187665.8,1.2551419054124828,139,0.7037079680788677,0.7037079680788677,3,False,True,0,6,False,False,102,0,False,False
980,187666.0,1.2905451574624551,141,0.661715481213393,0.661715481213393,3,False,True,0,6,False,False,104,0,False,False
981,187666.2,1.3311694774928782,143,0.9027655896566932,0.8968611772605699,3,False,True,0,6,False,False,105,0,False,False
982,187666.4,1.3775800052213238,145,0.8909867120320463,0.8891002232791552,4,True,True,0,6,False,False,106,0,False,False
983,187666.6,1.4134349941706257,145,0.6710019236682155,0.6710019236682155,5,True,True,0,6,False,False,108,0,False,False
984,187666.8,1.4328497833082305,147,0.850278028469554,0.850278028469554,5,True,True,0,6,False,False,110,0,False,False
985,187667.0,1.4671615814236088,150,8.980939365821504,2.612001935499102,3,False,True,0,6,False,False,112,0,False,False
986,187667.2,1.5069597790032074,153,9.27100583690187,2.7242463708896847,3,True,True,0,6,False,False,115,0,False,False
987,187667.4,9.446951435803333,156,8.944299971690867,2.674256868608617,3,True,True,0,0,True,False,118,0,False,False
988,187667.6,3.3457474318457603,158,7.873011042569851,2.6629404174994806,10,True,True,0,6,False,False,120,0,False,False
989,187667.8,2.4285055554917134,160,7.839057261705328,2.5609501026972192,6,True,True,0,6,False,False,121,0,False,False
990,187668.0,2.1492800136295567,160,0.6762993460039355,0.6762993460039355,6,True,True,0,6,False,False,122,0,False,False
991,187668.2,2.0191348133938543,161,0.6277879155591035,0.6277879155591035,5,True,True,0,6,False,False,124,0,False,False
992,187668.4,1.9304452621211257,161,0.5903515577753792,0.5903515577753792,5,True,True,0,6,False,False,126,0,False,False
993,187668.6,1.8609037383304226,162,0.5384607850973556,0.5384607850973556,5,True,True,0,6,False,False,127,0,False,False
994,187668.8,1.8236625012461636,164,0.51842347225719,0.51842347225719,5,True,True,0,6,False,False,129,0,False,False
995,187669.0,1.7640209521436514,164,0.47954434401850754,0.47954434401850754,5,True,True,0,6,False,False,130,0,False,False
996,187669.2,1.7261177295894772,165,0.44617016725418457,0.44617016725418457,5,True,True,0,6,False,False,131,0,False,False
997,187669.4,1.6955381253315398,166,0.4413537400357526,0.4413537400357526,5,True,True,0,6,False,False,132,0,False,False
998,187669.6,1.6597967316422853,167,0.44027329789908765,0.44027329789908765,5,True,True,0,6,False,False,133,0,False,False
999,187669.8,1.6343837397311418,168,0.3950832366239057,0.3950832366239057,4,True,True,0,6,False,False,134,0,False,False
1000,187670.0,1.6004390721809694,170,0.4624969439142725,0.4624969439142725,4,True,True,0,6,False,False,135,0,False,False
1001,187670.2,1.5975926084376775,170,0.42654181234889543,0.42654181234889543,4,True,True,0,6,False,False,136,0,False,False
1002,187670.4,1.5826279952960614,171,0.4165936828912136,0.4165936828912136,4,False,True,0,6,False,False,137,0,False,False
1003,187670.6,1.551569705484967,171,0.3982730538196134,0.3982730538196134,4,True,True,0,6,False,False,137,0,False,False
1004,187670.8,1.5326186258354406,172,0.31807723047811964,0.31807723047811964,4,True,True,0,6,False,False,138,0,False,False
1005,187671.0,1.5085087743637347,173,0.30394536895919855,0.30394536895919855,4,True,True,0,6,False,False,139,0,False,False
1006,187671.2,1.4960534320495018,173,0.26533984925229,0.26533984925229,4,True,True,0,6,False,False,139,0,False,False
1007,187671.4,1.4914081172629494,173,0.23479292638729202,0.23479292638729202,4,True,True,0,6,False,False,139,0,False,False
1008,187671.6,1.4930680348851448,174,0.2287269681944182,0.2287269681944182,4,True,True,0,6,False,False,139,0,False,False
1009,187671.8,1.4996279981908824,174,0.29851767432429105,0.29851767432429105,4,True,True,0,6,False,False,139,0,False,False
1010,187672.0,1.432935299048849,173,0.3928623330733536,0.3928623330733536,5,True,True,0,6,False,False,139,0,False,False
1011,187672.2,1.4434898105544707,173,0.31034391041315146,0.31034391041315146,5,True,True,0,6,False,False,140,0,False,False
1012,187672.4,1.4134080668496083,173,0.29108625203256366,0.29108625203256366,5,True,True,0,6,False,False,140,0,False,False
1013,187672.6,1.3647691579231833,172,0.3355039469321952,0.3355039469321952,5,True,True,0,6,False,False,140,0,False,False
1014,187672.8,1.3149258727194557,171,0.30454019478555,0.30454019478555,4,True,True,0,6,False,False,140,0,False,False
1015,187673.0,1.3030094611098015,171,0.3400489463458582,0.3400489463458582,4,True,True,0,6,False,False,140,0,False,False
1016,187673.2,1.2881320196806312,170,0.3578881574051946,0.3578881574051946,4,True,True,0,6,False,False,139,0,False,False
1017,187673.4,1.2883116527022478,170,1.036042838238224,0.8783553948345464,3,True,True,0,6,False,False,138,0,False,False
1018,187673.6,1.2955575415144518,170,1.0781879906804777,0.8820278400309358,3,True,True,0,6,False,False,137,0,False,False
1019,187673.8,1.302531958586517,170,1.3991648078124177,0.9846390887493855,2,True,True,0,6,False,False,136,0,False,False
1020,187674.0,1.3116851367815878,170,1.340514647437152,0.9636703411019363,2,True,True,0,6,False,False,135,0,False,False
1021,187674.2,1.308229276342895,170,1.2307289296178483,0.9246447216875952,2,True,True,0,6,False,False,134,0,False,False
1022,187674.4,1.3636383352820085,170,1.1328928753132412,0.8915767161413498,2,True,True,0,6,False,False,134,0,False,False
1023,187674.6,1.4249257894356804,170,1.0296273558386462,0.8768872645051061,2,True,True,0,6,False,False,135,0,False,False
1024,187674.8,1.4434025628080713,169,1.0010854259067572,0.9073269150609738,2,True,True,0,6,False,False,135,0,False,False
1025,187675.0,1.4435188095777134,168,0.9490854198612739,0.909477155785518,2,True,True,0,6,False,False,135,0,False,False
1026,187675.2,1.449832237239882,167,0.8347681490244213,0.8347681490244213,3,True,True,0,6,False,False,135,0,False,False
1027,187675.4,1.4710090278981063,166,0.744262948173012,0.744262948173012,3,True,True,0,6,False,False,135,0,False,False
1028,187675.6,1.4804812561153609,166,0.6348492120365907,0.6348492120365907,3,True,True,0,6,False,False,136,0,False,False
1029,187675.8,1.4799625205298197,165,0.6751418371168235,0.6751418371168235,9,True,True,0,6,False,False,136,0,False,False
1030,187676.0,1.456043810550404,163,0.705288765537154,0.705288765537154,9,True,True,0,6,False,False,135,0,False,False
1031,187676.2,1.4492831027008337,161,0.689621484274958,0.689621484274958,9,True,True,0,6,False,False,135,0,False,False
1032,187676.4,1.4418051657201238,158,0.654774890039539,0.654774890039539,9,True,True,0,6,False,False,134,0,False,False
1033,187676.6,1.4473276942760194,157,1.1297251112922289,1.0088978475236265,9,True,True,0,6,False,False,133,0,False,False
1034,187676.8,1.453079522561689,156,1.4321242937035974,1.14697509430611,9,True,True,0,6,False,False,132,0,False,False
1035,187677.0,1.4553882918958667,155,1.42859176495159,1.1659218852842148,9,True,True,0,6,False,False,131,0,False,False
1036,187677.2,1.4730055842816225,154,1.4112971022438088,1.251225021749041,9,True,True,0,6,False,False,129,0,False,False
1037,187677.4,1.4991662791538127,153,1.3149766069019362,1.2204603769882365,9,True,True,0,6,False,False,128,0,False,False
1038,187677.6,1.576941500210143,154,1.4117316481142606,1.2459439823284448,9,True,True,0,6,False,False,127,0,False,False
1039,187677.8,1.6409477817588978,154,1.3748590414394102,1.2480064563057536,9,True,True,0,6,False,False,125,0,False,False
1040,187678.0,1.6935742088355779,154,1.283911593859057,1.18531768704245,9,True,True,0,6,False,False,123,0,False,False
1041,187678.2,1.7316426458818055,154,1.0924445095815314,1.05575532415353,9,True,True,0,6,False,False,121,0,False,False
1042,187678.4,1.771950157880839,153,1.038770611588045,1.0303466199361058,9,True,True,0,6,False,False,119,0,False,False
1043,187678.6,1.7789486467510913,150,0.9363926391019262,0.9363926391019262,9,True,True,0,6,False,False,117,0,False,False
1044,187678.8,1.7492022023844043,148,0.7694498677902701,0.7694498677902701,9,True,True,0,6,False,False,115,0,False,False
1045,187679.0,1.7495622571632188,147,1.2013814652820056,1.0336144223532766,9,True,True,0,6,False,False,113,0,False,False
1046,187679.2,1.7245702506717597,145,0.719429841541007,0.719429841541007,9,True,True,0,6,False,False,111,0,False,False
1047,187679.4,1.6965797558708786,143,0.7734641076334137,0.7734641076334137,9,True,True,0,6,False,False,108,0,False,False
1048,187679.6,1.6621980418853781,141,0.7416159564388911,0.7416159564388911,9,True,True,0,6,False,False,104,0,False,False
1049,187679.8,1.6181846138831009,140,0.8984606264402352,0.8984606264402352,9,True,True,0,6,False,False,101,0,False,False
1050,187680.0,1.5810170262807366,139,1.0961031768427003,0.9929918388914266,10,True,True,0,6,False,False,98,0,False,False
1051,187680.2,1.567668425051028,138,1.1239187241829178,1.0179941359421576,11,True,True,0,6,False,False,95,0,False,False
1052,187680.4,1.5370711633739411,138,1.3378237654599998,1.1725068662767206,5,True,True,0,6,False,False,93,0,False,False
1053,187680.6,1.5204678217105756,138,1.4677433886161124,1.2147069410852964,5,True,True,0,6,False,False,91,0,False,False
1054,187680.8,1.5002665218879625,138,1.6605048499086419,1.2199144186761448,5,True,True,0,6,False,False,89,0,False,False
1055,187681.0,1.4926744061922508,139,1.8173527460826202,1.2923450161959005,5,True,True,0,6,False,False,88,0,False,False
1056,187681.2,1.5129329099577702,140,1.9060712930517725,1.2138801069172127,5,True,True,0,6,False,False,87,0,False,False
1057,187681.4,1.5618358890868205,142,1.9752440500020365,1.2121788425296314,5,True,True,0,6,False,False,87,0,False,False
1058,187681.6,1.5697980920489083,142,2.028476699297022,1.2126959346538346,4,True,True,0,6,False,False,87,0,False,False
1059,187681.8,1.613525538816619,142,2.02940681179966,1.1984304370649799,5,True,True,0,6,False,False,87,0,False,False
1060,187682.0,1.6177063435802097,142,2.0242141921820473,1.191627928383878,5,True,True,0,6,False,False,86,0,False,False
1061,187682.2,1.637975312076841,142,2.021325193538465,1.1823540029012534,5,True,True,0,6,False,False,85,0,False,False
1062,187682.4,1.6200137336789864,143,11.517298776966983,3.1409274696889837,5,True,True,0,6,False,False,84,0,False,False
1063,187682.6,1.6105898341803726,143,10.643703352497077,3.034701864169291,5,True,True,0,6,False,False,83,0,False,False
1064,187682.8,15.4640082220012,144,10.32925969671962,3.0115120770317265,5,True,True,0,0,True,False,83,0,False,False
1065,187683.0,7.031948115810187,145,7.517741240309513,2.9420644956589,22,True,True,0,6,False,False,83,0,False,False
1066,187683.2,5.168539506950749,146,7.8067072251297605,2.862199739430087,4,False,True,0,6,False,False,83,0,False,False
1067,187683.4,11.977688203708043,148,7.407418539540817,2.6327070799420267,4,False,True,0,0,True,False,84,0,False,False
1068,187683.6,5.104992706221565,151,1.642360807507825,1.44122409307121,5,False,True,0,6,False,False,85,0,False,False
1069,187683.8,3.394971666123419,153,1.3221913849705342,1.2338622581728182,7,False,True,0,6,False,False,86,0,False,False
1070,187684.0,2.8081605806523466,154,1.128497935248607,1.0924676284598591,6,True,True,0,6,False,False,87,0,False,False
1071,187684.2,2.5367322454304673,156,1.0315535607934674,1.0170509158513925,6,True,True,0,6,False,False,88,0,False,False
1072,187684.4,2.4010189994490028,158,0.9844924911742314,0.974492419232894,6,True,True,0,6,False,False,89,0,False,False
1073,187684.6,2.2843695338821797,160,0.9415887222615561,0.9333443874170396,6,True,True,0,6,False,False,89,0,False,False
1074,187684.8,2.2466557953928366,162,0.7821793556057951,0.7821793556057951,6,True,True,0,6,False,False,90,0,False,False
1075,187685.0,2.2080146090364168,164,0.6945596947585373,0.6945596947585373,5,True,True,0,6,False,False,91,0,False,False
1076,187685.2,2.1771681260155424,166,0.6047164304721517,0.6047164304721517,5,True,True,0,6,False,False,92,0,False,False
1077,187685.4,2.1709102886501705,167,0.6392653540965573,0.6392653540965573,5,True,True,0,6,False,False,92,0,False,False
1078,187685.6,2.157743461080167,168,0.5773884802712569,0.5773884802712569,5,True,True,0,6,False,False,92,0,False,False
1079,187685.8,2.1415467512290904,169,0.6150697312537896,0.6150697312537896,5,True,True,0,6,False,False,92,0,False,False
1080,187686.0,2.124740286502372,170,0.6316003303851415,0.6316003303851415,5,True,True,0,6,False,False,93,0,False,False
1081,187686.2,2.1297167687791303,171,0.5059518815886941,0.5059518815886941,5,True,True,0,6,False,False,94,0,False,False
1082,187686.4,2.1258247073536998,172,0.4319592628135129,0.4319592628135129,5,True,True,0,6,False,False,95,0,False,False
1083,187686.6,2.1222538794566854,173,0.35418338295835994,0.35418338295835994,5,True,True,0,6,False,False,96,0,False,False
1084,187686.8,2.1105508730810207,174,0.35106625428893207,0.35106625428893207,5,True,True,0,6,False,False,99,0,False,False
1085,187687.0,2.101237813384517,175,0.3573235272057693,0.3573235272057693,5,True,True,0,6,False,False,103,0,False,False
1086,187687.2,2.1157817346744507,176,0.40850382230529625,0.40850382230529625,5,True,True,0,6,False,False,107,0,False,False
1087,187687.4,2.095245264711891,176,0.30646463869773455,0.30646463869773455,5,True,True,0,6,False,False,111,0,False,False
1088,187687.6,2.075406130679276,176,0.3330973580908151,0.3330973580908151,5,True,True,0,6,False,False,115,0,False,False
1089,187687.8,2.032160659051418,176,0.31377281217054126,0.31377281217054126,5,True,True,0,6,False,False,119,0,False,False
1090,187688.0,1.9927451212476741,176,0.27507213994851826,0.27507213994851826,5,True,True,0,6,False,False,123,0,False,False
1091,187688.2,1.9557181765876293,176,0.29309455109746346,0.29309455109746346,5,True,True,0,6,False,False,127,0,False,False
1092,187688.4,1.908523410681228,175,0.356863664620922,0.356863664620922,5,True,True,0,6,False,False,130,0,False,False
1093,187688.6,1.859044934933514,175,0.33729258820646285,0.33729258820646285,5,True,True,0,6,False,False,133,0,False,False
1094,187688.8,1.820854580291298,175,0.29022711813120666,0.29022711813120666,5,True,True,0,6,False,False,136,0,False,False
1095,187689.0,1.792014317125939,175,0.33770977370061306,0.33770977370061306,5,True,True,0,6,False,False,139,0,False,False
1096,187689.2,1.7711460349591297,175,0.309162071425802,0.309162071425802,4,True,True,0,6,False,False,142,0,False,False
1097,187689.4,1.7374025113799059,175,0.29018983331236514,0.29018983331236514,4,True,True,0,6,False,False,145,0,False,False
1098,187689.6,1.7013509263078699,175,0.3430090570499852,0.3430090570499852,4,True,True,0,6,False,False,149,0,False,False
1099,187689.8,1.6481599426098876,175,0.4054602602751427,0.4054602602751427,4,True,True,0,6,False,False,152,0,False,False
1100,187690.0,1.5968005616537007,176,0.458892627737063,0.458892627737063,4,True,True,0,6,False,False,156,0,False,False
1101,187690.2,1.5586663966733851,177,0.42703363457362026,0.42703363457362026,4,True,True,0,6,False,False,160,0,False,False
1102,187690.4,1.5164249226304631,178,0.5223263435172267,0.5223263435172267,4,True,True,0,6,False,False,164,0,False,False
1103,187690.6,1.477001195888546,179,0.5343000199045486,0.5343000199045486,4,True,True,0,6,False,False,168,0,False,False
1104,187690.8,1.4332335859326655,180,0.6682305255746651,0.6682305255746651,4,True,True,0,6,False,False,172,0,False,False
1105,187691.0,1.4077978935620545,181,0.6286077387873527,0.6286077387873527,4,True,True,0,6,False,False,175,0,False,False
1106,187691.2,1.3943404118810583,182,0.5191777543922789,0.5191777543922789,4,True,True,0,6,False,False,178,0,False,False
1107,187691.4,1.3740319632054057,183,0.46936385145446674,0.46936385145446674,4,True,True,0,6,False,False,181,0,False,False
1108,187691.6,1.3486523481723909,184,0.47604446044864707,0.47604446044864707,4,True,True,0,6,False,False,184,0,False,False
1109,187691.8,1.316861779018897,185,0.4877464132804509,0.4877464132804509,4,True,True,0,6,False,False,185,0,False,False
1110,187692.0,1.2978257790975258,186,0.33203617193925833,0.33203617193925833,4,True,True,0,6,False,False,186,0,False,False
1111,187692.2,1.2703048365698157,187,0.3886844449946887,0.3886844449946887,4,True,True,0,6,False,False,187,0,False,False
1112,187692.4,1.233411145099263,188,0.47758699829047124,0.47758699829047124,4,True,True,0,6,False,False,188,0,False,False
1113,187692.6,1.2108310936753026,189,0.47301289359887977,0.47301289359887977,4,True,True,0,6,False,False,189,0,False,False
1114,187692.8,1.1753359293727954,190,0.6615801482981357,0.6615801482981357,4,True,True,0,6,False,False,190,0,False,False
1115,187693.0,1.1345312322988794,191,0.616220034281779,0.616220034281779,4,True,True,0,6,False,False,191,0,False,False
1116,187693.2,1.1187379152626398,192,0.5530979232708793,0.5530979232708793,4,True,True,0,6,False,False,192,0,False,False
1117,187693.4,1.1068732552486205,193,0.5553820201608934,0.5553820201608934,4,True,True,0,6,False,False,193,0,False,False
1118,187693.6,1.1075217164857565,194,0.5887732020954062,0.5887732020954062,4,True,True,0,6,False,False,194,0,False,False
1119,187693.8,1.1054626107252838,195,0.4922899829295973,0.4922899829295973,4,True,True,0,6,False,False,195,0,False,False
1120,187694.0,1.0962931073658673,196,0.46533810419325283,0.46533810419325283,4,True,True,0,6,False,False,196,0,False,False
1121,187694.2,1.1022485633822485,197,0.3971416402387829,0.3971416402387829,4,True,True,0,6,False,False,197,0,False,False
1122,187694.4,1.1057446649145077,198,0.3277380934222165,0.3277380934222165,4,True,True,0,6,False,False,198,0,False,False
1123,187694.6,1.0969097085210364,199,0.35691993592812493,0.35691993592812493,4,True,True,0,6,False,False,199,0,False,False
1124,187694.8,1.1017965644609284,200,0.2902428329612565,0.2902428329612565,4,True,True,0,6,False,False,200,0,False,False
1125,187695.0,1.1174391357392623,200,0.28016686986731504,0.28016686986731504,4,True,True,0,6,False,False,200,0,False,False
1126,187695.2,1.1320113917963177,200,0.3116401811612782,0.3116401811612782,4,True,True,0,6,False,False,200,0,False,False
1127,187695.4,1.1508732959166281,200,0.31226076728312235,0.31226076728312235,4,True,True,0,6,False,False,200,0,False,False
1128,187695.6,1.186727307732253,200,0.2713567889658521,0.2713567889658521,4,True,True,0,6,False,False,200,0,False,False
1129,187695.8,1.211646503160946,200,0.3255488952258066,0.3255488952258066,4,True,True,0,6,False,False,200,0,False,False
1130,187696.0,1.231138944456074,200,0.33114654029285534,0.33114654029285534,4,True,True,0,6,False,False,200,0,False,False
1131,187696.2,1.2589901464752042,200,0.3881512642685663,0.3881512642685663,4,True,True,0,6,False,False,200,0,False,False
1132,187696.4,1.2810828868229593,200,0.4129550615235957,0.4129550615235957,4,True,True,0,6,False,False,200,0,False,False
1133,187696.6,1.2963446657997744,200,0.36119115708632205,0.36119115708632205,4,True,True,0,6,False,False,200,0,False,False
1134,187696.8,1.3120153602903277,200,0.3165045058956991,0.3165045058956991,4,True,True,0,6,False,False,200,0,False,False
1135,187697.0,1.3307981405172475,200,0.35452202797916355,0.35452202797916355,4,True,True,0,6,False,False,200,0,False,False
1136,187697.2,1.335041550331553,200,0.5469134348344532,0.5469134348344532,4,True,True,0,6,False,False,200,0,False,False
1137,187697.4,1.3516775034748272,200,0.5729709780090386,0.5729709780090386,4,True,True,0,6,False,False,200,0,False,False
1138,187697.6,1.360723695099354,200,0.5148233642259913,0.5148233642259913,4,True,True,0,6,False,False,200,0,False,False
1139,187697.8,1.370702045191059,200,0.5735039473813189,0.5735039473813189,4,True,True,0,6,False,False,200,0,False,False
1140,187698.0,1.3690606138241914,200,0.5246451983024382,0.5246451983024382,4,True,True,0,6,False,False,200,0,False,False
1141,187698.2,1.4006334382443548,200,0.5045265547055352,0.5045265547055352,4,True,True,0,6,False,False,200,0,False,False
1142,187698.4,1.4195374020466869,200,0.5511543793108631,0.5511543793108631,4,True,True,0,6,False,False,200,0,False,False
1143,187698.6,1.3939981433129238,199,0.6042027767982716,0.6042027767982716,4,True,True,0,6,False,False,199,0,False,False
1144,187698.8,1.3712125652369034,198,0.5742839071844483,0.5742839071844483,4,True,True,0,6,False,False,198,0,False,False
1145,187699.0,1.3595798376028587,197,0.6407058089804407,0.6407058089804407,4,True,True,0,6,False,False,197,0,False,False
1146,187699.2,1.3500585560076268,196,0.591798020179923,0.591798020179923,4,True,True,0,6,False,False,196,0,False,False
1147,187699.4,1.330287534686474,195,0.5374705908504149,0.5374705908504149,4,True,True,0,6,False,False,195,0,False,False
1148,187699.6,1.3177135486268954,194,0.5353761498930689,0.5353761498930689,4,True,True,0,6,False,False,194,0,False,False
1149,187699.8,1.3006834250904775,193,0.5540896230192052,0.5540896230192052,4,True,True,0,6,False,False,193,0,False,False
1150,187700.0,1.2816715646875676,192,0.5431208999437456,0.5431208999437456,4,True,True,0,6,False,False,192,0,False,False
1151,187700.2,1.2821507495433626,191,0.4919466197380042,0.4919466197380042,4,True,True,0,6,False,False,191,0,False,False
1152,187700.4,1.2638651559528071,190,0.4552913151253296,0.4552913151253296,4,True,True,0,6,False,False,190,0,False,False
1153,187700.6,1.263429989106305,189,0.45524308342393194,0.45524308342393194,4,True,True,0,6,False,False,189,0,False,False
1154,187700.8,1.2482637669149952,188,0.49006688317043967,0.49006688317043967,3,True,True,0,6,False,False,188,0,False,False
1155,187701.0,1.2639909906441396,187,0.5214153556527765,0.5214153556527765,3,True,True,0,6,False,False,187,0,False,False
1156,187701.2,1.263055377534637,186,0.5366673372133715,0.5366673372133715,3,True,True,0,6,False,False,186,0,False,False
1157,187701.4,1.2660980113637472,185,0.47627069804841515,0.47627069804841515,4,True,True,0,6,False,False,185,0,False,False
1158,187701.6,1.2751240980884493,183,0.4501482103953225,0.4501482103953225,4,True,True,0,6,False,False,183,0,False,False
1159,187701.8,1.2921909442943622,182,0.34692426794836456,0.34692426794836456,4,True,True,0,6,False,False,181,0,False,False
1160,187702.0,1.3194530545568939,181,0.4628208365830927,0.4628208365830927,4,True,True,0,6,False,False,179,0,False,False
1161,187702.2,1.3434924657732696,179,0.49444181340829546,0.49444181340829546,4,True,True,0,6,False,False,177,0,False,False
1162,187702.4,1.3795043914267047,178,1.0065370815315875,0.9895178173373613,4,False,True,0,6,False,False,175,0,False,False
1163,187702.6,1.4206676299911534,176,0.4507906553842702,0.4507906553842702,4,True,True,0,6,False,False,173,0,False,False
1164,187702.8,1.4603636167661806,174,0.4412989593356355,0.4412989593356355,4,True,True,0,6,False,False,171,0,False,False
1165,187703.0,1.5056114678331736,172,0.4519624633926844,0.4519624633926844,4,False,True,0,6,False,False,169,0,False,False
1166,187703.2,1.548101312772911,170,0.2997471266750122,0.2997471266750122,4,True,True,0,6,False,False,167,0,False,False
1167,187703.4,1.586542872395891,168,0.3053395290164628,0.3053395290164628,4,True,True,0,6,False,False,165,0,False,False
1168,187703.6,1.6142965379032357,167,0.27540209505989466,0.27540209505989466,4,False,True,0,6,False,False,164,0,False,False
1169,187703.8,1.6392364816739535,166,0.2705874209037286,0.2705874209037286,4,False,True,0,6,False,False,163,0,False,False
1170,187704.0,1.7087366189209925,166,6.601737515342349,2.072472273044316,4,True,True,0,6,False,False,162,0,False,False
1171,187704.2,1.761990673478577,165,0.307579728528921,0.307579728528921,3,True,True,0,6,False,False,161,0,False,False
1172,187704.4,1.832479268454122,165,6.6540005831887585,2.112596117642161,3,True,True,0,6,False,False,160,0,False,False
1173,187704.6,1.8998224671759962,165,6.676947520449615,2.110935593136952,3,True,True,0,6,False,False,159,0,False,False
1174,187704.8,15.394058738992006,165,6.427885202602418,2.087647586006878,3,True,True,0,0,True,False,158,0,False,False
1175,187705.0,7.186517673464514,165,4.29695944072633,2.1502674773059933,12,True,True,0,6,False,False,157,0,False,False
1176,187705.2,5.253224609047537,165,4.432763406168034,2.007223179181545,7,True,True,0,6,False,False,156,0,False,False
1177,187705.4,4.57333714649238,165,4.344395282520406,1.9398252658611392,6,True,True,0,6,False,False,155,0,False,False
1178,187705.6,4.247409661382303,165,4.139487607095681,1.866638151123609,6,True,True,0,6,False,False,154,0,False,False
1179,187705.8,4.010302076798305,164,0.9481224574606161,0.9481224574606161,6,True,True,0,6,False,False,153,0,False,False
1180,187706.0,3.837113649739604,163,0.9727472327245149,0.9727472327245149,6,True,True,0,6,False,False,152,0,False,False
1181,187706.2,3.7506827759131665,163,3.9110187967622525,1.8119851981868156,6,True,True,0,6,False,False,151,0,False,False
1182,187706.4,3.7265501003582027,163,4.039575409471169,1.788513342658069,5,True,True,0,6,False,False,150,0,False,False
1183,187706.6,3.6787775695074263,163,0.8052333712766738,0.8052333712766738,5,True,True,0,6,False,False,150,0,False,False
1184,187706.8,3.7086870262877953,163,4.481730152475928,1.8670887483454808,2,True,True,0,6,False,False,150,0,False,False
1185,187707.0,3.7304368960866654,163,4.510819557619675,1.8563984522314954,2,True,True,0,6,False,False,150,0,False,False
1186,187707.2,3.78091167092663,164,5.164223593129253,1.9790883263152883,2,True,True,0,6,False,False,150,0,False,False
1187,187707.4,3.8458509710001714,164,5.552972894617488,2.0388543041302096,2,False,True,0,6,False,False,150,0,False,False
1188,187707.6,3.891664315674704,164,0.8581136253215771,0.8581136253215771,2,False,True,0,6,False,False,150,0,False,False
1189,187707.8,3.928668450309928,164,0.8620276734569222,0.8620276734569222,2,False,True,0,6,False,False,150,0,False,False
1190,187708.0,3.9435717720647525,164,0.8856957454501877,0.8856957454501877,2,False,True,0,6,False,False,150,0,False,False
1191,187708.2,4.00676650215929,163,0.7473346967431224,0.7473346967431224,2,False,True,0,6,False,False,149,0,False,False
1192,187708.4,4.065942054059417,163,0.7573445213951803,0.7573445213951803,2,False,True,0,6,False,False,148,0,False,False
1193,187708.6,4.120077204496836,163,0.8171630824779885,0.8171630824779885,2,True,True,0,6,False,False,147,0,False,False
1194,187708.8,4.172251168175689,163,0.8459682878735899,0.8459682878735899,2,False,True,0,6,False,False,146,0,False,False
1195,187709.0,4.212643772609885,162,0.888723862858285,0.888723862858285,2,False,True,0,6,False,False,145,0,False,False
1196,187709.2,4.273664677710494,163,7.312216460192763,2.1546527388223793,2,False,True,0,6,False,False,144,0,False,False
1197,187709.4,4.340405782565617,163,7.05320163918731,2.121138518537117,2,False,True,0,6,False,False,143,0,False,False
1198,187709.6,22.756429945415576,162,7.180212793236629,2.2464326598274162,2,False,True,0,0,True,False,142,0,False,False
1199,187709.8,17.942332999598676,161,2.851379195008022,1.8169017027358068,15,True,True,0,6,False,False,141,0,False,False
1200,187710.0,16.64008297525699,161,4.76166627956893,2.329829194063198,3,True,True,0,6,False,False,140,0,False,False
1201,187710.2,16.038381636354593,160,3.37915378328821,1.8706772968075467,3,False,True,0,6,False,False,139,0,False,False
1202,187710.4,15.782181096416533,159,3.756025360184826,1.9609063038746568,4,True,True,0,6,False,False,139,0,False,False
1203,187710.6,15.36775117774876,160,16.60354064229196,4.074952835885174,3,False,True,0,6,False,False,139,0,False,False
1204,187710.8,14.149177942129283,162,15.45616604154951,3.997820904993879,14,True,True,0,6,False,False,139,0,False,False
1205,187711.0,18.22246787539219,163,15.560505223527224,4.411278403622392,5,True,True,0,0,True,False,139,0,False,False
1206,187711.2,9.947921038220075,162,12.993205687607128,4.233864926494358,19,True,True,0,6,False,False,138,0,False,False
1207,187711.4,9.083927377119641,162,13.648585464107644,4.324709103242269,6,True,True,0,6,False,False,136,0,False,False
1208,187711.6,18.25104570298744,163,13.778946362305666,4.303478565605222,4,False,True,0,0,True,False,134,0,False,False
1209,187711.8,10.252469155062055,164,12.531110764068174,3.864027802895377,23,True,True,0,6,False,False,132,0,False,False
1210,187712.0,9.255420115932113,165,12.886731229092234,3.8584964718584485,7,False,True,0,6,False,False,131,0,False,False
1211,187712.2,18.272601133890742,166,13.194873708978694,3.855290266989647,4,False,True,0,0,True,False,130,0,False,False
1212,187712.4,9.840658687431164,167,12.704212663496847,3.791804778583124,21,True,True,0,6,False,False,129,0,False,False
1213,187712.6,8.474766593716078,168,13.75843269922496,3.8948709074670083,4,False,True,0,6,False,False,127,0,False,False
1214,187712.8,20.92478807221223,169,13.866764900953505,4.1807380079975225,3,True,True,0,0,True,False,126,0,False,False
1215,187713.0,13.722392483225194,169,7.485122312082789,3.1966143492034584,22,True,True,0,6,False,False,125,0,False,False
1216,187713.2,12.711930702054145,171,13.72076076550659,4.106701483326479,6,False,True,0,6,False,False,125,0,False,False
1217,187713.4,19.472863185104618,172,13.944180131619374,4.114030132512548,3,True,True,0,0,True,False,125,0,False,False
1218,187713.6,12.325366795782255,172,12.277278919578928,3.8232723976809164,9,True,True,0,6,False,False,125,0,False,False
1219,187713.8,11.0342038013022,172,12.585712825984723,4.209944837445508,4,False,True,0,6,False,False,125,0,False,False
1220,187714.0,23.708645036765972,172,12.674619563454716,4.122459519035771,3,True,True,0,0,True,False,125,0,False,False
1221,187714.2,15.30291979253997,172,17.463407441116626,3.937029942637954,20,True,True,0,6,False,False,125,0,False,False
1222,187714.4,11.54918812274324,172,14.320603526470084,4.138196093468055,14,True,True,0,6,False,False,125,0,False,False
1223,187714.6,25.247794505961796,172,10.72982904028142,3.6358616516726765,4,False,True,0,0,True,False,125,0,False,False
1224,187714.8,17.891497815317436,173,18.53302298538599,4.287499979043809,19,True,True,0,6,False,False,125,0,False,False
1225,187715.0,12.131920514553629,172,9.363016929621827,3.955561899078976,14,True,True,0,6,False,False,125,0,False,False
1226,187715.2,22.35266562792482,173,14.931169997282927,4.22779458157575,5,False,True,0,0,True,False,125,0,False,False
1227,187715.4,14.717717491317321,174,14.695390253810052,4.366995577423824,19,True,True,0,6,False,False,124,0,False,False
1228,187715.6,12.811032747491497,174,14.59151600278101,4.338613635044769,4,False,True,0,6,False,False,123,0,False,False
1229,187715.8,24.632615745836574,174,14.892492434656718,4.355347855569909,3,False,True,0,0,True,False,122,0,False,False
1230,187716.0,16.602252003638743,175,13.993158029596753,4.356525589825859,18,True,True,0,6,False,False,121,0,False,False
1231,187716.2,14.69400487149576,177,14.338237273591705,4.321766150947307,4,False,True,0,6,False,False,121,0,False,False
1232,187716.4,25.493320535379794,178,14.346820615914856,4.290761584697529,4,True,True,0,0,True,False,123,0,False,False
1233,187716.6,17.698561227167062,179,13.973583391148207,4.3559663052802495,17,True,True,0,6,False,False,125,0,False,False
1234,187716.8,15.769384467853952,179,14.489011319342673,4.3630016162660965,4,False,True,0,6,False,False,126,0,False,False
1235,187717.0,26.418415882845178,179,14.642428140532516,4.358330860583337,3,True,True,0,0,True,False,126,0,False,False
1236,187717.2,18.92495967977395,179,14.190345989661395,4.414581391116835,16,True,True,0,6,False,False,126,0,False,False
1237,187717.4,17.533080203854293,178,15.055337520956474,4.823022688770526,5,True,True,0,6,False,False,126,0,False,False
1238,187717.6,27.52050193652574,178,14.824213225725149,4.936849126420749,5,True,True,0,0,True,False,127,0,False,False
1239,187717.8,20.909895238746213,178,10.630636847294559,4.068104330336389,7,True,True,0,6,False,False,127,0,False,False
1240,187718.0,19.210827314689286,179,10.679849525911838,3.9988035255356764,5,True,True,0,6,False,False,127,0,False,False
1241,187718.2,29.011071285099227,179,10.775099986527763,3.9968069126892956,3,True,True,0,0,True,False,127,0,False,False
1242,187718.4,22.68655874097523,179,10.2425122311292,3.9065606020833785,9,True,True,0,6,False,False,127,0,False,False
1243,187718.6,20.946564444384357,180,10.097650681331324,3.8191773591492746,4,False,True,0,6,False,False,127,0,False,False
1244,187718.8,28.77947400108768,181,10.036768029771975,3.807592126050919,3,False,True,0,0,True,False,127,0,False,False
1245,187719.0,23.635350109950807,182,9.783612560503826,3.8070676101776137,23,True,True,0,6,False,False,127,0,False,False
1246,187719.2,21.82508427314018,183,18.938707369313217,4.883033923718486,4,False,True,0,6,False,False,127,0,False,False
1247,187719.4,27.969926500641062,183,9.20375358391101,3.920214347248017,14,True,True,0,0,True,False,127,0,False,False
1248,187719.6,23.56252765601101,184,19.161909047848567,5.188466276503258,7,True,True,0,6,False,False,127,0,False,False
1249,187719.8,24.3095605837437,183,8.573130830605,3.8335467913138253,15,True,True,0,6,False,False,127,0,False,False
1250,187720.0,37.544885865932706,183,9.055498806375535,3.9816594638580822,4,True,True,0,0,True,False,127,0,False,False
1251,187720.2,34.39497339141043,183,11.185338831232752,3.746578979852448,16,True,True,0,6,False,False,127,0,False,False
1252,187720.4,33.29858187704988,183,10.699478791820871,3.717365583502495,3,False,True,0,6,False,False,127,0,False,False
1253,187720.6,28.885755311372044,182,10.472192965565458,3.673946918812577,3,False,True,0,0,True,False,127,0,False,False
1254,187720.8,25.629474020792017,181,9.012449257733065,3.678248965731682,25,False,True,0,6,False,False,127,0,False,False
1255,187721.0,24.586148866775652,181,20.0738055522131,4.923826282658571,4,False,True,0,6,False,False,127,0,False,False
1256,187721.2,25.159909110806773,180,18.818844738169286,4.89668005528454,16,True,True,0,0,True,False,127,0,False,False
1257,187721.4,20.098850250171047,180,15.939548586080772,4.54764285036589,14,True,True,0,6,False,False,126,0,False,False
1258,187721.6,24.527879683644482,179,9.41235033402223,3.7931406510973478,7,True,True,0,6,False,False,125,0,False,False
1259,187721.8,32.21269834829686,178,9.369650829200499,3.7222301801137188,4,True,True,0,0,True,False,125,0,False,False
1260,187722.0,30.024988556826834,177,8.173942626796858,3.5013727936561443,7,True,True,0,6,False,False,125,0,False,False
1261,187722.2,29.576833906352764,176,8.27240719508409,3.4630992560273364,4,False,True,0,6,False,False,125,0,False,False
1262,187722.4,30.787823570518643,176,8.322374902331642,3.1828237473390577,4,True,True,0,0,True,False,126,0,False,False
1263,187722.6,29.14448887348019,176,8.28119545944044,3.1880713755546606,3,False,True,0,6,False,False,127,0,False,False
1264,187722.8,28.764665546691592,176,8.158066858969544,3.3746487952664856,4,False,True,0,6,False,False,128,0,False,False
1265,187723.0,33.038471636249355,176,8.219382342991524,3.359131575898206,4,False,True,0,0,True,False,129,0,False,False
1266,187723.2,30.969060644161964,176,8.011737226318088,3.363146122207738,8,True,True,0,6,False,False,130,0,False,False
1267,187723.4,30.49194157854158,176,7.964593661557219,3.330802844598878,5,False,True,0,6,False,False,131,0,False,False
1268,187723.6,31.70418736375918,176,7.8932140756232485,3.30412545648601,6,False,True,0,0,True,False,132,0,False,False
1269,187723.8,29.701616338714334,176,7.6976171781908915,3.3707714661874064,11,True,True,0,6,False,False,133,0,False,False
1270,187724.0,29.142705369586107,176,7.740542194501581,3.0490847656265663,6,False,True,0,6,False,False,134,0,False,False
1271,187724.2,29.3631881585474,175,7.5867372602266565,3.0014640338506187,6,False,True,0,0,True,False,135,0,False,False
1272,187724.4,27.88271646056564,175,7.4628667242497055,3.0248569690290408,5,True,True,0,6,False,False,136,0,False,False
1273,187724.6,27.38064991155789,175,7.57005368681328,3.004121300215673,6,False,True,0,6,False,False,137,0,False,False
1274,187724.8,29.345820533274228,176,7.596670102416058,3.0112685944082567,5,False,True,0,0,True,False,138,0,False,False
1275,187725.0,27.307557714899822,177,7.396598062388807,3.0493282736773244,5,True,True,0,6,False,False,139,0,False,False
1276,187725.2,26.611772784868748,177,7.449321512249394,2.9983114952175587,6,False,True,0,6,False,False,140,0,False,False
1277,187725.4,29.41917772171184,177,7.520408165114496,2.982268160299477,4,True,True,0,0,True,False,141,0,False,False
1278,187725.6,27.25507960857576,177,8.02123037248878,3.1301510806766557,10,True,True,0,6,False,False,142,0,False,False
1279,187725.8,26.484222274760057,177,8.122266997952506,3.109260887255342,5,True,True,0,6,False,False,143,0,False,False
1280,187726.0,28.270977238583413,176,8.01289921456771,3.068863521103002,5,True,True,0,0,True,False,144,0,False,False
1281,187726.2,26.203170511189445,176,7.854557853858622,3.1065288675624934,4,True,True,0,6,False,False,145,0,False,False
1282,187726.4,25.59721113035269,175,7.86834181075996,3.048439844169064,6,True,True,0,6,False,False,146,0,False,False
1283,187726.6,27.62376634303786,175,7.7983039951424535,3.0201574295473006,5,True,True,0,0,True,False,147,0,False,False
1284,187726.8,25.552567850065742,175,7.567221833159921,3.0329628657620633,3,True,True,0,6,False,False,148,0,False,False
1285,187727.0,24.902385777244415,175,7.60481548211161,2.9988607205722353,6,True,True,0,6,False,False,149,0,False,False
1286,187727.2,27.522812199914434,175,7.619476881889987,2.9736489907671544,5,True,True,0,0,True,False,150,0,False,False
1287,187727.4,25.384768850274575,175,7.440905115575131,3.001903170489302,10,True,True,0,6,False,False,150,0,False,False
1288,187727.6,24.710602395717803,175,7.516218543411132,2.965758849128518,6,True,True,0,6,False,False,150,0,False,False
1289,187727.8,27.15984607948768,175,7.553117142138027,2.9755225496371263,5,True,True,0,0,True,False,150,0,False,False
1290,187728.0,24.935936090006898,175,7.448736969028292,3.0332015886012296,10,True,True,0,6,False,False,150,0,False,False
1291,187728.2,24.20906697952885,175,7.58310756584383,3.011742043939374,6,True,True,0,6,False,False,150,0,False,False
1292,187728.4,26.724816002891384,175,7.571218210384905,2.9911689537132844,5,True,True,0,0,True,False,150,0,False,False
1293,187728.6,24.333182488738252,175,7.4382523316428975,3.0187268518027444,9,True,True,0,6,False,False,150,0,False,False
1294,187728.8,23.56052085613488,175,7.665804500385179,3.2440891543695067,5,True,True,0,6,False,False,150,0,False,False
1295,187729.0,29.849410466888557,175,7.805695582503237,3.2269866806674266,5,True,True,0,0,True,False,150,0,False,False
1296,187729.2,27.619440489797967,175,7.379547473917012,3.317811263938298,14,True,True,0,6,False,False,150,0,False,False
1297,187729.4,26.937507349682416,175,7.467356700485864,3.2695075927850987,6,True,True,0,6,False,False,150,0,False,False
1298,187729.6,29.386526925910843,175,7.4418399036557075,3.2674214874126806,5,True,True,0,0,True,False,150,0,False,False
1299,187729.8,27.2742916447736,175,7.340973582351962,3.306475427626966,11,True,True,0,6,False,False,150,0,False,False
1300,187730.0,26.653724509354184,175,7.300072393493326,3.1988968091202743,6,True,True,0,6,False,False,150,0,False,False
1301,187730.2,29.41547783477133,175,7.33813165347002,3.193605445063547,5,True,True,0,0,True,False,150,0,False,False
1302,187730.4,27.50337315794331,175,7.157266701823515,3.2289152900937137,11,True,True,0,6,False,False,150,0,False,False
1303,187730.6,26.959386232967322,175,7.218599520564371,3.2030606305285736,6,True,True,0,6,False,False,150,0,False,False
1304,187730.8,29.357586814499772,175,7.16029548965723,3.1074239081387254,6,True,True,0,0,True,False,150,0,False,False
1305,187731.0,27.443199451376476,176,10.443312447372236,3.7399556178206796,10,True,True,0,6,False,False,150,0,False,False
1306,187731.2,26.79147068296119,177,10.499536648381119,3.717660040961551,6,True,True,0,6,False,False,149,0,False,False
1307,187731.4,27.566638866201508,177,6.74068969594039,2.8407793110879895,5,True,True,0,0,True,False,148,0,False,False
1308,187731.6,26.452755499427028,177,6.6316567322053865,2.8454384934263737,3,True,True,0,6,False,False,147,0,False,False
1309,187731.8,25.90338624820464,177,6.522964813537172,2.8138432496850068,5,True,True,0,6,False,False,146,0,False,False
1310,187732.0,25.57671934949597,176,5.372769711000056,2.4218423304951133,5,True,True,0,6,False,False,145,0,False,False
1311,187732.2,25.384019908493677,175,5.247501498430095,2.551051152150525,4,True,True,0,6,False,False,144,0,False,False
1312,187732.4,25.256402995023542,174,5.046615053274551,2.5074202144315385,5,True,True,0,6,False,False,143,0,False,False
1313,187732.6,25.136323209212055,174,7.119094819800273,3.124820586888031,4,True,True,0,6,False,False,142,0,False,False
1314,187732.8,25.032698127886835,174,7.778343486428998,3.224170518986922,4,True,True,0,6,False,False,141,0,False,False
1315,187733.0,22.764126006090454,174,7.448488787748016,2.8240078400095814,3,True,True,0,0,True,False,140,0,False,False
1316,187733.2,21.43846480562003,173,4.3986613233719245,2.3822157891726152,7,True,True,0,6,False,False,139,0,False,False
1317,187733.4,21.13545257072498,171,2.9584577677662742,1.9178932524437509,6,True,True,0,6,False,False,138,0,False,False
1318,187733.6,20.90906783809078,169,2.823314194824388,1.8368423255713862,6,True,True,0,6,False,False,137,0,False,False
1319,187733.8,20.692901791802335,167,2.770232342804418,1.8223974120036823,5,True,True,0,6,False,False,136,0,False,False
1320,187734.0,20.481954598068917,165,2.743304176273171,1.8169207494759017,4,False,True,0,6,False,False,135,0,False,False
1321,187734.2,20.293032209357552,163,2.7232990371709165,1.877261124668433,4,True,True,0,6,False,False,134,0,False,False
1322,187734.4,20.11979881338237,161,2.647316031234512,1.8150523991592886,3,False,True,0,6,False,False,133,0,False,False
1323,187734.6,19.9236192479562,159,2.6087161881854435,1.7283955999187839,3,False,True,0,6,False,False,132,0,False,False
1324,187734.8,19.70159422853021,157,2.5634874516163704,1.697250593675194,3,False,True,0,6,False,False,131,0,False,False
1325,187735.0,19.52411528488612,155,2.5524453437428956,1.663428477062543,4,True,True,0,6,False,False,130,0,False,False
1326,187735.2,19.36172635938209,153,2.546500463861088,1.6554425276633438,4,True,True,0,6,False,False,129,0,False,False
1327,187735.4,19.26451914785627,152,3.1508813408515626,1.9398746843509855,3,True,True,0,6,False,False,128,0,False,False
1328,187735.6,19.066446436602874,151,5.680682418736045,2.8512592809104254,3,False,True,0,6,False,False,127,0,False,False
1329,187735.8,18.925504107778885,150,4.071518463173675,2.2735649438904986,3,False,True,0,6,False,False,126,0,False,False
1330,187736.0,18.813680226142125,148,4.227556835329321,2.321588319317511,3,True,True,0,6,False,False,125,0,False,False
1331,187736.2,18.734033970153035,146,3.9678400785583388,2.2364159899150553,3,False,True,0,6,False,False,125,0,False,False
1332,187736.4,18.65010040566731,146,7.409596229297984,3.034586778077671,3,True,True,0,6,False,False,125,0,False,False
1333,187736.6,18.53737705962528,147,8.782341759076047,3.3386277634759973,2,True,True,0,6,False,False,125,0,False,False
1334,187736.8,17.324827366377207,148,8.881751015914936,3.3820535710560864,2,True,True,0,0,True,False,125,0,False,False
1335,187737.0,13.513661524673168,149,6.764007657267318,2.8987636372862737,5,False,True,0,6,False,False,125,0,False,False
1336,187737.2,12.745871039925767,150,6.895849035899495,2.859939322517713,4,False,True,0,6,False,False,125,0,False,False
1337,187737.4,21.513752000654524,151,7.041956939233439,2.8297546254949806,4,False,True,0,0,True,False,125,0,False,False
1338,187737.6,18.149837931233215,151,6.381738814365884,2.885417386767388,14,True,True,0,6,False,False,125,0,False,False
1339,187737.8,17.260207996952754,151,6.624617173887306,2.884201974041465,4,False,True,0,6,False,False,125,0,False,False
1340,187738.0,22.663956765119867,151,6.768096174698382,2.875327994551665,3,True,True,0,0,True,False,125,0,False,False
1341,187738.2,19.104701399914894,152,6.508647133654418,2.9443351165473417,13,True,True,0,6,False,False,125,0,False,False
1342,187738.4,18.195162469038692,154,6.677995031604695,2.9426670969926243,4,False,True,0,6,False,False,125,0,False,False
1343,187738.6,23.675821057329514,156,6.795097094851639,2.9321623982484684,4,True,True,0,0,True,False,125,0,False,False
1344,187738.8,20.820710982903357,158,6.5650984345534775,2.990850358342502,14,True,True,0,6,False,False,125,0,False,False
1345,187739.0,20.0476282250353,161,10.322685604600627,3.604768381403263,4,True,True,0,6,False,False,126,0,False,False
1346,187739.2,24.32176160124353,163,6.934667550619614,2.7749199160843636,4,False,True,0,0,True,False,127,0,False,False
1347,187739.4,21.980686184772555,165,6.902862719532485,2.868904218821182,14,True,True,0,6,False,False,127,0,False,False
1348,187739.6,21.326480843573194,167,6.754133496702905,2.781352373311915,5,True,True,0,6,False,False,127,0,False,False
1349,187739.8,23.603567131747152,169,6.602299564146434,2.74407640371026,4,True,True,0,0,True,False,127,0,False,False
1350,187740.0,21.795257640979845,171,6.326134823019662,2.752226930619331,12,True,True,0,6,False,False,127,0,False,False
1351,187740.2,21.3739916438942,173,6.4328814625862645,2.7421919940717077,6,True,True,0,6,False,False,127,0,False,False
1352,187740.4,5.76140633658313,173,6.48091855047043,2.659897462704486,4,True,True,0,0,True,False,127,0,False,False
1353,187740.6,3.0965750494153808,173,1.3122236361163682,1.0857520320304461,10,True,True,0,6,False,False,127,0,False,False
1354,187740.8,2.8249015160148576,174,11.098903413389577,2.7905616733567054,4,True,True,0,6,False,False,127,0,False,False
1355,187741.0,2.7710146215690665,174,12.015097176492985,2.878963769159763,2,True,True,0,6,False,False,127,0,False,False
1356,187741.2,23.321198077214984,175,11.090080700611383,2.763697099451313,2,True,True,0,0,True,False,127,0,False,False
1357,187741.4,20.506077060992915,175,7.461816843303569,2.981850820680734,19,True,True,0,6,False,False,127,0,False,False
1358,187741.6,19.796525977126315,174,7.471706379491359,2.909165170700095,6,False,True,0,6,False,False,127,0,False,False
1359,187741.8,21.21649350510584,173,7.528969364984159,2.894558989869508,5,True,True,0,0,True,False,127,0,False,False
1360,187742.0,19.023391694303143,173,7.2641721033768505,3.1733572027520656,4,True,True,0,6,False,False,127,0,False,False
1361,187742.2,18.384547881885144,172,6.929520031942329,2.9355295515822153,5,True,True,0,6,False,False,127,0,False,False
1362,187742.4,9.102756606531432,171,6.923460657695774,2.658647037030445,4,True,True,0,0,True,False,127,0,False,False
1363,187742.6,4.440827534614858,171,10.362916984350305,2.9253125568779947,10,True,True,0,6,False,False,127,0,False,False
1364,187742.8,3.212864017281717,171,9.910602455664584,2.905061824754219,3,True,True,0,6,False,False,127,0,False,False
1365,187743.0,19.723096160539317,171,9.922404220479901,2.929910665224191,4,True,True,0,0,True,False,127,0,False,False
1366,187743.2,16.20255075695601,171,7.072780578864549,2.8671523237216614,17,True,True,0,6,False,False,127,0,False,False
1367,187743.4,15.114509942975069,170,6.3930746052369,2.570477302127692,5,True,True,0,6,False,False,127,0,False,False
1368,187743.6,19.293724335393886,170,7.798170849690143,2.9292995899760603,4,True,True,0,0,True,False,127,0,False,False
1369,187743.8,15.060495864430669,169,6.4211919147205,2.941528006575285,12,True,True,0,6,False,False,127,0,False,False
1370,187744.0,13.908339951258734,167,6.45099368744671,2.812869771077824,4,True,True,0,6,False,False,126,0,False,False
1371,187744.2,11.309878576706435,166,6.431712093956313,2.587125666328771,4,False,True,0,0,True,False,125,0,False,False
1372,187744.4,6.714660582572184,164,1.0761270043757745,1.0761270043757745,10,True,True,0,6,False,False,125,0,False,False
1373,187744.6,5.174540339267901,162,1.030180796250317,1.030180796250317,4,True,True,0,6,False,False,125,0,False,False
1374,187744.8,4.485936836152143,161,11.815595871350341,3.7367626323910583,4,True,True,0,6,False,False,125,0,False,False
1375,187745.0,4.084893094491779,161,16.356411579368242,4.382803842106184,3,True,True,0,6,False,False,125,0,False,False
1376,187745.2,22.138934573319506,161,9.75502536042401,3.4181745687317804,15,True,True,0,0,True,False,125,0,False,False
1377,187745.4,16.289785400623575,162,8.939164278077868,3.522243096702994,21,True,True,0,6,False,False,125,0,False,False
1378,187745.6,14.920513643574822,163,9.15743445815765,3.5038314661289296,4,False,True,0,6,False,False,125,0,False,False
1379,187745.8,20.139267710899965,163,9.138797081140936,3.4609267765285994,4,False,True,0,0,True,False,125,0,False,False
1380,187746.0,14.366802529776137,164,8.383299681809348,3.4594182864810863,25,False,True,0,6,False,False,125,0,False,False
1381,187746.2,12.824426569419819,163,7.510439985671934,3.135456276157953,4,False,True,0,6,False,False,125,0,False,False
1382,187746.4,14.81446618989676,162,7.121579497083148,2.9564909029302595,4,False,True,0,0,True,False,125,0,False,False
1383,187746.6,10.36970032478826,161,2.4415537918420336,1.9392538219857849,12,True,True,0,6,False,False,125,0,False,False
1384,187746.8,8.67056421187022,160,2.424607905870526,1.8588268310782634,4,True,True,0,6,False,False,125,0,False,False
1385,187747.0,7.806346186429877,159,2.2862451210923824,1.736205209059164,6,True,True,0,6,False,False,125,0,False,False
1386,187747.2,7.326396217649113,159,2.16460048143358,1.786500540615405,6,True,True,0,6,False,False,125,0,False,False
1387,187747.4,6.8711191600467645,159,1.9125580288226525,1.578774440796335,6,True,True,0,6,False,False,124,0,False,False
1388,187747.6,6.435398555574142,156,1.3403022890280718,1.3321023055335586,6,True,True,0,6,False,False,122,0,False,False
1389,187747.8,5.904603790668853,154,9.491598048034062,2.7394972056688975,6,True,True,0,6,False,False,120,0,False,False
1390,187748.0,5.416703152104178,153,8.349218835835686,2.5770742558177333,6,True,True,0,6,False,False,117,0,False,False
1391,187748.2,12.53150669083685,153,7.06761947133989,2.29109515097411,6,True,True,0,0,True,False,113,0,False,False
1392,187748.4,8.653436863121343,154,4.529698289451854,2.3090230583744153,10,True,True,0,6,False,False,110,0,False,False
1393,187748.6,7.101945031507597,154,4.574179355283076,2.16196286293726,6,True,True,0,6,False,False,107,0,False,False
1394,187748.8,6.410173211697275,155,4.908526092167908,2.1569447569873508,6,True,True,0,6,False,False,103,0,False,False
1395,187749.0,6.1026418777970175,156,5.151920057006094,2.1581630564862664,5,True,True,0,6,False,False,100,0,False,False
1396,187749.2,5.986221558707037,157,5.250733457940696,2.1759856889388547,5,True,True,0,6,False,False,98,0,False,False
1397,187749.4,5.956492491723957,158,5.424832291807689,2.0451712097709716,5,True,True,0,6,False,False,97,0,False,False
1398,187749.6,5.934684588014867,160,5.620354301227193,2.28042370004494,5,True,True,0,6,False,False,96,0,False,False
1399,187749.8,5.840342820842343,162,7.685138892551374,2.935402270492046,5,True,True,0,6,False,False,95,0,False,False
1400,187750.0,5.772953906623713,162,7.747718412334033,2.9687304948624913,6,True,True,0,6,False,False,94,0,False,False
1401,187750.2,13.805592092677156,162,7.414731521635473,2.9379145381817073,6,True,True,0,0,True,False,93,0,False,False
1402,187750.4,9.956844657420248,162,6.621193138362273,3.0790977183116937,11,True,True,0,6,False,False,92,0,False,False
1403,187750.6,8.334650037058548,162,7.007181529676226,3.0510225677146594,8,True,True,0,6,False,False,91,0,False,False
1404,187750.8,12.143549435820782,162,7.2257042109454,3.078435580001486,8,True,True,0,0,True,False,90,0,False,False
1405,187751.0,8.370380090730249,161,3.6897282381102103,2.2109954252593793,3,False,True,0,6,False,False,89,0,False,False
1406,187751.2,7.244589983851247,162,4.864490912630322,2.445576164956252,9,True,True,0,6,False,False,88,0,False,False
1407,187751.4,6.807609084920985,163,5.379870684530797,2.4960737965729827,8,True,True,0,6,False,False,87,0,False,False
1408,187751.6,6.490200834240259,163,3.854475917142171,2.0610707938918833,7,True,True,0,6,False,False,86,0,False,False
1409,187751.8,6.381712622907654,164,5.86976567346226,2.5370568768463104,7,True,True,0,6,False,False,85,0,False,False
1410,187752.0,6.370821323267884,165,5.843835755992498,2.4857158992577792,6,True,True,0,6,False,False,84,0,False,False
1411,187752.2,6.407334501713992,166,5.835132800788795,2.480195656219082,5,True,True,0,6,False,False,83,0,False,False
1412,187752.4,6.4789916864388895,167,5.848567823240244,2.4526579019019215,2,True,True,0,6,False,False,84,0,False,False
1413,187752.6,6.5442284788263985,170,5.746194261244867,2.4511976182320905,2,True,True,0,6,False,False,86,0,False,False
1414,187752.8,6.610254208033037,172,5.47047667228208,2.3938795086302345,5,True,True,0,6,False,False,89,0,False,False
1415,187753.0,6.642311542919236,173,5.116346259768095,2.3061547681106074,2,True,True,0,6,False,False,93,0,False,False
1416,187753.2,6.674061630324679,173,4.430420022594367,2.189422170650444,5,True,True,0,6,False,False,98,0,False,False
1417,187753.4,6.704763506684027,173,4.006543962884498,2.119631723757532,5,True,True,0,6,False,False,102,0,False,False
1418,187753.6,6.615912074794453,172,2.0395316748367867,1.5828778955077767,6,True,True,0,6,False,False,106,0,False,False
1419,187753.8,6.483035066216392,171,2.012005938589351,1.5651296592929993,6,True,True,0,6,False,False,111,0,False,False
1420,187754.0,6.44013843301452,169,1.062518453442705,1.062518453442705,6,True,True,0,6,False,False,114,0,False,False
1421,187754.2,6.395423996985987,167,1.0641554336451673,1.0641554336451673,6,True,True,0,6,False,False,116,0,False,False
1422,187754.4,6.323370846361856,166,1.0451097698611334,1.0451097698611334,6,True,True,0,6,False,False,117,0,False,False
1423,187754.6,6.162865742198422,165,13.44407282695097,4.022549672566511,6,True,True,0,6,False,False,118,0,False,False
1424,187754.8,5.9734995370506345,163,12.563547325248896,3.7355782152861887,5,True,True,0,6,False,False,119,0,False,False
1425,187755.0,20.56863406758025,162,11.94273669807526,3.6359501083092116,5,True,True,0,0,True,False,120,0,False,False
1426,187755.2,11.59133047603878,161,5.54830481731227,2.7080574881549286,12,True,True,0,6,False,False,121,0,False,False
1427,187755.4,8.100188589092587,160,6.437710868373838,2.75411107813305,4,False,True,0,6,False,False,122,0,False,False
1428,187755.6,6.573350925791003,159,6.639560271395795,2.753697870886558,4,False,True,0,6,False,False,123,0,False,False
1429,187755.8,5.442306091733602,157,0.7696728682260183,0.7696728682260183,4,False,True,0,6,False,False,124,0,False,False
1430,187756.0,4.672475087227125,156,0.6798625167820787,0.6798625167820787,4,True,True,0,6,False,False,125,0,False,False
1431,187756.2,4.1201135018593975,154,0.6185992094333357,0.6185992094333357,4,True,True,0,6,False,False,126,0,False,False
1432,187756.4,3.6866352206628403,152,0.526398023374506,0.526398023374506,4,True,True,0,6,False,False,127,0,False,False
1433,187756.6,3.301317764319876,151,0.4891827183321787,0.4891827183321787,4,True,True,0,6,False,False,128,0,False,False
1434,187756.8,2.9555329565477955,149,0.4407717762438609,0.4407717762438609,5,True,True,0,6,False,False,129,0,False,False
1435,187757.0,2.6655979565624652,147,0.37248273492373574,0.37248273492373574,5,True,True,0,6,False,False,130,0,False,False
1436,187757.2,2.4349108187896613,145,0.34636496940995176,0.34636496940995176,5,True,True,0,6,False,False,131,0,False,False
1437,187757.4,2.249082428608017,143,0.3328385745198199,0.3328385745198199,5,True,True,0,6,False,False,131,0,False,False
1438,187757.6,2.159735715166442,142,8.095576576336713,3.0712868871477346,5,True,True,0,6,False,False,131,0,False,False
1439,187757.8,2.1071600355614613,141,7.720638279058102,3.0331978820917405,5,True,True,0,6,False,False,130,0,False,False
1440,187758.0,2.0498462355421307,139,0.3184488880366455,0.3184488880366455,5,True,True,0,6,False,False,129,0,False,False
1441,187758.2,2.029949451837241,137,0.29015605595084126,0.29015605595084126,4,True,True,0,6,False,False,128,0,False,False
1442,187758.4,1.9583234796694604,136,1.7900224333612758,1.243713299291485,4,True,True,0,6,False,False,127,0,False,False
1443,187758.6,1.9108358798644056,137,7.4671214338944525,2.9784949491610297,3,True,True,0,6,False,False,126,0,False,False
1444,187758.8,1.8771157034855774,136,0.2465110036923334,0.2465110036923334,3,True,True,0,6,False,False,125,0,False,False
1445,187759.0,1.8557716079875755,136,0.2158251538773149,0.2158251538773149,3,True,True,0,6,False,False,125,0,False,False
1446,187759.2,1.8256831381029301,136,0.2610031103910266,0.2610031103910266,2,True,True,0,6,False,False,125,0,False,False
1447,187759.4,1.8175219334090864,136,0.26396689671512846,0.26396689671512846,3,True,True,0,6,False,False,125,0,False,False
1448,187759.6,1.7973800418247246,135,0.30363201543240953,0.30363201543240953,3,True,True,0,6,False,False,125,0,False,False
1449,187759.8,1.7606379182558403,134,0.3631505712659134,0.3631505712659134,3,True,True,0,6,False,False,125,0,False,False
1450,187760.0,1.7127571239673616,133,0.42412453806677797,0.42412453806677797,4,False,True,0,6,False,False,125,0,False,False
1451,187760.2,1.6574347219145673,132,0.4232560176141207,0.4232560176141207,4,True,True,0,6,False,False,125,0,False,False
1452,187760.4,1.5789670261128415,131,0.44341229877549504,0.44341229877549504,4,True,True,0,6,False,False,125,0,False,False
1453,187760.6,1.5003884117704396,130,0.4206873791629674,0.4206873791629674,4,True,True,0,6,False,False,125,0,False,False
1454,187760.8,1.4244688978833226,130,0.3763743154093195,0.3763743154093195,4,False,True,0,6,False,False,125,0,False,False
1455,187761.0,1.4143487686972014,131,2.2854326964663207,1.4929292096825386,4,False,True,0,6,False,False,125,0,False,False
1456,187761.2,1.3985499215547743,131,0.3818606300775751,0.3818606300775751,4,False,True,0,6,False,False,125,0,False,False
1457,187761.4,1.3988616808495502,131,0.3741044018376826,0.3741044018376826,4,False,True,0,6,False,False,125,0,False,False
1458,187761.6,1.4234462166312332,132,3.2429044132084295,1.5754558628954995,3,True,True,0,6,False,False,125,0,False,False
1459,187761.8,1.4226234347789806,133,3.7239727833561287,1.6808854104493358,2,True,True,0,6,False,False,125,0,False,False
1460,187762.0,1.4309599159936675,134,3.9344822956980465,1.697602423309616,2,True,True,0,6,False,False,125,0,False,False
1461,187762.2,1.4603649323146577,135,3.902316007605564,1.6673943709439298,2,True,True,0,6,False,False,125,0,False,False
1462,187762.4,1.4846952953502126,136,3.4648260200765537,1.558717618204392,2,True,True,0,6,False,False,125,0,False,False
1463,187762.6,1.5082616864923082,137,3.0290501713211877,1.4479294510294949,2,True,True,0,6,False,False,125,0,False,False
1464,187762.8,1.5363194685266108,138,3.08730340437414,1.456661015663978,2,True,True,0,6,False,False,125,0,False,False
1465,187763.0,1.5556174595293455,139,0.4181037590026719,0.4181037590026719,3,True,True,0,6,False,False,125,0,False,False
1466,187763.2,1.582736496279103,140,0.3736256767668292,0.3736256767668292,3,True,True,0,6,False,False,125,0,False,False
1467,187763.4,1.6022461277038078,139,0.34879220017974133,0.34879220017974133,3,True,True,0,6,False,False,125,0,False,False
1468,187763.6,1.6305654226330508,138,0.312686824909398,0.312686824909398,3,True,True,0,6,False,False,125,0,False,False
1469,187763.8,1.6371893514777163,138,0.4020119825690545,0.4020119825690545,3,True,True,0,6,False,False,125,0,False,False
1470,187764.0,1.6561097696264648,138,0.42165188634865397,0.42165188634865397,3,True,True,0,6,False,False,125,0,False,False
1471,187764.2,1.649572223456178,138,0.4357655237178409,0.4357655237178409,3,True,True,0,6,False,False,125,0,False,False
1472,187764.4,1.6663552201756864,138,0.4631286726404269,0.4631286726404269,3,True,True,0,6,False,False,125,0,False,False
1473,187764.6,1.6653763365198582,138,0.46792208548281194,0.46792208548281194,3,True,True,0,6,False,False,125,0,False,False
1474,187764.8,1.6762295516996524,138,0.4854675318283768,0.4854675318283768,2,True,True,0,6,False,False,125,0,False,False
1475,187765.0,1.6771717240298838,138,0.4845052924340303,0.4845052924340303,3,True,True,0,6,False,False,125,0,False,False
1476,187765.2,1.6748032109343536,138,0.48318614874916715,0.48318614874916715,3,True,True,0,6,False,False,125,0,False,False
1477,187765.4,1.6922119519942835,139,0.7291028637992466,0.7291028637992466,5,True,True,0,6,False,False,125,0,False,False
1478,187765.6,1.7447205980125866,141,3.0525741770038897,1.8681702610826638,5,True,True,0,6,False,False,125,0,False,False
1479,187765.8,1.807847560760001,143,3.3215540561482837,1.72006296951171,5,True,True,0,6,False,False,125,0,False,False
1480,187766.0,1.9024207397663349,144,3.5248551654839164,1.7555459174638115,5,True,True,0,6,False,False,125,0,False,False
1481,187766.2,2.004442295543459,146,3.8900154711238515,1.84476108440917,5,True,True,0,6,False,False,125,0,False,False
1482,187766.4,2.1244960936858566,147,4.629223278444789,2.106026849554784,5,True,True,0,6,False,False,125,0,False,False
1483,187766.6,2.2370046111173543,147,0.5457730044079426,0.5457730044079426,4,True,True,0,6,False,False,125,0,False,False
1484,187766.8,2.3954926346003633,147,0.8379497450427249,0.8267297510257395,3,False,True,0,6,False,False,125,0,False,False
1485,187767.0,2.571723074504862,147,1.12863292560251,0.9570171801013693,3,False,True,0,6,False,False,125,0,False,False
1486,187767.2,2.771076570745599,147,1.095553970009842,0.9119502880827087,3,False,True,0,6,False,False,125,0,False,False
1487,187767.4,2.9458385744991027,147,1.0170010098931621,0.8668797316096103,3,True,True,0,6,False,False,125,0,False,False
1488,187767.6,3.14459090591921,146,0.7299198726852304,0.7233769568339842,3,False,True,0,6,False,False,125,0,False,False
1489,187767.8,3.3286211388569997,145,0.5405536947932049,0.5405536947932049,3,True,True,0,6,False,False,125,0,False,False
1490,187768.0,3.482773359795589,145,0.40848378333027624,0.40848378333027624,3,False,True,0,6,False,False,125,0,False,False
1491,187768.2,3.6294820951031648,145,0.3893366186163605,0.3893366186163605,3,True,True,0,6,False,False,125,0,False,False
1492,187768.4,3.7320006314144605,146,0.43908439055119436,0.43908439055119436,3,True,True,0,6,False,False,125,0,False,False
1493,187768.6,3.8262280587801967,146,0.4546830947460361,0.4546830947460361,3,True,True,0,6,False,False,125,0,False,False
1494,187768.8,3.907401682749185,147,0.46718434401488884,0.46718434401488884,2,True,True,0,6,False,False,125,0,False,False
1495,187769.0,3.9882574599257956,148,0.45086505782070896,0.45086505782070896,2,True,True,0,6,False,False,125,0,False,False
1496,187769.2,4.068641987468268,149,0.4741696960527743,0.4741696960527743,2,True,True,0,6,False,False,125,0,False,False
1497,187769.4,4.1536366909711315,150,0.5175047995706181,0.5175047995706181,2,True,True,0,6,False,False,125,0,False,False
1498,187769.6,4.235691068008964,151,0.7257098520984985,0.7257098520984985,2,True,True,0,6,False,False,125,0,False,False
1499,187769.8,4.307147170620586,151,0.5590722492618145,0.5590722492618145,2,True,True,0,6,False,False,125,0,False,False
1500,187770.0,4.373620590259456,151,0.6107501378639036,0.6107501378639036,2,True,True,0,6,False,False,125,0,False,False
1501,187770.2,4.428865581924607,151,0.6350248410055193,0.6350248410055193,2,True,True,0,6,False,False,125,0,False,False
1502,187770.4,4.505282603457966,151,1.0009034206281555,1.0009034206281555,2,True,True,0,6,False,False,125,0,False,False
1503,187770.6,4.571234110364029,149,0.6891010351491912,0.6891010351491912,2,True,True,0,6,False,False,125,0,False,False
1504,187770.8,4.615956723388712,147,0.7147198981255329,0.7147198981255329,3,True,True,0,6,False,False,125,0,False,False
1505,187771.0,4.678001033745977,145,0.7009876996536191,0.7009876996536191,4,True,True,0,6,False,False,125,0,False,False
1506,187771.2,4.677887127399058,143,0.7207836007361886,0.7207836007361886,5,True,True,0,6,False,False,125,0,False,False
1507,187771.4,4.707239656303463,142,0.7508611664304303,0.7508611664304303,4,True,True,0,6,False,False,124,0,False,False
1508,187771.6,4.765576646072779,143,10.273473435414056,2.8694473516466736,4,False,True,0,6,False,False,123,0,False,False
1509,187771.8,4.828774366498368,144,10.282650754948625,2.838009014416238,4,True,True,0,6,False,False,122,0,False,False
1510,187772.0,14.325469336065598,145,10.121712405601178,2.785576175501634,3,True,True,0,0,True,False,121,0,False,False
1511,187772.2,5.364847348306597,146,7.801951883807778,2.9655450834680526,13,True,True,0,6,False,False,120,0,False,False
1512,187772.4,3.7596701041467817,147,8.372109360589404,2.5966275126287224,5,False,True,0,6,False,False,119,0,False,False
1513,187772.6,13.188776906011595,148,8.60410251609881,2.57542813280771,5,False,True,0,0,True,False,117,0,False,False
1514,187772.8,5.484529663466945,148,2.2123533470536456,1.7723194325923888,14,True,True,0,6,False,False,115,0,False,False
1515,187773.0,3.7283244554924786,148,1.4211494321227038,1.318413022390005,4,False,True,0,6,False,False,113,0,False,False
1516,187773.2,3.320817713976304,149,8.406783138088107,2.833744472284944,4,False,True,0,6,False,False,112,0,False,False
1517,187773.4,3.2848600941943045,149,0.8150306783663743,0.8150306783663743,4,False,True,0,6,False,False,111,0,False,False
1518,187773.6,3.3486822280810298,149,0.7271467446442598,0.7271467446442598,5,False,True,0,6,False,False,110,0,False,False
1519,187773.8,3.4154847980865517,149,0.7097218525539979,0.7097218525539979,5,False,True,0,6,False,False,109,0,False,False
1520,187774.0,3.4538561477259058,149,0.7545728611791326,0.7545728611791326,5,False,True,0,6,False,False,108,0,False,False
1521,187774.2,3.4642836433766924,149,0.8154182353299086,0.8154182353299086,5,True,True,0,6,False,False,107,0,False,False
1522,187774.4,3.429700742561629,149,0.8882167310263475,0.8882167310263475,5,True,True,0,6,False,False,106,0,False,False
1523,187774.6,3.3181080452621834,150,8.522037544240419,2.8023392325153917,5,True,True,0,6,False,False,105,0,False,False
1524,187774.8,3.1757656334066646,152,8.22007179678793,2.705826804577771,5,True,True,0,6,False,False,104,0,False,False
1525,187775.0,12.961269761224703,154,7.97360040478208,2.622499654887958,5,True,True,0,0,True,False,103,0,False,False
1526,187775.2,6.112856876504537,156,5.929948329519861,2.537143915562448,14,True,True,0,6,False,False,102,0,False,False
1527,187775.4,4.050378508241726,157,6.0237399887741025,2.3149979540877137,5,False,True,0,6,False,False,101,0,False,False
1528,187775.6,3.28662576976543,159,5.958082484434399,2.203039072777634,6,False,True,0,6,False,False,100,0,False,False
1529,187775.8,3.069411495118121,162,15.094908974008895,3.797209993602169,6,False,True,0,6,False,False,99,0,False,False
1530,187776.0,7.429871722966288,164,12.629149426723687,3.4590182767862974,16,True,True,0,6,False,False,98,0,False,False
1531,187776.2,21.476180942403598,166,13.329839160811485,3.420956858290807,4,False,True,0,0,True,False,96,0,False,False
1532,187776.4,13.838308447138083,168,10.13082495347756,3.4202561991346223,25,True,True,0,6,False,False,97,0,False,False
1533,187776.6,11.184643177128853,168,10.77535822893527,3.394609658965643,3,False,True,0,6,False,False,98,0,False,False
1534,187776.8,20.197365751116063,168,11.144261293181339,3.3890155059131337,4,True,True,0,0,True,False,101,0,False,False
1535,187777.0,12.847962745744583,168,9.700298947182718,3.3706836129026034,5,True,True,0,6,False,False,104,0,False,False
1536,187777.2,9.87324736932844,168,10.380040539766124,3.3449957795207794,4,False,True,0,6,False,False,107,0,False,False
1537,187777.4,7.8550602722737235,167,2.0613678612688493,1.5768053655948482,4,False,True,0,6,False,False,109,0,False,False
1538,187777.6,6.349711208386698,166,1.5854783864839737,1.3444467381196792,4,False,True,0,6,False,False,112,0,False,False
1539,187777.8,5.24561345991516,166,1.2681493204157188,1.1812951465594739,4,False,True,0,6,False,False,115,0,False,False
1540,187778.0,4.363003145925362,166,1.017156584396134,0.9892851595287865,5,False,True,0,6,False,False,118,0,False,False
1541,187778.2,3.777483649409216,165,0.8347717796421164,0.8347717796421164,6,False,True,0,6,False,False,120,0,False,False
1542,187778.4,3.38277811390337,165,0.7135304012391125,0.7135304012391125,6,True,True,0,6,False,False,122,0,False,False
1543,187778.6,3.11094348376282,165,0.6146806047683735,0.6146806047683735,6,True,True,0,6,False,False,124,0,False,False
1544,187778.8,2.9665503832049214,166,10.44787877698405,2.9106302423404395,6,True,True,0,6,False,False,126,0,False,False
1545,187779.0,2.8867304463881034,167,10.174595320493783,2.846586573224807,6,True,True,0,6,False,False,128,0,False,False
1546,187779.2,15.542916978632054,168,9.815748646673288,2.7922531707435314,5,True,True,0,0,True,False,130,0,False,False
1547,187779.4,8.717528814267645,169,7.206260762135374,2.7534511228176273,22,True,True,0,6,False,False,132,0,False,False
1548,187779.6,6.139080939310129,168,1.5134832758262258,1.322592917192983,5,False,True,0,6,False,False,134,0,False,False
1549,187779.8,4.76989215547475,167,1.1349841628843027,1.1055673733897085,5,False,True,0,6,False,False,136,0,False,False
1550,187780.0,4.001184530237546,166,0.9355820487720068,0.9355820487720068,7,True,True,0,6,False,False,138,0,False,False
1551,187780.2,3.6167826050855316,165,0.8068749206864917,0.8068749206864917,6,True,True,0,6,False,False,140,0,False,False
1552,187780.4,3.3831373954012833,164,0.6491922291069389,0.6491922291069389,6,True,True,0,6,False,False,142,0,False,False
1553,187780.6,3.2829760134491157,163,0.4831695810550855,0.4831695810550855,9,True,True,0,6,False,False,144,0,False,False
1554,187780.8,3.06019191674283,162,0.49464314880296534,0.49464314880296534,9,True,True,0,6,False,False,146,0,False,False
1555,187781.0,2.8583526581166407,162,0.43420044649834094,0.43420044649834094,9,True,True,0,6,False,False,148,0,False,False
1556,187781.2,2.694555845333579,162,0.4230814341018111,0.4230814341018111,9,True,True,0,6,False,False,151,0,False,False
1557,187781.4,2.6199254473814393,162,0.4587193916938082,0.4587193916938082,9,True,True,0,6,False,False,152,0,False,False
1558,187781.6,2.4867015569813944,162,0.5698277756902439,0.5698277756902439,9,True,True,0,6,False,False,152,0,False,False
1559,187781.8,2.4297248929853623,162,0.6200425850790977,0.6200425850790977,10,True,True,0,6,False,False,149,0,False,False
1560,187782.0,2.593103210664595,162,0.5965335231658339,0.5965335231658339,10,True,True,0,6,False,False,146,0,False,False
1561,187782.2,2.628968032108143,162,0.7453061813410106,0.7453061813410106,10,True,True,0,6,False,False,141,0,False,False
1562,187782.4,2.676795567876768,163,0.7484520276861131,0.7484520276861131,10,True,True,0,6,False,False,138,0,False,False
1563,187782.6,2.7465872781653147,164,0.7665740999249911,0.7665740999249911,10,True,True,0,6,False,False,135,0,False,False
1564,187782.8,2.857618096026291,165,0.7870619755096628,0.7870619755096628,10,True,True,0,6,False,False,132,0,False,False
1565,187783.0,3.000061134145879,166,0.8641149158569863,0.8258053770539301,10,True,True,0,6,False,False,129,0,False,False
1566,187783.2,3.120489343675019,167,0.7691805273174023,0.7530060842959916,10,True,True,0,6,False,False,126,0,False,False
1567,187783.4,3.2778474526426726,168,0.799380429279489,0.7686563352738718,10,True,True,0,6,False,False,121,0,False,False
1568,187783.6,3.414021077181819,169,0.8156822675989799,0.768576069986936,10,True,True,0,6,False,False,116,0,False,False
1569,187783.8,3.526129614820764,169,0.6487473336390546,0.6487473336390546,10,True,True,0,6,False,False,111,0,False,False
1570,187784.0,3.5956875096023735,169,0.6171654324679088,0.6171654324679088,10,True,True,0,6,False,False,106,0,False,False
1571,187784.2,3.6561272212412246,170,2.3519919320212113,1.4139282077823778,11,True,True,0,6,False,False,101,0,False,False
1572,187784.4,3.7141119222235486,171,2.0699725971733334,1.3320078234030455,11,True,True,0,6,False,False,96,0,False,False
1573,187784.6,3.752307640655508,173,1.7588865489640404,1.2170058443591598,11,True,True,0,6,False,False,91,0,False,False
1574,187784.8,3.7701054262579476,175,1.3877473411677608,1.0917638086016377,11,True,True,0,6,False,False,87,0,False,False
1575,187785.0,3.759121428783525,177,1.0891596807233976,1.0024746037760437,2,False,True,0,6,False,False,84,0,False,False
1576,187785.2,3.791924575905133,179,0.8414015882449836,0.8414015882449836,2,False,True,0,6,False,False,80,0,False,False
1577,187785.4,3.7666074162825027,180,0.5424674749873515,0.5424674749873515,2,False,True,0,6,False,False,76,0,False,False
1578,187785.6,3.7253585479220863,181,0.39377025319794556,0.39377025319794556,3,True,True,0,6,False,False,72,0,False,False
1579,187785.8,3.6746488716287256,181,0.39761173602538746,0.39761173602538746,2,True,True,0,6,False,False,67,0,False,False
1580,187786.0,3.654751680782665,181,0.5318131667430744,0.5318131667430744,2,True,True,0,6,False,False,62,0,False,False
1581,187786.2,3.650251483327069,181,0.6350337766141619,0.6350337766141619,2,True,True,0,6,False,False,57,0,False,False
1582,187786.4,3.6534701131717524,182,0.6237181044994987,0.6237181044994987,2,True,True,0,6,False,False,52,0,False,False
1583,187786.6,3.5995113379759665,183,0.7219757183836687,0.7219757183836687,2,True,True,0,6,False,False,50,0,False,False
1584,187786.8,3.5356407856510357,184,0.7879245421935095,0.7879245421935095,4,True,True,0,6,False,False,47,0,False,False
1585,187787.0,3.5018291641877988,185,0.7712004041602789,0.7712004041602789,2,True,True,0,6,False,False,44,0,False,False
1586,187787.2,3.4786872448119412,186,0.7160180233118046,0.7160180233118046,2,True,True,0,6,False,False,43,0,False,False
1587,187787.4,3.456511811933492,187,0.7834317236638787,0.7834317236638787,2,True,True,0,6,False,False,40,0,False,False
1588,187787.6,3.4176978164461387,188,0.9096772038966503,0.8980031103045668,2,False,True,0,6,False,False,38,0,False,False
1589,187787.8,3.4003746405570108,189,0.9745833756133495,0.9237744135520889,2,False,True,0,6,False,False,37,0,False,False
1590,187788.0,3.371650120793079,190,0.9932987753988025,0.9442380683772373,2,False,True,0,6,False,False,36,0,False,False
1591,187788.2,3.344962098126988,191,1.124150114552713,1.0161740256805927,2,False,True,0,6,False,False,35,0,False,False
1592,187788.4,3.3150240821798245,192,1.2676360641749067,1.0842155248014216,2,False,True,0,6,False,False,37,0,False,False
1593,187788.6,3.2988441857609843,193,1.2029951529330127,1.055184232034448,2,False,True,0,6,False,False,38,0,False,False
1594,187788.8,3.258155031029433,194,1.085525166775458,1.0330090470140627,2,False,True,0,6,False,False,41,0,False,False
1595,187789.0,3.185832618407409,195,0.9197236661374626,0.9197236661374626,3,False,True,0,6,False,False,45,0,False,False
1596,187789.2,3.136425151169997,195,0.866778927377377,0.866778927377377,5,True,True,0,6,False,False,47,0,False,False
1597,187789.4,3.0305122084455536,195,0.8023399215240988,0.8023399215240988,5,True,True,0,6,False,False,48,0,False,False
1598,187789.6,2.7544293327884133,195,0.811583898816401,0.811583898816401,5,True,True,0,6,False,False,49,0,False,False
1599,187789.8,2.5348923686452753,195,0.8048102574185427,0.8048102574185427,6,True,True,0,6,False,False,49,0,False,False
1600,187790.0,2.4042644383286564,195,0.7561125716190616,0.7561125716190616,6,True,True,0,6,False,False,47,0,False,False
1601,187790.2,2.3160260323747455,195,0.704216936645418,0.704216936645418,5,True,True,0,6,False,False,46,0,False,False
1602,187790.4,2.2738749929861917,196,0.6443322566535207,0.6443322566535207,5,True,True,0,6,False,False,44,0,False,False
1603,187790.6,2.2474236924542996,197,0.6536969451267565,0.6536969451267565,5,True,True,0,6,False,False,43,0,False,False
1604,187790.8,2.1711445563332648,197,0.4952870248195096,0.4952870248195096,5,True,True,0,6,False,False,43,0,False,False
1605,187791.0,2.116908998000539,197,0.49400801743084777,0.49400801743084777,5,True,True,0,6,False,False,42,0,False,False
1606,187791.2,2.079362900677258,197,0.4900887062436268,0.4900887062436268,5,True,True,0,6,False,False,41,0,False,False
1607,187791.4,2.076675028186393,196,0.4895450040500164,0.4895450040500164,5,True,True,0,6,False,False,40,0,False,False
1608,187791.6,2.1251163872182284,195,0.5129753851806595,0.5129753851806595,5,True,True,0,6,False,False,37,0,False,False
1609,187791.8,2.203182823676971,194,0.562612408301157,0.562612408301157,5,True,True,0,6,False,False,36,0,False,False
1610,187792.0,2.2578950313336805,193,0.5255813144304773,0.5255813144304773,5,True,True,0,6,False,False,35,0,False,False
1611,187792.2,2.410920047585138,193,3.0714890136205026,1.4761578552232897,5,True,True,0,6,False,False,35,0,False,False
1612,187792.4,2.567736813823657,193,3.2263567146847483,1.5010982676341535,5,True,True,0,6,False,False,36,0,False,False
1613,187792.6,2.6074483476705783,192,0.5178328848321934,0.5178328848321934,5,True,True,0,6,False,False,36,0,False,False
1614,187792.8,2.610209291308119,191,0.553547338924645,0.553547338924645,5,True,True,0,6,False,False,35,0,False,False
1615,187793.0,2.623276425381161,190,0.5885437518015049,0.5885437518015049,5,True,True,0,6,False,False,35,0,False,False
1616,187793.2,2.611631492352655,189,0.6146722759109228,0.6146722759109228,4,True,True,0,6,False,False,36,0,False,False
1617,187793.4,2.574631778736165,188,0.5580288012425167,0.5580288012425167,4,True,True,0,6,False,False,36,0,False,False
1618,187793.6,2.534815059278985,187,0.5028546700538942,0.5028546700538942,4,True,True,0,6,False,False,36,0,False,False
1619,187793.8,2.4825253444866084,186,0.4971101948571124,0.4971101948571124,4,True,True,0,6,False,False,36,0,False,False
1620,187794.0,2.422806306923877,185,0.493493555092575,0.493493555092575,4,True,True,0,6,False,False,35,0,False,False
1621,187794.2,2.357959573377178,184,0.48373638096636984,0.48373638096636984,4,True,True,0,6,False,False,36,0,False,False
1622,187794.4,2.316329640164493,183,0.4667387226015716,0.4667387226015716,4,True,True,0,6,False,False,41,0,False,False
1623,187794.6,2.282984025228676,181,0.4067996467680963,0.4067996467680963,3,True,True,0,6,False,False,45,0,False,False
1624,187794.8,2.3090071536026953,176,0.46582086322999766,0.46582086322999766,3,False,True,0,6,False,False,46,0,False,False
1625,187795.0,2.277043322224174,172,0.9526536743317916,0.9526536743317916,3,True,True,0,6,False,False,49,0,False,False
1626,187795.2,2.2347445061383597,170,0.7547938513244561,0.7547938513244561,3,True,True,0,6,False,False,54,0,False,False
1627,187795.4,2.2043246910479026,169,0.7739080427225583,0.7739080427225583,4,False,True,0,6,False,False,60,0,False,False
1628,187795.6,2.168807839686235,168,0.7129494535457266,0.7129494535457266,4,False,True,0,6,False,False,65,0,False,False
1629,187795.8,2.1300344910066187,168,0.6421556009000107,0.6421556009000107,4,True,True,0,6,False,False,70,0,False,False
1630,187796.0,2.0873416171866923,168,0.5692230243185085,0.5692230243185085,4,False,True,0,6,False,False,76,0,False,False
1631,187796.2,2.064465804342238,168,0.4776091291748393,0.4776091291748393,4,True,True,0,6,False,False,82,0,False,False
1632,187796.4,2.0448254858956068,168,0.42279000007275974,0.42279000007275974,4,False,True,0,6,False,False,88,0,False,False
1633,187796.6,2.0189453116002785,168,0.3921308642207155,0.3921308642207155,4,True,True,0,6,False,False,94,0,False,False
1634,187796.8,2.019799901253763,168,0.38419590834359985,0.38419590834359985,4,True,True,0,6,False,False,100,0,False,False
1635,187797.0,1.9898245260784357,167,0.44077971418779904,0.44077971418779904,4,True,True,0,6,False,False,105,0,False,False
1636,187797.2,1.9935202165233292,166,0.4386292754764513,0.4386292754764513,4,True,True,0,6,False,False,109,0,False,False
1637,187797.4,2.051097884183261,164,0.3752372380069127,0.3752372380069127,4,True,True,0,6,False,False,113,0,False,False
1638,187797.6,2.3222320962426295,164,0.7403180896158547,0.7101469043461907,4,True,True,0,6,False,False,117,0,False,False
1639,187797.8,2.336290424980986,164,2.954637483044541,1.4578136512152384,6,True,True,0,6,False,False,121,0,False,False
1640,187798.0,2.373362705515414,164,2.8094946360732953,1.5386743832919956,3,True,True,0,6,False,False,124,0,False,False
1641,187798.2,2.2376854620098543,164,2.6240512778747025,1.4898215517503042,3,True,True,0,6,False,False,126,0,False,False
1642,187798.4,2.1869289585234255,163,2.67077926367779,1.6878682927841047,3,True,True,0,6,False,False,127,0,False,False
1643,187798.6,2.1422166886871024,162,2.3395810478168,1.5963296129490745,3,True,True,0,6,False,False,129,0,False,False
1644,187798.8,2.08736065662187,161,2.1918161922416632,1.5556163659561955,3,True,True,0,6,False,False,129,0,False,False
1645,187799.0,2.0804985490110703,160,1.923858661508547,1.4722679004849515,2,True,True,0,6,False,False,128,0,False,False
1646,187799.2,2.094128762988912,160,1.6145671789135776,1.3488678598803456,2,True,True,0,6,False,False,127,0,False,False
1647,187799.4,2.087487036992343,160,1.339044097041515,1.151567013260067,2,True,True,0,6,False,False,123,0,False,False
1648,187799.6,2.0822673756701957,161,1.2534062288760273,1.0968932537368161,2,True,True,0,6,False,False,120,0,False,False
1649,187799.8,2.072774368598361,165,1.1985470876991242,1.0662136588762594,2,True,True,0,6,False,False,120,0,False,False
1650,187800.0,2.0495286004161937,168,1.1276082008092991,1.053920661789112,2,True,True,0,6,False,False,120,0,False,False
1651,187800.2,2.0449781806714062,168,1.0587093586038423,1.016042706619868,2,True,True,0,6,False,False,118,0,False,False
1652,187800.4,2.0401680819331367,168,0.846815943620501,0.846815943620501,2,True,True,0,6,False,False,118,0,False,False
1653,187800.6,2.023082075863538,167,0.8231171389341543,0.8231171389341543,2,True,True,0,6,False,False,117,0,False,False
1654,187800.8,1.9817020077702805,167,0.7680642547213289,0.7680642547213289,2,True,True,0,6,False,False,116,0,False,False
1655,187801.0,1.9359789248395038,166,0.7291403047307222,0.7291403047307222,2,True,True,0,6,False,False,115,0,False,False
1656,187801.2,1.8734248878778232,165,0.7862711286406798,0.7862711286406798,3,False,True,0,6,False,False,114,0,False,False
1657,187801.4,1.8113548808382218,165,0.6894097740298984,0.6894097740298984,3,True,True,0,6,False,False,113,0,False,False
1658,187801.6,1.7579206135171208,165,0.7403298557981383,0.7403298557981383,2,True,True,0,6,False,False,112,0,False,False
1659,187801.8,1.6531930575531595,165,0.7486168711579884,0.7486168711579884,3,False,True,0,6,False,False,111,0,False,False
1660,187802.0,1.5629052145742954,166,0.7444271815618259,0.7444271815618259,4,True,True,0,6,False,False,111,0,False,False
1661,187802.2,1.4637358574269057,166,0.6495994538750818,0.6495994538750818,3,False,True,0,6,False,False,111,0,False,False
1662,187802.4,1.3654738500412646,167,0.6070777299492375,0.6070777299492375,3,False,True,0,6,False,False,111,0,False,False
1663,187802.6,1.2848957111631578,167,0.5459822078583669,0.5459822078583669,3,False,True,0,6,False,False,111,0,False,False
1664,187802.8,1.2147380203542197,167,0.5366330695416778,0.5366330695416778,3,False,True,0,6,False,False,111,0,False,False
1665,187803.0,1.1377644823618753,168,2.229497342937985,1.3822358142168742,3,True,True,0,6,False,False,111,0,False,False
1666,187803.2,1.0716832924647486,169,1.8777914954695478,1.2396148254275583,3,True,True,0,6,False,False,111,0,False,False
1667,187803.4,1.0233750672082824,171,1.6303447128515811,1.1526797591158335,3,True,True,0,6,False,False,112,0,False,False
1668,187803.6,1.00962552719936,173,1.542185646472547,1.131230472797491,3,False,True,0,6,False,False,113,0,False,False
1669,187803.8,1.0058358408084653,174,0.4166924452498948,0.4166924452498948,3,True,True,0,6,False,False,114,0,False,False
1670,187804.0,0.9960785630874569,176,0.9008181763274673,0.8901356588061377,3,True,True,0,6,False,False,116,0,False,False
1671,187804.2,1.0069581285192577,177,0.748887953722046,0.748887953722046,3,False,True,0,6,False,False,118,0,False,False
1672,187804.4,1.0320586965011127,178,0.5303923597731948,0.5303923597731948,3,False,True,0,6,False,False,120,0,False,False
1673,187804.6,1.0562633116685431,179,0.41288388787182256,0.41288388787182256,3,False,True,0,6,False,False,122,0,False,False
1674,187804.8,1.0663513497365833,180,0.37049294453754505,0.37049294453754505,3,False,True,0,6,False,False,124,0,False,False
1675,187805.0,1.1112871287813135,180,0.2957084517446476,0.2957084517446476,3,False,True,0,6,False,False,125,0,False,False
1676,187805.2,1.1443123190528295,181,0.4929638480598893,0.4929638480598893,3,False,True,0,6,False,False,126,0,False,False
1677,187805.4,1.1778317788971768,181,0.8241808867275168,0.767406429200464,3,False,True,0,6,False,False,125,0,False,False
1678,187805.6,1.202609434555818,182,1.0679230721010362,0.8675885794019997,3,False,True,0,6,False,False,125,0,False,False
1679,187805.8,1.21792006132557,181,0.3308817455248076,0.3308817455248076,3,True,True,0,6,False,False,125,0,False,False
1680,187806.0,1.2458364771898,181,0.2364182816675984,0.2364182816675984,3,False,True,0,6,False,False,125,0,False,False
1681,187806.2,1.2479398124622427,181,2.5874632877780335,1.3602901571470427,3,True,True,0,6,False,False,124,0,False,False
1682,187806.4,1.268633042671797,181,2.624999354337694,1.235246245708964,3,False,True,0,6,False,False,125,0,False,False
1683,187806.6,1.3132736909127183,181,2.819873764284223,1.278480292221733,3,True,True,0,6,False,False,126,0,False,False
1684,187806.8,1.3637680406881412,181,3.0189157939603866,1.3360174339210327,3,True,True,0,6,False,False,128,0,False,False
1685,187807.0,1.384188966906583,181,3.3117485910193794,1.4191329547380047,3,True,True,0,6,False,False,130,0,False,False
1686,187807.2,1.3925685625339672,181,3.58701270472794,1.4794493717068857,3,True,True,0,6,False,False,132,0,False,False
1687,187807.4,1.4802045678402478,180,0.32611245137512873,0.32611245137512873,3,True,True,0,6,False,False,132,0,False,False
1688,187807.6,1.6236111053346307,179,0.2614819521074557,0.2614819521074557,3,True,True,0,6,False,False,131,0,False,False
1689,187807.8,1.6695052328508353,178,0.24612576402026123,0.24612576402026123,2,True,True,0,6,False,False,130,0,False,False
1690,187808.0,1.7473293043713651,176,0.3910630115830435,0.3910630115830435,2,True,True,0,6,False,False,128,0,False,False
1691,187808.2,1.8351668795159708,174,0.48355413010166726,0.48355413010166726,2,True,True,0,6,False,False,126,0,False,False
1692,187808.4,1.9183095692309722,172,0.6440390311219469,0.6440390311219469,2,True,True,0,6,False,False,124,0,False,False
1693,187808.6,2.0131815166381726,170,1.0008345894740422,0.8726493400733725,2,True,True,0,6,False,False,123,0,False,False
1694,187808.8,2.0646300415024865,169,1.2931573559008136,0.9898631923914689,2,True,True,0,6,False,False,122,0,False,False
1695,187809.0,2.0784093145217177,166,0.26028397488392285,0.26028397488392285,4,True,True,0,6,False,False,121,0,False,False
1696,187809.2,2.1056257431914465,163,0.22942177333419625,0.22942177333419625,3,True,True,0,6,False,False,120,0,False,False
1697,187809.4,2.14188637683072,160,0.2756362807186875,0.2756362807186875,3,True,True,0,6,False,False,119,0,False,False
1698,187809.6,2.173838534320255,157,0.3087826501847612,0.3087826501847612,3,True,True,0,6,False,False,118,0,False,False
1699,187809.8,2.2209281728655768,154,0.3774308235845845,0.3774308235845845,3,False,True,0,6,False,False,117,0,False,False
1700,187810.0,2.2572222058839526,152,0.4048601207635182,0.4048601207635182,3,True,True,0,6,False,False,116,0,False,False
1701,187810.2,2.3379516187804588,150,0.3982657631551066,0.3982657631551066,3,False,True,0,6,False,False,115,0,False,False
1702,187810.4,2.374090291675576,148,0.421395851029125,0.421395851029125,2,True,True,0,6,False,False,114,0,False,False
1703,187810.6,2.4510087772784277,146,0.3905839534660584,0.3905839534660584,5,True,True,0,6,False,False,113,0,False,False
1704,187810.8,2.4928665784644086,145,0.38242833108622293,0.38242833108622293,2,True,True,0,6,False,False,112,0,False,False
1705,187811.0,2.5745590489369516,145,9.211046141411567,2.5267488020324285,3,True,True,0,6,False,False,111,0,False,False
1706,187811.2,2.7301730390643524,145,8.507036483751763,2.721723341628303,3,True,True,0,6,False,False,111,0,False,False
1707,187811.4,23.08129001031883,144,8.10318574858654,2.4100167414007445,3,True,True,0,0,True,False,109,0,False,False
1708,187811.6,16.96526676473367,142,2.171748516072042,1.7809789551649888,15,True,True,0,6,False,False,107,0,False,False
1709,187811.8,14.341165470245711,141,3.993630164317209,2.138504577953553,5,True,True,0,6,False,False,104,0,False,False
1710,187812.0,12.906059639813844,140,4.4310863620004115,2.1747584079203652,3,False,True,0,6,False,False,101,0,False,False
1711,187812.2,11.946702328778912,139,4.811515925888464,2.225319916143411,3,False,True,0,6,False,False,98,0,False,False
1712,187812.4,11.09852470995137,138,1.4985487114417855,1.3563346254577524,3,False,True,0,6,False,False,98,0,False,False
1713,187812.6,10.425975041637836,137,1.4001763482748566,1.2366438675335343,3,False,True,0,6,False,False,99,0,False,False
1714,187812.8,9.648267738337164,136,1.2791615042208977,1.1834460771726159,4,False,True,0,6,False,False,99,0,False,False
1715,187813.0,8.993122732929933,135,1.1947497827057778,1.1348077829648038,6,True,True,0,6,False,False,100,0,False,False
1716,187813.2,8.594033491863295,135,6.376954064837944,2.2302968825594265,6,True,True,0,6,False,False,101,0,False,False
1717,187813.4,8.409284537650187,135,6.266015213089814,2.152599389687052,6,True,True,0,6,False,False,102,0,False,False
1718,187813.6,8.328239983198655,135,5.968534278043692,2.1061819803364084,6,True,True,0,6,False,False,102,0,False,False
1719,187813.8,8.319583646060313,135,5.868509832350031,2.0994859200833096,5,True,True,0,6,False,False,102,0,False,False
1720,187814.0,8.46253540913604,136,5.723819480307646,2.162717978681329,5,True,True,0,6,False,False,102,0,False,False
1721,187814.2,8.623819373272188,137,5.669256840317563,2.1579857245770313,2,True,True,0,6,False,False,102,0,False,False
1722,187814.4,8.779376343062328,138,5.7450611689976485,2.1586539426719726,2,True,True,0,6,False,False,102,0,False,False
1723,187814.6,8.970115933161711,139,6.183885868236615,2.2256119518293684,2,True,True,0,6,False,False,102,0,False,False
1724,187814.8,9.270834051908759,140,6.551589028472324,2.5232055481458238,2,True,True,0,6,False,False,102,0,False,False
1725,187815.0,9.425010309178692,140,0.9981213163852094,0.9981213163852094,2,True,True,0,6,False,False,101,0,False,False
1726,187815.2,9.531266433991778,140,1.11181396496034,1.11181396496034,2,True,True,0,6,False,False,100,0,False,False
1727,187815.4,9.691576002197218,141,6.110455001550196,2.2146876768257204,2,True,True,0,6,False,False,100,0,False,False
1728,187815.6,9.902524387678907,142,5.424731080254818,2.0919514603711105,2,True,True,0,6,False,False,99,0,False,False
1729,187815.8,10.140194257925065,142,5.502994197900245,2.2481786579309313,2,True,True,0,6,False,False,99,0,False,False
1730,187816.0,10.377182104080385,142,4.830650809054154,2.034094194746908,2,True,True,0,6,False,False,100,0,False,False
1731,187816.2,10.604894508550267,142,4.69842961399941,2.019646808332935,2,True,True,0,6,False,False,101,0,False,False
1732,187816.4,10.83667651125895,142,4.604645588974496,2.132461806457457,2,True,True,0,6,False,False,102,0,False,False
1733,187816.6,10.993446299400137,142,1.50232175423324,1.3276304869332125,2,True,True,0,6,False,False,103,0,False,False
1734,187816.8,11.196783420260203,142,5.096589387828052,2.2438266247009047,2,True,True,0,6,False,False,104,0,False,False
1735,187817.0,11.417208433510039,142,5.45030183672705,2.291415188293576,2,True,True,0,6,False,False,105,0,False,False
1736,187817.2,11.634226095083086,142,5.69154098992592,2.321310606316941,2,True,True,0,6,False,False,106,0,False,False
1737,187817.4,11.847199927344857,143,5.8834027631899035,2.3279714498462507,2,True,True,0,6,False,False,106,0,False,False
1738,187817.6,12.076982197442703,144,5.949229360750412,2.3403615230800807,2,True,True,0,6,False,False,106,0,False,False
1739,187817.8,12.247809284198793,144,1.4867723941313136,1.2868251510210293,2,True,True,0,6,False,False,107,0,False,False
1740,187818.0,12.38389729678017,144,1.5006735042695145,1.3056561652750402,2,True,True,0,6,False,False,108,0,False,False
1741,187818.2,12.51317291518029,143,1.5589639503314403,1.3407680363090448,2,True,True,0,6,False,False,109,0,False,False
1742,187818.4,12.62560963340802,142,1.5999678528134003,1.3803170774097282,2,True,True,0,6,False,False,110,0,False,False
1743,187818.6,12.72322906265038,141,1.5813001673755052,1.304537089389694,2,True,True,0,6,False,False,111,0,False,False
1744,187818.8,12.857251972884468,141,5.249687143028587,2.142071639544849,2,True,True,0,6,False,False,112,0,False,False
1745,187819.0,13.001044666879748,141,4.255591130814907,2.0703589678576666,2,True,True,0,6,False,False,113,0,False,False
1746,187819.2,13.150195785278818,141,3.758884148616482,2.0199093446566048,2,True,True,0,6,False,False,114,0,False,False
1747,187819.4,13.306041002010756,141,3.3693627957188133,1.9194067756289304,2,True,True,0,6,False,False,115,0,False,False
1748,187819.6,13.480758926243235,140,3.2857229212603767,1.8817574186284176,2,True,True,0,6,False,False,115,0,False,False
1749,187819.8,13.642942979721855,140,2.6970934301240588,1.6354578454260473,2,True,True,0,6,False,False,116,0,False,False
1750,187820.0,13.820123419008304,141,2.5421939503350424,1.7213125221302807,2,True,True,0,6,False,False,117,0,False,False
1751,187820.2,14.045157597217967,141,2.6958013693091445,1.7453364040785802,2,True,True,0,6,False,False,117,0,False,False
1752,187820.4,14.240847232329918,141,2.8182896642398485,1.9110523129017063,2,True,True,0,6,False,False,117,0,False,False
1753,187820.6,14.449819661581046,141,2.9501625155772873,1.987085933490658,2,True,True,0,6,False,False,116,0,False,False
1754,187820.8,14.726340585893512,142,3.0540971297249753,2.045239188045965,2,False,True,0,6,False,False,113,0,False,False
1755,187821.0,15.04848306815784,141,3.3208473246986596,1.998542576315397,2,False,True,0,6,False,False,108,0,False,False
1756,187821.2,15.371672559129241,141,3.380687467670029,1.9361726928663263,2,True,True,0,6,False,False,103,0,False,False
1757,187821.4,15.700293029345731,141,3.392148962888317,1.9125793336972643,2,False,True,0,6,False,False,98,0,False,False
1758,187821.6,16.045990755866402,142,3.2955799658014038,1.8806373271990793,2,False,True,0,6,False,False,93,0,False,False
1759,187821.8,16.323319556036864,143,3.486153977682491,2.067923852691126,2,False,True,0,6,False,False,89,0,False,False
1760,187822.0,16.640419456215827,143,2.9235243996159093,1.9422166442722333,2,True,True,0,6,False,False,85,0,False,False
1761,187822.2,16.92492847083532,142,2.300738976958324,1.697092617145629,3,False,True,0,6,False,False,81,0,False,False
1762,187822.4,17.280300101179364,142,2.9827750471063146,2.0233186699627224,3,False,True,0,6,False,False,77,0,False,False
1763,187822.6,17.619171038101456,142,3.0723268960157317,2.0521802405026004,2,True,True,0,6,False,False,74,0,False,False
1764,187822.8,17.827535804553264,140,3.096056060725747,2.210607913828263,2,True,True,0,6,False,False,71,0,False,False
1765,187823.0,17.979527666927858,138,2.9463923856598346,2.152907237611871,2,False,True,0,6,False,False,68,0,False,False
1766,187823.2,18.13893474767237,138,2.2450309784687,1.653045706209554,3,False,True,0,6,False,False,65,0,False,False
1767,187823.4,18.271068149844837,138,2.2116186475643884,1.612127303358578,2,False,True,0,6,False,False,62,0,False,False
1768,187823.6,18.402410319760964,138,2.177314615355245,1.6018973468685214,3,False,True,0,6,False,False,59,0,False,False
1769,187823.8,18.54045016958356,137,2.1602082548409682,1.5709651416622292,4,False,True,0,6,False,False,56,0,False,False
1770,187824.0,18.626171590232044,136,2.2058380655069025,1.625906169909113,2,False,True,0,6,False,False,53,0,False,False
1771,187824.2,18.702266596148668,135,2.1831770020884327,1.6159923721713525,5,True,True,0,6,False,False,50,0,False,False
1772,187824.4,18.74832342887026,134,2.1638013220202317,1.6245929592387272,2,True,True,0,6,False,False,50,0,False,False
1773,187824.6,18.701040750936286,134,2.1895747547761335,1.6756658983002939,6,True,True,0,6,False,False,51,0,False,False
1774,187824.8,18.610240949893576,133,2.1726464685927236,1.6567926012899437,2,True,True,0,6,False,False,51,0,False,False
1775,187825.0,18.51162597809921,132,2.150999707708651,1.628664018075231,3,True,True,0,6,False,False,52,0,False,False
1776,187825.2,18.410315292814538,133,5.900492893629159,2.4787553853912883,3,True,True,0,6,False,False,54,0,False,False
1777,187825.4,18.367748958665572,133,6.1114642474012735,2.5159992737035592,5,True,True,0,6,False,False,55,0,False,False
1778,187825.6,18.36326156773639,133,6.271230688569696,2.555174802493983,6,True,True,0,6,False,False,58,0,False,False
1779,187825.8,31.97431305135478,133,6.303383878056269,2.534220322512737,6,True,True,0,0,True,False,62,0,False,False
1780,187826.0,28.451696119732883,134,3.8786051704567135,2.4102491355439026,9,True,True,0,6,False,False,67,0,False,False
1781,187826.2,26.63119649295608,134,3.9082265619284366,2.3740971662811714,4,False,True,0,6,False,False,72,0,False,False
1782,187826.4,25.669944378144574,134,3.734566920658658,2.2960104768009364,4,True,True,0,6,False,False,77,0,False,False
1783,187826.6,25.042974842300328,134,3.545347652708639,2.299287689973088,4,True,True,0,6,False,False,82,0,False,False
1784,187826.8,24.51598102624878,133,3.444185734187005,2.255487674225667,5,True,True,0,6,False,False,86,0,False,False
1785,187827.0,24.22235336641308,133,3.359007220848478,2.139027739980006,6,True,True,0,6,False,False,90,0,False,False
1786,187827.2,24.05956794695218,134,3.4343260795827955,2.160914243816347,6,True,True,0,6,False,False,94,0,False,False
1787,187827.4,23.974436945006417,134,3.5256643116818034,2.199118400215397,6,True,True,0,6,False,False,98,0,False,False
1788,187827.6,23.92265511095624,134,3.7853958828395675,2.3752452471586856,6,True,True,0,6,False,False,101,0,False,False
1789,187827.8,23.93354795767002,137,3.987875060459302,2.3106401085374353,6,True,True,0,6,False,False,104,0,False,False
1790,187828.0,23.9973689252605,140,3.994111629563065,2.3300453582106386,5,True,True,0,6,False,False,107,0,False,False
1791,187828.2,24.122960798600193,141,4.026540443494862,2.328652684269659,5,True,True,0,6,False,False,110,0,False,False
1792,187828.4,24.2899672494713,142,4.0539049275434325,2.351992977061819,4,True,True,0,6,False,False,113,0,False,False
1793,187828.6,24.388331025861326,142,3.204950002903106,2.0309610438672197,5,True,True,0,6,False,False,116,0,False,False
1794,187828.8,24.45599125094609,142,3.2335064144360275,2.042562169268576,5,True,True,0,6,False,False,119,0,False,False
1795,187829.0,24.520759081507833,144,6.004783180900878,2.842705988355842,5,True,True,0,6,False,False,122,0,False,False
1796,187829.2,24.522274385978506,145,5.7972155673153045,2.767654536520338,5,True,True,0,6,False,False,125,0,False,False
1797,187829.4,24.821560881749875,146,4.008919533536733,2.312846663679818,4,True,True,0,6,False,False,125,0,False,False
1798,187829.6,24.97342231225046,148,6.172890545069488,2.860414853686278,4,True,True,0,6,False,False,124,0,False,False
1799,187829.8,25.209260170838864,149,4.373367179770959,2.354860008915854,4,True,True,0,6,False,False,123,0,False,False
1800,187830.0,25.45159485433098,150,4.558331698862067,2.386478927271219,3,True,True,0,6,False,False,122,0,False,False
1801,187830.2,25.717371107158726,150,4.420171618657381,2.361499118352687,3,True,True,0,6,False,False,122,0,False,False
1802,187830.4,25.937530422762883,151,6.595985832531615,2.907272565598665,4,True,True,0,6,False,False,122,0,False,False
1803,187830.6,26.167386192735453,152,6.951288668710243,3.2435959325332027,4,True,True,0,6,False,False,122,0,False,False
1804,187830.8,25.387981075314837,153,7.119521380290148,3.2856483364353846,4,True,True,0,0,True,False,122,0,False,False
1805,187831.0,25.83124446358577,153,4.267886291606066,2.4468932739042497,8,True,True,0,6,False,False,122,0,False,False
1806,187831.2,26.29289572886619,153,4.145219589577209,2.4057930002911085,4,True,True,0,6,False,False,122,0,False,False
1807,187831.4,26.603561064752153,153,4.091623697997597,2.2935838338973773,3,True,True,0,6,False,False,122,0,False,False
1808,187831.6,26.869966076010357,153,4.04384862840895,2.3267970189923255,3,False,True,0,6,False,False,122,0,False,False
1809,187831.8,27.109723848528954,153,3.8775884106172818,2.083613152497851,3,False,True,0,6,False,False,122,0,False,False
1810,187832.0,27.2824299100582,153,3.7642885680216356,2.0569832567312467,3,True,True,0,6,False,False,122,0,False,False
1811,187832.2,27.447506631462122,153,3.735298530748745,2.052170099558453,3,True,True,0,6,False,False,122,0,False,False
1812,187832.4,27.607862125355737,153,3.740416833270501,2.0509645469358886,3,True,True,0,6,False,False,122,0,False,False
1813,187832.6,27.763410988073726,153,3.9306662520969837,2.1297079306557434,3,True,True,0,6,False,False,122,0,False,False
1814,187832.8,27.919841403578634,153,4.185978833579481,2.188589340519175,3,True,True,0,6,False,False,122,0,False,False
1815,187833.0,28.08035396448795,153,4.287570181908323,2.214238298691621,3,True,True,0,6,False,False,122,0,False,False
1816,187833.2,28.238533659652404,153,4.4424036099129625,2.240553501615498,3,True,True,0,6,False,False,122,0,False,False
1817,187833.4,28.390322320675594,153,4.585965525317997,2.266274599046228,3,True,True,0,6,False,False,122,0,False,False
1818,187833.6,28.544718780561755,154,4.64367056725034,2.275427219370467,3,True,True,0,6,False,False,122,0,False,False
1819,187833.8,28.72269366105512,155,4.740185840913817,2.53036189485272,3,True,True,0,6,False,False,122,0,False,False
1820,187834.0,28.90971885484533,154,4.7788344670299985,2.50179030676513,3,True,True,0,6,False,False,122,0,False,False
1821,187834.2,29.138462233977492,154,4.853678408982645,2.2930543342002396,3,True,True,0,6,False,False,122,0,False,False
1822,187834.4,29.373018502527653,154,4.857415766685954,2.2913382908737057,3,True,True,0,6,False,False,122,0,False,False
1823,187834.6,29.62820519040694,153,4.918739972733044,2.3039710389354626,3,True,True,0,6,False,False,123,0,False,False
1824,187834.8,29.880070484630185,153,4.947790373388142,2.314638721318863,3,True,True,0,6,False,False,124,0,False,False
1825,187835.0,30.12540988473137,153,4.895689329784478,2.4930331606137734,3,True,True,0,6,False,False,125,0,False,False
1826,187835.2,30.34679194657929,154,15.448472964037126,3.8123436767126373,3,True,True,0,6,False,False,125,0,False,False
1827,187835.4,29.822826313305786,154,15.238950178879383,3.818572268827646,4,True,True,0,6,False,False,125,0,False,False
1828,187835.6,24.920615610734682,154,14.9725659562771,3.786497554361578,4,True,True,0,0,True,False,125,0,False,False
1829,187835.8,21.620998957790732,154,13.30591400806277,3.83634697364002,18,True,True,0,6,False,False,125,0,False,False
1830,187836.0,22.69145233808979,154,6.575227007303171,2.8162673115718166,4,False,True,0,6,False,False,125,0,False,False
1831,187836.2,37.19373217535911,154,6.4099364846680995,2.7361850058700137,4,False,True,0,0,True,False,125,0,False,False
1832,187836.4,35.52095566882272,154,4.387804794141887,2.5006209985797083,14,True,True,0,6,False,False,125,0,False,False
1833,187836.6,34.90304470573172,154,4.449249522744445,2.5145487997010534,6,True,True,0,6,False,False,125,0,False,False
1834,187836.8,34.706636637208476,154,4.479034846188026,2.5151503090665615,5,True,True,0,6,False,False,125,0,False,False
1835,187837.0,34.71248752713785,154,4.453225914641335,2.509419180042807,5,True,True,0,6,False,False,125,0,False,False
1836,187837.2,34.721030928348284,153,4.508694885718009,2.433077142245586,5,True,True,0,6,False,False,125,0,False,False
1837,187837.4,34.86629649505081,153,4.3795948203398085,2.465340543060031,4,False,True,0,6,False,False,125,0,False,False
1838,187837.6,35.059602108311296,153,4.435827034647667,2.4887853700178137,4,False,True,0,6,False,False,125,0,False,False
1839,187837.8,35.2555056866794,153,4.535432143523214,2.4684064440990565,3,True,True,0,6,False,False,125,0,False,False
1840,187838.0,35.467111938396656,153,4.535463469673511,2.2394250324021523,3,True,True,0,6,False,False,125,0,False,False
1841,187838.2,35.68906631817507,153,4.544878191634767,2.219346120777127,3,True,True,0,6,False,False,125,0,False,False
1842,187838.4,35.930549047888874,153,4.597675693278839,2.218036267363165,3,True,True,0,6,False,False,125,0,False,False
1843,187838.6,36.17954739269597,153,4.5856764083920245,2.437392696821784,3,True,True,0,6,False,False,125,0,False,False
1844,187838.8,36.370839673238514,154,20.0260086708233,4.057311940437588,3,True,True,0,6,False,False,125,0,False,False
1845,187839.0,31.61126869471006,155,18.708534506814562,4.068206365203113,14,True,True,0,6,False,False,125,0,False,False
1846,187839.2,25.89233709981621,156,18.03746374038852,4.121176573067656,14,True,True,0,0,True,False,125,0,False,False
1847,187839.4,19.04657332362334,157,15.32768182177589,4.258484416295974,18,True,True,0,6,False,False,125,0,False,False
1848,187839.6,22.9581011679336,158,15.917853262331553,4.278034299457528,8,True,True,0,6,False,False,125,0,False,False
1849,187839.8,25.92254753746293,159,16.258208462486266,4.320964529736203,4,True,True,0,0,True,False,125,0,False,False
1850,187840.0,19.05057794443389,160,15.854608710953674,4.350370356229656,8,True,True,0,6,False,False,125,0,False,False
1851,187840.2,22.53772195128506,160,16.236446715423366,4.386363687252401,7,True,True,0,6,False,False,125,0,False,False
1852,187840.4,38.1485131997746,159,9.133448295947,3.493113964960368,4,True,True,0,0,True,False,125,0,False,False
1853,187840.6,38.43513877485768,158,4.82885864313814,2.2346829401124677,14,True,True,0,6,False,False,125,0,False,False
1854,187840.8,38.55094654660478,157,4.835336083214311,2.223548825188106,7,True,True,0,6,False,False,125,0,False,False
1855,187841.0,38.62779080667573,157,4.805100393460718,2.2110656798439865,5,True,True,0,6,False,False,125,0,False,False
1856,187841.2,38.70487160529054,157,4.813689208244904,2.207610321535039,4,True,True,0,6,False,False,125,0,False,False
1857,187841.4,38.79955043626752,157,4.804008870074071,2.489194725386113,4,True,True,0,6,False,False,125,0,False,False
1858,187841.6,38.7986789489879,158,23.334484697290566,4.294326072526538,3,True,True,0,6,False,False,125,0,False,False
1859,187841.8,29.083432001578817,159,19.991403705904535,4.371436267303667,19,True,True,0,6,False,False,125,0,False,False
1860,187842.0,26.066561612292077,160,18.673681368250527,4.384525975558742,15,True,True,0,0,True,False,125,0,False,False
1861,187842.2,18.445442577803117,162,16.416475409697245,4.404364603993908,15,True,True,0,6,False,False,125,0,False,False
1862,187842.4,22.40332713129446,163,16.619840495243054,4.435152234000173,5,True,True,0,6,False,False,125,0,False,False
1863,187842.6,26.46144758057568,164,16.712209597305723,4.458632610534017,4,True,True,0,0,True,False,125,0,False,False
1864,187842.8,19.78196840782638,165,16.290927030267493,4.438762353228766,8,True,True,0,6,False,False,127,0,False,False
1865,187843.0,22.973022193936114,166,16.038372979151035,4.4623018173515545,5,True,True,0,6,False,False,129,0,False,False
1866,187843.2,25.37679698143886,167,15.90700944771223,4.477452266145523,4,True,True,0,0,True,False,131,0,False,False
1867,187843.4,20.871110594817765,167,9.580071225029469,3.539904399770537,7,True,True,0,6,False,False,132,0,False,False
1868,187843.6,19.550959492561287,167,9.058124390498083,3.7768667561349094,4,False,True,0,6,False,False,133,0,False,False
1869,187843.8,0.5379138622554234,165,6.586491968483533,3.308353379969567,5,True,True,0,0,True,False,133,0,False,False
1870,187844.0,2.4384069352641817,163,0.6159860128169901,0.6159860128169901,10,True,True,0,6,False,False,133,0,False,False
1871,187844.2,2.7084405976319874,161,0.7922928713734815,0.7922928713734815,2,True,True,0,6,False,False,133,0,False,False
1872,187844.4,2.8369306340430542,159,0.7285163550320443,0.7285163550320443,2,True,True,0,6,False,False,133,0,False,False
1873,187844.6,2.9367581938019107,157,0.7471073812157287,0.7471073812157287,2,True,True,0,6,False,False,133,0,False,False
1874,187844.8,3.0230561778037357,155,0.6933715205553866,0.6933715205553866,2,True,True,0,6,False,False,133,0,False,False
1875,187845.0,3.1173498634306553,153,0.6859395241695745,0.6859395241695745,2,True,True,0,6,False,False,133,0,False,False
1876,187845.2,3.2123522082751443,151,0.647428625157273,0.647428625157273,3,True,True,0,6,False,False,133,0,False,False
1877,187845.4,3.294621157209225,150,0.6653522556648612,0.6653522556648612,3,True,True,0,6,False,False,133,0,False,False
1878,187845.6,3.359778190913387,149,0.6345102007075917,0.6345102007075917,3,True,True,0,6,False,False,133,0,False,False
1879,187845.8,3.4244125923258717,148,0.629413337136597,0.629413337136597,3,True,True,0,6,False,False,133,0,False,False
1880,187846.0,3.4660392716138735,147,0.6420846663174176,0.6420846663174176,3,True,True,0,6,False,False,133,0,False,False
1881,187846.2,3.4743681428916804,146,0.5760645204655005,0.5760645204655005,4,True,True,0,6,False,False,133,0,False,False
1882,187846.4,3.4340867866920304,145,0.5571616868491559,0.5571616868491559,5,True,True,0,6,False,False,133,0,False,False
1883,187846.6,3.3755097282989386,143,0.5378547771312918,0.5378547771312918,5,True,True,0,6,False,False,133,0,False,False
1884,187846.8,3.31347342761883,141,0.5114976810064175,0.5114976810064175,5,True,True,0,6,False,False,133,0,False,False
1885,187847.0,3.2470535370712263,139,0.48863970681357677,0.48863970681357677,5,True,True,0,6,False,False,133,0,False,False
1886,187847.2,3.178468958779587,137,0.4843812558055826,0.4843812558055826,5,True,True,0,6,False,False,133,0,False,False
1887,187847.4,3.105966709905577,135,0.49107040193985474,0.49107040193985474,5,True,True,0,6,False,False,133,0,False,False
1888,187847.6,3.0212664938231963,133,0.4826572363246363,0.4826572363246363,5,True,True,0,6,False,False,133,0,False,False
1889,187847.8,2.9247347152691474,131,0.5085151528752384,0.5085151528752384,5,True,True,0,6,False,False,131,0,False,False
1890,187848.0,2.8261393622390294,129,0.5200039652391424,0.5200039652391424,5,True,True,0,6,False,False,129,0,False,False
1891,187848.2,2.7217532700946516,127,0.5230388811705281,0.5230388811705281,5,True,True,0,6,False,False,127,0,False,False
1892,187848.4,2.596856188778783,126,0.5557184987996628,0.5557184987996628,5,True,True,0,6,False,False,126,0,False,False
1893,187848.6,2.434616084361454,125,0.5462654806280244,0.5462654806280244,5,True,True,0,6,False,False,125,0,False,False
1894,187848.8,2.2616870313491324,125,0.5410536215850248,0.5410536215850248,5,True,True,0,6,False,False,125,0,False,False
1895,187849.0,2.0953077761537333,125,0.5980923669631965,0.5980923669631965,5,True,True,0,6,False,False,125,0,False,False
1896,187849.2,1.9453997984540063,125,0.5434604423590055,0.5434604423590055,5,True,True,0,6,False,False,125,0,False,False
1897,187849.4,1.8127847155436585,125,0.5004268050357038,0.5004268050357038,5,True,True,0,6,False,False,125,0,False,False
1898,187849.6,1.6932158617345012,125,0.5060341604867311,0.5060341604867311,4,True,True,0,6,False,False,125,0,False,False
1899,187849.8,1.594243857763921,125,0.5128045859318248,0.5128045859318248,4,True,True,0,6,False,False,125,0,False,False
1900,187850.0,1.508176689814942,125,0.4700971784421829,0.4700971784421829,4,True,True,0,6,False,False,125,0,False,False
1901,187850.2,1.435854932007884,125,0.47622116208060067,0.47622116208060067,4,True,True,0,6,False,False,125,0,False,False
1902,187850.4,1.3070999158742826,126,36.7414318995858,5.898721354751876,3,True,True,0,6,False,False,125,0,False,False
1903,187850.6,4.887411524512209,127,34.3905280912842,5.7538698386755325,11,True,True,0,6,False,False,125,0,False,False
1904,187850.8,72.85978253399018,128,31.99715238176605,5.635042813740803,11,True,True,0,0,True,False,125,0,False,False
1905,187851.0,68.3010272040292,129,12.351668596957385,4.256457909364736,11,False,True,0,6,False,False,125,0,False,False
1906,187851.2,66.41725089710246,129,8.961940495844633,3.6195865954455324,3,True,True,0,6,False,False,125,0,False,False
1907,187851.4,0.6890898547867549,129,8.860296747271748,3.5846461985555105,3,False,True,0,0,True,False,125,0,False,False
1908,187851.6,0.704026706642647,129,0.6292250354564061,0.6292250354564061,8,True,True,0,6,False,False,125,0,False,False
1909,187851.8,0.7788754710772083,130,35.06926421824423,5.764475895355749,2,True,True,0,6,False,False,125,0,False,False
1910,187852.0,13.954383060962257,130,2.274784945605696,1.9029883961508895,16,True,True,0,6,False,False,125,0,False,False
1911,187852.2,10.732222532884217,130,1.7775291002992777,1.664814767307976,4,False,True,0,6,False,False,125,0,False,False
1912,187852.4,9.560311841634661,131,30.727363200677697,5.532966135995816,3,False,True,0,6,False,False,125,0,False,False
1913,187852.6,22.743930792469985,132,25.554352941897093,5.245616244676412,16,True,True,0,6,False,False,125,0,False,False
1914,187852.8,69.41065623379006,133,22.271286223478953,5.043802029417975,18,True,True,0,0,True,False,125,0,False,False
1915,187853.0,65.89545429712253,134,11.499571601697161,4.126505467643676,10,False,True,0,6,False,False,125,0,False,False
1916,187853.2,64.40694372792656,135,11.572562012025783,4.126176621694263,4,False,True,0,6,False,False,125,0,False,False
1917,187853.4,0.9645716714279998,135,8.607326305036262,3.279044469871529,3,False,True,0,0,True,False,125,0,False,False
1918,187853.6,1.7442870328676152,135,0.6784044557600171,0.6784044557600171,8,True,True,0,6,False,False,125,0,False,False
1919,187853.8,1.9139364290841077,135,0.6412816694793765,0.6412816694793765,2,True,True,0,6,False,False,125,0,False,False
1920,187854.0,2.0117094181671065,135,0.647843280743239,0.647843280743239,2,True,True,0,6,False,False,125,0,False,False
1921,187854.2,2.091067365884923,135,0.6854827409506914,0.6854827409506914,2,True,True,0,6,False,False,125,0,False,False
1922,187854.4,2.159074335447685,135,0.704878612808955,0.704878612808955,2,True,True,0,6,False,False,125,0,False,False
1923,187854.6,2.2201649144310496,135,0.7057279481640797,0.7057279481640797,2,True,True,0,6,False,False,125,0,False,False
1924,187854.8,2.2788981819224183,135,0.6943588077239432,0.6943588077239432,2,True,True,0,6,False,False,125,0,False,False
1925,187855.0,2.3328432028846917,135,0.712796471720266,0.712796471720266,2,True,True,0,6,False,False,125,0,False,False
1926,187855.2,2.3851077314869173,135,0.7219156363023788,0.7219156363023788,2,True,True,0,6,False,False,125,0,False,False
1927,187855.4,2.428409370476855,134,0.7324173342770555,0.7324173342770555,2,True,True,0,6,False,False,125,0,False,False
1928,187855.6,2.45641347794593,133,0.7499817782979711,0.7499817782979711,2,True,True,0,6,False,False,125,0,False,False
1929,187855.8,2.4689642604026654,132,0.7526959957261963,0.7526959957261963,2,True,True,0,6,False,False,125,0,False,False
1930,187856.0,2.5230457171772147,132,1.6269815582938563,1.171396267747008,2,True,True,0,6,False,False,126,0,False,False
1931,187856.2,2.6154137608769776,134,18.38410532076091,3.718387428514612,2,True,True,0,6,False,False,127,0,False,False
1932,187856.4,13.525921797112776,136,15.508025731362878,3.672729474628292,15,True,True,0,6,False,False,128,0,False,False
1933,187856.6,32.87864671090473,138,14.204333966777702,3.7600537970830894,11,True,True,0,0,True,False,129,0,False,False
1934,187856.8,25.9547106586229,138,6.101825391441689,3.0145918059275782,15,True,True,0,6,False,False,130,0,False,False
1935,187857.0,23.907340254432558,139,5.489361371020074,2.854015322168672,5,True,True,0,6,False,False,131,0,False,False
1936,187857.2,22.658645256924142,140,5.156863754595359,2.7574940211312877,5,True,True,0,6,False,False,132,0,False,False
1937,187857.4,21.62377630935087,140,4.8832441867202645,2.675245817066713,3,False,True,0,6,False,False,133,0,False,False
1938,187857.6,20.6303842047007,140,4.629276985224838,2.60635768976851,3,False,True,0,6,False,False,134,0,False,False
1939,187857.8,19.65644728768284,140,4.331245617769638,2.527347889813754,3,False,True,0,6,False,False,135,0,False,False
1940,187858.0,18.686429218086904,140,4.0848024998836685,2.454045411384318,3,False,True,0,6,False,False,136,0,False,False
1941,187858.2,17.723213562076204,140,3.762371436740385,2.3669642276319665,3,False,True,0,6,False,False,137,0,False,False
1942,187858.4,16.76827191913776,141,3.426361799487639,2.2630255064824887,3,False,True,0,6,False,False,138,0,False,False
1943,187858.6,15.828710376726564,142,3.212987403205123,2.1928387790350037,3,False,True,0,6,False,False,139,0,False,False
1944,187858.8,14.910252924540057,143,2.93452264685579,2.0937144549094366,3,False,True,0,6,False,False,140,0,False,False
1945,187859.0,14.006913808942523,144,2.6567351806145445,1.9872520356731715,3,False,True,0,6,False,False,141,0,False,False
1946,187859.2,13.12733471365841,145,2.453857849207239,1.90306657578101,3,False,True,0,6,False,False,142,0,False,False
1947,187859.4,11.78065698487261,146,2.183809093970022,1.7565542800134932,4,False,True,0,6,False,False,143,0,False,False
1948,187859.6,11.106841314823656,147,2.015599470754869,1.6725178240680134,3,False,True,0,6,False,False,144,0,False,False
1949,187859.8,10.428128705124816,148,1.8765518384316897,1.6232212995462618,5,False,True,0,6,False,False,145,0,False,False
1950,187860.0,9.798154235378995,149,1.7672153460848832,1.5653437912888348,4,False,True,0,6,False,False,146,0,False,False
1951,187860.2,9.265311189748445,150,1.6523130785669276,1.5177850456845006,4,False,True,0,6,False,False,147,0,False,False
1952,187860.4,8.813678670368024,151,1.5115083070561581,1.455268671816927,4,False,True,0,6,False,False,148,0,False,False
1953,187860.6,8.463973461630374,152,1.3547549096482543,1.34961926729422,4,True,True,0,6,False,False,149,0,False,False
1954,187860.8,8.17050317763296,153,1.275256738167746,1.275256738167746,3,True,True,0,6,False,False,150,0,False,False
1955,187861.0,7.919729289108567,153,1.2475763860526818,1.2475763860526818,3,False,True,0,6,False,False,150,0,False,False
1956,187861.2,7.665910443631277,152,1.230439154235381,1.230439154235381,4,True,True,0,6,False,False,150,0,False,False
1957,187861.4,7.405711452540674,151,1.1863996836785418,1.167905043649398,4,True,True,0,6,False,False,150,0,False,False
1958,187861.6,7.173632387745863,150,1.2622057005989231,1.1989204884811482,4,True,True,0,6,False,False,150,0,False,False
1959,187861.8,6.922649657032161,150,1.1643765068992282,1.1201462690938573,4,False,True,0,6,False,False,150,0,False,False
1960,187862.0,6.694165539723966,150,1.1620563058356075,1.08084360495048,4,False,True,0,6,False,False,150,0,False,False
1961,187862.2,6.512848644242643,151,20.004227920124748,4.2819661113169145,4,False,True,0,6,False,False,150,0,False,False
1962,187862.4,6.940950806798603,151,1.4077849578081867,1.2392161918971698,4,True,True,0,6,False,False,150,0,False,False
1963,187862.6,6.509994591320289,152,19.727683371418642,4.267164282167101,4,False,True,0,6,False,False,150,0,False,False
1964,187862.8,7.469889770753819,152,1.6294775056600788,1.3782006916500644,5,True,True,0,6,False,False,150,0,False,False
1965,187863.0,6.728009862525941,152,1.4456475794529708,1.2640568913132633,4,False,True,0,6,False,False,150,0,False,False
1966,187863.2,6.41456570077081,153,19.35450618791054,4.2484650955528585,4,False,True,0,6,False,False,150,0,False,False
1967,187863.4,8.559169717127144,154,18.543909940981298,4.264118750590211,9,True,True,0,6,False,False,150,0,False,False
1968,187863.6,28.915880373668156,155,18.13292278939793,4.283510343075442,10,True,True,0,0,True,False,150,0,False,False
1969,187863.8,18.33567570390227,156,15.25611985267424,4.2591774529389,21,True,True,0,6,False,False,150,0,False,False
1970,187864.0,17.76157323536108,157,15.442347889965113,4.264212319769432,5,True,True,0,6,False,False,150,0,False,False
1971,187864.2,17.409858258530964,157,4.651931544982237,2.6432121834567153,4,True,True,0,6,False,False,150,0,False,False
1972,187864.4,16.168726431651617,157,4.355558263572794,2.5492223331312793,3,False,True,0,6,False,False,150,0,False,False
1973,187864.6,15.315340140642753,158,16.509871469262514,4.312198840344685,3,False,True,0,6,False,False,150,0,False,False
1974,187864.8,17.015844407275125,159,15.84471756188494,4.305418433270883,5,True,True,0,6,False,False,150,0,False,False
1975,187865.0,29.246794143351693,160,15.618480477186898,4.286782843368215,4,True,True,0,0,True,False,150,0,False,False
1976,187865.2,19.556054985244412,161,15.07378116822953,4.287748298659429,10,False,True,0,6,False,False,150,0,False,False
1977,187865.4,20.87393068520687,162,14.658594844372379,4.294845124447167,5,True,True,0,6,False,False,150,0,False,False
1978,187865.6,28.769757267239292,163,15.252035193937242,4.3264568399650365,4,True,True,0,0,True,False,150,0,False,False
1979,187865.8,20.34108002333767,164,15.189753139437455,4.336697078809827,3,False,True,0,6,False,False,150,0,False,False
1980,187866.0,22.51001100875491,165,14.546521547206451,4.335227461147029,5,True,True,0,6,False,False,150,0,False,False
1981,187866.2,27.48178299951395,166,14.950825394947248,4.701239276295065,4,True,True,0,0,True,False,150,0,False,False
1982,187866.4,21.42867802767589,167,15.07948782279554,4.754246131340222,3,False,True,0,6,False,False,150,0,False,False
1983,187866.6,23.876775257243814,168,14.556796497792437,4.735695325276642,5,True,True,0,6,False,False,150,0,False,False
1984,187866.8,28.077069254236253,169,14.857618993788993,4.737217447274051,3,False,True,0,0,True,False,150,0,False,False
1985,187867.0,22.88700056724501,170,14.917357453610956,4.761403791558009,3,False,True,0,6,False,False,150,0,False,False
1986,187867.2,20.732731438674804,170,15.737775336464933,4.773131207937594,4,False,True,0,6,False,False,150,0,False,False
1987,187867.4,28.551092763281996,171,14.845510963318667,4.770891175873483,5,True,True,0,0,True,False,150,0,False,False
1988,187867.6,23.938904920052142,171,14.86624587290098,4.753445425566966,3,False,True,0,6,False,False,150,0,False,False
1989,187867.8,21.910058594802965,172,15.41888997606387,4.759242609667985,4,False,True,0,6,False,False,150,0,False,False
1990,187868.0,28.46104882241786,173,14.412114031413072,4.698838400738622,5,True,True,0,0,True,False,150,0,False,False
1991,187868.2,24.739902991413874,173,14.64226519612211,4.735721731384046,4,False,True,0,6,False,False,150,0,False,False
1992,187868.4,22.81516308079164,173,15.336400910848248,4.776620087829936,4,False,True,0,6,False,False,150,0,False,False
1993,187868.6,28.806904944022516,173,14.733694011489435,4.7836368011006485,5,True,True,0,0,True,False,150,0,False,False
1994,187868.8,25.00081981007101,173,14.895943458002186,4.793311191307724,5,True,True,0,6,False,False,150,0,False,False
1995,187869.0,23.072983482218746,173,15.52855621108924,4.812222873109299,4,False,True,0,6,False,False,150,0,False,False
1996,187869.2,28.79331728650696,174,14.848325556492675,4.816988264957808,5,True,True,0,0,True,False,150,0,False,False
1997,187869.4,24.675298365507274,175,15.139365681913935,4.813998151420681,4,False,True,0,6,False,False,150,0,False,False
1998,187869.6,27.16790729776429,175,14.655035968945667,4.832838831333189,5,True,True,0,6,False,False,150,0,False,False
1999,187869.8,29.205170138224982,175,14.980895932945963,4.857091389098961,3,False,True,0,0,True,False,150,0,False,False
2000,187870.0,25.217270197143414,175,15.397189172558276,4.854911129177955,4,False,True,0,6,False,False,150,0,False,False
2001,187870.2,27.36498336492688,175,14.954693028004884,4.868393914228351,5,True,True,0,6,False,False,150,0,False,False
2002,187870.4,29.628880652433146,175,15.249146620657402,4.883245523535068,3,True,True,0,0,True,False,150,0,False,False
2003,187870.6,25.510049810358545,175,15.72298524413235,4.90146200725911,4,False,True,0,6,False,False,150,0,False,False
2004,187870.8,27.532472867105547,175,15.320016403673371,4.916329595220351,5,True,True,0,6,False,False,150,0,False,False
2005,187871.0,29.93733492335749,175,15.303632594460623,4.945337422760607,4,True,True,0,0,True,False,150,0,False,False
2006,187871.2,26.004227762811148,175,16.112150581335005,4.988031914068017,5,False,True,0,6,False,False,150,0,False,False
2007,187871.4,27.393499961446643,174,8.071921361701285,3.561638209407562,5,True,True,0,6,False,False,150,0,False,False
2008,187871.6,1.7060673483954105,173,7.853704524431078,3.5045118389282752,3,True,True,0,0,True,False,150,0,False,False
2009,187871.8,1.6421898155832066,172,0.6861027132279411,0.6861027132279411,9,True,True,0,6,False,False,150,0,False,False
2010,187872.0,1.698217118289705,171,0.7429303815080829,0.7429303815080829,2,True,True,0,6,False,False,150,0,False,False
2011,187872.2,1.7302109827341512,170,0.8074696357136962,0.8074696357136962,2,True,True,0,6,False,False,150,0,False,False
2012,187872.4,1.7498551071933623,169,0.7975663035890581,0.7975663035890581,2,True,True,0,6,False,False,150,0,False,False
2013,187872.6,1.778634738891477,169,26.152936594108116,5.254391653230523,2,True,True,0,6,False,False,150,0,False,False
2014,187872.8,11.609183483996718,169,22.168433345466106,5.178002125770275,19,True,True,0,6,False,False,150,0,False,False
2015,187873.0,32.74929507760741,169,20.60666812952755,5.16831428014788,14,True,True,0,0,True,False,150,0,False,False
2016,187873.2,25.062571043548186,169,17.828835105517474,5.113551207303522,14,True,True,0,6,False,False,150,0,False,False
2017,187873.4,25.71190669990233,169,17.81266952141229,5.138610715625133,5,True,True,0,6,False,False,150,0,False,False
2018,187873.6,32.979271808844516,169,17.639201885512392,5.125603133971203,4,True,True,0,0,True,False,150,0,False,False
2019,187873.8,26.49864955863937,169,17.572077882451133,5.140879495654798,3,False,True,0,6,False,False,150,0,False,False
2020,187874.0,26.744265250710658,169,17.47603023815603,5.1460434809889435,5,True,True,0,6,False,False,150,0,False,False
2021,187874.2,33.12134910567012,169,17.486551934047387,5.14293398528416,4,True,True,0,0,True,False,150,0,False,False
2022,187874.4,27.132209963117482,169,17.62641637592227,5.162817264119241,3,True,True,0,6,False,False,150,0,False,False
2023,187874.6,27.438867803773775,169,17.725212364170797,5.189951199970256,4,True,True,0,6,False,False,150,0,False,False
2024,187874.8,33.33634188879681,169,17.710555361153773,5.193493169800334,3,True,True,0,0,True,False,150,0,False,False
2025,187875.0,27.641462720853642,169,17.78400425438205,5.182344190708777,3,True,True,0,6,False,False,150,0,False,False
2026,187875.2,28.053786141276913,169,17.77949093929047,5.2192325537034545,4,True,True,0,6,False,False,150,0,False,False
2027,187875.4,33.28824916093262,169,17.731359153071473,5.239881112349575,3,True,True,0,0,True,False,150,0,False,False
2028,187875.6,27.959389125503694,169,17.93694609786378,5.254883438058496,3,True,True,0,6,False,False,150,0,False,False
2029,187875.8,28.5032925648015,169,17.803811084014587,5.274200253431309,4,True,True,0,6,False,False,150,0,False,False
2030,187876.0,33.48740894826064,169,17.69932057898849,5.223197825064322,3,True,True,0,0,True,False,150,0,False,False
2031,187876.2,28.305044047911117,169,17.81764616736795,5.222314299871271,4,True,True,0,6,False,False,150,0,False,False
2032,187876.4,29.35388505202952,170,17.775190000106534,5.226888966042872,5,True,True,0,6,False,False,150,0,False,False
2033,187876.6,34.18261091865859,171,17.714452074903097,5.244233829067222,4,True,True,0,0,True,False,150,0,False,False
2034,187876.8,29.238573151136986,172,17.944190525073616,5.252937581917621,5,False,True,0,6,False,False,150,0,False,False
2035,187877.0,31.07917849540894,173,17.533941873403478,5.260725826480712,5,True,True,0,6,False,False,150,0,False,False
2036,187877.2,34.457561204274754,174,17.418075685738945,5.253664482411028,4,True,True,0,0,True,False,150,0,False,False
2037,187877.4,30.413453715960227,175,17.69956680435716,5.242852170107503,4,False,True,0,6,False,False,150,0,False,False
2038,187877.6,32.40450480383319,175,17.197849436950957,5.243183281828546,5,True,True,0,6,False,False,150,0,False,False
2039,187877.8,34.80776358691855,175,17.137821098018332,5.25939298485188,4,True,True,0,0,True,False,150,0,False,False
2040,187878.0,31.016256616245705,175,17.585149291935068,5.261519655140858,6,False,True,0,6,False,False,150,0,False,False
2041,187878.2,32.78062040303529,175,17.077046868315666,5.242500864156806,5,True,True,0,6,False,False,150,0,False,False
2042,187878.4,34.454610604558816,175,16.905760093588814,5.234576002713317,4,True,True,0,0,True,False,150,0,False,False
2043,187878.6,30.787417103237495,175,17.381474793337794,5.224801899783861,5,False,True,0,6,False,False,150,0,False,False
2044,187878.8,32.79512661103081,175,16.90731824186578,5.233607004699789,5,True,True,0,6,False,False,150,0,False,False
2045,187879.0,33.97965581252015,175,16.739071604337003,5.215079196452206,4,True,True,0,0,True,False,150,0,False,False
2046,187879.2,30.42262809920504,175,17.37436386844514,5.2061970106785065,6,False,True,0,6,False,False,150,0,False,False
2047,187879.4,32.744743215933475,176,15.861166644835349,4.616430034465953,5,True,True,0,6,False,False,150,0,False,False
2048,187879.6,34.25449805078324,176,16.693796871188564,5.196388183467458,4,True,True,0,0,True,False,150,0,False,False
2049,187879.8,30.47332192013255,176,17.34132116028403,5.188582002748187,6,False,True,0,6,False,False,150,0,False,False
2050,187880.0,32.794987306161076,177,15.622211163728622,4.570746566620581,5,True,True,0,6,False,False,150,0,False,False
2051,187880.2,33.85498851912626,178,15.311360375469071,4.543882012067525,4,True,True,0,0,True,False,150,0,False,False
2052,187880.4,29.24053489772868,179,16.12170825305323,4.4688539700267285,5,False,True,0,6,False,False,150,0,False,False
2053,187880.6,32.365006316113416,180,15.493453158145343,4.489956375132997,5,True,True,0,6,False,False,150,0,False,False
2054,187880.8,34.16642514208092,181,15.019629638366698,4.4578591307229365,4,True,True,0,0,True,False,150,0,False,False
2055,187881.0,30.36587635810453,182,15.386242738786937,4.41631819244689,5,False,True,0,6,False,False,150,0,False,False
2056,187881.2,32.828667185863296,183,14.856350730231672,4.406548673055234,5,True,True,0,6,False,False,150,0,False,False
2057,187881.4,34.22368918018674,184,14.963565572742876,4.407418122600648,3,False,True,0,0,True,False,150,0,False,False
2058,187881.6,30.592066980251513,185,15.161406491196962,4.455346414400363,4,False,True,0,6,False,False,150,0,False,False
2059,187881.8,32.92603459664764,185,15.687132717261456,4.697494743054089,5,True,True,0,6,False,False,150,0,False,False
2060,187882.0,34.38959551660855,185,15.490246246274806,4.6905945414156065,4,True,True,0,0,True,False,150,0,False,False
2061,187882.2,30.802375701311266,185,15.847665411982407,4.670128183829846,5,False,True,0,6,False,False,150,0,False,False
2062,187882.4,33.00495339234302,185,15.341729571333547,4.662899182527594,5,True,True,0,6,False,False,150,0,False,False
2063,187882.6,34.0414833135961,185,15.278231240796684,4.668749553295683,4,True,True,0,0,True,False,150,0,False,False
2064,187882.8,30.66240281517549,185,15.67299253084325,4.634089103486097,5,True,True,0,6,False,False,150,0,False,False
2065,187883.0,32.9360456584874,185,15.288652331792392,4.654585891319185,5,True,True,0,6,False,False,150,0,False,False
2066,187883.2,34.07220754520302,185,15.170234111399983,4.652090925015859,4,True,True,0,0,True,False,150,0,False,False
2067,187883.4,30.683865454837623,185,15.731049499192384,4.637863770999905,5,False,True,0,6,False,False,150,0,False,False
2068,187883.6,32.95713234581124,185,15.239498013629078,4.625146432060016,5,True,True,0,6,False,False,150,0,False,False
2069,187883.8,33.669823629826546,185,15.088916077803681,4.626335218948531,4,True,True,0,0,True,False,150,0,False,False
2070,187884.0,30.439327719051537,184,8.353103031770372,3.625530792600431,5,False,True,0,6,False,False,150,0,False,False
2071,187884.2,29.437437803235596,183,8.124327978167724,3.5460018586623345,4,False,True,0,6,False,False,150,0,False,False
2072,187884.4,34.29512199606068,182,16.54700592371933,4.682940135706621,3,False,True,0,0,True,False,150,0,False,False
2073,187884.6,29.271091672998537,181,7.943882925921858,3.526284702768443,3,False,True,0,6,False,False,150,0,False,False
2074,187884.8,28.272215773533254,180,7.735173076456376,3.478973363963688,4,True,True,0,6,False,False,150,0,False,False
2075,187885.0,0.9962207363861226,178,7.690330450548811,3.4234984852390404,3,False,True,0,0,True,False,150,0,False,False
2076,187885.2,2.7522047747302762,175,0.6390018282500491,0.6390018282500491,10,True,True,0,6,False,False,149,0,False,False
2077,187885.4,2.8869443223140734,172,0.7089299714234533,0.7089299714234533,2,True,True,0,6,False,False,148,0,False,False
2078,187885.6,2.8945402280379775,170,1.0122493015128426,0.9779158974518858,2,True,True,0,6,False,False,147,0,False,False
2079,187885.8,2.8683289413107262,168,1.3067766943979786,1.104023373490963,2,True,True,0,6,False,False,146,0,False,False
2080,187886.0,2.8398419070869214,165,0.728443595874618,0.728443595874618,5,True,True,0,6,False,False,145,0,False,False
2081,187886.2,2.7923340048907344,162,0.6616229851241102,0.6616229851241102,5,True,True,0,6,False,False,144,0,False,False
2082,187886.4,2.728172551313367,159,0.6116130409853424,0.6116130409853424,5,True,True,0,6,False,False,143,0,False,False
2083,187886.6,2.634636565449931,156,0.5505752316832261,0.5505752316832261,5,True,True,0,6,False,False,142,0,False,False
2084,187886.8,2.5396770146942766,154,0.5205613092191906,0.5205613092191906,5,True,True,0,6,False,False,141,0,False,False
2085,187887.0,2.443468553229383,152,0.5013860627121409,0.5013860627121409,5,True,True,0,6,False,False,140,0,False,False
2086,187887.2,2.365170891347374,150,0.5395689156583148,0.5395689156583148,5,True,True,0,6,False,False,139,0,False,False
2087,187887.4,2.279673849879887,148,0.5305967227142793,0.5305967227142793,5,True,True,0,6,False,False,138,0,False,False
2088,187887.6,2.2004716294632556,146,0.4810315171285374,0.4810315171285374,5,True,True,0,6,False,False,137,0,False,False
2089,187887.8,2.1170567060042744,144,0.49002240646608936,0.49002240646608936,5,True,True,0,6,False,False,136,0,False,False
2090,187888.0,2.028362165564721,142,0.46168916273587685,0.46168916273587685,5,True,True,0,6,False,False,135,0,False,False
2091,187888.2,1.9498893527293033,140,0.4390753446067919,0.4390753446067919,5,True,True,0,6,False,False,134,0,False,False
2092,187888.4,1.8477713895664747,138,0.46902853275114575,0.46902853275114575,5,True,True,0,6,False,False,133,0,False,False
2093,187888.6,1.7593424503155008,136,0.4910051379957258,0.4910051379957258,5,True,True,0,6,False,False,132,0,False,False
2094,187888.8,1.6475537151653061,134,0.5005964140121644,0.5005964140121644,5,True,True,0,6,False,False,131,0,False,False
2095,187889.0,1.545414872985536,133,0.5329028209391815,0.5329028209391815,4,True,True,0,6,False,False,130,0,False,False
2096,187889.2,1.5061170581589227,133,18.384295955240148,4.04296495462426,4,True,True,0,6,False,False,129,0,False,False
2097,187889.4,3.4151053042824677,132,17.415426268249558,3.9432797692292287,5,True,True,0,6,False,False,128,0,False,False
2098,187889.6,48.61994963731352,132,16.810983066173563,3.955550286080401,5,True,True,0,0,True,False,127,0,False,False
2099,187889.8,43.68725679537304,132,8.20642893656416,3.561008055915051,15,True,True,0,6,False,False,126,0,False,False
2100,187890.0,41.806637815699915,132,8.426199944911447,3.5182655186021576,5,False,True,0,6,False,False,125,0,False,False
2101,187890.2,48.62913753749742,133,8.553148667053234,3.523567434657233,3,False,True,0,0,True,False,125,0,False,False
2102,187890.4,44.522163768594105,134,7.876026463342732,3.4362881977464452,10,True,True,0,6,False,False,125,0,False,False
2103,187890.6,42.99798963993722,135,11.519441395506425,4.02408788680336,4,True,True,0,6,False,False,125,0,False,False
2104,187890.8,56.99235972956035,136,11.69089461608729,4.008590698178131,3,True,True,0,0,True,False,125,0,False,False
2105,187891.0,54.60849642634091,138,7.695544611245127,3.2937207261003487,11,False,True,0,6,False,False,125,0,False,False
2106,187891.2,53.473143153714894,140,7.917418847941452,3.33617799040406,8,True,True,0,6,False,False,125,0,False,False
2107,187891.4,56.01967180242768,142,7.923200469490238,3.320343776769209,6,True,True,0,0,True,False,125,0,False,False
2108,187891.6,54.70296105097706,143,7.525360952833988,3.327864529951655,21,True,True,0,6,False,False,125,0,False,False
2109,187891.8,54.07563637019513,144,7.445640500335206,3.2549416721534934,8,True,True,0,6,False,False,125,0,False,False
2110,187892.0,1.1064870089075978,144,7.491816914137776,3.0149650799184866,6,True,True,0,0,True,False,125,0,False,False
2111,187892.2,1.8861109288750038,144,0.5591708684400217,0.5591708684400217,9,True,True,0,6,False,False,125,0,False,False
2112,187892.4,2.20952448697297,144,0.6177422328299339,0.6177422328299339,2,True,True,0,6,False,False,125,0,False,False
2113,187892.6,2.3572838457483227,146,22.56792193774033,4.451875769587838,2,True,True,0,6,False,False,125,0,False,False
2114,187892.8,15.098370201196984,148,21.476976669438972,4.577820863263822,24,True,True,0,6,False,False,125,0,False,False
2115,187893.0,42.485892894644884,149,19.047133202512818,4.027845810447747,19,True,True,0,0,True,False,125,0,False,False
2116,187893.2,34.93598195023592,149,4.310128960587076,2.246759943258188,14,True,True,0,6,False,False,125,0,False,False
2117,187893.4,31.90836942383866,149,3.9828856345052364,2.2814833110788673,3,False,True,0,6,False,False,125,0,False,False
2118,187893.6,29.767262146156575,149,3.7479995652309928,2.191096587290944,3,False,True,0,6,False,False,125,0,False,False
2119,187893.8,28.47595805919877,149,3.613275092919647,2.146162267235928,5,False,True,0,6,False,False,125,0,False,False
2120,187894.0,27.37179991735752,150,24.21555494298262,4.979464171650835,6,True,True,0,6,False,False,125,0,False,False
2121,187894.2,12.937297839534283,150,17.20500463557751,4.48222947160756,22,True,True,0,6,False,False,125,0,False,False
2122,187894.4,48.249183723705926,150,14.167640962534549,4.213481904171802,20,True,True,0,0,True,False,125,0,False,False
2123,187894.6,46.66258907554041,150,7.0233906894553675,3.3189405581760236,10,False,True,0,6,False,False,125,0,False,False
2124,187894.8,45.98123875743547,150,6.836753116981196,3.25572009208723,4,True,True,0,6,False,False,125,0,False,False
2125,187895.0,29.804239166034346,151,26.491453286539834,5.022880009153885,3,False,True,0,0,True,False,125,0,False,False
2126,187895.2,19.744055804986143,152,15.894963139645279,4.785733383992286,16,True,True,0,6,False,False,125,0,False,False
2127,187895.4,19.946240790017317,152,13.808306002605189,4.15943802817637,14,True,True,0,6,False,False,125,0,False,False
2128,187895.6,29.030034335999527,152,16.652578209150324,4.743938180372444,5,False,True,0,0,True,False,125,0,False,False
2129,187895.8,19.024472171317445,151,11.095541563779806,4.090085550018325,7,False,True,0,6,False,False,125,0,False,False
2130,187896.0,16.382727150320015,150,11.487777709003215,3.822728246819765,4,False,True,0,6,False,False,125,0,False,False
2131,187896.2,33.92752831985567,149,11.343980658035859,3.833964776823026,4,False,True,0,0,True,False,125,0,False,False
2132,187896.4,30.618527346249113,148,4.220035176931973,2.433548391797649,12,True,True,0,6,False,False,125,0,False,False
2133,187896.6,29.318767365935155,150,35.35157069551628,6.2960393585816306,3,True,True,0,6,False,False,125,0,False,False
2134,187896.8,19.635281884050244,152,28.470695051936325,5.8899418473750496,17,True,True,0,6,False,False,125,0,False,False
2135,187897.0,26.485185364872176,154,15.470379200560984,4.52312772566531,16,True,True,0,0,True,False,125,0,False,False
2136,187897.2,18.05811541596146,156,14.605450644464904,4.570300948603638,11,False,True,0,6,False,False,125,0,False,False
2137,187897.4,16.084028419855727,158,14.645222024277569,4.521199794252793,4,False,True,0,6,False,False,125,0,False,False
2138,187897.6,31.666292189616662,157,9.789036813115853,3.656105768249568,4,True,True,0,0,True,False,125,0,False,False
2139,187897.8,29.408295241612073,156,4.28756042724323,2.421786708592985,13,True,True,0,6,False,False,125,0,False,False
2140,187898.0,28.515561655583742,157,19.247653027659954,4.506614648323896,4,True,True,0,6,False,False,125,0,False,False
2141,187898.2,21.226505697834842,158,6.827392052056421,3.2693125851833376,17,True,True,0,6,False,False,125,0,False,False
2142,187898.4,32.7373246149858,159,6.805148454368489,3.127065817325276,4,False,True,0,0,True,False,125,0,False,False
2143,187898.6,30.99223708335797,161,19.09141428411878,4.4709127555380705,14,True,True,0,6,False,False,125,0,False,False
2144,187898.8,23.075841083287408,162,6.950834851535981,3.3427773776313474,14,True,True,0,6,False,False,125,0,False,False
2145,187899.0,33.956089563249186,162,7.458736682125785,3.3922033470238957,5,False,True,0,0,True,False,125,0,False,False
2146,187899.2,33.099180449265646,163,33.95709516443278,6.3242892486123115,16,True,True,0,6,False,False,125,0,False,False
2147,187899.4,23.210751875826375,165,28.204029769704906,5.852698864769118,13,True,True,0,6,False,False,125,0,False,False
2148,187899.6,30.128048267447582,166,24.30008653883075,5.6788117042788055,12,True,True,0,0,True,False,125,0,False,False
2149,187899.8,23.534349692539532,168,21.683526493253957,5.40931450074742,14,True,True,0,6,False,False,125,0,False,False
2150,187900.0,24.698202056409077,169,20.986507760501848,5.367432912466354,5,True,True,0,6,False,False,125,0,False,False
2151,187900.2,29.267530251226137,169,20.815862038664715,5.587741103513169,4,True,True,0,0,True,False,125,0,False,False
2152,187900.4,25.26981993996445,169,11.373496171754677,4.198160430060538,3,False,True,0,6,False,False,125,0,False,False
2153,187900.6,23.853192949147786,168,11.235101457184046,3.9459997561389,4,False,True,0,6,False,False,125,0,False,False
2154,187900.8,37.55504127968325,168,11.572117351064444,4.3469861445795965,4,False,True,0,0,True,False,125,0,False,False
2155,187901.0,35.74968399602499,167,4.51897169155096,2.4339270773498525,13,True,True,0,6,False,False,125,0,False,False
2156,187901.2,35.12687453639513,168,17.674609618219822,4.432674945536469,3,True,True,0,6,False,False,125,0,False,False
2157,187901.4,25.415509024669145,169,13.938210353777427,4.06257099701291,13,True,True,0,6,False,False,125,0,False,False
2158,187901.6,34.424279263586364,169,25.471878327387902,5.500117308033574,4,False,True,0,0,True,False,125,0,False,False
2159,187901.8,27.54420639891046,169,18.08756587949659,4.963727000922388,13,True,True,0,6,False,False,125,0,False,False
2160,187902.0,26.772874851130872,170,18.312508602989205,4.987496104223236,5,True,True,0,6,False,False,125,0,False,False
2161,187902.2,32.977567964250426,171,17.906481009934655,4.932215808694316,4,True,True,0,0,True,False,125,0,False,False
2162,187902.4,26.47551615844741,172,16.758979723372775,4.757855117248386,7,True,True,0,6,False,False,125,0,False,False
2163,187902.6,26.554885913409848,171,9.71480365790053,3.607889924202336,5,True,True,0,6,False,False,125,0,False,False
2164,187902.8,1.3721640214384476,170,9.461208633266661,3.5698517621580828,3,True,True,0,0,True,False,125,0,False,False
2165,187903.0,2.6711702111497106,168,0.5114480285444695,0.5114480285444695,8,True,True,0,6,False,False,125,0,False,False
2166,187903.2,2.794765374638947,167,0.5391806142086277,0.5391806142086277,2,True,True,0,6,False,False,125,0,False,False
2167,187903.4,2.8491580486638175,166,0.5376764986031475,0.5376764986031475,2,True,True,0,6,False,False,125,0,False,False
2168,187903.6,2.883436558477729,164,0.5100932461925916,0.5100932461925916,2,True,True,0,6,False,False,125,0,False,False
2169,187903.8,2.899464130020722,163,0.5082915692048935,0.5082915692048935,2,True,True,0,6,False,False,125,0,False,False
2170,187904.0,2.8844211217086455,162,0.5355716968913168,0.5355716968913168,3,True,True,0,6,False,False,125,0,False,False
2171,187904.2,2.8598994783277853,160,0.5094533730017352,0.5094533730017352,4,True,True,0,6,False,False,125,0,False,False
2172,187904.4,2.8327108406363446,157,0.49329603797309296,0.49329603797309296,4,True,True,0,6,False,False,125,0,False,False
2173,187904.6,2.783110511704511,155,0.5064786798277997,0.5064786798277997,5,True,True,0,6,False,False,125,0,False,False
2174,187904.8,2.7215435325933783,152,0.5247083134727977,0.5247083134727977,5,True,True,0,6,False,False,125,0,False,False
2175,187905.0,2.6438513890269597,150,4.065632096553234,1.730693971818005,5,True,True,0,6,False,False,125,0,False,False
2176,187905.2,2.559157013218714,149,3.706809991721736,1.6405824398755677,4,True,True,0,6,False,False,125,0,False,False
2177,187905.4,2.4971012178037078,149,3.3867646525520576,1.5796630497726063,3,False,True,0,6,False,False,125,0,False,False
2178,187905.6,2.396183610089875,146,0.4788045416034608,0.4788045416034608,3,False,True,0,6,False,False,123,0,False,False
2179,187905.8,2.331079996867588,146,2.6298179563643536,1.469730958018467,3,True,True,0,6,False,False,123,0,False,False
2180,187906.0,2.27564555069516,146,0.7394222902955848,0.7394222902955848,3,True,True,0,6,False,False,123,0,False,False
2181,187906.2,2.2013761987540086,144,0.7578612945663248,0.7578612945663248,3,False,True,0,6,False,False,123,0,False,False
2182,187906.4,2.1673075562863775,142,0.5800537178220011,0.5800537178220011,3,False,True,0,6,False,False,123,0,False,False
2183,187906.6,2.1122759777264393,139,0.5899779803337372,0.5899779803337372,3,False,True,0,6,False,False,123,0,False,False
2184,187906.8,2.069290953259996,136,0.5053618379574422,0.5053618379574422,3,True,True,0,6,False,False,123,0,False,False
2185,187907.0,2.0095589972360166,133,0.40654464816662655,0.40654464816662655,4,True,True,0,6,False,False,123,0,False,False
2186,187907.2,1.9527458244364913,130,0.39184757737888426,0.39184757737888426,4,True,True,0,6,False,False,123,0,False,False
2187,187907.4,1.8830539779704234,128,6.4228201413446735,2.0402273912931284,5,True,True,0,6,False,False,123,0,False,False
2188,187907.6,1.8150492702027141,130,5.9869903904028225,1.9456971310235258,5,True,True,0,6,False,False,123,0,False,False
2189,187907.8,1.7531294269403903,132,5.80995055208882,1.9928427728425329,5,True,True,0,6,False,False,123,0,False,False
2190,187908.0,1.7333124977528591,133,0.6666220120443334,0.6666220120443334,5,True,True,0,6,False,False,123,0,False,False
2191,187908.2,1.7237957486622952,134,0.7012590042957151,0.7012590042957151,5,True,True,0,6,False,False,123,0,False,False
2192,187908.4,1.7312528393548194,135,0.718863569932102,0.718863569932102,5,True,True,0,6,False,False,124,0,False,False
2193,187908.6,1.7049555164661983,137,5.636386164388386,2.0157584385239127,4,True,True,0,6,False,False,125,0,False,False
2194,187908.8,1.7035140110378038,139,5.390541062562795,1.9678307593071966,3,False,True,0,6,False,False,125,0,False,False
2195,187909.0,1.6851993079723544,141,5.3230912796900345,2.0426679498707734,3,True,True,0,6,False,False,125,0,False,False
2196,187909.2,1.6715873647938189,143,5.5627179166342,2.131934205536111,3,True,True,0,6,False,False,125,0,False,False
2197,187909.4,1.6867607563922848,145,5.736975033015677,2.1692549027981403,3,True,True,0,6,False,False,125,0,False,False
2198,187909.6,1.6861607812706323,147,6.12965191243915,2.2449753778060146,2,True,True,0,6,False,False,125,0,False,False
2199,187909.8,1.708777425941405,149,6.402568969656373,2.292529098472638,2,True,True,0,6,False,False,125,0,False,False
2200,187910.0,14.541939649836486,150,6.897424501274715,2.3705221333242483,2,True,True,0,0,True,False,125,0,False,False
2201,187910.2,9.804925707696489,151,5.460003731321179,2.58320598602007,17,True,True,0,6,False,False,125,0,False,False
2202,187910.4,8.3160707230375,152,5.938693641675967,2.6387782974473337,5,False,True,0,6,False,False,125,0,False,False
2203,187910.6,7.4966851613808645,156,6.321230454474639,2.5148537378101303,5,True,True,0,6,False,False,127,0,False,False
2204,187910.8,6.988149842406577,157,6.662340630942736,2.5643808355122637,6,True,True,0,6,False,False,127,0,False,False
2205,187911.0,6.526641901006872,158,4.106190716641459,1.950228562140835,6,True,True,0,6,False,False,127,0,False,False
2206,187911.2,6.111542077478031,159,3.9744724317379063,1.8987847443151575,5,True,True,0,6,False,False,127,0,False,False
2207,187911.4,5.839725030029463,161,7.006431886747915,2.527633805033234,5,True,True,0,6,False,False,127,0,False,False
2208,187911.6,5.69333471088509,162,6.238281020205364,2.1891872854716463,5,True,True,0,6,False,False,127,0,False,False
2209,187911.8,5.535770871807845,162,0.8854483896087435,0.8854483896087435,5,True,True,0,6,False,False,127,0,False,False
2210,187912.0,5.4788179126700385,163,6.094878605077421,2.20361336622395,5,True,True,0,6,False,False,127,0,False,False
2211,187912.2,5.383030055359169,163,0.9906996961021075,0.9906996961021075,5,True,True,0,6,False,False,127,0,False,False
2212,187912.4,5.2731721087874,162,0.9807802422770533,0.9807802422770533,5,True,True,0,6,False,False,127,0,False,False
2213,187912.6,5.25216483282895,161,6.380945083977378,2.2064519417563835,5,True,True,0,6,False,False,127,0,False,False
2214,187912.8,5.267016798119476,160,6.62681574543048,2.2097161924304927,5,True,True,0,6,False,False,127,0,False,False
2215,187913.0,23.322624134982856,160,7.094706407378394,2.2716280642881674,5,True,True,0,0,True,False,127,0,False,False
2216,187913.2,19.725128397024324,160,3.4166691723510003,2.0464466827039534,14,True,True,0,6,False,False,127,0,False,False
2217,187913.4,18.641606139880235,160,3.6367732287542944,1.9383386009694852,4,True,True,0,6,False,False,126,0,False,False
2218,187913.6,18.097534818524903,160,8.168274239766864,3.1560746616473487,3,True,True,0,6,False,False,125,0,False,False
2219,187913.8,17.75951666452372,160,7.6758761609540676,3.064775119744182,3,False,True,0,6,False,False,125,0,False,False
2220,187914.0,18.365975819562195,160,7.401137631617553,2.984709058321791,3,False,True,0,0,True,False,125,0,False,False
2221,187914.2,15.738652677166874,160,6.704847304113867,3.008248129636128,6,False,True,0,6,False,False,125,0,False,False
2222,187914.4,15.451050832519543,160,7.0629914557198035,3.038253474143409,5,False,True,0,6,False,False,125,0,False,False
2223,187914.6,20.85113425943609,160,7.384870095604066,3.0540300592222263,4,False,True,0,0,True,False,125,0,False,False
2224,187914.8,18.485722861769517,160,7.35316844683514,3.183872011242455,16,True,True,0,6,False,False,125,0,False,False
2225,187915.0,18.195744260568745,160,7.8663194779318495,3.217051991879306,5,False,True,0,6,False,False,125,0,False,False
2226,187915.2,22.677221068087302,160,7.927751650670592,3.2144939462009057,4,False,True,0,0,True,False,125,0,False,False
2227,187915.4,20.213039125189447,160,7.607146994659241,2.928460327139769,16,True,True,0,6,False,False,125,0,False,False
2228,187915.6,20.01471374995965,159,4.327621242935434,2.2967735149747224,5,True,True,0,6,False,False,125,0,False,False
2229,187915.8,20.00313782175694,158,4.067135208755597,2.273046711747853,4,True,True,0,6,False,False,125,0,False,False
2230,187916.0,19.982547970615958,157,2.765049780735967,1.9331142674344466,4,False,True,0,6,False,False,125,0,False,False
2231,187916.2,19.993311739594073,155,3.074412679569396,2.162892748602701,4,True,True,0,6,False,False,124,0,False,False
2232,187916.4,19.989970652672447,152,3.083983327351035,2.1371032442574696,3,True,True,0,6,False,False,123,0,False,False
2233,187916.6,19.96398910689988,150,3.1255697549549573,2.2338036168648188,3,False,True,0,6,False,False,121,0,False,False
2234,187916.8,19.93354001334764,149,3.1287999490354115,2.061719932732834,3,False,True,0,6,False,False,120,0,False,False
2235,187917.0,19.885682093192457,147,3.1618104295819216,2.0884161286931997,3,True,True,0,6,False,False,119,0,False,False
2236,187917.2,19.836711560371416,146,3.054448242752369,2.061003247682222,3,True,True,0,6,False,False,118,0,False,False
2237,187917.4,19.78649242754471,145,2.9902609757804015,2.014309586672742,2,True,True,0,6,False,False,117,0,False,False
2238,187917.6,19.726142861245602,143,2.931807011617021,1.9908194325842647,2,True,True,0,6,False,False,116,0,False,False
2239,187917.8,19.63888660866398,141,2.9944915955161515,2.0055749861185843,2,True,True,0,6,False,False,115,0,False,False
2240,187918.0,19.53817481844517,139,2.9718836973401523,2.0744809829619677,2,True,True,0,6,False,False,114,0,False,False
2241,187918.2,19.38694483193883,138,2.622492937844313,1.8258511529885273,2,True,True,0,6,False,False,113,0,False,False
2242,187918.4,19.21873039224,137,2.594030881125613,1.7523475004362807,3,True,True,0,6,False,False,112,0,False,False
2243,187918.6,19.008522455065386,135,2.5273352486818377,1.714674924927972,3,True,True,0,6,False,False,111,0,False,False
2244,187918.8,18.77721814217378,133,2.4626192895676495,1.6805605296844557,3,True,True,0,6,False,False,110,0,False,False
2245,187919.0,18.529909981943177,131,2.416090621404995,1.6462616440706694,3,True,True,0,6,False,False,109,0,False,False
2246,187919.2,18.34665160622102,129,2.4407984052116376,1.7189370765222514,2,True,True,0,6,False,False,108,0,False,False
2247,187919.4,18.197351065335926,127,2.4697079060886944,1.770044936114945,2,True,True,0,6,False,False,107,0,False,False
2248,187919.6,18.020684388084142,126,5.931269685853898,2.5782228850612836,2,True,True,0,6,False,False,106,0,False,False
2249,187919.8,17.829313452675002,125,5.703042092389672,2.542931097476319,3,True,True,0,6,False,False,105,0,False,False
2250,187920.0,17.647957421386295,124,5.642350323165608,2.7672953770780704,3,True,True,0,6,False,False,104,0,False,False
2251,187920.2,17.46545799672295,123,5.671603352723124,2.8014903794354518,3,True,True,0,6,False,False,103,0,False,False
2252,187920.4,17.270280035904424,123,5.268429809030354,2.6521959269921624,3,True,True,0,6,False,False,102,0,False,False
2253,187920.6,17.079051259287965,124,5.337585456494737,2.7237874879029675,3,True,True,0,6,False,False,101,0,False,False
2254,187920.8,16.735456913191825,124,4.89291631041235,2.560714899410313,3,True,True,0,6,False,False,101,0,False,False
2255,187921.0,16.352715542383095,125,4.713738642570207,2.519137393881142,4,True,True,0,6,False,False,101,0,False,False
2256,187921.2,15.959747849707648,127,4.607828601495674,2.4793979015796364,4,True,True,0,6,False,False,102,0,False,False
2257,187921.4,15.267326745933644,130,14.957685015791082,4.111721293662428,3,False,True,0,6,False,False,103,0,False,False
2258,187921.6,14.764143175873127,133,14.900471040454079,4.076064887048818,6,True,True,0,6,False,False,105,0,False,False
2259,187921.8,13.14126592168414,135,15.703569552020213,4.204363137613113,3,False,True,0,0,True,False,106,0,False,False
2260,187922.0,6.632387728486953,137,8.080485980509717,2.867182231891521,12,True,True,0,6,False,False,107,0,False,False
2261,187922.2,4.598282331298914,139,9.113315502476459,2.972025522483643,4,True,True,0,6,False,False,108,0,False,False
2262,187922.4,13.347731850111453,141,9.403885735954693,3.01708958685766,4,True,True,0,0,True,False,109,0,False,False
2263,187922.6,6.803474690478354,143,8.23707590882036,2.9590539848821087,12,True,True,0,6,False,False,110,0,False,False
2264,187922.8,4.7787784093234675,145,9.107102510941223,3.0055864581180325,6,True,True,0,6,False,False,111,0,False,False
2265,187923.0,24.099451994633387,148,14.107302015723196,3.765770767112327,5,True,True,0,0,True,False,112,0,False,False
2266,187923.2,16.002826903906705,150,12.065949753630436,3.82268979700215,20,True,True,0,6,False,False,113,0,False,False
2267,187923.4,14.392259198839165,152,12.58224660660912,3.8619101907895543,4,False,True,0,6,False,False,114,0,False,False
2268,187923.6,25.17591461512372,154,12.951988852358621,3.906977121879599,3,False,True,0,0,True,False,115,0,False,False
2269,187923.8,18.083425191046103,154,12.938884550985122,4.121344070130458,17,True,True,0,6,False,False,115,0,False,False
2270,187924.0,16.625058432905174,156,12.871474646790084,3.9819979636732077,4,True,True,0,6,False,False,115,0,False,False
2271,187924.2,26.55862671241409,158,13.080914793284167,4.003424135497247,3,False,True,0,0,True,False,115,0,False,False
2272,187924.4,19.26080664039787,160,12.548665960876871,3.977113982678556,15,True,True,0,6,False,False,115,0,False,False
2273,187924.6,17.725710087488736,161,12.596422428177227,4.0133982571895865,5,False,True,0,6,False,False,115,0,False,False
2274,187924.8,25.559997174801573,162,12.640028902357617,4.0224745624962175,3,False,True,0,0,True,False,115,0,False,False
2275,187925.0,17.889506349955944,162,11.999581300317246,3.896201233453787,12,True,True,0,6,False,False,115,0,False,False
2276,187925.2,16.140319645849484,161,13.123370598932258,4.126697881692409,5,True,True,0,6,False,False,115,0,False,False
2277,187925.4,24.119245714637632,159,13.040267205813114,4.096490913411654,3,False,True,0,0,True,False,115,0,False,False
2278,187925.6,18.081167896356547,157,5.75359252081797,2.691954742691572,23,True,True,0,6,False,False,115,0,False,False
2279,187925.8,16.25497025791069,157,8.739362873665677,3.454723727776546,4,False,True,0,6,False,False,114,0,False,False
2280,187926.0,15.40177652698559,157,9.021359342352541,3.4943321911237026,3,False,True,0,6,False,False,113,0,False,False
2281,187926.2,26.03734297359628,157,9.240074168917603,3.5424943781848643,3,False,True,0,0,True,False,112,0,False,False
2282,187926.4,22.096630971370153,156,6.837400558474093,3.1228331509387113,23,True,True,0,6,False,False,111,0,False,False
2283,187926.6,21.00474396212577,155,7.20712351305521,3.212743032455625,4,False,True,0,6,False,False,110,0,False,False
2284,187926.8,27.174379623747793,155,7.429777018386999,3.2791326282209243,3,False,True,0,0,True,False,109,0,False,False
2285,187927.0,23.843539048907946,155,6.7888910911160165,3.027463449384981,19,True,True,0,6,False,False,108,0,False,False
2286,187927.2,22.70929908071929,155,6.449783436626495,2.936328620118069,4,False,True,0,6,False,False,107,0,False,False
2287,187927.4,12.64578660538985,155,6.348827486454612,2.9196158973896447,3,False,True,0,0,True,False,106,0,False,False
2288,187927.6,9.754468113790875,155,10.777295154289646,3.4506393748370274,7,False,True,0,6,False,False,105,0,False,False
2289,187927.8,8.781405824149552,155,11.149471510380895,3.4867290345439317,4,False,True,0,6,False,False,104,0,False,False
2290,187928.0,18.25314734432249,154,11.295732110823852,3.5079358802514955,5,True,True,0,0,True,False,103,0,False,False
2291,187928.2,13.829551875390134,151,3.5698186240188003,1.7662081020680074,17,True,True,0,6,False,False,102,0,False,False
2292,187928.4,12.630652147183982,149,5.132957878989486,2.274327777244819,3,False,True,0,6,False,False,101,0,False,False
2293,187928.6,12.204241750715006,148,7.205827772183722,2.979532902956817,3,False,True,0,6,False,False,100,0,False,False
2294,187928.8,11.961823402177993,149,7.451549665808424,3.0091728151757993,2,True,True,0,6,False,False,100,0,False,False
2295,187929.0,20.16866827106582,148,7.550218933191794,3.0088986996761338,2,True,True,0,0,True,False,100,0,False,False
2296,187929.2,17.55441866878616,147,6.136006814281865,2.7214194127446705,16,True,True,0,6,False,False,100,0,False,False
2297,187929.4,17.01287056843877,146,6.017524285017306,2.7161670700149654,5,True,True,0,6,False,False,100,0,False,False
2298,187929.6,16.76119516869972,145,5.885716333769632,2.6776591851456275,3,True,True,0,6,False,False,100,0,False,False
2299,187929.8,16.554839924916454,144,5.547230709177506,2.500118482408056,3,True,True,0,6,False,False,100,0,False,False
2300,187930.0,16.351479212496095,143,4.929778574344894,2.199671510690884,3,True,True,0,6,False,False,100,0,False,False
2301,187930.2,16.20934218593088,144,5.560451504763994,2.5168369557913164,3,True,True,0,6,False,False,100,0,False,False
2302,187930.4,16.109235160238157,145,5.556127022456624,2.51265946243299,3,True,True,0,6,False,False,100,0,False,False
2303,187930.6,16.052196859771566,146,5.6199526607277335,2.517462046400539,3,True,True,0,6,False,False,100,0,False,False
2304,187930.8,16.03170985532832,146,5.760896610305822,2.5412370104444157,3,True,True,0,6,False,False,100,0,False,False
2305,187931.0,16.03585143244531,146,5.957553501687633,2.5776991486763676,3,True,True,0,6,False,False,100,0,False,False
2306,187931.2,16.0783546723722,146,6.078719276083771,2.6003945280720573,3,True,True,0,6,False,False,100,0,False,False
2307,187931.4,16.135163244139296,146,6.295132473938451,2.630404131143418,3,True,True,0,6,False,False,100,0,False,False
2308,187931.6,19.374351737426483,146,6.423680052052968,2.662612144646285,3,True,True,0,0,True,False,100,0,False,False
2309,187931.8,19.22255013786686,145,5.653790484397179,2.446404442162331,12,True,True,0,6,False,False,100,0,False,False
2310,187932.0,19.176676429680604,144,5.800696861117266,2.4679725113111197,6,True,True,0,6,False,False,100,0,False,False
2311,187932.2,19.102262109854983,143,5.985305773619188,2.502695606151863,5,True,True,0,6,False,False,100,0,False,False
2312,187932.4,18.995463916867198,143,5.717010963672902,2.497229924286243,3,True,True,0,6,False,False,100,0,False,False
2313,187932.6,18.892926032645132,142,6.293208415219248,2.5646030208857353,3,True,True,0,6,False,False,100,0,False,False
2314,187932.8,18.74841045070822,142,6.086848417093906,2.6103575929792173,3,True,True,0,6,False,False,101,0,False,False
2315,187933.0,7.433090107259544,142,6.244438984061829,2.6487269253706573,3,True,True,0,0,True,False,102,0,False,False
2316,187933.2,4.557914032326473,143,1.1683653538118874,1.1334733039680818,11,True,True,0,6,False,False,103,0,False,False
2317,187933.4,4.058149853190225,144,2.01206307445194,1.473054630600003,4,True,True,0,6,False,False,104,0,False,False
2318,187933.6,3.8812199220649406,143,1.0790936757495262,1.0728386514299266,4,True,True,0,6,False,False,105,0,False,False
2319,187933.8,3.791402851169227,142,1.1231764456545046,1.101638209216772,2,True,True,0,6,False,False,106,0,False,False
2320,187934.0,3.7268448197506645,141,1.1075911437120005,1.1075911437120005,2,True,True,0,6,False,False,107,0,False,False
2321,187934.2,3.6821965764760876,140,1.1002813652325412,1.1002813652325412,3,True,True,0,6,False,False,108,0,False,False
2322,187934.4,3.6683660007325023,139,1.1253439586211353,1.1253439586211353,3,True,True,0,6,False,False,109,0,False,False
2323,187934.6,3.6608741570306536,138,1.2435220836791672,1.2435220836791672,4,False,True,0,6,False,False,110,0,False,False
2324,187934.8,3.6810377691369047,137,1.3514392603575405,1.139896882470188,3,True,True,0,6,False,False,111,0,False,False
2325,187935.0,3.6953445949681187,137,1.3598535378501355,1.1341046907262051,3,True,True,0,6,False,False,112,0,False,False
2326,187935.2,3.71610196898354,137,13.4524012255777,3.1392688763706267,3,False,True,0,6,False,False,113,0,False,False
2327,187935.4,3.755438959305479,136,1.519465124346752,1.2143603156172018,3,False,True,0,6,False,False,114,0,False,False
2328,187935.6,3.75824112176189,136,13.678173013125928,3.1705698661435933,3,True,True,0,6,False,False,115,0,False,False
2329,187935.8,3.747133867831734,136,13.876120095850316,3.1687960887129987,3,True,True,0,6,False,False,116,0,False,False
2330,187936.0,33.65865215954023,136,14.09816748809545,3.175868199373306,3,True,True,0,0,True,False,117,0,False,False
2331,187936.2,28.30911149187906,135,4.506763624431235,2.222172929876347,15,True,True,0,6,False,False,118,0,False,False
2332,187936.4,26.21918411422556,134,4.225191661283703,2.097286444002136,3,False,True,0,6,False,False,119,0,False,False
2333,187936.6,24.73907592384152,133,4.007560801272244,1.9916677189848473,3,False,True,0,6,False,False,120,0,False,False
2334,187936.8,23.523090888318414,133,3.8276659597730527,1.9188741571692984,3,False,True,0,6,False,False,121,0,False,False
2335,187937.0,22.72206594846413,133,3.705714694045668,1.8718662679209612,5,False,True,0,6,False,False,122,0,False,False
2336,187937.2,21.97799655396232,133,3.6175163081469948,1.8330073052348184,4,True,True,0,6,False,False,123,0,False,False
2337,187937.4,21.292455096460298,133,9.937693888257582,2.9929288285122895,5,True,True,0,6,False,False,124,0,False,False
2338,187937.6,20.648591741193766,134,9.757961795792008,2.975027931026569,4,True,True,0,6,False,False,125,0,False,False
2339,187937.8,30.069432988717377,135,12.151306887503553,3.4554112192143456,4,True,True,0,0,True,False,125,0,False,False
2340,187938.0,22.277547327644896,136,11.48679772891072,3.513792448639273,11,True,True,0,6,False,False,125,0,False,False
2341,187938.2,20.200199611296124,137,9.595334264394582,2.873763955296075,4,False,True,0,6,False,False,125,0,False,False
2342,187938.4,40.870458212600816,137,9.893341167986883,2.867266526802994,3,False,True,0,0,True,False,125,0,False,False
2343,187938.6,37.32093820027643,137,6.406005256757937,2.8017638149578827,15,True,True,0,6,False,False,124,0,False,False
2344,187938.8,35.73695718210566,137,6.65094668275334,2.831647715106486,4,True,True,0,6,False,False,124,0,False,False
2345,187939.0,42.40141617575951,137,6.72639567609153,2.829913768566389,4,True,True,0,0,True,False,124,0,False,False
2346,187939.2,38.97838020868356,137,6.226544057173582,2.8227090430523982,25,False,True,0,6,False,False,124,0,False,False
2347,187939.4,37.76888866917394,137,6.296678218607037,3.0718440612893207,5,True,True,0,6,False,False,124,0,False,False
2348,187939.6,31.632631280834023,138,15.317621998382165,4.0459583042290665,4,False,True,0,0,True,False,125,0,False,False
2349,187939.8,24.85978141342393,139,12.323672272114452,3.7692554136067944,20,True,True,0,6,False,False,126,0,False,False
2350,187940.0,23.711844586255896,139,10.980058694833826,3.3119786542387915,4,False,True,0,6,False,False,126,0,False,False
2351,187940.2,17.41631123228021,138,11.071988848827427,3.3196624630605442,5,True,True,0,0,True,False,126,0,False,False
2352,187940.4,12.37315967823061,137,1.3892676812144016,1.1862756926322924,16,True,True,0,6,False,False,125,0,False,False
2353,187940.6,10.929201253151412,137,18.695576140212403,3.796786586712877,4,False,True,0,6,False,False,124,0,False,False
2354,187940.8,13.310722098635832,138,12.354537531872058,3.5022394411607984,20,True,True,0,6,False,False,123,0,False,False
2355,187941.0,29.01471943154355,139,13.29282641510958,3.517922106262543,5,True,True,0,0,True,False,122,0,False,False
2356,187941.2,22.812814281785997,141,11.416979579812672,3.570108798545751,20,True,True,0,6,False,False,121,0,False,False
2357,187941.4,21.439094325921168,143,11.650273767290129,3.493855843981324,4,False,True,0,6,False,False,120,0,False,False
2358,187941.6,29.51793296641516,145,11.816694202480269,3.4766168276094316,4,False,True,0,0,True,False,119,0,False,False
2359,187941.8,24.03802408578881,147,11.312458325083085,3.564722267772651,16,True,True,0,6,False,False,118,0,False,False
2360,187942.0,22.80649252367065,149,11.625970492434778,3.5089065296576427,4,True,True,0,6,False,False,117,0,False,False
2361,187942.2,29.997292772198023,151,11.757072022813901,3.491212356491757,4,False,True,0,0,True,False,116,0,False,False
2362,187942.4,25.271696115595056,152,11.301801470291004,3.5996910781754554,17,True,True,0,6,False,False,115,0,False,False
2363,187942.6,24.259492030635684,153,11.715310873899739,3.5524681668872913,6,False,True,0,6,False,False,114,0,False,False
2364,187942.8,30.65038528119298,153,11.946624198226806,3.5374350055210995,4,False,True,0,0,True,False,113,0,False,False
2365,187943.0,26.20618694109203,153,11.675287478749151,3.622632579993243,23,True,True,0,6,False,False,112,0,False,False
2366,187943.2,25.017895596540694,154,12.058079883534964,3.576790505608034,5,False,True,0,6,False,False,111,0,False,False
2367,187943.4,31.880260938832503,155,12.323452285615446,3.58434071856217,4,False,True,0,0,True,False,110,0,False,False
2368,187943.6,27.050390968501745,157,11.80111496246167,3.6536536986271004,25,False,True,0,6,False,False,110,0,False,False
2369,187943.8,25.78743715413418,159,12.178279349279684,3.648358502935109,4,False,True,0,6,False,False,109,0,False,False
2370,187944.0,32.56325317740272,161,12.41655283144317,3.6661331806892075,3,False,True,0,0,True,False,108,0,False,False
2371,187944.2,27.369452512417162,163,11.990233803238484,3.6968573261898707,25,False,True,0,6,False,False,107,0,False,False
2372,187944.4,26.098316231674747,165,12.29653218003443,3.7186805864803176,5,True,True,0,6,False,False,107,0,False,False
2373,187944.6,34.024640470784725,165,13.650707989404523,4.02878774258577,3,False,True,0,0,True,False,106,0,False,False
2374,187944.8,28.46026584930602,165,13.280715643710428,4.063121869105639,23,True,True,0,6,False,False,105,0,False,False
2375,187945.0,27.118801758864063,166,13.554993290133158,4.0706824775550094,5,True,True,0,6,False,False,105,0,False,False
2376,187945.2,34.79692329764946,167,13.803685247634847,4.079497033725695,3,False,True,0,0,True,False,105,0,False,False
2377,187945.4,30.03977021539234,170,12.410246242767284,3.834199717384404,22,True,True,0,6,False,False,106,0,False,False
2378,187945.6,28.912209086321134,171,12.642942379274508,3.876777104194297,5,True,True,0,6,False,False,107,0,False,False
2379,187945.8,35.01780836155075,171,12.86126632747894,3.9187187767015947,3,True,True,0,0,True,False,108,0,False,False
2380,187946.0,30.39072425289511,171,12.689266671379212,3.8639387964871874,10,True,True,0,6,False,False,109,0,False,False
2381,187946.2,29.334239256475325,171,12.87436102430828,3.904156334266909,4,True,True,0,6,False,False,110,0,False,False
2382,187946.4,35.76708746476895,171,13.05162845201931,3.9342853664553328,3,False,True,0,0,True,False,111,0,False,False
2383,187946.6,31.3755318731748,171,12.852272799267308,3.889321410524848,13,True,True,0,6,False,False,112,0,False,False
2384,187946.8,30.141299749661815,171,13.077370961791905,3.9335247416236254,4,False,True,0,6,False,False,113,0,False,False
2385,187947.0,36.350038911465326,171,13.276641114706395,3.9677484109867045,4,False,True,0,0,True,False,114,0,False,False
2386,187947.2,32.22853932884121,171,12.935724078583767,3.9483418367285115,15,True,True,0,6,False,False,115,0,False,False
2387,187947.4,31.105249535578977,171,13.127265195275537,3.9743430368814945,4,False,True,0,6,False,False,116,0,False,False
2388,187947.6,36.416968259411384,171,13.28075406958132,4.004013487680226,4,False,True,0,0,True,False,117,0,False,False
2389,187947.8,32.68747932044617,171,13.056525225115152,3.987754379469122,14,True,True,0,6,False,False,118,0,False,False
2390,187948.0,31.67867404120644,171,13.306662883221927,4.013441356233044,4,False,True,0,6,False,False,119,0,False,False
2391,187948.2,36.9883401215091,171,13.465166757513499,4.02038045573893,4,False,True,0,0,True,False,120,0,False,False
2392,187948.4,33.574236257194784,171,13.179989368755615,3.9880067780590216,14,True,True,0,6,False,False,121,0,False,False
2393,187948.6,32.673036870206026,171,13.289292493625963,4.017101282582851,4,False,True,0,6,False,False,122,0,False,False
2394,187948.8,40.643058891177155,171,13.342846392613719,4.431034695930818,4,False,True,0,0,True,False,123,0,False,False
2395,187949.0,37.05356781070057,171,13.05344893851184,4.477812519996229,14,True,True,0,6,False,False,124,0,False,False
2396,187949.2,36.09692061658956,171,13.108471595652787,4.510585507606581,4,False,True,0,6,False,False,125,0,False,False
2397,187949.4,40.95295755629258,171,13.185005266970862,4.51400422901594,4,False,True,0,0,True,False,125,0,False,False
2398,187949.6,37.75449510905084,172,12.980549872998244,4.012355559162977,13,True,True,0,6,False,False,125,0,False,False
2399,187949.8,36.88673614974011,173,12.926377725940497,4.495371565764117,4,False,True,0,6,False,False,125,0,False,False
2400,187950.0,40.815961489937365,174,12.886345729036718,4.453994547844962,4,False,True,0,0,True,False,125,0,False,False
2401,187950.2,38.008475078737774,175,12.735038426499646,4.487821975440999,12,True,True,0,6,False,False,125,0,False,False
2402,187950.4,37.19520708372707,175,12.703234336257449,4.0179503147319355,5,False,True,0,6,False,False,125,0,False,False
2403,187950.6,38.139130488159665,175,12.693875107322462,4.017674353085373,4,False,True,0,0,True,False,125,0,False,False
2404,187950.8,36.53816724446479,175,12.581179139065434,4.014277869091753,5,True,True,0,6,False,False,125,0,False,False
2405,187951.0,36.041673835439504,175,12.56848613106063,4.4795315236368145,5,False,True,0,6,False,False,125,0,False,False
2406,187951.2,38.53308071576597,175,12.562441741572155,4.01855529164688,4,False,True,0,0,True,False,125,0,False,False
2407,187951.4,37.0287030522857,175,12.410073704699625,3.9981902034369026,7,True,True,0,6,False,False,125,0,False,False
2408,187951.6,36.65133940848883,175,12.360275376082434,3.9951422561712033,4,True,True,0,6,False,False,125,0,False,False
2409,187951.8,45.11514824069844,174,10.733448803510603,3.6452275355595747,4,False,True,0,0,True,False,124,0,False,False
2410,187952.0,45.862582207633736,173,9.131478927116097,3.182256421425715,17,True,True,0,6,False,False,123,0,False,False
2411,187952.2,46.018896404833576,172,9.251078137837858,3.1547050973833977,4,False,True,0,6,False,False,122,0,False,False
2412,187952.4,44.89461625751262,171,9.312861956039548,3.1538853109324623,3,False,True,0,0,True,False,121,0,False,False
2413,187952.6,46.21936211837553,170,9.382441587865745,3.216556496920869,7,True,True,0,6,False,False,120,0,False,False
2414,187952.8,46.49969367736292,169,9.46307501830676,3.172733566760273,4,False,True,0,6,False,False,119,0,False,False
2415,187953.0,44.68544894720992,168,9.55382444273917,3.1708060633375283,4,False,True,0,0,True,False,118,0,False,False
2416,187953.2,46.62901414221813,167,9.590851241884804,3.2328122661211385,6,True,True,0,6,False,False,117,0,False,False
2417,187953.4,47.08252041030894,166,9.703645007204358,3.1886304669009595,4,False,True,0,6,False,False,116,0,False,False
2418,187953.6,45.099559775822264,165,9.780085296286055,3.1715455371509824,3,True,True,0,0,True,False,115,0,False,False
2419,187953.8,47.50127508929499,164,9.76291111717226,3.2364938787262094,5,True,True,0,6,False,False,114,0,False,False
2420,187954.0,48.08321803117908,163,9.911208719972485,3.189374638204633,4,False,True,0,6,False,False,113,0,False,False
2421,187954.2,45.12340789856421,162,9.971990653820248,3.187762508277012,4,False,True,0,0,True,False,112,0,False,False
2422,187954.4,48.1953846293101,161,9.98349374011609,3.2771957002527268,5,True,True,0,6,False,False,111,0,False,False
2423,187954.6,48.941810885632776,160,10.067280195587315,3.229616008386256,4,False,True,0,6,False,False,110,0,False,False
2424,187954.8,40.4976688136533,160,13.948445821515538,3.9092074502550496,4,False,True,0,0,True,False,110,0,False,False
2425,187955.0,42.35602253863925,160,12.12422394352089,4.1716980623118785,20,True,True,0,6,False,False,110,0,False,False
2426,187955.2,43.53980311786508,160,12.383210675659184,4.201172668814637,4,False,True,0,6,False,False,110,0,False,False
2427,187955.4,43.89474479081142,160,12.46391115333419,4.15739439758444,4,False,True,0,0,True,False,110,0,False,False
2428,187955.6,45.6626150187198,160,12.07972216182424,4.144664710319016,19,True,True,0,6,False,False,110,0,False,False
2429,187955.8,46.904176174072965,160,12.424050162493552,4.162954290837183,5,False,True,0,6,False,False,110,0,False,False
2430,187956.0,43.91030185406028,160,12.64324164855436,4.148611074325368,4,False,True,0,0,True,False,110,0,False,False
2431,187956.2,46.24429802113015,160,12.198968687385413,4.170737050120346,16,True,True,0,6,False,False,110,0,False,False
2432,187956.4,47.615911837639345,160,12.666211851982945,4.150809444953758,5,False,True,0,6,False,False,110,0,False,False
2433,187956.6,44.555205193940886,160,12.961037087425742,4.179964178070693,4,False,True,0,0,True,False,110,0,False,False
2434,187956.8,47.0730058658371,161,12.428019207317368,4.252662432450093,22,True,True,0,6,False,False,111,0,False,False
2435,187957.0,48.10364628923697,162,12.807497748526686,4.239907833288467,4,False,True,0,6,False,False,112,0,False,False
2436,187957.2,44.686168721828224,163,13.072846681904574,4.285518733648976,4,False,True,0,0,True,False,113,0,False,False
2437,187957.4,47.280517475372456,164,12.378016442039097,4.283597194284692,21,True,True,0,6,False,False,114,0,False,False
2438,187957.6,48.21480120099353,165,12.625288734151331,4.275355019852264,4,False,True,0,6,False,False,115,0,False,False
2439,187957.8,44.929044376397535,166,12.896797016445515,4.308656708341164,4,False,True,0,0,True,False,116,0,False,False
2440,187958.0,47.53541228872213,167,12.336776685821569,4.33653981740037,19,True,True,0,6,False,False,117,0,False,False
2441,187958.2,48.38296724264855,168,12.565909204531009,3.879602790835363,4,False,True,0,6,False,False,118,0,False,False
2442,187958.4,41.50888083699154,169,12.8034184715396,3.8819222779596116,4,False,True,0,0,True,False,119,0,False,False
2443,187958.6,44.040288437293675,170,12.266910667698857,3.967083314896615,20,True,True,0,6,False,False,120,0,False,False
2444,187958.8,44.87146141210249,171,12.442644520640092,3.9703846241490672,4,False,True,0,6,False,False,121,0,False,False
2445,187959.0,41.51839206742166,172,12.537782204645742,3.9723887638851276,4,False,True,0,0,True,False,122,0,False,False
2446,187959.2,43.848797416594394,173,12.32535189490434,4.020134773132836,19,True,True,0,6,False,False,123,0,False,False
2447,187959.4,44.432629639628345,174,12.392478584778098,4.01006867209466,4,True,True,0,6,False,False,124,0,False,False
2448,187959.6,41.600380017483374,175,12.466814705610478,4.015361303815103,3,False,True,0,0,True,False,125,0,False,False
2449,187959.8,43.81024202687187,175,12.32314436177858,4.046416830887562,18,True,True,0,6,False,False,125,0,False,False
2450,187960.0,44.35210470884658,175,12.434366862896564,4.053745337381882,4,True,True,0,6,False,False,125,0,False,False
2451,187960.2,41.45273697009726,175,12.553040283152026,4.0714348508462574,3,False,True,0,0,True,False,125,0,False,False
2452,187960.4,43.4640007288392,175,12.58051042655797,4.1168207303682065,17,True,True,0,6,False,False,125,0,False,False
2453,187960.6,43.97745303418119,175,12.681866852861905,4.130282796059753,4,True,True,0,6,False,False,125,0,False,False
2454,187960.8,41.60538025258765,175,12.789541000055241,4.145980661168049,3,True,True,0,0,True,False,125,0,False,False
2455,187961.0,43.408545268108334,175,12.738567818444444,4.169658252478147,16,True,True,0,6,False,False,125,0,False,False
2456,187961.2,44.00618069315553,175,12.791628525754563,4.16069635913064,4,False,True,0,6,False,False,125,0,False,False
2457,187961.4,41.52702873542912,175,12.877690071908525,4.171049761075413,3,True,True,0,0,True,False,125,0,False,False
2458,187961.6,43.18252541163174,175,12.846415055369775,4.508597924247849,16,True,True,0,6,False,False,125,0,False,False
2459,187961.8,43.756547776437706,175,12.934869268330646,4.506963150985906,4,False,True,0,6,False,False,125,0,False,False
2460,187962.0,24.603860659211854,174,12.906949841772404,4.536656754161044,4,False,True,0,0,True,False,125,0,False,False
2461,187962.2,21.781828839839722,174,20.39988690008377,4.722387207695957,15,True,True,0,6,False,False,125,0,False,False
2462,187962.4,31.596316898027986,173,10.735707035419612,4.340937369495764,16,True,True,0,6,False,False,125,0,False,False
2463,187962.6,24.460107808372637,172,10.687109794120836,4.34092110164989,6,True,True,0,0,True,False,125,0,False,False
2464,187962.8,21.67796556910433,171,9.021303556053638,3.7466921634896106,13,True,True,0,6,False,False,125,0,False,False
2465,187963.0,21.39164383016943,169,9.713986410934623,3.9730370543815416,3,True,True,0,6,False,False,124,0,False,False
2466,187963.2,24.725607576604197,168,8.999548124468335,3.8634225434208145,3,True,True,0,0,True,False,124,0,False,False
2467,187963.4,21.780750882480653,167,8.957878952943528,3.8210020701264424,10,True,True,0,6,False,False,123,0,False,False
2468,187963.6,21.27993384191814,166,8.884644664613882,3.8221296961937514,3,True,True,0,6,False,False,122,0,False,False
2469,187963.8,25.635748526143384,165,8.928508889832251,3.8204280956933316,3,True,True,0,0,True,False,121,0,False,False
2470,187964.0,22.352650603419395,163,9.3271049136946,3.8665954215473453,8,True,True,0,6,False,False,120,0,False,False
2471,187964.2,21.666026596910054,161,9.077306488545505,3.7847711225450316,3,True,True,0,6,False,False,119,0,False,False
2472,187964.4,42.929070587978885,161,22.77531539396163,4.774275949579881,3,True,True,0,0,True,False,118,0,False,False
2473,187964.6,41.335983386217144,161,15.985737070609101,4.762775805492006,9,True,True,0,6,False,False,117,0,False,False
2474,187964.8,38.46071474021661,161,16.303270797130548,4.857688832209201,5,True,True,0,6,False,False,116,0,False,False
2475,187965.0,42.941189734182544,161,16.424620538986844,4.889980938124952,4,True,True,0,0,True,False,115,0,False,False
2476,187965.2,41.17495516242766,160,17.785051741957112,5.100512333052974,7,True,True,0,6,False,False,114,0,False,False
2477,187965.4,38.654727383108316,159,15.78900949188581,4.523038846805633,5,True,True,0,6,False,False,113,0,False,False
2478,187965.6,38.417918904059576,158,15.561216787099509,4.507973088219449,4,True,True,0,0,True,False,112,0,False,False
2479,187965.8,36.73281746454916,157,15.687337939924403,4.524687774699365,6,True,True,0,6,False,False,111,0,False,False
2480,187966.0,37.07277080769234,156,15.567190931072837,4.538300674605597,5,True,True,0,6,False,False,110,0,False,False
2481,187966.2,51.910871621269266,154,13.28448420213601,4.1109966289476185,3,True,True,0,0,True,False,109,0,False,False
2482,187966.4,47.44276044629685,152,7.237607347499092,3.0066130959040085,19,True,True,0,6,False,False,108,0,False,False
2483,187966.6,45.614679237532,150,7.364067442883178,2.9978237387819613,4,False,True,0,6,False,False,107,0,False,False
2484,187966.8,50.90604568496229,148,7.443593321217116,2.993054750928874,3,False,True,0,0,True,False,106,0,False,False
2485,187967.0,47.06413782633683,148,21.819038859570398,4.614249850716478,13,True,True,0,6,False,False,105,0,False,False
2486,187967.2,37.68933325182103,147,17.333754238664582,4.491082303401756,17,True,True,0,6,False,False,104,0,False,False
2487,187967.4,37.476230276570504,147,15.978799808987445,4.453830868061542,15,True,True,0,0,True,False,103,0,False,False
2488,187967.6,34.42885469934502,147,15.39009314769661,4.399317694720232,6,True,True,0,6,False,False,102,0,False,False
2489,187967.8,36.301622683037124,147,15.052856495358961,4.378029726412807,5,True,True,0,6,False,False,101,0,False,False
2490,187968.0,37.365376368952504,148,14.795866597235657,4.351856381013958,4,True,True,0,0,True,False,101,0,False,False
2491,187968.2,35.778690837723346,148,14.623859095554115,4.3334946759564765,4,False,True,0,6,False,False,100,0,False,False
2492,187968.4,35.1886772135176,148,14.637314477305804,4.3243183285078155,4,False,True,0,6,False,False,101,0,False,False
2493,187968.6,36.581624271433135,148,14.545250169012476,4.298985243876277,4,True,True,0,0,True,False,102,0,False,False
2494,187968.8,35.08957648471724,148,14.28637879580508,4.2852763898387165,3,False,True,0,6,False,False,103,0,False,False
2495,187969.0,34.73798042569485,149,14.094060568781309,4.265514971628997,4,False,True,0,6,False,False,104,0,False,False
2496,187969.2,23.895430632518906,149,13.710606647859512,4.1455391553120835,4,True,True,0,0,True,False,104,0,False,False
2497,187969.4,19.126285097271985,148,22.696624869987264,4.303550106086112,14,True,True,0,6,False,False,104,0,False,False
2498,187969.6,22.718477052627804,147,14.262024253422629,4.213176059303679,19,True,True,0,6,False,False,104,0,False,False
2499,187969.8,34.35933464926425,146,14.250845362249862,4.217602426932836,5,False,True,0,0,True,False,104,0,False,False
2500,187970.0,31.41127539192508,145,13.373084789152628,4.216664449463389,7,False,True,0,6,False,False,104,0,False,False
2501,187970.2,30.789813315067217,145,13.310596123216957,4.599205911525149,4,False,True,0,6,False,False,104,0,False,False
2502,187970.4,36.499412087255365,145,13.30183499983884,4.499960352954596,4,False,True,0,0,True,False,104,0,False,False
2503,187970.6,34.09667754392101,145,13.243270252380581,4.455378143669496,7,False,True,0,6,False,False,104,0,False,False
2504,187970.8,33.62695945874945,145,13.115518727690498,4.441271273766755,4,False,True,0,6,False,False,104,0,False,False
2505,187971.0,34.12614984634966,145,12.98962870358573,4.403685029280152,4,True,True,0,0,True,False,104,0,False,False
2506,187971.2,32.82347366589663,146,12.583860855536274,4.394196627303066,4,True,True,0,6,False,False,104,0,False,False
2507,187971.4,32.46025918416756,147,12.698523378903113,4.345568070164294,4,False,True,0,6,False,False,104,0,False,False
2508,187971.6,32.69050894013576,148,12.742088689685536,4.35241255808736,4,True,True,0,0,True,False,104,0,False,False
2509,187971.8,30.598148865539855,149,11.955106578501802,4.366960257257753,16,True,True,0,6,False,False,104,0,False,False
2510,187972.0,30.136039725349466,149,12.07658380695504,4.363329470655854,4,False,True,0,6,False,False,104,0,False,False
2511,187972.2,32.98478540040252,149,12.279704714461836,4.397570091246091,4,True,True,0,0,True,False,104,0,False,False
2512,187972.4,31.067352770353327,149,12.062515661242406,4.360145099895016,13,True,True,0,6,False,False,103,0,False,False
2513,187972.6,30.59758551202404,149,12.153344796999093,4.389180601144484,4,False,True,0,6,False,False,102,0,False,False
2514,187972.8,32.14274898283494,149,12.216580638062485,4.3560679277836165,4,True,True,0,0,True,False,101,0,False,False
2515,187973.0,30.338361276937032,149,12.157898930839213,4.4108798676016,14,True,True,0,6,False,False,101,0,False,False
2516,187973.2,30.056837716524484,148,8.945439133852275,3.623620614325207,7,True,True,0,6,False,False,101,0,False,False
2517,187973.4,42.70120280839487,147,9.005642152447395,3.607223851672782,4,True,True,0,0,True,False,100,0,False,False
2518,187973.6,41.51490822646008,147,17.720508324859132,4.274214438764907,15,True,True,0,6,False,False,97,0,False,False
2519,187973.8,33.278971928321326,147,13.838578379203945,4.111828093296867,15,True,True,0,6,False,False,94,0,False,False
2520,187974.0,30.401589808877606,147,13.545159164233441,4.081471737429711,5,True,True,0,0,True,False,91,0,False,False
2521,187974.2,29.069494052889247,148,12.293575499959529,3.997125049365298,7,False,True,0,6,False,False,91,0,False,False
2522,187974.4,28.56599557044266,148,12.131881369818384,3.9750174940672784,6,True,True,0,6,False,False,91,0,False,False
2523,187974.6,32.03402879216907,148,12.52345787482858,3.977349525079046,6,True,True,0,0,True,False,91,0,False,False
2524,187974.8,30.67581713654661,148,12.415115573257866,4.009547462758731,15,True,True,0,6,False,False,91,0,False,False
2525,187975.0,30.22120858132368,148,12.74096626595459,4.014715977872815,7,True,True,0,6,False,False,91,0,False,False
2526,187975.2,32.16842329237529,148,12.843642715412203,3.9816180650860025,7,True,True,0,0,True,False,91,0,False,False
2527,187975.4,30.678804115932135,148,12.283119759553,3.966436185266807,17,True,True,0,6,False,False,91,0,False,False
2528,187975.6,30.106287739903475,149,12.748283218859047,4.19669157343939,6,True,True,0,6,False,False,91,0,False,False
2529,187975.8,29.34963544418687,150,12.731934914781734,4.184296681172299,7,True,True,0,0,True,False,91,0,False,False
2530,187976.0,28.069735417212176,151,12.4316111476131,4.093732774367371,5,True,True,0,6,False,False,91,0,False,False
2531,187976.2,27.369004690685482,152,12.622643136854895,4.09952658022556,5,True,True,0,6,False,False,91,0,False,False
2532,187976.4,18.773192603065826,152,12.107142492696546,3.9291415671274454,9,True,True,0,0,True,False,91,0,False,False
2533,187976.6,13.306575472393714,153,18.481417084534115,3.795890470240083,16,True,True,0,6,False,False,91,0,False,False
2534,187976.8,19.55774732961083,154,12.335200650155917,4.008339079726242,17,True,True,0,6,False,False,91,0,False,False
2535,187977.0,28.994247386133416,155,12.2813070498979,3.919851906408107,9,True,True,0,0,True,False,91,0,False,False
2536,187977.2,25.742136537197556,156,11.744495734598848,3.897510619122721,8,True,True,0,6,False,False,91,0,False,False
2537,187977.4,24.677297744382305,157,11.539204312886616,3.8005250577362886,7,True,True,0,6,False,False,92,0,False,False
2538,187977.6,27.08791789017383,158,11.47749272671766,3.744949151744408,8,True,True,0,0,True,False,93,0,False,False
2539,187977.8,23.118490022515736,158,10.368980898072403,3.6338087492482325,16,True,True,0,6,False,False,94,0,False,False
2540,187978.0,21.71829441734689,158,10.225450318950301,3.519027954515997,4,False,True,0,6,False,False,94,0,False,False
2541,187978.2,17.910203204451204,159,10.179944150479791,3.4814401792996397,4,False,True,0,0,True,False,94,0,False,False
2542,187978.4,12.826924080248526,160,3.259875421119281,2.0343485782632365,18,True,True,0,6,False,False,94,0,False,False
2543,187978.6,10.976288468708411,160,3.601431903015416,2.085765307747743,3,False,True,0,6,False,False,96,0,False,False
2544,187978.8,9.80391092048642,160,3.8755581141694213,2.1145772570318577,3,False,True,0,6,False,False,98,0,False,False
2545,187979.0,8.914109262673064,160,4.080719127810039,2.1429750968581187,3,False,True,0,6,False,False,100,0,False,False
2546,187979.2,7.997581709418554,159,1.5990131802883847,1.4944218162800043,4,False,True,0,6,False,False,100,0,False,False
2547,187979.4,7.236404499912641,158,1.5576592907029678,1.4740601033966192,4,False,True,0,6,False,False,100,0,False,False
2548,187979.6,6.566092833861015,157,1.4229878279315906,1.3848210228424715,4,False,True,0,6,False,False,100,0,False,False
2549,187979.8,6.044445628418285,157,18.23495687316838,4.710512487775043,4,False,True,0,6,False,False,100,0,False,False
2550,187980.0,8.238110051370818,156,2.973955051269981,2.1573655041354534,15,True,True,0,6,False,False,100,0,False,False
2551,187980.2,6.876585969849968,157,20.241753283832466,5.228816233291145,4,False,True,0,6,False,False,100,0,False,False
2552,187980.4,11.607555251902555,159,19.083495550455357,4.90101594093187,14,True,True,0,6,False,False,100,0,False,False
2553,187980.6,27.569642363833115,160,18.776140764556374,4.9204678145173295,12,True,True,0,0,True,False,100,0,False,False
2554,187980.8,19.29553839787788,161,16.04407129270152,4.662516672511723,21,True,True,0,6,False,False,102,0,False,False
2555,187981.0,17.80194369468533,162,17.052960615306645,4.826583214436664,11,True,True,0,6,False,False,104,0,False,False
2556,187981.2,35.42949750126655,162,16.4735769848104,4.7404057540060265,4,True,True,0,0,True,False,105,0,False,False
2557,187981.4,27.289498855227365,163,8.877356245307556,3.254445735749966,19,True,True,0,6,False,False,106,0,False,False
2558,187981.6,24.617456523215857,163,10.002735825186388,3.4204246178382482,4,True,True,0,6,False,False,107,0,False,False
2559,187981.8,36.081731238387015,163,10.701216581113284,3.506686472305156,5,True,True,0,0,True,False,108,0,False,False
2560,187982.0,28.77502585394189,163,9.539065246508518,3.2925446471181217,13,True,True,0,6,False,False,109,0,False,False
2561,187982.2,26.505347168186013,163,11.026621886573048,3.4319515257802347,3,True,True,0,6,False,False,110,0,False,False
2562,187982.4,39.02324942115383,163,12.39440600533113,3.5743777218063264,4,True,True,0,0,True,False,111,0,False,False
2563,187982.6,31.451537100035498,162,3.836458959147869,2.2898014593352456,11,True,True,0,6,False,False,112,0,False,False
2564,187982.8,28.9802415348007,163,12.83832952980456,3.7932003355906794,5,False,True,0,6,False,False,113,0,False,False
2565,187983.0,27.627208099970616,163,23.409465648029652,4.258075336377179,3,False,True,0,6,False,False,114,0,False,False
2566,187983.2,36.466296681435715,163,18.9037233556158,3.9095247660487304,18,True,True,0,0,True,False,115,0,False,False
2567,187983.4,28.19591561636251,163,5.589887147494285,2.607799757520331,16,True,True,0,6,False,False,116,0,False,False
2568,187983.6,25.309471669720978,163,6.035736175568821,2.459379127942185,3,False,True,0,6,False,False,117,0,False,False
2569,187983.8,23.50011055795126,163,6.403306293246017,2.4935439175891894,3,False,True,0,6,False,False,118,0,False,False
2570,187984.0,24.21011564648388,164,11.387631622596173,3.3930052293494373,5,False,True,0,0,True,False,119,0,False,False
2571,187984.2,15.001420697784338,166,10.505197488256265,3.4567214447447476,20,True,True,0,6,False,False,120,0,False,False
2572,187984.4,12.598297612250843,168,10.908735256751031,3.6884111603272713,4,False,True,0,6,False,False,121,0,False,False
2573,187984.6,28.84245560733628,169,12.067472931686968,3.9451283641716417,3,False,True,0,0,True,False,121,0,False,False
2574,187984.8,20.34296677271745,170,10.11046382160525,4.037003185345532,24,True,True,0,6,False,False,122,0,False,False
2575,187985.0,18.270879995942444,171,9.207262794900446,3.612716191993283,4,False,True,0,6,False,False,122,0,False,False
2576,187985.2,37.22125545191062,170,9.334226378824061,3.5802355948960005,3,False,True,0,0,True,False,122,0,False,False
2577,187985.4,31.592218118469326,169,12.462476723380387,3.9481462256614264,16,True,True,0,6,False,False,122,0,False,False
2578,187985.6,29.61048710065592,166,5.618231446485657,2.871365819297297,3,True,True,0,6,False,False,122,0,False,False
2579,187985.8,28.402264128974224,164,5.328337553496462,2.700813052037806,3,False,True,0,6,False,False,120,0,False,False
2580,187986.0,27.69329775141872,162,5.487622060126665,2.734518926096655,5,True,True,0,6,False,False,118,0,False,False
2581,187986.2,27.143510478515168,161,5.760236156250023,2.734805168259499,5,False,True,0,6,False,False,117,0,False,False
2582,187986.4,26.657949555908978,161,11.6465454704146,3.5028244674538747,4,True,True,0,6,False,False,116,0,False,False
2583,187986.6,26.22039979116637,160,6.150328185882982,2.7284212986094802,3,False,True,0,6,False,False,115,0,False,False
2584,187986.8,38.235240222150594,159,6.206911962633153,2.7736706111651426,3,False,True,0,0,True,False,114,0,False,False
2585,187987.0,36.79389007952098,157,5.083361994967141,2.7392654849310927,18,True,True,0,6,False,False,113,0,False,False
2586,187987.2,36.276982446290106,156,4.76739788149307,2.7181491705307437,6,True,True,0,6,False,False,112,0,False,False
2587,187987.4,36.17702164399747,155,4.805634385200225,2.7616698775783854,5,True,True,0,6,False,False,111,0,False,False
2588,187987.6,36.24392183997515,154,5.137884704016636,2.784456210273956,3,False,True,0,6,False,False,110,0,False,False
2589,187987.8,36.35242868885211,152,5.125855407542484,2.8211324301350538,3,True,True,0,6,False,False,109,0,False,False
2590,187988.0,36.508740405904746,152,4.961216127555056,2.8337887640315156,3,True,True,0,6,False,False,108,0,False,False
2591,187988.2,36.679664905699155,151,5.04970283799876,2.7248415739378924,3,True,True,0,6,False,False,107,0,False,False
2592,187988.4,36.85857552647073,150,4.908943444172415,2.6675500370911442,3,True,True,0,6,False,False,106,0,False,False
2593,187988.6,37.03730112542168,149,4.724691428223616,2.5497334910326295,3,True,True,0,6,False,False,105,0,False,False
2594,187988.8,37.21695930070796,148,4.668786440088999,2.416615286337323,3,True,True,0,6,False,False,104,0,False,False
2595,187989.0,37.29457253557287,146,4.680207705822215,2.400084485407293,3,True,True,0,6,False,False,103,0,False,False
2596,187989.2,37.348396662695855,143,5.2613260059909495,2.6997951981202304,3,False,True,0,6,False,False,102,0,False,False
2597,187989.4,37.393268501900906,140,5.2747623706631295,2.731554828517433,2,True,True,0,6,False,False,101,0,False,False
2598,187989.6,37.41543935761393,139,4.694023101365038,2.5165204015812974,2,True,True,0,6,False,False,101,0,False,False
2599,187989.8,37.42661426833992,137,4.651774690227743,2.502770152886484,2,True,True,0,6,False,False,100,0,False,False
2600,187990.0,37.34151805988907,135,4.168943600476757,2.362862735489256,2,False,True,0,6,False,False,99,0,False,False
2601,187990.2,37.19383071757765,134,4.618654644832564,2.6087365496312267,2,False,True,0,6,False,False,99,0,False,False
2602,187990.4,36.9563209035389,132,4.645248838896058,2.370269321958325,2,False,True,0,6,False,False,98,0,False,False
2603,187990.6,36.78661648502602,130,3.7383200331123696,2.164096291441895,2,False,True,0,6,False,False,96,0,False,False
2604,187990.8,36.598391388544925,126,3.6677758350586895,2.0688617530929037,2,True,True,0,6,False,False,94,0,False,False
2605,187991.0,36.53582399900954,122,3.010055408461408,2.2480026861100866,2,True,True,0,6,False,False,91,0,False,False
2606,187991.2,36.457947085459736,119,3.9533936228331457,2.3215861059127887,2,False,True,0,6,False,False,88,0,False,False
2607,187991.4,36.3898956471626,113,3.249357406049967,2.5601729649826486,2,False,True,0,6,False,False,84,0,False,False
2608,187991.6,36.3432781551393,107,inf,inf,2,False,False,0,6,False,False,80,0,False,False
2609,187991.8,36.285732749507446,103,2.576468236428603,2.0448029752124417,2,False,True,0,6,False,False,76,0,False,False
2610,187992.0,36.21909770059149,100,2.6725450821245595,2.0330989488679467,2,False,True,0,6,False,False,72,0,False,False
2611,187992.2,36.11599723433799,98,4.1456301261107615,2.270233560694368,2,False,True,0,6,False,False,68,0,False,False
2612,187992.4,35.97928756286716,96,4.399049338259814,2.2677100252514175,2,False,True,0,6,False,False,64,0,False,False
2613,187992.6,35.84068096118082,94,4.87036233840708,2.313492883697995,2,False,True,0,6,False,False,60,0,False,False
2614,187992.8,35.69757007362597,92,4.879537377459865,2.1608626966110416,2,False,True,0,6,False,False,56,0,False,False
2615,187993.0,35.55086092173784,89,5.08971555845724,2.1845612301729638,2,False,True,0,6,False,False,52,0,False,False
2616,187993.2,35.34549950060094,88,4.860369082566536,2.13854251382627,2,False,True,0,6,False,False,48,0,False,False
2617,187993.4,35.11573573713505,87,5.098529467262107,2.400055305798403,2,False,True,0,6,False,False,45,0,False,False
2618,187993.6,34.85380912684316,86,5.285418694848359,2.3995856222282343,2,False,True,0,6,False,False,42,0,False,False
2619,187993.8,34.454152182152505,86,14.528009591795882,3.8815427419350277,2,False,True,0,6,False,False,39,0,False,False
2620,187994.0,33.97147627777276,86,14.14291667347619,3.8022585072262105,2,False,True,0,6,False,False,37,0,False,False
2621,187994.2,14.09825173283545,87,13.805746672088116,3.77223551906414,2,False,True,0,0,True,False,35,0,False,False
2622,187994.4,11.280415216114738,88,1.9735209892188978,1.5171027624295355,13,True,True,0,6,False,False,33,0,False,False
2623,187994.6,9.63694306816779,89,3.386436702965069,1.8980126949530742,4,True,True,0,6,False,False,32,0,False,False
2624,187994.8,8.549118414078096,90,3.1169733575395884,1.8502985659182207,4,False,True,0,6,False,False,31,0,False,False
2625,187995.0,7.846235456229184,92,3.1007332865249473,1.9945876151363047,4,True,True,0,6,False,False,31,0,False,False
2626,187995.2,7.3944055385697105,93,2.983166488208941,2.006056170465717,5,False,True,0,6,False,False,30,0,False,False
2627,187995.4,7.109860767318621,93,2.9587873664328233,2.0009399844794378,6,True,True,0,6,False,False,30,0,False,False
2628,187995.6,6.93313978339246,95,2.770144862140455,1.9546707677471715,7,True,True,0,6,False,False,31,0,False,False
2629,187995.8,6.836761850278671,98,2.4982706778056007,1.9195165267340486,7,True,True,0,6,False,False,32,0,False,False
2630,187996.0,6.674863180661871,101,2.223632181922082,1.8258391391519697,7,True,True,0,6,False,False,33,0,False,False
2631,187996.2,6.535047093129964,103,1.9918291075280583,1.7426570667391674,6,True,True,0,6,False,False,34,0,False,False
2632,187996.4,6.322539231076492,106,1.5682203820748144,1.4359116643471572,7,True,True,0,6,False,False,36,0,False,False
2633,187996.6,6.096539035690222,110,1.4702997009095329,1.3531616197037362,7,True,True,0,6,False,False,38,0,False,False
2634,187996.8,6.002705017654245,111,0.9893502311856894,0.9893502311856894,7,True,True,0,6,False,False,38,0,False,False
2635,187997.0,5.993333993015591,111,0.38609509663725483,0.38609509663725483,2,True,True,0,6,False,False,39,0,False,False
2636,187997.2,5.973808412334295,110,1.52564014366855,1.3249221910223394,4,True,True,0,6,False,False,40,0,False,False
2637,187997.4,5.836356982720634,110,2.1961449142550085,1.711358472220112,6,True,True,0,6,False,False,41,0,False,False
2638,187997.6,5.637782116731557,111,2.2852363759617385,1.7324983296648755,6,True,True,0,6,False,False,43,0,False,False
2639,187997.8,5.432414960889677,112,2.1989269800427174,1.5832106409616442,2,False,True,0,6,False,False,45,0,False,False
2640,187998.0,5.173569963111361,113,2.0047840883042762,1.5037955974762625,2,False,True,0,6,False,False,47,0,False,False
2641,187998.2,4.761274083509675,113,1.6746781329664484,1.366516772594339,3,False,True,0,6,False,False,49,0,False,False
2642,187998.4,4.4753479372596265,113,1.5595086632736581,1.3012599015396864,2,False,True,0,6,False,False,51,0,False,False
2643,187998.6,4.043340629645894,113,1.1982912882739412,1.1235107660173032,3,False,True,0,6,False,False,54,0,False,False
2644,187998.8,3.4587758266497453,113,0.8494433390291934,0.8494433390291934,5,False,True,0,6,False,False,58,0,False,False
2645,187999.0,3.0804139158262087,112,0.5570265076138625,0.5570265076138625,6,True,True,0,6,False,False,60,0,False,False
2646,187999.2,2.813048705212466,112,0.4518630694324743,0.4518630694324743,6,True,True,0,6,False,False,62,0,False,False
2647,187999.4,2.6060863767156173,112,0.45608087192128066,0.45608087192128066,6,True,True,0,6,False,False,64,0,False,False
2648,187999.6,2.4069914513061135,112,2.3552531509066936,1.331061881501874,5,True,True,0,6,False,False,65,0,False,False
2649,187999.8,2.2340828306076883,112,2.058843688923123,1.372613645862224,5,True,True,0,6,False,False,66,0,False,False
2650,188000.0,2.120201890178798,112,1.8254593244822943,1.273788909936974,4,True,True,0,6,False,False,67,0,False,False
2651,188000.2,2.047972979109694,112,1.7475732521128273,1.2779374510382546,4,False,True,0,6,False,False,68,0,False,False
2652,188000.4,2.0549555827220005,114,18.022461504410636,4.096850127174419,3,True,True,0,6,False,False,69,0,False,False
2653,188000.6,4.92130534432962,116,16.122064546949588,3.870201185649526,5,True,True,0,6,False,False,70,0,False,False
2654,188000.8,20.629591727373295,118,14.513116926128268,3.754773958731745,5,True,True,0,0,True,False,71,0,False,False
2655,188001.0,10.775595049785654,120,11.929957520875005,3.6329676079564646,17,True,True,0,6,False,False,73,0,False,False
2656,188001.2,6.82183429322043,122,12.427715356651996,3.4811069675593425,4,False,True,0,6,False,False,75,0,False,False
2657,188001.4,18.271186162209613,125,12.394710530468044,3.4857651218307417,5,False,True,0,0,True,False,77,0,False,False
2658,188001.6,9.086284385446396,128,10.024730050725053,3.261107429040157,13,True,True,0,6,False,False,79,0,False,False
2659,188001.8,6.214931290891885,132,10.431489528976721,3.331627556707971,4,True,True,0,6,False,False,83,0,False,False
2660,188002.0,16.674396750024684,137,10.365575095510625,3.3359879499827803,5,True,True,0,0,True,False,86,0,False,False
2661,188002.2,8.447475158290898,140,8.665929795148147,3.437925151215208,12,True,True,0,6,False,False,89,0,False,False
2662,188002.4,6.131606540020525,143,8.505747074744937,3.1400898758224525,4,True,True,0,6,False,False,92,0,False,False
2663,188002.6,15.56077509991395,147,8.339326712192198,3.189877731982262,5,True,True,0,0,True,False,94,0,False,False
2664,188002.8,8.641393915422201,151,6.18420878652183,2.820000548205802,14,True,True,0,6,False,False,96,0,False,False
2665,188003.0,6.77871218785969,155,6.532888507126175,2.847226083479759,4,True,True,0,6,False,False,98,0,False,False
2666,188003.2,13.999930336267301,159,6.44429324947512,2.7861012118699864,4,True,True,0,0,True,False,100,0,False,False
2667,188003.4,8.720134768080925,163,4.987878693466889,2.5471464430735145,15,True,True,0,6,False,False,101,0,False,False
2668,188003.6,7.40571031411905,167,5.401763086807091,2.608375587178536,4,True,True,0,6,False,False,101,0,False,False
2669,188003.8,6.887986875792391,170,5.195236709983686,2.5088261095052724,6,True,True,0,6,False,False,100,0,False,False
2670,188004.0,6.679242780868687,174,4.868741976050509,2.4236388574151975,6,True,True,0,6,False,False,100,0,False,False
2671,188004.2,6.5784096175395455,176,2.278621361265715,1.7678899829358328,6,True,True,0,6,False,False,100,0,False,False
2672,188004.4,6.524107357915996,178,2.355065942441012,1.7909962607645304,5,True,True,0,6,False,False,100,0,False,False
2673,188004.6,6.50271652738753,179,2.39968925237128,1.7669240981383727,2,True,True,0,6,False,False,100,0,False,False
2674,188004.8,6.494520592021594,179,1.9363266114310673,1.5611756467349882,2,True,True,0,6,False,False,101,0,False,False
2675,188005.0,6.477660997084186,179,1.9083481641488325,1.544508313368391,2,True,True,0,6,False,False,102,0,False,False
2676,188005.2,6.484815363952057,178,2.0405856641533204,1.6725439417246988,2,True,True,0,6,False,False,102,0,False,False
2677,188005.4,6.558118540687174,176,1.9373425975954386,1.6187914509351282,2,True,True,0,6,False,False,102,0,False,False
2678,188005.6,6.654435342521714,176,3.6475492962919223,2.1905573897279766,2,True,True,0,6,False,False,103,0,False,False
2679,188005.8,6.714826229085302,176,3.871800163365362,2.2819404925787814,2,True,True,0,6,False,False,104,0,False,False
2680,188006.0,6.740013483000277,176,4.137313564495056,2.327715375789041,2,True,True,0,6,False,False,105,0,False,False
2681,188006.2,6.729816678267918,176,4.663174677182496,2.2267440996554386,2,True,True,0,6,False,False,106,0,False,False
2682,188006.4,6.729319589245104,176,4.9348801943107015,2.280025303007681,3,False,True,0,6,False,False,107,0,False,False
2683,188006.6,6.6872120614407145,176,5.1093846796179525,2.270394936902632,4,True,True,0,6,False,False,107,0,False,False
2684,188006.8,6.616200349089188,176,5.369119301422472,2.2991532148099147,5,True,True,0,6,False,False,107,0,False,False
2685,188007.0,6.574916877163382,177,7.229899904363539,2.9123862776176517,5,True,True,0,6,False,False,107,0,False,False
2686,188007.2,6.526423535311083,177,5.705645123467424,2.28746744013297,6,True,True,0,6,False,False,107,0,False,False
2687,188007.4,6.528134231540991,178,7.977819940913315,2.96690996568543,6,True,True,0,6,False,False,107,0,False,False
2688,188007.6,6.500769159910033,176,9.27218792555368,3.297567314583917,6,True,True,0,6,False,False,106,0,False,False
2689,188007.8,13.294426570511124,175,8.666645381003546,3.0995786436653474,6,True,True,0,0,True,False,105,0,False,False
2690,188008.0,8.529343214561631,174,8.316601599854154,3.129957189092964,12,True,True,0,6,False,False,104,0,False,False
2691,188008.2,7.663218878740321,173,8.624172230967295,3.1204632313641176,5,True,True,0,6,False,False,103,0,False,False
2692,188008.4,7.3239952741407075,171,3.6580426596815387,1.7500465431981858,5,True,True,0,6,False,False,102,0,False,False
2693,188008.6,7.073898749851359,169,3.757339407501567,1.6361127334574666,5,True,True,0,6,False,False,101,0,False,False
2694,188008.8,6.895987374394351,168,4.268201772767464,1.8947465915513848,5,True,True,0,6,False,False,100,0,False,False
2695,188009.0,6.755153626393645,167,4.378078144339477,2.0037112647955384,5,False,True,0,6,False,False,99,0,False,False
2696,188009.2,6.632461777647479,167,4.547577709847331,2.115688261251432,5,True,True,0,6,False,False,98,0,False,False
2697,188009.4,6.517748380717988,167,4.947123470034657,2.2318305715470377,4,True,True,0,6,False,False,97,0,False,False
2698,188009.6,6.427454960041774,165,2.3674242005983674,1.7461001180557132,2,True,True,0,6,False,False,96,0,False,False
2699,188009.8,6.331376931735409,165,6.074340210946522,2.43299082078961,3,False,True,0,6,False,False,94,0,False,False
2700,188010.0,6.2643944758693095,165,5.27201370487917,2.3682879026657595,3,False,True,0,6,False,False,92,0,False,False
2701,188010.2,6.2081831580671905,166,5.275344353466897,2.4015555055876785,3,True,True,0,6,False,False,91,0,False,False
2702,188010.4,6.1067087716533885,166,4.978685935894461,2.2134360373470314,2,True,True,0,6,False,False,91,0,False,False
2703,188010.6,6.012218332378681,164,5.0661355445407095,2.52481754707183,3,False,True,0,6,False,False,90,0,False,False
2704,188010.8,5.940288902270169,162,4.851403623617345,2.4460846451373808,3,True,True,0,6,False,False,89,0,False,False
2705,188011.0,5.842560377903711,160,4.753032546609902,2.239726192984687,3,True,True,0,6,False,False,88,0,False,False
2706,188011.2,5.7228509997074894,158,4.589605063200049,2.203058192529256,3,True,True,0,6,False,False,87,0,False,False
2707,188011.4,5.593139229410725,156,4.276540928335908,2.046155165493687,3,False,True,0,6,False,False,86,0,False,False
2708,188011.6,5.482296567561321,154,4.0681074150956125,1.941954548766382,3,True,True,0,6,False,False,86,0,False,False
2709,188011.8,5.337774311311129,152,4.081999853486409,1.8929328747561132,4,True,True,0,6,False,False,86,0,False,False
2710,188012.0,5.199001340873497,148,4.536352138416445,1.8594476954694639,3,True,True,0,6,False,False,86,0,False,False
2711,188012.2,5.117775937623874,146,4.606434938779388,1.878133954022234,4,True,True,0,6,False,False,86,0,False,False
2712,188012.4,5.031157368396106,142,4.818329647665882,1.9151544482736547,4,True,True,0,6,False,False,86,0,False,False
2713,188012.6,4.928672499269712,140,5.010830579205219,1.948878800286633,4,True,True,0,6,False,False,87,0,False,False
2714,188012.8,4.835122922445372,137,5.0864299472886545,1.9667523714774422,3,False,True,0,6,False,False,88,0,False,False
2715,188013.0,4.773258912559611,134,5.131854386805443,2.1390739437675954,3,False,True,0,6,False,False,89,0,False,False
2716,188013.2,4.720428009146603,131,5.339854137833941,2.1435979026252956,4,False,True,0,6,False,False,90,0,False,False
2717,188013.4,4.658390885474552,129,5.37645471709201,2.071679394099877,3,False,True,0,6,False,False,91,0,False,False
2718,188013.6,4.797835627654291,127,5.466084800186666,1.9820636150440565,9,True,True,0,6,False,False,92,0,False,False
2719,188013.8,4.8553712887547045,124,5.622946118489769,2.1115193775595333,9,True,True,0,6,False,False,91,0,False,False
2720,188014.0,4.959848317777413,121,5.6817256186716625,2.108592773523673,9,True,True,0,6,False,False,90,0,False,False
2721,188014.2,5.090713798174824,118,5.372948431400491,2.0669546124520193,7,True,True,0,6,False,False,89,0,False,False
2722,188014.4,5.303938781022081,115,5.345035868012066,2.0657224310767273,7,True,True,0,6,False,False,88,0,False,False
2723,188014.6,5.570209979159486,115,4.946096029034429,2.1834636450307503,8,True,True,0,6,False,False,87,0,False,False
2724,188014.8,5.807082477530099,114,4.697420561771995,2.070824301505965,8,True,True,0,6,False,False,87,0,False,False
2725,188015.0,5.996729005548666,113,4.948267981949977,2.2204668818555104,6,True,True,0,6,False,False,86,0,False,False
2726,188015.2,6.155874911921151,112,5.064646152062389,2.286187480292154,7,True,True,0,6,False,False,85,0,False,False
2727,188015.4,6.271241494083954,112,5.053149739024574,2.3039229138712036,7,True,True,0,6,False,False,83,0,False,False
2728,188015.6,6.361501541544626,112,4.959735401610698,2.338662905230092,7,True,True,0,6,False,False,81,0,False,False
2729,188015.8,6.45531138340807,112,4.866107819851509,2.35943498435383,7,True,True,0,6,False,False,80,0,False,False
2730,188016.0,6.524031684852917,111,3.9423577168927793,1.8524917341547618,7,True,True,0,6,False,False,79,0,False,False
2731,188016.2,6.610764706146674,110,3.2768120647543495,1.6927647704519806,7,True,True,0,6,False,False,78,0,False,False
2732,188016.4,6.683522279429285,109,2.8540324180833028,1.588331283479358,7,True,True,0,6,False,False,77,0,False,False
2733,188016.6,6.719514215702652,107,1.1996083583398973,1.1791105771933705,7,True,True,0,6,False,False,75,0,False,False
2734,188016.8,6.724798255223552,105,1.3130822068599748,1.2710298107466127,7,True,True,0,6,False,False,73,0,False,False
2735,188017.0,6.710636531026258,104,1.389261504848236,1.3020407617815246,7,True,True,0,6,False,False,71,0,False,False
2736,188017.2,6.699451743880406,103,1.4217763555701006,1.303841429764348,7,True,True,0,6,False,False,69,0,False,False
2737,188017.4,6.67375730228526,102,1.5197866523469565,1.3151880155082214,6,True,True,0,6,False,False,67,0,False,False
2738,188017.6,6.635917262410767,101,1.7029915794748018,1.3598132522529915,8,True,True,0,6,False,False,65,0,False,False
2739,188017.8,6.574537953397518,100,1.8043967884196872,1.375835779860719,8,True,True,0,6,False,False,63,0,False,False
2740,188018.0,6.345847706914959,100,14.886537813802038,3.514910963858537,8,True,True,0,6,False,False,61,0,False,False
2741,188018.2,6.06816394654391,101,14.748403572786723,3.934614657703967,3,True,True,0,6,False,False,59,0,False,False
2742,188018.4,34.08749473742315,101,15.080206503686297,3.7749338377443045,2,False,True,0,0,True,False,57,0,False,False
2743,188018.6,31.446453313094562,102,4.347235601166726,2.1300035760194254,14,True,True,0,6,False,False,56,0,False,False
2744,188018.8,29.95059448159936,103,4.290674474628602,2.133408219919444,5,True,True,0,6,False,False,57,0,False,False
2745,188019.0,28.936343425369742,104,4.268962198619499,2.141783889994819,4,True,True,0,6,False,False,58,0,False,False
2746,188019.2,28.23665296576299,105,4.129567226027479,2.1341185974999877,4,True,True,0,6,False,False,59,0,False,False
2747,188019.4,27.740467034778174,106,3.9183845171893856,2.0892305436590726,5,True,True,0,6,False,False,60,0,False,False
2748,188019.6,27.38771681586042,106,3.7374716568402864,2.0307305805915363,6,True,True,0,6,False,False,61,0,False,False
2749,188019.8,27.24158920382817,106,3.5872715184442057,1.9964516698125816,5,True,True,0,6,False,False,61,0,False,False
2750,188020.0,27.277082977525794,106,3.5008990067637034,2.0220531019624945,3,True,True,0,6,False,False,62,0,False,False
2751,188020.2,27.352596139983373,105,3.636547885774985,1.854288666109026,3,True,True,0,6,False,False,63,0,False,False
2752,188020.4,27.38890970621473,103,4.134037189614744,1.8095634711297939,5,True,True,0,6,False,False,64,0,False,False
2753,188020.6,27.409829980347645,101,4.124292589933365,1.7933234190383343,5,True,True,0,6,False,False,65,0,False,False
2754,188020.8,27.47299254672562,100,4.077519183508012,1.9531237648922029,4,True,True,0,6,False,False,65,0,False,False
2755,188021.0,27.546771215995854,99,4.164901499162203,1.9351591210322001,3,True,True,0,6,False,False,65,0,False,False
2756,188021.2,27.60747808528706,98,4.0994620670277575,1.9295661341882215,3,True,True,0,6,False,False,65,0,False,False
2757,188021.4,27.6901818437098,98,4.212337506666877,2.2370651342671874,3,True,True,0,6,False,False,65,0,False,False
2758,188021.6,27.759572108764274,99,4.181661741779884,2.237152291331878,2,True,True,0,6,False,False,66,0,False,False
2759,188021.8,27.92053627626391,100,4.126121589275773,2.2158072894964937,3,False,True,0,6,False,False,67,0,False,False
2760,188022.0,28.011474318670572,101,4.1680264974435515,2.2377903131935817,2,True,True,0,6,False,False,68,0,False,False
2761,188022.2,28.042455045172343,103,12.378162722477521,3.9780924817737975,3,False,True,0,6,False,False,69,0,False,False
2762,188022.4,28.03918005302858,105,12.245336094649822,4.252734256447187,3,True,True,0,6,False,False,70,0,False,False
2763,188022.6,9.633576878994011,107,12.235101019697884,4.253788990421255,2,True,True,0,0,True,False,71,0,False,False
2764,188022.8,9.260514290130638,109,3.8733803948717385,2.425516385729268,17,True,True,0,6,False,False,72,0,False,False
2765,188023.0,9.374049101505236,110,3.98400412829685,2.481448533094412,4,True,True,0,6,False,False,73,0,False,False
2766,188023.2,9.469647051519642,111,4.182084883282543,2.5180566614856987,4,True,True,0,6,False,False,74,0,False,False
2767,188023.4,9.55473486517483,113,4.233375120117653,2.534082501763019,3,True,True,0,6,False,False,75,0,False,False
2768,188023.6,9.613467941749779,114,4.148981180395715,2.538358622088559,3,True,True,0,6,False,False,75,0,False,False
2769,188023.8,9.61679161107201,114,3.344771904478564,2.523596413277379,3,True,True,0,6,False,False,75,0,False,False
2770,188024.0,9.585682906084509,114,3.4618294824619373,2.556465816092839,3,True,True,0,6,False,False,75,0,False,False
2771,188024.2,9.563076365745657,113,3.5445159671507276,2.292329919613494,3,True,True,0,6,False,False,75,0,False,False
2772,188024.4,9.559307625545554,113,4.561839686696137,2.51553330944703,3,True,True,0,6,False,False,75,0,False,False
2773,188024.6,9.56222698744568,113,4.704020772804897,2.549353033573493,4,True,True,0,6,False,False,75,0,False,False
2774,188024.8,9.573209777496611,113,4.8967003595505085,2.5902395890235472,4,True,True,0,6,False,False,75,0,False,False
2775,188025.0,9.471816616136277,112,3.461660566886307,2.1884565821798483,5,True,True,0,6,False,False,75,0,False,False
2776,188025.2,9.338005634349814,112,3.512819493308951,2.1950462295794817,5,True,True,0,6,False,False,75,0,False,False
2777,188025.4,9.189341601585166,112,1.4335284992254118,1.3980984623199775,5,True,True,0,6,False,False,75,0,False,False
2778,188025.6,9.05084852624143,112,1.4276534963203722,1.375625168386848,6,True,True,0,6,False,False,75,0,False,False
2779,188025.8,8.92650109181836,112,3.503134931754363,1.9857111396947213,6,True,True,0,6,False,False,75,0,False,False
2780,188026.0,8.834024466747755,113,3.5446353286918546,1.9968826632298,6,True,True,0,6,False,False,75,0,False,False
2781,188026.2,8.734930032190363,113,1.4089003278856975,1.399777066008369,6,True,True,0,6,False,False,75,0,False,False
2782,188026.4,8.751284040764537,113,7.7969209465476235,2.799425582157899,5,True,True,0,6,False,False,75,0,False,False
2783,188026.6,8.823186934972123,113,8.195392197387068,2.8593968529555704,5,True,True,0,6,False,False,75,0,False,False
2784,188026.8,25.99434123312219,113,8.442228709624034,2.9561710287009015,2,True,True,0,0,True,False,75,0,False,False
2785,188027.0,21.128753602494083,112,3.001525635568313,1.7744017586117429,15,True,True,0,6,False,False,75,0,False,False
2786,188027.2,19.335420619497942,110,2.743302943536512,1.7147238422381854,3,False,True,0,6,False,False,75,0,False,False
2787,188027.4,18.38142929694052,108,2.673080166293222,1.7200780648138605,3,False,True,0,6,False,False,75,0,False,False
2788,188027.6,17.800234863600586,106,2.574861781443535,1.6394643135601341,3,True,True,0,6,False,False,75,0,False,False
2789,188027.8,17.42445671577603,104,2.564451091413344,1.7777514279026934,3,True,True,0,6,False,False,75,0,False,False
2790,188028.0,17.110393339343766,101,2.8759967230094716,1.8231896805580252,3,True,True,0,6,False,False,74,0,False,False
2791,188028.2,16.868237890805652,98,2.478529921627211,1.7848071009268278,3,True,True,0,6,False,False,74,0,False,False
2792,188028.4,16.674955592177838,94,2.9942364266073223,2.1215978696537303,4,True,True,0,6,False,False,73,0,False,False
2793,188028.6,16.535975828261154,89,4.308626361191273,2.496207043323326,3,True,True,0,6,False,False,71,0,False,False
2794,188028.8,16.439906232744196,85,4.0381263345479965,2.4690002672987355,3,True,True,0,6,False,False,69,0,False,False
2795,188029.0,16.369269374529374,81,4.111888274550438,2.4668207910595674,3,True,True,0,6,False,False,67,0,False,False
2796,188029.2,16.31972355338839,78,3.374164756387472,2.2514491720204983,2,True,True,0,6,False,False,65,0,False,False
2797,188029.4,16.263915479674253,74,4.083705559372902,2.4622763223804593,3,True,True,0,6,False,False,63,0,False,False
2798,188029.6,16.293229822214816,69,inf,inf,3,False,False,0,6,False,False,60,0,False,False
2799,188029.8,16.275412987764707,65,4.991419088095427,2.7384414984272154,3,False,True,0,6,False,False,58,0,False,False
2800,188030.0,16.16707592319079,62,5.498615428805351,2.774779685481295,3,True,True,0,6,False,False,56,0,False,False
2801,188030.2,16.00188450446492,59,5.782979182898998,2.9443149775844324,3,True,True,0,6,False,False,54,0,False,False
2802,188030.4,15.971405193847984,56,inf,inf,2,True,False,0,6,False,False,51,0,False,False
2803,188030.6,15.967875652101037,53,inf,inf,2,True,False,0,6,False,False,48,0,False,False
2804,188030.8,15.975207318425289,49,inf,inf,2,False,False,0,6,False,False,45,0,False,False
2805,188031.0,15.995552998193391,45,inf,inf,2,False,False,0,6,False,False,42,0,False,False
2806,188031.2,16.0298450643928,42,inf,inf,2,False,False,0,6,False,False,39,0,False,False
2807,188031.4,16.06897833663768,38,inf,inf,2,False,False,0,6,False,False,36,0,False,False
2808,188031.6,16.106195911209,34,inf,inf,2,False,False,0,6,False,False,33,0,False,False
2809,188031.8,16.142743447489632,30,inf,inf,2,False,False,0,6,False,False,30,0,False,False
2810,188032.0,16.179700778502593,27,inf,inf,2,False,False,0,6,False,False,27,0,False,False
2811,188032.2,16.23489665602523,24,inf,inf,2,False,False,0,6,False,False,24,0,False,False
2812,188032.4,16.312264359925944,21,inf,inf,2,False,False,0,6,False,False,21,0,False,False
2813,188032.6,16.41895639013421,18,inf,inf,2,False,False,0,6,False,False,18,0,False,False
2814,188032.8,16.557531196355846,15,inf,inf,2,False,False,0,6,False,False,15,0,False,False
2815,188033.0,16.728305848044556,13,inf,inf,2,False,False,0,6,False,False,13,0,False,False
2816,188033.2,16.93982031698132,10,inf,inf,2,False,False,0,6,False,False,10,0,False,False
2817,188033.4,17.192071553082425,8,inf,inf,2,False,False,0,6,False,False,8,0,False,False
2818,188033.6,17.491327754049642,7,inf,inf,2,False,False,0,6,False,False,7,0,False,False
2819,188033.8,17.84314249435958,6,inf,inf,2,False,False,0,6,False,False,6,0,False,False
2820,188034.0,18.244184643925042,5,inf,inf,2,False,False,0,6,False,False,5,0,False,False
2821,188034.2,18.703642878176346,4,inf,inf,2,False,False,0,6,False,False,4,0,False,False
2822,188034.4,19.21784208501054,3,inf,inf,2,True,False,0,6,False,False,3,0,False,False
2823,188034.6,19.78229794868512,3,inf,inf,2,False,False,0,6,False,False,3,0,False,False
2824,188034.8,20.41039562240363,2,inf,inf,2,False,False,0,6,False,False,2,0,False,False
2825,188035.0,21.106177976375715,1,inf,inf,2,True,False,0,6,False,False,1,0,False,False
2826,188035.2,21.8659145751396,0,inf,inf,3,True,False,0,6,False,False,0,0,False,False
2827,188035.4,22.692765442433856,0,inf,inf,2,True,False,0,6,False,False,0,0,False,False
2828,188035.6,23.578692516997652,0,inf,inf,2,True,False,0,6,False,False,0,0,False,False
2829,188035.8,24.517568824771363,0,inf,inf,2,True,False,0,6,False,False,0,0,False,False
2830,188036.0,25.509064746755588,0,inf,inf,2,True,False,0,6,False,False,0,0,False,False
2831,188036.2,26.54027990270326,0,inf,inf,2,True,False,0,6,False,False,0,0,False,False
2832,188036.4,27.619974926671205,0,inf,inf,2,True,False,0,6,False,False,0,0,False,False
2833,188036.6,28.7445807322669,0,inf,inf,2,True,False,0,6,False,False,0,0,False,False
2834,188036.8,29.913834972746635,0,inf,inf,2,True,False,0,6,False,False,0,0,False,False
2835,188037.0,31.12713369725905,0,inf,inf,2,True,False,0,6,False,False,0,0,False,False
2836,188037.2,32.38155755184261,0,inf,inf,2,True,False,0,6,False,False,0,0,False,False
2837,188037.4,33.67852921539833,0,inf,inf,2,True,False,0,6,False,False,0,0,False,False
2838,188037.6,35.01942494747918,0,inf,inf,2,True,False,0,6,False,False,0,0,False,False
2839,188037.8,36.40161611623317,0,inf,inf,2,True,False,0,6,False,False,0,0,False,False
2840,188038.0,37.826927937629335,0,inf,inf,2,True,False,0,6,False,False,0,0,False,False
2841,188038.2,39.29282287404172,0,inf,inf,2,True,False,0,6,False,False,0,0,False,False
2842,188038.4,40.8002139571842,0,inf,inf,2,True,False,0,6,False,False,0,0,False,False
2843,188038.6,42.34722626278371,0,inf,inf,2,True,False,0,6,False,False,0,0,False,False
2844,188038.8,43.933241145051774,0,inf,inf,2,True,False,0,6,False,False,0,0,False,False
2845,188039.0,45.4444511229265,1,24.745221238583326,6.538251325429429,2,False,True,0,6,False,False,0,0,False,False
2846,188039.2,43.317725113637636,2,23.867446091026068,6.306848342904773,4,True,True,0,6,False,False,0,0,False,False
2847,188039.4,39.98061599283557,3,23.22007319331169,6.152040189828389,4,True,True,0,6,False,False,0,0,False,False
2848,188039.6,37.61870050324784,3,inf,inf,4,True,False,0,6,False,False,0,0,False,False
2849,188039.8,39.53049436932132,3,inf,inf,4,True,False,0,6,False,False,0,0,False,False
2850,188040.0,41.002511269926025,4,22.03921629488468,5.616292879165407,3,True,True,0,6,False,False,0,0,False,False
2851,188040.2,37.32214448286466,4,inf,inf,4,True,False,0,6,False,False,0,0,False,False
2852,188040.4,39.02496381534759,4,inf,inf,5,True,False,0,6,False,False,0,0,False,False
2853,188040.6,40.48351036878746,4,inf,inf,2,True,False,0,6,False,False,0,0,False,False
2854,188040.8,41.874123964830176,4,inf,inf,2,False,False,0,6,False,False,0,0,False,False
2855,188041.0,43.254568895254515,4,inf,inf,2,False,False,0,6,False,False,0,0,False,False
2856,188041.2,44.64719160369953,4,inf,inf,2,False,False,0,6,False,False,0,0,False,False
2857,188041.4,46.06765171076254,4,inf,inf,2,False,False,0,6,False,False,0,0,False,False
2858,188041.6,47.52130223662336,4,inf,inf,2,False,False,0,6,False,False,0,0,False,False
2859,188041.8,49.01602985816591,4,inf,inf,2,False,False,0,6,False,False,0,0,False,False
2860,188042.0,50.55499493242504,4,inf,inf,2,False,False,0,6,False,False,0,0,False,False
2861,188042.2,52.140149227335755,4,inf,inf,2,False,False,0,6,False,False,0,0,False,False
2862,188042.4,53.775516486084236,4,inf,inf,2,False,False,0,6,False,False,0,0,False,False
2863,188042.6,55.462038043427874,4,inf,inf,2,False,False,0,6,False,False,0,0,False,False
2864,188042.8,57.20169651323488,4,inf,inf,2,False,False,0,6,False,False,0,0,False,False
2865,188043.0,58.860477516015216,5,28.74646630510688,6.527158765794184,2,False,True,0,6,False,False,0,0,False,False
2866,188043.2,54.464182667956116,6,25.63617741689086,6.158610488244202,4,True,True,0,6,False,False,0,0,False,False
2867,188043.4,49.49593356398274,7,22.39236482232809,5.74915955781532,4,True,True,0,6,False,False,0,0,False,False
2868,188043.6,46.22686868722414,7,inf,inf,4,True,False,0,6,False,False,0,0,False,False
2869,188043.8,48.30118957565529,7,inf,inf,5,True,False,0,6,False,False,0,0,False,False
2870,188044.0,50.17486487839144,6,inf,inf,2,False,False,0,6,False,False,0,0,False,False
2871,188044.2,51.87897299192708,6,24.431890729814768,5.958551671784969,2,False,True,0,6,False,False,0,0,False,False
2872,188044.4,48.38289051175122,5,inf,inf,4,True,False,0,6,False,False,0,0,False,False
2873,188044.6,50.23888770938305,6,23.39101367071271,5.87867177291735,5,True,True,0,6,False,False,0,0,False,False
2874,188044.8,46.54766759902142,6,inf,inf,4,True,False,0,6,False,False,0,0,False,False
2875,188045.0,48.363263741246435,6,22.76588310673833,5.8969371245515045,5,True,True,0,6,False,False,0,0,False,False
2876,188045.2,44.74528322179029,6,inf,inf,4,True,False,0,6,False,False,0,0,False,False
2877,188045.4,46.58916917524139,6,inf,inf,5,True,False,0,6,False,False,0,0,False,False
2878,188045.6,48.2498888802305,6,inf,inf,2,False,False,0,6,False,False,0,0,False,False
2879,188045.8,49.887535239192076,6,inf,inf,2,False,False,0,6,False,False,0,0,False,False
2880,188046.0,51.54459497592885,6,inf,inf,2,False,False,0,6,False,False,0,0,False,False
2881,188046.2,53.23747187575305,6,inf,inf,2,False,False,0,6,False,False,0,0,False,False
2882,188046.4,54.9762417024808,6,inf,inf,2,False,False,0,6,False,False,0,0,False,False
2883,188046.6,56.76492595111491,6,inf,inf,2,False,False,0,6,False,False,0,0,False,False
2884,188046.8,58.608206836263776,6,inf,inf,2,False,False,0,6,False,False,0,0,False,False
2885,188047.0,60.50895292090555,6,inf,inf,2,False,False,0,6,False,False,0,0,False,False
2886,188047.2,62.47002162769562,6,inf,inf,2,False,False,0,6,False,False,0,0,False,False
2887,188047.4,64.36521229012952,7,27.954878695309162,6.3061700744822735,2,False,True,0,6,False,False,0,0,False,False
2888,188047.6,60.31107440137434,8,25.043411899358034,5.979577024687817,4,True,True,0,6,False,False,0,0,False,False
2889,188047.8,55.919013777831275,9,22.38524706289172,5.609175655982528,4,True,True,0,6,False,False,0,0,False,False
2890,188048.0,51.40968416849212,9,20.0181837528944,5.16684349275965,4,True,True,0,6,False,False,0,0,False,False
2891,188048.2,47.22401065305101,9,17.271718367934227,4.788892523043606,4,True,True,0,6,False,False,0,0,False,False
2892,188048.4,39.09595075669886,11,22.2245385294636,5.9738017815543625,4,True,True,0,6,False,False,0,0,False,False
2893,188048.6,30.279837152529318,15,15.03550245300643,4.945854740194778,4,True,True,0,6,False,False,0,0,False,False
2894,188048.8,19.225106413897027,19,9.273738462795192,3.7734470950885104,4,True,True,0,0,True,False,0,0,False,False
2895,188049.0,18.733451954079168,23,1.5205266424351362,1.3367677324177905,8,True,True,0,6,False,False,0,0,False,False
2896,188049.2,18.2559597636874,27,11.439704197795184,3.9763324916739995,2,False,True,0,6,False,False,0,0,False,False
2897,188049.4,17.71952496961604,32,11.008307794319178,3.6620386933506075,2,False,True,0,6,False,False,0,0,False,False
2898,188049.6,5.12750784207774,35,11.489832826121532,4.015651704487096,2,False,True,0,0,True,False,0,0,False,False
2899,188049.8,4.876480831448751,39,2.698366593520548,1.9945660670217167,6,False,True,0,6,False,False,0,0,False,False
2900,188050.0,4.898755010916848,41,2.482364776617108,1.7608219510671121,7,True,True,0,6,False,False,0,0,False,False
2901,188050.2,4.930079839582709,44,3.1136833366757255,1.9887507524911139,3,False,True,0,6,False,False,0,0,False,False
2902,188050.4,4.988236087287131,47,2.7138568618246857,1.7938260174311196,5,True,True,0,6,False,False,0,0,False,False
2903,188050.6,5.146079007770285,49,2.7366364788768665,1.7952621048407977,2,True,True,0,6,False,False,0,0,False,False
2904,188050.8,5.3543659458664825,50,4.121676951646805,2.5783665478677356,2,False,True,0,6,False,False,0,0,False,False
2905,188051.0,5.602682100895525,51,4.168115418404341,2.6191063758748947,2,False,True,0,6,False,False,0,0,False,False
2906,188051.2,5.865680782898557,52,4.7957545928657055,2.5259027893959636,2,False,True,0,6,False,False,0,0,False,False
2907,188051.4,6.144574320592742,53,4.406339943408966,2.4385137405963473,2,False,True,0,6,False,False,0,0,False,False
2908,188051.6,6.434055671482023,54,4.679655347019434,2.536078605048019,2,False,True,0,6,False,False,0,0,False,False
2909,188051.8,6.726546835647447,55,4.335873246192932,2.437183277937382,2,False,True,0,6,False,False,0,0,False,False
2910,188052.0,7.01959746196876,56,4.59128388017416,2.5120444776653215,2,False,True,0,6,False,False,0,0,False,False
2911,188052.2,7.3098935121947,57,4.153835091739893,2.4244016198302347,2,False,True,0,6,False,False,0,0,False,False
2912,188052.4,7.593249797080506,57,4.173107802867889,2.382998662554779,2,False,True,0,6,False,False,0,0,False,False
2913,188052.6,7.869869835457851,57,4.156586732715368,2.3876975606749506,2,False,True,0,6,False,False,0,0,False,False
2914,188052.8,8.156414934052673,57,4.402311161160469,2.4493555717983475,2,False,True,0,6,False,False,1,0,False,False
2915,188053.0,8.308187972640576,57,4.190362565219402,2.3895437855882093,10,True,True,0,6,False,False,2,0,False,False
2916,188053.2,8.102364313714087,57,3.4813711643218994,2.168323180122009,17,True,True,0,6,False,False,3,0,False,False
2917,188053.4,7.911306278842364,55,3.0335320197045803,2.023344570385445,19,True,True,0,6,False,False,4,0,False,False
2918,188053.6,7.6794420039549225,52,1.6858392991125584,1.4983414555027965,18,True,True,0,6,False,False,5,0,False,False
2919,188053.8,7.533758628689942,48,inf,inf,7,True,False,0,6,False,False,5,0,False,False
2920,188054.0,7.467850254951082,44,inf,inf,5,True,False,0,6,False,False,5,0,False,False
2921,188054.2,7.491385524709289,40,0.09898639842867851,0.09898639842867851,5,True,True,0,6,False,False,6,0,False,False
2922,188054.4,7.578631687424177,35,inf,inf,5,True,False,0,6,False,False,6,0,False,False
2923,188054.6,7.719633271219049,32,0.4485023468732834,0.4485023468732834,5,True,True,0,6,False,False,7,0,False,False
2924,188054.8,7.8570085666183935,29,0.004393048584461212,0.004393048584461212,4,True,True,0,6,False,False,8,0,False,False
2925,188055.0,8.029279486940988,26,inf,inf,5,True,False,0,6,False,False,8,0,False,False
2926,188055.2,8.221445798657447,24,1.1948039643466473,1.1948039643466473,4,True,True,0,6,False,False,9,0,False,False
2927,188055.4,8.378707911312635,22,0.8011887259781361,0.8011887259781361,4,True,True,0,6,False,False,10,0,False,False
2928,188055.6,8.481707717030304,21,0.275098517537117,0.275098517537117,20,True,True,0,6,False,False,11,0,False,False
2929,188055.8,8.547891086797275,21,0.639820322394371,0.639820322394371,18,True,True,0,6,False,False,12,0,False,False
2930,188056.0,8.59905315302677,21,2.9373148530721664,2.202594298009943,5,True,True,0,6,False,False,13,0,False,False
2931,188056.2,8.63552597927266,21,2.6730141267180443,2.097103089544437,19,True,True,0,6,False,False,14,0,False,False
2932,188056.4,8.664308199878292,21,4.778548967093229,2.81164113490262,5,True,True,0,6,False,False,15,0,False,False
2933,188056.6,8.731127873604713,20,inf,inf,6,True,False,0,6,False,False,15,0,False,False
2934,188056.8,8.871982601003369,20,1.3639585934579372,1.3639585934579372,5,True,True,0,6,False,False,16,0,False,False
2935,188057.0,9.017041891951518,20,0.15254929661750793,0.15254929661750793,3,False,True,0,6,False,False,17,0,False,False
2936,188057.2,9.124639858892408,20,0.3625422604382038,0.3625422604382038,3,True,True,0,6,False,False,18,0,False,False
2937,188057.4,9.161419851444862,20,1.2599674947559834,1.2599674947559834,5,True,True,0,6,False,False,19,0,False,False
2938,188057.6,9.151408336736075,20,1.2605819068849087,1.2605819068849087,5,True,True,0,6,False,False,20,0,False,False
2939,188057.8,9.11173673349142,20,1.6381813250482082,1.4674426508413945,5,True,True,0,6,False,False,20,0,False,False
2940,188058.0,9.062603542396698,20,1.7542935088276863,1.606376764507708,6,True,True,0,6,False,False,20,0,False,False
2941,188058.2,9.005277763037373,20,1.5692898705601692,1.5219090705483342,5,True,True,0,6,False,False,20,0,False,False
2942,188058.4,8.95059981212124,20,1.0230328850448132,1.0230328850448132,6,True,True,0,6,False,False,20,0,False,False
2943,188058.6,8.898528541624566,20,2.2282094471156597,1.9105414514321142,6,True,True,0,6,False,False,20,0,False,False
2944,188058.8,8.822856828260871,25,7.901492537241558,3.4257507927640436,4,False,True,0,6,False,False,21,0,False,False
2945,188059.0,8.731818100644636,29,8.361502064211646,3.6076557714362747,5,False,True,0,6,False,False,22,0,False,False
2946,188059.2,32.429530660158356,32,8.065597297346935,3.522810275694041,5,True,True,0,0,True,False,22,0,False,False
2947,188059.4,30.68337337698421,37,28.386436375659752,5.425523481809538,16,True,True,0,6,False,False,23,0,False,False
2948,188059.6,22.157061904769805,39,4.953747015557061,3.0828642701132485,5,True,True,0,6,False,False,22,0,False,False
2949,188059.8,21.871105081198593,43,5.118819810436014,2.8166965017249748,6,True,True,0,6,False,False,22,0,False,False
2950,188060.0,21.402469160276425,48,4.33463930274607,2.4900865743353244,5,True,True,0,6,False,False,23,0,False,False
2951,188060.2,21.140261264390617,49,4.885341347859512,2.4503501211686265,3,False,True,0,6,False,False,23,0,False,False
2952,188060.4,20.84331729574449,50,1.518455597677196,1.518455597677196,6,True,True,0,6,False,False,23,0,False,False
2953,188060.6,20.68059642140543,51,1.083863142875559,1.083863142875559,2,True,True,0,6,False,False,23,0,False,False
2954,188060.8,20.53525258747721,51,0.6713626012206078,0.6713626012206078,2,False,True,0,6,False,False,23,0,False,False
2955,188061.0,20.264557482864493,51,1.0097468793392181,1.0097468793392181,6,True,True,0,6,False,False,23,0,False,False
2956,188061.2,20.115296315293545,51,1.8929231651127338,1.8293484078760185,2,True,True,0,6,False,False,23,0,False,False
2957,188061.4,19.973012327776825,51,0.42986005544662476,0.42986005544662476,2,False,True,0,6,False,False,23,0,False,False
2958,188061.6,19.830021378859456,52,0.9017021730542183,0.9017021730542183,2,True,True,0,6,False,False,24,0,False,False
2959,188061.8,19.67302007644483,51,inf,inf,2,False,False,0,6,False,False,23,0,False,False
2960,188062.0,19.546228684504147,51,0.211461391299963,0.211461391299963,2,False,True,0,6,False,False,23,0,False,False
2961,188062.2,19.452528734629066,51,0.09936847910284996,0.09936847910284996,2,False,True,0,6,False,False,23,0,False,False
2962,188062.4,19.383736935218874,54,4.643248975973857,2.6554056322924517,2,False,True,0,6,False,False,23,0,False,False
2963,188062.6,19.23835347057758,58,5.480499050953977,3.001441073776333,2,False,True,0,6,False,False,23,0,False,False
2964,188062.8,19.041705087699217,62,5.909951755795851,3.091355768911086,2,False,True,0,6,False,False,23,0,False,False
2965,188063.0,18.895713534737787,65,4.045013701653307,2.4255350513307117,2,False,True,0,6,False,False,23,0,False,False
2966,188063.2,18.704064841770368,69,6.0804136577418975,3.1464619719973426,2,False,True,0,6,False,False,23,0,False,False
2967,188063.4,18.570268586647693,72,3.8377355520478105,2.317491676931877,2,False,True,0,6,False,False,23,0,False,False
2968,188063.6,18.34012170793927,77,5.83143445486837,2.8568965199568885,2,False,True,0,6,False,False,23,0,False,False
2969,188063.8,18.042588458357994,78,6.016143247315549,2.8458482389107065,2,False,True,0,6,False,False,23,0,False,False
2970,188064.0,17.67977052760646,80,6.041692580175421,2.8394008666408608,2,False,True,0,6,False,False,23,0,False,False
2971,188064.2,17.828510844068784,83,13.326672455851636,3.653604932506804,2,False,True,0,0,True,False,23,0,False,False
2972,188064.4,14.621637109961487,85,6.494873395719508,2.8893988378377475,13,True,True,0,6,False,False,23,0,False,False
2973,188064.6,12.961610029586284,89,6.490684145088202,2.887403997163093,2,False,True,0,6,False,False,24,0,False,False
2974,188064.8,16.326603823934178,91,6.501142188245179,2.89283325287706,2,False,True,0,0,True,False,30,0,False,False
2975,188065.0,13.198249547424453,88,2.6298501503381995,1.6593789293096346,5,True,True,0,6,False,False,31,0,False,False
2976,188065.2,11.50616137965591,90,3.2242161628634256,2.3257750285353196,3,False,True,0,6,False,False,34,0,False,False
2977,188065.4,10.270263476901512,93,6.515328477413204,2.827395859119038,4,False,True,0,6,False,False,38,0,False,False
2978,188065.6,8.795299163181884,96,6.440358953794258,2.68666174461633,3,False,True,0,6,False,False,42,0,False,False
2979,188065.8,19.77954395679671,100,6.366181479644011,2.608937576883646,3,False,True,0,0,True,False,46,0,False,False
2980,188066.0,16.975451172147814,104,2.8719358974029956,1.910286038791154,21,True,True,0,6,False,False,50,0,False,False
2981,188066.2,15.579701174316355,108,3.155669976031561,1.989855527001276,4,False,True,0,6,False,False,54,0,False,False
2982,188066.4,14.584946327294254,112,3.4459769439490135,2.0606588549378073,4,False,True,0,6,False,False,58,0,False,False
2983,188066.6,13.839133855043348,116,3.6878065851369786,2.1238080039671217,4,False,True,0,6,False,False,62,0,False,False
2984,188066.8,13.252475042672273,121,3.796096908945628,2.15845451006024,4,False,True,0,6,False,False,67,0,False,False
2985,188067.0,12.656159369142614,125,4.054701531149171,2.190359001706374,5,False,True,0,6,False,False,71,0,False,False
2986,188067.2,12.309792384091592,129,4.281718437078307,2.2830198126046777,4,False,True,0,6,False,False,75,0,False,False
2987,188067.4,11.963584406746472,131,8.40274797947476,3.357503363462097,5,True,True,0,6,False,False,79,0,False,False
2988,188067.6,11.779497348964314,132,8.379918568385003,3.322773498293346,7,True,True,0,6,False,False,83,0,False,False
2989,188067.8,18.467574973495175,134,8.254669318001465,3.2380967003441405,7,True,True,0,0,True,False,87,0,False,False
2990,188068.0,14.828436991503224,137,6.643542694686606,3.018470464422744,22,True,True,0,6,False,False,91,0,False,False
2991,188068.2,13.935486553974863,139,6.850262929634311,2.9963127098978224,5,False,True,0,6,False,False,95,0,False,False
2992,188068.4,17.551520378957832,142,6.866262974563151,2.992120684593975,5,False,True,0,0,True,False,99,0,False,False
2993,188068.6,14.68689427891789,142,5.934700664464107,2.778789243201895,16,True,True,0,6,False,False,103,0,False,False
2994,188068.8,14.369173716005925,143,6.566319661234972,2.935918410602471,4,False,True,0,6,False,False,107,0,False,False
2995,188069.0,14.10888318914472,141,5.416368464375462,2.5941902997693633,5,False,True,0,6,False,False,109,0,False,False
2996,188069.2,14.083827738340572,136,2.3521324638325054,1.6979826705312766,5,True,True,0,6,False,False,110,0,False,False
2997,188069.4,14.235602835186864,133,3.125182007687022,1.9113402495544203,4,False,True,0,6,False,False,113,0,False,False
2998,188069.6,14.420165985908065,127,3.5238075479865074,2.2108124714088997,3,False,True,0,6,False,False,113,0,False,False
2999,188069.8,14.626497050466822,121,3.8200198635458946,2.301862046725166,3,False,True,0,6,False,False,107,0,False,False
3000,188070.0,14.87929084710441,120,4.021562743932009,2.365119285937152,3,True,True,0,6,False,False,106,0,False,False
3001,188070.2,15.120990252667513,117,4.105849269777536,2.3949219544289724,4,True,True,0,6,False,False,103,0,False,False
3002,188070.4,15.352326748589011,113,3.1876427121460438,2.1066907105734156,4,True,True,0,6,False,False,99,0,False,False
3003,188070.6,15.579884448626272,112,1.4261101127880742,1.156917737835299,4,True,True,0,6,False,False,95,0,False,False
3004,188070.8,15.761520528345569,111,1.360889471989471,1.0341542373657002,5,True,True,0,6,False,False,91,0,False,False
3005,188071.0,15.817544119273304,110,1.6020321205805836,1.2834923254704638,5,True,True,0,6,False,False,87,0,False,False
3006,188071.2,15.688862001985433,110,5.642726446834727,2.227490771896909,5,True,True,0,6,False,False,83,0,False,False
3007,188071.4,15.350268546490685,111,5.5435684308889055,2.3284678693339997,2,False,True,0,6,False,False,79,0,False,False
3008,188071.6,14.886731376110534,112,5.302747788345404,2.2541302836796766,2,False,True,0,6,False,False,75,0,False,False
3009,188071.8,14.350102094482349,113,5.042139230206375,2.1846293298495563,2,False,True,0,6,False,False,71,0,False,False
3010,188072.0,13.886817816625225,115,5.050599176414863,2.427294399449364,2,False,True,0,6,False,False,67,0,False,False
3011,188072.2,13.453547097684554,117,4.918164509990127,2.3963798652251898,2,False,True,0,6,False,False,63,0,False,False
3012,188072.4,13.039802312021884,118,4.766952400036908,2.369755478239284,2,False,True,0,6,False,False,59,0,False,False
3013,188072.6,12.61057509902875,119,4.712675351680189,2.360608986203042,2,False,True,0,6,False,False,55,0,False,False
3014,188072.8,12.173760693507505,119,4.625974688697226,2.3309626225288316,2,False,True,0,6,False,False,51,0,False,False
3015,188073.0,11.722039459322332,119,4.59448288346786,2.2903546004385062,4,True,True,0,6,False,False,47,0,False,False
3016,188073.2,11.400672198184019,119,4.543616536825897,2.3038563773026173,2,False,True,0,6,False,False,43,0,False,False
3017,188073.4,11.125769742546044,119,4.551453989397969,2.3352192093385047,2,False,True,0,6,False,False,39,0,False,False
3018,188073.6,10.78595748608223,119,3.3774000113448555,1.7842359650292732,2,False,True,0,6,False,False,36,0,False,False
3019,188073.8,10.539091201154587,119,4.614269184333568,2.365038684394692,2,False,True,0,6,False,False,34,0,False,False
3020,188074.0,10.303997389343321,122,4.6131165732498145,2.3494452757142943,2,False,True,0,6,False,False,34,0,False,False
3021,188074.2,10.098902963712987,127,4.617211625047879,2.317219945933733,2,False,True,0,6,False,False,35,0,False,False
3022,188074.4,9.914170460372759,130,4.6752637480925525,2.301178390327215,2,False,True,0,6,False,False,34,0,False,False
3023,188074.6,9.763447333503303,136,4.7886233762464965,2.320271611752398,2,False,True,0,6,False,False,36,0,False,False
3024,188074.8,9.65783586611887,142,4.8833092650557886,2.3386181827297494,2,False,True,0,6,False,False,38,0,False,False
3025,188075.0,9.604817506984583,148,4.864996821808837,2.360326586519371,2,False,True,0,6,False,False,40,0,False,False
3026,188075.2,9.596227804949283,153,5.351278217895925,2.686778201491151,2,False,True,0,6,False,False,41,0,False,False
3027,188075.4,9.516830343206559,159,4.89676400503918,2.423372163500798,2,False,True,0,6,False,False,43,0,False,False
3028,188075.6,9.45484343216627,162,4.938687221419274,2.461975776374709,2,False,True,0,6,False,False,46,0,False,False
3029,188075.8,9.391888401444065,165,4.864289476538359,2.41612356077595,2,False,True,0,6,False,False,49,0,False,False
3030,188076.0,9.33506583845733,168,4.958067135160367,2.4041776087233773,2,True,True,0,6,False,False,52,0,False,False
3031,188076.2,9.298240784139708,170,3.791674085583078,2.1392833666877884,2,True,True,0,6,False,False,55,0,False,False
3032,188076.4,9.256089969389103,171,3.7205235389579725,2.109625087754407,3,True,True,0,6,False,False,58,0,False,False
3033,188076.6,9.24151042096717,172,3.633831283320226,2.1067722995084277,3,False,True,0,6,False,False,61,0,False,False
3034,188076.8,9.243942264430954,173,3.6573204414652083,2.096780551134693,2,True,True,0,6,False,False,67,0,False,False
3035,188077.0,9.249437945688765,173,3.5468221235632242,2.087248542431566,3,True,True,0,6,False,False,73,0,False,False
3036,188077.2,9.245373717583613,173,3.5184395902487955,2.074654725479164,4,True,True,0,6,False,False,79,0,False,False
3037,188077.4,9.253636324905806,173,3.484548246566774,2.0525220257349,4,True,True,0,6,False,False,85,0,False,False
3038,188077.6,9.26080150603729,173,3.4326261324148986,2.031092029067661,4,True,True,0,6,False,False,91,0,False,False
3039,188077.8,9.251512682730924,173,3.4934349378040594,2.049140556971078,5,True,True,0,6,False,False,97,0,False,False
3040,188078.0,9.234173890889414,173,3.588481988118208,2.0702534885569515,5,True,True,0,6,False,False,103,0,False,False
3041,188078.2,9.22505406059256,173,3.587672058729285,2.082559844035957,5,True,True,0,6,False,False,109,0,False,False
3042,188078.4,9.155875568723072,171,2.181349923227048,1.6589398173350511,5,True,True,0,6,False,False,113,0,False,False
3043,188078.6,9.181314216611492,171,3.9932258722000618,2.574946073277177,5,True,True,0,6,False,False,114,0,False,False
3044,188078.8,9.148023657274852,169,2.2946877664623644,1.7827141086437082,4,True,True,0,6,False,False,113,0,False,False
3045,188079.0,9.168246320482867,169,3.576131598849207,2.271275871012796,4,True,True,0,6,False,False,113,0,False,False
3046,188079.2,9.140587595546016,169,3.517475637216155,2.210699014348301,4,True,True,0,6,False,False,113,0,False,False
3047,188079.4,9.069952281650547,169,3.620688579245091,2.2366254589000065,5,False,True,0,6,False,False,113,0,False,False
3048,188079.6,8.975666423538252,169,3.666092552331154,2.2562724240293877,4,True,True,0,6,False,False,113,0,False,False
3049,188079.8,8.85572594615063,169,3.7703364156389894,2.243327353382889,4,True,True,0,6,False,False,113,0,False,False
3050,188080.0,8.709481198245761,169,3.8595760274513897,2.2708087032354403,4,True,True,0,6,False,False,113,0,False,False
3051,188080.2,8.547314546708458,170,4.001099687382701,2.3190665950825267,4,True,True,0,6,False,False,114,0,False,False
3052,188080.4,8.3806289317399,170,4.15363260629995,2.4030177173359233,4,False,True,0,6,False,False,114,0,False,False
3053,188080.6,8.205259863749491,170,4.255293906281657,2.4586446022939814,4,False,True,0,6,False,False,113,0,False,False
3054,188080.8,8.024698494536503,170,4.388124597733131,2.487360172721358,4,False,True,0,6,False,False,112,0,False,False
3055,188081.0,7.877689445409766,169,4.781429791835057,2.576425607755019,4,False,True,0,6,False,False,111,0,False,False
3056,188081.2,7.753821325293625,168,4.847767179078136,2.626480417610078,4,False,True,0,6,False,False,110,0,False,False
3057,188081.4,7.632066649570747,167,5.081682082248245,2.6543009005227844,4,False,True,0,6,False,False,109,0,False,False
3058,188081.6,7.512686949341344,166,5.232187777266994,2.671581304411817,4,False,True,0,6,False,False,108,0,False,False
3059,188081.8,7.385993554026386,165,5.373576059136759,2.7016126327637067,4,False,True,0,6,False,False,104,0,False,False
3060,188082.0,7.219466978776672,165,5.3030110057766136,2.7240629577830955,4,False,True,0,6,False,False,100,0,False,False
3061,188082.2,7.109638068945046,164,5.534771230869277,2.707360407517776,5,False,True,0,6,False,False,96,0,False,False
3062,188082.4,7.068589108044782,163,5.570675696357579,2.5794290417338197,4,False,True,0,6,False,False,93,0,False,False
3063,188082.6,6.97399843169812,162,5.660320466732481,2.6060788445880734,4,False,True,0,6,False,False,90,0,False,False
3064,188082.8,6.828656487502217,161,6.207012675319901,2.8932430841145016,4,False,True,0,6,False,False,87,0,False,False
3065,188083.0,6.508372438733806,159,2.9425984616793572,1.945614636923751,4,False,True,0,6,False,False,84,0,False,False
3066,188083.2,6.210796785074211,159,5.849312318853797,2.7211382613708426,5,False,True,0,6,False,False,82,0,False,False
3067,188083.4,5.929277337854453,161,5.839971683616509,2.7300681640539426,5,False,True,0,6,False,False,82,0,False,False
3068,188083.6,5.66848558540815,162,5.760233405481417,2.7144364171719637,5,False,True,0,6,False,False,84,0,False,False
3069,188083.8,5.450115092360818,164,5.561024236594518,2.662212075677156,5,False,True,0,6,False,False,87,0,False,False
3070,188084.0,5.262249186385713,164,5.5209262232003065,2.686899657897551,4,False,True,0,6,False,False,89,0,False,False
3071,188084.2,5.094109156980453,162,1.5206242621392416,1.307940749920449,4,False,True,0,6,False,False,90,0,False,False
3072,188084.4,5.008002184077891,156,1.3238428495824337,1.2756588863638436,4,False,True,0,6,False,False,88,0,False,False
3073,188084.6,4.938937785433683,154,1.7001978047748263,1.5465948836244994,4,True,True,0,6,False,False,89,0,False,False
3074,188084.8,4.797510976489385,152,1.703516433762036,1.52855411084588,5,False,True,0,6,False,False,90,0,False,False
3075,188085.0,4.645745343394724,150,1.5220343733740243,1.3278404604277265,5,False,True,0,6,False,False,91,0,False,False
3076,188085.2,4.42751836536524,146,1.6220983340889603,1.390383593936631,5,True,True,0,6,False,False,91,0,False,False
3077,188085.4,4.222406405682737,143,1.419201279952846,1.22551452085918,5,False,True,0,6,False,False,91,0,False,False
3078,188085.6,3.9974893932999924,141,1.4818670480368525,1.177958696080185,4,True,True,0,6,False,False,91,0,False,False
3079,188085.8,3.8994512374907817,136,1.5932348942098926,1.2049819356906468,5,True,True,0,6,False,False,89,0,False,False
3080,188086.0,3.874749815987915,134,1.858534359645287,1.4584473729794254,5,True,True,0,6,False,False,89,0,False,False
3081,188086.2,3.810286688476791,130,2.2199605505113182,1.8892157957984472,4,False,True,0,6,False,False,88,0,False,False
3082,188086.4,3.6801045546780204,128,1.3661733138099794,1.3420216621939587,4,False,True,0,6,False,False,88,0,False,False
3083,188086.6,3.5067892307703747,126,1.2073152547690795,1.2073152547690795,4,False,True,0,6,False,False,88,0,False,False
3084,188086.8,3.427403628464204,122,0.8381601150605136,0.8381601150605136,4,False,True,0,6,False,False,86,0,False,False
3085,188087.0,3.2785486829166444,119,1.864821166943113,1.5732989478543355,3,False,True,0,6,False,False,85,0,False,False
3086,188087.2,3.024572859172301,118,1.8157868027064727,1.50017361423457,3,False,True,0,6,False,False,85,0,False,False
3087,188087.4,2.688477694019029,117,1.7345963331171033,1.4659131029044177,3,False,True,0,6,False,False,84,0,False,False
3088,188087.6,2.3219076684826554,116,1.505303207460867,1.3389061873069334,3,False,True,0,6,False,False,83,0,False,False
3089,188087.8,2.0194838372098576,114,1.4811332538911797,1.362031734014076,3,False,True,0,6,False,False,81,0,False,False
3090,188088.0,1.7825982782039649,112,1.1310698025626262,1.0737523013107275,3,False,True,0,6,False,False,79,0,False,False
3091,188088.2,1.7496185384915646,108,1.1587941301897207,1.1361653387148858,4,True,True,0,6,False,False,77,0,False,False
3092,188088.4,1.788151944279199,103,0.7792676092677098,0.7792676092677098,5,True,True,0,6,False,False,74,0,False,False
3093,188088.6,1.7948744774459062,101,1.6691495900626745,1.4467120198873151,4,True,True,0,6,False,False,73,0,False,False
3094,188088.8,1.7811981134886856,100,3.6334468374349633,1.982530621353394,4,True,True,0,6,False,False,72,0,False,False
3095,188089.0,1.7294773241489843,99,3.354121194646486,1.8688781734396926,3,False,True,0,6,False,False,71,0,False,False
3096,188089.2,1.6679943166182734,100,3.27631978030949,1.81361522775178,3,False,True,0,6,False,False,71,0,False,False
3097,188089.4,1.6239693857723507,105,3.241917018050159,1.7793991999318206,3,False,True,0,6,False,False,74,0,False,False
3098,188089.6,1.6037920081417638,106,3.2582385002820007,1.7654595901860384,3,False,True,0,6,False,False,74,0,False,False
3099,188089.8,1.6103393706556683,107,3.1977903033009367,1.7104234551987982,3,True,True,0,6,False,False,74,0,False,False
3100,188090.0,1.6321643816241351,108,2.9463347195876155,1.6545660334522792,3,True,True,0,6,False,False,74,0,False,False
3101,188090.2,1.616599679318155,111,3.017089024323265,1.6643722071710036,3,False,True,0,6,False,False,75,0,False,False
3102,188090.4,1.6301968117811494,113,3.446112083356593,1.914512100108462,3,True,True,0,6,False,False,76,0,False,False
3103,188090.6,1.5869186889134008,111,1.5349929145016343,1.3453759540185,3,False,True,0,6,False,False,75,0,False,False
3104,188090.8,1.559306978788848,114,1.49995016309367,1.2886816762160653,3,True,True,0,6,False,False,78,0,False,False
3105,188091.0,1.5216210309018507,116,3.4375883808649226,1.9610925724797743,3,False,True,0,6,False,False,79,0,False,False
3106,188091.2,1.4855566881136808,120,3.567483186690673,1.9921109945488666,3,True,True,0,6,False,False,81,0,False,False
3107,188091.4,1.4270709974613223,122,3.3968607391197936,1.923444280367083,2,True,True,0,6,False,False,82,0,False,False
3108,188091.6,1.380118617364932,124,3.4044875080208685,1.9016951674542006,4,True,True,0,6,False,False,83,0,False,False
3109,188091.8,1.3451158445990696,128,3.340118393553971,1.8511569964872787,4,True,True,0,6,False,False,86,0,False,False
3110,188092.0,1.300904280264317,130,3.24643019687112,1.768780960684128,4,True,True,0,6,False,False,88,0,False,False
3111,188092.2,1.2510033566665302,131,3.0092319870966406,1.6869676430012865,4,False,True,0,6,False,False,89,0,False,False
3112,188092.4,1.2167309218016407,132,2.7372575907118497,1.612968672870426,3,True,True,0,6,False,False,90,0,False,False
3113,188092.6,1.1998905927406534,134,4.159986902575549,2.2279781627468793,4,True,True,0,6,False,False,91,0,False,False
3114,188092.8,1.1866900120236497,137,3.953659060931443,2.1790796342886787,4,True,True,0,6,False,False,93,0,False,False
3115,188093.0,1.191243739238272,141,3.5646183218998426,2.0878030742353615,4,True,True,0,6,False,False,95,0,False,False
3116,188093.2,1.2357068900326516,145,3.2540739747991285,2.014561284671727,3,False,True,0,6,False,False,96,0,False,False
3117,188093.4,1.2998470621010982,150,3.1242469007248332,1.9200931199636946,3,False,True,0,6,False,False,99,0,False,False
3118,188093.6,1.3261534969638604,151,2.3756376320860237,1.407755194947815,3,False,True,0,6,False,False,100,0,False,False
3119,188093.8,1.3794498501560923,151,2.4005824915857206,1.4077349778379082,3,False,True,0,6,False,False,101,0,False,False
3120,188094.0,1.415389199488264,151,2.4047192153329644,1.4333795466188328,3,True,True,0,6,False,False,102,0,False,False
3121,188094.2,1.45002661971163,151,2.5244902939244533,1.5087984445949885,4,True,True,0,6,False,False,103,0,False,False
3122,188094.4,1.4955751127422157,151,2.7344236108993707,1.6868945363741348,2,True,True,0,6,False,False,104,0,False,False
3123,188094.6,1.5260660641001251,151,2.6710756771309003,1.7053639617829908,3,True,True,0,6,False,False,105,0,False,False
3124,188094.8,1.467372946735862,151,2.580294002546229,1.6702741650009676,3,True,True,0,6,False,False,105,0,False,False
3125,188095.0,1.4410572179619163,151,2.1990090116652414,1.565677291514463,3,False,True,0,6,False,False,105,0,False,False
3126,188095.2,1.4058737425128487,151,1.396402393988181,1.391718265100175,4,True,True,0,6,False,False,104,0,False,False
3127,188095.4,1.372058742683136,151,1.34242173930175,1.334727416329748,4,True,True,0,6,False,False,103,0,False,False
3128,188095.6,1.3361834808189998,155,2.0943745022746807,1.6441625496031227,4,True,True,0,6,False,False,104,0,False,False
3129,188095.8,1.295874759110487,157,2.141837933427732,1.6505759955570911,3,True,True,0,6,False,False,103,0,False,False
3130,188096.0,1.2546399568892572,158,1.4684156949824565,1.3487062172420774,3,False,True,0,6,False,False,102,0,False,False
3131,188096.2,1.2045232111530124,159,1.5124491303821181,1.380904765560458,3,True,True,0,6,False,False,101,0,False,False
3132,188096.4,1.1468955095232143,160,1.4023331647000234,1.3065919661026149,4,True,True,0,6,False,False,100,0,False,False
3133,188096.6,1.0810520504290615,160,1.449916995200045,1.4063854918608554,4,True,True,0,6,False,False,99,0,False,False
3134,188096.8,1.0258101458390805,160,1.9459466577723312,1.6857676876643815,4,True,True,0,6,False,False,98,0,False,False
3135,188097.0,0.9993158636056617,160,1.657565178689664,1.5558062619979798,4,True,True,0,6,False,False,97,0,False,False
3136,188097.2,1.013040460056131,160,1.411963558806392,1.3966648605988863,4,True,True,0,6,False,False,96,0,False,False
3137,188097.4,1.0606793268631847,160,1.156289018432329,1.156289018432329,5,True,True,0,6,False,False,95,0,False,False
3138,188097.6,1.1172230595279948,159,0.9043292852525061,0.9043292852525061,6,True,True,0,6,False,False,94,0,False,False
3139,188097.8,1.1759789163858525,158,0.8306006957878516,0.8306006957878516,6,True,True,0,6,False,False,93,0,False,False
3140,188098.0,1.2349692614197254,157,0.7851031077145777,0.7851031077145777,6,True,True,0,6,False,False,92,0,False,False
3141,188098.2,1.2666553366194988,156,0.6482133429331137,0.6482133429331137,6,True,True,0,6,False,False,91,0,False,False
3142,188098.4,1.2877176672367783,155,0.5736201326062301,0.5736201326062301,5,True,True,0,6,False,False,89,0,False,False
3143,188098.6,1.3122904135892322,155,0.47073385900686704,0.47073385900686704,5,True,True,0,6,False,False,87,0,False,False
3144,188098.8,1.339737008514415,155,0.5335619061596992,0.5335619061596992,5,True,True,0,6,False,False,85,0,False,False
3145,188099.0,1.3414529455453783,155,0.7114196917444022,0.7114196917444022,5,True,True,0,6,False,False,83,0,False,False
3146,188099.2,1.3307982861131455,155,0.7723192380145006,0.7723192380145006,5,True,True,0,6,False,False,81,0,False,False
3147,188099.4,1.3056743609257437,155,0.751693201475826,0.751693201475826,5,True,True,0,6,False,False,80,0,False,False
3148,188099.6,1.2635178128860634,155,0.6138250040928932,0.6138250040928932,5,True,True,0,6,False,False,79,0,False,False
3149,188099.8,1.2182829702427724,155,0.5550778044026452,0.5550778044026452,5,True,True,0,6,False,False,79,0,False,False
3150,188100.0,1.1814721190517183,155,0.6070917504922266,0.6070917504922266,5,True,True,0,6,False,False,79,0,False,False
3151,188100.2,1.1166196642823092,155,0.6070232369842226,0.6070232369842226,5,True,True,0,6,False,False,80,0,False,False
3152,188100.4,1.0465233861774874,155,0.6617727677537731,0.6617727677537731,5,True,True,0,6,False,False,82,0,False,False
3153,188100.6,0.9907731187246097,154,0.6184706354512,0.6184706354512,5,True,True,0,6,False,False,84,0,False,False
3154,188100.8,0.9682503940402909,152,0.4996680751008113,0.4996680751008113,5,True,True,0,6,False,False,86,0,False,False
3155,188101.0,1.0625874275869527,147,0.7573738058592752,0.7573738058592752,4,True,True,0,6,False,False,85,0,False,False
3156,188101.2,1.2639504263484864,143,0.3852556944566363,0.3852556944566363,4,True,True,0,6,False,False,85,0,False,False
3157,188101.4,1.5106368875706087,138,0.8671211803225196,0.8671211803225196,4,True,True,0,6,False,False,84,0,False,False
3158,188101.6,1.8433653488125838,133,0.39466142654418945,0.39466142654418945,4,True,True,0,6,False,False,82,0,False,False
3159,188101.8,2.078423534393024,131,1.3359504377619944,1.2134956060199313,3,False,True,0,6,False,False,82,0,False,False
3160,188102.0,2.2614142684231564,127,2.1905872284860233,1.7976811683363398,3,False,True,0,6,False,False,79,0,False,False
3161,188102.2,2.5573387922268607,123,1.3536123883771083,1.2835492178831949,2,False,True,0,6,False,False,78,0,False,False
3162,188102.4,2.6612009409983397,119,1.354193394309665,1.2990122459996307,3,True,True,0,6,False,False,77,0,False,False
3163,188102.6,2.248490280764386,118,1.6898448925595182,1.3559697029767575,3,False,True,0,6,False,False,75,0,False,False
3164,188102.8,1.8322021484973094,115,1.0829749843807155,1.0829749843807155,3,False,True,0,6,False,False,73,0,False,False
3165,188103.0,1.8037350788446789,111,1.0875955833607327,1.0875955833607327,3,False,True,0,6,False,False,70,0,False,False
3166,188103.2,2.082402568777452,107,1.1401967279822565,1.1401967279822565,3,False,True,0,6,False,False,67,0,False,False
3167,188103.4,2.42605940107651,102,3.316260624676943,2.3540659287835646,3,False,True,0,6,False,False,64,0,False,False
3168,188103.6,2.7589183723451716,102,2.332524779525592,1.4272750118628938,2,False,True,0,6,False,False,62,0,False,False
3169,188103.8,2.9202745340873806,102,2.3991058786798343,1.4176824059141149,2,False,True,0,6,False,False,60,0,False,False
3170,188104.0,2.893366357550719,102,2.338372504012361,1.4798124895605196,2,False,True,0,6,False,False,58,0,False,False
3171,188104.2,2.766473678423828,102,2.628305403885544,1.6366671118853993,2,False,True,0,6,False,False,56,0,False,False
3172,188104.4,2.6399492216814124,102,2.603315108072799,1.740561194401731,2,False,True,0,6,False,False,53,0,False,False
3173,188104.6,2.542039876332974,102,2.3957626463669857,1.6566672491532821,2,False,True,0,6,False,False,50,0,False,False
3174,188104.8,2.4382455501407656,102,2.0673155952073947,1.4780465835516636,2,False,True,0,6,False,False,47,0,False,False
3175,188105.0,2.382131574580238,102,1.9733340797462795,1.4249522239933186,2,False,True,0,6,False,False,44,0,False,False
3176,188105.2,2.3716387081633434,102,1.7942557903115148,1.334940216520327,2,False,True,0,6,False,False,41,0,False,False
3177,188105.4,2.376701656448534,101,1.7416363356696738,1.3924150698427944,3,False,True,0,6,False,False,37,0,False,False
3178,188105.6,2.481014882527773,101,1.3256576149596002,1.211295618369071,3,False,True,0,6,False,False,33,0,False,False
3179,188105.8,2.611507266882928,102,1.1600195106147064,1.1169486343510207,2,False,True,0,6,False,False,29,0,False,False
3180,188106.0,2.762759906581985,106,1.040291986823595,1.040291986823595,3,True,True,0,6,False,False,29,0,False,False
3181,188106.2,2.9327236974743967,110,6.39466628572962,2.4461111986142647,2,False,True,0,6,False,False,28,0,False,False
3182,188106.4,3.0026949315270124,114,1.0350392886083333,1.024900949828777,2,False,True,0,6,False,False,32,0,False,False
3183,188106.6,3.0577640897315397,118,1.2534036983560586,1.2281453088965102,3,False,True,0,6,False,False,36,0,False,False
3184,188106.8,3.1105501906817894,122,6.0996162688544135,2.448559220930764,3,False,True,0,6,False,False,39,0,False,False
3185,188107.0,3.1476262092072185,126,1.0630628528797401,1.0630628528797401,3,False,True,0,6,False,False,45,0,False,False
3186,188107.2,3.1860301482262097,130,1.0047356301291035,1.0047356301291035,3,False,True,0,6,False,False,49,0,False,False
3187,188107.4,3.223387028598831,134,0.9896356485332544,0.9896356485332544,3,False,True,0,6,False,False,53,0,False,False
3188,188107.6,3.252442204618694,137,6.73976260597446,2.4695149369144165,3,False,True,0,6,False,False,58,0,False,False
3189,188107.8,3.2285512931969342,142,7.180668016042808,2.531983541317428,6,True,True,0,6,False,False,63,0,False,False
3190,188108.0,3.190650831337008,146,0.9815869476043907,0.9770080363314567,6,True,True,0,6,False,False,69,0,False,False
3191,188108.2,3.237095563333298,149,0.801155109480316,0.7757732646234639,6,True,True,0,6,False,False,74,0,False,False
3192,188108.4,3.2491017203308705,152,0.9597083018823923,0.9597083018823923,6,True,True,0,6,False,False,78,0,False,False
3193,188108.6,3.2027174852780393,149,0.9877785398493809,0.9877785398493809,3,True,True,0,6,False,False,80,0,False,False
3194,188108.8,3.2217746304575745,147,1.1972932367641125,1.1956705969438235,4,True,True,0,6,False,False,83,0,False,False
3195,188109.0,3.23022280806093,146,0.9025632615506322,0.9025632615506322,5,True,True,0,6,False,False,87,0,False,False
3196,188109.2,3.1860845846267107,143,0.6390500429247565,0.6390500429247565,5,True,True,0,6,False,False,88,0,False,False
3197,188109.4,3.1510206367043345,142,0.91357026182806,0.91357026182806,5,True,True,0,6,False,False,92,0,False,False
3198,188109.6,3.1980349250582605,138,0.7422980584122142,0.7422980584122142,5,True,True,0,6,False,False,93,0,False,False
3199,188109.8,3.3140453500091342,134,0.9424298219025486,0.9424298219025486,5,True,True,0,6,False,False,94,0,False,False
3200,188110.0,3.4649475624062265,129,1.403143435716629,1.403143435716629,4,True,True,0,6,False,False,94,0,False,False
3201,188110.2,3.64186650788184,125,1.4945143430719956,1.3653978465821621,4,True,True,0,6,False,False,95,0,False,False
3202,188110.4,3.695877072046802,121,2.183052387088537,1.7817594659908174,5,True,True,0,6,False,False,95,0,False,False
3203,188110.6,3.597996435200946,120,1.7420520793093666,1.4799169749593468,3,False,True,0,6,False,False,96,0,False,False
3204,188110.8,3.493794008676557,120,1.1036677525583183,1.0102155435609936,3,False,True,0,6,False,False,97,0,False,False
3205,188111.0,3.412289620682407,120,1.11721749600231,1.0380461152518752,3,False,True,0,6,False,False,97,0,False,False
3206,188111.2,3.3784625568048026,119,1.0421926615498718,0.9752691982194465,3,False,True,0,6,False,False,97,0,False,False
3207,188111.4,3.389342159906058,119,0.9751291653022074,0.9186108931268913,3,False,True,0,6,False,False,93,0,False,False
3208,188111.6,3.4048984791848005,120,0.9853622283253715,0.9216331523461507,2,False,True,0,6,False,False,90,0,False,False
3209,188111.8,3.4403455917245758,118,0.9877443338328695,0.9200618254444388,3,False,True,0,6,False,False,86,0,False,False
3210,188112.0,3.4789120708569814,118,0.9458952570792362,0.8917670159663309,3,False,True,0,6,False,False,82,0,False,False
3211,188112.2,3.5352629800247195,118,0.7884859863111244,0.7867620405021263,3,False,True,0,6,False,False,78,0,False,False
3212,188112.4,3.575931800001567,118,0.6927366298127975,0.6927366298127975,4,True,True,0,6,False,False,78,0,False,False
3213,188112.6,3.6231350075544793,115,0.47429280694553805,0.47429280694553805,4,True,True,0,6,False,False,77,0,False,False
3214,188112.8,3.6178743360445886,113,0.5498163420399615,0.5498163420399615,5,True,True,0,6,False,False,76,0,False,False
3215,188113.0,3.5910567851651116,113,0.44564007342021705,0.44564007342021705,5,True,True,0,6,False,False,75,0,False,False
3216,188113.2,3.5758737646270498,112,0.3421560566909377,0.3421560566909377,5,True,True,0,6,False,False,73,0,False,False
3217,188113.4,3.4525667790933765,113,0.4997724760929421,0.4997724760929421,5,True,True,0,6,False,False,73,0,False,False
3218,188113.6,3.3415860023495525,116,0.6554671663813659,0.6554671663813659,4,True,True,0,6,False,False,75,0,False,False
3219,188113.8,3.1932599722938377,114,0.6799040557918373,0.6799040557918373,5,True,True,0,6,False,False,72,0,False,False
3220,188114.0,3.076505697743429,115,0.7780533330666406,0.7780533330666406,5,True,True,0,6,False,False,69,0,False,False
3221,188114.2,2.9679756676179476,118,0.7066272885922679,0.7066272885922679,5,True,True,0,6,False,False,69,0,False,False
3222,188114.4,2.8714839185956533,119,0.7169817794190642,0.7169817794190642,5,True,True,0,6,False,False,66,0,False,False
3223,188114.6,2.823131375441683,124,6.930970075746037,2.263090256087312,5,True,True,0,6,False,False,66,0,False,False
3224,188114.8,2.761300768937681,128,7.370301637077877,2.4647897570664696,4,True,True,0,6,False,False,66,0,False,False
3225,188115.0,13.171729297566142,133,6.650317660072795,2.507492437456408,4,False,True,0,0,True,False,67,0,False,False
3226,188115.2,6.920812369282238,138,5.170437264795962,2.524312777523703,8,True,True,0,6,False,False,67,0,False,False
3227,188115.4,4.458473652833725,144,5.137119931179208,2.1199886596078428,7,True,True,0,6,False,False,68,0,False,False
3228,188115.6,3.5146388677582947,145,5.590339199437545,2.1383743728500675,6,True,True,0,6,False,False,68,0,False,False
3229,188115.8,3.1927044971464267,144,5.745304069355504,2.339200795921194,6,True,True,0,6,False,False,68,0,False,False
3230,188116.0,3.087960020173591,145,4.378039848956499,1.8557122192536437,5,True,True,0,6,False,False,68,0,False,False
3231,188116.2,2.915590860928282,143,0.3981803265403293,0.3981803265403293,4,True,True,0,6,False,False,67,0,False,False
3232,188116.4,2.7494949106532243,140,0.5172661507021719,0.5172661507021719,3,True,True,0,6,False,False,67,0,False,False
3233,188116.6,2.6124307075637057,137,0.9024038451459582,0.9024038451459582,3,True,True,0,6,False,False,67,0,False,False
3234,188116.8,2.43991598214178,133,1.001220324065551,1.001220324065551,3,True,True,0,6,False,False,66,0,False,False
3235,188117.0,2.2751377826551606,129,0.5467415347918729,0.5467415347918729,3,True,True,0,6,False,False,65,0,False,False
3236,188117.2,2.1385116919407268,125,0.592408723879891,0.592408723879891,3,False,True,0,6,False,False,64,0,False,False
3237,188117.4,2.006042747607986,121,0.04783417667965073,0.04783417667965073,3,False,True,0,6,False,False,59,0,False,False
3238,188117.6,1.9633087421404787,120,0.953630344781894,0.953630344781894,3,False,True,0,6,False,False,56,0,False,False
3239,188117.8,2.034939419609202,117,0.7973396786467823,0.7973396786467823,5,True,True,0,6,False,False,53,0,False,False
3240,188118.0,2.165622565043544,114,0.7357724849829641,0.7357724849829641,5,True,True,0,6,False,False,50,0,False,False
3241,188118.2,2.3237863560156997,113,0.37389924864181245,0.37389924864181245,5,True,True,0,6,False,False,49,0,False,False
3242,188118.4,2.466656562434273,111,0.630242188312113,0.630242188312113,5,True,True,0,6,False,False,48,0,False,False
3243,188118.6,2.6163596308611345,108,0.7283913637401079,0.7283913637401079,5,True,True,0,6,False,False,46,0,False,False
3244,188118.8,2.6932215165117483,109,0.8560959336358758,0.8560959336358758,3,False,True,0,6,False,False,48,0,False,False
3245,188119.0,2.8123183210872247,106,0.9839991717802978,0.9839991717802978,4,True,True,0,6,False,False,49,0,False,False
3246,188119.2,2.894323235005383,103,1.1497931976640863,1.1497931976640863,4,True,True,0,6,False,False,50,0,False,False
3247,188119.4,2.8064862233307446,99,0.43250808808414815,0.43250808808414815,3,False,True,0,6,False,False,50,0,False,False
3248,188119.6,2.805023309090056,95,0.6834046098541364,0.6834046098541364,3,False,True,0,6,False,False,51,0,False,False
3249,188119.8,2.842311379279034,93,0.7596527979881573,0.7596527979881573,3,True,True,0,6,False,False,52,0,False,False
3250,188120.0,2.9492800005978155,91,0.946911680772436,0.946911680772436,4,True,True,0,6,False,False,53,0,False,False
3251,188120.2,3.0621040473815047,88,1.1116587942811247,1.1116587942811247,3,True,True,0,6,False,False,54,0,False,False
3252,188120.4,3.145780548039915,85,1.291897677090694,1.2470309451199217,3,False,True,0,6,False,False,55,0,False,False
3253,188120.6,3.2681817203889425,83,1.3280230787096892,1.2827475847807868,3,False,True,0,6,False,False,56,0,False,False
3254,188120.8,3.3808295295053648,82,1.3422578482635787,1.297768858119891,3,False,True,0,6,False,False,57,0,False,False
3255,188121.0,3.5591635809589266,79,1.378943163843711,1.350297009582807,4,False,True,0,6,False,False,58,0,False,False
3256,188121.2,3.7193666797688083,79,1.0349957900444051,1.0349957900444051,4,True,True,0,6,False,False,60,0,False,False
3257,188121.4,3.8943016773396386,80,0.9923769609704756,0.9923769609704756,5,True,True,0,6,False,False,61,0,False,False
3258,188121.6,4.054511984364611,81,1.0753577779921637,1.0753577779921637,5,True,True,0,6,False,False,62,0,False,False
3259,188121.8,4.217872837573126,83,0.9989918074351916,0.9989918074351916,5,True,True,0,6,False,False,64,0,False,False
3260,188122.0,4.361451044483907,85,0.8283036323303578,0.8283036323303578,4,True,True,0,6,False,False,66,0,False,False
3261,188122.2,4.485437633377848,87,0.6976410592548694,0.6976410592548694,4,True,True,0,6,False,False,68,0,False,False
3262,188122.4,4.606498505187995,89,0.8290620272936846,0.8290620272936846,4,True,True,0,6,False,False,70,0,False,False
3263,188122.6,4.7238638094589795,89,0.9111336443179828,0.9087518383027268,4,False,True,0,6,False,False,71,0,False,False
3264,188122.8,4.834897913841772,90,0.8337924328987595,0.8337924328987595,5,True,True,0,6,False,False,72,0,False,False
3265,188123.0,4.916320524329868,91,0.8827648247755671,0.8827648247755671,5,True,True,0,6,False,False,73,0,False,False
3266,188123.2,5.007490434284152,92,0.9498023801128601,0.9498023801128601,5,True,True,0,6,False,False,74,0,False,False
3267,188123.4,5.084418692309318,93,0.8562097204651034,0.8562097204651034,5,True,True,0,6,False,False,74,0,False,False
3268,188123.6,5.131227330350152,94,0.810889642874841,0.810889642874841,5,True,True,0,6,False,False,74,0,False,False
3269,188123.8,5.169247066444481,95,0.8917161867657567,0.8917161867657567,5,True,True,0,6,False,False,74,0,False,False
3270,188124.0,5.207700779629295,95,1.353060243227713,1.231280915925579,5,True,True,0,6,False,False,73,0,False,False
3271,188124.2,5.2467862835660455,95,1.4159028988407816,1.3000418840293644,5,True,True,0,6,False,False,72,0,False,False
3272,188124.4,5.258085492625482,96,1.6984022412569835,1.5084687813497508,4,True,True,0,6,False,False,72,0,False,False
3273,188124.6,5.270100364049105,96,1.6517585936334347,1.4854654454100873,4,True,True,0,6,False,False,71,0,False,False
3274,188124.8,5.273787541656034,95,1.8299305292107375,1.5476124113705494,3,True,True,0,6,False,False,71,0,False,False
3275,188125.0,5.252724333743183,94,1.9862552126369013,1.6939876757432426,3,True,True,0,6,False,False,71,0,False,False
3276,188125.2,5.217809449400511,93,2.2367901816000733,1.8413631336835916,3,False,True,0,6,False,False,71,0,False,False
3277,188125.4,5.154539773553248,92,2.308245273184367,1.9132046150564679,3,False,True,0,6,False,False,71,0,False,False
3278,188125.6,5.083535057361949,91,2.5197821567790823,1.990612618360603,3,False,True,0,6,False,False,71,0,False,False
3279,188125.8,4.974655595034076,90,2.649978234394531,1.9285494209191412,3,False,True,0,6,False,False,71,0,False,False
3280,188126.0,4.847828260603191,89,2.54590923034687,1.8643327972580621,3,False,True,0,6,False,False,71,0,False,False
3281,188126.2,4.728491642717763,88,2.432359895734659,1.8179783740203284,4,True,True,0,6,False,False,71,0,False,False
3282,188126.4,4.598232335399212,87,2.228224622568801,1.8173010885933178,4,True,True,0,6,False,False,71,0,False,False
3283,188126.6,4.45589010013495,86,2.0998455789460486,1.6977991151535947,4,True,True,0,6,False,False,71,0,False,False
3284,188126.8,4.237735602458725,86,1.7950944488044263,1.6009633454348475,5,True,True,0,6,False,False,71,0,False,False
3285,188127.0,4.00655567154653,86,1.5988509591030802,1.5044697155481106,6,True,True,0,6,False,False,71,0,False,False
3286,188127.2,3.7367446256475887,86,1.2714869561399202,1.2714869561399202,3,False,True,0,6,False,False,71,0,False,False
3287,188127.4,3.4759229385819586,86,0.8547033678113005,0.8547033678113005,3,False,True,0,6,False,False,71,0,False,False
3288,188127.6,3.2429085635996264,86,0.6155878693816337,0.6155878693816337,3,False,True,0,6,False,False,71,0,False,False
3289,188127.8,3.00130389621705,86,0.8375381816696522,0.8375381816696522,3,False,True,0,6,False,False,71,0,False,False
3290,188128.0,2.7802319759533027,86,1.0295218423563448,0.9993917424714198,3,False,True,0,6,False,False,71,0,False,False
3291,188128.2,2.5878674864163114,86,1.1589775713424801,1.1065437932938533,3,False,True,0,6,False,False,71,0,False,False
3292,188128.4,2.3748927098188943,85,1.1917231822642875,1.1917231822642875,3,False,True,0,6,False,False,70,0,False,False
3293,188128.6,2.22163373109081,85,1.0990140303473286,1.0990140303473286,3,False,True,0,6,False,False,70,0,False,False
3294,188128.8,2.10819853203431,85,1.2342941489669426,1.2342941489669426,3,False,True,0,6,False,False,70,0,False,False
3295,188129.0,2.1212631369697514,84,0.5623289602773207,0.5623289602773207,4,False,True,0,6,False,False,70,0,False,False
3296,188129.2,2.166398924449159,83,0.9912175585082845,0.9912175585082845,5,True,True,0,6,False,False,70,0,False,False
3297,188129.4,2.41508624050948,81,1.030439056456089,1.030439056456089,5,True,True,0,6,False,False,69,0,False,False
3298,188129.6,2.724009488067736,78,inf,inf,5,True,False,0,6,False,False,67,0,False,False
3299,188129.8,3.0763552457828123,75,inf,inf,5,True,False,0,6,False,False,64,0,False,False
3300,188130.0,3.4675709058504203,72,inf,inf,4,True,False,0,6,False,False,61,0,False,False
3301,188130.2,3.6874560840267288,73,2.6311002210311836,1.9607544598435795,2,False,True,0,6,False,False,61,0,False,False
3302,188130.4,3.6679131316610643,74,2.894424925809569,2.0569570690624097,3,True,True,0,6,False,False,61,0,False,False
3303,188130.6,3.4886278872579637,75,2.4403383499340636,1.911786410645936,3,True,True,0,6,False,False,61,0,False,False
3304,188130.8,3.090573170341302,76,2.1168185349173947,1.8094775494892055,3,False,True,0,6,False,False,61,0,False,False
3305,188131.0,2.925110550160557,76,2.247237263186403,1.9340941169780692,4,True,True,0,6,False,False,60,0,False,False
3306,188131.2,2.4707215960253843,77,1.7495126321077434,1.735875949556506,4,False,True,0,6,False,False,60,0,False,False
3307,188131.4,2.4501572503137505,76,1.610409799342263,1.610409799342263,5,True,True,0,6,False,False,58,0,False,False
3308,188131.6,2.5163318159427357,77,1.2275271887182069,1.2275271887182069,4,True,True,0,6,False,False,57,0,False,False
3309,188131.8,2.5205030545380005,76,1.2916923116866095,1.2697933915286728,4,False,True,0,6,False,False,55,0,False,False
3310,188132.0,2.673159321623005,74,0.9894712230207676,0.9894712230207676,4,True,True,0,6,False,False,52,0,False,False
3311,188132.2,2.8958881634270277,70,inf,inf,4,True,False,0,6,False,False,49,0,False,False
3312,188132.4,3.1389242831048167,67,0.7987839691340923,0.7987839691340923,4,True,True,0,6,False,False,47,0,False,False
3313,188132.6,3.4413274223535564,63,inf,inf,4,True,False,0,6,False,False,44,0,False,False
3314,188132.8,3.7974743017467034,59,inf,inf,4,True,False,0,6,False,False,41,0,False,False
3315,188133.0,4.198838461455381,55,inf,inf,4,True,False,0,6,False,False,38,0,False,False
3316,188133.2,4.639565176740362,51,inf,inf,4,True,False,0,6,False,False,35,0,False,False
3317,188133.4,5.1163410756130485,48,inf,inf,4,True,False,0,6,False,False,33,0,False,False
3318,188133.6,5.631098554471168,44,inf,inf,4,True,False,0,6,False,False,30,0,False,False
3319,188133.8,6.180010128679333,40,inf,inf,4,True,False,0,6,False,False,27,0,False,False
3320,188134.0,6.760533681790218,38,inf,inf,4,True,False,0,6,False,False,25,0,False,False
3321,188134.2,7.367261238428071,36,inf,inf,4,True,False,0,6,False,False,23,0,False,False
3322,188134.4,8.001431828508249,35,inf,inf,4,True,False,0,6,False,False,22,0,False,False
3323,188134.6,8.6626554976842,35,inf,inf,4,True,False,0,6,False,False,22,0,False,False
3324,188134.8,9.35526158699142,35,inf,inf,4,True,False,0,6,False,False,22,0,False,False
3325,188135.0,10.074759917685512,35,inf,inf,4,True,False,0,6,False,False,22,0,False,False
3326,188135.2,10.237625786734593,35,8.013964638558587,3.8273695909895644,2,False,True,0,6,False,False,19,0,False,False
3327,188135.4,10.246259280779013,35,6.969821424184477,3.2595759812891067,2,False,True,0,6,False,False,16,0,False,False
3328,188135.6,10.29588723948064,36,8.383272025181816,3.3903464412752453,2,False,True,0,0,True,False,13,0,False,False
3329,188135.8,8.27819610588329,38,4.835218502263743,2.5380484430025474,12,True,True,0,6,False,False,10,0,False,False
3330,188136.0,7.036519075397648,41,4.139423653355359,2.2858797026967617,3,False,True,0,6,False,False,8,0,False,False
3331,188136.2,6.433219300174598,43,3.7024892987772193,2.1217005916480365,2,False,True,0,6,False,False,5,0,False,False
3332,188136.4,5.8739641834116885,46,2.804883817549792,1.8653702488563848,3,False,True,0,6,False,False,7,0,False,False
3333,188136.6,5.436755088921683,47,2.255857175775829,1.6752993013075563,3,False,True,0,6,False,False,8,0,False,False
3334,188136.8,5.196566307508479,49,1.727311574561743,1.4745271445714712,3,False,True,0,6,False,False,11,0,False,False
3335,188137.0,5.062482950442399,52,1.111553874902611,1.111553874902611,4,False,True,0,6,False,False,15,0,False,False
3336,188137.2,5.011927267254539,56,1.124115680859597,1.124115680859597,4,False,True,0,6,False,False,19,0,False,False
3337,188137.4,4.967164817672999,59,1.1720805575720457,1.1720805575720457,4,False,True,0,6,False,False,21,0,False,False
3338,188137.6,4.925560542158365,62,1.2951969408931239,1.2951969408931239,4,False,True,0,6,False,False,24,0,False,False
3339,188137.8,4.854643182771265,65,1.3351796504698192,1.3351796504698192,5,False,True,0,6,False,False,27,0,False,False
3340,188138.0,4.7300256997485866,69,1.1652951121045616,1.1523487624450692,5,True,True,0,6,False,False,30,0,False,False
3341,188138.2,4.531873188348977,73,1.295092423050751,1.2527580904407434,6,True,True,0,6,False,False,33,0,False,False
3342,188138.4,4.303015045788693,78,1.0263716437247419,0.9890198659812686,6,True,True,0,6,False,False,37,0,False,False
3343,188138.6,4.087731535722871,82,1.1302189452853026,1.1218005705867578,5,True,True,0,6,False,False,41,0,False,False
3344,188138.8,3.909219308116845,86,1.067192515490509,1.067192515490509,5,True,True,0,6,False,False,45,0,False,False
3345,188139.0,3.7227705957253585,90,0.9633129235524561,0.962318061113908,6,True,True,0,6,False,False,49,0,False,False
3346,188139.2,3.552548320380242,94,1.020542149075957,1.0074726490345214,5,True,True,0,6,False,False,53,0,False,False
3347,188139.4,3.406145207272303,98,1.0946404604879176,1.0946404604879176,5,True,True,0,6,False,False,57,0,False,False
3348,188139.6,3.271305128741003,102,1.1307919607084185,1.1307919607084185,5,True,True,0,6,False,False,61,0,False,False
3349,188139.8,3.138271090269445,106,1.0463965680960257,1.0463965680960257,5,True,True,0,6,False,False,65,0,False,False
3350,188140.0,3.0104445656713685,110,1.1189779754450688,1.1189779754450688,5,True,True,0,6,False,False,69,0,False,False
3351,188140.2,2.8681262942318257,110,1.1630911845137484,1.1628371505876882,5,True,True,0,6,False,False,73,0,False,False
3352,188140.4,2.6132985876568253,111,19.392472195973042,3.9548103520203175,5,True,True,0,6,False,False,77,0,False,False
3353,188140.6,3.320312370528074,111,17.277507170696982,4.0535659044941985,5,True,True,0,6,False,False,81,0,False,False
3354,188140.8,42.1032393402011,110,15.759956718468066,3.9599795389868757,11,True,True,0,0,True,False,85,0,False,False
3355,188141.0,38.7456016067441,109,5.597765449870454,2.7102377629852326,12,True,True,0,6,False,False,89,0,False,False
3356,188141.2,37.436984630361266,108,5.8822853556779595,2.5754510585657955,3,True,True,0,6,False,False,93,0,False,False
3357,188141.4,36.53971975066036,107,4.3735919226955335,2.142972363203208,3,False,True,0,6,False,False,94,0,False,False
3358,188141.6,35.816320537120504,106,4.2116253725631,2.18084570449646,3,False,True,0,6,False,False,95,0,False,False
3359,188141.8,35.36004870847822,105,4.092465358430285,2.2048151297875993,5,True,True,0,6,False,False,95,0,False,False
3360,188142.0,35.016030917840254,104,3.944901912591849,2.195734297736698,4,True,True,0,6,False,False,95,0,False,False
3361,188142.2,34.7055861666491,104,3.8761531274100056,2.111748518398727,4,True,True,0,6,False,False,95,0,False,False
3362,188142.4,34.417665968960996,104,3.8849484785137722,1.9886636578708838,3,True,True,0,6,False,False,96,0,False,False
3363,188142.6,34.134399395955434,105,3.902224820407717,2.018338899679724,3,True,True,0,6,False,False,97,0,False,False
3364,188142.8,33.86032967192928,106,3.9064884184233253,2.016328768582901,4,True,True,0,6,False,False,98,0,False,False
3365,188143.0,33.45031210378738,106,4.032121287158838,2.110163009768147,3,False,True,0,6,False,False,99,0,False,False
3366,188143.2,33.18194181652347,106,3.9925418181945136,2.0828245757192705,4,True,True,0,6,False,False,100,0,False,False
3367,188143.4,32.816854008797854,105,3.8950004278241943,2.0302649779915765,3,False,True,0,6,False,False,100,0,False,False
3368,188143.6,32.58063983800003,104,4.4781567992412254,2.34166850435318,3,True,True,0,6,False,False,99,0,False,False
3369,188143.8,32.33467391987177,104,3.870349128304743,2.0900270273792882,4,True,True,0,6,False,False,99,0,False,False
3370,188144.0,32.10461414389088,104,3.7712047171373655,2.1955492562035936,4,True,True,0,6,False,False,98,0,False,False
3371,188144.2,31.781797806212285,104,3.842408130610248,2.252177506026134,3,False,True,0,6,False,False,97,0,False,False
3372,188144.4,31.556503600040887,104,3.8531050805958933,2.239449242641546,4,True,True,0,6,False,False,96,0,False,False
3373,188144.6,31.25616864432483,104,3.6853696580505173,2.134517363286729,3,False,True,0,6,False,False,95,0,False,False
3374,188144.8,31.030342765272707,104,3.621937444101636,1.9620229656991606,3,True,True,0,6,False,False,94,0,False,False
3375,188145.0,30.819994067190756,104,3.7071182102196447,2.0463145043474413,4,True,True,0,6,False,False,93,0,False,False
3376,188145.2,30.587461143180658,103,4.204548761165757,2.2023093070207946,3,True,True,0,6,False,False,92,0,False,False
3377,188145.4,30.325197270938784,101,4.128560010769441,2.2336616436313457,3,True,True,0,6,False,False,91,0,False,False
3378,188145.6,30.07731863573617,100,3.9128254015553416,2.263285249429031,3,True,True,0,6,False,False,90,0,False,False
3379,188145.8,29.79035637118158,98,4.31944671967946,2.238897469826418,3,False,True,0,6,False,False,89,0,False,False
3380,188146.0,29.446839489764272,96,4.354703033321141,2.2039264813356,3,True,True,0,6,False,False,88,0,False,False
3381,188146.2,29.056865876228237,95,3.969752887191053,2.0440279021581285,3,False,True,0,6,False,False,87,0,False,False
3382,188146.4,28.620770588349135,96,8.042464826419199,3.265067625007605,3,False,True,0,6,False,False,86,0,False,False
3383,188146.6,28.14411133091409,97,7.890215865506186,3.209127982263221,3,False,True,0,6,False,False,85,0,False,False
3384,188146.8,31.83156148469176,99,8.177355140710324,3.308538746565616,2,True,True,0,0,True,False,84,0,False,False
3385,188147.0,26.812798054238716,101,5.429546802335139,2.6909967223395013,19,True,True,0,6,False,False,83,0,False,False
3386,188147.2,24.6951100376089,103,5.772810065394306,2.687924808576614,3,False,True,0,6,False,False,82,0,False,False
3387,188147.4,23.18815039542316,104,4.22525077799051,2.317352290031332,3,False,True,0,6,False,False,81,0,False,False
3388,188147.6,21.98288444085698,105,4.119060026091598,2.3585241406027087,3,False,True,0,6,False,False,80,0,False,False
3389,188147.8,21.270516804497575,106,3.968899481396174,2.3219897597311405,4,True,True,0,6,False,False,79,0,False,False
3390,188148.0,20.6653455398601,107,7.419458776620307,3.1669144864868297,3,False,True,0,6,False,False,78,0,False,False
3391,188148.2,20.13896806453523,109,6.8068942249614635,2.91090353410288,3,False,True,0,6,False,False,77,0,False,False
3392,188148.4,29.55647076749437,110,6.774859516432079,2.9758582499355866,3,False,True,0,0,True,False,76,0,False,False
3393,188148.6,25.195767451595056,112,3.951356989813037,2.018721700914142,13,True,True,0,6,False,False,76,0,False,False
3394,188148.8,23.294965417341867,113,4.0686694661604985,1.981947280258339,3,False,True,0,6,False,False,76,0,False,False
3395,188149.0,22.06300625898481,115,3.7029611103027658,1.867042567756771,3,False,True,0,6,False,False,77,0,False,False
3396,188149.2,21.407648588327042,116,4.041850937693436,2.071234398544357,4,False,True,0,6,False,False,78,0,False,False
3397,188149.4,20.949044581898566,117,3.6518066354230427,1.9938531761927762,3,True,True,0,6,False,False,78,0,False,False
3398,188149.6,20.542602422050674,117,2.7776214384742572,1.6283545268626483,3,False,True,0,6,False,False,78,0,False,False
3399,188149.8,20.190774982775178,117,2.7043564782021328,1.5998177654260177,3,True,True,0,6,False,False,78,0,False,False
3400,188150.0,19.690025483042465,117,6.591516611438524,2.7312219599224754,3,False,True,0,6,False,False,77,0,False,False
3401,188150.2,19.372104577729893,118,6.3154583682205105,2.6600703122951566,4,False,True,0,6,False,False,76,0,False,False
3402,188150.4,98.0933449149463,120,30.176496935647336,4.978207712742378,3,False,True,0,0,True,False,75,0,False,False
3403,188150.6,90.52291352560327,122,15.212847275735946,4.002326711737936,25,False,True,0,6,False,False,73,0,False,False
3404,188150.8,67.5739710395013,124,9.056935512528897,3.3415111937229716,25,True,True,0,6,False,False,71,0,False,False
3405,188151.0,24.784166781316358,127,9.791450931088164,3.586196863569489,6,True,True,0,0,True,False,69,0,False,False
3406,188151.2,23.869422196727776,129,3.839396607837726,2.317233738665603,10,True,True,0,6,False,False,67,0,False,False
3407,188151.4,23.656576243887184,129,3.870566684708538,2.360026340145903,14,True,True,0,6,False,False,64,0,False,False
3408,188151.6,23.82297649298285,130,4.707044060714564,2.5447764668630857,14,True,True,0,6,False,False,61,0,False,False
3409,188151.8,24.172159913597337,129,3.726932756948949,2.5672639278019016,14,True,True,0,6,False,False,58,0,False,False
3410,188152.0,24.58475455442849,127,3.5585938610906673,2.4758240004512855,14,True,True,0,6,False,False,55,0,False,False
3411,188152.2,24.924001586185817,124,2.611550755117437,2.3022373634415376,15,True,True,0,6,False,False,52,0,False,False
3412,188152.4,25.24330787241655,121,2.694974180400929,2.602485388794979,15,True,True,0,6,False,False,49,0,False,False
3413,188152.6,25.445387478373807,119,8.51661568263156,4.415080959160249,15,True,True,0,6,False,False,46,0,False,False
3414,188152.8,25.42653486881844,118,11.535684402734441,4.843313127850528,9,True,True,0,6,False,False,43,0,False,False
3415,188153.0,14.201246683233704,116,7.538363241663977,4.087128920149607,2,False,True,0,0,True,False,40,0,False,False
3416,188153.2,11.238997714029164,114,2.7672817563317085,2.294290196564757,17,True,True,0,6,False,False,37,0,False,False
3417,188153.4,11.18693033445419,114,3.849911413121703,2.3494002647675742,8,True,True,0,6,False,False,34,0,False,False
3418,188153.6,11.724463370114071,115,5.2062664962777,2.781589008031384,4,True,True,0,6,False,False,31,0,False,False
3419,188153.8,12.053504916591402,115,8.83529628131273,4.00416475033877,2,False,True,0,6,False,False,27,0,False,False
3420,188154.0,12.281584651231972,114,5.974975793201134,3.2474561967291478,2,False,True,0,6,False,False,23,0,False,False
3421,188154.2,12.40090106762956,114,6.40926254831961,3.3712130047923616,2,False,True,0,6,False,False,19,0,False,False
3422,188154.4,12.438511813087965,114,6.463636268813613,3.289298641750206,2,False,True,0,6,False,False,16,0,False,False
3423,188154.6,6.184751950789378,114,7.029209929656789,3.2496573718636284,2,False,True,0,0,True,False,13,0,False,False
3424,188154.8,4.178914510311395,114,1.9865799878855974,1.562720824451629,8,False,True,0,6,False,False,10,0,False,False
3425,188155.0,3.9724781156145332,115,4.327201561615395,2.588995495469445,4,True,True,0,6,False,False,8,0,False,False
3426,188155.2,4.062582208268976,115,4.710501931993797,3.079523927622049,3,True,True,0,6,False,False,6,0,False,False
3427,188155.4,4.154157328124372,112,10.832771976180195,5.04735021692953,2,False,True,0,6,False,False,4,0,False,False
3428,188155.6,4.229949053939849,107,11.462030656635761,4.661738694808979,2,False,True,0,6,False,False,3,0,False,False
3429,188155.8,4.284178678983882,103,13.098517544567585,4.936974164163039,2,False,True,0,6,False,False,2,0,False,False
3430,188156.0,4.316136869946879,99,7.435265559586444,3.8562457124907183,2,False,True,0,6,False,False,1,0,False,False
3431,188156.2,4.268990962377809,93,inf,inf,2,False,False,0,6,False,False,0,0,False,False
3432,188156.4,4.1714031533376446,88,inf,inf,2,False,False,0,6,False,False,0,0,False,False
3433,188156.6,4.082599292721773,84,9.649628177201055,4.214749256725483,2,False,True,0,6,False,False,0,0,False,False
3434,188156.8,4.077304631788215,82,11.288795709738464,4.0918303070236774,2,False,True,0,6,False,False,0,0,False,False
3435,188157.0,4.230700965043573,81,8.96029334990955,3.505396567544028,2,False,True,0,6,False,False,0,0,False,False
3436,188157.2,24.83944174924079,82,7.410411908508006,3.2230552286637963,2,False,True,0,0,True,False,0,0,False,False
3437,188157.4,19.97685026518795,84,4.6830265515356375,2.4514449680768835,25,True,True,0,6,False,False,0,0,False,False
3438,188157.6,17.153948520876977,86,8.998155828490834,3.32534517375309,4,True,True,0,6,False,False,0,0,False,False
3439,188157.8,15.153707013587383,87,8.752729908741431,3.159226791435182,3,True,True,0,6,False,False,0,0,False,False
3440,188158.0,17.70265073435525,89,13.382660514948668,4.382450436013734,2,False,True,0,0,True,False,0,0,False,False
3441,188158.2,14.79289319397557,89,4.0402383110976645,2.547590201690141,11,True,True,0,6,False,False,0,0,False,False
3442,188158.4,13.731454793544822,86,4.261872671381752,2.5010297729007847,4,True,True,0,6,False,False,0,0,False,False
3443,188158.6,13.261019558348965,81,6.877690453082323,3.412009857795275,3,True,True,0,6,False,False,0,0,False,False
3444,188158.8,13.142458662997344,79,6.011497440404936,3.3631511459678562,2,False,True,0,6,False,False,0,0,False,False
3445,188159.0,13.292268940823275,77,5.7670438426909705,3.2093199748350525,2,False,True,0,6,False,False,0,0,False,False
3446,188159.2,13.634772072437366,75,5.5355403541554455,3.145915685376919,2,False,True,0,6,False,False,0,0,False,False
3447,188159.4,14.185366495689486,73,5.077313771995708,3.010656860053906,2,False,True,0,6,False,False,0,0,False,False
3448,188159.6,14.75171520945812,71,3.8432855809293405,2.8267980603096583,6,True,True,0,6,False,False,0,0,False,False
3449,188159.8,15.611399639266624,70,5.3637325446855595,3.0016742008954322,2,False,True,0,6,False,False,0,0,False,False
3450,188160.0,16.656315831282512,68,4.881171127134811,2.9063798549562696,2,False,True,0,6,False,False,0,0,False,False
3451,188160.2,17.860796314841444,67,4.713525932737226,2.8517265476728153,2,False,True,0,6,False,False,0,0,False,False
3452,188160.4,19.210212252345023,68,4.844363764431378,2.8789708267298812,2,False,True,0,6,False,False,0,0,False,False
3453,188160.6,20.647798104617607,70,5.049592765880533,2.9749462495962957,2,False,True,0,6,False,False,0,0,False,False
3454,188160.8,22.139512692673964,72,5.097331165108472,2.7145692933371457,3,False,True,0,6,False,False,1,0,False,False
3455,188161.0,23.797009394809645,72,6.782017179679718,3.2205277313791942,6,True,True,0,6,False,False,2,0,False,False
3456,188161.2,25.113984241476132,75,8.941047596420711,4.0281795299459695,7,True,True,0,6,False,False,3,0,False,False
3457,188161.4,25.920527025075586,78,9.032396044378729,4.002113684855684,15,True,True,0,6,False,False,4,0,False,False
3458,188162.4,14.744951351535821,79,20.845462716348493,4.7290033062247,18,True,True,0,0,True,False,4,0,False,False
3459,188162.6,11.362454402016043,79,2.1233271222052323,1.5898653706399333,17,True,True,0,6,False,False,4,0,False,False
3460,188162.8,9.460386277708436,80,2.4574515928225487,1.6848869066114769,2,False,True,0,6,False,False,4,0,False,False
3461,188163.0,8.03525282568116,80,2.3560200498269945,1.5848942380328899,2,False,True,0,6,False,False,4,0,False,False
3462,188163.2,6.846765420938353,80,2.257263878457504,1.4852203372037822,3,False,True,0,6,False,False,4,0,False,False
3463,188163.4,6.045534651059584,79,1.914592982870235,1.3252831650353307,2,True,True,0,6,False,False,4,0,False,False
3464,188163.6,5.564165336608436,78,1.917601314290936,1.307472081303781,2,False,True,0,6,False,False,4,0,False,False
3465,188163.8,5.326571070904168,77,2.0842503580034633,1.3329038580150192,2,True,True,0,6,False,False,4,0,False,False
3466,188164.0,5.330629671325582,77,1.853538360010341,1.2506134154912345,2,False,True,0,6,False,False,4,0,False,False
3467,188164.2,5.495482806055504,79,1.7166626853618019,1.2024160772280668,2,False,True,0,6,False,False,4,0,False,False
3468,188164.4,5.77024959647031,82,1.6140450451826163,1.177608717445772,2,False,True,0,6,False,False,4,0,False,False
3469,188164.6,6.111563034003519,83,1.5094131094452365,1.1488362213985126,2,False,True,0,6,False,False,4,0,False,False
3470,188164.8,6.500302179759746,84,1.4768481761136683,1.144957150786985,2,False,True,0,6,False,False,4,0,False,False
3471,188165.0,6.892115130990873,85,1.3970156056618828,1.1120715517287618,2,False,True,0,6,False,False,4,0,False,False
3472,188165.2,7.250922619357918,86,1.6707166887839644,1.2435842899437928,2,False,True,0,6,False,False,4,0,False,False
3473,188165.4,7.555671405362359,88,1.5631821131789783,1.221293679042667,2,False,True,0,6,False,False,4,0,False,False
3474,188165.6,7.766144982870128,87,0.9269988501632137,0.9269988501632137,2,False,True,0,6,False,False,4,0,False,False
3475,188165.8,7.907901335905568,87,1.590761511383063,1.523099799803902,3,True,True,0,6,False,False,4,0,False,False
3476,188166.0,7.968141770561197,86,0.9646322271992852,0.9646322271992852,2,False,True,0,6,False,False,4,0,False,False
3477,188166.2,8.030772535457746,85,1.038581930175505,1.038581930175505,3,False,True,0,6,False,False,4,0,False,False
3478,188166.4,8.046079324354768,84,0.9461930426438085,0.9461930426438085,2,False,True,0,6,False,False,4,0,False,False
3479,188166.6,8.053785693798636,83,1.0569949194110897,1.0569949194110897,2,False,True,0,6,False,False,5,0,False,False
3480,188166.8,8.023391636799412,83,1.219588462976007,1.1801591952495059,2,True,True,0,6,False,False,6,0,False,False
3481,188167.0,7.96547283254867,82,1.2140900829723835,1.1858321625674189,3,True,True,0,6,False,False,7,0,False,False
3482,188167.2,7.911399972406927,81,1.114225263662869,1.114225263662869,4,False,True,0,6,False,False,8,0,False,False
3483,188167.4,7.976163584083822,80,1.5632631187770027,1.5097300543255294,21,True,True,0,6,False,False,10,0,False,False
3484,188167.6,8.040096216216632,79,1.7526548774672364,1.667117196996553,3,False,True,0,6,False,False,11,0,False,False
3485,188167.8,8.12382353262007,77,1.7988972195059487,1.678222105569761,3,False,True,0,6,False,False,12,0,False,False
3486,188168.0,8.265901393883004,76,1.6071478040527236,1.3859782473805964,3,False,True,0,6,False,False,13,0,False,False
3487,188168.2,8.426186988395676,75,1.7379497481125146,1.426876206544593,3,False,True,0,6,False,False,14,0,False,False
3488,188168.4,8.541061026856722,73,2.56925666828065,1.9220537165676947,3,False,True,0,6,False,False,15,0,False,False
3489,188168.6,8.70830988623542,72,2.2680124827297616,1.573695103617186,3,False,True,0,6,False,False,16,0,False,False
3490,188168.8,8.78878713416342,71,2.3208488664577787,1.3627652977758613,3,False,True,0,6,False,False,16,0,False,False
3491,188169.0,8.805039242045225,70,3.3404445443557687,1.6314521782660985,3,False,True,0,6,False,False,16,0,False,False
3492,188169.2,9.404584240124603,68,5.697323855095501,2.2933795257690446,7,True,True,0,6,False,False,16,0,False,False
3493,188169.4,9.85557034992112,66,6.300048335532932,2.501076303677662,5,True,True,0,6,False,False,16,0,False,False
3494,188169.6,10.067458146753683,64,6.825970793927352,2.625649542127678,3,False,True,0,6,False,False,16,0,False,False
3495,188169.8,10.124032397645419,62,7.40998732753817,2.8518211140222007,2,False,True,0,6,False,False,16,0,False,False
3496,188170.0,10.438131152544786,61,6.914502904096929,2.7230222064211183,2,True,True,0,6,False,False,16,0,False,False
3497,188170.2,10.434804210855118,59,2.771632822684766,1.8322082816772138,2,False,True,0,6,False,False,16,0,False,False
3498,188170.4,10.365708561180535,57,2.7408311993091745,1.756239449495713,2,False,True,0,6,False,False,16,0,False,False
3499,188170.6,11.111368631834958,57,1.6606754913005022,1.336983652120816,3,False,True,0,6,False,False,16,0,False,False
3500,188170.8,11.244497618724042,56,1.391599552781029,1.3113533528227377,2,False,True,0,6,False,False,16,0,False,False
3501,188171.0,11.16053422929227,56,1.3637256486626401,1.3637256486626401,3,False,True,0,6,False,False,16,0,False,False
3502,188171.2,13.582476231263183,56,2.7206066619340095,1.8471915058986788,6,True,True,0,6,False,False,16,0,False,False
3503,188171.4,15.120311281909725,56,1.7518261270193485,1.7331372973694412,3,False,True,0,6,False,False,16,0,False,False
3504,188171.6,16.231721745169498,56,1.7972404355314011,1.6804030841720567,3,True,True,0,6,False,False,14,0,False,False
3505,188171.8,16.854193326989385,56,2.333076223425152,1.8191232477917034,3,True,True,0,6,False,False,12,0,False,False
3506,188172.0,17.276502477769654,55,1.228418029844761,1.228418029844761,3,True,True,0,6,False,False,10,0,False,False
3507,188172.2,17.582396901209403,54,1.3381079472601414,1.3381079472601414,2,False,True,0,6,False,False,8,0,False,False
3508,188172.4,17.814931355110442,53,1.7596801109611988,1.7596801109611988,2,False,True,0,6,False,False,6,0,False,False
3509,188172.6,18.003938547558143,52,2.4329880960285664,2.0986355826326015,2,False,True,0,6,False,False,5,0,False,False
3510,188172.8,18.181876435508908,51,3.162250157445669,2.4146692924125825,2,False,True,0,6,False,False,4,0,False,False
3511,188173.0,18.829065394805983,49,3.5990493185818195,2.5710087323309123,2,False,True,0,6,False,False,3,0,False,False
3512,188173.2,20.00765414594978,47,4.4989237152040005,2.868340585452815,2,True,True,0,6,False,False,2,0,False,False
3513,188173.4,20.58560100234001,46,5.745502930134535,3.2346137203613496,2,False,True,0,6,False,False,1,0,False,False
3514,188173.6,20.923759015595877,45,5.663615005754004,3.2940816910538153,2,False,True,0,6,False,False,0,0,False,False
3515,188173.8,21.226004069594534,43,6.772881966084242,3.482409094459319,2,False,True,0,6,False,False,0,0,False,False
3516,188174.0,21.472501413203833,41,7.522223129868507,3.6977585439996234,2,False,True,0,6,False,False,0,0,False,False
3517,188174.2,21.659068911006184,40,8.058404710143805,3.865176165418651,2,False,True,0,6,False,False,0,0,False,False
3518,188174.4,21.800424592453417,39,8.700273130089045,4.018615225763682,2,False,True,0,6,False,False,0,0,False,False
3519,188174.6,21.89527415332384,38,9.509128592908382,4.198071322838336,2,False,True,0,6,False,False,0,0,False,False
3520,188174.8,21.831894854729963,38,8.706430383406605,4.075443304839036,2,False,True,0,6,False,False,0,0,False,False
3521,188175.0,21.64024683288048,37,8.712442083551133,4.025031896027979,2,False,True,0,6,False,False,0,0,False,False
3522,188175.2,21.29883898341968,37,8.698428190036745,3.7968983810042345,2,False,True,0,6,False,False,0,0,False,False
3523,188175.4,20.843091012035696,37,8.614682063809703,3.7498702199868017,2,False,True,0,6,False,False,0,0,False,False
3524,188175.6,20.306519831015795,37,8.850075447450203,3.747762685750072,2,False,True,0,6,False,False,0,0,False,False
3525,188175.8,19.755415687266343,37,8.80072699349019,3.876856661950387,2,False,True,0,6,False,False,0,0,False,False
3526,188176.0,19.169354327760136,37,8.59619494327641,3.6653179764870956,2,False,True,0,6,False,False,0,0,False,False
3527,188176.2,18.584704131721196,37,8.586339379617106,3.659317317308227,2,False,True,0,6,False,False,0,0,False,False
3528,188176.4,18.05384652780678,37,8.12580050168287,3.3778411836470474,2,False,True,0,6,False,False,0,0,False,False
3529,188176.6,18.121093428736923,36,11.31289841979742,4.608344212864166,2,False,True,0,6,False,False,0,0,False,False
3530,188176.8,18.018433365719464,35,11.41681458428502,4.628437461767711,2,False,True,0,6,False,False,0,0,False,False
3531,188177.0,17.949857029242075,35,11.755154304206371,4.70830688581068,2,False,True,0,6,False,False,0,0,False,False
3532,188177.2,17.910893856202204,35,12.207370698451996,4.8040520722455025,2,False,True,0,6,False,False,0,0,False,False
3533,188177.4,17.887426554045728,35,12.026286724954844,4.747103186424075,2,False,True,0,6,False,False,0,0,False,False
3534,188177.6,17.84511763475747,36,7.9087872371501575,3.156488750122257,2,False,True,0,6,False,False,0,0,False,False
3535,188177.8,17.83737304451838,36,11.144149400293827,4.58562849954875,2,False,True,0,6,False,False,0,0,False,False
3536,188178.0,17.847473330381895,36,11.268940906971693,4.58987177232632,2,False,True,0,6,False,False,0,0,False,False
3537,188178.2,17.86436384388446,36,10.51074468716979,4.42981808692074,2,False,True,0,6,False,False,0,0,False,False
3538,188178.4,17.879956410986303,36,10.798068836331367,4.464737226203502,2,False,True,0,6,False,False,0,0,False,False
3539,188178.6,17.904784659401415,36,8.05714213211438,3.1778062696436438,2,False,True,0,6,False,False,0,0,False,False
3540,188178.8,17.98602493029352,37,7.951420016943381,3.199028903760752,2,False,True,0,6,False,False,0,0,False,False
3541,188179.0,18.09572111557847,38,7.234661689368972,3.011378094228367,2,False,True,0,6,False,False,0,0,False,False
3542,188179.2,18.251577398807722,39,7.265743840611072,3.0216457394585,2,False,True,0,6,False,False,0,0,False,False
3543,188179.4,18.474762596662618,40,7.182826923241031,3.041682673288908,2,False,True,0,6,False,False,0,0,False,False
3544,188179.6,18.78006020800009,41,7.334974322390637,3.126000544096965,2,False,True,0,6,False,False,0,0,False,False
3545,188179.8,19.148306162854755,41,7.406245034910185,3.1403283136175952,2,False,True,0,6,False,False,0,0,False,False
3546,188180.0,19.522202483162232,41,7.470512321199636,3.0891041375799344,2,False,True,0,6,False,False,0,0,False,False
3547,188180.2,19.899473378883325,41,7.787092325646828,3.140120478367567,2,False,True,0,6,False,False,0,0,False,False
3548,188180.4,20.2914893139605,40,11.41202124580741,4.620843676773592,2,False,True,0,6,False,False,0,0,False,False
3549,188180.6,20.688596497182978,39,11.193110547959805,4.589158586993614,2,False,True,0,6,False,False,0,0,False,False
3550,188180.8,21.08253769540721,38,10.839066721498966,4.504996481157481,2,False,True,0,6,False,False,0,0,False,False
3551,188181.0,21.56045894863756,36,inf,inf,2,False,False,0,6,False,False,0,0,False,False
3552,188181.2,22.012081427818305,35,11.716831434518099,4.675600395755791,2,False,True,0,6,False,False,0,0,False,False
3553,188181.4,22.533504201844234,33,inf,inf,2,False,False,0,6,False,False,0,0,False,False
3554,188181.6,23.017549512918055,33,11.936954211443663,4.720549902886363,2,False,True,0,6,False,False,0,0,False,False
3555,188181.8,23.47185765898335,33,11.088860999792814,4.591286586037564,2,False,True,0,6,False,False,0,0,False,False
3556,188182.0,23.98549788230549,32,inf,inf,2,False,False,0,6,False,False,0,0,False,False
3557,188182.2,24.54524710835822,31,inf,inf,2,False,False,0,6,False,False,0,0,False,False
3558,188182.4,25.145311201306427,30,inf,inf,2,False,False,0,6,False,False,0,0,False,False
3559,188182.6,25.78498347861844,28,inf,inf,2,False,False,0,6,False,False,0,0,False,False
3560,188182.8,26.4641947626236,27,inf,inf,2,False,False,0,6,False,False,0,0,False,False
3561,188183.0,27.18420725224819,26,inf,inf,2,False,False,0,6,False,False,0,0,False,False
3562,188183.2,27.946621340622343,25,inf,inf,2,False,False,0,6,False,False,0,0,False,False
3563,188183.4,28.754245196502854,24,inf,inf,2,False,False,0,6,False,False,0,0,False,False
3564,188183.6,29.607653350111033,22,inf,inf,2,False,False,0,6,False,False,0,0,False,False
3565,188183.8,30.506779302098256,20,inf,inf,2,False,False,0,6,False,False,0,0,False,False
3566,188184.0,31.45527302492799,18,inf,inf,2,False,False,0,6,False,False,0,0,False,False
3567,188184.2,32.456753331724464,16,inf,inf,2,False,False,0,6,False,False,0,0,False,False
3568,188184.4,33.51293843395542,14,inf,inf,2,False,False,0,6,False,False,0,0,False,False
3569,188184.6,34.62362993693189,12,inf,inf,2,False,False,0,6,False,False,0,0,False,False
3570,188184.8,35.78892148559725,10,inf,inf,2,False,False,0,6,False,False,0,0,False,False
3571,188185.0,37.01020016506762,8,inf,inf,2,False,False,0,6,False,False,0,0,False,False
3572,188185.2,38.28926255897854,6,inf,inf,2,False,False,0,6,False,False,0,0,False,False
3573,188185.4,39.62962174619035,5,inf,inf,2,False,False,0,6,False,False,0,0,False,False
3574,188185.6,41.03310328288175,4,inf,inf,2,False,False,0,6,False,False,0,0,False,False
3575,188185.8,42.50064838996757,3,inf,inf,2,False,False,0,6,False,False,0,0,False,False
3576,188186.0,44.030785114179366,3,inf,inf,2,False,False,0,6,False,False,0,0,False,False
3577,188186.2,45.62577694838159,2,inf,inf,2,False,False,0,6,False,False,0,0,False,False
3578,188186.4,47.28316798883241,2,inf,inf,2,False,False,0,6,False,False,0,0,False,False
3579,188186.6,49.00398576562287,1,inf,inf,2,False,False,0,6,False,False,0,0,False,False
3580,188186.8,50.78295264721239,0,inf,inf,2,True,False,0,6,False,False,0,0,False,False
3581,188187.0,52.61765739366372,0,inf,inf,2,True,False,0,6,False,False,0,0,False,False
3582,188187.2,54.503986026891546,0,inf,inf,2,True,False,0,6,False,False,0,0,False,False
3583,188187.4,56.43982937518696,0,inf,inf,2,True,False,0,6,False,False,0,0,False,False
3584,188187.6,58.42315017498009,0,inf,inf,2,True,False,0,6,False,False,0,0,False,False
3585,188187.8,60.453681913977086,0,inf,inf,2,True,False,0,6,False,False,0,0,False,False
3586,188188.0,62.53099873028457,0,inf,inf,2,True,False,0,6,False,False,0,0,False,False
3587,188188.2,64.65356700850265,0,inf,inf,2,True,False,0,6,False,False,0,0,False,False
3588,188188.4,66.82159739358958,0,inf,inf,2,True,False,0,6,False,False,0,0,False,False
3589,188188.6,69.03465461472062,0,inf,inf,2,True,False,0,6,False,False,0,0,False,False
3590,188188.8,71.29223670041574,0,inf,inf,2,True,False,0,6,False,False,0,0,False,False
3591,188189.0,73.59393576408617,0,inf,inf,2,True,False,0,6,False,False,0,0,False,False
3592,188189.2,75.93949985706872,0,inf,inf,2,True,False,0,6,False,False,0,0,False,False
3593,188189.4,78.32892312028358,0,inf,inf,2,True,False,0,6,False,False,0,0,False,False
3594,188189.6,80.76182143737823,0,inf,inf,2,True,False,0,6,False,False,0,0,False,False
3595,188189.8,83.2379074457634,0,inf,inf,2,True,False,0,6,False,False,0,0,False,False
3596,188190.0,85.75681512211537,0,inf,inf,2,True,False,0,6,False,False,0,0,False,False
3597,188190.2,88.31966955543285,0,inf,inf,2,True,False,0,6,False,False,0,0,False,False
3598,188190.4,90.92518935727108,0,inf,inf,2,True,False,0,6,False,False,0,0,False,False
3599,188190.6,93.57329410096885,0,inf,inf,2,True,False,0,6,False,False,0,0,False,False
3600,188190.8,96.26405564074244,0,inf,inf,2,True,False,0,6,False,False,0,0,False,False
3601,188191.0,98.99713853650684,0,inf,inf,2,True,False,0,6,False,False,0,0,False,False
3602,188191.2,101.77240533993539,0,inf,inf,2,True,False,0,6,False,False,0,0,False,False
3603,188191.4,104.590494191241,0,inf,inf,2,True,False,0,6,False,False,0,0,False,False
3604,188191.6,107.45078685755492,0,inf,inf,2,True,False,0,6,False,False,0,0,False,False
3605,188191.8,110.3528105944264,0,inf,inf,2,True,False,0,6,False,False,0,0,False,False
3606,188192.0,113.2964993328394,0,inf,inf,2,True,False,0,6,False,False,0,0,False,False
3607,188192.2,116.28265769695679,0,inf,inf,2,True,False,0,6,False,False,0,0,False,False
3608,188192.4,119.31060030734338,0,inf,inf,2,True,False,0,6,False,False,0,0,False,False
3609,188192.6,124.88421527795717,0,inf,inf,4,True,False,0,6,False,False,0,0,False,False
3610,188192.8,128.46688194760168,0,inf,inf,3,True,False,0,6,False,False,0,0,False,False
3611,188193.0,131.73413979447173,0,inf,inf,3,True,False,0,6,False,False,0,0,False,False
3612,188193.2,134.83888040450947,0,inf,inf,3,True,False,0,6,False,False,0,0,False,False
3613,188193.4,137.88556749717893,0,inf,inf,3,True,False,0,6,False,False,0,0,False,False
3614,188193.6,140.82037537070272,0,inf,inf,3,True,False,0,6,False,False,0,0,False,False
3615,188193.8,143.69722622878055,0,inf,inf,3,True,False,0,6,False,False,0,0,False,False
3616,188194.0,146.5403682962045,0,inf,inf,3,True,False,0,6,False,False,0,0,False,False
3617,188194.2,149.3677936439812,0,inf,inf,3,True,False,0,6,False,False,0,0,False,False
3618,188194.4,152.1929025025372,0,inf,inf,2,True,False,0,6,False,False,0,0,False,False
3619,188194.6,155.49371302433113,0,inf,inf,4,True,False,0,6,False,False,0,0,False,False
3620,188194.8,158.53620157218924,0,inf,inf,3,True,False,0,6,False,False,0,0,False,False
3621,188195.0,161.51767040542794,0,inf,inf,3,True,False,0,6,False,False,0,0,False,False
3622,188195.2,164.48017637186314,0,inf,inf,2,True,False,0,6,False,False,0,0,False,False
3623,188195.4,167.43994145156566,0,inf,inf,2,True,False,0,6,False,False,0,0,False,False
3624,188195.6,170.40840854377615,0,inf,inf,2,True,False,0,6,False,False,0,0,False,False
3625,188195.8,173.39414872642917,0,inf,inf,2,True,False,0,6,False,False,0,0,False,False
3626,188196.0,176.40318824302483,0,inf,inf,2,True,False,0,6,False,False,0,0,False,False
3627,188196.2,179.43961893677684,0,inf,inf,2,True,False,0,6,False,False,0,0,False,False
3628,188196.4,182.50798395169346,0,inf,inf,2,True,False,0,6,False,False,0,0,False,False
3629,188196.6,185.6106905674629,0,inf,inf,2,True,False,0,6,False,False,0,0,False,False
3630,188196.8,188.74894044533798,0,inf,inf,2,True,False,0,6,False,False,0,0,False,False
3631,188197.0,191.92530475716194,0,inf,inf,2,True,False,0,6,False,False,0,0,False,False
3632,188197.2,195.141479993208,0,inf,inf,2,True,False,0,6,False,False,0,0,False,False
3633,188197.4,198.3972892747028,0,inf,inf,3,True,False,0,6,False,False,0,0,False,False
3634,188197.6,201.69297378717783,0,inf,inf,2,True,False,0,6,False,False,0,0,False,False
3635,188197.8,205.02820568726375,0,inf,inf,2,True,False,0,6,False,False,0,0,False,False
3636,188198.0,208.40364434099197,0,inf,inf,2,True,False,0,6,False,False,0,0,False,False
3637,188198.2,211.81945186458339,0,inf,inf,2,True,False,0,6,False,False,0,0,False,False
3638,188198.4,215.27585776161257,0,inf,inf,2,True,False,0,6,False,False,0,0,False,False
3639,188198.6,218.77260076869698,0,inf,inf,2,True,False,0,6,False,False,0,0,False,False
3640,188198.8,222.3104255153552,0,inf,inf,2,True,False,0,6,False,False,0,0,False,False
3641,188199.0,225.88916507981142,0,inf,inf,2,True,False,0,6,False,False,0,0,False,False
3642,188199.2,229.50829938736192,0,inf,inf,2,True,False,0,6,False,False,0,0,False,False
3643,188199.4,233.1685388098091,0,inf,inf,2,True,False,0,6,False,False,0,0,False,False
3644,188199.6,236.86924350608584,0,inf,inf,2,True,False,0,6,False,False,0,0,False,False
3645,188199.8,240.61101679245036,0,inf,inf,2,True,False,0,6,False,False,0,0,False,False
3646,188200.0,244.39338825806124,0,inf,inf,2,True,False,0,6,False,False,0,0,False,False
3647,188200.2,248.2165320599232,0,inf,inf,2,True,False,0,6,False,False,0,0,False,False
3648,188200.4,252.080708856614,0,inf,inf,2,True,False,0,6,False,False,0,0,False,False
3649,188200.6,256.43395332818704,0,inf,inf,4,True,False,0,6,False,False,0,0,False,False
3650,188200.8,263.12607278745975,0,inf,inf,4,True,False,0,6,False,False,0,0,False,False
3651,188201.0,267.74930986190424,0,inf,inf,3,True,False,0,6,False,False,0,0,False,False
3652,188201.2,271.92624017740644,0,inf,inf,3,True,False,0,6,False,False,0,0,False,False
3653,188201.4,275.8967329495601,0,inf,inf,3,True,False,0,6,False,False,0,0,False,False
3654,188201.6,279.73974720293796,0,inf,inf,3,True,False,0,6,False,False,0,0,False,False
3655,188201.8,283.5031464814879,0,inf,inf,3,True,False,0,6,False,False,0,0,False,False
3656,188202.0,287.21953374111183,0,inf,inf,3,True,False,0,6,False,False,0,0,False,False
3657,188202.2,290.9116867245334,0,inf,inf,3,True,False,0,6,False,False,0,0,False,False
3658,188202.4,294.59827140742436,0,inf,inf,2,True,False,0,6,False,False,0,0,False,False
3659,188202.6,298.2918924015346,0,inf,inf,2,True,False,0,6,False,False,0,0,False,False
3660,188202.8,302.00222052315365,0,inf,inf,2,True,False,0,6,False,False,0,0,False,False
3661,188203.0,305.7362914136058,0,inf,inf,2,True,False,0,6,False,False,0,0,False,False
3662,188203.2,309.4985880148961,0,inf,inf,2,True,False,0,6,False,False,0,0,False,False
3663,188203.4,313.2925601320552,0,inf,inf,2,True,False,0,6,False,False,0,0,False,False
3664,188203.6,317.12160330778374,0,inf,inf,2,True,False,0,6,False,False,0,0,False,False
3665,188203.8,320.98701771179014,0,inf,inf,2,True,False,0,6,False,False,0,0,False,False
3666,188204.0,324.89057778888855,0,inf,inf,2,True,False,0,6,False,False,0,0,False,False
3667,188204.2,328.8324632959787,0,inf,inf,2,True,False,0,6,False,False,0,0,False,False
3668,188204.4,332.81395683321324,0,inf,inf,2,True,False,0,6,False,False,0,0,False,False
3669,188204.6,336.83536175798315,0,inf,inf,2,True,False,0,6,False,False,0,0,False,False
3670,188204.8,340.8965747063525,0,inf,inf,2,True,False,0,6,False,False,0,0,False,False
3671,188205.0,344.99828892514273,0,inf,inf,2,True,False,0,6,False,False,0,0,False,False
3672,188205.2,349.1403805512863,0,inf,inf,2,True,False,0,6,False,False,0,0,False,False
3673,188205.4,353.32371241046394,0,inf,inf,2,True,False,0,6,False,False,0,0,False,False
3674,188205.6,357.54764124909275,0,inf,inf,2,True,False,0,6,False,False,0,0,False,False
3675,188205.8,361.81221443340235,0,inf,inf,2,True,False,0,6,False,False,0,0,False,False
3676,188206.0,366.1177735165913,0,inf,inf,2,True,False,0,6,False,False,0,0,False,False
3677,188206.2,370.46429560447393,0,inf,inf,2,True,False,0,6,False,False,0,0,False,False
3678,188206.4,374.85133321813396,0,inf,inf,2,True,False,0,6,False,False,0,0,False,False
3679,188206.6,379.2791673923833,0,inf,inf,2,True,False,0,6,False,False,0,0,False,False
3680,188206.8,383.74819502270515,0,inf,inf,2,True,False,0,6,False,False,0,0,False,False
3681,188207.0,388.25769246576453,0,inf,inf,2,True,False,0,6,False,False,0,0,False,False
3682,188207.2,392.80798670510666,0,inf,inf,2,True,False,0,6,False,False,0,0,False,False
3683,188207.4,397.39930380003966,0,inf,inf,2,True,False,0,6,False,False,0,0,False,False
3684,188207.6,402.0311444504432,0,inf,inf,2,True,False,0,6,False,False,0,0,False,False
3685,188207.8,406.70435156940977,0,inf,inf,2,True,False,0,6,False,False,0,0,False,False
3686,188208.0,411.41790539640493,0,inf,inf,2,True,False,0,6,False,False,0,0,False,False
3687,188208.2,416.1724956556403,0,inf,inf,2,True,False,0,6,False,False,0,0,False,False
3688,188208.4,420.96813536226716,0,inf,inf,2,True,False,0,6,False,False,0,0,False,False
3689,188208.6,425.8044450114265,0,inf,inf,2,True,False,0,6,False,False,0,0,False,False
3690,188208.8,430.6820385485482,0,inf,inf,2,True,False,0,6,False,False,0,0,False,False
3691,188209.0,435.6004361958012,0,inf,inf,2,True,False,0,6,False,False,0,0,False,False
3692,188209.2,440.5592439065505,0,inf,inf,2,True,False,0,6,False,False,0,0,False,False
3693,188209.4,445.55971023864566,0,inf,inf,2,True,False,0,6,False,False,0,0,False,False
3694,188209.6,450.601031616006,0,inf,inf,2,True,False,0,6,False,False,0,0,False,False
3695,188209.8,455.6830261444156,0,inf,inf,2,True,False,0,6,False,False,0,0,False,False
3696,188210.0,460.80611860505184,0,inf,inf,2,True,False,0,6,False,False,0,0,False,False
3697,188210.2,465.9704917386967,0,inf,inf,2,True,False,0,6,False,False,0,0,False,False
3698,188210.4,471.1755551753367,0,inf,inf,2,True,False,0,6,False,False,0,0,False,False
3699,188210.6,476.42160353675985,0,inf,inf,2,True,False,0,6,False,False,0,0,False,False
3700,188210.8,481.70901847600635,0,inf,inf,2,True,False,0,6,False,False,0,0,False,False
3701,188211.0,487.03737619096245,0,inf,inf,2,True,False,0,6,False,False,0,0,False,False
3702,188211.2,492.4067399947717,0,inf,inf,2,True,False,0,6,False,False,0,0,False,False
3703,188211.4,497.817500223395,0,inf,inf,2,True,False,0,6,False,False,0,0,False,False
3704,188211.6,503.26949341845324,0,inf,inf,2,True,False,0,6,False,False,0,0,False,False
3705,188211.8,508.76241443553135,0,inf,inf,2,True,False,0,6,False,False,0,0,False,False
3706,188212.0,514.2967472596121,0,inf,inf,2,True,False,0,6,False,False,0,0,False,False
3707,188212.2,519.8718704022144,0,inf,inf,2,True,False,0,6,False,False,0,0,False,False
3708,188212.4,525.4881732619865,0,inf,inf,2,True,False,0,6,False,False,0,0,False,False
3709,188212.6,531.1459632963966,0,inf,inf,2,True,False,0,6,False,False,0,0,False,False
3710,188212.8,536.8445143395402,0,inf,inf,2,True,False,0,6,False,False,0,0,False,False
3711,188213.0,542.58435524638,0,inf,inf,2,True,False,0,6,False,False,0,0,False,False
3712,188213.2,548.3653793983507,0,inf,inf,2,True,False,0,6,False,False,0,0,False,False
3713,188213.4,554.1873100373446,0,inf,inf,2,True,False,0,6,False,False,0,0,False,False
3714,188213.6,560.0506837185485,0,inf,inf,2,True,False,0,6,False,False,0,0,False,False
3715,188213.8,565.9548093893897,0,inf,inf,2,True,False,0,6,False,False,0,0,False,False
3716,188214.0,571.9005161247964,0,inf,inf,2,True,False,0,6,False,False,0,0,False,False
3717,188214.2,577.8870618712649,0,inf,inf,2,True,False,0,6,False,False,0,0,False,False
3718,188214.4,583.9148287614476,0,inf,inf,2,True,False,0,6,False,False,0,0,False,False
3719,188214.6,589.9837207780446,0,inf,inf,2,True,False,0,6,False,False,0,0,False,False
3720,188214.8,596.0935392767639,0,inf,inf,2,True,False,0,6,False,False,0,0,False,False
3721,188215.0,602.2449880122756,0,inf,inf,2,True,False,0,6,False,False,0,0,False,False
3722,188215.2,608.4373963014054,0,inf,inf,2,True,False,0,6,False,False,0,0,False,False
3723,188215.4,614.6712824082657,0,inf,inf,2,True,False,0,6,False,False,0,0,False,False
3724,188215.6,620.9462283242948,0,inf,inf,2,True,False,0,6,False,False,0,0,False,False
3725,188215.8,627.2624364458707,0,inf,inf,2,True,False,0,6,False,False,0,0,False,False
3726,188216.0,633.4782007279713,1,262.43218775466084,21.169158366413534,2,False,True,0,6,False,False,0,0,False,False
3727,188216.2,617.838115048773,1,inf,inf,4,True,False,0,6,False,False,0,0,False,False
3728,188216.4,625.2498505330949,1,inf,inf,4,True,False,0,6,False,False,0,0,False,False
3729,188216.6,631.8336397662694,1,inf,inf,4,True,False,0,6,False,False,0,0,False,False
3730,188216.8,638.1103241404264,1,inf,inf,4,True,False,0,6,False,False,0,0,False,False
3731,188217.0,644.247969239201,1,inf,inf,3,True,False,0,6,False,False,0,0,False,False
3732,188217.2,650.320594050625,1,inf,inf,3,True,False,0,6,False,False,0,0,False,False
3733,188217.4,656.3712285948934,1,inf,inf,2,True,False,0,6,False,False,0,0,False,False
3734,188217.6,662.4266687811893,1,inf,inf,2,True,False,0,6,False,False,0,0,False,False
3735,188217.8,668.5020019203681,1,inf,inf,2,True,False,0,6,False,False,0,0,False,False
3736,188218.0,674.6054533186829,1,inf,inf,2,False,False,0,6,False,False,0,0,False,False
3737,188218.2,680.7435320115028,1,inf,inf,2,False,False,0,6,False,False,0,0,False,False
3738,188218.4,686.919617921333,1,inf,inf,2,False,False,0,6,False,False,0,0,False,False
3739,188218.6,693.1363164225708,1,inf,inf,2,False,False,0,6,False,False,0,0,False,False
3740,188218.8,699.3956798495935,1,inf,inf,2,False,False,0,6,False,False,0,0,False,False
3741,188219.0,705.6990991920854,1,inf,inf,2,False,False,0,6,False,False,0,0,False,False
3742,188219.2,712.0471918651608,1,inf,inf,2,False,False,0,6,False,False,0,0,False,False
3743,188219.4,718.44078569845,1,inf,inf,2,False,False,0,6,False,False,0,0,False,False
3744,188219.6,724.8807331646516,1,inf,inf,2,False,False,0,6,False,False,0,0,False,False
3745,188219.8,731.3671863657781,1,inf,inf,2,False,False,0,6,False,False,0,0,False,False
3746,188220.0,737.9006285691988,1,inf,inf,2,False,False,0,6,False,False,0,0,False,False
3747,188220.2,744.4816167483543,1,inf,inf,2,False,False,0,6,False,False,0,0,False,False
3748,188220.4,751.1100038754722,1,inf,inf,2,False,False,0,6,False,False,0,0,False,False
3749,188220.6,757.7864828336034,1,inf,inf,2,False,False,0,6,False,False,0,0,False,False
3750,188220.8,764.5115140528221,1,inf,inf,2,False,False,0,6,False,False,0,0,False,False
3751,188221.0,771.2882163175834,0,inf,inf,2,True,False,0,6,False,False,0,0,False,False
3752,188221.2,778.1135717590552,0,inf,inf,2,True,False,0,6,False,False,0,0,False,False
3753,188221.4,784.9832459903016,0,inf,inf,2,True,False,0,6,False,False,0,0,False,False
3754,188221.6,791.8961751926832,0,inf,inf,2,True,False,0,6,False,False,0,0,False,False
3755,188221.8,798.8513092454957,0,inf,inf,2,True,False,0,6,False,False,0,0,False,False
3756,188222.0,805.8485803990939,0,inf,inf,2,True,False,0,6,False,False,0,0,False,False
3757,188222.2,812.887876652202,0,inf,inf,2,True,False,0,6,False,False,0,0,False,False
3758,188222.4,819.9684763524275,0,inf,inf,2,True,False,0,6,False,False,0,0,False,False
3759,188222.6,827.0908953760538,0,inf,inf,2,True,False,0,6,False,False,0,0,False,False
3760,188222.8,834.25496877374,0,inf,inf,2,True,False,0,6,False,False,0,0,False,False
3761,188223.0,841.4601221641191,0,inf,inf,2,True,False,0,6,False,False,0,0,False,False
3762,188223.2,848.7073229155669,0,inf,inf,2,True,False,0,6,False,False,0,0,False,False
3763,188223.4,855.9958135843468,0,inf,inf,2,True,False,0,6,False,False,0,0,False,False
3764,188223.6,864.9558982597468,0,inf,inf,4,True,False,0,6,False,False,0,0,False,False
3765,188223.8,872.8349079635238,0,inf,inf,3,True,False,0,6,False,False,0,0,False,False
3766,188224.0,880.3956935947808,0,inf,inf,3,True,False,0,6,False,False,0,0,False,False
3767,188224.2,887.8299445225391,0,inf,inf,3,True,False,0,6,False,False,0,0,False,False
3768,188224.4,895.2060637878473,0,inf,inf,3,True,False,0,6,False,False,0,0,False,False
3769,188224.6,902.5609209197128,0,inf,inf,3,True,False,0,6,False,False,0,0,False,False
3770,188224.8,909.9145636858962,0,inf,inf,2,True,False,0,6,False,False,0,0,False,False
3771,188225.0,917.2819030248768,0,inf,inf,2,True,False,0,6,False,False,0,0,False,False
3772,188225.2,924.6731010271033,0,inf,inf,2,True,False,0,6,False,False,0,0,False,False
3773,188225.4,932.0929057391866,0,inf,inf,2,True,False,0,6,False,False,0,0,False,False
3774,188225.6,939.5460800267637,0,inf,inf,2,True,False,0,6,False,False,0,0,False,False
3775,188225.8,947.0359322838266,0,inf,inf,2,True,False,0,6,False,False,0,0,False,False
3776,188226.0,954.5639086422684,0,inf,inf,2,True,False,0,6,False,False,0,0,False,False
3777,188226.2,962.1313521618272,0,inf,inf,2,True,False,0,6,False,False,0,0,False,False
3778,188226.4,969.738413748059,0,inf,inf,2,True,False,0,6,False,False,0,0,False,False
3779,188226.6,977.3863337265196,0,inf,inf,2,True,False,0,6,False,False,0,0,False,False
3780,188226.8,985.0756432930233,0,inf,inf,2,True,False,0,6,False,False,0,0,False,False
3781,188227.0,992.8055497769236,0,inf,inf,2,True,False,0,6,False,False,0,0,False,False
3782,188227.2,1000.5768536096256,0,inf,inf,2,True,False,0,6,False,False,0,0,False,False
3783,188227.4,1008.2741669426788,1,404.6230695694685,23.75335311754578,2,False,True,0,6,False,False,0,0,False,False
3784,188227.6,948.7940053405181,2,363.4363836683333,22.56545622594592,4,True,True,0,6,False,False,0,0,False,False
3785,188227.8,878.72341119254,3,314.6773158609867,21.084329618320382,4,True,True,0,6,False,False,0,0,False,False
3786,188228.0,825.3879782236216,3,inf,inf,4,True,False,0,6,False,False,0,0,False,False
3787,188228.2,833.215839668639,3,inf,inf,4,True,False,0,6,False,False,0,0,False,False
3788,188228.4,838.0373671991803,3,inf,inf,4,True,False,0,6,False,False,0,0,False,False
3789,188228.6,841.7198706435228,3,inf,inf,4,True,False,0,6,False,False,0,0,False,False
3790,188228.8,844.7821912934406,3,inf,inf,4,True,False,0,6,False,False,0,0,False,False
3791,188229.0,847.4528667466304,3,inf,inf,4,True,False,0,6,False,False,0,0,False,False
3792,188229.2,849.8720739240387,3,inf,inf,3,True,False,0,6,False,False,0,0,False,False
3793,188229.4,852.1356042578856,3,inf,inf,3,True,False,0,6,False,False,0,0,False,False
3794,188229.6,854.3120338504701,3,inf,inf,2,True,False,0,6,False,False,0,0,False,False
3795,188229.8,856.449689666081,3,inf,inf,2,False,False,0,6,False,False,0,0,False,False
3796,188230.0,858.584157436498,3,inf,inf,2,False,False,0,6,False,False,0,0,False,False
3797,188230.2,860.7459334277097,3,inf,inf,2,False,False,0,6,False,False,0,0,False,False
3798,188230.4,862.9469742199913,3,inf,inf,2,False,False,0,6,False,False,0,0,False,False
3799,188230.6,865.1919675426788,3,inf,inf,2,False,False,0,6,False,False,0,0,False,False
3800,188230.8,867.4835448979649,3,inf,inf,2,False,False,0,6,False,False,0,0,False,False
3801,188231.0,869.8281530071678,3,inf,inf,2,False,False,0,6,False,False,0,0,False,False
3802,188231.2,872.2277335813678,3,inf,inf,2,False,False,0,6,False,False,0,0,False,False
3803,188231.4,874.571450444483,4,317.8093681521714,20.428346564133886,2,False,True,0,6,False,False,0,0,False,False
3804,188231.6,780.8056349922691,6,417.24889369887654,27.116304600043375,4,True,True,0,6,False,False,0,0,False,False
3805,188231.8,641.1545346252469,9,300.06898182114315,21.60397371310799,4,True,True,0,6,False,False,0,0,False,False
3806,188232.0,519.5098745423547,11,258.89594976836486,21.09310997069663,4,True,True,0,6,False,False,0,0,False,False
3807,188232.2,422.081545377042,13,196.0423347235713,18.61905448523018,4,True,True,0,6,False,False,0,0,False,False
3808,188232.4,348.6913384499707,14,145.01046228096604,16.183792287884284,4,True,True,0,6,False,False,0,0,False,False
3809,188232.6,300.31851116188386,14,43.43705892562866,7.841864754274601,4,True,True,0,6,False,False,0,0,False,False
3810,188232.8,268.86474051260126,14,24.309108696877956,5.828790076443363,4,True,True,0,6,False,False,0,0,False,False
3811,188233.0,246.37304871250885,15,11.255824774503708,3.936246109049996,4,True,True,0,6,False,False,0,0,False,False
3812,188233.2,242.89509774585918,16,8.48111054673791,3.3818984854859853,5,True,True,0,6,False,False,0,0,False,False
3813,188233.4,238.36177377498177,17,4.575561359524727,2.482430116226778,4,False,True,0,6,False,False,0,0,False,False
3814,188233.6,233.89222290561992,19,61.72456578937108,8.004645573232642,3,False,True,0,6,False,False,0,0,False,False
3815,188233.8,212.77161437386516,20,50.06087966635823,8.635245567246892,4,True,True,0,6,False,False,0,0,False,False
3816,188234.0,201.51919945768452,21,24.12078819423914,6.206765095233521,4,True,True,0,6,False,False,0,0,False,False
3817,188234.2,194.1302787595714,23,23.412526832770418,5.160332527155673,3,True,True,0,6,False,False,0,0,False,False
3818,188234.4,190.0987363467135,24,3.5413453802466393,2.3295756362613074,3,True,True,0,6,False,False,0,0,False,False
3819,188234.6,192.05163426406813,26,132.03506732995834,12.654999446668874,5,True,True,0,6,False,False,0,0,False,False
3820,188234.8,175.98358377517502,27,12.867869839072227,4.330154659727808,4,True,True,0,6,False,False,0,0,False,False
3821,188235.0,180.7284707104305,28,20.57755608484149,5.754824470781842,5,True,True,0,6,False,False,0,0,False,False
3822,188235.2,168.18595238051506,29,18.89393972977996,5.244985202778411,4,True,True,0,6,False,False,0,0,False,False
3823,188235.4,158.54830997771907,30,17.86607562750578,5.090107469748887,3,True,True,0,6,False,False,0,0,False,False
3824,188235.6,150.48193730363113,31,17.019524440169334,4.958451672184118,3,True,True,0,6,False,False,0,0,False,False
3825,188235.8,143.25528410182807,32,16.163227040320635,4.74992778050555,3,True,True,0,6,False,False,0,0,False,False
3826,188236.0,123.05028294582105,34,103.5453788570147,10.976761898458173,3,True,True,0,6,False,False,1,0,False,False
3827,188236.2,97.82551309825955,37,72.29378065828611,8.56523055506628,6,True,True,0,6,False,False,2,0,False,False
3828,188236.4,81.02181629102202,38,11.722863594531129,3.69544254737401,8,True,True,0,6,False,False,3,0,False,False
3829,188236.6,89.05898818264767,38,14.284460369488038,3.5670882251999663,19,True,True,0,6,False,False,4,0,False,False
3830,188236.8,93.95811590041522,37,15.79368164937103,3.8149577501596816,18,True,True,0,6,False,False,5,0,False,False
3831,188237.0,75.43261321425615,37,11.236013620288112,3.6399739716206176,13,True,True,0,6,False,False,6,0,False,False
3832,188237.2,79.88939874813121,37,12.42886878466019,3.6291457230955935,4,False,True,0,6,False,False,7,0,False,False
3833,188237.4,82.25469398047562,37,12.790906053842809,3.507923223797166,5,False,True,0,6,False,False,8,0,False,False
3834,188237.6,83.60081497012118,38,13.128429381268896,3.5381929811640087,4,False,True,0,6,False,False,9,0,False,False
3835,188237.8,84.21496470311709,39,13.359240552075818,3.589894052353128,2,False,True,0,6,False,False,10,0,False,False
3836,188238.0,84.46057692832508,40,13.338888278371861,3.578128934712202,2,False,True,0,6,False,False,11,0,False,False
3837,188238.2,84.47810369017463,41,13.028784989442332,3.5387433781000035,2,False,True,0,6,False,False,12,0,False,False
3838,188238.4,86.3672556337387,42,25.21662790543909,5.321879857921082,22,True,True,0,6,False,False,13,0,False,False
3839,188238.6,76.44530757198744,42,15.919787574898395,4.104003439653092,5,False,True,0,6,False,False,14,0,False,False
3840,188238.8,79.76659002404725,42,2.4890458323061466,2.01298112721993,25,False,True,0,6,False,False,15,0,False,False
3841,188239.0,82.95440278315193,42,1.3565679602324963,1.3565679602324963,19,True,True,0,6,False,False,16,0,False,False
3842,188239.2,85.0859617504743,41,1.067539844661951,1.067539844661951,19,True,True,0,6,False,False,17,0,False,False
3843,188239.4,86.84630802103433,41,0.9802120327949524,0.9802120327949524,20,True,True,0,6,False,False,18,0,False,False
3844,188239.6,88.44672901068255,40,0.8223046809434891,0.8223046809434891,20,True,True,0,6,False,False,19,0,False,False
3845,188239.8,89.98988048301317,40,0.6503407210111618,0.6503407210111618,20,True,True,0,6,False,False,20,0,False,False
3846,188240.0,91.53823726804873,41,1.6517692729685869,1.2509981632713196,20,True,True,0,6,False,False,21,0,False,False
3847,188240.2,93.08451036968678,42,1.707269525820461,1.2383593256557142,20,True,True,0,6,False,False,22,0,False,False
3848,188240.4,94.63628764170714,43,2.011996804900979,1.3328693434711696,20,True,True,0,6,False,False,23,0,False,False
3849,188240.6,96.2185035177953,44,2.042941107983598,1.358610007171562,21,True,True,0,6,False,False,24,0,False,False
3850,188240.8,97.82157606805974,45,2.0685097361275435,1.3663071110128415,21,True,True,0,6,False,False,25,0,False,False
3851,188241.0,99.42305199559836,45,2.688737309837818,1.5675462528031898,21,True,True,0,6,False,False,25,0,False,False
3852,188241.2,101.03290037186751,44,2.357245845234533,1.4494896967375797,21,True,True,0,6,False,False,25,0,False,False
3853,188241.4,102.67177038390126,44,2.1683480984164114,1.3683898272531763,21,True,True,0,6,False,False,25,0,False,False
3854,188241.6,104.37245819394701,44,1.7275333303433615,1.2094629221774718,21,True,True,0,6,False,False,25,0,False,False
3855,188241.8,106.09382913569763,44,1.0112912453463585,0.9307002569043491,21,True,True,0,6,False,False,25,0,False,False
3856,188242.0,107.82164146467889,44,0.4155304211691874,0.4155304211691874,21,True,True,0,6,False,False,25,0,False,False
3857,188242.2,109.53761495024158,44,0.6315555943953729,0.6315555943953729,21,True,True,0,6,False,False,25,0,False,False
3858,188242.4,111.26077592277618,43,0.6736294142901897,0.6736294142901897,20,True,True,0,6,False,False,25,0,False,False
3859,188242.6,112.98895393581714,42,0.5323795415461063,0.5323795415461063,20,True,True,0,6,False,False,25,0,False,False
3860,188242.8,114.74190332996041,41,0.12250032275915146,0.12250032275915146,20,True,True,0,6,False,False,25,0,False,False
3861,188243.0,116.31820318388198,40,0.014871068298816681,0.014871068298816681,25,False,True,0,6,False,False,25,0,False,False
3862,188243.2,117.43496454798445,39,0.5289001986384392,0.5289001986384392,4,True,True,0,6,False,False,25,0,False,False
3863,188243.4,119.33270673825471,38,0.40802405774593353,0.40802405774593353,6,True,True,0,6,False,False,25,0,False,False
3864,188243.6,121.21454357999602,37,0.4265262112021446,0.4265262112021446,6,True,True,0,6,False,False,25,0,False,False
3865,188243.8,123.02265145493344,37,0.25764020904898643,0.25764020904898643,5,True,True,0,6,False,False,25,0,False,False
3866,188244.0,124.74406925873333,37,0.008091382682323456,0.008091382682323456,3,False,True,0,6,False,False,25,0,False,False
3867,188244.2,126.35931855192773,37,0.09199254587292671,0.09199254587292671,3,True,True,0,6,False,False,25,0,False,False
3868,188244.4,127.97013219586266,37,0.2562149427831173,0.2562149427831173,3,True,True,0,6,False,False,25,0,False,False
3869,188244.6,129.5814741921848,37,0.4704601503908634,0.4704601503908634,3,True,True,0,6,False,False,25,0,False,False
3870,188244.8,131.1804341187061,37,0.6317872144281864,0.6317872144281864,2,True,True,0,6,False,False,25,0,False,False
3871,188245.0,132.75552178784312,36,0.6739065498113632,0.6739065498113632,3,True,True,0,6,False,False,25,0,False,False
3872,188245.2,134.33930096475285,35,0.509816687554121,0.509816687554121,4,True,True,0,6,False,False,25,0,False,False
3873,188245.4,135.89665657059305,34,0.7000753656029701,0.7000753656029701,3,False,True,0,6,False,False,25,0,False,False
3874,188245.6,137.45715305690118,33,0.8700442612171173,0.8700442612171173,3,False,True,0,6,False,False,25,0,False,False
3875,188245.8,138.9970982780214,33,7.551851058363521,2.7983916661171553,3,False,True,0,6,False,False,26,0,False,False
3876,188246.0,140.49284821995187,33,7.617301531149877,2.810379589241733,3,True,True,0,6,False,False,27,0,False,False
3877,188246.2,141.98167570757582,33,7.662732955094838,2.8224661612909174,3,True,True,0,6,False,False,28,0,False,False
3878,188246.4,143.4828954561937,33,7.728027506011557,2.902909323392717,3,True,True,0,6,False,False,29,0,False,False
3879,188246.6,144.9622957040682,33,7.77759117676181,2.634184541782306,4,False,True,0,6,False,False,30,0,False,False
3880,188246.8,146.40675829374143,33,7.656112287571904,2.621222195577141,3,False,True,0,6,False,False,31,0,False,False
3881,188247.0,147.85680674684787,33,7.553742122334714,2.588154609141955,3,True,True,0,6,False,False,31,0,False,False
3882,188247.2,149.22516603579305,33,7.511231301525392,2.6182672216818084,4,True,True,0,6,False,False,31,0,False,False
3883,188247.4,150.56584709967956,34,7.5409258028361945,2.657403070228727,4,True,True,0,6,False,False,31,0,False,False
3884,188247.6,151.86584106424073,35,7.685580775990413,2.668796360193605,4,True,True,0,6,False,False,31,0,False,False
3885,188247.8,153.14089936850525,36,7.62662858944409,2.629050250703171,3,True,True,0,6,False,False,31,0,False,False
3886,188248.0,154.38838261813933,37,7.671097162761028,2.6370559000386917,3,True,True,0,6,False,False,31,0,False,False
3887,188248.2,155.58983409882177,38,7.59590648526429,2.6448801330660774,3,True,True,0,6,False,False,31,0,False,False
3888,188248.4,156.71965201076029,40,43.46684009666281,6.697697002716266,2,True,True,0,6,False,False,32,0,False,False
3889,188248.6,157.25478772615298,41,5.3061236287188605,2.6278410975520887,15,True,True,0,6,False,False,33,0,False,False
3890,188248.8,157.79465753957493,42,5.515129649360277,2.5899514827004,11,True,True,0,6,False,False,33,0,False,False
3891,188249.0,158.6206230149489,43,5.591060597736234,2.3847726388284163,8,True,True,0,6,False,False,33,0,False,False
3892,188249.2,159.5161186234492,44,5.609667038590963,2.3551344088345503,3,True,True,0,6,False,False,33,0,False,False
3893,188249.4,160.32793386312554,45,5.584993104822122,2.3032909875507013,3,True,True,0,6,False,False,33,0,False,False
3894,188249.6,161.05132670369235,46,5.549237077984956,2.24692080270557,3,True,True,0,6,False,False,33,0,False,False
3895,188249.8,161.73384272018671,47,5.391168516440553,2.203567257325976,2,True,True,0,6,False,False,33,0,False,False
3896,188250.0,162.34249986806708,48,5.371143477187454,2.179679765175361,2,True,True,0,6,False,False,33,0,False,False
3897,188250.2,162.92273262512697,50,11.991670631983032,3.6437940080866515,2,True,True,0,6,False,False,33,0,False,False
3898,188250.4,163.49741730197053,52,11.699312278257718,3.614857711750401,2,True,True,0,6,False,False,33,0,False,False
3899,188250.6,165.95004304209172,54,11.59731756980214,3.6191782256872194,3,True,True,0,0,True,False,33,0,False,False
