epoch,tow,pos_err_m,n_dd_factors,dd_pr_rms_raw_m,dd_pr_rms_huber_m,lm_iterations,lm_converged,gnss_solved,anchor_factors,marginal_prior_dims,recovery_fired,imu_fill,n_dd_carrier,n_cross_window_prior,ar_accepted,epoch_fixed
0,187470.0,0.058269408865500985,0,inf,inf,0,False,False,0,0,False,True,0,0,False,False
1,187470.2,0.42929278519482195,14,1.1956485686225105,1.07109338655556,3,False,True,0,0,False,False,12,0,False,False
2,187470.4,0.6854317121835689,20,0.5831283934087573,0.5831283934087573,4,False,True,0,0,False,False,18,0,False,False
3,187470.6,0.8336517577553428,27,0.4474816051834004,0.4474816051834004,7,True,True,0,0,False,False,24,0,False,False
4,187470.8,0.1993646947929089,34,0.6122927012837397,0.6122927012837397,5,True,True,3,54,False,False,30,0,False,False
5,187471.0,0.16355785370189407,34,0.6246696131430141,0.6246696131430141,3,True,True,6,54,False,False,30,0,False,False
6,187471.2,0.1381647761924112,34,0.6485881709858569,0.6485881709858569,3,True,True,9,54,False,False,30,0,False,False
7,187471.4,0.11353208581331282,35,0.6729068035471841,0.6729068035471841,3,True,True,12,54,False,False,30,0,False,False
8,187471.6,0.09220859114798825,35,0.7257948122971144,0.7257948122971144,3,True,True,15,54,False,False,30,0,False,False
9,187471.8,0.08085166271541101,35,0.7731628367202549,0.7731628367202549,3,True,True,15,54,False,False,30,0,False,False
10,187472.0,0.07626901302226045,35,0.8480702566542148,0.8480702566542148,3,True,True,15,54,False,False,30,0,False,False
11,187472.2,0.07442312589428145,35,0.8740493957564561,0.8740493957564561,2,True,True,15,54,False,False,30,0,False,False
12,187472.4,0.07469380550743261,35,0.9803878972105876,0.9803878972105876,2,True,True,15,54,False,False,30,0,False,False
13,187472.6,0.0763415228736259,35,1.0497640197639067,1.048396985907843,2,True,True,15,54,False,False,30,0,False,False
14,187472.8,0.07586912029398803,35,1.1099551728428756,1.0647936130353701,2,True,True,15,54,False,False,30,0,False,False
15,187473.0,0.07667449021757244,35,1.019568260981475,1.0039749715601498,2,True,True,15,54,False,False,30,0,False,False
16,187473.2,0.07730492671510297,35,0.9801421869342786,0.9801421869342786,2,True,True,15,54,False,False,30,0,False,False
17,187473.4,0.07621286724569498,35,1.0067299088246882,1.0067299088246882,2,True,True,15,54,False,False,30,0,False,False
18,187473.6,0.07672573193651137,35,1.0511117767516276,1.0511117767516276,2,True,True,15,54,False,False,30,0,False,False
19,187473.8,0.07501938383246132,35,1.0425089519170325,1.0425089519170325,2,True,True,15,54,False,False,30,0,False,False
20,187474.0,0.07496343902224649,35,1.082535222186221,1.082535222186221,2,True,True,15,54,False,False,30,0,False,False
21,187474.2,0.07776528305258774,35,1.2011996645775538,1.1815900970753643,2,True,True,15,54,False,False,30,0,False,False
22,187474.4,0.07767025846465116,35,1.2582131175936244,1.2030514711778904,2,True,True,15,54,False,False,30,0,False,False
23,187474.6,0.07699307900568447,35,1.3082548710575006,1.2362565747122225,2,True,True,15,54,False,False,30,0,False,False
24,187474.8,0.0749691220910475,35,1.3470253944799573,1.2488616807456892,2,True,True,15,54,False,False,30,0,False,False
25,187475.0,0.07486180374031551,35,1.4336436425493981,1.2872842469622974,2,True,True,15,54,False,False,30,0,False,False
26,187475.2,0.07484998380631322,35,1.4713931973089163,1.30972446973693,2,True,True,15,54,False,False,30,0,False,False
27,187475.4,0.07123070972182104,35,1.5399570161606193,1.3484565370064732,3,True,True,15,54,False,False,30,0,False,False
28,187475.6,0.07069087269204873,35,1.599603608359873,1.386741436084162,2,True,True,15,54,False,False,30,0,False,False
29,187475.8,0.07090779011389496,35,1.660642625262522,1.4057817265096377,2,True,True,15,54,False,False,30,0,False,False
30,187476.0,0.07041489707231603,35,1.7257115662783091,1.4370837928071982,2,True,True,15,54,False,False,30,0,False,False
31,187476.2,0.07219912714896404,35,1.7188648533891744,1.4286003060687305,2,True,True,15,54,False,False,30,0,False,False
32,187476.4,0.07569849249031745,35,1.5371795739964402,1.3483512761709016,2,False,True,15,54,False,False,30,0,False,False
33,187476.6,0.0760833772572951,35,1.4571517403787597,1.319488159925087,2,True,True,15,54,False,False,30,0,False,False
34,187476.8,0.07766287454503171,35,1.4535130424523204,1.3027258510822652,2,True,True,15,54,False,False,30,0,False,False
35,187477.0,0.0763615944419997,35,1.400999084878184,1.2820086827156825,2,True,True,15,54,False,False,30,0,False,False
36,187477.2,0.07648843666959887,35,1.3274455211066776,1.2419788045588067,2,True,True,15,54,False,False,30,0,False,False
37,187477.4,0.07465686790765136,35,1.258080660804552,1.2180420462258175,2,True,True,15,54,False,False,30,0,False,False
38,187477.6,0.07497998285084101,35,1.240007069727269,1.2071459623729768,2,True,True,15,54,False,False,30,0,False,False
39,187477.8,0.07261225997658889,35,1.2398915871304443,1.1903604709233109,2,True,True,15,54,False,False,30,0,False,False
40,187478.0,0.07284632893279569,35,1.2773472163408852,1.1999458301529988,2,True,True,15,54,False,False,30,0,False,False
41,187478.2,0.07109312184568022,35,1.2957744509537101,1.2055239309888055,2,True,True,15,54,False,False,30,0,False,False
42,187478.4,0.06925991582520659,35,1.2854054016123488,1.2246487993510977,2,True,True,15,54,False,False,30,0,False,False
43,187478.6,0.07038927346762774,35,1.2240855882910906,1.1916775208356238,2,True,True,15,54,False,False,30,0,False,False
44,187478.8,0.07083118786853217,35,1.2037550157826034,1.1897951808514708,2,True,True,15,54,False,False,30,0,False,False
45,187479.0,0.0733281596087982,35,1.2360974168821601,1.192210157852247,2,True,True,15,54,False,False,30,0,False,False
46,187479.2,0.07235362113217213,35,1.2953191308501366,1.2141937807093883,2,True,True,15,54,False,False,30,0,False,False
47,187479.4,0.07124666050415578,35,1.2035279141594917,1.1567749746349276,2,True,True,15,54,False,False,30,0,False,False
48,187479.6,0.07118956662736921,35,1.1583456165174573,1.1208065683067685,2,True,True,15,54,False,False,30,0,False,False
49,187479.8,0.06944833747585345,35,1.0538278762064308,1.0538278762064308,2,True,True,15,54,False,False,30,0,False,False
50,187480.0,0.06863048934085969,35,0.985616882336239,0.985616882336239,2,True,True,15,54,False,False,30,0,False,False
51,187480.2,0.06474848826766465,35,0.9810012345155368,0.9810012345155368,2,True,True,15,54,False,False,30,0,False,False
52,187480.4,0.06253573659332405,35,0.9441061612463794,0.9441061612463794,2,True,True,15,54,False,False,30,0,False,False
53,187480.6,0.06041958004012705,35,1.0026684139643425,1.0026684139643425,2,True,True,15,54,False,False,30,0,False,False
54,187480.8,0.059001650636463204,35,0.9367995576934676,0.9367995576934676,2,True,True,15,54,False,False,30,0,False,False
55,187481.0,0.059843551365064834,35,0.9083741101038167,0.9083741101038167,2,True,True,15,54,False,False,30,0,False,False
56,187481.2,0.05900500163432263,35,0.912735789424866,0.912735789424866,2,True,True,15,54,False,False,30,0,False,False
57,187481.4,0.058905110140048816,35,0.8956852081156903,0.8956852081156903,2,True,True,15,54,False,False,30,0,False,False
58,187481.6,0.06054420753608421,35,1.0703205920621028,1.0324044355914137,2,True,True,15,54,False,False,30,0,False,False
59,187481.8,0.0649405389877881,35,1.0835099318957682,1.0266040690343405,2,False,True,15,54,False,False,30,0,False,False
60,187482.0,0.07292177104057185,35,1.1807041650559356,1.0612111612494062,2,False,True,15,54,False,False,30,0,False,False
61,187482.2,0.07141100349745064,35,1.2085511829906692,1.0602912103634003,2,True,True,15,54,False,False,30,0,False,False
62,187482.4,0.07653967275743725,35,1.1792405974643572,1.0471847051079095,2,True,True,15,54,False,False,30,0,False,False
63,187482.6,0.08228918362871322,35,1.151471172389477,1.0285991115682025,3,True,True,15,54,False,False,30,0,False,False
64,187482.8,0.0768614670063866,35,1.106533032360472,1.0142677182647872,3,True,True,15,54,False,False,30,0,False,False
65,187483.0,0.08598962745975301,35,1.084212036758223,0.9816082733808033,2,True,True,15,54,False,False,30,0,False,False
66,187483.2,0.07940607979189625,35,1.1304173252818908,1.0280357228919,3,True,True,15,54,False,False,30,0,False,False
67,187483.4,0.09508754966178906,34,1.1465109325552205,0.9953174171063666,2,True,True,15,53,False,False,29,0,False,False
68,187483.6,0.10163128617780476,34,1.2588601672093795,1.1437049440555076,2,True,True,15,52,False,False,28,0,False,False
69,187483.8,0.11496301174136307,34,1.1076586320580997,1.0281638040479928,2,True,True,15,51,False,False,27,0,False,False
70,187484.0,0.1191404892731073,34,0.9146715779761498,0.9054351380531648,3,True,True,15,50,False,False,26,0,False,False
71,187484.2,0.13027608806148852,34,0.8039071713358082,0.8039071713358082,3,False,True,15,49,False,False,25,0,False,False
72,187484.4,0.13323588544030035,35,0.6777887564399757,0.6777887564399757,3,True,True,15,50,False,False,26,0,False,False
73,187484.6,0.14021962953217987,35,0.6658593583026703,0.6658593583026703,3,True,True,15,51,False,False,27,0,False,False
74,187484.8,0.14438485634803003,35,0.5619188297367573,0.5619188297367573,3,True,True,15,52,False,False,28,0,False,False
75,187485.0,0.1380876073720551,35,0.5091777655586154,0.5091777655586154,3,True,True,15,52,False,False,28,0,False,False
76,187485.2,0.12683760167425923,35,0.42286907880090846,0.42286907880090846,3,True,True,15,53,False,False,29,0,False,False
77,187485.4,0.12298788810582731,35,0.36637755917634646,0.36637755917634646,3,True,True,15,52,False,False,28,0,False,False
78,187485.6,0.10924454400172257,35,0.3172937680145134,0.3172937680145134,3,True,True,15,52,False,False,28,0,False,False
79,187485.8,0.12135369354345239,35,0.2974685705398049,0.2974685705398049,3,True,True,15,52,False,False,28,0,False,False
80,187486.0,0.10294619618630207,35,0.2708811070404907,0.2708811070404907,3,True,True,15,53,False,False,29,0,False,False
81,187486.2,0.11022831255419774,35,0.27923903304116465,0.27923903304116465,3,True,True,15,53,False,False,29,0,False,False
82,187486.4,0.11265678596291684,35,0.2674393933650668,0.2674393933650668,3,True,True,15,54,False,False,30,0,False,False
83,187486.6,0.11742535967167694,35,0.30986382802646867,0.30986382802646867,3,True,True,15,54,False,False,30,0,False,False
84,187486.8,0.11953956943445652,35,0.30156943531248454,0.30156943531248454,3,True,True,15,54,False,False,30,0,False,False
85,187487.0,0.11395839480276007,35,0.3098936754700258,0.3098936754700258,3,True,True,15,54,False,False,30,0,False,False
86,187487.2,0.08192151395046336,35,0.308660192164112,0.308660192164112,3,True,True,15,54,False,False,30,0,False,False
87,187487.4,0.06100797748677789,35,0.30329615597509285,0.30329615597509285,3,True,True,15,54,False,False,30,0,False,False
88,187487.6,0.03273733635908337,35,0.3288248259409968,0.3288248259409968,3,True,True,15,54,False,False,30,0,False,False
89,187487.8,0.01544166993897845,35,0.3205287994057395,0.3205287994057395,3,True,True,15,54,False,False,30,0,False,False
90,187488.0,0.02821021312748429,35,0.32474856198394064,0.32474856198394064,3,True,True,15,54,False,False,30,0,False,False
91,187488.2,0.028536410469446362,34,0.364595667294582,0.364595667294582,3,True,True,15,54,False,False,30,0,False,False
92,187488.4,0.026048236633327743,33,0.35141682316461864,0.35141682316461864,3,True,True,15,54,False,False,30,0,False,False
93,187488.6,0.03256051886042522,32,0.3902371811950714,0.3902371811950714,3,True,True,15,54,False,False,30,0,False,False
94,187488.8,0.013062298317191278,31,0.42489147926466336,0.42489147926466336,3,True,True,15,53,False,False,29,0,False,False
95,187489.0,0.013257985838374826,30,0.4758482507175671,0.4758482507175671,3,True,True,15,52,False,False,28,0,False,False
96,187489.2,0.012012965685380296,30,0.44847561303469047,0.44847561303469047,3,True,True,15,51,False,False,27,0,False,False
97,187489.4,0.008183806572907699,31,0.6698971598180433,0.6698971598180433,3,True,True,15,50,False,False,26,0,False,False
98,187489.6,0.00983454847132923,32,0.5965135425070791,0.5965135425070791,3,True,True,15,49,False,False,25,0,False,False
99,187489.8,0.010212515541112055,33,0.5591805096619941,0.5591805096619941,3,True,True,15,49,False,False,25,0,False,False
100,187490.0,0.01669966416331192,34,0.5090727518461958,0.5090727518461958,3,True,True,15,49,False,False,25,0,False,False
101,187490.2,0.03415748066153457,35,0.44331982007809173,0.44331982007809173,3,True,True,15,49,False,False,25,0,False,False
102,187490.4,0.031987436940485496,34,0.39789073178709844,0.39789073178709844,3,True,True,15,49,False,False,25,0,False,False
103,187490.6,0.04495221025514804,34,0.3128867964014058,0.3128867964014058,3,True,True,15,49,False,False,25,0,False,False
104,187490.8,0.036990487373784124,33,0.31459322662775296,0.31459322662775296,3,True,True,15,49,False,False,25,0,False,False
105,187491.0,0.03645062162190591,32,0.2953152548552988,0.2953152548552988,3,True,True,15,49,False,False,25,0,False,False
106,187491.2,0.03568756884886432,31,0.3096141293224828,0.3096141293224828,3,True,True,15,49,False,False,25,0,False,False
107,187491.4,0.030044571079329913,30,0.2790688014525014,0.2790688014525014,3,True,True,15,49,False,False,25,0,False,False
108,187491.6,0.03493620868799557,29,0.2917583954200229,0.2917583954200229,3,True,True,15,50,False,False,26,0,False,False
109,187491.8,0.04329029418002794,29,0.3190306329402548,0.3190306329402548,3,True,True,15,50,False,False,26,0,False,False
110,187492.0,0.049549364549672986,29,0.31372348501154984,0.31372348501154984,3,True,True,15,50,False,False,26,0,False,False
111,187492.2,0.04904198866066864,28,0.30591859779007746,0.30591859779007746,3,True,True,15,50,False,False,26,0,False,False
112,187492.4,0.05059787301819799,29,0.32892251972124464,0.32892251972124464,3,True,True,15,50,False,False,26,0,False,False
113,187492.6,0.05898721116568053,29,0.2935767897450537,0.2935767897450537,3,True,True,15,49,False,False,25,0,False,False
114,187492.8,0.06176593454573497,29,0.2773970730665562,0.2773970730665562,3,True,True,15,49,False,False,25,0,False,False
115,187493.0,0.062721624176242,28,0.23416844663695835,0.23416844663695835,3,True,True,15,49,False,False,25,0,False,False
116,187493.2,0.061801276846548896,28,0.23912608483538272,0.23912608483538272,3,True,True,15,49,False,False,25,0,False,False
117,187493.4,0.058365498320203414,27,0.25308641972681334,0.25308641972681334,3,True,True,15,49,False,False,25,0,False,False
118,187493.6,0.05744534838098827,26,0.2487422357969712,0.2487422357969712,3,True,True,15,49,False,False,25,0,False,False
119,187493.8,0.06670422579356723,25,0.27778988443538966,0.27778988443538966,3,True,True,15,49,False,False,25,0,False,False
120,187494.0,0.06800351082414259,25,0.30738322192032225,0.30738322192032225,3,True,True,15,49,False,False,25,0,False,False
121,187494.2,0.06366439881093044,25,0.30485314262479235,0.30485314262479235,3,True,True,15,49,False,False,25,0,False,False
122,187494.4,0.06644214773423647,25,0.33311515892855253,0.33311515892855253,3,True,True,15,49,False,False,25,0,False,False
123,187494.6,0.06885389124451954,25,0.359058061494864,0.359058061494864,3,True,True,15,49,False,False,25,0,False,False
124,187494.8,0.06603697190739621,25,0.3982325213036467,0.3982325213036467,3,True,True,15,49,False,False,25,0,False,False
125,187495.0,0.06588991029171731,25,0.4112617900102395,0.4112617900102395,3,True,True,15,49,False,False,25,0,False,False
126,187495.2,0.06708137233633593,25,0.41288954351046886,0.41288954351046886,3,True,True,15,49,False,False,25,0,False,False
127,187495.4,0.04788750053070737,25,0.4540961360303075,0.4540961360303075,3,True,True,15,49,False,False,25,0,False,False
128,187495.6,0.05129171254036017,25,0.44020029343781203,0.44020029343781203,3,True,True,15,49,False,False,25,0,False,False
129,187495.8,0.04773900400689852,25,0.421880414324953,0.421880414324953,3,True,True,15,49,False,False,25,0,False,False
130,187496.0,0.036157072479048355,25,0.48049618216695655,0.48049618216695655,3,True,True,15,49,False,False,25,0,False,False
131,187496.2,0.0371346437096307,25,0.39854914837761446,0.39854914837761446,3,True,True,15,49,False,False,25,0,False,False
132,187496.4,0.03789751124052775,25,0.3805211234299863,0.3805211234299863,3,True,True,15,49,False,False,25,0,False,False
133,187496.6,0.03500492894926411,25,0.30710071979013714,0.30710071979013714,3,True,True,15,49,False,False,25,0,False,False
134,187496.8,0.03237599359232089,25,0.27284026734676187,0.27284026734676187,3,True,True,15,49,False,False,25,0,False,False
135,187497.0,0.042090622096920056,25,0.23863535842948877,0.23863535842948877,3,True,True,15,49,False,False,25,0,False,False
136,187497.2,0.044815252051812214,25,0.37245245693678863,0.37245245693678863,3,True,True,15,49,False,False,25,0,False,False
137,187497.4,0.05550899137688112,25,0.41355576974108016,0.41355576974108016,3,True,True,15,49,False,False,25,0,False,False
138,187497.6,0.043410486413281435,25,0.44146957135552034,0.44146957135552034,3,True,True,15,49,False,False,25,0,False,False
139,187497.8,0.0373154694252772,25,0.42189722935674906,0.42189722935674906,3,True,True,15,49,False,False,25,0,False,False
140,187498.0,0.03646014877095987,25,0.5424598174277273,0.5424598174277273,3,True,True,15,49,False,False,25,0,False,False
141,187498.2,0.027760540160828975,24,0.4618980871241629,0.4618980871241629,3,True,True,15,48,False,False,24,0,False,False
142,187498.4,0.0314242550524087,24,0.6164509341144429,0.6164509341144429,3,True,True,15,48,False,False,24,0,False,False
143,187498.6,0.019150186376010223,24,0.5219546842214119,0.5219546842214119,3,True,True,15,48,False,False,24,0,False,False
144,187498.8,0.011371736416066336,24,0.5684039766643619,0.5684039766643619,3,True,True,15,48,False,False,24,0,False,False
145,187499.0,0.02439876762376643,25,1.820552813555666,1.4892447779817177,2,True,True,15,48,False,False,24,0,False,False
146,187499.2,0.03864396287448938,27,1.7488968368263913,1.4263530305934362,2,True,True,15,49,False,False,25,0,False,False
147,187499.4,0.05328197275591412,28,1.7458737151421695,1.4187320025937513,2,True,True,15,49,False,False,25,0,False,False
148,187499.6,0.06028040341341169,28,0.5754586096748646,0.5754586096748646,2,False,True,15,49,False,False,25,0,False,False
149,187499.8,0.04789058328202461,28,0.7305993220803112,0.7305993220803112,2,True,True,15,49,False,False,25,0,False,False
150,187500.0,0.037185810347866756,27,0.7373659898489661,0.7373659898489661,2,True,True,15,49,False,False,25,0,False,False
151,187500.2,0.03690595479687192,27,0.7176755855749785,0.7176755855749785,2,True,True,15,49,False,False,25,0,False,False
152,187500.4,0.04977548023740211,27,0.709434257813155,0.709434257813155,2,True,True,15,49,False,False,25,0,False,False
153,187500.6,0.0543353563207769,28,0.7824625847634051,0.7824625847634051,2,True,True,15,49,False,False,25,0,False,False
154,187500.8,0.05692568341138992,29,0.7255075873655756,0.7255075873655756,2,True,True,15,49,False,False,25,0,False,False
155,187501.0,0.054268628156620397,30,0.6500198364495992,0.6500198364495992,3,True,True,15,49,False,False,25,0,False,False
156,187501.2,0.05317738340145828,30,0.6868176470935368,0.6868176470935368,3,True,True,15,49,False,False,25,0,False,False
157,187501.4,0.044036291362383365,30,0.6831795423278845,0.6831795423278845,3,True,True,15,49,False,False,25,0,False,False
158,187501.6,0.04656580284515175,30,0.7322528350150769,0.7322528350150769,3,True,True,15,49,False,False,25,0,False,False
159,187501.8,0.06246524796746002,29,0.6180256682422761,0.6180256682422761,3,True,True,15,49,False,False,25,0,False,False
160,187502.0,0.04392616739568741,28,0.5964324114719862,0.5964324114719862,3,True,True,15,49,False,False,25,0,False,False
161,187502.2,0.05139558157922341,27,0.6217431142343397,0.6217431142343397,3,True,True,15,49,False,False,25,0,False,False
162,187502.4,0.04380554188823012,26,0.6041532126328553,0.6041532126328553,3,True,True,15,49,False,False,25,0,False,False
163,187502.6,0.043373394495961164,25,0.5889361275643975,0.5889361275643975,3,True,True,15,49,False,False,25,0,False,False
164,187502.8,0.03947095195688873,25,0.5307753824270415,0.5307753824270415,3,True,True,15,49,False,False,25,0,False,False
165,187503.0,0.03116671841547276,25,0.4769957920439716,0.4769957920439716,3,True,True,15,49,False,False,25,0,False,False
166,187503.2,0.02638158669192792,25,0.4769954626177707,0.4769954626177707,3,True,True,15,49,False,False,25,0,False,False
167,187503.4,0.02318164025853787,25,0.42348135044579216,0.42348135044579216,3,True,True,15,49,False,False,25,0,False,False
168,187503.6,0.030626787966784235,25,0.36529954681792964,0.36529954681792964,3,True,True,15,49,False,False,25,0,False,False
169,187503.8,0.022776614152666866,25,0.32511509477830347,0.32511509477830347,3,True,True,15,49,False,False,25,0,False,False
170,187504.0,0.024880285518991168,25,0.3205713951340662,0.3205713951340662,3,True,True,15,49,False,False,25,0,False,False
171,187504.2,0.021301036500250312,25,0.2846737410649932,0.2846737410649932,3,True,True,15,49,False,False,25,0,False,False
172,187504.4,0.019161489931978228,25,0.2893672289190587,0.2893672289190587,3,True,True,15,49,False,False,25,0,False,False
173,187504.6,0.020308907923121573,25,0.3245298258117567,0.3245298258117567,3,True,True,15,49,False,False,25,0,False,False
174,187504.8,0.030087535111949747,25,0.3654434587877664,0.3654434587877664,3,True,True,15,49,False,False,25,0,False,False
175,187505.0,0.034271163764247124,25,0.39600716695073845,0.39600716695073845,3,True,True,15,49,False,False,25,0,False,False
176,187505.2,0.028474470324576225,25,0.4404982304736135,0.4404982304736135,3,True,True,15,49,False,False,25,0,False,False
177,187505.4,0.014766052653751315,26,3.0601647987222638,1.8346430896629349,2,True,True,15,49,False,False,25,0,False,False
178,187505.6,0.013483411227831515,27,2.7588810062516314,1.7194637053856476,2,False,True,15,49,False,False,25,0,False,False
179,187505.8,0.04620346606550235,28,2.5040927485322544,1.6293743911567533,2,False,True,15,49,False,False,25,0,False,False
180,187506.0,0.035354248495174545,30,2.1256695342127516,1.3540270041661853,2,True,True,15,49,False,False,25,0,False,False
181,187506.2,0.0206492845102031,31,2.1528869974200657,1.5133442296850885,2,True,True,15,48,False,False,24,0,False,False
182,187506.4,0.04842608701479742,32,1.8769459466099148,1.2718541571652606,2,False,True,15,48,False,False,24,0,False,False
183,187506.6,0.08895612949496985,33,1.7641409358772504,1.2461826566415224,2,False,True,15,48,False,False,24,0,False,False
184,187506.8,0.09507167318073749,33,1.6895167343261972,1.2241113753444315,2,False,True,15,47,False,False,23,0,False,False
185,187507.0,0.0746304267524311,33,1.3892924106456135,1.12809962223748,2,True,True,15,46,False,False,22,0,False,False
186,187507.2,0.05102699602225551,34,1.208513939196001,1.0547772439670244,2,True,True,15,46,False,False,22,0,False,False
187,187507.4,0.053109283247844266,35,1.0806299313539809,1.000062833539451,2,False,True,15,46,False,False,22,0,False,False
188,187507.6,0.048215802574988635,35,0.9991305043713338,0.9313895533449941,2,True,True,15,47,False,False,23,0,False,False
189,187507.8,0.03553967383424226,36,0.9317387420119728,0.9049932443040235,2,True,True,15,49,False,False,25,0,False,False
190,187508.0,0.04332599628296915,37,1.0610358547603145,1.0392410070841975,2,True,True,15,51,False,False,27,0,False,False
191,187508.2,0.044511268395062774,38,0.9988776645537444,0.9753250070774225,2,True,True,15,53,False,False,29,0,False,False
192,187508.4,0.06958921080881125,37,0.7328941965527003,0.7328941965527003,3,True,True,15,54,False,False,30,0,False,False
193,187508.6,0.06361471573603816,37,0.7485763054605002,0.7485763054605002,3,True,True,15,53,False,False,29,0,False,False
194,187508.8,0.07760004041732217,37,0.8838263737117713,0.8838263737117713,3,True,True,15,53,False,False,29,0,False,False
195,187509.0,0.05571960894021266,36,1.3399685122252034,1.2285840354972966,3,True,True,15,52,False,False,28,0,False,False
196,187509.2,0.034806945100231336,33,0.9563820374352111,0.9419115363963126,3,True,True,15,50,False,False,26,0,False,False
197,187509.4,0.033295290717774116,32,1.0401339915818157,1.0401339915818157,3,True,True,15,49,False,False,25,0,False,False
198,187509.6,0.027905411078356104,31,1.1893013850556786,1.1643733484451504,3,True,True,15,48,False,False,24,0,False,False
199,187509.8,0.03395403036470651,30,1.1854611307476415,1.1199437843389872,3,True,True,15,46,False,False,22,0,False,False
200,187510.0,0.03754736419133317,29,1.037697871219353,1.0232166917072705,3,True,True,15,45,False,False,21,0,False,False
201,187510.2,0.03625387428420461,30,0.8125719616418885,0.8125719616418885,3,True,True,15,45,False,False,21,0,False,False
202,187510.4,0.032416780522405146,30,0.7547337229557809,0.7547337229557809,3,True,True,15,45,False,False,21,0,False,False
203,187510.6,0.02861986657790332,30,0.75576261916392,0.75576261916392,3,True,True,15,46,False,False,22,0,False,False
204,187510.8,0.02938760459958535,30,0.6281214199094364,0.6281214199094364,3,True,True,15,47,False,False,23,0,False,False
205,187511.0,0.040686478089593504,30,0.5591210724091498,0.5591210724091498,3,True,True,15,48,False,False,24,0,False,False
206,187511.2,0.032283150795574464,30,0.5323988320976638,0.5323988320976638,3,True,True,15,49,False,False,25,0,False,False
207,187511.4,0.027580447706945503,30,0.49707642854204387,0.49707642854204387,3,True,True,15,49,False,False,25,0,False,False
208,187511.6,0.008132920947479933,31,2.238117520139372,1.4862436101865077,3,True,True,15,49,False,False,25,0,False,False
209,187511.8,0.007724333697435678,31,0.5297141912385414,0.5297141912385414,3,True,True,15,50,False,False,26,0,False,False
210,187512.0,0.00639165866428113,31,0.5299316919442528,0.5299316919442528,3,True,True,15,51,False,False,27,0,False,False
211,187512.2,0.030346723128178876,31,0.48679721592806496,0.48679721592806496,3,True,True,15,52,False,False,28,0,False,False
212,187512.4,0.031007346131225154,31,0.42752024924188814,0.42752024924188814,3,True,True,15,53,False,False,29,0,False,False
213,187512.6,0.01960113886022185,30,0.38537525307828807,0.38537525307828807,3,True,True,15,54,False,False,30,0,False,False
214,187512.8,0.009816084791671537,30,0.36130197255298,0.36130197255298,3,True,True,15,54,False,False,30,0,False,False
215,187513.0,0.02035387749040375,30,0.2800041968968802,0.2800041968968802,3,True,True,15,54,False,False,30,0,False,False
216,187513.2,0.014530961646423708,30,0.2617397535763912,0.2617397535763912,3,True,True,15,54,False,False,30,0,False,False
217,187513.4,0.03544342249979812,30,0.2553956266655447,0.2553956266655447,3,True,True,15,54,False,False,30,0,False,False
218,187513.6,0.0838723948276522,30,0.33185395255370986,0.33185395255370986,3,True,True,15,54,False,False,30,0,False,False
219,187513.8,0.09100673960344376,29,0.3062690468507898,0.3062690468507898,3,True,True,15,53,False,False,29,0,False,False
220,187514.0,0.03629753355192005,27,0.2578411533307088,0.2578411533307088,3,True,True,15,51,False,False,27,0,False,False
221,187514.2,0.03060702032480185,27,0.5187618053870924,0.5187618053870924,3,True,True,15,49,False,False,25,0,False,False
222,187514.4,0.03824256103944121,27,0.5915458738583748,0.5915458738583748,3,True,True,15,47,False,False,23,0,False,False
223,187514.6,0.028978929237892963,27,0.5422504941659916,0.5422504941659916,3,True,True,15,45,False,False,21,0,False,False
224,187514.8,0.1633426283063043,28,0.4741681762104719,0.4741681762104719,3,True,True,15,44,False,False,20,0,False,False
225,187515.0,0.09167389562524222,28,0.514179112190537,0.514179112190537,3,True,True,15,43,False,False,19,0,False,False
226,187515.2,0.07394351018758678,27,0.5127830765979648,0.5127830765979648,3,True,True,15,42,False,False,18,0,False,False
227,187515.4,0.11964330956239491,26,0.6287885765439257,0.6287885765439257,3,True,True,15,41,False,False,17,0,False,False
228,187515.6,0.123339857854835,25,0.8712275472151264,0.8712275472151264,3,True,True,15,40,False,False,16,0,False,False
229,187515.8,0.09173514838336062,24,0.9263078452344982,0.9263078452344982,2,True,True,15,38,False,False,14,0,False,False
230,187516.0,0.044933704661470224,25,0.9927451069085184,0.9429183417518282,3,True,True,15,37,False,False,13,0,False,False
231,187516.2,0.05820105412288165,27,6.02455247196383,2.6235815847855104,3,True,True,15,36,False,False,12,0,False,False
232,187516.4,0.0477587191040722,28,6.0084085152256295,2.470833558814782,3,True,True,15,35,False,False,11,0,False,False
233,187516.6,0.06404034381195904,29,5.8525459734678345,2.4384594441309893,3,True,True,15,35,False,False,11,0,False,False
234,187516.8,0.03769297884521636,28,6.440978348441839,2.734700605615275,3,True,True,15,36,False,False,12,0,False,False
235,187517.0,0.04530352998027931,28,5.544518860542318,2.5086919000184764,2,True,True,15,36,False,False,12,0,False,False
236,187517.2,0.0515065706694803,26,1.0421756386777008,1.0421756386777008,3,True,True,15,37,False,False,13,0,False,False
237,187517.4,0.04573846022492597,26,4.610293641604274,2.2679890493274875,3,True,True,15,38,False,False,14,0,False,False
238,187517.6,0.038980638790696236,25,1.0161205202649903,1.0161205202649903,3,True,True,15,37,False,False,13,0,False,False
239,187517.8,0.06541840234997283,26,0.9933463049846064,0.9933463049846064,3,True,True,15,36,False,False,12,0,False,False
240,187518.0,0.09346547722999678,26,1.09145699195694,1.09145699195694,2,True,True,15,36,False,False,12,0,False,False
241,187518.2,0.086712814877792,26,1.187305470150825,1.1679548656586074,3,True,True,15,35,False,False,11,0,False,False
242,187518.4,0.08148803876153066,25,1.4505449640185724,1.277945074874675,3,True,True,15,36,False,False,12,0,False,False
243,187518.6,0.05043158187998181,26,7.381746093530936,3.0120414159062663,2,False,True,15,38,False,False,14,0,False,False
244,187518.8,0.050222897615243525,27,6.999088837525979,2.9374660773167816,2,False,True,15,40,False,False,16,0,False,False
245,187519.0,12.786119838199088,27,7.40979529387805,3.1700635596708313,2,True,True,15,0,True,False,17,0,False,False
246,187519.2,0.7011949967982143,26,0.602390171896079,0.602390171896079,3,False,True,15,43,False,False,19,0,False,False
247,187519.4,0.10086145795139305,25,0.686232200332722,0.686232200332722,3,True,True,15,42,False,False,18,0,False,False
248,187519.6,0.10840787587045815,23,0.8060515934599877,0.8060515934599877,2,True,True,15,41,False,False,17,0,False,False
249,187519.8,0.1039927180661905,20,0.9084746912730692,0.9084746912730692,2,True,True,15,40,False,False,16,0,False,False
250,187520.0,0.051406493586835175,19,5.196580614055318,2.7432146244213964,3,True,True,15,39,False,False,15,0,False,False
251,187520.2,0.07424041302599596,19,4.760789188617997,2.6738066137402603,2,True,True,15,37,False,False,13,0,False,False
252,187520.4,0.05535825540010934,20,4.310641811743561,2.7310406658849917,3,True,True,15,36,False,False,12,0,False,False
253,187520.6,0.03159046238767621,21,4.025737432386,2.6573064755249405,3,True,True,15,35,False,False,11,0,False,False
254,187520.8,0.025697465851806663,22,3.7430751556606148,2.4454762051414876,3,True,True,15,34,False,False,10,0,False,False
255,187521.0,0.09025216947785954,22,1.5169776905596006,1.1490691899233554,3,True,True,15,34,False,False,10,0,False,False
256,187521.2,0.11544941342888541,23,2.8520935961896643,1.7436518760798727,3,True,True,15,34,False,False,10,0,False,False
257,187521.4,0.07709293776073337,23,2.9442230081420897,1.7906571508413938,3,True,True,15,34,False,False,10,0,False,False
258,187521.6,0.09368932258621498,23,2.843812469082384,1.758973997869768,3,True,True,15,34,False,False,10,0,False,False
259,187521.8,0.12647750223306597,25,2.642814657186307,1.8285720893799604,3,True,True,15,33,False,False,9,0,False,False
260,187522.0,0.1054055353651385,27,2.5614718466435056,1.7263106746604067,2,False,True,15,32,False,False,8,0,False,False
261,187522.2,0.04981197712694915,28,2.366544246735975,1.6519874130659138,2,False,True,15,31,False,False,7,0,False,False
262,187522.4,0.0555658917020036,30,2.397470749519623,1.769435901052975,2,True,True,15,30,False,False,6,0,False,False
263,187522.6,0.08702511995909848,32,1.7387626038108723,1.4393165129360745,2,False,True,15,29,False,False,5,0,False,False
264,187522.8,0.06583666724306148,33,1.703716552133497,1.4105704898679128,2,False,True,15,29,False,False,5,0,False,False
265,187523.0,0.1891085646060953,35,2.133807775197885,1.5936825462023072,2,False,True,15,30,False,False,6,0,False,False
266,187523.2,0.07723901038957795,37,2.0668450212557214,1.5756245936603142,3,True,True,15,31,False,False,7,0,False,False
267,187523.4,0.11190886144955432,38,2.2263223646222863,1.624240645378636,2,False,True,15,32,False,False,8,0,False,False
268,187523.6,0.04397105055666047,38,2.143162360869555,1.5613437372801482,2,False,True,15,32,False,False,8,0,False,False
269,187523.8,0.06058742934927712,39,2.4841076062615777,1.688813086190077,2,False,True,15,33,False,False,9,0,False,False
270,187524.0,0.045729199084074725,38,2.7409490021460416,1.8016790420363942,3,True,True,15,33,False,False,9,0,False,False
271,187524.2,0.04535531289274829,38,2.776865332337521,1.799722415195577,3,True,True,15,33,False,False,9,0,False,False
272,187524.4,0.05664113666395696,38,2.934906622989877,1.8436934370300249,3,True,True,15,34,False,False,10,0,False,False
273,187524.6,0.08114747120682053,39,3.1606534462905667,1.9239867957964802,3,True,True,15,36,False,False,12,0,False,False
274,187524.8,0.07660003463994769,39,3.2935168929399206,1.9828571569216964,3,True,True,15,38,False,False,14,0,False,False
275,187525.0,0.11194013874514461,40,3.417128500967773,2.0291575723397473,3,True,True,15,40,False,False,16,0,False,False
276,187525.2,0.13125356758504356,40,3.5804714007463834,2.0669224776397153,3,True,True,15,42,False,False,18,0,False,False
277,187525.4,0.06791891673968811,40,3.604797936759045,2.0611430121133507,3,True,True,15,42,False,False,18,0,False,False
278,187525.6,0.05933255722666449,40,3.716746034788971,2.076619443924792,3,True,True,15,43,False,False,19,0,False,False
279,187525.8,0.08313979369044985,40,3.6045496620221593,2.0325988041550676,2,False,True,15,42,False,False,18,0,False,False
280,187526.0,0.0775019401028904,40,3.374636338336312,1.9761432304373334,2,False,True,15,41,False,False,17,0,False,False
281,187526.2,0.0662693601312568,40,3.146551034225557,1.9117562432991428,2,False,True,15,41,False,False,17,0,False,False
282,187526.4,0.061027656038919756,40,2.8873818613030022,1.8403377031021575,2,False,True,15,42,False,False,18,0,False,False
283,187526.6,0.031196336440318176,40,2.801363181536922,1.7858253781244013,2,False,True,15,39,False,False,15,0,False,False
284,187526.8,0.030940973795359976,40,2.710747948662582,1.753435296229484,2,False,True,15,37,False,False,13,0,False,False
285,187527.0,0.052321670029093124,40,2.435984943838748,1.6269318426949753,2,False,True,15,35,False,False,11,0,False,False
286,187527.2,0.10072871901654297,40,2.232050735313753,1.529348113154394,2,False,True,15,32,False,False,8,0,False,False
287,187527.4,0.10482022682116722,40,2.0239646404161067,1.4543555237999444,2,False,True,15,29,False,False,5,0,False,False
288,187527.6,0.08236156273707711,40,1.9742987093736488,1.4066646313347702,2,False,True,15,29,False,False,5,0,False,False
289,187527.8,0.08211053506417701,39,1.801157606388689,1.2098772363573382,2,False,True,15,29,False,False,5,0,False,False
290,187528.0,0.060497960769282697,38,1.8059224268795833,1.2038883170965367,2,False,True,15,30,False,False,6,0,False,False
291,187528.2,0.030776366035971562,38,1.625913383275703,1.1756812544911204,2,False,True,15,31,False,False,7,0,False,False
292,187528.4,0.034189960875626355,37,1.5984272750954776,1.1109647902583837,2,True,True,15,32,False,False,8,0,False,False
293,187528.6,0.04045650448459339,36,1.4155306986829426,1.0030572963467708,2,True,True,15,33,False,False,9,0,False,False
294,187528.8,0.03966426952172808,36,1.4273339116577584,1.187029088709105,2,True,True,15,36,False,False,12,0,False,False
295,187529.0,0.05122437416446919,37,1.5725846940396684,1.2656004735956632,2,True,True,15,38,False,False,14,0,False,False
296,187529.2,0.045645831995044406,36,1.062656981763218,0.9184482634818143,3,True,True,15,39,False,False,15,0,False,False
297,187529.4,0.05743730867334506,36,0.9250797035511666,0.8407242325942726,3,True,True,15,41,False,False,17,0,False,False
298,187529.6,0.05117707878174344,36,0.7906914209733673,0.7654457492512018,3,True,True,15,43,False,False,19,0,False,False
299,187529.8,0.04882784788576512,36,0.6536484922283992,0.6536484922283992,3,True,True,15,43,False,False,19,0,False,False
300,187530.0,0.05491327598988209,36,2.047462315614457,1.2744034343944366,3,True,True,15,43,False,False,19,0,False,False
301,187530.2,0.04840895720408108,35,0.6275433057547217,0.6275433057547217,2,True,True,15,44,False,False,20,0,False,False
302,187530.4,0.06482227970838493,35,2.337877256730914,1.591557082487448,2,False,True,15,45,False,False,21,0,False,False
303,187530.6,0.034798758375279855,33,0.4207576105824441,0.4207576105824441,3,False,True,15,46,False,False,22,0,False,False
304,187530.8,0.04027223483086325,32,0.5348100035492892,0.5348100035492892,3,False,True,15,47,False,False,23,0,False,False
305,187531.0,0.028180238581229713,30,0.4624323918131141,0.4624323918131141,3,False,True,15,49,False,False,25,0,False,False
306,187531.2,0.013173563433310154,30,0.4923045037607962,0.4923045037607962,3,False,True,15,50,False,False,26,0,False,False
307,187531.4,0.006186271645803846,29,0.5008156996174922,0.5008156996174922,3,True,True,15,50,False,False,26,0,False,False
308,187531.6,0.009901302603843556,31,0.778713703445123,0.778713703445123,3,True,True,15,50,False,False,26,0,False,False
309,187531.8,0.011309877102755413,31,0.3985776295274351,0.3985776295274351,3,True,True,15,51,False,False,27,0,False,False
310,187532.0,0.029235122346905288,31,0.38706399762922467,0.38706399762922467,3,True,True,15,50,False,False,26,0,False,False
311,187532.2,0.04428910449699667,31,0.3502708188862942,0.3502708188862942,3,True,True,15,51,False,False,27,0,False,False
312,187532.4,0.031097593361760403,30,0.2695410751578387,0.2695410751578387,3,True,True,15,51,False,False,27,0,False,False
313,187532.6,0.02484113715900731,29,0.2757808779365525,0.2757808779365525,3,True,True,15,51,False,False,27,0,False,False
314,187532.8,0.027798078152348915,29,0.326258854831884,0.326258854831884,3,True,True,15,50,False,False,26,0,False,False
315,187533.0,0.039278181537429215,29,0.3640697029044535,0.3640697029044535,3,True,True,15,50,False,False,26,0,False,False
316,187533.2,0.02204162839993801,29,0.3952364232074055,0.3952364232074055,3,True,True,15,49,False,False,25,0,False,False
317,187533.4,0.02441222683136633,30,0.4606045841613264,0.4606045841613264,3,True,True,15,49,False,False,25,0,False,False
318,187533.6,0.029999666795095026,30,0.427251896442752,0.427251896442752,3,True,True,15,49,False,False,25,0,False,False
319,187533.8,0.05921441295440505,31,1.4790221236909402,1.141620205796179,3,True,True,15,49,False,False,25,0,False,False
320,187534.0,0.07471654377247108,32,1.6872276930230796,1.2443589758170899,3,True,True,15,49,False,False,25,0,False,False
321,187534.2,0.08243480185098696,32,0.5908415938106324,0.5908415938106324,3,True,True,15,49,False,False,25,0,False,False
322,187534.4,0.0739322536666292,32,0.6438234019152539,0.6438234019152539,3,True,True,15,49,False,False,25,0,False,False
323,187534.6,0.06659411684022096,31,0.47847069081160637,0.47847069081160637,3,True,True,15,49,False,False,25,0,False,False
324,187534.8,0.07479655083826317,30,0.7250977652070879,0.7250977652070879,3,True,True,15,49,False,False,25,0,False,False
325,187535.0,0.06965119184060384,29,0.8861844912479264,0.8861844912479264,3,True,True,15,49,False,False,25,0,False,False
326,187535.2,0.05239676412352576,29,1.052734555596204,1.052734555596204,3,True,True,15,49,False,False,25,0,False,False
327,187535.4,0.03693781392906306,29,1.0169334158948686,1.0169334158948686,3,True,True,15,49,False,False,25,0,False,False
328,187535.6,0.05270537566728854,30,0.7468544722455015,0.7468544722455015,3,True,True,15,49,False,False,25,0,False,False
329,187535.8,0.05222481807386192,30,0.5963002542357204,0.5963002542357204,3,True,True,15,49,False,False,25,0,False,False
330,187536.0,0.044548112481483076,29,0.5311050501661896,0.5311050501661896,3,True,True,15,49,False,False,25,0,False,False
331,187536.2,0.05378239389558316,29,0.4779323054008722,0.4779323054008722,3,True,True,15,49,False,False,25,0,False,False
332,187536.4,0.0659383377131031,29,0.4633613989195291,0.4633613989195291,3,True,True,15,49,False,False,25,0,False,False
333,187536.6,0.0617180120369014,30,3.0155647479134084,1.6193568791917736,3,True,True,15,49,False,False,25,0,False,False
334,187536.8,0.05032421886863129,30,0.48883624500011646,0.48883624500011646,3,True,True,15,49,False,False,25,0,False,False
335,187537.0,0.06671327636048109,31,0.5372414704865803,0.5372414704865803,3,True,True,15,49,False,False,25,0,False,False
336,187537.2,0.07473932238187404,32,2.816640792761872,1.5980507705463312,3,True,True,15,49,False,False,25,0,False,False
337,187537.4,0.07823826522336587,33,2.407698326365361,1.4418018364156886,3,True,True,15,49,False,False,25,0,False,False
338,187537.6,0.10007144640895477,33,2.206052078071197,1.3802248244294704,2,True,True,15,49,False,False,25,0,False,False
339,187537.8,0.07585117347792204,34,2.093895139655346,1.3510962807358717,3,True,True,15,49,False,False,25,0,False,False
340,187538.0,0.07310313843087198,35,1.9278408758360108,1.3072201738633398,2,True,True,15,49,False,False,25,0,False,False
341,187538.2,0.08420790179311528,35,1.7516680624727858,1.3072536875253915,2,True,True,15,49,False,False,25,0,False,False
342,187538.4,0.0683349511747346,34,1.650937790848359,1.3842787003325125,3,True,True,15,49,False,False,25,0,False,False
343,187538.6,0.07098626995540597,33,1.4652793364299608,1.3116069626519344,3,True,True,15,49,False,False,25,0,False,False
344,187538.8,0.06820176347991375,32,1.2637074809028608,1.2182315761956755,3,True,True,15,49,False,False,25,0,False,False
345,187539.0,0.04286913554840223,31,0.9331729056039283,0.9331729056039283,3,True,True,15,49,False,False,25,0,False,False
346,187539.2,0.04924454074438639,29,0.6051669672219604,0.6051669672219604,3,True,True,15,49,False,False,25,0,False,False
347,187539.4,0.058531525199784405,28,0.6318024818044663,0.6318024818044663,3,True,True,15,49,False,False,25,0,False,False
348,187539.6,0.046899512824001545,27,0.5525793438299923,0.5525793438299923,3,True,True,15,49,False,False,25,0,False,False
349,187539.8,0.045933450805802314,26,0.6461632559610287,0.6461632559610287,3,True,True,15,49,False,False,25,0,False,False
350,187540.0,0.04218609874903003,25,0.5921039562070312,0.5921039562070312,3,True,True,15,49,False,False,25,0,False,False
351,187540.2,0.03804065209792125,25,0.6413946979994681,0.6413946979994681,3,True,True,15,49,False,False,25,0,False,False
352,187540.4,0.04948003546584101,25,0.7076336135881411,0.7076336135881411,3,True,True,15,49,False,False,25,0,False,False
353,187540.6,0.05792763909914954,25,0.7802623755613111,0.7802623755613111,3,True,True,15,49,False,False,25,0,False,False
354,187540.8,0.05496887442961873,25,0.8532277292502481,0.8519350899669219,3,True,True,15,49,False,False,25,0,False,False
355,187541.0,0.04658783110497561,25,0.803506676907554,0.803506676907554,3,True,True,15,49,False,False,25,0,False,False
356,187541.2,0.05958072835702638,25,0.8313938572108057,0.8313938572108057,3,True,True,15,49,False,False,25,0,False,False
357,187541.4,0.06365275774192794,25,0.9326613744176573,0.9013284746439885,3,True,True,15,49,False,False,25,0,False,False
358,187541.6,0.059530817399264704,26,1.9616533594009065,1.629668033025853,3,True,True,15,49,False,False,25,0,False,False
359,187541.8,0.05474364736937411,27,1.9756930074153312,1.6161820722903528,3,True,True,15,49,False,False,25,0,False,False
360,187542.0,0.047315845789286014,28,2.0338975967805784,1.6361447634108994,3,True,True,15,49,False,False,25,0,False,False
361,187542.2,0.056232599146710485,29,2.2079736594357167,1.6891678379443116,3,True,True,15,49,False,False,25,0,False,False
362,187542.4,0.05918384664935477,30,2.196296850231549,1.6252054789549881,3,True,True,15,49,False,False,25,0,False,False
363,187542.6,0.058147801658742095,30,2.0985409835100612,1.5867229696045293,3,True,True,15,49,False,False,25,0,False,False
364,187542.8,0.05367373077677271,30,2.0387822186350917,1.5206869193487746,3,True,True,15,49,False,False,25,0,False,False
365,187543.0,0.0457479807371302,30,2.016691172453633,1.5141070489362258,3,True,True,15,49,False,False,25,0,False,False
366,187543.2,0.04795028538278689,30,1.6585846487255382,1.3703704390272147,3,True,True,15,49,False,False,25,0,False,False
367,187543.4,0.04945318539055206,30,1.5842169257543888,1.329607415108234,3,True,True,15,49,False,False,25,0,False,False
368,187543.6,0.04559366929664976,30,1.5460556498963782,1.3393264656827126,3,True,True,15,49,False,False,25,0,False,False
369,187543.8,0.03966061980651246,30,1.6510064415289187,1.348233240162358,3,True,True,15,49,False,False,25,0,False,False
370,187544.0,0.035740197705226136,30,1.6966618222125962,1.3612666899382704,3,True,True,15,49,False,False,25,0,False,False
371,187544.2,0.03876851184182402,30,1.956180493716282,1.4849535133585556,3,True,True,15,49,False,False,25,0,False,False
372,187544.4,0.04385553613464222,30,1.8578917801526318,1.447760015109531,3,True,True,15,49,False,False,25,0,False,False
373,187544.6,0.042180853290547035,30,1.7035882293927593,1.379721881183609,3,True,True,15,49,False,False,25,0,False,False
374,187544.8,0.03835938380394406,30,1.5968441091999734,1.3314004827230441,3,True,True,15,49,False,False,25,0,False,False
375,187545.0,0.03235766846855632,30,1.5915299439623456,1.3299557750968933,3,True,True,15,49,False,False,25,0,False,False
376,187545.2,0.03552546423581285,30,1.4799920920263483,1.2821330296565536,3,True,True,15,49,False,False,25,0,False,False
377,187545.4,0.03833684441386618,30,1.4427820614188958,1.2615229706740934,3,True,True,15,49,False,False,25,0,False,False
378,187545.6,0.040019935989825034,30,1.4551331039733053,1.279660341279948,3,True,True,15,49,False,False,25,0,False,False
379,187545.8,0.03539812223270243,30,1.5433014579301423,1.318665284674702,3,True,True,15,49,False,False,25,0,False,False
380,187546.0,0.029998898919461232,30,1.5208069703418219,1.3135790666329756,3,True,True,15,49,False,False,25,0,False,False
381,187546.2,0.03478437850037086,30,1.538779235572742,1.3229646010350393,3,True,True,15,49,False,False,25,0,False,False
382,187546.4,0.040393983304617326,30,1.5691249816822568,1.336730502461696,3,True,True,15,49,False,False,25,0,False,False
383,187546.6,0.04359205616987131,30,1.6183882879365217,1.34943599121997,3,True,True,15,49,False,False,25,0,False,False
384,187546.8,0.04124066483455055,30,1.5936236930236787,1.3632859331935192,3,True,True,15,49,False,False,25,0,False,False
385,187547.0,0.03703995411672313,30,1.4694332641641028,1.3213836661582274,3,True,True,15,49,False,False,25,0,False,False
386,187547.2,0.040928837066728604,30,1.4309484041831848,1.2856653575900385,3,True,True,15,49,False,False,25,0,False,False
387,187547.4,0.04573715615413456,30,1.41701729253046,1.284364228459348,3,True,True,15,49,False,False,25,0,False,False
388,187547.6,0.04509234598755693,30,1.4005958636612286,1.2965145592763863,3,True,True,15,49,False,False,25,0,False,False
389,187547.8,0.04305737694819485,30,1.33377703725064,1.2653548895351,3,True,True,15,49,False,False,25,0,False,False
390,187548.0,0.035306111140759475,30,1.2417911013827316,1.2136219178832914,3,True,True,15,49,False,False,25,0,False,False
391,187548.2,0.039117601888405226,30,1.2291786599750987,1.2053826374687966,3,True,True,15,49,False,False,25,0,False,False
392,187548.4,0.04252887506953524,30,1.25206002586017,1.228955869749398,3,True,True,15,49,False,False,25,0,False,False
393,187548.6,0.04521495615050283,30,1.2744873128566254,1.2455811585942662,3,True,True,15,49,False,False,25,0,False,False
394,187548.8,0.04133592674919034,30,1.3180143349503415,1.261829271698752,3,True,True,15,49,False,False,25,0,False,False
395,187549.0,0.033746237367249285,30,1.291968438728217,1.253461911412521,3,True,True,15,49,False,False,25,0,False,False
396,187549.2,0.0400104620554647,30,1.3482789742412928,1.2631728515291454,3,True,True,15,49,False,False,25,0,False,False
397,187549.4,0.0464721544374047,30,1.364314891441479,1.2579046917511383,3,True,True,15,49,False,False,25,0,False,False
398,187549.6,0.04729489599949401,30,1.4891249383309917,1.322089283756391,3,True,True,15,49,False,False,25,0,False,False
399,187549.8,0.04408534939645841,30,1.578964657223328,1.3583719118650908,3,True,True,15,49,False,False,25,0,False,False
400,187550.0,0.03457494928012748,30,1.6579604071768157,1.3762395206268196,3,True,True,15,49,False,False,25,0,False,False
401,187550.2,0.04113263390735257,30,1.604784760978008,1.3436374747600262,3,True,True,15,49,False,False,25,0,False,False
402,187550.4,0.04373611184577787,30,1.6524105816009431,1.3469850533867342,3,True,True,15,49,False,False,25,0,False,False
403,187550.6,0.05271291966403086,31,7.375378331697296,2.502394827235504,3,True,True,15,49,False,False,25,0,False,False
404,187550.8,0.05415008917787351,32,7.319493246240884,2.5062837103583138,3,True,True,15,49,False,False,25,0,False,False
405,187551.0,6.258318245147788,33,7.5519403955982645,2.530269616490133,3,True,True,15,0,True,False,25,0,False,False
406,187551.2,0.26834636942394885,34,7.536571306074766,2.5263243358564256,4,True,True,15,49,False,False,25,0,False,False
407,187551.4,0.09832718614630313,35,7.718306073891101,2.5394783808068606,3,True,True,15,49,False,False,25,0,False,False
408,187551.6,6.957030993698342,35,7.785455374150777,2.51735821080117,3,True,True,15,0,True,False,25,0,False,False
409,187551.8,0.3021663260227273,35,7.790273886961977,2.517860395853794,4,True,True,15,49,False,False,25,0,False,False
410,187552.0,0.09217250230686405,35,7.940191231685155,2.5171187950644147,3,True,True,15,49,False,False,25,0,False,False
411,187552.2,7.0828023888071066,35,7.828562917584955,2.493755372329546,3,True,True,15,0,True,False,25,0,False,False
412,187552.4,0.2995954830951655,34,1.0117752726844955,1.0117752726844955,4,True,True,15,49,False,False,25,0,False,False
413,187552.6,0.06718413262164188,33,0.827235647161087,0.827235647161087,3,True,True,15,49,False,False,25,0,False,False
414,187552.8,0.04338370283623944,32,0.6896778661065215,0.6896778661065215,3,True,True,15,49,False,False,25,0,False,False
415,187553.0,0.026889886335662094,31,0.5265897553539322,0.5265897553539322,3,True,True,15,49,False,False,25,0,False,False
416,187553.2,0.017475620111822663,31,7.349579450306488,2.272838330887796,3,True,True,15,49,False,False,25,0,False,False
417,187553.4,0.019787306130803862,32,7.020754179604889,2.18611159391998,3,True,True,15,49,False,False,25,0,False,False
418,187553.6,7.2829089901660256,33,6.7499969963114355,2.1679736664457447,3,True,True,15,0,True,False,25,0,False,False
419,187553.8,0.26364576524715283,34,6.565892983073758,2.1927280080847176,4,True,True,15,49,False,False,25,0,False,False
420,187554.0,0.0532119437159695,35,6.060386713446451,2.072591146916673,3,True,True,15,49,False,False,25,0,False,False
421,187554.2,0.04050206455496672,35,5.8555932337373315,2.0202062468464237,3,True,True,15,48,False,False,24,0,False,False
422,187554.4,0.038082148096715576,35,5.712046589080059,2.0248070651402297,3,True,True,15,48,False,False,24,0,False,False
423,187554.6,0.03136382169419549,35,5.5170744450238,2.002110461035964,3,True,True,15,48,False,False,24,0,False,False
424,187554.8,0.03283871033150591,34,0.6387581016753221,0.6387581016753221,3,True,True,15,48,False,False,24,0,False,False
425,187555.0,0.039277706425205026,33,0.6570008139455363,0.6570008139455363,3,True,True,15,48,False,False,24,0,False,False
426,187555.2,0.039586933283698465,32,0.7146523312293245,0.7146523312293245,3,True,True,15,49,False,False,25,0,False,False
427,187555.4,0.041852064586600256,31,0.6877680667858954,0.6877680667858954,3,True,True,15,49,False,False,25,0,False,False
428,187555.6,0.03209562134691773,30,0.5678277258986787,0.5678277258986787,3,True,True,15,49,False,False,25,0,False,False
429,187555.8,0.02090112719474005,30,0.5012325072062408,0.5012325072062408,3,True,True,15,49,False,False,25,0,False,False
430,187556.0,0.027934723400205277,30,0.5252550195839794,0.5252550195839794,3,True,True,15,49,False,False,25,0,False,False
431,187556.2,0.025845802760208567,30,0.511545215804504,0.511545215804504,3,True,True,15,49,False,False,25,0,False,False
432,187556.4,0.03388439892491839,31,1.7898524976209744,1.1435527620137282,3,True,True,15,49,False,False,25,0,False,False
433,187556.6,0.03692848135055719,32,1.705261464169695,1.1099640117805858,3,True,True,15,49,False,False,25,0,False,False
434,187556.8,0.03848324718305829,33,1.6010126508477949,1.0753491520080083,2,True,True,15,49,False,False,25,0,False,False
435,187557.0,0.044695329131139896,34,1.4758840858398559,1.0232440015826672,3,True,True,15,49,False,False,25,0,False,False
436,187557.2,0.04818265048425987,35,1.4384510758265239,1.0265444619238153,3,True,True,15,49,False,False,25,0,False,False
437,187557.4,0.048599012686319214,35,1.4179634179372624,1.0419718360060162,3,True,True,15,49,False,False,25,0,False,False
438,187557.6,0.05310588836535021,35,1.3930544779333698,1.050391409712345,3,True,True,15,49,False,False,25,0,False,False
439,187557.8,0.05733571370111636,35,1.3999764056490496,1.0741308758808261,3,True,True,15,49,False,False,25,0,False,False
440,187558.0,0.055370152058588466,35,1.2873798304238235,1.0670315635362266,3,True,True,15,49,False,False,25,0,False,False
441,187558.2,0.05771903463441335,35,1.3372517464275684,1.091579380255999,3,True,True,15,49,False,False,25,0,False,False
442,187558.4,0.06045848347579646,35,1.2743627228663732,1.059483910750245,3,True,True,15,49,False,False,25,0,False,False
443,187558.6,0.05321973125385504,35,1.2477124203422136,1.057193718226891,3,True,True,15,49,False,False,25,0,False,False
444,187558.8,0.05758877586189749,35,1.2185750819779553,1.0485244418145767,3,True,True,15,49,False,False,25,0,False,False
445,187559.0,0.05356369852069728,35,1.2708436907587364,1.0867663787065285,3,True,True,15,49,False,False,25,0,False,False
446,187559.2,0.052061580214123555,35,1.257381064326047,1.0906851919808453,3,True,True,15,49,False,False,25,0,False,False
447,187559.4,0.05269733098961518,35,1.2115721661242738,1.0874341994970775,3,True,True,15,49,False,False,25,0,False,False
448,187559.6,0.051688961439816015,35,1.0946752978812408,1.0089572811078789,3,True,True,15,49,False,False,25,0,False,False
449,187559.8,0.0492976921910296,35,1.0465867922616379,0.976168267644671,3,True,True,15,49,False,False,25,0,False,False
450,187560.0,0.04579727080288075,35,0.9592491032954428,0.9230989012430109,3,True,True,15,49,False,False,25,0,False,False
451,187560.2,0.04427497872616992,35,0.8576854593358395,0.8276827424884022,3,True,True,15,49,False,False,25,0,False,False
452,187560.4,0.045984404966789544,35,0.7073928341008215,0.7073928341008215,3,True,True,15,50,False,False,26,0,False,False
453,187560.6,0.04154893914178915,35,0.6555680036416471,0.6555680036416471,3,True,True,15,51,False,False,27,0,False,False
454,187560.8,0.037293013497842864,35,0.6931261710216765,0.6931261710216765,3,True,True,15,53,False,False,29,0,False,False
455,187561.0,0.03587143907869888,35,0.7219433349432969,0.7219433349432969,3,True,True,15,55,False,False,31,0,False,False
456,187561.2,0.032889585031590486,35,0.6789485862591826,0.6789485862591826,3,True,True,15,57,False,False,33,0,False,False
457,187561.4,0.03311478632279387,35,0.6446460814910988,0.6446460814910988,3,True,True,15,58,False,False,34,0,False,False
458,187561.6,0.032262240029760435,35,0.6664268497858148,0.6664268497858148,3,True,True,15,59,False,False,35,0,False,False
459,187561.8,0.032281608491412095,35,0.6363367594384418,0.6363367594384418,3,True,True,15,59,False,False,35,0,False,False
460,187562.0,0.030929684863257072,35,0.6258829961254186,0.6258829961254186,3,True,True,15,59,False,False,35,0,False,False
461,187562.2,0.02974831939359339,35,0.6236432626750223,0.6236432626750223,3,True,True,15,59,False,False,35,0,False,False
462,187562.4,0.029450137331016105,35,0.5825617892895746,0.5825617892895746,3,True,True,15,59,False,False,35,0,False,False
463,187562.6,0.027531727233341238,35,0.5768946695215822,0.5768946695215822,3,True,True,15,59,False,False,35,0,False,False
464,187562.8,0.02849206919706839,35,0.6018688560778699,0.6018688560778699,3,True,True,15,59,False,False,35,0,False,False
465,187563.0,0.030765640961954402,35,0.5914741905967704,0.5914741905967704,3,True,True,15,59,False,False,35,0,False,False
466,187563.2,0.028198289442358988,35,0.5562525504018563,0.5562525504018563,3,True,True,15,59,False,False,35,0,False,False
467,187563.4,0.02760736353023888,35,0.5739530173062367,0.5739530173062367,3,True,True,15,59,False,False,35,0,False,False
468,187563.6,0.027231813380768452,35,0.6159558790794407,0.6159558790794407,3,True,True,15,59,False,False,35,0,False,False
469,187563.8,0.02983069927175042,35,0.639097301192493,0.639097301192493,3,True,True,15,59,False,False,35,0,False,False
470,187564.0,0.030696420525720955,35,0.6486487524752715,0.6486487524752715,3,True,True,15,59,False,False,35,0,False,False
471,187564.2,0.02750969436128338,35,0.6365110891519807,0.6365110891519807,3,True,True,15,59,False,False,35,0,False,False
472,187564.4,0.02879167389096728,35,0.6519989091315666,0.6519989091315666,3,True,True,15,59,False,False,35,0,False,False
473,187564.6,0.02711987266351063,35,0.6722301207738318,0.6722301207738318,3,True,True,15,59,False,False,35,0,False,False
474,187564.8,0.024595394154431564,35,0.7604726285853628,0.7604726285853628,3,True,True,15,59,False,False,35,0,False,False
475,187565.0,0.02956422245320108,35,0.8253089712886937,0.8253089712886937,3,True,True,15,59,False,False,35,0,False,False
476,187565.2,0.034647563159994,35,0.7994149339797051,0.7994149339797051,3,True,True,15,59,False,False,35,0,False,False
477,187565.4,0.03885448287728518,35,0.7845612217425699,0.7845612217425699,3,True,True,15,59,False,False,35,0,False,False
478,187565.6,0.037297470064731345,35,0.7997507968155825,0.7997507968155825,3,True,True,15,59,False,False,35,0,False,False
479,187565.8,0.03662634540530256,35,0.808124542877815,0.808124542877815,3,True,True,15,59,False,False,35,0,False,False
480,187566.0,0.033063298320814186,35,0.8030272108116415,0.8030272108116415,3,True,True,15,59,False,False,35,0,False,False
481,187566.2,0.035365525814437485,35,0.7733483250292773,0.7733483250292773,3,True,True,15,59,False,False,35,0,False,False
482,187566.4,0.040909472901168274,35,0.7431598602317453,0.7431598602317453,3,True,True,15,59,False,False,35,0,False,False
483,187566.6,0.03649973789714334,35,0.6884242658716672,0.6884242658716672,3,True,True,15,59,False,False,35,0,False,False
484,187566.8,0.030212491972541722,35,0.6977168347608191,0.6977168347608191,3,True,True,15,59,False,False,35,0,False,False
485,187567.0,0.030784297368335514,35,0.5756332466357821,0.5756332466357821,3,True,True,15,59,False,False,35,0,False,False
486,187567.2,0.031895024468185165,35,0.5525910290747945,0.5525910290747945,3,True,True,15,59,False,False,35,0,False,False
487,187567.4,0.03393442295130414,35,0.4619817656112416,0.4619817656112416,3,True,True,15,59,False,False,35,0,False,False
488,187567.6,0.029413523424876083,35,0.4448969627393609,0.4448969627393609,3,True,True,15,59,False,False,35,0,False,False
489,187567.8,0.031007619520540805,35,0.4021189543984268,0.4021189543984268,3,True,True,15,59,False,False,35,0,False,False
490,187568.0,0.038838630114444675,34,0.34295671361955055,0.34295671361955055,3,True,True,15,58,False,False,34,0,False,False
491,187568.2,0.04460136642513923,34,0.39293613493501917,0.39293613493501917,3,True,True,15,58,False,False,34,0,False,False
492,187568.4,0.03901314120923116,33,0.3945082718538366,0.3945082718538366,3,True,True,15,57,False,False,33,0,False,False
493,187568.6,0.030346296702542425,32,0.4375529002413272,0.4375529002413272,3,True,True,15,56,False,False,32,0,False,False
494,187568.8,0.04185462532661752,31,0.4124628473490449,0.4124628473490449,3,True,True,15,55,False,False,31,0,False,False
495,187569.0,0.03965833526717485,31,0.4305351505840906,0.4305351505840906,3,True,True,15,55,False,False,31,0,False,False
496,187569.2,0.03777419550622624,30,0.4460964745347614,0.4460964745347614,3,True,True,15,54,False,False,30,0,False,False
497,187569.4,0.041782555589487395,30,0.4531909732099988,0.4531909732099988,3,True,True,15,54,False,False,30,0,False,False
498,187569.6,0.03718464099196784,30,0.4691980493955175,0.4691980493955175,3,True,True,15,54,False,False,30,0,False,False
499,187569.8,0.03538337400479837,31,0.4915546937968063,0.4915546937968063,3,True,True,15,54,False,False,30,0,False,False
500,187570.0,0.03830395799077136,32,0.4620179315240664,0.4620179315240664,3,True,True,15,54,False,False,30,0,False,False
501,187570.2,0.03154633292055022,33,0.4328223659606698,0.4328223659606698,3,True,True,15,54,False,False,30,0,False,False
502,187570.4,0.036556665550401386,34,0.4211172211691975,0.4211172211691975,3,True,True,15,54,False,False,30,0,False,False
503,187570.6,0.049701107335558235,35,0.5164941761099963,0.5164941761099963,3,True,True,15,54,False,False,30,0,False,False
504,187570.8,0.04631265532779458,35,0.610703295422097,0.610703295422097,3,True,True,15,54,False,False,30,0,False,False
505,187571.0,0.054103889477246044,35,0.6333150631750689,0.6333150631750689,3,True,True,15,54,False,False,30,0,False,False
506,187571.2,0.04938289942742862,35,0.641196724744852,0.641196724744852,3,True,True,15,54,False,False,30,0,False,False
507,187571.4,0.046876181869362356,35,0.6193194021672263,0.6193194021672263,3,True,True,15,54,False,False,30,0,False,False
508,187571.6,0.055685490408845295,35,0.6067611959640578,0.6067611959640578,3,True,True,15,54,False,False,30,0,False,False
509,187571.8,0.05960374815608265,35,0.5000596301965355,0.5000596301965355,3,True,True,15,54,False,False,30,0,False,False
510,187572.0,0.05563740816510303,35,0.4481824532078609,0.4481824532078609,3,True,True,15,54,False,False,30,0,False,False
511,187572.2,0.04412511188002342,35,0.3920859027872847,0.3920859027872847,3,True,True,15,54,False,False,30,0,False,False
512,187572.4,0.039290447612945166,35,0.38391315051385594,0.38391315051385594,3,True,True,15,54,False,False,30,0,False,False
513,187572.6,0.04006706364075836,35,0.32680886439903534,0.32680886439903534,3,True,True,15,54,False,False,30,0,False,False
514,187572.8,0.04824519352625211,34,0.32759233397577464,0.32759233397577464,3,True,True,15,53,False,False,29,0,False,False
515,187573.0,0.05071649973821729,34,0.3451665105653168,0.3451665105653168,3,True,True,15,53,False,False,29,0,False,False
516,187573.2,0.03564331310313054,33,0.28668696130467136,0.28668696130467136,3,True,True,15,52,False,False,28,0,False,False
517,187573.4,0.030864756935521907,32,0.27494521052535714,0.27494521052535714,3,True,True,15,52,False,False,28,0,False,False
518,187573.6,0.030048699221125765,31,0.26593450007235114,0.26593450007235114,3,True,True,15,52,False,False,28,0,False,False
519,187573.8,0.03418541610769739,31,0.2986743602101938,0.2986743602101938,3,True,True,15,53,False,False,29,0,False,False
520,187574.0,0.04033979918912908,30,0.27785275363943807,0.27785275363943807,3,True,True,15,53,False,False,29,0,False,False
521,187574.2,0.037227657838601776,30,0.3048298972650056,0.3048298972650056,3,True,True,15,54,False,False,30,0,False,False
522,187574.4,0.03841076033668983,28,0.2659120965674427,0.2659120965674427,3,True,True,15,52,False,False,28,0,False,False
523,187574.6,0.04743218276159025,27,0.515009075571047,0.515009075571047,3,True,True,15,51,False,False,27,0,False,False
524,187574.8,0.05514455614123939,26,0.5098568038109541,0.5098568038109541,3,True,True,15,50,False,False,26,0,False,False
525,187575.0,0.05721280082166408,25,0.4677034097871246,0.4677034097871246,3,True,True,15,49,False,False,25,0,False,False
526,187575.2,0.05104596326696827,25,0.42945704836428716,0.42945704836428716,3,True,True,15,48,False,False,24,0,False,False
527,187575.4,0.049772539322202776,27,0.4248102441990364,0.4248102441990364,3,True,True,15,49,False,False,25,0,False,False
528,187575.6,0.049500801966340935,28,0.4168835169872312,0.4168835169872312,3,True,True,15,49,False,False,25,0,False,False
529,187575.8,0.05495953467260445,29,0.39471523387834434,0.39471523387834434,3,True,True,15,50,False,False,26,0,False,False
530,187576.0,0.06775750104041492,30,0.40549873128054437,0.40549873128054437,3,True,True,15,51,False,False,27,0,False,False
531,187576.2,0.06536197981638141,30,0.4239540778817092,0.4239540778817092,3,True,True,15,52,False,False,28,0,False,False
532,187576.4,0.061334429185376085,30,0.46056879109727733,0.46056879109727733,3,True,True,15,53,False,False,29,0,False,False
533,187576.6,0.06853655017407435,30,0.45721694268943563,0.45721694268943563,3,True,True,15,54,False,False,30,0,False,False
534,187576.8,0.06325709599555605,30,0.4501665076779902,0.4501665076779902,3,True,True,15,54,False,False,30,0,False,False
535,187577.0,0.06679429013146775,30,0.4714722078235365,0.4714722078235365,3,True,True,15,54,False,False,30,0,False,False
536,187577.2,0.06315808908309102,30,0.40316821775815476,0.40316821775815476,3,True,True,15,54,False,False,30,0,False,False
537,187577.4,0.06704850609301678,30,0.3758042704457584,0.3758042704457584,3,True,True,15,54,False,False,30,0,False,False
538,187577.6,0.05993633206157155,30,0.3575891149804128,0.3575891149804128,3,True,True,15,54,False,False,30,0,False,False
539,187577.8,0.06227857984872379,30,0.41430253232343106,0.41430253232343106,3,True,True,15,54,False,False,30,0,False,False
540,187578.0,0.060754622227303975,30,0.43759333829273694,0.43759333829273694,3,True,True,15,53,False,False,29,0,False,False
541,187578.2,0.061153910972218416,30,0.45280363261613205,0.45280363261613205,3,True,True,15,52,False,False,28,0,False,False
542,187578.4,0.06080068451239834,30,0.43578409062148316,0.43578409062148316,3,True,True,15,52,False,False,28,0,False,False
543,187578.6,0.06657439125486554,30,0.46807302011439383,0.46807302011439383,3,True,True,15,52,False,False,28,0,False,False
544,187578.8,0.061508882077274805,30,0.4927337961343184,0.4927337961343184,3,True,True,15,52,False,False,28,0,False,False
545,187579.0,0.06323837278495874,30,0.5061646589840464,0.5061646589840464,3,True,True,15,52,False,False,28,0,False,False
546,187579.2,0.05729861309505139,30,0.5321235593694604,0.5321235593694604,3,True,True,15,53,False,False,29,0,False,False
547,187579.4,0.057053627806535896,30,0.5228367562512924,0.5228367562512924,3,True,True,15,52,False,False,28,0,False,False
548,187579.6,0.04616672342634732,30,0.512033301637687,0.512033301637687,3,True,True,15,52,False,False,28,0,False,False
549,187579.8,0.05729042872660564,30,0.5794232063080234,0.5794232063080234,3,True,True,15,52,False,False,28,0,False,False
550,187580.0,0.04574094567026176,30,0.5278493438656279,0.5278493438656279,3,True,True,15,52,False,False,28,0,False,False
551,187580.2,0.042642574808901254,31,0.6960193590143876,0.6960193590143876,3,True,True,15,52,False,False,28,0,False,False
552,187580.4,0.045326730021036446,32,0.5989226847144444,0.5989226847144444,3,True,True,15,53,False,False,29,0,False,False
553,187580.6,0.05194433034831016,33,0.5043125494540704,0.5043125494540704,3,True,True,15,53,False,False,29,0,False,False
554,187580.8,0.051526423063839547,34,0.49081783576267296,0.49081783576267296,3,True,True,15,53,False,False,29,0,False,False
555,187581.0,0.04767180816482764,35,0.45470292868481793,0.45470292868481793,3,True,True,15,54,False,False,30,0,False,False
556,187581.2,0.04789212775323732,35,0.3883646786013399,0.3883646786013399,3,True,True,15,55,False,False,31,0,False,False
557,187581.4,0.04582868888932743,35,0.4015365156870841,0.4015365156870841,3,True,True,15,56,False,False,32,0,False,False
558,187581.6,0.01927527991623294,35,0.4164001210013993,0.4164001210013993,3,True,True,15,57,False,False,33,0,False,False
559,187581.8,0.03237164029085379,35,0.4928468344535454,0.4928468344535454,3,True,True,15,58,False,False,34,0,False,False
560,187582.0,0.023676702261760912,35,0.5971451840284487,0.5971451840284487,3,True,True,15,59,False,False,35,0,False,False
561,187582.2,0.025703804915881253,36,0.6448791812898057,0.6448791812898057,3,True,True,15,59,False,False,35,0,False,False
562,187582.4,0.041448477153319487,37,0.674918380873292,0.674918380873292,3,True,True,15,59,False,False,35,0,False,False
563,187582.6,0.05619671552984624,38,0.6595904911784904,0.6595904911784904,3,True,True,15,59,False,False,35,0,False,False
564,187582.8,0.023103931734293037,39,0.7359836345699557,0.7359836345699557,3,True,True,15,59,False,False,35,0,False,False
565,187583.0,0.02830647092487904,40,0.8324071284473862,0.8324071284473862,3,True,True,15,59,False,False,35,0,False,False
566,187583.2,0.043633797901571764,40,0.7992676607449417,0.7992676607449417,3,True,True,15,59,False,False,35,0,False,False
567,187583.4,0.06986152057460591,40,0.7730089476862324,0.7730089476862324,3,True,True,15,59,False,False,35,0,False,False
568,187583.6,0.07515874244809664,40,0.7318642613321907,0.7318642613321907,3,True,True,15,59,False,False,35,0,False,False
569,187583.8,0.05831602827764166,40,0.709911867824982,0.709911867824982,3,True,True,15,59,False,False,35,0,False,False
570,187584.0,0.04258312470233529,40,0.666515225378611,0.666515225378611,3,True,True,15,59,False,False,35,0,False,False
571,187584.2,0.04273643820781242,40,0.6475826115941267,0.6475826115941267,3,True,True,15,59,False,False,35,0,False,False
572,187584.4,0.053999778284368846,40,0.5890564852855634,0.5890564852855634,3,True,True,15,59,False,False,35,0,False,False
573,187584.6,0.06178269057261049,40,0.4615049905831931,0.4615049905831931,3,True,True,15,59,False,False,35,0,False,False
574,187584.8,0.052735727282843925,40,0.3377824096925018,0.3377824096925018,3,True,True,15,59,False,False,35,0,False,False
575,187585.0,0.06131134861260689,40,0.3418846769918135,0.3418846769918135,3,True,True,15,59,False,False,35,0,False,False
576,187585.2,0.049156777067924165,39,0.4346811464144175,0.4346811464144175,3,True,True,15,58,False,False,34,0,False,False
577,187585.4,0.04054322409596439,38,0.4287332212974099,0.4287332212974099,3,True,True,15,57,False,False,33,0,False,False
578,187585.6,0.04463346026478,38,0.46010314978036226,0.46010314978036226,3,True,True,15,56,False,False,32,0,False,False
579,187585.8,0.047737604112786665,38,0.5032359632362183,0.5032359632362183,3,True,True,15,55,False,False,31,0,False,False
580,187586.0,0.04358820454896788,38,0.52359609096977,0.52359609096977,3,True,True,15,54,False,False,30,0,False,False
581,187586.2,0.0450477641442464,39,0.5253737676325798,0.5253737676325798,3,True,True,15,54,False,False,30,0,False,False
582,187586.4,0.04264541394877096,40,0.5019730962140441,0.5019730962140441,3,True,True,15,55,False,False,31,0,False,False
583,187586.6,0.04184179199257898,40,0.4770282627224581,0.4770282627224581,3,True,True,15,56,False,False,32,0,False,False
584,187586.8,0.032682831952270334,40,0.5579027509542143,0.5579027509542143,3,True,True,15,57,False,False,33,0,False,False
585,187587.0,0.03391121926794791,40,0.6379004850834487,0.6379004850834487,3,True,True,15,58,False,False,34,0,False,False
586,187587.2,0.033997701623959764,40,0.6465326713048196,0.6465326713048196,3,True,True,15,59,False,False,35,0,False,False
587,187587.4,0.03721463952656243,40,0.6281635820466844,0.6281635820466844,3,True,True,15,60,False,False,36,0,False,False
588,187587.6,0.03707175270050857,40,0.586604217610476,0.586604217610476,3,True,True,15,60,False,False,36,0,False,False
589,187587.8,0.0359004818208986,40,0.5860606819007841,0.5860606819007841,3,True,True,15,61,False,False,37,0,False,False
590,187588.0,0.02330096384789767,40,0.5618229140877574,0.5618229140877574,3,True,True,15,62,False,False,38,0,False,False
591,187588.2,0.02683657724543628,40,0.4891089487667458,0.4891089487667458,3,True,True,15,63,False,False,39,0,False,False
592,187588.4,0.025699868605301737,40,0.478149400947148,0.478149400947148,3,True,True,15,63,False,False,39,0,False,False
593,187588.6,0.025537608620263115,40,0.38154081969175574,0.38154081969175574,3,True,True,15,63,False,False,39,0,False,False
594,187588.8,0.021023012161230478,40,0.32327875916795556,0.32327875916795556,3,True,True,15,63,False,False,39,0,False,False
595,187589.0,0.01617617045391175,40,0.34420918073140283,0.34420918073140283,3,True,True,15,63,False,False,39,0,False,False
596,187589.2,0.017803576733363885,40,0.3372856022399825,0.3372856022399825,3,True,True,15,63,False,False,39,0,False,False
597,187589.4,0.009813495214804117,40,0.29489124916429055,0.29489124916429055,3,True,True,15,63,False,False,39,0,False,False
598,187589.6,0.01511126506388954,40,0.31950888694944607,0.31950888694944607,3,True,True,15,64,False,False,40,0,False,False
599,187589.8,0.019524983563952263,40,0.34592650719877505,0.34592650719877505,3,True,True,15,64,False,False,40,0,False,False
600,187590.0,0.023619821832701626,40,0.3859688609683345,0.3859688609683345,3,True,True,15,64,False,False,40,0,False,False
601,187590.2,0.019779577721747297,40,0.3878672105287655,0.3878672105287655,3,True,True,15,64,False,False,40,0,False,False
602,187590.4,0.016360473729060628,40,0.4620048626616772,0.4620048626616772,3,True,True,15,64,False,False,40,0,False,False
603,187590.6,0.022761159917697234,40,0.5062523659647353,0.5062523659647353,3,True,True,15,64,False,False,40,0,False,False
604,187590.8,0.03173039798920882,40,0.5967998906540113,0.5967998906540113,3,True,True,15,64,False,False,40,0,False,False
605,187591.0,0.03619167943497195,40,0.6231521127254483,0.6231521127254483,3,True,True,15,64,False,False,40,0,False,False
606,187591.2,0.036532362349980606,40,0.6026317598420498,0.6026317598420498,3,True,True,15,64,False,False,40,0,False,False
607,187591.4,0.03781148882120771,40,0.5658824844983487,0.5658824844983487,3,True,True,15,64,False,False,40,0,False,False
608,187591.6,0.03801054146409133,40,0.5517446109465257,0.5517446109465257,3,True,True,15,64,False,False,40,0,False,False
609,187591.8,0.038395750818745085,40,0.5447812237076787,0.5447812237076787,3,True,True,15,64,False,False,40,0,False,False
610,187592.0,0.03798308835401892,40,0.5071849922930464,0.5071849922930464,3,True,True,15,64,False,False,40,0,False,False
611,187592.2,0.037349103454314546,40,0.5009426450818949,0.5009426450818949,3,True,True,15,64,False,False,40,0,False,False
612,187592.4,0.037652006475108774,40,0.47831037257485587,0.47831037257485587,3,True,True,15,64,False,False,40,0,False,False
613,187592.6,0.03694254964148402,40,0.3857679563204986,0.3857679563204986,3,True,True,15,64,False,False,40,0,False,False
614,187592.8,0.037113444240474004,40,0.37530311406791894,0.37530311406791894,3,True,True,15,64,False,False,40,0,False,False
615,187593.0,0.03894153504179597,40,0.37481542445695065,0.37481542445695065,3,True,True,15,64,False,False,40,0,False,False
616,187593.2,0.03820572947291313,40,0.3526709826004599,0.3526709826004599,3,True,True,15,64,False,False,40,0,False,False
617,187593.4,0.038398936295743105,40,0.33141975275665503,0.33141975275665503,3,True,True,15,64,False,False,40,0,False,False
618,187593.6,0.038824061239089214,40,0.3550705751479741,0.3550705751479741,3,True,True,15,64,False,False,40,0,False,False
619,187593.8,0.03861425383470195,40,0.36202957761718063,0.36202957761718063,3,True,True,15,64,False,False,40,0,False,False
620,187594.0,0.04271913989300557,40,0.3693709191182563,0.3693709191182563,3,True,True,15,64,False,False,40,0,False,False
621,187594.2,0.04009140419384938,40,0.3814601592797864,0.3814601592797864,3,True,True,15,64,False,False,40,0,False,False
622,187594.4,0.04065952675770094,40,0.44234989015288284,0.44234989015288284,3,True,True,15,64,False,False,40,0,False,False
623,187594.6,0.041254567840818886,40,0.47655823087367855,0.47655823087367855,3,True,True,15,64,False,False,40,0,False,False
624,187594.8,0.039819586471059626,40,0.4751046637380911,0.4751046637380911,3,True,True,15,64,False,False,40,0,False,False
625,187595.0,0.04359467499683333,40,0.5027917575529053,0.5027917575529053,3,True,True,15,64,False,False,40,0,False,False
626,187595.2,0.04045290178068026,40,0.4988122495802219,0.4988122495802219,3,True,True,15,64,False,False,40,0,False,False
627,187595.4,0.03797604542719012,40,0.5503190454640557,0.5503190454640557,3,True,True,15,64,False,False,40,0,False,False
628,187595.6,0.038812011774377035,40,0.6052168363673947,0.6052168363673947,3,True,True,15,64,False,False,40,0,False,False
629,187595.8,0.03815059466056065,40,0.6956496286028945,0.6956496286028945,3,True,True,15,64,False,False,40,0,False,False
630,187596.0,0.03769936482626867,40,0.7649656330419312,0.7649656330419312,3,True,True,15,64,False,False,40,0,False,False
631,187596.2,0.039147663681065384,40,0.7944952293404022,0.7944952293404022,3,True,True,15,64,False,False,40,0,False,False
632,187596.4,0.040165061643348085,40,0.7669052489086893,0.7669052489086893,3,True,True,15,64,False,False,40,0,False,False
633,187596.6,0.04041624701474233,40,0.8326210963313203,0.8326210963313203,3,True,True,15,64,False,False,40,0,False,False
634,187596.8,0.0403408972977812,40,0.8640982750954506,0.8640982750954506,3,True,True,15,64,False,False,40,0,False,False
635,187597.0,0.04045196601776296,40,0.9695079496677472,0.9695079496677472,3,True,True,15,64,False,False,40,0,False,False
636,187597.2,0.04184665427544792,40,0.9877317330809134,0.9877317330809134,3,True,True,15,64,False,False,40,0,False,False
637,187597.4,0.0445712047100826,40,0.9293046568226652,0.9293046568226652,3,True,True,15,64,False,False,40,0,False,False
638,187597.6,0.044328657170238844,40,0.9797921763085672,0.9797921763085672,3,True,True,15,64,False,False,40,0,False,False
639,187597.8,0.04173132474714743,40,0.9327827384437625,0.9327827384437625,3,True,True,15,64,False,False,40,0,False,False
640,187598.0,0.04056609616939024,40,0.9064618790084328,0.9064618790084328,3,True,True,15,64,False,False,40,0,False,False
641,187598.2,0.03978138105826227,40,1.0177455448580945,1.0177455448580945,3,True,True,15,64,False,False,40,0,False,False
642,187598.4,0.036931727726556514,40,0.9300566084025158,0.9300566084025158,3,True,True,15,64,False,False,40,0,False,False
643,187598.6,0.03741066736886962,40,0.9778872168884717,0.9778872168884717,3,True,True,15,64,False,False,40,0,False,False
644,187598.8,0.036940766886332084,40,1.0078846732044844,1.0078846732044844,3,True,True,15,64,False,False,40,0,False,False
645,187599.0,0.0348846235766474,40,1.004939862588084,1.004939862588084,3,True,True,15,64,False,False,40,0,False,False
646,187599.2,0.03596987862751318,40,0.9662868213015173,0.9662868213015173,3,True,True,15,64,False,False,40,0,False,False
647,187599.4,0.04076646997338704,40,0.954257937300993,0.954257937300993,3,True,True,15,64,False,False,40,0,False,False
648,187599.6,0.04016403602585993,40,0.9916543908190504,0.9916543908190504,3,True,True,15,64,False,False,40,0,False,False
649,187599.8,0.04230649431744506,40,0.9727370611957796,0.9727370611957796,3,True,True,15,64,False,False,40,0,False,False
650,187600.0,0.0435637993213683,40,0.930956647590537,0.930956647590537,3,True,True,15,64,False,False,40,0,False,False
651,187600.2,0.043018722387614915,40,0.9484475700955607,0.9484475700955607,3,True,True,15,64,False,False,40,0,False,False
652,187600.4,0.042678832454949925,40,0.9940093990716373,0.9940093990716373,3,True,True,15,64,False,False,40,0,False,False
653,187600.6,0.042564985499659966,40,1.0662404903332097,1.0662404903332097,3,True,True,15,64,False,False,40,0,False,False
654,187600.8,0.04345108480511506,40,1.027318111984831,1.027318111984831,3,True,True,15,64,False,False,40,0,False,False
655,187601.0,0.04490840908190566,40,1.1062490259885907,1.0887185022543482,3,True,True,15,64,False,False,40,0,False,False
656,187601.2,0.04144411832980026,40,1.1037625583514148,1.0851309773472066,3,False,True,15,64,False,False,40,0,False,False
657,187601.4,0.0413378471937803,40,1.115576310032157,1.115576310032157,3,False,True,15,64,False,False,40,0,False,False
658,187601.6,0.043178595008325195,40,1.1377956625970311,1.135251519748385,2,True,True,15,64,False,False,40,0,False,False
659,187601.8,0.04236293377594115,40,1.0896887951314354,1.0896887951314354,3,True,True,15,64,False,False,40,0,False,False
660,187602.0,0.04257532724041754,40,1.0624147022158734,1.0624147022158734,3,True,True,15,64,False,False,40,0,False,False
661,187602.2,0.0424646603180615,40,1.0553779377665682,1.0553779377665682,3,True,True,15,64,False,False,40,0,False,False
662,187602.4,0.044135103315055886,40,0.9957061283524596,0.9957061283524596,3,True,True,15,64,False,False,40,0,False,False
663,187602.6,0.04422628456009306,40,0.967714649644536,0.967714649644536,3,True,True,15,64,False,False,40,0,False,False
664,187602.8,0.04257270087564138,40,0.852002475231383,0.852002475231383,3,True,True,15,64,False,False,40,0,False,False
665,187603.0,0.04262984931228227,40,0.7586128647887912,0.7586128647887912,3,True,True,15,64,False,False,40,0,False,False
666,187603.2,0.04143235074241536,40,0.826536197070372,0.826536197070372,3,True,True,15,64,False,False,40,0,False,False
667,187603.4,0.04437062449522637,40,0.858683027603098,0.858683027603098,3,True,True,15,64,False,False,40,0,False,False
668,187603.6,0.0459874098437791,40,0.8437554601445656,0.8437554601445656,3,True,True,15,64,False,False,40,0,False,False
669,187603.8,0.04841649034249237,40,0.9530986470544767,0.9141273096711797,3,True,True,15,64,False,False,40,0,False,False
670,187604.0,0.050602074893811085,40,0.960990867711842,0.8926050596262224,2,True,True,15,64,False,False,40,0,False,False
671,187604.2,0.0504647200557125,40,0.9269658873917812,0.8661370175415226,3,True,True,15,64,False,False,40,0,False,False
672,187604.4,0.05034966000507885,40,0.9202787580142785,0.8875735315799772,2,True,True,15,64,False,False,40,0,False,False
673,187604.6,0.052358132329460724,40,0.9360133351339005,0.9360133351339005,2,True,True,15,64,False,False,40,0,False,False
674,187604.8,0.05341669391428063,40,0.8901644334694931,0.8901644334694931,3,False,True,15,64,False,False,40,0,False,False
675,187605.0,0.05621429969143952,40,0.8895476758872163,0.8895476758872163,3,True,True,15,64,False,False,40,0,False,False
676,187605.2,0.05403113219309038,40,0.866883075594225,0.866883075594225,3,True,True,15,64,False,False,40,0,False,False
677,187605.4,0.05434085479283757,40,0.8125011929032662,0.8125011929032662,3,True,True,15,64,False,False,40,0,False,False
678,187605.6,0.0514994191799786,40,0.7020935381863955,0.7020935381863955,3,True,True,15,64,False,False,40,0,False,False
679,187605.8,0.050230671501198525,40,0.6770154553144339,0.6770154553144339,3,True,True,15,64,False,False,40,0,False,False
680,187606.0,0.048591539915237604,40,0.7134374327696956,0.7134374327696956,3,True,True,15,64,False,False,40,0,False,False
681,187606.2,0.04478738306899445,40,0.6846769198866405,0.6846769198866405,3,True,True,15,64,False,False,40,0,False,False
682,187606.4,0.04144274111863538,40,0.58007125709846,0.58007125709846,3,True,True,15,64,False,False,40,0,False,False
683,187606.6,0.03996854878846887,40,0.5871354986822955,0.5871354986822955,3,True,True,15,64,False,False,40,0,False,False
684,187606.8,0.0378291886805902,40,0.5560506108497166,0.5560506108497166,3,True,True,15,64,False,False,40,0,False,False
685,187607.0,0.03765348766139819,40,0.49268814628132634,0.49268814628132634,3,True,True,15,64,False,False,40,0,False,False
686,187607.2,0.03842624737744681,40,0.502794148410038,0.502794148410038,3,True,True,15,64,False,False,40,0,False,False
687,187607.4,0.036703529779984284,40,0.5363391121446129,0.5363391121446129,3,True,True,15,64,False,False,40,0,False,False
688,187607.6,0.03692373789765883,40,0.5087016645180655,0.5087016645180655,3,True,True,15,64,False,False,40,0,False,False
689,187607.8,0.03847937662993034,40,0.513349334508088,0.513349334508088,3,True,True,15,64,False,False,40,0,False,False
690,187608.0,0.0396984193401502,40,0.5000087379686368,0.5000087379686368,3,True,True,15,64,False,False,40,0,False,False
691,187608.2,0.038871159894174646,40,0.5293793434406494,0.5293793434406494,3,True,True,15,64,False,False,40,0,False,False
692,187608.4,0.03982402490232631,40,0.5920722031664338,0.5920722031664338,3,True,True,15,64,False,False,40,0,False,False
693,187608.6,0.037163468282040084,40,0.5759362363285913,0.5759362363285913,3,True,True,15,64,False,False,40,0,False,False
694,187608.8,0.03618362742399454,40,0.5277182422701447,0.5277182422701447,3,True,True,15,64,False,False,40,0,False,False
695,187609.0,0.03673217875360777,40,0.5263913390999138,0.5263913390999138,3,True,True,15,64,False,False,40,0,False,False
696,187609.2,0.03347351241376264,40,0.50855430371959,0.50855430371959,3,True,True,15,64,False,False,40,0,False,False
697,187609.4,0.03475016425170014,40,0.4997167033176703,0.4997167033176703,3,True,True,15,64,False,False,40,0,False,False
698,187609.6,0.03574399363280388,40,0.5004852894978474,0.5004852894978474,3,True,True,15,64,False,False,40,0,False,False
699,187609.8,0.036125826936209526,40,0.5476557364838549,0.5476557364838549,3,True,True,15,64,False,False,40,0,False,False
700,187610.0,0.03656059661760892,40,0.54104329050188,0.54104329050188,3,True,True,15,64,False,False,40,0,False,False
701,187610.2,0.03754504346805441,40,0.543044780759188,0.543044780759188,3,True,True,15,64,False,False,40,0,False,False
702,187610.4,0.03666855655780927,40,0.5513187653231264,0.5513187653231264,3,True,True,15,64,False,False,40,0,False,False
703,187610.6,0.03733907337920162,40,0.4882787105503785,0.4882787105503785,3,True,True,15,64,False,False,40,0,False,False
704,187610.8,0.035028125352452144,40,0.4648552767053354,0.4648552767053354,3,True,True,15,64,False,False,40,0,False,False
705,187611.0,0.03799606438030989,40,0.43585719762846037,0.43585719762846037,3,True,True,15,64,False,False,40,0,False,False
706,187611.2,0.037334559024575074,40,0.49823135872947216,0.49823135872947216,3,True,True,15,64,False,False,40,0,False,False
707,187611.4,0.038219340442882256,40,0.5156673334273101,0.5156673334273101,3,True,True,15,64,False,False,40,0,False,False
708,187611.6,0.03938357319858893,40,0.5073755599616546,0.5073755599616546,3,True,True,15,64,False,False,40,0,False,False
709,187611.8,0.03954721668524934,40,0.5352497383705754,0.5352497383705754,3,True,True,15,64,False,False,40,0,False,False
710,187612.0,0.04273672964456452,40,0.5996845843433418,0.5996845843433418,3,True,True,15,64,False,False,40,0,False,False
711,187612.2,0.041161728217489396,40,0.5767151779376953,0.5767151779376953,3,True,True,15,64,False,False,40,0,False,False
712,187612.4,0.04125323434078876,40,0.5594360038868719,0.5594360038868719,3,True,True,15,64,False,False,40,0,False,False
713,187612.6,0.040418157153545915,40,0.5272073725208045,0.5272073725208045,3,True,True,15,64,False,False,40,0,False,False
714,187612.8,0.0419889521005204,40,0.5274284235054014,0.5274284235054014,3,True,True,15,64,False,False,40,0,False,False
715,187613.0,0.04159555120515822,40,0.47585776104326283,0.47585776104326283,3,True,True,15,64,False,False,40,0,False,False
716,187613.2,0.04126699115019783,40,0.5082921572285882,0.5082921572285882,3,True,True,15,64,False,False,40,0,False,False
717,187613.4,0.04024040631122455,40,0.5255664772214514,0.5255664772214514,3,True,True,15,64,False,False,40,0,False,False
718,187613.6,0.04110051305675206,40,0.5867182130594462,0.5867182130594462,3,True,True,15,64,False,False,40,0,False,False
719,187613.8,0.04289597697885205,40,0.6039056117005024,0.6039056117005024,3,True,True,15,64,False,False,40,0,False,False
720,187614.0,0.04300826591343662,40,0.6024674544735006,0.6024674544735006,3,True,True,15,64,False,False,40,0,False,False
721,187614.2,0.04466995905173868,40,0.5916035899246141,0.5916035899246141,3,True,True,15,64,False,False,40,0,False,False
722,187614.4,0.04739217404467878,40,0.5477911737364003,0.5477911737364003,3,True,True,15,64,False,False,40,0,False,False
723,187614.6,0.04615018578340617,40,0.5584151927251415,0.5584151927251415,3,True,True,15,64,False,False,40,0,False,False
724,187614.8,0.046308932773559235,40,0.5867188959883556,0.5867188959883556,3,True,True,15,64,False,False,40,0,False,False
725,187615.0,0.04587743046902272,40,0.5854744554262561,0.5854744554262561,3,True,True,15,64,False,False,40,0,False,False
726,187615.2,0.04677049107250619,40,0.5901997211628276,0.5901997211628276,3,True,True,15,64,False,False,40,0,False,False
727,187615.4,0.047928088148043474,40,0.5732234157263351,0.5732234157263351,3,True,True,15,64,False,False,40,0,False,False
728,187615.6,0.049581120292435304,40,0.5573603697078976,0.5573603697078976,3,True,True,15,64,False,False,40,0,False,False
729,187615.8,0.0506192011764779,40,0.5568211276883448,0.5568211276883448,3,True,True,15,64,False,False,40,0,False,False
730,187616.0,0.05264321529099031,40,0.5329596755271613,0.5329596755271613,3,True,True,15,64,False,False,40,0,False,False
731,187616.2,0.05186237836296201,40,0.5263292172400429,0.5263292172400429,3,True,True,15,64,False,False,40,0,False,False
732,187616.4,0.0516079309899449,40,0.5151963067035774,0.5151963067035774,3,True,True,15,64,False,False,40,0,False,False
733,187616.6,0.052029751931037406,40,0.5253781454971044,0.5253781454971044,3,True,True,15,64,False,False,40,0,False,False
734,187616.8,0.054922188179120784,40,0.5757528103328559,0.5757528103328559,3,True,True,15,64,False,False,40,0,False,False
735,187617.0,0.05701531083446435,40,0.5295434642468956,0.5295434642468956,3,True,True,15,64,False,False,40,0,False,False
736,187617.2,0.05666148235254895,40,0.5548251872271552,0.5548251872271552,3,True,True,15,64,False,False,40,0,False,False
737,187617.4,0.057984263370464174,40,0.44388401839787023,0.44388401839787023,3,True,True,15,64,False,False,40,0,False,False
738,187617.6,0.056344829797897907,40,0.48265791312924883,0.48265791312924883,3,True,True,15,64,False,False,40,0,False,False
739,187617.8,0.06103029677843821,40,0.5998765853793921,0.5998765853793921,3,True,True,15,64,False,False,40,0,False,False
740,187618.0,0.06636679553477819,40,0.5980853916548694,0.5980853916548694,3,True,True,15,64,False,False,40,0,False,False
741,187618.2,0.06290197069532195,40,0.4775552143605196,0.4775552143605196,3,True,True,15,64,False,False,40,0,False,False
742,187618.4,0.06184699667613768,40,0.43129980799749,0.43129980799749,3,True,True,15,64,False,False,40,0,False,False
743,187618.6,0.0657575362997796,40,0.4605763610374196,0.4605763610374196,3,True,True,15,64,False,False,40,0,False,False
744,187618.8,0.06269961748339464,40,0.48923273768403924,0.48923273768403924,3,True,True,15,64,False,False,40,0,False,False
745,187619.0,0.06418401730990758,40,0.5185165443473144,0.5185165443473144,3,True,True,15,64,False,False,40,0,False,False
746,187619.2,0.05918807364356404,40,0.5119648072794795,0.5119648072794795,3,True,True,15,64,False,False,40,0,False,False
747,187619.4,0.05918446632232023,40,0.4553617509335082,0.4553617509335082,3,True,True,15,64,False,False,40,0,False,False
748,187619.6,0.059227525912483675,40,0.45769914152869295,0.45769914152869295,3,True,True,15,64,False,False,40,0,False,False
749,187619.8,0.06033644615852584,40,0.4346825392941368,0.4346825392941368,3,True,True,15,64,False,False,40,0,False,False
750,187620.0,0.06209263775737352,40,0.48478052957518947,0.48478052957518947,3,True,True,15,64,False,False,40,0,False,False
751,187620.2,0.05919745885141975,40,0.44879363985392,0.44879363985392,3,True,True,15,64,False,False,40,0,False,False
752,187620.4,0.05951612803861126,40,0.4448462077396626,0.4448462077396626,3,True,True,15,64,False,False,40,0,False,False
753,187620.6,0.06219664316097414,40,0.4835754770666244,0.4835754770666244,3,True,True,15,64,False,False,40,0,False,False
754,187620.8,0.06054207013644483,40,0.5228408536926188,0.5228408536926188,3,True,True,15,64,False,False,40,0,False,False
755,187621.0,0.05773048846181649,40,0.5239297421569884,0.5239297421569884,3,True,True,15,64,False,False,40,0,False,False
756,187621.2,0.06006385178026839,40,0.5284473196869198,0.5284473196869198,3,True,True,15,64,False,False,40,0,False,False
757,187621.4,0.06363719735898027,40,0.5214362360864152,0.5214362360864152,3,True,True,15,64,False,False,40,0,False,False
758,187621.6,0.06122315074506799,40,0.5556149732365127,0.5556149732365127,3,True,True,15,64,False,False,40,0,False,False
759,187621.8,0.06790445902714498,40,0.54781267693458,0.54781267693458,3,True,True,15,64,False,False,40,0,False,False
760,187622.0,0.06937391575407646,40,0.5288149507515341,0.5288149507515341,3,True,True,15,64,False,False,40,0,False,False
761,187622.2,0.07024987712051177,40,0.6185453011269006,0.6185453011269006,3,True,True,15,64,False,False,40,0,False,False
762,187622.4,0.06610159409810948,40,0.5664130915880838,0.5664130915880838,3,True,True,15,64,False,False,40,0,False,False
763,187622.6,0.07024695535836523,40,0.6744753541191398,0.6744753541191398,3,True,True,15,64,False,False,40,0,False,False
764,187622.8,0.06682456065526528,40,0.6116690602599386,0.6116690602599386,3,True,True,15,64,False,False,40,0,False,False
765,187623.0,0.06624771772286579,40,0.6646477705554155,0.6646477705554155,3,True,True,15,64,False,False,40,0,False,False
766,187623.2,0.06865355147056335,40,0.6491016603580874,0.6491016603580874,3,True,True,15,64,False,False,40,0,False,False
767,187623.4,0.0657776092106174,40,0.6394502617768566,0.6394502617768566,3,True,True,15,64,False,False,40,0,False,False
768,187623.6,0.06964471032666132,40,0.6677436984011048,0.6677436984011048,3,True,True,15,64,False,False,40,0,False,False
769,187623.8,0.0653102884842348,40,0.7053098708642559,0.7053098708642559,3,True,True,15,64,False,False,40,0,False,False
770,187624.0,0.07167613518696905,40,0.7633742097499491,0.7633742097499491,3,True,True,15,64,False,False,40,0,False,False
771,187624.2,0.06353037737125886,40,0.7812392764815552,0.7812392764815552,3,True,True,15,64,False,False,40,0,False,False
772,187624.4,0.07561678726542122,40,0.7782148669986938,0.7782148669986938,3,True,True,15,64,False,False,40,0,False,False
773,187624.6,0.069398012135694,40,0.7964062308850688,0.7964062308850688,3,True,True,15,64,False,False,40,0,False,False
774,187624.8,0.06517819869121858,40,0.7705063485009476,0.7705063485009476,3,True,True,15,64,False,False,40,0,False,False
775,187625.0,0.06346748962321833,40,0.7923435810239826,0.7923435810239826,3,True,True,15,64,False,False,40,0,False,False
776,187625.2,0.06319179750075603,40,0.8421315317083291,0.8421315317083291,3,True,True,15,64,False,False,40,0,False,False
777,187625.4,0.06317175857233237,40,0.827893731255284,0.827893731255284,3,True,True,15,64,False,False,40,0,False,False
778,187625.6,0.05921886539479618,40,0.8541701274517534,0.8541701274517534,3,True,True,15,64,False,False,40,0,False,False
779,187625.8,0.06003169867678219,40,0.7955099258033952,0.7955099258033952,3,True,True,15,64,False,False,40,0,False,False
780,187626.0,0.06580464059092855,40,0.7437909344991195,0.7437909344991195,3,True,True,15,64,False,False,40,0,False,False
781,187626.2,0.06424347142448268,40,0.7135859413777229,0.7135859413777229,3,True,True,15,64,False,False,40,0,False,False
782,187626.4,0.06794162410371506,39,0.7469421581434454,0.7469421581434454,3,True,True,15,63,False,False,39,0,False,False
783,187626.6,0.06785193152220285,39,0.6993703248287952,0.6993703248287952,3,True,True,15,63,False,False,39,0,False,False
784,187626.8,0.06745399705220852,38,0.7489313334260685,0.7489313334260685,3,True,True,15,62,False,False,38,0,False,False
785,187627.0,0.06626261578392903,37,0.6897826872237279,0.6897826872237279,3,True,True,15,61,False,False,37,0,False,False
786,187627.2,0.05795747259054667,36,0.722222965335569,0.722222965335569,3,True,True,15,60,False,False,36,0,False,False
787,187627.4,0.056447475206842734,36,0.705942114221741,0.705942114221741,3,True,True,15,60,False,False,36,0,False,False
788,187627.6,0.04804880722266187,35,0.6432062870087872,0.6432062870087872,3,True,True,15,59,False,False,35,0,False,False
789,187627.8,0.058276628130014066,35,0.6555828947650677,0.6555828947650677,3,True,True,15,59,False,False,35,0,False,False
790,187628.0,0.04416771800399947,35,0.5858311920080292,0.5858311920080292,3,True,True,15,59,False,False,35,0,False,False
791,187628.2,0.04592405743498262,35,0.6148442936834934,0.6148442936834934,3,True,True,15,59,False,False,35,0,False,False
792,187628.4,0.04476280821260764,35,0.6077413951049901,0.6077413951049901,3,True,True,15,59,False,False,35,0,False,False
793,187628.6,0.04246025048091919,35,0.5835726958767801,0.5835726958767801,3,True,True,15,59,False,False,35,0,False,False
794,187628.8,0.04356287710267616,35,0.6125597312793564,0.6125597312793564,3,True,True,15,59,False,False,35,0,False,False
795,187629.0,0.04421035202293531,35,0.5494804219136169,0.5494804219136169,3,True,True,15,59,False,False,35,0,False,False
796,187629.2,0.05189015926397116,35,0.5628010069556766,0.5628010069556766,3,True,True,15,59,False,False,35,0,False,False
797,187629.4,0.04965204162279668,35,0.4969137897419534,0.4969137897419534,3,True,True,15,59,False,False,35,0,False,False
798,187629.6,0.05675580007152475,35,0.5107639165357769,0.5107639165357769,3,True,True,15,59,False,False,35,0,False,False
799,187629.8,0.06180435345775907,35,0.4552680092424348,0.4552680092424348,3,True,True,15,59,False,False,35,0,False,False
800,187630.0,0.06267620986706342,35,0.4135815153211958,0.4135815153211958,3,True,True,15,59,False,False,35,0,False,False
801,187630.2,0.06913894023933212,35,0.4744732314121714,0.4744732314121714,3,True,True,15,59,False,False,35,0,False,False
802,187630.4,0.05783593451957425,35,0.4048303360639348,0.4048303360639348,3,True,True,15,59,False,False,35,0,False,False
803,187630.6,0.06786799166439339,35,0.4235640316014982,0.4235640316014982,3,True,True,15,59,False,False,35,0,False,False
804,187630.8,0.07570246464806236,35,0.6938569307525417,0.6938569307525417,3,True,True,15,59,False,False,35,0,False,False
805,187631.0,0.07236615917050825,34,0.5896853388779132,0.5896853388779132,3,True,True,15,58,False,False,34,0,False,False
806,187631.2,0.07032826788484069,33,0.6014981788328975,0.6014981788328975,3,True,True,15,57,False,False,33,0,False,False
807,187631.4,0.06449535783335733,32,0.5563912487755828,0.5563912487755828,3,True,True,15,56,False,False,32,0,False,False
808,187631.6,0.06956782407837857,31,0.5307507835651339,0.5307507835651339,3,True,True,15,55,False,False,31,0,False,False
809,187631.8,0.07041109862778959,31,1.4508512591834886,1.14918069955528,3,True,True,15,54,False,False,30,0,False,False
810,187632.0,0.06868958553345687,31,1.6374217941913871,1.4141470215034309,3,True,True,15,52,False,False,28,0,False,False
811,187632.2,0.07093905487101967,32,1.391155915947965,1.2471993292354315,3,True,True,15,50,False,False,26,0,False,False
812,187632.4,0.08070612544273095,31,0.8187406269010729,0.8187406269010729,3,True,True,15,48,False,False,24,0,False,False
813,187632.6,0.06642887163440825,29,0.733043876582137,0.733043876582137,3,True,True,15,45,False,False,21,0,False,False
814,187632.8,0.2479060355526197,27,1.2584943647935776,1.1674824701507307,2,False,True,12,40,False,False,16,0,False,False
815,187633.0,0.3273108200131154,26,1.3626008405482941,1.223270509216994,3,False,True,9,37,False,False,13,0,False,False
816,187633.2,0.5182122764731791,23,1.4992575295452408,1.3067347098097244,2,False,True,6,33,False,False,9,0,False,False
817,187633.4,0.7273523484512339,20,2.092539555824539,1.6776326940839896,2,False,True,3,30,False,False,6,0,False,False
818,187633.6,0.9590979642228675,17,0.5528661720454693,0.5528661720454693,2,False,True,0,28,False,False,4,0,False,False
819,187633.8,1.220065845368955,12,inf,inf,2,False,False,0,27,False,False,3,0,False,False
820,187634.0,1.482565905054979,7,inf,inf,2,False,False,0,26,False,False,2,0,False,False
821,187634.2,1.7586780701161306,3,inf,inf,2,True,False,0,26,False,False,2,0,False,False
822,187634.4,2.0546892294277725,1,inf,inf,2,True,False,0,25,False,False,1,0,False,False
823,187634.6,2.35944647357156,0,inf,inf,2,True,False,0,24,False,False,0,0,False,False
824,187634.8,2.679233094451997,0,inf,inf,2,True,False,0,24,False,False,0,0,False,False
825,187635.0,3.008495649230701,0,inf,inf,2,True,False,0,24,False,False,0,0,False,False
826,187635.2,3.3199392953469213,1,4.727972276508808,2.877539253323328,2,False,True,0,24,False,False,0,0,False,False
827,187635.4,3.5504287963979233,4,3.5876889707471338,2.2166090076412335,2,False,True,0,24,False,False,0,0,False,False
828,187635.6,3.746475723456605,7,3.6560408805891993,2.3045114575970227,2,False,True,0,24,False,False,0,0,False,False
829,187635.8,3.9012589129395723,11,3.6435941763210185,2.5196114244885552,2,False,True,0,24,False,False,0,0,False,False
830,187636.0,4.034601944447255,15,3.580679656449691,2.5037934538526248,2,False,True,0,24,False,False,0,0,False,False
831,187636.2,4.162860724433045,18,3.484112484719577,2.5025442114701595,2,False,True,0,24,False,False,0,0,False,False
832,187636.4,4.290994613496801,19,3.6074783603641865,2.5383653816867295,2,False,True,0,24,False,False,0,0,False,False
833,187636.6,4.42392453128274,20,3.6247700349422516,2.560924476284951,2,False,True,0,24,False,False,0,0,False,False
834,187636.8,4.565950258202568,20,3.6814319270140192,2.5791133910092308,2,False,True,0,24,False,False,0,0,False,False
835,187637.0,4.722164435670548,20,3.610273837647562,2.5184917365781825,2,False,True,0,24,False,False,0,0,False,False
836,187637.2,4.885357871610628,20,3.5748170415952742,2.495767993874267,2,False,True,0,24,False,False,0,0,False,False
837,187637.4,5.058795838212908,20,3.4918338804188975,2.457908683768001,2,False,True,0,24,False,False,0,0,False,False
838,187637.6,5.198498883844665,21,3.3088152950175984,2.356574108771649,2,False,True,0,24,False,False,0,0,False,False
839,187637.8,5.334278521881099,22,3.2156965967705133,2.3101941878613412,2,False,True,0,24,False,False,0,0,False,False
840,187638.0,5.479759992911426,23,3.1370363975839615,2.3123788315344354,2,False,True,0,24,False,False,0,0,False,False
841,187638.2,5.626347408082891,24,3.0739009357389975,2.2543039957807096,2,False,True,0,24,False,False,0,0,False,False
842,187638.4,5.77918335597482,25,2.796856548769218,2.0333259630333074,2,False,True,0,25,False,False,1,0,False,False
843,187638.6,5.827954107570084,25,2.589192876409844,1.8547915119971345,2,False,True,0,26,False,False,2,0,False,False
844,187638.8,5.803634185950178,25,2.5190718509797096,1.8639277368857272,2,False,True,0,27,False,False,3,0,False,False
845,187639.0,5.788256139254049,24,2.330942508933129,1.6324224663943596,2,False,True,0,28,False,False,4,0,False,False
846,187639.2,5.857414265717211,24,2.325617961707291,1.6118569759614134,2,False,True,0,30,False,False,6,0,False,False
847,187639.4,5.901307261020897,24,2.3995883321643636,1.5544761988409554,2,True,True,0,31,False,False,7,0,False,False
848,187639.6,5.925486291704598,24,2.656719663376436,1.6934709699122612,2,True,True,0,32,False,False,8,0,False,False
849,187639.8,5.9403396696295445,24,2.847631704443385,1.879052426158291,2,True,True,0,33,False,False,9,0,False,False
850,187640.0,5.961681215093866,25,2.82372398487883,1.9475892830279657,2,True,True,0,34,False,False,10,0,False,False
851,187640.2,5.991562336897782,25,2.805916120135399,1.9579349376492985,2,True,True,0,34,False,False,10,0,False,False
852,187640.4,6.0088141412041844,24,2.883191398268631,1.9225028814711835,2,True,True,0,34,False,False,10,0,False,False
853,187640.6,6.033081615177061,22,3.145915945887803,1.9739623532193797,2,True,True,0,34,False,False,10,0,False,False
854,187640.8,6.077603755168925,21,3.03345705053593,1.9504030324988428,2,False,True,0,34,False,False,10,0,False,False
855,187641.0,6.116910896991044,21,2.6566876659280645,1.7628033907078002,2,True,True,0,34,False,False,10,0,False,False
856,187641.2,6.1319698487090655,22,2.591024973123312,1.7659675543237088,2,False,True,0,34,False,False,10,0,False,False
857,187641.4,6.148152249322366,23,2.6102962493512654,1.7718964470652898,2,True,True,0,34,False,False,10,0,False,False
858,187641.6,6.157664263154105,25,2.5578315434871013,1.6743915037954138,2,True,True,0,34,False,False,10,0,False,False
859,187641.8,6.176118281888786,26,2.4982720928385467,1.6470161485001702,2,True,True,0,34,False,False,10,0,False,False
860,187642.0,6.197852023772129,25,2.7192095421005944,1.7731821298602493,2,True,True,0,34,False,False,10,0,False,False
861,187642.2,6.190056294504831,24,2.725462781735967,1.7707725419258267,2,False,True,0,34,False,False,10,0,False,False
862,187642.4,6.172449157327972,24,2.6974467610106867,1.7147700340372756,2,False,True,0,34,False,False,10,0,False,False
863,187642.6,6.178321282578391,25,2.9354114541323404,1.8836899406508196,2,False,True,0,34,False,False,10,0,False,False
864,187642.8,6.155504509760959,26,2.7307554356131596,1.799142464591148,2,False,True,0,34,False,False,10,0,False,False
865,187643.0,6.131990612936727,28,2.5170078117627623,1.6750655533767573,2,False,True,0,34,False,False,10,0,False,False
866,187643.2,6.111540986027024,29,2.5028409740531465,1.6762791264300732,2,False,True,0,34,False,False,10,0,False,False
867,187643.4,6.082134772768728,30,2.4437570064447183,1.665438220720862,2,False,True,0,34,False,False,10,0,False,False
868,187643.6,6.07932504832865,30,2.4345404023360877,1.659321125848352,2,False,True,0,34,False,False,10,0,False,False
869,187643.8,6.059832924690735,30,2.3074055152231145,1.5867938055400173,2,False,True,0,36,False,False,12,0,False,False
870,187644.0,6.0499499508324055,29,2.5691366659238084,1.7458331188496874,2,False,True,0,38,False,False,14,0,False,False
871,187644.2,6.0143971247687515,30,3.1150206656952837,1.8791526509597505,2,False,True,0,40,False,False,16,0,False,False
872,187644.4,5.994277252510984,30,2.3437254625088912,1.5848954336462877,2,False,True,0,43,False,False,19,0,False,False
873,187644.6,5.9748906659358205,28,2.6258494233207097,1.7743397030833044,2,False,True,0,45,False,False,21,0,False,False
874,187644.8,5.940522846140702,28,2.235480915118365,1.5549123237489508,2,False,True,0,45,False,False,21,0,False,False
875,187645.0,5.897430119774803,29,2.222264336421713,1.5615186498599365,2,True,True,0,45,False,False,21,0,False,False
876,187645.2,5.853303557460409,29,3.8950721891673545,2.029029504662456,2,False,True,0,45,False,False,21,0,False,False
877,187645.4,5.843450569612201,30,3.9721010538089354,2.1020296209493408,2,False,True,0,43,False,False,19,0,False,False
878,187645.6,5.814521032245134,33,4.02426342953076,2.111615201565079,2,False,True,0,42,False,False,18,0,False,False
879,187645.8,5.782903573915205,34,3.9733984397678075,2.1184527339513024,2,False,True,0,41,False,False,17,0,False,False
880,187646.0,5.733234393862702,35,3.758130011572605,2.099663881590822,2,False,True,0,40,False,False,16,0,False,False
881,187646.2,5.7034082925311855,34,3.79759168703916,2.201463733699959,2,False,True,0,40,False,False,16,0,False,False
882,187646.4,5.679009855055758,32,3.592187471145645,2.1782251822076453,2,False,True,0,41,False,False,17,0,False,False
883,187646.6,5.660291952026447,30,3.370361650037785,2.108526956963223,2,False,True,0,43,False,False,19,0,False,False
884,187646.8,5.646273903153184,28,3.074203717655116,1.9851576406975688,2,False,True,0,45,False,False,21,0,False,False
885,187647.0,5.629644481286428,27,2.79040493128104,1.8723721757478686,2,True,True,0,47,False,False,23,0,False,False
886,187647.2,5.650172640597583,27,2.564548505246308,1.755460755072577,2,True,True,0,47,False,False,23,0,False,False
887,187647.4,5.679382767956395,28,2.4562334089867,1.7048582932084306,2,True,True,0,48,False,False,24,0,False,False
888,187647.6,5.711633362886928,29,2.4407327781887487,1.6690630543676694,2,True,True,0,48,False,False,24,0,False,False
889,187647.8,5.737500042843616,30,2.4082334868122945,1.668013546618082,2,True,True,0,48,False,False,24,0,False,False
890,187648.0,5.749924891991358,30,2.4205385166123445,1.6848447825433177,2,True,True,0,48,False,False,24,0,False,False
891,187648.2,5.775389025339569,30,2.472214646239305,1.6669092690899698,2,True,True,0,49,False,False,25,0,False,False
892,187648.4,5.801544561627577,30,2.55033328835836,1.6130786498039262,2,True,True,0,49,False,False,25,0,False,False
893,187648.6,5.838250979383355,30,2.566428737352569,1.6217694319314024,3,True,True,0,49,False,False,25,0,False,False
894,187648.8,5.856886797178607,30,2.4590772087826474,1.5320028679394428,3,False,True,0,49,False,False,25,0,False,False
895,187649.0,5.890365314992999,30,2.251997064761062,1.4670318223680763,2,True,True,0,49,False,False,25,0,False,False
896,187649.2,5.91574728074533,30,2.1251866910954873,1.436096535458858,2,True,True,0,49,False,False,25,0,False,False
897,187649.4,5.94484355481482,30,1.9916400103645273,1.365770637505304,2,True,True,0,49,False,False,25,0,False,False
898,187649.6,5.984097447835505,30,1.9089637201768832,1.3332369206291075,2,True,True,0,49,False,False,25,0,False,False
899,187649.8,6.005559930684161,30,1.809605048945518,1.2813836596215034,2,True,True,0,49,False,False,25,0,False,False
900,187650.0,6.034380913358519,30,1.7544822133817317,1.2195054978865385,2,True,True,0,49,False,False,25,0,False,False
901,187650.2,6.053262903731694,30,1.7534636313117995,1.185905297895107,2,True,True,0,49,False,False,25,0,False,False
902,187650.4,6.080794770928714,30,1.75863136494753,1.179186724445937,2,True,True,0,49,False,False,25,0,False,False
903,187650.6,6.089977778379875,31,1.8020834253469393,1.2883749504070037,2,True,True,0,49,False,False,25,0,False,False
904,187650.8,6.078405717561027,32,1.8964900963677953,1.3385416117342415,2,True,True,0,50,False,False,26,0,False,False
905,187651.0,6.0532048705089885,32,2.1244127614035615,1.467373853449042,2,False,True,0,50,False,False,26,0,False,False
906,187651.2,6.018070475769688,32,2.1644202830073733,1.4843804407333576,2,False,True,0,50,False,False,26,0,False,False
907,187651.4,6.007588705831161,33,2.1240141781145745,1.486752632657064,2,False,True,0,50,False,False,26,0,False,False
908,187651.6,5.976258853802087,32,2.122976137259233,1.443684541493622,2,False,True,0,50,False,False,26,0,False,False
909,187651.8,5.959782395491423,32,2.266958755887048,1.5523467213518536,2,False,True,0,49,False,False,25,0,False,False
910,187652.0,5.943320729973279,32,2.1097423484955447,1.432278064316789,2,True,True,0,49,False,False,25,0,False,False
911,187652.2,5.932888869181907,32,1.930703223269841,1.3561801665026103,2,True,True,0,49,False,False,25,0,False,False
912,187652.4,5.948002721797147,31,1.8830541645175536,1.2817979973952516,2,True,True,0,49,False,False,25,0,False,False
913,187652.6,5.960713064059731,31,1.8508996672438975,1.2462218261515918,2,True,True,0,49,False,False,25,0,False,False
914,187652.8,5.97520120706325,30,1.8025304170748768,1.2211858760932093,2,True,True,0,49,False,False,25,0,False,False
915,187653.0,5.9916224229993125,30,1.7930302099785222,1.2160161271359233,2,True,True,0,49,False,False,25,0,False,False
916,187653.2,6.010705321489826,30,1.850564232693374,1.2367977461580486,2,True,True,0,49,False,False,25,0,False,False
917,187653.4,6.020671592797711,30,1.8399338309883089,1.2511894422603118,2,True,True,0,49,False,False,25,0,False,False
918,187653.6,6.042436244634958,30,1.8976704286644444,1.2826124700342227,2,True,True,0,49,False,False,25,0,False,False
919,187653.8,6.0510967707467085,30,1.9625298306526742,1.3072039730701839,2,True,True,0,49,False,False,25,0,False,False
920,187654.0,6.053799540137293,30,1.9185072006329966,1.2711741946521657,2,True,True,0,49,False,False,25,0,False,False
921,187654.2,6.0661599312441705,30,1.9635444091049423,1.3056981115889745,2,True,True,0,49,False,False,25,0,False,False
922,187654.4,6.047206884405398,31,1.9665477991530251,1.3635338544107307,2,False,True,0,49,False,False,25,0,False,False
923,187654.6,6.0238933179686445,32,2.0977339066919107,1.4383824303554913,2,False,True,0,49,False,False,25,0,False,False
924,187654.8,6.001274139379534,33,2.253180754744671,1.4952019053750345,2,False,True,0,49,False,False,25,0,False,False
925,187655.0,5.972807859667793,33,1.9801879118373806,1.3329587753919616,2,False,True,0,49,False,False,25,0,False,False
926,187655.2,5.945427230612662,34,2.4936655200472306,1.5760849358431281,2,False,True,0,49,False,False,25,0,False,False
927,187655.4,5.9081400629120635,34,2.4957973206379025,1.5682157767291687,2,False,True,0,49,False,False,25,0,False,False
928,187655.6,5.872070787449064,33,2.591514423296524,1.664376699351324,2,False,True,0,48,False,False,24,0,False,False
929,187655.8,5.836290931924311,32,2.5444687612633694,1.657430214497423,2,False,True,0,48,False,False,24,0,False,False
930,187656.0,5.7887057865821285,32,2.4097586548040075,1.6275478224641131,2,False,True,0,47,False,False,23,0,False,False
931,187656.2,5.787194607718023,29,2.1849354373350596,1.5515865419477368,2,True,True,0,46,False,False,22,0,False,False
932,187656.4,5.782442673519923,26,2.290751067449715,1.5752893918153033,2,True,True,0,45,False,False,21,0,False,False
933,187656.6,5.763793858629347,24,2.3553624484928406,1.5449365186004902,2,True,True,0,45,False,False,21,0,False,False
934,187656.8,5.761291161048722,22,2.381171501278186,1.4923754623335688,2,True,True,0,44,False,False,20,0,False,False
935,187657.0,5.755981037145422,20,2.6087786360307406,1.5440153488864856,2,True,True,0,44,False,False,20,0,False,False
936,187657.2,5.772412075254042,21,2.8724835150683448,1.8286961427731923,2,True,True,0,44,False,False,20,0,False,False
937,187657.4,5.777444786725258,23,2.374595396088564,1.525627171698032,2,True,True,0,44,False,False,20,0,False,False
938,187657.6,5.769807277286796,25,2.4490449787806163,1.60697640599716,2,True,True,0,44,False,False,20,0,False,False
939,187657.8,5.770534199412978,26,2.621005388728233,1.6761692295585662,2,False,True,0,43,False,False,19,0,False,False
940,187658.0,5.742491995113772,28,2.3178823509238207,1.4618962567517482,2,False,True,0,42,False,False,18,0,False,False
941,187658.2,5.73926133148444,28,2.437760970876509,1.5178764565130007,2,True,True,0,42,False,False,18,0,False,False
942,187658.4,5.729700219911997,27,2.4078995607705433,1.4586720615942417,2,True,True,0,42,False,False,18,0,False,False
943,187658.6,5.73799128338361,28,4.323813758181816,2.2229157505457247,2,True,True,0,42,False,False,18,0,False,False
944,187658.8,5.760171656616638,30,3.9437564870897517,2.0987719442805655,2,True,True,0,43,False,False,19,0,False,False
945,187659.0,5.781453913542922,32,3.497955233086209,1.9870340691708042,2,True,True,0,44,False,False,20,0,False,False
946,187659.2,5.8133323066923275,35,3.1588104818112677,1.8734554385047337,2,True,True,0,44,False,False,20,0,False,False
947,187659.4,5.841435721474448,37,2.206164923808115,1.409975692210044,2,True,True,0,45,False,False,21,0,False,False
948,187659.6,5.854939341452499,37,2.1149020152606837,1.3814406589762502,2,True,True,0,46,False,False,22,0,False,False
949,187659.8,5.843423337644425,37,2.123106994529634,1.4315559576700447,2,True,True,0,47,False,False,23,0,False,False
950,187660.0,5.812130925441031,35,2.318460719862123,1.5878008049195416,2,False,True,0,48,False,False,24,0,False,False
951,187660.2,5.8262238592540525,34,2.159309160614989,1.5012454092128729,2,False,True,0,49,False,False,25,0,False,False
952,187660.4,5.822958260354928,33,2.3807303291846234,1.6402978173815348,2,False,True,0,48,False,False,24,0,False,False
953,187660.6,5.810328849244543,30,2.6587663380778133,1.7506337017848954,2,False,True,0,46,False,False,22,0,False,False
954,187660.8,5.810987996761061,27,2.596467923798378,1.7346002660000845,2,False,True,0,44,False,False,20,0,False,False
955,187661.0,5.807722522486142,25,2.5162234077687,1.680435165465071,2,False,True,0,42,False,False,18,0,False,False
956,187661.2,5.8075817453356136,23,2.236673733272146,1.5030431330699403,2,True,True,0,41,False,False,17,0,False,False
957,187661.4,5.812089758991198,22,2.2043572759521575,1.4898355987439706,2,True,True,0,41,False,False,17,0,False,False
958,187661.6,5.806616331615508,24,2.0104130921433367,1.4183754830452113,2,True,True,0,41,False,False,17,0,False,False
959,187661.8,5.817375425412327,25,2.0961217171205595,1.418035210209663,2,True,True,0,41,False,False,17,0,False,False
960,187662.0,5.800066737259573,26,2.100100266614467,1.4488456230342073,2,True,True,0,41,False,False,17,0,False,False
961,187662.2,5.818909175148844,25,2.345712780090037,1.6738941705888741,2,False,True,0,39,False,False,15,0,False,False
962,187662.4,5.843747537262821,24,2.6314391481406796,1.8193845043494974,2,False,True,0,37,False,False,13,0,False,False
963,187662.6,5.850580391068938,23,2.374329943423553,1.7948044340730456,2,False,True,0,37,False,False,13,0,False,False
964,187662.8,5.847543401465125,23,2.3047645323664554,1.774295987404534,2,False,True,0,38,False,False,14,0,False,False
965,187663.0,5.805703353335252,24,2.0066175470308214,1.5621378678957776,2,False,True,0,39,False,False,15,0,False,False
966,187663.2,5.780284347271653,26,2.0652947922032903,1.5917557693291817,2,False,True,0,41,False,False,17,0,False,False
967,187663.4,5.744598692596848,29,2.0387754734612087,1.5694277196408721,2,True,True,0,43,False,False,19,0,False,False
968,187663.6,5.733596597381311,30,1.9424521454560104,1.4411229034393132,2,True,True,0,45,False,False,21,0,False,False
969,187663.8,5.7351015770821565,30,2.2038330688169374,1.5655007277403645,2,True,True,0,45,False,False,21,0,False,False
970,187664.0,5.731922725867652,31,2.0255324906192365,1.5675320454989559,2,True,True,0,46,False,False,22,0,False,False
971,187664.2,5.733639262689182,31,1.709181991036774,1.243101493930992,3,True,True,0,47,False,False,23,0,False,False
972,187664.4,5.74464783016117,30,1.6871709320914146,1.3470472690286404,3,True,True,0,48,False,False,24,0,False,False
973,187664.6,5.763574561558516,30,1.6392315412509764,1.3114526819876433,3,True,True,0,48,False,False,24,0,False,False
974,187664.8,5.762453145301674,31,1.6401852268409185,1.314311750406789,3,True,True,0,49,False,False,25,0,False,False
975,187665.0,5.766933413913511,29,1.7611166853036255,1.4006190030766759,2,True,True,0,49,False,False,25,0,False,False
976,187665.2,5.769713784681538,30,2.070793973854036,1.621661911838182,2,False,True,0,49,False,False,25,0,False,False
977,187665.4,5.762491504528156,30,2.063307142161646,1.5672505024156984,2,False,True,0,49,False,False,25,0,False,False
978,187665.6,5.753846841065525,30,1.9067081898056124,1.4597113393546672,2,False,True,0,49,False,False,25,0,False,False
979,187665.8,5.722454233614124,30,1.9432654286756448,1.448564618892337,2,False,True,0,49,False,False,25,0,False,False
980,187666.0,5.686836417472976,31,2.0175307064419057,1.4725290234148434,2,False,True,0,49,False,False,25,0,False,False
981,187666.2,5.654329424591145,31,1.9700590651702863,1.516593334579229,2,False,True,0,49,False,False,25,0,False,False
982,187666.4,5.6231653712107414,32,2.027973484080505,1.5328622285150275,2,False,True,0,49,False,False,25,0,False,False
983,187666.6,5.595999280197375,32,2.090718318544478,1.5147229030791531,2,False,True,0,49,False,False,25,0,False,False
984,187666.8,5.557671180147528,33,1.9996727997202928,1.4958531272488953,2,False,True,0,49,False,False,25,0,False,False
985,187667.0,5.533651983886461,35,8.088173001681927,2.7251672125228703,2,False,True,0,49,False,False,25,0,False,False
986,187667.2,5.522534229346973,35,8.337101059557563,2.844343754085501,2,False,True,0,49,False,False,25,0,False,False
987,187667.4,9.446947239830601,35,8.041978777017723,2.800824292812522,2,False,True,0,0,True,False,25,0,False,False
988,187667.6,7.205744670951265,36,6.6821482859457495,2.7956572369512664,11,True,True,0,49,False,False,25,0,False,False
989,187667.8,7.103895077669014,36,6.339962760656726,2.7346396414304084,2,False,True,0,49,False,False,25,0,False,False
990,187668.0,7.037120329985285,34,2.643051256971214,1.8361062277425633,2,False,True,0,49,False,False,25,0,False,False
991,187668.2,6.989271246368311,34,2.4198413039105002,1.6918356061015705,2,False,True,0,50,False,False,26,0,False,False
992,187668.4,6.919470960228158,34,2.394505594091041,1.6790640908238763,2,False,True,0,51,False,False,27,0,False,False
993,187668.6,6.844247786470166,34,2.334035636780725,1.6569537868336428,2,False,True,0,52,False,False,28,0,False,False
994,187668.8,6.783844794308709,34,2.2984453772127638,1.6455776784740894,2,False,True,0,53,False,False,29,0,False,False
995,187669.0,6.718600443765951,35,2.2917251809901598,1.6444164884664647,2,False,True,0,54,False,False,30,0,False,False
996,187669.2,6.672540188396039,35,2.2472892562134716,1.63660557476695,2,False,True,0,54,False,False,30,0,False,False
997,187669.4,6.638188314334638,35,2.208212506991527,1.6347226128341745,2,False,True,0,54,False,False,30,0,False,False
998,187669.6,6.588719674981941,35,2.135921277642297,1.59330503378336,2,False,True,0,54,False,False,30,0,False,False
999,187669.8,6.551580410908795,35,2.072199858868858,1.5686592946190288,2,False,True,0,54,False,False,30,0,False,False
1000,187670.0,6.498469546817706,35,2.1334919560635224,1.604446957274709,2,False,True,0,54,False,False,30,0,False,False
1001,187670.2,6.482443352820114,35,2.007526599006835,1.5628087635005554,2,False,True,0,54,False,False,30,0,False,False
1002,187670.4,6.437051495089241,35,1.9160224936508654,1.531488122868126,2,False,True,0,54,False,False,30,0,False,False
1003,187670.6,6.372972627088584,34,1.730949366875269,1.2996405617067512,2,False,True,0,53,False,False,29,0,False,False
1004,187670.8,6.326028281482001,34,1.9619993624368481,1.5357855497447959,2,False,True,0,53,False,False,29,0,False,False
1005,187671.0,6.271349398195783,34,1.9619379105420038,1.5279773726694557,2,False,True,0,53,False,False,29,0,False,False
1006,187671.2,6.225897555678683,34,1.9240803258988959,1.4917614141512814,2,False,True,0,52,False,False,28,0,False,False
1007,187671.4,6.171348624973495,34,1.9268029491191923,1.5051910164722617,2,True,True,0,51,False,False,27,0,False,False
1008,187671.6,6.12232813751928,35,1.9241659645434683,1.5000164289839089,2,False,True,0,51,False,False,27,0,False,False
1009,187671.8,6.0782063222645775,35,1.9546597233269234,1.5299919030206777,2,False,True,0,50,False,False,26,0,False,False
1010,187672.0,5.956049548638893,35,1.9572572295383475,1.553601688026139,2,False,True,0,49,False,False,25,0,False,False
1011,187672.2,5.926387164823368,35,1.873938367985062,1.4903733247928386,2,False,True,0,50,False,False,26,0,False,False
1012,187672.4,5.842493459220999,35,1.8238414740252369,1.4620987225411979,2,False,True,0,50,False,False,26,0,False,False
1013,187672.6,5.7624220971416324,34,1.9361917651710383,1.6231405018798837,2,False,True,0,50,False,False,26,0,False,False
1014,187672.8,5.688960037533105,33,1.8879377741588026,1.5967746619778902,2,False,True,0,50,False,False,26,0,False,False
1015,187673.0,5.6656477807623045,32,1.9062810724099128,1.6088910190029677,2,False,True,0,50,False,False,26,0,False,False
1016,187673.2,5.621556291079171,31,1.9100170869585467,1.612715941674495,2,False,True,0,49,False,False,25,0,False,False
1017,187673.4,5.5803279335472755,31,1.9485737977942232,1.6091794217252204,2,False,True,0,49,False,False,25,0,False,False
1018,187673.6,5.539551501701905,32,1.9074696077344222,1.5854409466475463,2,False,True,0,49,False,False,25,0,False,False
1019,187673.8,5.496310459853947,33,2.0617130843303424,1.6315550545879425,2,False,True,0,49,False,False,25,0,False,False
1020,187674.0,5.448399127841826,34,2.000184632031103,1.6034427678268013,2,True,True,0,49,False,False,25,0,False,False
1021,187674.2,5.3895780497683745,35,1.9237520562653814,1.5606193034919154,2,True,True,0,49,False,False,25,0,False,False
1022,187674.4,5.399565320378257,35,1.8854956592089707,1.5505069532323448,2,True,True,0,50,False,False,26,0,False,False
1023,187674.6,5.412037874953515,35,1.9101339592870719,1.5694146415954568,2,True,True,0,52,False,False,28,0,False,False
1024,187674.8,5.390914687370172,34,1.6022068470358495,1.4582761182165023,2,True,True,0,53,False,False,29,0,False,False
1025,187675.0,5.344420560288611,33,1.6016632717250503,1.4831665240144976,2,True,True,0,54,False,False,30,0,False,False
1026,187675.2,5.309957406879246,32,1.5458580448661827,1.425520057797041,3,True,True,0,55,False,False,31,0,False,False
1027,187675.4,5.310086524700467,31,1.524625651829847,1.38770251244332,3,True,True,0,55,False,False,31,0,False,False
1028,187675.6,5.283073198832384,30,1.5024526878088056,1.3555046424532935,3,True,True,0,54,False,False,30,0,False,False
1029,187675.8,5.239008284509204,30,1.5569466643003693,1.3871142822174487,10,True,True,0,54,False,False,30,0,False,False
1030,187676.0,5.190341822831557,29,1.6630515061684374,1.4659963928436053,11,True,True,0,53,False,False,29,0,False,False
1031,187676.2,5.137075084534425,28,1.6205109863158134,1.4548400779398956,11,True,True,0,52,False,False,28,0,False,False
1032,187676.4,5.125383392275143,26,1.691035266981359,1.6319023219571953,3,True,True,0,50,False,False,26,0,False,False
1033,187676.6,5.098174584364686,26,1.7754118805886117,1.6058583488146643,3,True,True,0,48,False,False,24,0,False,False
1034,187676.8,5.062287239629016,26,2.0080664856436896,1.7193621407727477,2,True,True,0,46,False,False,22,0,False,False
1035,187677.0,5.0194470780476825,27,1.9915314149428036,1.7327056151044702,2,True,True,0,45,False,False,21,0,False,False
1036,187677.2,4.970020125908932,28,1.9895171326387004,1.7738479369713516,2,True,True,0,44,False,False,20,0,False,False
1037,187677.4,4.940895148406437,30,1.9584340326654832,1.7724725325989572,2,True,True,0,44,False,False,20,0,False,False
1038,187677.6,4.94755050128237,31,1.6392351450298346,1.484770301203286,2,True,True,0,44,False,False,20,0,False,False
1039,187677.8,4.9209308918639785,31,1.6317106916262125,1.5215149190430723,2,True,True,0,43,False,False,19,0,False,False
1040,187678.0,4.874031167247783,31,1.61078617893182,1.4660983942955197,2,True,True,0,42,False,False,18,0,False,False
1041,187678.2,4.82156717110021,31,1.5364484703637513,1.377038841869578,2,True,True,0,41,False,False,17,0,False,False
1042,187678.4,4.777713986676796,31,1.5192644351821403,1.3390864455511726,2,True,True,0,40,False,False,16,0,False,False
1043,187678.6,4.7385692859547355,28,1.7128309322034647,1.496701895231638,3,True,True,0,39,False,False,15,0,False,False
1044,187678.8,4.69793392043118,27,1.460010759319917,1.3309675690220633,3,True,True,0,39,False,False,15,0,False,False
1045,187679.0,4.6565241367261425,27,1.2688643379882043,1.1506548083558892,3,True,True,0,39,False,False,15,0,False,False
1046,187679.2,4.6215670989913855,26,1.3649632862770622,1.318620478936327,2,True,True,0,39,False,False,15,0,False,False
1047,187679.4,4.587063934205664,25,1.4043171451311383,1.3498134158516515,3,False,True,0,39,False,False,15,0,False,False
1048,187679.6,4.561263074572608,26,1.3861243881908583,1.343705745236232,3,True,True,0,39,False,False,15,0,False,False
1049,187679.8,4.509431119013615,26,1.4962963002236007,1.4309844824963769,3,True,True,0,39,False,False,15,0,False,False
1050,187680.0,4.46481549273208,25,1.6531216984704376,1.493928205896014,2,True,True,0,39,False,False,15,0,False,False
1051,187680.2,4.445584766474344,25,1.7028496536185613,1.5151943936999914,2,True,True,0,39,False,False,15,0,False,False
1052,187680.4,4.376876397207298,26,1.9674825299458254,1.6205550672657405,2,True,True,0,40,False,False,16,0,False,False
1053,187680.6,4.3102970299714185,27,2.0652712372088575,1.6498314368535874,2,True,True,0,41,False,False,17,0,False,False
1054,187680.8,4.224962835249449,28,2.2026618393605943,1.682990368179237,2,True,True,0,42,False,False,18,0,False,False
1055,187681.0,4.122996607428193,29,2.318849491243785,1.7472467708314992,2,True,True,0,43,False,False,19,0,False,False
1056,187681.2,4.080691999170479,30,2.39401746377896,1.6744800505459483,2,True,True,0,44,False,False,20,0,False,False
1057,187681.4,4.026320316774753,30,2.4481499978780663,1.6596152203956116,2,True,True,0,44,False,False,20,0,False,False
1058,187681.6,3.96280317206783,30,2.4926889096109788,1.6510872125416076,2,True,True,0,44,False,False,20,0,False,False
1059,187681.8,3.9213376372132904,30,2.4805657394848777,1.61661982959578,2,True,True,0,44,False,False,20,0,False,False
1060,187682.0,3.856137910895784,30,2.4722109911571732,1.5848986113334087,2,True,True,0,43,False,False,19,0,False,False
1061,187682.2,3.8083628457017467,30,2.4337579263514986,1.5371816526156543,2,True,True,0,42,False,False,18,0,False,False
1062,187682.4,3.785844121105598,31,10.252654608973899,3.1017293555788297,2,True,True,0,41,False,False,17,0,False,False
1063,187682.6,3.7765629793980224,32,9.405234025006264,2.979925193749427,2,True,True,0,40,False,False,16,0,False,False
1064,187682.8,15.464002323031771,33,9.117687294360367,2.9528432507558264,2,True,True,0,0,True,False,15,0,False,False
1065,187683.0,14.432372410928588,34,5.879532088003352,2.9710769316963135,9,True,True,0,39,False,False,15,0,False,False
1066,187683.2,14.362653702623266,35,5.535367482596853,2.885929012868333,2,True,True,0,39,False,False,15,0,False,False
1067,187683.4,14.303124949226868,36,5.230646792324876,2.7570507944262266,2,False,True,0,40,False,False,16,0,False,False
1068,187683.6,14.221637118543892,36,4.221430185210741,2.416234244909923,2,False,True,0,41,False,False,17,0,False,False
1069,187683.8,14.135007863045153,36,4.268593186279635,2.426720219984976,2,False,True,0,42,False,False,18,0,False,False
1070,187684.0,14.006924881962233,36,4.326349712050167,2.416628077121557,2,False,True,0,43,False,False,19,0,False,False
1071,187684.2,13.865604941274961,36,4.38020364945664,2.4136403402052045,2,False,True,0,44,False,False,20,0,False,False
1072,187684.4,13.731692896508154,35,4.398335772049937,2.399349192216361,2,False,True,0,44,False,False,20,0,False,False
1073,187684.6,13.551791330152907,35,4.370330444522947,2.380887258521554,2,False,True,0,43,False,False,19,0,False,False
1074,187684.8,13.411972404211461,35,4.266373468034438,2.343206690175551,2,False,True,0,43,False,False,19,0,False,False
1075,187685.0,13.263790181097013,35,4.276622700203846,2.320603642900026,2,False,True,0,43,False,False,19,0,False,False
1076,187685.2,13.097058174918269,35,4.245928245415428,2.2974181777361373,2,False,True,0,43,False,False,19,0,False,False
1077,187685.4,12.966994825972709,35,4.313774062968304,2.3208962903164556,2,False,True,0,43,False,False,19,0,False,False
1078,187685.6,12.80589398535541,35,4.248968279867375,2.301310720009547,2,False,True,0,44,False,False,20,0,False,False
1079,187685.8,12.651280710093683,35,4.285576559738159,2.3056507003720603,2,False,True,0,44,False,False,20,0,False,False
1080,187686.0,12.500564656042135,35,4.255448752999161,2.2986180736456787,2,False,True,0,45,False,False,21,0,False,False
1081,187686.2,12.37079571248474,35,4.133230789856576,2.258046596928776,2,False,True,0,46,False,False,22,0,False,False
1082,187686.4,12.233292033775648,35,4.059831576921477,2.221333470110588,2,False,True,0,47,False,False,23,0,False,False
1083,187686.6,12.096695301626472,35,3.9483661991999552,2.1794450576227646,2,False,True,0,48,False,False,24,0,False,False
1084,187686.8,11.947862476047161,35,3.8742118692784477,2.1512658940538056,2,False,True,0,51,False,False,27,0,False,False
1085,187687.0,11.806410810097503,35,3.789556283327073,2.107937805446841,2,False,True,0,53,False,False,29,0,False,False
1086,187687.2,11.703315456730447,35,3.796722673574092,2.1128507007205424,2,True,True,0,55,False,False,31,0,False,False
1087,187687.4,11.578398446549778,35,3.711972524463629,2.086166268633729,2,True,True,0,57,False,False,33,0,False,False
1088,187687.6,11.527620570604302,35,3.7602451002451023,2.1037289077041716,2,True,True,0,59,False,False,35,0,False,False
1089,187687.8,11.454690774794134,35,3.7113221670169274,2.072325118523828,2,True,True,0,59,False,False,35,0,False,False
1090,187688.0,11.383781770109692,35,3.651978363918606,2.0635523827605677,2,True,True,0,59,False,False,35,0,False,False
1091,187688.2,11.326041640684466,35,3.661778730484065,2.0784049651390664,2,True,True,0,59,False,False,35,0,False,False
1092,187688.4,11.267596952033049,35,3.69636883585272,2.0853466032226016,2,True,True,0,59,False,False,35,0,False,False
1093,187688.6,11.20550332459719,35,3.624463661345162,2.0493448542458754,2,True,True,0,59,False,False,35,0,False,False
1094,187688.8,11.139021298070984,35,3.471281185311542,1.9851394648046903,2,True,True,0,59,False,False,35,0,False,False
1095,187689.0,11.077009591987661,35,3.3737933811263305,1.944701190611685,2,True,True,0,59,False,False,35,0,False,False
1096,187689.2,11.028841994604036,35,3.414111048615181,1.9661802417597396,2,True,True,0,59,False,False,35,0,False,False
1097,187689.4,10.964593445281603,35,3.5065135771139655,2.0160606552139395,2,True,True,0,59,False,False,35,0,False,False
1098,187689.6,10.909534203220765,35,3.5464784192795396,2.0469688395267114,2,True,True,0,59,False,False,35,0,False,False
1099,187689.8,10.836063707383332,35,3.5944920304736536,2.083145378331568,2,True,True,0,59,False,False,35,0,False,False
1100,187690.0,10.756117037364714,36,4.626750277084738,2.4676245112687556,2,True,True,0,60,False,False,36,0,False,False
1101,187690.2,10.69238126983253,37,4.560770383983893,2.4475018109341917,2,True,True,0,61,False,False,37,0,False,False
1102,187690.4,10.613908667807085,38,4.611618493892022,2.470223353159813,2,True,True,0,62,False,False,38,0,False,False
1103,187690.6,10.53630609258376,39,4.574183569972854,2.4654481851987544,2,True,True,0,63,False,False,39,0,False,False
1104,187690.8,10.471153857933077,40,4.551153006922726,2.4996768965975416,2,True,True,0,64,False,False,40,0,False,False
1105,187691.0,10.417906576373207,40,4.442871666386627,2.4727465048969868,2,True,True,0,64,False,False,40,0,False,False
1106,187691.2,10.369880490719062,40,4.426410652735611,2.466447239263183,2,True,True,0,64,False,False,40,0,False,False
1107,187691.4,10.313167434752007,40,4.332423148274932,2.4240282856222524,2,True,True,0,64,False,False,40,0,False,False
1108,187691.6,10.256917291589067,40,4.4080040709063075,2.4035028150351354,2,True,True,0,64,False,False,40,0,False,False
1109,187691.8,10.194101040536937,40,4.3931005798811436,2.3991251905635487,2,True,True,0,64,False,False,40,0,False,False
1110,187692.0,10.142372609401804,40,4.268402803325352,2.3279857093044805,2,True,True,0,64,False,False,40,0,False,False
1111,187692.2,10.08716759050638,40,4.397013676659799,2.3285733012191345,2,True,True,0,64,False,False,40,0,False,False
1112,187692.4,10.026275706193115,40,4.445874387230463,2.3552282070856334,2,True,True,0,64,False,False,40,0,False,False
1113,187692.6,9.975415069172298,40,4.3397334067546085,2.3294827231313695,2,True,True,0,64,False,False,40,0,False,False
1114,187692.8,9.911214692031718,40,4.300309890832745,2.310241327767036,2,True,True,0,64,False,False,40,0,False,False
1115,187693.0,9.849420986539702,40,4.400999966604495,2.4077079912201755,2,True,True,0,64,False,False,40,0,False,False
1116,187693.2,9.801824243279746,40,4.169288459433501,2.3253443611893365,2,True,True,0,64,False,False,40,0,False,False
1117,187693.4,9.745188130981926,40,3.957011609635068,2.227320302366249,2,True,True,0,64,False,False,40,0,False,False
1118,187693.6,9.69589477977165,40,3.882720281363238,2.171914284181688,2,True,True,0,64,False,False,40,0,False,False
1119,187693.8,9.641287621960243,40,3.8526891014338367,2.168382732634969,2,True,True,0,64,False,False,40,0,False,False
1120,187694.0,9.582129381610741,40,3.8207639505847473,2.15558975594659,3,True,True,0,64,False,False,40,0,False,False
1121,187694.2,9.536219618563162,40,3.7916752318805758,2.1710171721562683,3,True,True,0,64,False,False,40,0,False,False
1122,187694.4,9.490759274648997,40,3.90627281804692,2.2223658931674386,3,True,True,0,64,False,False,40,0,False,False
1123,187694.6,9.426268090802088,40,3.821423858643103,2.2124274695360238,3,True,True,0,64,False,False,40,0,False,False
1124,187694.8,9.371706159756856,40,3.791065804345529,2.184306570174768,2,True,True,0,64,False,False,40,0,False,False
1125,187695.0,9.320006490297242,40,3.7251817277837174,2.150108142804701,3,True,True,0,64,False,False,40,0,False,False
1126,187695.2,9.263785321683859,40,3.7143343826024617,2.1566996086029606,3,True,True,0,64,False,False,40,0,False,False
1127,187695.4,9.206798929693027,40,3.7112075493365055,2.1457888657656747,2,True,True,0,64,False,False,40,0,False,False
1128,187695.6,9.162726452466035,40,3.6605260945807077,2.1388937673690216,3,True,True,0,64,False,False,40,0,False,False
1129,187695.8,9.106775541235484,40,3.579693987313861,2.10508959133999,3,True,True,0,64,False,False,40,0,False,False
1130,187696.0,9.04356893797965,40,3.6237277066696696,2.1169233825311946,2,True,True,0,64,False,False,40,0,False,False
1131,187696.2,8.995401589855021,40,3.6826290272252096,2.1196623744712286,2,True,True,0,64,False,False,40,0,False,False
1132,187696.4,8.945420721576488,40,3.768809336792229,2.158032524565832,2,True,True,0,64,False,False,40,0,False,False
1133,187696.6,8.892080002405873,40,3.7304592218829846,2.139990696386782,3,True,True,0,64,False,False,40,0,False,False
1134,187696.8,8.840552007774637,40,3.671622584552848,2.1386388986970823,2,True,True,0,64,False,False,40,0,False,False
1135,187697.0,8.791027903595817,40,3.665298884625533,2.1364263201176406,2,True,True,0,64,False,False,40,0,False,False
1136,187697.2,8.729514022724503,40,3.797516161475147,2.1824894955632694,2,True,True,0,64,False,False,40,0,False,False
1137,187697.4,8.684002298457521,40,3.81819654420446,2.191778200327689,2,True,True,0,64,False,False,40,0,False,False
1138,187697.6,8.628811529594435,40,3.682110299868953,2.1529939219384304,2,True,True,0,64,False,False,40,0,False,False
1139,187697.8,8.575076277764126,40,3.6746430333808204,2.1518751649640206,2,True,True,0,64,False,False,40,0,False,False
1140,187698.0,8.512518919667025,40,3.6429459549523338,2.144761307259543,2,True,True,0,64,False,False,40,0,False,False
1141,187698.2,8.478873276938515,40,3.540751703128239,2.122913806057184,2,True,True,0,64,False,False,40,0,False,False
1142,187698.4,8.439054309327993,40,3.46236348547764,2.121766647323466,2,True,True,0,64,False,False,40,0,False,False
1143,187698.6,8.377021619381535,39,3.438177678321916,2.0978800612871797,2,True,True,0,63,False,False,39,0,False,False
1144,187698.8,8.325469575947066,38,3.403580141217979,2.0850914249912478,3,False,True,0,62,False,False,38,0,False,False
1145,187699.0,8.290010176664545,37,3.465429990864884,2.1932382527466676,3,True,True,0,61,False,False,37,0,False,False
1146,187699.2,8.262129987619733,36,3.3223017651052995,2.1575621152355398,3,True,True,0,60,False,False,36,0,False,False
1147,187699.4,8.219382179270422,35,3.122548388862036,2.0453574948978512,3,True,True,0,59,False,False,35,0,False,False
1148,187699.6,8.180233095737535,35,3.125405578038783,2.050795867223149,2,True,True,0,59,False,False,35,0,False,False
1149,187699.8,8.131841012008824,35,3.0488304817088467,1.9429479755199706,2,True,True,0,59,False,False,35,0,False,False
1150,187700.0,8.083414408148974,35,3.080296930910966,2.0240528777547104,2,True,True,0,59,False,False,35,0,False,False
1151,187700.2,8.05947045223035,35,3.070730024269623,2.0000418516668796,2,True,True,0,59,False,False,35,0,False,False
1152,187700.4,8.015933014207311,35,3.002362609175539,1.8540182314560223,2,True,True,0,59,False,False,35,0,False,False
1153,187700.6,7.986328034885422,35,2.911819649789081,1.799107725018517,2,True,True,0,59,False,False,35,0,False,False
1154,187700.8,7.938830214955488,35,2.809471243857815,1.7717093322089523,2,True,True,0,59,False,False,35,0,False,False
1155,187701.0,7.916464503072794,35,2.771023967229959,1.7648148513990052,2,True,True,0,59,False,False,35,0,False,False
1156,187701.2,7.881504835986157,35,2.9152174408446907,1.792393760684474,2,True,True,0,59,False,False,35,0,False,False
1157,187701.4,7.846658108326818,35,2.905695569385594,1.7861681011069408,2,True,True,0,59,False,False,35,0,False,False
1158,187701.6,7.810631957852018,34,3.0322813069331276,1.8218150565549733,2,True,True,0,58,False,False,34,0,False,False
1159,187701.8,7.77652066531198,34,2.5769387371020596,1.655379024338192,2,True,True,0,57,False,False,33,0,False,False
1160,187702.0,7.753683166951554,34,2.452999758295298,1.6045487428506668,2,True,True,0,56,False,False,32,0,False,False
1161,187702.2,7.721357906613187,33,2.4718991270277635,1.747628225164016,2,True,True,0,55,False,False,31,0,False,False
1162,187702.4,7.699616788354196,33,2.267521349230479,1.5732592324673502,2,True,True,0,54,False,False,30,0,False,False
1163,187702.6,7.679840546989049,33,2.4485530283595662,1.7346345094199034,2,True,True,0,54,False,False,30,0,False,False
1164,187702.8,7.650336387901512,32,2.427140165549734,1.628441981000813,2,True,True,0,54,False,False,30,0,False,False
1165,187703.0,7.630773554168523,31,2.3613651349448666,1.6871883697007377,2,True,True,0,54,False,False,30,0,False,False
1166,187703.2,7.609607991691449,31,2.5064666323118083,1.6526016129650714,2,True,True,0,54,False,False,30,0,False,False
1167,187703.4,7.587717347854615,30,2.517230493745399,1.747947416070647,2,True,True,0,54,False,False,30,0,False,False
1168,187703.6,7.556201817706096,30,2.670247166306339,1.7142762128764206,2,True,True,0,54,False,False,30,0,False,False
1169,187703.8,7.523559380153488,30,2.694715527881855,1.7224734599446714,2,True,True,0,54,False,False,30,0,False,False
1170,187704.0,7.516277031411209,31,5.636652135762674,2.47701243519643,3,True,True,0,54,False,False,30,0,False,False
1171,187704.2,7.508602603827004,31,2.6996558663107715,1.8753413812753537,3,True,True,0,54,False,False,30,0,False,False
1172,187704.4,7.508452610771776,32,5.719740477063191,2.534528207400633,2,True,True,0,54,False,False,30,0,False,False
1173,187704.6,7.5268224577142,33,5.76401580699306,2.535512359311245,2,True,True,0,54,False,False,30,0,False,False
1174,187704.8,7.542993803190317,34,5.5571222739852395,2.5208765528249293,2,True,True,0,54,False,False,30,0,False,False
1175,187705.0,7.561564427122533,34,5.25687452438538,2.4975380791108814,2,True,True,0,54,False,False,30,0,False,False
1176,187705.2,7.584636784309416,35,4.8789637532864525,2.4239840579663103,2,True,True,0,54,False,False,30,0,False,False
1177,187705.4,7.614695632975681,35,4.593302750535156,2.38551908841811,2,True,True,0,54,False,False,30,0,False,False
1178,187705.6,7.637176163909011,35,4.293786154657593,2.3393914062208983,2,True,True,0,54,False,False,30,0,False,False
1179,187705.8,7.651355399610298,34,2.8767401333153737,1.9613249798532058,2,True,True,0,54,False,False,30,0,False,False
1180,187706.0,7.658873766155223,33,2.9253005832320134,1.9996388905715259,2,True,True,0,54,False,False,30,0,False,False
1181,187706.2,7.6739321141460195,33,3.9182106076037853,2.2930851344631282,2,True,True,0,54,False,False,30,0,False,False
1182,187706.4,7.693720249458331,33,3.9315310609797964,2.2646854883344707,2,True,True,0,54,False,False,30,0,False,False
1183,187706.6,7.688323650791734,32,2.660202716124826,1.8877980214606098,2,True,True,0,54,False,False,30,0,False,False
1184,187706.8,7.710807850671905,33,4.171375651902281,2.3069049086279017,3,True,True,0,54,False,False,30,0,False,False
1185,187707.0,7.715044100429666,34,4.155829046848099,2.2856560508748207,2,True,True,0,54,False,False,30,0,False,False
1186,187707.2,7.740088570679002,34,4.69955656577171,2.371258995950044,2,True,True,0,54,False,False,30,0,False,False
1187,187707.4,7.767471352530374,34,5.030800244440802,2.4071150161722823,2,True,True,0,54,False,False,30,0,False,False
1188,187707.6,7.786371982113118,34,2.4121372083473935,1.8482533567745147,2,True,True,0,54,False,False,30,0,False,False
1189,187707.8,7.791011098171349,33,2.460877225185019,1.868296564506123,2,True,True,0,54,False,False,30,0,False,False
1190,187708.0,7.775917079492893,32,2.4880708108619314,1.8808715278014057,2,True,True,0,54,False,False,30,0,False,False
1191,187708.2,7.776846753874174,30,2.7652151565272125,2.0348097502516787,2,True,True,0,53,False,False,29,0,False,False
1192,187708.4,7.775639838650551,29,2.5825482209828086,1.8350960115536004,2,True,True,0,52,False,False,28,0,False,False
1193,187708.6,7.771329410459437,29,2.6177692005697017,1.843229038068758,2,True,True,0,51,False,False,27,0,False,False
1194,187708.8,7.767864324007111,29,2.607684242972082,1.8513366782196732,2,True,True,0,50,False,False,26,0,False,False
1195,187709.0,7.76339637960826,29,2.5964731312579126,1.849038294797596,2,True,True,0,49,False,False,25,0,False,False
1196,187709.2,7.774182669581293,31,6.773092891843395,2.4511260545784834,2,True,True,0,49,False,False,25,0,False,False
1197,187709.4,7.795100289100392,32,6.523685333089356,2.4211451338360486,3,True,True,0,49,False,False,25,0,False,False
1198,187709.6,22.756429616429543,32,6.6284230707530325,2.6169620423288777,2,True,True,0,0,True,False,25,0,False,False
1199,187709.8,22.685960366356337,32,2.470982281211101,1.67919508205538,10,True,True,0,49,False,False,25,0,False,False
1200,187710.0,22.717974396002862,33,5.62584768006332,2.4157258444705407,2,True,True,0,49,False,False,25,0,False,False
1201,187710.2,22.79717544969837,32,2.5649331595679117,1.7057476324887366,3,True,True,0,49,False,False,25,0,False,False
1202,187710.4,22.87297121217206,31,2.684573734661992,1.7878271817064384,2,True,True,0,50,False,False,26,0,False,False
1203,187710.6,22.870652450521366,33,19.107771499824054,4.333601210280944,2,True,True,0,51,False,False,27,0,False,False
1204,187710.8,21.039185741945065,35,18.065621335356024,4.254675060496179,13,True,True,0,52,False,False,28,0,False,False
1205,187711.0,18.222473904011768,35,17.92422350979005,4.545266007006271,11,True,True,0,0,True,False,29,0,False,False
1206,187711.2,16.595074142941584,35,12.12643621386007,4.446719868961916,9,True,True,0,53,False,False,29,0,False,False
1207,187711.4,16.572719937831582,36,12.147313638286205,4.430102072754482,2,False,True,0,51,False,False,27,0,False,False
1208,187711.6,18.2510442901347,35,12.145393918911315,4.4225454867664515,2,False,True,0,0,True,False,25,0,False,False
1209,187711.8,17.102725729243744,35,11.33673997418142,3.847765821139184,3,True,True,0,47,False,False,23,0,False,False
1210,187712.0,17.058005662158266,36,11.410891354215625,3.8388715091211383,2,False,True,0,46,False,False,22,0,False,False
1211,187712.2,18.27259954725045,38,11.524806818694847,3.8268685630588464,2,False,True,0,0,True,False,22,0,False,False
1212,187712.4,17.455703734642555,39,11.468075574732374,3.7877402621066376,3,False,True,0,47,False,False,23,0,False,False
1213,187712.6,17.441234066259515,39,12.155053681441302,4.030036290474999,2,False,True,0,47,False,False,23,0,False,False
1214,187712.8,20.924786377568623,38,12.109259322025512,4.361589927483959,2,False,True,0,0,True,False,24,0,False,False
1215,187713.0,19.773715245923768,36,8.029434129190614,3.6281322304284314,8,True,True,0,48,False,False,24,0,False,False
1216,187713.2,19.748143681096852,35,12.498962775397864,4.1900788440356775,2,False,True,0,48,False,False,24,0,False,False
1217,187713.4,19.47286165207291,34,12.584737213558308,4.201872527708951,2,False,True,0,0,True,False,24,0,False,False
1218,187713.6,18.639272116242765,33,11.775075895199233,4.027006384934144,5,True,True,0,49,False,False,25,0,False,False
1219,187713.8,18.602637632748262,32,11.881487828260775,4.510121607778088,2,False,True,0,49,False,False,25,0,False,False
1220,187714.0,23.70864389354929,32,11.908538448986505,4.448127278898515,2,False,True,0,0,True,False,25,0,False,False
1221,187714.2,23.163705553288192,32,19.297784108769182,3.9202789550308044,12,True,True,0,49,False,False,25,0,False,False
1222,187714.4,19.642641087094706,32,18.348887203708507,3.947832482803767,10,True,True,0,49,False,False,25,0,False,False
1223,187714.6,18.719242255697853,32,4.944950521604917,2.6528751115179485,11,True,True,0,49,False,False,25,0,False,False
1224,187714.8,19.39519968411788,33,18.610985848624445,4.26022704697412,4,True,True,0,49,False,False,25,0,False,False
1225,187715.0,17.726676614986552,33,5.323557039448885,3.0289005523893486,8,True,True,0,49,False,False,25,0,False,False
1226,187715.2,17.77681445643858,33,18.162443494356793,4.081896062601261,3,True,True,0,49,False,False,25,0,False,False
1227,187715.4,15.185330689059525,33,17.372905020784017,4.070303985357427,7,True,True,0,49,False,False,25,0,False,False
1228,187715.6,23.98025730771454,35,15.860730945593563,3.9098620732420164,9,True,True,0,0,True,False,25,0,False,False
1229,187715.8,22.569386775747514,36,13.076862004843871,4.336386470476894,8,True,True,0,49,False,False,25,0,False,False
1230,187716.0,22.509377430881408,38,13.18439678293585,4.348042624523703,2,False,True,0,49,False,False,25,0,False,False
1231,187716.2,25.497449268640473,39,13.276475919844863,4.340611004601026,2,False,True,0,0,True,False,25,0,False,False
1232,187716.4,24.518737031605077,40,13.063847889335106,4.345051294541775,6,False,True,0,50,False,False,26,0,False,False
1233,187716.6,24.46589397339564,40,13.172075735359176,4.357712129388376,2,False,True,0,51,False,False,27,0,False,False
1234,187716.8,26.164248013723924,40,13.450324201916077,4.395044215120955,2,False,True,0,0,True,False,27,0,False,False
1235,187717.0,25.192617143957477,40,13.496872499766168,4.426893500146732,7,True,True,0,51,False,False,27,0,False,False
1236,187717.2,25.142844241083207,40,13.597415079323827,4.446519642235331,2,False,True,0,51,False,False,27,0,False,False
1237,187717.4,27.73019753362078,39,14.437323335622144,4.966231260653638,2,True,True,0,0,True,False,26,0,False,False
1238,187717.6,26.6888285721616,38,15.540810717581444,5.139810952571647,6,True,True,0,49,False,False,25,0,False,False
1239,187717.8,26.701327214848828,37,10.323216110042623,4.187952480998709,2,True,True,0,49,False,False,25,0,False,False
1240,187718.0,28.960900968558246,36,10.143239173440177,4.149347723055095,2,True,True,0,0,True,False,25,0,False,False
1241,187718.2,28.567330020260282,35,9.868903377191495,4.030015412917949,5,False,True,0,49,False,False,25,0,False,False
1242,187718.4,28.584752811620195,35,9.86595516002921,4.007397744586542,2,True,True,0,49,False,False,25,0,False,False
1243,187718.6,28.657118322013492,35,9.613837073384667,3.9441334368132455,2,False,True,0,0,True,False,25,0,False,False
1244,187718.8,28.48934785705946,35,9.459085104973973,3.930288794384456,4,False,True,0,49,False,False,25,0,False,False
1245,187719.0,28.510902834102314,35,9.421281220502568,3.933205735742962,2,False,True,0,49,False,False,25,0,False,False
1246,187719.2,24.565594445816927,36,18.870006321377474,4.96588927427594,2,False,True,0,0,True,False,25,0,False,False
1247,187719.4,23.614877454321963,36,10.488244053251462,4.030763241638627,9,True,True,0,49,False,False,25,0,False,False
1248,187719.6,23.59510236834923,36,15.097171449577043,5.064738317762485,2,True,True,0,49,False,False,25,0,False,False
1249,187719.8,36.68504023607099,35,10.985817157146505,4.289998738119166,3,True,True,0,0,True,False,25,0,False,False
1250,187720.0,36.48270399308432,34,4.235870180491817,2.449340166803276,7,True,True,0,49,False,False,25,0,False,False
1251,187720.2,36.485137446084096,33,11.917455336661543,3.7934584369961803,2,True,True,0,49,False,False,25,0,False,False
1252,187720.4,36.49522570376908,33,11.695232192491737,3.776448656675893,2,True,True,0,49,False,False,25,0,False,False
1253,187720.6,28.885745348445916,33,11.602741260520064,3.749363304813513,2,True,True,0,0,True,False,25,0,False,False
1254,187720.8,28.60716850728905,34,8.645744033348237,3.7231375115364074,8,False,True,0,49,False,False,25,0,False,False
1255,187721.0,28.591468814968657,36,19.91525860262012,4.950406787578619,2,False,True,0,49,False,False,25,0,False,False
1256,187721.2,25.159901551775405,36,20.337804377247497,4.939773912461648,3,True,True,0,0,True,False,25,0,False,False
1257,187721.4,24.113576048198876,37,15.490119508381884,4.5534861753100735,9,True,True,0,49,False,False,25,0,False,False
1258,187721.6,24.37273484534447,37,10.322464095971933,3.82506550472209,3,True,True,0,49,False,False,25,0,False,False
1259,187721.8,32.21270696907832,37,10.309248762376289,3.7730156109120863,3,True,True,0,0,True,False,25,0,False,False
1260,187722.0,31.676279736845448,36,7.945479076819356,3.5734417960863722,6,False,True,0,49,False,False,25,0,False,False
1261,187722.2,31.656619087853784,36,7.9295993211272915,3.571310738024709,2,False,True,0,49,False,False,25,0,False,False
1262,187722.4,30.78782116363052,35,7.9048532663047055,3.2769128526062965,2,False,True,0,0,True,False,26,0,False,False
1263,187722.6,30.60051125808604,35,7.933450784738338,3.2679239771825928,4,False,True,0,51,False,False,27,0,False,False
1264,187722.8,30.601464419528607,35,7.706398073064935,3.483201554182164,2,False,True,0,52,False,False,28,0,False,False
1265,187723.0,33.03847039231828,35,7.710387326035912,3.4642264905022926,2,False,True,0,0,True,False,29,0,False,False
1266,187723.2,32.574115751131465,35,7.6335108180484035,3.440500248503943,5,True,True,0,54,False,False,30,0,False,False
1267,187723.4,32.56446667922835,35,7.476230388363662,3.418484429581527,2,False,True,0,54,False,False,30,0,False,False
1268,187723.6,31.70418601783698,35,7.364507277441039,3.4130839631409304,2,True,True,0,0,True,False,30,0,False,False
1269,187723.8,31.52980938832855,35,7.321935604176947,3.469717575930782,4,False,True,0,54,False,False,30,0,False,False
1270,187724.0,31.50737959532509,35,7.252175764868287,3.15720425115911,2,True,True,0,54,False,False,30,0,False,False
1271,187724.2,29.36318548403901,35,7.077286139796154,3.129275590338732,2,True,True,0,0,True,False,30,0,False,False
1272,187724.4,29.112430948444473,35,7.070197973699192,3.101900052993034,4,False,True,0,54,False,False,30,0,False,False
1273,187724.6,29.08526685428354,35,7.0733773965627025,3.111917115306464,2,False,True,0,54,False,False,30,0,False,False
1274,187724.8,29.34581853290429,35,7.051497489650076,3.129134315795776,2,False,True,0,0,True,False,30,0,False,False
1275,187725.0,28.91744068067489,35,7.016806981573548,3.1114116224203747,3,False,True,0,54,False,False,30,0,False,False
1276,187725.2,28.881172075530298,35,6.952802866694053,3.093345054429711,2,False,True,0,54,False,False,30,0,False,False
1277,187725.4,29.419173846350418,35,6.96674798194159,3.090273253376773,2,False,True,0,0,True,False,30,0,False,False
1278,187725.6,28.936895040528494,35,7.589358877532551,3.184163519433376,3,False,True,0,54,False,False,30,0,False,False
1279,187725.8,28.90069827355147,35,7.5926997016910605,3.1895540294179576,2,True,True,0,54,False,False,30,0,False,False
1280,187726.0,28.27097282845734,35,7.454427622249342,3.163800031668025,2,False,True,0,0,True,False,30,0,False,False
1281,187726.2,27.992118931012367,35,7.402654984762103,3.1681172187628843,3,True,True,0,54,False,False,30,0,False,False
1282,187726.4,27.959706554239737,35,7.3179216093229495,3.145003555020152,2,False,True,0,54,False,False,30,0,False,False
1283,187726.6,27.62376281381025,35,7.22201693534865,3.127307915581712,2,True,True,0,0,True,False,30,0,False,False
1284,187726.8,27.309304322167847,35,7.1258389102296,3.113123682182069,3,False,True,0,54,False,False,30,0,False,False
1285,187727.0,27.276666327344234,35,7.064855978480877,3.0981472168315447,2,False,True,0,54,False,False,30,0,False,False
1286,187727.2,27.522808753006824,35,7.017682839729934,3.0862254177496973,2,False,True,0,0,True,False,30,0,False,False
1287,187727.4,27.099337176796016,35,7.015659164214825,3.0778075477432614,3,False,True,0,54,False,False,30,0,False,False
1288,187727.6,27.071208376921994,35,6.97107075338449,3.070192421657709,2,True,True,0,54,False,False,30,0,False,False
1289,187727.8,27.159842543630603,35,6.9670502624416555,3.086732826409534,2,False,True,0,0,True,False,30,0,False,False
1290,187728.0,26.763587035809923,35,7.011440550637694,3.1057714947036716,3,False,True,0,54,False,False,30,0,False,False
1291,187728.2,26.743968280579573,35,7.0149636206907156,3.114463064410394,2,False,True,0,54,False,False,30,0,False,False
1292,187728.4,26.724811809502466,35,6.9685060058216655,3.103788021825549,2,False,True,0,0,True,False,30,0,False,False
1293,187728.6,26.348607329199066,35,6.989398338136889,3.0989531671894137,3,False,True,0,54,False,False,30,0,False,False
1294,187728.8,26.316869451788502,35,7.063077402900589,3.396921400535183,2,True,True,0,54,False,False,30,0,False,False
1295,187729.0,29.849406226982488,35,7.113403500963053,3.381277843505462,2,False,True,0,0,True,False,30,0,False,False
1296,187729.2,29.450175134514947,35,7.028620711547371,3.408091690704023,5,True,True,0,54,False,False,30,0,False,False
1297,187729.4,29.438126159332285,35,7.002763677896051,3.383534585575046,2,True,True,0,54,False,False,30,0,False,False
1298,187729.6,29.38652338872266,35,6.944239115999195,3.3866674171591513,2,False,True,0,0,True,False,30,0,False,False
1299,187729.8,29.258786036356955,35,6.967663071579742,3.4143331821884773,3,False,True,0,54,False,False,30,0,False,False
1300,187730.0,29.258740163087936,35,6.846807002597494,3.340779603267625,2,True,True,0,54,False,False,30,0,False,False
1301,187730.2,29.41547433293528,35,6.83194586187531,3.3445097211485124,2,False,True,0,0,True,False,30,0,False,False
1302,187730.4,29.225886392458715,35,6.80674994645174,3.327022504151406,4,False,True,0,54,False,False,30,0,False,False
1303,187730.6,29.242737393870566,35,6.761939347412365,3.3280959239735335,2,True,True,0,54,False,False,30,0,False,False
1304,187730.8,29.357584101009195,35,6.666874452963526,3.241684418836075,2,False,True,0,0,True,False,30,0,False,False
1305,187731.0,28.97752205954808,36,9.785513147325656,3.7277567243964027,4,False,True,0,54,False,False,30,0,False,False
1306,187731.2,28.982601215100093,37,9.805520032429733,3.7227641456094087,2,False,True,0,53,False,False,29,0,False,False
1307,187731.4,27.56663551342357,37,6.286749482615659,2.954284345500708,2,False,True,0,0,True,False,28,0,False,False
1308,187731.6,27.00649426897796,37,6.2806783609301835,2.932515752167663,4,False,True,0,51,False,False,27,0,False,False
1309,187731.8,26.967318113671986,37,6.110886366877674,2.913342373749232,2,False,True,0,50,False,False,26,0,False,False
1310,187732.0,26.985242263927944,35,5.391171480520131,2.6643204184913873,2,False,True,0,49,False,False,25,0,False,False
1311,187732.2,27.04927944045769,33,5.2469867016377885,2.8317565233036373,2,False,True,0,49,False,False,25,0,False,False
1312,187732.4,27.12186345792003,32,5.034905798186582,2.777046184345835,2,False,True,0,49,False,False,25,0,False,False
1313,187732.6,27.185260700842157,32,6.6154214092488095,3.2208442935785677,2,False,True,0,49,False,False,25,0,False,False
1314,187732.8,27.24990001508058,32,7.271191914483447,3.305073866248497,2,True,True,0,49,False,False,25,0,False,False
1315,187733.0,22.764123218734483,33,7.0349128713585625,2.8865785096625793,2,False,True,0,0,True,False,25,0,False,False
1316,187733.2,22.67105968734061,33,4.623486681898415,2.6528875317058187,5,True,True,0,49,False,False,25,0,False,False
1317,187733.4,22.72742603799455,32,4.11052371549817,2.503584623942362,2,False,True,0,49,False,False,25,0,False,False
1318,187733.6,22.75604237390291,30,4.0545459392274115,2.449506200504658,2,False,True,0,49,False,False,25,0,False,False
1319,187733.8,22.776951554548273,28,4.066201899687392,2.46779284922954,2,False,True,0,49,False,False,25,0,False,False
1320,187734.0,22.787130985099868,26,4.1009001103755285,2.497679795960862,2,False,True,0,49,False,False,25,0,False,False
1321,187734.2,22.79361679503047,25,4.126278153780945,2.562914976164229,2,False,True,0,49,False,False,25,0,False,False
1322,187734.4,22.80859976463535,25,4.08802633680296,2.5196036814545875,2,False,True,0,49,False,False,25,0,False,False
1323,187734.6,22.8196245002765,25,4.083012043590532,2.482653068789021,2,False,True,0,49,False,False,25,0,False,False
1324,187734.8,22.828658786330113,25,4.084648728180578,2.4738406591122577,2,False,True,0,49,False,False,25,0,False,False
1325,187735.0,22.845330130447206,25,4.091051912321087,2.4230869023531816,2,False,True,0,49,False,False,25,0,False,False
1326,187735.2,22.86582994824544,25,4.075712784736364,2.390431798738423,2,False,True,0,49,False,False,25,0,False,False
1327,187735.4,22.916212086931832,26,3.7233328135654298,2.2567101394656937,2,False,True,0,49,False,False,25,0,False,False
1328,187735.6,22.91533832156098,27,6.053696809256497,3.192940105959857,2,False,True,0,49,False,False,25,0,False,False
1329,187735.8,22.960387972041396,28,3.969112813481128,2.479577655932384,2,False,True,0,49,False,False,25,0,False,False
1330,187736.0,23.021115158132773,29,4.011117080062965,2.5003521466039555,2,False,True,0,49,False,False,25,0,False,False
1331,187736.2,23.100786729730714,30,3.85808338038376,2.3981959768705168,2,False,True,0,49,False,False,25,0,False,False
1332,187736.4,23.170400837729083,31,6.9004708933864976,3.104223147697738,2,True,True,0,49,False,False,25,0,False,False
1333,187736.6,23.217904344107545,33,8.353729181463729,3.3653559820549024,2,True,True,0,49,False,False,25,0,False,False
1334,187736.8,17.324820527659273,35,8.448374492289345,3.406728500586424,2,True,True,0,0,True,False,25,0,False,False
1335,187737.0,16.538224831016894,36,6.024071186021566,3.1087260194417907,9,True,True,0,49,False,False,25,0,False,False
1336,187737.2,16.554542065410782,37,5.942727420282197,3.0894694150210196,2,True,True,0,49,False,False,25,0,False,False
1337,187737.4,16.595191059875685,37,6.021735708031331,3.078013022890639,2,True,True,0,49,False,False,25,0,False,False
1338,187737.6,16.646322720986696,36,6.0612270871438385,3.07953704550905,2,True,True,0,49,False,False,25,0,False,False
1339,187737.8,22.223337968557946,35,6.178169425303396,3.0726054626728283,2,True,True,0,0,True,False,25,0,False,False
1340,187738.0,22.00122794910233,35,5.856408118919833,3.0529404935285633,5,False,True,0,49,False,False,25,0,False,False
1341,187738.2,22.067478212050034,35,5.928077823610311,3.092202637164263,2,True,True,0,49,False,False,25,0,False,False
1342,187738.4,22.132749769787143,35,5.934053581211386,3.114590689845983,2,True,True,0,49,False,False,25,0,False,False
1343,187738.6,22.201015973910508,35,5.9600150144485475,3.10871267404034,2,True,True,0,49,False,False,25,0,False,False
1344,187738.8,22.27200121380109,35,6.077423200356414,3.109238527806233,2,True,True,0,49,False,False,25,0,False,False
1345,187739.0,22.316474577942138,36,9.346665254190171,3.6007788198568913,2,False,True,0,50,False,False,26,0,False,False
1346,187739.2,24.321759401996225,36,6.230822542179405,2.8998892014751827,2,True,True,0,0,True,False,27,0,False,False
1347,187739.4,23.9358732375594,36,6.439865435842729,2.914500905149092,5,True,True,0,51,False,False,27,0,False,False
1348,187739.6,23.976959467800192,36,6.237334150719353,2.8547144435133105,2,True,True,0,51,False,False,27,0,False,False
1349,187739.8,23.603563921002195,36,6.091139676209044,2.8271162792371425,2,False,True,0,0,True,False,27,0,False,False
1350,187740.0,23.53049551362383,35,5.9766967632629004,2.7955133401260333,4,False,True,0,50,False,False,26,0,False,False
1351,187740.2,23.616999176142357,35,6.045253216597822,2.8035359008952274,2,True,True,0,49,False,False,25,0,False,False
1352,187740.4,23.650001660224042,34,6.4876376787363075,2.8624685993015784,2,False,True,0,49,False,False,25,0,False,False
1353,187740.6,5.993906077124473,33,6.552775437370517,2.868420193328109,2,False,True,0,0,True,False,25,0,False,False
1354,187740.8,5.1091329864787305,33,12.315807314453242,2.839953158350319,7,True,True,0,49,False,False,25,0,False,False
1355,187741.0,4.897659011151728,32,13.486151079519521,3.041495223082995,2,True,True,0,49,False,False,25,0,False,False
1356,187741.2,23.32120706507994,32,12.371416257344654,2.7973183630410925,2,True,True,0,0,True,False,25,0,False,False
1357,187741.4,22.69776823707272,33,7.0225661828319,3.040893334139708,13,True,True,0,49,False,False,25,0,False,False
1358,187741.6,22.779563631456735,34,6.951882286266777,2.9968232575915565,2,False,True,0,49,False,False,25,0,False,False
1359,187741.8,21.216490037128693,34,6.9946211779496545,2.9969296169712765,2,True,True,0,0,True,False,25,0,False,False
1360,187742.0,21.045112355669207,35,6.736002293899704,3.2739796190058366,5,True,True,0,49,False,False,25,0,False,False
1361,187742.2,21.08811591570002,34,6.744252620292583,3.2301187204751525,2,True,True,0,49,False,False,25,0,False,False
1362,187742.4,9.102755552901199,33,6.790200572844723,2.9550611991048386,2,False,True,0,0,True,False,25,0,False,False
1363,187742.6,8.265619557677699,33,11.5902085879357,3.014170974739874,7,True,True,0,49,False,False,25,0,False,False
1364,187742.8,8.03476846478497,33,11.53428796583493,3.012528681588857,2,True,True,0,49,False,False,25,0,False,False
1365,187743.0,19.723106845354746,33,11.679166115778324,3.0392515937278417,2,True,True,0,0,True,False,25,0,False,False
1366,187743.2,18.95008784806388,34,6.477237184260087,2.9380718341934795,12,True,True,0,49,False,False,25,0,False,False
1367,187743.4,18.95436714495667,34,6.361233930875798,2.8900888483270863,2,False,True,0,49,False,False,25,0,False,False
1368,187743.6,19.293719776087173,34,6.861466044967135,3.0480836622048098,2,False,True,0,0,True,False,25,0,False,False
1369,187743.8,18.741981545281522,33,6.440777259238953,3.3219449218459967,3,True,True,0,49,False,False,25,0,False,False
1370,187744.0,18.736827987323444,32,6.579353883513855,3.2804594238272116,2,False,True,0,49,False,False,25,0,False,False
1371,187744.2,11.309878200246507,31,6.663252539239143,3.027058032506663,2,False,True,0,0,True,False,25,0,False,False
1372,187744.4,10.647287580249971,30,1.4941388175445434,1.473894242479002,9,True,True,0,49,False,False,25,0,False,False
1373,187744.6,10.475780653750968,28,1.5676866479026474,1.5420257807482258,2,True,True,0,49,False,False,25,0,False,False
1374,187744.8,10.372101045729693,28,9.49626887455406,3.535878922823262,2,True,True,0,49,False,False,25,0,False,False
1375,187745.0,10.231577244699652,29,16.648215617195476,4.367711406634303,2,True,True,0,49,False,False,25,0,False,False
1376,187745.2,22.13896011762978,30,13.333179928645109,3.4010202926399273,9,True,True,0,0,True,False,25,0,False,False
1377,187745.4,21.03443085541705,32,8.239800751449947,3.6567582978914066,10,True,True,0,49,False,False,25,0,False,False
1378,187745.6,21.063243274580536,34,8.292206755422905,3.7031564681019624,2,True,True,0,49,False,False,25,0,False,False
1379,187745.8,20.13926160600096,35,8.234629716338032,3.6896476924373,2,True,True,0,0,True,False,25,0,False,False
1380,187746.0,19.752663660045283,35,7.797575709170827,3.60456148969236,4,True,True,0,49,False,False,25,0,False,False
1381,187746.2,19.788769300293197,34,7.868019127291559,3.6310644792606945,2,True,True,0,49,False,False,25,0,False,False
1382,187746.4,14.814466470138958,33,7.647162554140209,3.546011939744585,2,False,True,0,0,True,False,25,0,False,False
1383,187746.6,14.133568665108966,32,2.0859896066253594,1.8515017717591231,11,True,True,0,49,False,False,25,0,False,False
1384,187746.8,13.967442370047817,31,2.0010846535800737,1.7308386473929898,2,False,True,0,49,False,False,25,0,False,False
1385,187747.0,13.882839004739997,30,1.9212458124520837,1.6237758156635262,2,True,True,0,49,False,False,25,0,False,False
1386,187747.2,13.829732712752767,30,2.0336865807694147,1.7653077606875252,2,True,True,0,49,False,False,25,0,False,False
1387,187747.4,13.638562895481025,30,2.0507792241694407,1.6153287731678305,2,False,True,0,48,False,False,24,0,False,False
1388,187747.6,13.43427796443551,28,1.883664824067035,1.5938391289070089,2,True,True,0,46,False,False,22,0,False,False
1389,187747.8,13.136434022027593,27,12.341974282312485,3.226960267259709,2,False,True,0,44,False,False,20,0,False,False
1390,187748.0,12.748741535944776,27,11.349823069286478,3.0265644750707086,2,False,True,0,41,False,False,17,0,False,False
1391,187748.2,12.53151545148007,28,9.649192643767476,2.818023003342238,2,False,True,0,0,True,False,13,0,False,False
1392,187748.4,11.827821252416072,29,4.270800137057814,2.3930131974677717,10,True,True,0,35,False,False,11,0,False,False
1393,187748.6,11.839499558102085,32,4.02673654118568,2.284303263847119,2,False,True,0,34,False,False,10,0,False,False
1394,187748.8,11.977469595124456,34,4.059764395741633,2.280512379801859,2,False,True,0,32,False,False,8,0,False,False
1395,187749.0,12.14362042202622,35,4.14774360060312,2.2818461292519703,2,False,True,0,32,False,False,8,0,False,False
1396,187749.2,12.317310448617096,35,4.19786158421216,2.305574414031239,2,False,True,0,34,False,False,10,0,False,False
1397,187749.4,12.456231568425936,34,3.6026265069872747,2.0954918856270117,2,False,True,0,36,False,False,12,0,False,False
1398,187749.6,12.542579876311633,34,4.494385492597204,2.4189784154692466,2,True,True,0,38,False,False,14,0,False,False
1399,187749.8,12.557899502572358,35,7.984178356612309,3.181103253180716,2,True,True,0,41,False,False,17,0,False,False
1400,187750.0,12.61410116289914,35,7.842408934877454,3.2405705640827542,2,True,True,0,43,False,False,19,0,False,False
1401,187750.2,13.805582355360707,35,7.519598835529804,3.2203697189919445,2,True,True,0,0,True,False,20,0,False,False
1402,187750.4,13.01453648909709,36,6.360794277995839,3.174124582868915,12,True,True,0,44,False,False,20,0,False,False
1403,187750.6,13.075570131707034,36,6.601335658283942,3.2425462263253397,2,True,True,0,44,False,False,20,0,False,False
1404,187750.8,12.143545415612687,35,6.856167655525354,3.3119486604165043,2,True,True,0,0,True,False,20,0,False,False
1405,187751.0,11.808832795735288,34,3.6738855871269043,2.523095334732571,5,True,True,0,44,False,False,20,0,False,False
1406,187751.2,11.894179466354972,34,4.316635947009715,2.7552215905154194,2,False,True,0,44,False,False,20,0,False,False
1407,187751.4,11.98571923268711,34,4.654318627688701,2.8242976782254177,2,True,True,0,44,False,False,20,0,False,False
1408,187751.6,12.044458142813104,33,4.441537216543975,2.781934241512359,2,True,True,0,44,False,False,20,0,False,False
1409,187751.8,12.119713598750385,33,4.912643468263999,2.831525266415739,2,True,True,0,44,False,False,20,0,False,False
1410,187752.0,12.194506711630098,34,4.822735020917761,2.7899971135120487,2,True,True,0,44,False,False,20,0,False,False
1411,187752.2,12.2598915219524,34,4.760217241857152,2.7907767664438543,2,True,True,0,44,False,False,20,0,False,False
1412,187752.4,12.340046719189353,34,4.74046248292318,2.7606435165535417,2,True,True,0,45,False,False,21,0,False,False
1413,187752.6,12.423304090014746,35,4.657358170984006,2.7997161738372123,2,True,True,0,46,False,False,22,0,False,False
1414,187752.8,12.504661130224914,35,4.447037307198492,2.742824304768455,2,True,True,0,48,False,False,24,0,False,False
1415,187753.0,12.55169662668567,35,4.173333755460382,2.6641236719169354,2,True,True,0,50,False,False,26,0,False,False
1416,187753.2,12.60006668070542,35,3.7304531822575417,2.5259722904915956,2,True,True,0,52,False,False,28,0,False,False
1417,187753.4,12.648765789176004,35,3.4826854834708114,2.47564339448216,3,True,True,0,53,False,False,29,0,False,False
1418,187753.6,12.642526468701323,34,3.3537515889554745,2.461017652675624,2,True,True,0,54,False,False,30,0,False,False
1419,187753.8,12.638349883010422,33,3.347316121595599,2.453027949373938,2,True,True,0,54,False,False,30,0,False,False
1420,187754.0,12.694030153043036,31,3.2496924113681915,2.38007694859982,2,True,True,0,53,False,False,29,0,False,False
1421,187754.2,12.72449752287446,29,3.259586496100097,2.4410067407734606,2,True,True,0,52,False,False,28,0,False,False
1422,187754.4,12.749184719782845,27,3.240556067247242,2.409773744871728,2,True,True,0,51,False,False,27,0,False,False
1423,187754.6,12.746305958089806,27,13.935837846115023,4.4664865411899575,2,True,True,0,50,False,False,26,0,False,False
1424,187754.8,12.74444525065951,27,13.143890372190752,4.188895939496622,2,True,True,0,49,False,False,25,0,False,False
1425,187755.0,20.568643069398902,28,12.625704372336328,4.10683436461121,2,False,True,0,0,True,False,25,0,False,False
1426,187755.2,20.17949304812831,29,3.143540800216166,2.2693957678266194,12,True,True,0,49,False,False,25,0,False,False
1427,187755.4,20.07051554133959,30,2.9554426691758744,2.1917739659411852,2,True,True,0,49,False,False,25,0,False,False
1428,187755.6,19.991508546802187,30,2.7466713334298376,2.110398720609921,2,True,True,0,49,False,False,25,0,False,False
1429,187755.8,19.88149205825228,29,2.510075862710161,1.8887071145180137,2,True,True,0,49,False,False,25,0,False,False
1430,187756.0,19.75432897139913,28,2.494098645989808,1.8895596815432658,2,True,True,0,49,False,False,25,0,False,False
1431,187756.2,19.62655454175908,27,2.496244839159221,1.8806610760386426,2,True,True,0,49,False,False,25,0,False,False
1432,187756.4,19.487938903528157,26,2.4366941597343663,1.8626304799895497,2,True,True,0,49,False,False,25,0,False,False
1433,187756.6,19.331372546861182,25,2.425150687818525,1.9234755825415388,2,True,True,0,49,False,False,25,0,False,False
1434,187756.8,19.170638991137327,25,2.413850769053343,1.963522441741558,2,True,True,0,49,False,False,25,0,False,False
1435,187757.0,18.999470627128872,25,2.372421195770189,1.9425867591293418,2,True,True,0,49,False,False,25,0,False,False
1436,187757.2,18.845738384778635,25,2.3629376366896104,1.9267314262758672,2,True,True,0,49,False,False,25,0,False,False
1437,187757.4,18.692083956501563,25,2.3513762519009815,1.9396787644418445,2,True,True,0,49,False,False,25,0,False,False
1438,187757.6,18.56928294027248,26,2.7127195554343593,2.1607731976701645,2,True,True,0,49,False,False,25,0,False,False
1439,187757.8,18.431982722202395,27,2.498931010513637,2.078614765670531,2,True,True,0,49,False,False,25,0,False,False
1440,187758.0,18.289246496918388,27,2.3100911831682382,1.9251546673889037,2,True,True,0,49,False,False,25,0,False,False
1441,187758.2,18.161833977893174,27,2.283278402406507,1.8981195005539024,2,True,True,0,49,False,False,25,0,False,False
1442,187758.4,17.98022790510136,28,7.434219909074365,2.9853730459443337,2,True,True,0,49,False,False,25,0,False,False
1443,187758.6,17.799032241119935,29,6.810256154009353,2.7926956495801862,2,True,True,0,49,False,False,25,0,False,False
1444,187758.8,17.61799386803462,28,2.2216785480142396,1.8720391480352765,2,True,True,0,49,False,False,25,0,False,False
1445,187759.0,17.441025797117494,28,2.2061351073109945,1.868363069040112,2,True,True,0,49,False,False,25,0,False,False
1446,187759.2,17.26331315665893,28,2.215364265260824,1.8766338671315985,2,True,True,0,49,False,False,25,0,False,False
1447,187759.4,17.101910529760016,27,2.1713522270246064,1.830338261368233,2,True,True,0,49,False,False,25,0,False,False
1448,187759.6,16.939649733688256,25,2.1797362442755026,1.850509228145283,2,True,True,0,49,False,False,25,0,False,False
1449,187759.8,16.76688787146504,25,2.1899774158722956,1.8446446573845294,2,True,True,0,49,False,False,25,0,False,False
1450,187760.0,16.604855387730247,25,2.207757068180172,1.8424389997342505,2,True,True,0,49,False,False,25,0,False,False
1451,187760.2,16.43919885377173,25,2.2027189059942778,1.8334726318417969,2,True,True,0,49,False,False,25,0,False,False
1452,187760.4,16.270458579210796,25,2.2199372858582826,1.8625232925013886,2,True,True,0,49,False,False,25,0,False,False
1453,187760.6,16.105513405699117,25,2.2022643401308413,1.852076369691256,2,True,True,0,49,False,False,25,0,False,False
1454,187760.8,15.928040120870588,25,2.1428081717799534,1.8202019358776482,2,True,True,0,49,False,False,25,0,False,False
1455,187761.0,15.731603239853207,26,2.6231898688748227,2.059092156788207,2,True,True,0,49,False,False,25,0,False,False
1456,187761.2,15.56303494614165,26,2.08684685690434,1.7813870801238298,2,True,True,0,49,False,False,25,0,False,False
1457,187761.4,15.384418576907276,26,2.0768913094876242,1.7640540918707797,2,True,True,0,49,False,False,25,0,False,False
1458,187761.6,15.172527657192532,27,2.0265366337301565,1.6282673078378807,2,True,True,0,49,False,False,25,0,False,False
1459,187761.8,14.963584234112178,28,1.891582176351694,1.4620047999135601,2,True,True,0,49,False,False,25,0,False,False
1460,187762.0,14.782694320945518,28,1.849112564775772,1.4188197707420405,2,True,True,0,49,False,False,25,0,False,False
1461,187762.2,14.598895250352395,29,1.8319025340698183,1.4068854980190357,2,True,True,0,49,False,False,25,0,False,False
1462,187762.4,14.395541281749344,30,1.8097956383435867,1.4214644401207568,2,True,True,0,49,False,False,25,0,False,False
1463,187762.6,14.142170501249797,31,4.915290080994287,2.0762591843163487,2,True,True,0,49,False,False,25,0,False,False
1464,187762.8,13.875715453576895,32,4.800253805970323,2.0067257025022855,2,True,True,0,49,False,False,25,0,False,False
1465,187763.0,13.612119505411158,32,5.059402722114287,2.1175237820665003,2,True,True,0,49,False,False,25,0,False,False
1466,187763.2,13.33712066215978,32,4.9423851719516705,2.239330002012617,2,True,True,0,49,False,False,25,0,False,False
1467,187763.4,13.104396838361598,31,1.8709261785856377,1.5490807672064952,2,True,True,0,49,False,False,25,0,False,False
1468,187763.6,12.843986183000803,30,4.669755781554454,2.2282579380293313,2,True,True,0,49,False,False,25,0,False,False
1469,187763.8,12.630894788866101,28,1.8432796532329518,1.6192378667482168,2,True,True,0,49,False,False,25,0,False,False
1470,187764.0,12.437354831511252,27,1.8288993074191882,1.6224782808678873,2,True,True,0,49,False,False,25,0,False,False
1471,187764.2,12.249654151439486,26,1.8233261731743677,1.6069501340678334,3,True,True,0,49,False,False,25,0,False,False
1472,187764.4,12.066459253173065,26,1.836483124340818,1.6105671198041407,2,True,True,0,49,False,False,25,0,False,False
1473,187764.6,11.89912827911586,25,1.8287257803196384,1.6119552791078169,2,True,True,0,49,False,False,25,0,False,False
1474,187764.8,11.730397249018383,25,1.8189864991276874,1.6176656619006964,2,True,True,0,49,False,False,25,0,False,False
1475,187765.0,11.568104929309701,25,1.7964843372967247,1.5965630927745635,2,True,True,0,49,False,False,25,0,False,False
1476,187765.2,11.404054501253947,25,1.7659964865555007,1.567384994981841,2,True,True,0,49,False,False,25,0,False,False
1477,187765.4,11.207646705298664,26,4.687925026414136,2.4314407768281914,3,True,True,0,49,False,False,25,0,False,False
1478,187765.6,10.962834503596353,28,8.191831547151669,3.346493087291027,2,True,True,0,49,False,False,25,0,False,False
1479,187765.8,10.681027259599148,30,8.365517680770974,3.058380819680047,2,True,True,0,49,False,False,25,0,False,False
1480,187766.0,5.587070505604062,32,8.47036978590475,3.065145596315326,2,True,True,0,0,True,False,25,0,False,False
1481,187766.2,5.0103209938003985,34,2.24394641974735,1.5723557781715018,4,False,True,0,49,False,False,25,0,False,False
1482,187766.4,5.091312546990863,34,2.8385671066491547,1.745908313680091,4,True,True,0,49,False,False,25,0,False,False
1483,187766.6,5.167058675351985,33,0.7859591943145761,0.7859591943145761,3,True,True,0,49,False,False,25,0,False,False
1484,187766.8,5.268003606751894,32,0.7488326154861163,0.7488326154861163,3,True,True,0,49,False,False,25,0,False,False
1485,187767.0,5.391378713040499,31,0.9150701864746876,0.9150701864746876,3,True,True,0,49,False,False,25,0,False,False
1486,187767.2,5.517530720585784,30,0.9649096517993845,0.9649096517993845,3,True,True,0,49,False,False,25,0,False,False
1487,187767.4,5.6458965721451335,30,0.8983525484937945,0.8983525484937945,3,True,True,0,49,False,False,25,0,False,False
1488,187767.6,5.768994551194503,30,0.815047096657197,0.8093604316958575,3,True,True,0,49,False,False,25,0,False,False
1489,187767.8,5.865005462195513,30,0.8850388641712897,0.8726245718843525,3,True,True,0,49,False,False,25,0,False,False
1490,187768.0,5.945270205643257,30,0.9142346816318176,0.9142346816318176,3,False,True,0,49,False,False,25,0,False,False
1491,187768.2,6.016097655146492,30,0.9859074904074884,0.9859074904074884,3,False,True,0,49,False,False,25,0,False,False
1492,187768.4,6.040359419535343,30,1.0902717239501467,1.0902717239501467,3,True,True,0,49,False,False,25,0,False,False
1493,187768.6,6.071354922305849,30,1.0313168859239232,1.0313168859239232,3,False,True,0,49,False,False,25,0,False,False
1494,187768.8,6.0957476621871205,30,1.0538651041731917,1.0538651041731917,3,True,True,0,49,False,False,25,0,False,False
1495,187769.0,6.120745464062872,30,0.9916906803376762,0.9916906803376762,3,True,True,0,49,False,False,25,0,False,False
1496,187769.2,6.150572936971337,30,0.9339620130138844,0.9339620130138844,3,True,True,0,49,False,False,25,0,False,False
1497,187769.4,6.206543037198218,30,0.9511012397410972,0.9511012397410972,3,True,True,0,49,False,False,25,0,False,False
1498,187769.6,6.263601740881813,30,1.0170229704121816,1.0170229704121816,3,True,True,0,49,False,False,25,0,False,False
1499,187769.8,6.3502512614679825,29,1.1089643495236947,1.1089643495236947,3,True,True,0,49,False,False,25,0,False,False
1500,187770.0,6.455462134023016,28,1.1675366925010333,1.1675366925010333,3,True,True,0,49,False,False,25,0,False,False
1501,187770.2,6.549120348017652,27,1.1812245524221532,1.1812245524221532,3,True,True,0,49,False,False,25,0,False,False
1502,187770.4,6.649720414723681,27,1.1664627812169612,1.1645602896528966,3,True,True,0,49,False,False,25,0,False,False
1503,187770.6,6.762539798750562,26,1.2610415524042247,1.2610415524042247,3,False,True,0,49,False,False,25,0,False,False
1504,187770.8,6.860646451554469,26,1.2901418949182704,1.2901418949182704,3,False,True,0,49,False,False,25,0,False,False
1505,187771.0,6.984676258987951,26,1.2772096239575865,1.2772096239575865,3,True,True,0,49,False,False,25,0,False,False
1506,187771.2,7.043312730368376,26,1.3276605008090034,1.322623261616206,3,False,True,0,49,False,False,25,0,False,False
1507,187771.4,7.172615918611321,25,1.394418998235163,1.394418998235163,3,False,True,0,48,False,False,24,0,False,False
1508,187771.6,7.305478025434064,27,11.057884160016997,3.0543684625204297,3,False,True,0,47,False,False,23,0,False,False
1509,187771.8,7.448981529830495,29,11.099722416316942,3.0285072421209867,3,True,True,0,46,False,False,22,0,False,False
1510,187772.0,14.32547332463608,31,10.98100464136186,2.9782954807227036,2,True,True,0,0,True,False,21,0,False,False
1511,187772.2,12.99508965960381,33,6.458481035086311,3.1417310307310227,11,True,True,0,44,False,False,20,0,False,False
1512,187772.4,12.870285195588648,35,6.45877988364973,2.8057589304879182,2,True,True,0,44,False,False,20,0,False,False
1513,187772.6,13.188764279862248,35,6.439977072204579,2.7915171488271375,2,True,True,0,0,True,False,19,0,False,False
1514,187772.8,11.982724971347684,34,3.914729987479041,2.435039925419711,5,True,True,0,42,False,False,18,0,False,False
1515,187773.0,11.749867920475593,33,3.7769867118521545,2.3912963674110017,2,False,True,0,41,False,False,17,0,False,False
1516,187773.2,11.630261703108852,33,6.432060287387751,3.0680799453325953,2,False,True,0,41,False,False,17,0,False,False
1517,187773.4,11.482841829055006,32,3.6982548665595965,2.34842870825198,2,True,True,0,41,False,False,17,0,False,False
1518,187773.6,11.341794041002597,31,3.648776673063205,2.3163748279512335,2,True,True,0,42,False,False,18,0,False,False
1519,187773.8,11.21533602095755,31,3.585710154723048,2.240819933351188,2,False,True,0,43,False,False,19,0,False,False
1520,187774.0,11.122123820934306,31,3.5837835779654372,2.2196405149170024,2,False,True,0,44,False,False,20,0,False,False
1521,187774.2,11.047089021609239,30,3.5647207726068406,2.2227693436583857,2,True,True,0,44,False,False,20,0,False,False
1522,187774.4,10.960596652869018,30,3.5577769468526874,2.205830798419222,2,True,True,0,44,False,False,20,0,False,False
1523,187774.6,10.872147530229492,31,6.16094319436658,2.9285755926709416,2,True,True,0,44,False,False,20,0,False,False
1524,187774.8,10.813520858174321,32,5.906900334762066,2.8492286452923388,2,True,True,0,44,False,False,20,0,False,False
1525,187775.0,10.778437752871568,33,5.716334871698238,2.7715491964759416,2,True,True,0,44,False,False,20,0,False,False
1526,187775.2,10.75789758496525,34,5.481049197357489,2.7066153572016374,2,True,True,0,44,False,False,20,0,False,False
1527,187775.4,10.747228255526124,35,5.093447017931932,2.6334264425802467,2,True,True,0,44,False,False,20,0,False,False
1528,187775.6,10.693794670412883,35,4.835519940938886,2.557240943854205,2,True,True,0,44,False,False,20,0,False,False
1529,187775.8,10.760189796489698,36,12.293160221754903,3.668296816510987,2,True,True,0,44,False,False,20,0,False,False
1530,187776.0,10.749000772481322,36,12.250089959923184,3.52052235913815,2,False,True,0,44,False,False,20,0,False,False
1531,187776.2,21.476173211729794,36,12.066870798073422,3.494172405847664,2,False,True,0,0,True,False,19,0,False,False
1532,187776.4,20.382737851679465,36,8.620434879264486,3.4224241963259496,7,True,True,0,44,False,False,20,0,False,False
1533,187776.6,20.112606114762237,36,8.484481383998059,3.395399055681382,2,False,True,0,45,False,False,21,0,False,False
1534,187776.8,20.19732427313435,35,8.31633400984367,3.3793649652826905,2,False,True,0,0,True,False,24,0,False,False
1535,187777.0,19.49669101905507,35,8.17180262670588,3.36574911766066,3,False,True,0,51,False,False,27,0,False,False
1536,187777.2,19.40200760948195,35,7.932896011583992,3.3288257236660224,2,True,True,0,55,False,False,31,0,False,False
1537,187777.4,19.326190143284403,34,5.345592577291714,2.626467849249932,2,True,True,0,56,False,False,32,0,False,False
1538,187777.6,19.296655071330584,33,5.2857549247904,2.6084582734612325,2,True,True,0,57,False,False,33,0,False,False
1539,187777.8,19.248689732566145,32,5.254822500045096,2.8486009696280803,2,True,True,0,56,False,False,32,0,False,False
1540,187778.0,19.181858653804735,31,5.2265519250524815,2.835171129415201,2,True,True,0,55,False,False,31,0,False,False
1541,187778.2,19.109725249950117,30,5.205938418774026,2.8391992001560844,2,True,True,0,54,False,False,30,0,False,False
1542,187778.4,19.02368167000775,30,5.183919094024625,2.8097786725432323,2,True,True,0,54,False,False,30,0,False,False
1543,187778.6,18.950534120215778,30,5.155083896398275,2.5695233361024576,2,False,True,0,54,False,False,30,0,False,False
1544,187778.8,18.884106709837692,31,5.9993501766008945,2.917376356720554,2,True,True,0,54,False,False,30,0,False,False
1545,187779.0,18.817503030848698,32,5.834661049086575,2.8717412422305606,2,True,True,0,54,False,False,30,0,False,False
1546,187779.2,18.765005629812833,33,5.642001949018311,2.822338944495355,2,True,True,0,54,False,False,30,0,False,False
1547,187779.4,18.711107856454447,34,5.454435735269909,2.7676983415912404,2,True,True,0,54,False,False,30,0,False,False
1548,187779.6,18.650560033667457,34,5.108391633261786,2.556634716604281,2,True,True,0,54,False,False,30,0,False,False
1549,187779.8,18.58764397521175,33,5.110838192414456,2.556529223082993,2,True,True,0,54,False,False,30,0,False,False
1550,187780.0,18.53077219992296,32,5.117274634572837,2.5653718246427877,2,True,True,0,54,False,False,30,0,False,False
1551,187780.2,18.490002892865718,31,5.0843897039427235,2.5644385254482165,2,True,True,0,54,False,False,30,0,False,False
1552,187780.4,18.441517867957057,30,5.005753518784088,2.557465222068603,2,True,True,0,54,False,False,30,0,False,False
1553,187780.6,18.43919036820392,30,4.883541912157214,2.539807762250995,11,True,True,0,54,False,False,30,0,False,False
1554,187780.8,18.27400729646989,31,6.688794566825721,2.9013962058698115,11,True,True,0,54,False,False,30,0,False,False
1555,187781.0,18.128008053987827,32,6.6725964001423,2.899429450539017,11,True,True,0,54,False,False,30,0,False,False
1556,187781.2,2.4757780580912074,33,6.555186175325773,2.8561243320200833,2,False,True,0,0,True,False,30,0,False,False
1557,187781.4,2.4302604458904424,34,0.3026135831984061,0.3026135831984061,6,True,True,0,54,False,False,30,0,False,False
1558,187781.6,2.3627378974818454,35,0.44683162489077527,0.44683162489077527,3,True,True,0,53,False,False,29,0,False,False
1559,187781.8,2.35895825913361,35,0.5200510064301028,0.5200510064301028,3,True,True,0,51,False,False,27,0,False,False
1560,187782.0,2.576767965279933,35,0.5184914380225764,0.5184914380225764,3,True,True,0,49,False,False,25,0,False,False
1561,187782.2,2.654288926983565,35,0.6628247664071895,0.6628247664071895,3,True,True,0,45,False,False,21,0,False,False
1562,187782.4,2.7433319498887023,35,0.6718962538363517,0.6718962538363517,3,True,True,0,42,False,False,18,0,False,False
1563,187782.6,2.810190959701633,35,0.710368728187926,0.710368728187926,4,True,True,0,40,False,False,16,0,False,False
1564,187782.8,2.897076798953636,35,0.7621251630259108,0.7621251630259108,4,True,True,0,39,False,False,15,0,False,False
1565,187783.0,3.0065150137037424,35,0.8632082968310011,0.8237410974527901,3,False,True,0,38,False,False,14,0,False,False
1566,187783.2,3.062998394147161,35,0.8037937285536397,0.7704595519655825,2,False,True,0,39,False,False,15,0,False,False
1567,187783.4,3.1968971558463353,35,0.8685753634816765,0.8067506364171019,2,False,True,0,37,False,False,13,0,False,False
1568,187783.6,3.2875995697398537,35,0.8917113046385103,0.8013777003216511,2,False,True,0,35,False,False,11,0,False,False
1569,187783.8,3.3768463875012973,35,0.7197007189298075,0.7197007189298075,2,False,True,0,33,False,False,9,0,False,False
1570,187784.0,3.4465730041139335,35,0.6675802904262889,0.6675802904262889,2,False,True,0,31,False,False,7,0,False,False
1571,187784.2,3.499536215959019,36,2.3778733830701757,1.4327692664277287,2,False,True,0,29,False,False,5,0,False,False
1572,187784.4,3.5582171482904834,37,2.1039575359029166,1.3561139065920036,2,False,True,0,29,False,False,5,0,False,False
1573,187784.6,3.5914659488304386,38,1.7951283116148882,1.2382004010000964,2,False,True,0,29,False,False,5,0,False,False
1574,187784.8,3.6016173006875927,39,1.4250621601803772,1.1122394231029056,2,False,True,0,30,False,False,6,0,False,False
1575,187785.0,3.612969748775972,40,1.118785020664503,1.0228369501525727,2,False,True,0,32,False,False,8,0,False,False
1576,187785.2,3.6747494545022548,40,0.8645964885126997,0.8645964885126997,2,False,True,0,33,False,False,9,0,False,False
1577,187785.4,3.659825187902736,39,0.580381701367365,0.580381701367365,2,False,True,0,34,False,False,10,0,False,False
1578,187785.6,3.631289217067297,38,0.4369347731562539,0.4369347731562539,3,True,True,0,35,False,False,11,0,False,False
1579,187785.8,3.589872364073024,37,0.43799035270757963,0.43799035270757963,3,True,True,0,34,False,False,10,0,False,False
1580,187786.0,3.5719271441063887,36,0.5938866037095036,0.5938866037095036,3,True,True,0,32,False,False,8,0,False,False
1581,187786.2,3.5585379495798812,35,0.7067473019274457,0.7067473019274457,3,True,True,0,31,False,False,7,0,False,False
1582,187786.4,3.5701814098148783,36,0.7178257742815455,0.7178257742815455,3,True,True,0,30,False,False,6,0,False,False
1583,187786.6,3.5137141138733208,37,0.7991090299511017,0.7991090299511017,3,True,True,0,31,False,False,7,0,False,False
1584,187786.8,3.449064707984368,38,0.8609961547704587,0.8519798896692236,2,False,True,0,31,False,False,7,0,False,False
1585,187787.0,3.4406067223628973,39,0.8786845120700866,0.8642032591007219,2,False,True,0,31,False,False,7,0,False,False
1586,187787.2,3.438089396043297,40,0.8436095906193356,0.8436095906193356,2,False,True,0,31,False,False,7,0,False,False
1587,187787.4,3.4286536167405646,40,0.9315396336840229,0.9153418857980162,2,False,True,0,30,False,False,6,0,False,False
1588,187787.6,3.3884806629816007,40,1.066004853628101,1.0021128045815855,2,False,True,0,28,False,False,4,0,False,False
1589,187787.8,3.3606841859293284,40,1.135100767812691,1.0255527608662993,2,False,True,0,29,False,False,5,0,False,False
1590,187788.0,3.3023364937561874,40,1.1428471421241952,1.034861703670384,2,False,True,0,30,False,False,6,0,False,False
1591,187788.2,3.260524756461362,40,1.2780547428603435,1.1002168582279745,2,False,True,0,31,False,False,7,0,False,False
1592,187788.4,3.2245988460902995,40,1.4452726261971633,1.1834040528545595,2,False,True,0,34,False,False,10,0,False,False
1593,187788.6,3.1999224634100805,40,1.3844773057736834,1.1538426834011277,2,False,True,0,35,False,False,11,0,False,False
1594,187788.8,3.131048261361377,40,1.2415534722680484,1.1118775074531277,2,False,True,0,37,False,False,13,0,False,False
1595,187789.0,3.047274296451361,40,1.0179555830551017,1.006948102004423,3,False,True,0,40,False,False,16,0,False,False
1596,187789.2,3.082592509432737,40,0.969595726224892,0.969595726224892,4,True,True,0,41,False,False,17,0,False,False
1597,187789.4,3.0333564106508013,40,0.9474499515612093,0.9474499515612093,4,True,True,0,40,False,False,16,0,False,False
1598,187789.6,2.7952228211763104,40,0.9876894343515734,0.9876894343515734,3,True,True,0,40,False,False,16,0,False,False
1599,187789.8,2.6706255680637145,40,1.0410676917157091,1.0410676917157091,3,True,True,0,38,False,False,14,0,False,False
1600,187790.0,2.614777259903687,40,1.0339671575142628,1.0339671575142628,3,True,True,0,34,False,False,10,0,False,False
1601,187790.2,2.5561099590914242,40,0.9881143236380843,0.9881143236380843,3,True,True,0,32,False,False,8,0,False,False
1602,187790.4,2.5208508262897964,40,0.9354246382800919,0.9354246382800919,3,True,True,0,30,False,False,6,0,False,False
1603,187790.6,2.4781963915688796,40,0.9406495315615502,0.9406495315615502,3,True,True,0,29,False,False,5,0,False,False
1604,187790.8,2.360799603843786,39,0.8196989079809675,0.8196989079809675,3,True,True,0,28,False,False,4,0,False,False
1605,187791.0,2.2603614333498614,38,0.8420222279704477,0.8420222279704477,3,True,True,0,27,False,False,3,0,False,False
1606,187791.2,2.171809869435463,37,0.8305753918025812,0.8305753918025812,3,True,True,0,26,False,False,2,0,False,False
1607,187791.4,2.1132534172341417,36,0.8275748093078666,0.8275748093078666,3,True,True,0,26,False,False,2,0,False,False
1608,187791.6,2.0975088607019576,35,0.8169621824644403,0.8169621824644403,3,True,True,0,25,False,False,1,0,False,False
1609,187791.8,2.11394295242527,35,0.8505016781372141,0.8505016781372141,2,True,True,0,24,False,False,0,0,False,False
1610,187792.0,2.125291298224019,35,0.8300867878293563,0.8300867878293563,2,True,True,0,24,False,False,0,0,False,False
1611,187792.2,2.2149734633000717,36,3.3873977640486026,1.616570805592685,2,False,True,0,25,False,False,1,0,False,False
1612,187792.4,2.314100332781852,37,3.5662632436016413,1.624154807294654,2,False,True,0,26,False,False,2,0,False,False
1613,187792.6,2.3063673436986005,37,0.639696937347816,0.639696937347816,2,True,True,0,27,False,False,3,0,False,False
1614,187792.8,2.3441398087727925,37,0.6927337986634517,0.6927337986634517,2,True,True,0,28,False,False,4,0,False,False
1615,187793.0,2.442863031879826,37,0.6946893658453206,0.6946893658453206,3,True,True,0,30,False,False,6,0,False,False
1616,187793.2,2.4723162767927933,36,0.6640086843683018,0.6640086843683018,3,True,True,0,32,False,False,8,0,False,False
1617,187793.4,2.4452536137550416,35,0.5977457706474913,0.5977457706474913,4,True,True,0,34,False,False,10,0,False,False
1618,187793.6,2.3996618652918325,35,0.5322682879374072,0.5322682879374072,4,True,True,0,35,False,False,11,0,False,False
1619,187793.8,2.362604305786248,35,0.5170689265555793,0.5170689265555793,3,True,True,0,38,False,False,14,0,False,False
1620,187794.0,2.3289408593761487,35,0.4931751600835108,0.4931751600835108,3,True,True,0,40,False,False,16,0,False,False
1621,187794.2,2.2973170769817943,35,0.5002402144551378,0.5002402144551378,3,True,True,0,41,False,False,17,0,False,False
1622,187794.4,2.283729217404177,35,0.5128026004549787,0.5128026004549787,3,True,True,0,45,False,False,21,0,False,False
1623,187794.6,2.2144413018508535,34,0.5657804740789371,0.5657804740789371,3,True,True,0,49,False,False,25,0,False,False
1624,187794.8,2.2040362265431788,30,0.7909085495373396,0.7909085495373396,3,True,True,0,48,False,False,24,0,False,False
1625,187795.0,2.163236105655302,27,1.0685342466535626,1.036568709796404,3,True,True,0,48,False,False,24,0,False,False
1626,187795.2,2.1497930140999753,26,0.8896825403936652,0.8611035276897182,3,False,True,0,50,False,False,26,0,False,False
1627,187795.4,2.1408597127008893,26,0.8803850874956227,0.8429093816681219,3,False,True,0,49,False,False,25,0,False,False
1628,187795.6,2.1171068704687177,27,0.8929547553929695,0.8377614961144515,3,True,True,0,49,False,False,25,0,False,False
1629,187795.8,2.112380307665385,31,0.8711060262571311,0.8089614011577138,3,True,True,0,52,False,False,28,0,False,False
1630,187796.0,2.094178868570598,34,0.8293822313222647,0.7799750042464069,3,True,True,0,54,False,False,30,0,False,False
1631,187796.2,2.092620952045025,35,0.7576658429678749,0.7377659656435926,3,True,True,0,54,False,False,30,0,False,False
1632,187796.4,2.0841995473609014,35,0.7112830958997537,0.710934976303991,3,True,True,0,54,False,False,30,0,False,False
1633,187796.6,2.0671016799882267,35,0.6442560213011204,0.6442560213011204,3,True,True,0,54,False,False,30,0,False,False
1634,187796.8,2.09327840254529,35,0.6234604464068044,0.6234604464068044,3,True,True,0,54,False,False,30,0,False,False
1635,187797.0,2.056507176782003,34,0.6422621684472555,0.6422621684472555,3,False,True,0,53,False,False,29,0,False,False
1636,187797.2,2.060168078006318,34,0.5722341974486637,0.5722341974486637,3,True,True,0,52,False,False,28,0,False,False
1637,187797.4,2.1494441990499613,33,0.558510993447662,0.558510993447662,3,True,True,0,51,False,False,27,0,False,False
1638,187797.6,2.4503619873769984,33,0.7207561546076506,0.7207561546076506,3,True,True,0,50,False,False,26,0,False,False
1639,187797.8,2.5100432431694886,33,2.720267781934817,1.4481447036731205,3,True,True,0,49,False,False,25,0,False,False
1640,187798.0,2.5834321928133117,34,2.587217587558616,1.5212134756096556,3,True,True,0,49,False,False,25,0,False,False
1641,187798.2,2.4632686034828724,34,2.4029837848939195,1.4680852193435565,3,True,True,0,49,False,False,25,0,False,False
1642,187798.4,2.402831421590793,34,2.425202625360662,1.6492790825821286,3,False,True,0,48,False,False,24,0,False,False
1643,187798.6,2.4160216219900157,33,2.105533879335299,1.5593198502650103,3,True,True,0,47,False,False,23,0,False,False
1644,187798.8,2.4440510199974805,32,1.9595490145527683,1.5103961638067736,3,True,True,0,46,False,False,22,0,False,False
1645,187799.0,2.4755609822189206,31,1.7008853902902639,1.4199985273262186,3,True,True,0,44,False,False,20,0,False,False
1646,187799.2,2.5056019469906907,31,1.3575254982155465,1.2208729326115342,3,True,True,0,42,False,False,18,0,False,False
1647,187799.4,2.507303145869796,32,1.1191878699116355,1.0613680327383166,3,True,True,0,41,False,False,17,0,False,False
1648,187799.6,2.519293567043296,33,1.0628128123897316,1.0332181753078107,3,True,True,0,40,False,False,16,0,False,False
1649,187799.8,2.5414019061583777,34,1.065064805663003,1.0549036622227341,3,True,True,0,39,False,False,15,0,False,False
1650,187800.0,2.537704080840852,35,1.0202972798048007,1.0202972798048007,3,True,True,0,40,False,False,16,0,False,False
1651,187800.2,2.5411076999519797,34,0.9396956058615298,0.9396956058615298,4,True,True,0,41,False,False,17,0,False,False
1652,187800.4,2.5334755085551395,34,0.7900721229861367,0.7900721229861367,3,True,True,0,44,False,False,20,0,False,False
1653,187800.6,2.5142627472578667,33,0.77167949078219,0.77167949078219,3,True,True,0,46,False,False,22,0,False,False
1654,187800.8,2.4694269932905533,33,0.8102607430961991,0.8102607430961991,3,True,True,0,48,False,False,24,0,False,False
1655,187801.0,2.42864138645119,32,0.8125681636860879,0.8125681636860879,3,True,True,0,49,False,False,25,0,False,False
1656,187801.2,2.395050570949752,32,0.9071477099322126,0.9071477099322126,3,True,True,0,50,False,False,26,0,False,False
1657,187801.4,2.3530266218321425,32,0.8445529004776641,0.8445529004776641,3,True,True,0,49,False,False,25,0,False,False
1658,187801.6,2.3164457088990407,33,0.8865456678308574,0.8865456678308574,3,True,True,0,49,False,False,25,0,False,False
1659,187801.8,2.267912344116725,33,0.918959297990372,0.9121560857331847,3,True,True,0,49,False,False,25,0,False,False
1660,187802.0,2.2142142900850446,34,0.9089185939969014,0.8901562168324858,3,True,True,0,49,False,False,25,0,False,False
1661,187802.2,2.1759241158998353,35,0.8439102483671319,0.8439102483671319,3,False,True,0,49,False,False,25,0,False,False
1662,187802.4,2.1296732700316796,35,0.8126014127724511,0.8126014127724511,3,True,True,0,49,False,False,25,0,False,False
1663,187802.6,2.0907945735391658,35,0.7948596761896979,0.7948596761896979,3,True,True,0,49,False,False,25,0,False,False
1664,187802.8,2.050644801447765,35,0.8076523699331545,0.8076523699331545,3,True,True,0,49,False,False,25,0,False,False
1665,187803.0,1.9920431862605266,36,2.310397829892507,1.4917444468554493,3,True,True,0,49,False,False,25,0,False,False
1666,187803.2,1.9321342789501623,37,1.9721379122429405,1.3504485717739092,3,False,True,0,49,False,False,25,0,False,False
1667,187803.4,1.876433681434289,38,1.7397218411548456,1.2677899880001342,3,True,True,0,49,False,False,25,0,False,False
1668,187803.6,1.8310616844863838,39,1.6523507714404853,1.2347631690568777,3,True,True,0,49,False,False,25,0,False,False
1669,187803.8,1.789355804019322,39,0.6227407008439948,0.6227407008439948,3,True,True,0,49,False,False,25,0,False,False
1670,187804.0,1.7365425860516779,39,1.0262564816252329,0.9981359651890813,3,False,True,0,49,False,False,25,0,False,False
1671,187804.2,1.7008865574322114,39,0.9048653295750002,0.9048653295750002,3,True,True,0,49,False,False,25,0,False,False
1672,187804.4,1.679035386712242,39,0.7471706059479144,0.7471706059479144,3,False,True,0,49,False,False,25,0,False,False
1673,187804.6,1.6557931380631452,39,0.6408875983048061,0.6408875983048061,3,True,True,0,49,False,False,25,0,False,False
1674,187804.8,1.6169385448391012,40,0.6067938966501775,0.6067938966501775,3,True,True,0,49,False,False,25,0,False,False
1675,187805.0,1.6084191412286555,39,0.4528836148619114,0.4528836148619114,3,True,True,0,49,False,False,25,0,False,False
1676,187805.2,1.6097821324174986,38,0.43010526794141773,0.43010526794141773,3,True,True,0,49,False,False,25,0,False,False
1677,187805.4,1.6275135492814452,37,0.6480694931334815,0.6480694931334815,3,True,True,0,49,False,False,25,0,False,False
1678,187805.6,1.658796981214312,36,0.8532655469437302,0.7997281475830659,3,True,True,0,49,False,False,25,0,False,False
1679,187805.8,1.6894215630644593,34,0.4162711909292953,0.4162711909292953,3,True,True,0,49,False,False,25,0,False,False
1680,187806.0,1.7298714262408048,33,0.3736726616946951,0.3736726616946951,3,True,True,0,49,False,False,25,0,False,False
1681,187806.2,1.7760292018305388,32,2.2786941013427486,1.3223684090975978,3,True,True,0,48,False,False,24,0,False,False
1682,187806.4,1.827521076948486,32,2.3207487480173534,1.195618281674247,3,False,True,0,49,False,False,25,0,False,False
1683,187806.6,1.8882023268647374,32,2.50567960418001,1.2358647071778046,3,True,True,0,50,False,False,26,0,False,False
1684,187806.8,1.9828111019046286,33,2.6868790744154634,1.2783377584165265,3,True,True,0,52,False,False,28,0,False,False
1685,187807.0,2.041256688830859,34,2.9672498617389147,1.3543715802465135,3,True,True,0,54,False,False,30,0,False,False
1686,187807.2,2.089277387681687,35,3.2340773006060926,1.4153349657503604,3,True,True,0,57,False,False,33,0,False,False
1687,187807.4,2.159920713953064,34,0.3920494842728875,0.3920494842728875,3,True,True,0,56,False,False,32,0,False,False
1688,187807.6,2.347237022379648,33,0.3483704137601253,0.3483704137601253,3,True,True,0,54,False,False,30,0,False,False
1689,187807.8,2.425271653150154,32,0.40786884592381445,0.40786884592381445,3,True,True,0,51,False,False,27,0,False,False
1690,187808.0,2.593474032219495,31,0.6445510407335219,0.6445510407335219,2,True,True,0,47,False,False,23,0,False,False
1691,187808.2,2.6684444999207684,30,0.7300581995040396,0.7300581995040396,4,True,True,0,43,False,False,19,0,False,False
1692,187808.4,2.712594987862653,30,0.856147773719336,0.856147773719336,4,True,True,0,41,False,False,17,0,False,False
1693,187808.6,2.8360289225652853,30,1.2036951730660455,1.0627442286171638,5,True,True,0,41,False,False,17,0,False,False
1694,187808.8,2.858549025247956,30,1.4669604016671765,1.1540646001697301,5,True,True,0,41,False,False,17,0,False,False
1695,187809.0,2.8474522617822027,29,0.6506853385591809,0.6506853385591809,5,True,True,0,42,False,False,18,0,False,False
1696,187809.2,2.8430369413746064,28,0.6490630661183271,0.6490630661183271,5,True,True,0,43,False,False,19,0,False,False
1697,187809.4,2.859244266578154,27,0.6756127517181701,0.6756127517181701,3,True,True,0,44,False,False,20,0,False,False
1698,187809.6,2.9039128805557803,26,0.7151885351926963,0.7151885351926963,3,True,True,0,44,False,False,20,0,False,False
1699,187809.8,2.964853721701384,25,0.7835681699071946,0.7835681699071946,3,True,True,0,44,False,False,20,0,False,False
1700,187810.0,3.0060937275857653,25,0.8099043451740965,0.8099043451740965,3,True,True,0,44,False,False,20,0,False,False
1701,187810.2,3.066912989077725,25,0.8245270076126797,0.8245270076126797,3,True,True,0,44,False,False,20,0,False,False
1702,187810.4,3.108359715046233,25,0.8611627367466523,0.8447014575330971,3,False,True,0,44,False,False,20,0,False,False
1703,187810.6,3.174284021622501,25,0.8802628812904788,0.8802628812904788,3,False,True,0,44,False,False,20,0,False,False
1704,187810.8,3.232442321668821,25,0.8768782382759517,0.8768782382759517,3,False,True,0,44,False,False,20,0,False,False
1705,187811.0,3.3197161417529686,26,8.965661930568192,2.593138006085057,3,False,True,0,44,False,False,20,0,False,False
1706,187811.2,3.4243444122400444,27,8.287816057784802,2.773258229184019,3,True,True,0,44,False,False,20,0,False,False
1707,187811.4,23.081289360799282,28,7.894891432515053,2.4776039517825863,3,False,True,0,0,True,False,20,0,False,False
1708,187811.6,23.15653381162998,28,2.9408216929025564,2.0693649632833457,6,False,True,0,44,False,False,20,0,False,False
1709,187811.8,23.222009481976396,29,2.7621930424308525,1.903928036774463,3,False,True,0,44,False,False,20,0,False,False
1710,187812.0,23.312866092062603,29,2.7887581966681725,1.9115147303326459,2,True,True,0,44,False,False,20,0,False,False
1711,187812.2,23.417307122015007,29,2.8214549176383175,1.9577474467989697,2,True,True,0,44,False,False,20,0,False,False
1712,187812.4,23.437994229590345,28,3.0244791045458523,2.0211105835767467,2,True,True,0,45,False,False,21,0,False,False
1713,187812.6,23.543568483816305,28,3.0189195625945593,1.85966814086249,2,True,True,0,46,False,False,22,0,False,False
1714,187812.8,23.56718683122377,27,2.9963502460934026,1.868589407500367,2,True,True,0,46,False,False,22,0,False,False
1715,187813.0,23.622747221450137,26,2.9954594559735876,1.8719224521971949,2,True,True,0,46,False,False,22,0,False,False
1716,187813.2,23.69840046879883,26,2.8866089553946415,1.8561586897646154,3,True,True,0,46,False,False,22,0,False,False
1717,187813.4,23.8761169742901,27,2.7951019730384394,1.7895367241039564,3,True,True,0,45,False,False,21,0,False,False
1718,187813.6,23.984275766264478,28,2.698607942813105,1.688649959927981,3,False,True,0,44,False,False,20,0,False,False
1719,187813.8,24.023351579130583,29,2.6591463447090584,1.6566435870587337,2,True,True,0,44,False,False,20,0,False,False
1720,187814.0,24.137058523853028,30,2.6257353824052228,1.8447236866203816,2,False,True,0,44,False,False,20,0,False,False
1721,187814.2,24.213643940186525,30,2.647924852906579,1.8371767838118578,3,True,True,0,44,False,False,20,0,False,False
1722,187814.4,24.26341943645588,30,2.6576325431799974,1.8313848861052247,3,False,True,0,44,False,False,20,0,False,False
1723,187814.6,24.364419356442493,30,2.7265122331939637,1.9313223173432437,3,False,True,0,44,False,False,20,0,False,False
1724,187814.8,24.602777681839882,30,2.8568744434680884,2.031025287942916,3,False,True,0,44,False,False,20,0,False,False
1725,187815.0,24.67050622379582,29,2.8918177470676327,2.041453552944943,2,True,True,0,43,False,False,19,0,False,False
1726,187815.2,24.709805330856703,28,2.987622005001272,1.973500788929875,2,True,True,0,42,False,False,18,0,False,False
1727,187815.4,24.79528069970152,28,2.8782251065539763,1.7816605790577453,3,False,True,0,42,False,False,18,0,False,False
1728,187815.6,24.84288501736307,28,2.8221872787600835,1.6750259281459923,2,True,True,0,41,False,False,17,0,False,False
1729,187815.8,24.84780328711877,27,3.0816213343439514,1.8628870474251,2,True,True,0,41,False,False,17,0,False,False
1730,187816.0,24.827479760143653,28,2.849473116039372,1.7281677371937272,2,True,True,0,43,False,False,19,0,False,False
1731,187816.2,24.77549265499488,29,2.842377830034404,1.7216917425250433,2,True,True,0,45,False,False,21,0,False,False
1732,187816.4,24.72163400569384,29,2.885802509574902,1.913951610163873,2,True,True,0,46,False,False,22,0,False,False
1733,187816.6,24.713652890581905,28,3.145374556416667,2.014069984544377,2,True,True,0,48,False,False,24,0,False,False
1734,187816.8,24.731678452512288,29,2.909603456611625,1.869684638486656,2,True,True,0,49,False,False,25,0,False,False
1735,187817.0,24.791010539204017,29,2.939212248717429,1.9158685503968116,2,True,True,0,49,False,False,25,0,False,False
1736,187817.2,24.867023065201387,29,2.9868885080675223,1.9882595072358862,3,True,True,0,49,False,False,25,0,False,False
1737,187817.4,24.950576098792435,29,3.0477853404510817,2.0141106028752866,3,True,True,0,49,False,False,25,0,False,False
1738,187817.6,25.054130879670033,30,3.070111036195174,2.0475279115117764,3,False,True,0,49,False,False,25,0,False,False
1739,187817.8,25.13078184115622,29,3.085439552829751,1.9419535319851169,3,False,True,0,49,False,False,25,0,False,False
1740,187818.0,25.191822172989223,28,3.086035132173694,1.9722650571219988,3,False,True,0,49,False,False,25,0,False,False
1741,187818.2,25.25633493887333,27,3.138178618793159,1.9994219012758834,2,True,True,0,49,False,False,25,0,False,False
1742,187818.4,25.305867737520177,26,3.1715411519377352,2.035454775402101,2,True,True,0,49,False,False,25,0,False,False
1743,187818.6,25.342961178648064,25,3.149941438809785,1.9188909302011885,2,True,True,0,49,False,False,25,0,False,False
1744,187818.8,25.406797955687658,26,2.9241994856130638,1.7908073490673655,2,True,True,0,49,False,False,25,0,False,False
1745,187819.0,25.406566093567406,27,2.8977157362769326,1.8996332523136017,2,True,True,0,49,False,False,25,0,False,False
1746,187819.2,25.38776617848101,28,2.9492874774091535,2.0410650753215,2,True,True,0,49,False,False,25,0,False,False
1747,187819.4,25.36887466406018,29,3.0447060726788306,2.0641901812970165,2,True,True,0,49,False,False,25,0,False,False
1748,187819.6,25.35222702542539,29,3.427683585616524,2.0985769265750425,2,False,True,0,48,False,False,24,0,False,False
1749,187819.8,25.288559215835306,29,3.2869248308381067,1.9549292926731976,2,False,True,0,48,False,False,24,0,False,False
1750,187820.0,25.235695168360138,29,3.3898055941291343,2.144642545834673,2,False,True,0,47,False,False,23,0,False,False
1751,187820.2,25.173766980118295,28,3.175177946305066,2.0622517175650334,2,False,True,0,45,False,False,21,0,False,False
1752,187820.4,25.078963062245343,28,3.1753309364395634,2.123830715343694,2,False,True,0,44,False,False,20,0,False,False
1753,187820.6,25.024116504446855,29,3.1042061526098337,2.095698064992536,2,False,True,0,42,False,False,18,0,False,False
1754,187820.8,25.036523155218223,29,3.119333495793984,2.1042300175562847,2,False,True,0,38,False,False,14,0,False,False
1755,187821.0,25.044016974503283,28,2.7957329507454594,1.9466413907037057,2,False,True,0,34,False,False,10,0,False,False
1756,187821.2,25.02590439605505,29,3.2588940109120887,1.9716351570139028,2,False,True,0,31,False,False,7,0,False,False
1757,187821.4,25.00308121630733,29,3.314882003906726,1.9684834139526424,2,False,True,0,27,False,False,3,0,False,False
1758,187821.6,24.970404983697016,29,3.3773392779703273,2.005940821489344,2,False,True,0,25,False,False,1,0,False,False
1759,187821.8,24.88535854815398,30,4.7880725891524705,2.4754721513669726,2,False,True,0,25,False,False,1,0,False,False
1760,187822.0,24.8312373873325,31,3.496868354288678,2.2599815164579753,2,False,True,0,26,False,False,2,0,False,False
1761,187822.2,24.82085809663377,30,3.675431379377083,2.343829811410912,3,False,True,0,27,False,False,3,0,False,False
1762,187822.4,24.79825230685565,30,3.3657956518851133,2.24603714072485,5,True,True,0,28,False,False,4,0,False,False
1763,187822.6,24.83191472657002,30,3.479428360531059,2.277983483927926,2,False,True,0,30,False,False,6,0,False,False
1764,187822.8,24.898248510256128,26,4.452438257245199,2.616108206546307,2,True,True,0,31,False,False,7,0,False,False
1765,187823.0,24.96768389458473,23,4.322466034503603,2.5660005371650434,2,True,True,0,32,False,False,8,0,False,False
1766,187823.2,25.030345444767534,23,3.484400693864393,2.257910256036595,3,False,True,0,33,False,False,9,0,False,False
1767,187823.4,25.124712147845653,22,3.5482403993264215,2.348859578983984,2,True,True,0,34,False,False,10,0,False,False
1768,187823.6,25.21212252057668,21,3.657774491298202,2.396126497403082,2,False,True,0,34,False,False,10,0,False,False
1769,187823.8,25.300338898963318,23,3.674224093153793,2.321766918894111,2,True,True,0,34,False,False,10,0,False,False
1770,187824.0,25.387815702830697,25,3.601673665550767,2.3681660066303443,2,False,True,0,34,False,False,10,0,False,False
1771,187824.2,25.466073266580153,25,3.5494937189430615,2.306914821164818,2,True,True,0,34,False,False,10,0,False,False
1772,187824.4,25.555719468591654,25,3.53510285133187,2.304005952552452,2,True,True,0,37,False,False,13,0,False,False
1773,187824.6,25.620435236482642,25,3.5269129160433956,2.3106678423046523,3,True,True,0,40,False,False,16,0,False,False
1774,187824.8,25.6471201381293,25,3.497296958508845,2.312727369594741,3,True,True,0,43,False,False,19,0,False,False
1775,187825.0,25.64260641784988,25,3.439423906427055,2.2679071044477825,3,True,True,0,46,False,False,22,0,False,False
1776,187825.2,25.690048410684483,26,4.455509813831032,2.5798748183644347,3,False,True,0,49,False,False,25,0,False,False
1777,187825.4,25.772436893061336,27,4.626915627306201,2.619953341790329,3,True,True,0,49,False,False,25,0,False,False
1778,187825.6,25.869020662526758,28,4.778409190460743,2.6742769935890176,3,True,True,0,49,False,False,25,0,False,False
1779,187825.8,25.97889195786045,29,4.811063506617333,2.655387151213804,3,True,True,0,49,False,False,25,0,False,False
1780,187826.0,26.101546363056386,30,4.638131249283324,2.6323834706645335,3,False,True,0,49,False,False,25,0,False,False
1781,187826.2,26.235002222351866,30,4.3789697697614445,2.576435163392083,3,True,True,0,49,False,False,25,0,False,False
1782,187826.4,26.357843468060207,30,4.086224761023557,2.510989276479151,3,True,True,0,49,False,False,25,0,False,False
1783,187826.6,26.487642232063223,30,3.867952653234452,2.5191738780667468,3,True,True,0,49,False,False,25,0,False,False
1784,187826.8,26.595143576646986,30,3.762816261700736,2.4826128871248185,3,False,True,0,49,False,False,25,0,False,False
1785,187827.0,26.718267385721823,30,3.701506097814363,2.3771839741434535,3,True,True,0,49,False,False,25,0,False,False
1786,187827.2,26.818394344383325,30,3.767690787372326,2.3990332415012268,3,True,True,0,49,False,False,25,0,False,False
1787,187827.4,26.91016018903058,30,3.8828727659067814,2.4431544966969803,3,False,True,0,49,False,False,25,0,False,False
1788,187827.6,27.02846630462094,30,4.0639787349096155,2.6149510873521615,3,True,True,0,49,False,False,25,0,False,False
1789,187827.8,27.14660425325406,30,4.216135343220812,2.541781473126575,3,True,True,0,49,False,False,25,0,False,False
1790,187828.0,27.26995887875965,30,4.264117626344416,2.5638647204329486,2,True,True,0,49,False,False,25,0,False,False
1791,187828.2,27.396811889435533,30,4.3066758490721195,2.5564492928497526,2,True,True,0,49,False,False,25,0,False,False
1792,187828.4,27.510337073565573,30,4.3455754144148155,2.5796239384164914,2,True,True,0,49,False,False,25,0,False,False
1793,187828.6,27.5912447865609,29,4.2679402880741675,2.542719197302305,3,True,True,0,49,False,False,25,0,False,False
1794,187828.8,27.645681358486133,28,4.318083175207732,2.5670687767619715,3,True,True,0,49,False,False,25,0,False,False
1795,187829.0,27.690300445152857,29,7.273775121457374,3.1538901306608103,2,True,True,0,49,False,False,25,0,False,False
1796,187829.2,27.72742955020414,29,7.566360493053949,3.2263154977759267,2,True,True,0,49,False,False,25,0,False,False
1797,187829.4,27.955786799325775,29,4.327440283446331,2.559483404316133,2,True,True,0,49,False,False,25,0,False,False
1798,187829.6,28.00029842448049,31,7.427561000374089,3.1829115460451267,2,True,True,0,48,False,False,24,0,False,False
1799,187829.8,28.074159438879292,32,4.609956021793637,2.614837486141163,2,True,True,0,47,False,False,23,0,False,False
1800,187830.0,28.172425677866727,31,4.726831921302485,2.64099640323976,2,True,True,0,46,False,False,22,0,False,False
1801,187830.2,28.299317037018717,31,4.611166184500201,2.6159877936607434,2,True,True,0,46,False,False,22,0,False,False
1802,187830.4,28.362031030141473,32,7.746351570096895,3.2199883233015236,3,True,True,0,46,False,False,22,0,False,False
1803,187830.6,28.48114813913683,32,8.10861361599444,3.5939882905141376,2,True,True,0,47,False,False,23,0,False,False
1804,187830.8,25.387975299687593,33,8.258828220837009,3.6266330310089043,3,True,True,0,0,True,False,24,0,False,False
1805,187831.0,25.375624400180484,33,4.458583945874304,2.5786829146785797,6,False,True,0,49,False,False,25,0,False,False
1806,187831.2,25.455559131937086,33,4.395494178670866,2.561221150299483,2,True,True,0,49,False,False,25,0,False,False
1807,187831.4,25.534125254126437,32,4.370481416589314,2.456381432399792,2,True,True,0,49,False,False,25,0,False,False
1808,187831.6,25.637386541892425,31,4.333504105506799,2.4833980725631406,2,True,True,0,49,False,False,25,0,False,False
1809,187831.8,25.74043457134073,30,4.161308775642313,2.2317544563562035,2,True,True,0,49,False,False,25,0,False,False
1810,187832.0,25.842229267026806,30,4.03958929704055,2.1974577010109058,2,True,True,0,49,False,False,25,0,False,False
1811,187832.2,25.93971091932512,30,4.014673994204212,2.2039088856150157,2,True,True,0,49,False,False,25,0,False,False
1812,187832.4,26.036674293193098,30,4.027134391933081,2.211864149605033,2,True,True,0,49,False,False,25,0,False,False
1813,187832.6,26.130498559436827,30,4.242660020941512,2.304172703558439,2,True,True,0,49,False,False,25,0,False,False
1814,187832.8,26.223999122829223,30,4.52212709315083,2.358008145946663,2,True,True,0,49,False,False,25,0,False,False
1815,187833.0,26.32342340756438,30,4.635891384327123,2.3779489167924446,2,True,True,0,49,False,False,25,0,False,False
1816,187833.2,26.42140474908111,30,4.803525358349804,2.4052605058366385,2,True,True,0,49,False,False,25,0,False,False
1817,187833.4,26.521213495361444,30,4.958482564845497,2.428843904995777,2,True,True,0,49,False,False,25,0,False,False
1818,187833.6,26.609629646619304,30,5.023572436664475,2.433205472570234,2,True,True,0,49,False,False,25,0,False,False
1819,187833.8,26.702842045040764,30,5.1386955771381615,2.6869749346873273,2,True,True,0,49,False,False,25,0,False,False
1820,187834.0,26.78515579904934,30,5.194100932763191,2.65179329142113,2,True,True,0,49,False,False,25,0,False,False
1821,187834.2,26.87933316108618,30,5.293397569412299,2.4312684505668765,2,True,True,0,49,False,False,25,0,False,False
1822,187834.4,26.967282457884565,30,5.316947530214466,2.4119631705592917,2,True,True,0,49,False,False,25,0,False,False
1823,187834.6,27.06226058955909,30,5.404995920253227,2.414800989035486,2,True,True,0,49,False,False,25,0,False,False
1824,187834.8,27.15338243715832,30,5.457233831275628,2.411844426870514,2,True,True,0,49,False,False,25,0,False,False
1825,187835.0,27.233051069004347,30,5.4274381491285615,2.5775736935206264,2,True,True,0,49,False,False,25,0,False,False
1826,187835.2,27.319116869552186,31,14.448183139476077,3.7424796843268813,2,True,True,0,49,False,False,25,0,False,False
1827,187835.4,27.371232535585204,32,14.45825261051903,3.7628973886459898,3,True,True,0,49,False,False,25,0,False,False
1828,187835.6,24.920620093705008,33,14.437404999571692,3.7507564866425827,3,True,True,0,0,True,False,25,0,False,False
1829,187835.8,23.955363559357565,34,11.684878499289773,3.923113776899893,9,False,True,0,49,False,False,25,0,False,False
1830,187836.0,23.95909229927262,34,8.301792656022133,3.5815062595918103,2,True,True,0,49,False,False,25,0,False,False
1831,187836.2,37.19373570926461,33,8.328692550901048,3.5777475243031103,2,True,True,0,0,True,False,25,0,False,False
1832,187836.4,37.46457092303019,32,4.399450882415011,2.4652023141448467,13,True,True,0,49,False,False,25,0,False,False
1833,187836.6,37.52152741883151,31,4.429496206145627,2.488103003895241,2,True,True,0,49,False,False,25,0,False,False
1834,187836.8,37.57780362787972,30,4.469297488617394,2.4967938194432366,2,True,True,0,49,False,False,25,0,False,False
1835,187837.0,37.643061701835805,30,4.476087971968959,2.4959618642535917,2,True,True,0,49,False,False,25,0,False,False
1836,187837.2,37.658781612327836,29,4.842778727980931,2.5770437950127,3,True,True,0,49,False,False,25,0,False,False
1837,187837.4,37.70814536236814,29,4.442383583613276,2.45815571693938,3,True,True,0,49,False,False,25,0,False,False
1838,187837.6,37.74419659935774,29,4.471187591396792,2.4395097087410944,3,True,True,0,49,False,False,25,0,False,False
1839,187837.8,37.791258954946166,29,4.514608843609729,2.4721884974376676,3,True,True,0,49,False,False,25,0,False,False
1840,187838.0,37.82638645121938,29,4.510472498974247,2.2397884228671914,3,True,True,0,49,False,False,25,0,False,False
1841,187838.2,37.86764117598328,30,4.531312483470984,2.218519488737371,2,True,True,0,49,False,False,25,0,False,False
1842,187838.4,37.92040954122221,30,4.566734144324075,2.209760977089911,2,True,True,0,49,False,False,25,0,False,False
1843,187838.6,37.98180581134663,30,4.5647136604374055,2.4304530703544316,2,True,True,0,49,False,False,25,0,False,False
1844,187838.8,38.01965542337443,31,20.539016214466404,4.094143054652445,2,True,True,0,49,False,False,25,0,False,False
1845,187839.0,35.984012685699234,32,20.068912096606304,4.077592337129428,9,True,True,0,49,False,False,25,0,False,False
1846,187839.2,25.8923308241971,33,19.643844523849918,4.084303517506044,18,True,True,0,0,True,False,25,0,False,False
1847,187839.4,24.632248146584327,34,14.490334933293767,4.362879349711195,8,False,True,0,49,False,False,25,0,False,False
1848,187839.6,24.588171310232106,35,14.648242897214823,4.377624401060215,2,True,True,0,49,False,False,25,0,False,False
1849,187839.8,25.92255466737033,35,14.895990809308907,4.409926188433333,2,True,True,0,0,True,False,25,0,False,False
1850,187840.0,24.79815896065048,35,15.128896704699262,4.451470398662188,3,False,True,0,49,False,False,25,0,False,False
1851,187840.2,24.866421955893873,35,15.333685322725874,4.469954868563658,2,True,True,0,49,False,False,25,0,False,False
1852,187840.4,38.14852156246311,34,11.807558394900079,3.9349981042357745,2,True,True,0,0,True,False,25,0,False,False
1853,187840.6,38.07753628238281,33,4.759652924540667,2.297704572014279,6,True,True,0,49,False,False,25,0,False,False
1854,187840.8,38.073921020736975,32,4.726586994505311,2.2831361216244908,3,False,True,0,49,False,False,25,0,False,False
1855,187841.0,38.08860506398017,31,4.684193317278418,2.2761393978621696,2,True,True,0,49,False,False,25,0,False,False
1856,187841.2,38.124487172689136,30,4.66415378823425,2.2636951792458855,2,True,True,0,49,False,False,25,0,False,False
1857,187841.4,38.167788945160495,30,4.619533028005948,2.519152424024834,2,True,True,0,49,False,False,25,0,False,False
1858,187841.6,38.190008185850694,31,23.74836724837787,4.358904540874808,2,True,True,0,49,False,False,25,0,False,False
1859,187841.8,35.89328672690504,32,23.112699198647444,4.337680723274115,17,True,True,0,49,False,False,25,0,False,False
1860,187842.0,26.066560613476675,33,22.304984693567764,4.285580209017039,16,True,True,0,0,True,False,25,0,False,False
1861,187842.2,24.74415511934964,34,15.658961694647035,4.508104250805064,8,False,True,0,49,False,False,25,0,False,False
1862,187842.4,24.79655094815992,35,15.649862871188944,4.497725854693186,2,True,True,0,49,False,False,25,0,False,False
1863,187842.6,26.46144668843179,35,15.660265434640442,4.506949376136644,2,True,True,0,0,True,False,25,0,False,False
1864,187842.8,25.404055921040314,35,15.631237843880493,4.526432573409038,3,True,True,0,51,False,False,27,0,False,False
1865,187843.0,25.438808873527794,35,15.348075856381005,4.509130669894075,2,True,True,0,53,False,False,29,0,False,False
1866,187843.2,25.376797436311353,35,15.218834043580138,4.512431719153591,2,True,True,0,0,True,False,31,0,False,False
1867,187843.4,24.38479805687783,34,10.678738877057151,3.7694578795610005,4,False,True,0,56,False,False,32,0,False,False
1868,187843.6,24.350129735710308,33,10.541053995880835,4.144456941596137,2,False,True,0,57,False,False,33,0,False,False
1869,187843.8,0.5379137605551927,31,9.336384180679774,3.8944016577523675,2,False,True,0,0,True,False,31,0,False,False
1870,187844.0,1.1243901765609803,29,0.4938997183145748,0.4938997183145748,8,True,True,0,53,False,False,29,0,False,False
1871,187844.2,1.1830228469937998,27,0.6467418883144771,0.6467418883144771,2,True,True,0,51,False,False,27,0,False,False
1872,187844.4,1.1878718787719835,26,0.5726878190901109,0.5726878190901109,3,True,True,0,50,False,False,26,0,False,False
1873,187844.6,1.184888882572945,25,0.576596071236685,0.576596071236685,3,True,True,0,49,False,False,25,0,False,False
1874,187844.8,1.1813958779068638,25,0.5144858977830783,0.5144858977830783,3,True,True,0,49,False,False,25,0,False,False
1875,187845.0,1.171724152487732,25,0.4966795894636355,0.4966795894636355,3,True,True,0,49,False,False,25,0,False,False
1876,187845.2,1.169557705311283,25,0.46608091578625604,0.46608091578625604,3,True,True,0,49,False,False,25,0,False,False
1877,187845.4,1.1681640548524908,25,0.47998772788543415,0.47998772788543415,3,True,True,0,49,False,False,25,0,False,False
1878,187845.6,1.1674188797357583,25,0.4473416962906736,0.4473416962906736,3,True,True,0,49,False,False,25,0,False,False
1879,187845.8,1.1669384640680716,25,0.4464703082433209,0.4464703082433209,3,True,True,0,49,False,False,25,0,False,False
1880,187846.0,1.164194837157496,25,0.4485524941485114,0.4485524941485114,3,True,True,0,49,False,False,25,0,False,False
1881,187846.2,1.1646371723687057,25,0.38637336130014927,0.38637336130014927,3,True,True,0,49,False,False,25,0,False,False
1882,187846.4,1.1669340324895743,25,0.35839963143264075,0.35839963143264075,3,True,True,0,49,False,False,25,0,False,False
1883,187846.6,1.1662372727631947,25,0.3522079857471341,0.3522079857471341,3,True,True,0,49,False,False,25,0,False,False
1884,187846.8,1.165808968861563,25,0.3263934006368039,0.3263934006368039,3,True,True,0,49,False,False,25,0,False,False
1885,187847.0,1.1646700982333513,25,0.29884600297864383,0.29884600297864383,3,True,True,0,49,False,False,25,0,False,False
1886,187847.2,1.1695655569700827,25,0.3103735150867614,0.3103735150867614,3,True,True,0,49,False,False,25,0,False,False
1887,187847.4,1.1747960497068108,25,0.31500937872828993,0.31500937872828993,3,True,True,0,49,False,False,25,0,False,False
1888,187847.6,1.178789433795705,25,0.31474347324419877,0.31474347324419877,3,True,True,0,49,False,False,25,0,False,False
1889,187847.8,1.1765177762511505,25,0.36092707440645017,0.36092707440645017,3,True,True,0,49,False,False,25,0,False,False
1890,187848.0,1.1753789342138323,25,0.4020929469969919,0.4020929469969919,3,True,True,0,49,False,False,25,0,False,False
1891,187848.2,1.1715558310363217,25,0.43313641767282585,0.43313641767282585,3,True,True,0,49,False,False,25,0,False,False
1892,187848.4,1.1698805440562514,25,0.5129135671811502,0.5129135671811502,3,True,True,0,49,False,False,25,0,False,False
1893,187848.6,1.1727850975353948,25,0.5453316231179888,0.5453316231179888,3,True,True,0,49,False,False,25,0,False,False
1894,187848.8,1.1711701566265664,25,0.5676466041557164,0.5676466041557164,3,True,True,0,49,False,False,25,0,False,False
1895,187849.0,1.1702131105809406,25,0.6616697177216742,0.6616697177216742,3,True,True,0,49,False,False,25,0,False,False
1896,187849.2,1.173044138128329,25,0.6153933839392264,0.6153933839392264,3,True,True,0,49,False,False,25,0,False,False
1897,187849.4,1.1799652760614918,25,0.5806323288101697,0.5806323288101697,3,True,True,0,49,False,False,25,0,False,False
1898,187849.6,1.1832584474664944,25,0.5842169921378474,0.5842169921378474,3,True,True,0,49,False,False,25,0,False,False
1899,187849.8,1.1930048067810164,25,0.5794785955563737,0.5794785955563737,3,True,True,0,49,False,False,25,0,False,False
1900,187850.0,1.200912429380868,25,0.5485831168545374,0.5485831168545374,3,True,True,0,49,False,False,25,0,False,False
1901,187850.2,1.21549525096774,25,0.5194071747522633,0.5194071747522633,3,True,True,0,49,False,False,25,0,False,False
1902,187850.4,1.1938182157913568,26,36.56618627010576,5.885825506762978,3,True,True,0,49,False,False,25,0,False,False
1903,187850.6,1.9090909940542615,27,35.55679749241844,5.813363240547681,10,True,True,0,49,False,False,25,0,False,False
1904,187850.8,72.84504286701383,28,34.251408836838785,5.740715246280899,16,True,True,0,0,True,False,25,0,False,False
1905,187851.0,72.58078344112356,29,11.22645555606468,4.1866717214478335,6,False,True,0,49,False,False,25,0,False,False
1906,187851.2,72.51319171426509,29,9.603232648203885,3.925572583788366,3,True,True,0,49,False,False,25,0,False,False
1907,187851.4,0.7747004402379915,28,9.669344178463028,3.9389136669573106,3,True,True,0,0,True,False,25,0,False,False
1908,187851.6,1.1353462155874992,27,0.6839859545625747,0.6839859545625747,7,True,True,0,49,False,False,25,0,False,False
1909,187851.8,1.1863725266101843,27,34.86476917175341,5.75376143875402,2,True,True,0,49,False,False,25,0,False,False
1910,187852.0,2.1071726290057917,26,0.814705891800521,0.814705891800521,3,True,True,0,49,False,False,25,0,False,False
1911,187852.2,1.7910071970729584,26,0.7744973816132319,0.7744973816132319,4,True,True,0,49,False,False,25,0,False,False
1912,187852.4,1.790670560799611,27,33.858918489468316,5.681043359537763,3,True,True,0,49,False,False,25,0,False,False
1913,187852.6,4.558326423509059,28,32.84704152985542,5.609133434238999,10,True,True,0,49,False,False,25,0,False,False
1914,187852.8,69.41082860497889,28,31.525390670887408,5.5335436341169855,23,True,True,0,0,True,False,25,0,False,False
1915,187853.0,69.15683506716205,29,10.67160122182291,4.085214179543341,6,False,True,0,49,False,False,25,0,False,False
1916,187853.2,69.12444908399591,30,10.45623240057801,4.046681800828428,2,True,True,0,49,False,False,25,0,False,False
1917,187853.4,1.0130787119508966,29,9.20465989540948,3.5563587006339215,2,True,True,0,0,True,False,25,0,False,False
1918,187853.6,1.5795626965582046,28,0.7127401855121005,0.7127401855121005,7,True,True,0,49,False,False,25,0,False,False
1919,187853.8,1.6205894853705383,27,0.6725788358292805,0.6725788358292805,2,True,True,0,49,False,False,25,0,False,False
1920,187854.0,1.6153652453645946,26,0.6815487251210852,0.6815487251210852,3,True,True,0,49,False,False,25,0,False,False
1921,187854.2,1.6018693537112256,25,0.7065372054842883,0.7065372054842883,3,True,True,0,49,False,False,25,0,False,False
1922,187854.4,1.5839248978792846,25,0.7138569511009537,0.7138569511009537,3,True,True,0,49,False,False,25,0,False,False
1923,187854.6,1.5631520578921076,25,0.7025282703134014,0.7025282703134014,3,True,True,0,49,False,False,25,0,False,False
1924,187854.8,1.5437667141411513,25,0.6807569115385982,0.6807569115385982,3,True,True,0,49,False,False,25,0,False,False
1925,187855.0,1.520505732523102,25,0.6945816199205129,0.6945816199205129,3,True,True,0,49,False,False,25,0,False,False
1926,187855.2,1.5023070995324888,25,0.6919377655809006,0.6919377655809006,3,True,True,0,49,False,False,25,0,False,False
1927,187855.4,1.4853804480251467,25,0.6960752474790425,0.6960752474790425,3,True,True,0,49,False,False,25,0,False,False
1928,187855.6,1.464737025299857,25,0.7052846936098863,0.7052846936098863,3,True,True,0,49,False,False,25,0,False,False
1929,187855.8,1.4455168634096223,25,0.7027820461595871,0.7027820461595871,3,True,True,0,49,False,False,25,0,False,False
1930,187856.0,1.4601211134953573,26,2.003843200413524,1.2517883769912566,3,True,True,0,50,False,False,26,0,False,False
1931,187856.2,1.5066697857087867,28,18.67474513990317,3.764660293908445,2,True,True,0,51,False,False,27,0,False,False
1932,187856.4,3.098255476862407,30,18.218215625005662,3.7168089317617437,10,True,True,0,52,False,False,28,0,False,False
1933,187856.6,32.87870432412107,32,17.791189309535387,3.693526228867624,19,True,True,0,0,True,False,29,0,False,False
1934,187856.8,30.930712514413425,33,7.5888392181248285,3.477018688148859,8,True,True,0,54,False,False,30,0,False,False
1935,187857.0,30.83235754969214,33,7.542312846258169,3.4721796859481633,2,True,True,0,54,False,False,30,0,False,False
1936,187857.2,6.55449016961539,32,7.537715807329542,3.4677767687569108,2,True,True,0,0,True,False,30,0,False,False
1937,187857.4,6.658686281125971,31,1.041315717923566,1.009504107068321,9,True,True,0,54,False,False,30,0,False,False
1938,187857.6,6.659710007713353,30,1.0085967176467583,0.9930422184117662,2,True,True,0,54,False,False,30,0,False,False
1939,187857.8,6.659674764055365,30,1.0005743069495232,1.0003278279261791,2,True,True,0,54,False,False,30,0,False,False
1940,187858.0,6.654072459074528,30,0.9628602944333232,0.9628602944333232,3,True,True,0,54,False,False,30,0,False,False
1941,187858.2,6.655465460190735,30,0.9596443367605464,0.956214762608726,2,True,True,0,54,False,False,30,0,False,False
1942,187858.4,6.65070731095588,30,0.9597584956273134,0.9377457530814713,2,True,True,0,54,False,False,30,0,False,False
1943,187858.6,6.6473287196272,30,1.0005953692810727,0.9669463948907312,2,True,True,0,54,False,False,30,0,False,False
1944,187858.8,6.649239764599156,30,1.0248515694044729,0.991486944783826,3,True,True,0,54,False,False,30,0,False,False
1945,187859.0,6.649660221271414,30,0.9949051074624364,0.9469284540010575,3,True,True,0,54,False,False,30,0,False,False
1946,187859.2,6.649755626849853,30,0.9706272774218444,0.9245068156848467,3,True,True,0,54,False,False,30,0,False,False
1947,187859.4,6.648036457953453,30,0.9625319617762575,0.9211864905693729,3,True,True,0,54,False,False,30,0,False,False
1948,187859.6,6.647141385800151,30,0.9580653840989533,0.9098337306120756,2,True,True,0,54,False,False,30,0,False,False
1949,187859.8,6.639526143480669,30,0.9254859864794303,0.8891286989357405,2,True,True,0,54,False,False,30,0,False,False
1950,187860.0,6.633715795136607,30,0.940538451536619,0.9124320280558931,3,True,True,0,54,False,False,30,0,False,False
1951,187860.2,6.619195197200232,30,0.9639136862390281,0.9356277171737043,3,False,True,0,54,False,False,30,0,False,False
1952,187860.4,6.604622554796209,30,0.9795432355619447,0.9506355042780474,3,True,True,0,54,False,False,30,0,False,False
1953,187860.6,6.579699612582008,30,0.9741634405143785,0.9248514311066597,3,True,True,0,54,False,False,30,0,False,False
1954,187860.8,6.561957941577815,30,1.0060445024631768,0.9490452901366121,3,True,True,0,54,False,False,30,0,False,False
1955,187861.0,6.540571630946473,30,1.0550196622372199,0.9816400015121126,3,True,True,0,54,False,False,30,0,False,False
1956,187861.2,6.51111006990243,30,1.0820911530650277,1.0189847111633992,3,True,True,0,54,False,False,30,0,False,False
1957,187861.4,6.487629457826541,30,1.1023930737212795,0.9879617953397473,3,False,True,0,54,False,False,30,0,False,False
1958,187861.6,6.459421254933956,30,1.2443956371042948,1.1314461489648933,3,False,True,0,54,False,False,30,0,False,False
1959,187861.8,6.429346818710711,30,1.1861015797202885,1.08236415794139,3,True,True,0,54,False,False,30,0,False,False
1960,187862.0,6.39634230060013,30,1.237944563410786,1.047855402668863,3,True,True,0,54,False,False,30,0,False,False
1961,187862.2,6.3722056167545285,31,20.19481321753189,4.297184211103692,2,True,True,0,54,False,False,30,0,False,False
1962,187862.4,6.515925439783987,31,1.3931155384875584,1.180190432077557,3,True,True,0,54,False,False,30,0,False,False
1963,187862.6,6.457250639970353,32,19.879913063641443,4.27509478653349,3,False,True,0,54,False,False,30,0,False,False
1964,187862.8,6.745858338022438,32,1.4981054619377232,1.1942892632593787,5,True,True,0,54,False,False,30,0,False,False
1965,187863.0,6.7298671914084895,32,1.4948139201544628,1.2070525118245365,2,True,True,0,54,False,False,30,0,False,False
1966,187863.2,6.70389317234785,32,19.363924283906858,4.248609285224556,2,True,True,0,54,False,False,30,0,False,False
1967,187863.4,7.183807355871266,33,19.261292799557445,4.2618576669379555,6,True,True,0,54,False,False,30,0,False,False
1968,187863.6,28.915893858037514,33,19.23619651616575,4.291505452883492,16,True,True,0,0,True,False,30,0,False,False
1969,187863.8,27.279041682332778,34,12.79025449094529,4.218897219375601,9,True,True,0,54,False,False,30,0,False,False
1970,187864.0,27.19598360022739,35,12.813686431498104,4.220918674540006,2,True,True,0,54,False,False,30,0,False,False
1971,187864.2,1.6117836094144107,34,7.408648826778906,3.360864691663936,2,True,True,0,0,True,False,30,0,False,False
1972,187864.4,2.183260267666637,33,0.5539202585452677,0.5539202585452677,7,True,True,0,54,False,False,30,0,False,False
1973,187864.6,2.213428800553492,33,21.54884009886458,4.357843220354132,2,True,True,0,54,False,False,30,0,False,False
1974,187864.8,2.932522157954173,33,21.147013817680392,4.346529431682165,10,True,True,0,54,False,False,30,0,False,False
1975,187865.0,29.24688609790053,33,20.843417247706917,4.324978022675119,15,True,True,0,0,True,False,30,0,False,False
1976,187865.2,27.681679341063955,34,12.965880934837813,4.256757868745723,9,True,True,0,54,False,False,30,0,False,False
1977,187865.4,27.601387471372714,35,12.97270601891155,4.265135845968783,2,False,True,0,54,False,False,30,0,False,False
1978,187865.6,28.769707956269723,35,13.177356877405892,4.29183340518079,2,True,True,0,0,True,False,30,0,False,False
1979,187865.8,27.858911008611432,35,13.264789713359656,4.3070589528989816,3,True,True,0,54,False,False,30,0,False,False
1980,187866.0,27.786981338030788,35,13.264349899536253,4.312083544357626,2,False,True,0,54,False,False,30,0,False,False
1981,187866.2,27.481743914627327,35,13.332416033920225,4.658062583354937,2,True,True,0,0,True,False,30,0,False,False
1982,187866.4,26.326026096074624,35,13.83313858510414,4.738459243121931,4,False,True,0,54,False,False,30,0,False,False
1983,187866.6,26.259225868900426,35,13.987829931334913,4.73600761612074,2,False,True,0,54,False,False,30,0,False,False
1984,187866.8,28.077054089490634,35,14.033860817189218,4.734566214262655,2,True,True,0,0,True,False,30,0,False,False
1985,187867.0,26.775801804166292,35,13.984192381664633,4.757829463080637,7,True,True,0,54,False,False,30,0,False,False
1986,187867.2,26.71401508421915,35,14.18345521758973,4.759388323820929,2,False,True,0,54,False,False,30,0,False,False
1987,187867.4,28.551083805070427,35,14.244194264549012,4.774525027343819,2,True,True,0,0,True,False,30,0,False,False
1988,187867.6,27.27734691564747,35,14.086825264615749,4.751292626979335,4,False,True,0,54,False,False,30,0,False,False
1989,187867.8,27.213103365844802,35,14.096756009503027,4.74984796256311,2,False,True,0,54,False,False,30,0,False,False
1990,187868.0,28.46104236124846,35,13.984590268185212,4.701500108373641,2,True,True,0,0,True,False,30,0,False,False
1991,187868.2,27.53499825120346,35,14.025053397787707,4.740417809836157,3,False,True,0,54,False,False,30,0,False,False
1992,187868.4,27.47360795366729,35,14.217754401657762,4.774629104352111,2,False,True,0,54,False,False,30,0,False,False
1993,187868.6,28.806898437965707,35,14.329233654692787,4.788678252864447,2,True,True,0,0,True,False,30,0,False,False
1994,187868.8,27.500402384261488,35,14.3506049571342,4.793050584588076,7,True,True,0,54,False,False,30,0,False,False
1995,187869.0,27.4302743579532,35,14.489200684562988,4.805986995820585,2,True,True,0,54,False,False,30,0,False,False
1996,187869.2,28.79331383433036,35,14.54424050564017,4.818015824540246,2,True,True,0,0,True,False,30,0,False,False
1997,187869.4,27.81414217823709,35,14.444334241294793,4.817674111699287,3,False,True,0,54,False,False,30,0,False,False
1998,187869.6,27.75555596247707,35,14.55721099165523,4.839547209712734,2,True,True,0,54,False,False,30,0,False,False
1999,187869.8,29.205168557402637,35,14.755460960064877,4.864913905797293,2,True,True,0,0,True,False,30,0,False,False
2000,187870.0,28.068003581116677,35,14.775634925517853,4.861652184556615,3,False,True,0,54,False,False,30,0,False,False
2001,187870.2,28.005185805443656,35,14.8427537053051,4.873179772850814,2,True,True,0,54,False,False,30,0,False,False
2002,187870.4,29.628877559141078,35,14.999070228709735,4.88926980829906,2,True,True,0,0,True,False,30,0,False,False
2003,187870.6,28.31703884162546,35,15.098161778929695,4.8995919289511445,5,True,True,0,54,False,False,30,0,False,False
2004,187870.8,28.33122661184453,35,15.161650506472979,4.911856110477578,2,True,True,0,54,False,False,30,0,False,False
2005,187871.0,29.93733547839329,35,15.254907866882675,4.9381108229047515,2,True,True,0,0,True,False,30,0,False,False
2006,187871.2,28.876941282987065,35,15.460780970949179,4.988219284728828,3,True,True,0,54,False,False,30,0,False,False
2007,187871.4,28.74027924266724,34,8.449828606595801,3.648784491616688,2,True,True,0,54,False,False,30,0,False,False
2008,187871.6,1.7060673746438328,33,8.417627380162248,3.6386985432144368,2,True,True,0,0,True,False,30,0,False,False
2009,187871.8,1.6386832947911143,32,0.47894241507545077,0.47894241507545077,7,True,True,0,54,False,False,30,0,False,False
2010,187872.0,1.6381868571173288,31,0.5209471204993602,0.5209471204993602,3,True,True,0,54,False,False,30,0,False,False
2011,187872.2,1.6442896143755918,30,0.5615224807608457,0.5615224807608457,3,True,True,0,54,False,False,30,0,False,False
2012,187872.4,1.649208287262331,30,0.559967590280681,0.559967590280681,3,True,True,0,54,False,False,30,0,False,False
2013,187872.6,1.655207406946697,31,26.74417648732962,5.28823260784831,3,True,True,0,54,False,False,30,0,False,False
2014,187872.8,1.6988448571533625,32,26.628932867501852,5.262023796115854,5,True,True,0,54,False,False,30,0,False,False
2015,187873.0,32.749406813208815,33,26.46100040324568,5.252689192582068,12,True,True,0,0,True,False,30,0,False,False
2016,187873.2,31.223213011198776,34,16.276281036500002,5.091203004113984,8,True,True,0,54,False,False,30,0,False,False
2017,187873.4,31.245128922487687,35,16.414040124868347,5.110789265773493,2,True,True,0,54,False,False,30,0,False,False
2018,187873.6,32.97923516617486,35,16.333082586673367,5.095639613134015,2,True,True,0,0,True,False,30,0,False,False
2019,187873.8,31.788403352662325,35,16.262748082449054,5.113377283795151,3,False,True,0,54,False,False,30,0,False,False
2020,187874.0,31.793565528200165,35,16.222910233284722,5.112668836269588,2,True,True,0,54,False,False,30,0,False,False
2021,187874.2,33.12131301966205,35,16.273335229562186,5.110082132685832,2,True,True,0,0,True,False,30,0,False,False
2022,187874.4,32.038733104883576,35,16.405812403784243,5.133249148367841,3,False,True,0,54,False,False,30,0,False,False
2023,187874.6,32.05033583965016,35,16.559790688894218,5.155809753101485,2,True,True,0,54,False,False,30,0,False,False
2024,187874.8,33.336306834136586,35,16.589253760200457,5.159132831614514,2,True,True,0,0,True,False,30,0,False,False
2025,187875.0,32.41749842836554,35,16.598359005612885,5.156227859553264,3,False,True,0,54,False,False,30,0,False,False
2026,187875.2,32.43528123308981,35,16.690450427869184,5.18957494322103,2,True,True,0,54,False,False,30,0,False,False
2027,187875.4,33.288215685244666,35,16.690359225988665,5.208820616367739,2,True,True,0,0,True,False,30,0,False,False
2028,187875.6,32.32759531806656,35,16.850330363789528,5.227185836527695,3,False,True,0,54,False,False,30,0,False,False
2029,187875.8,32.34158536695759,35,16.84744972220835,5.244112807040784,2,True,True,0,54,False,False,30,0,False,False
2030,187876.0,33.48737917499778,35,16.795844449210016,5.193696749324789,2,True,True,0,0,True,False,30,0,False,False
2031,187876.2,32.25418083640026,35,16.816360646830777,5.186609142479944,4,False,True,0,54,False,False,30,0,False,False
2032,187876.4,32.272444552108865,35,17.02364786438351,5.1913051631558,2,True,True,0,54,False,False,30,0,False,False
2033,187876.6,34.182588205969324,35,17.091638640319275,5.210436429252597,2,True,True,0,0,True,False,30,0,False,False
2034,187876.8,32.86054130561194,35,17.043309326683996,5.22233846003252,5,True,True,0,54,False,False,30,0,False,False
2035,187877.0,32.87263298098083,35,17.077101711399134,5.230433248278869,2,True,True,0,54,False,False,30,0,False,False
2036,187877.2,34.45754895515972,35,17.12374268209912,5.224333577853476,2,True,True,0,0,True,False,30,0,False,False
2037,187877.4,33.409904536655745,35,16.99227660549661,5.226732273546192,3,True,True,0,54,False,False,30,0,False,False
2038,187877.6,33.420728742996296,35,16.94845971178343,5.227489449361962,2,True,True,0,54,False,False,30,0,False,False
2039,187877.8,34.80775756499944,35,17.001271247680396,5.242692438473922,2,True,True,0,0,True,False,30,0,False,False
2040,187878.0,33.843430608173506,35,16.937714192040108,5.254350323194294,3,True,True,0,54,False,False,30,0,False,False
2041,187878.2,33.85220378876171,35,16.832721159795685,5.232824423389006,2,True,True,0,54,False,False,30,0,False,False
2042,187878.4,34.45460493299145,35,16.759581388397706,5.222988169948035,2,True,True,0,0,True,False,30,0,False,False
2043,187878.6,33.56351869842775,35,16.76221415866275,5.218927305530589,3,False,True,0,54,False,False,30,0,False,False
2044,187878.8,33.57268435944919,35,16.730975366625483,5.224428381846295,2,True,True,0,54,False,False,30,0,False,False
2045,187879.0,33.97965280789192,35,16.668801404001076,5.203680975911191,2,True,True,0,0,True,False,30,0,False,False
2046,187879.2,33.035400829555265,35,16.78025253474636,5.1987759049030595,4,False,True,0,54,False,False,30,0,False,False
2047,187879.4,33.05764899400756,36,15.798059037428683,4.616199167488688,2,True,True,0,54,False,False,30,0,False,False
2048,187879.6,34.25449860465163,36,16.728446976899416,5.1845665653090025,2,True,True,0,0,True,False,30,0,False,False
2049,187879.8,33.059841928169355,36,16.75148400064312,5.181273843617744,3,False,True,0,54,False,False,30,0,False,False
2050,187880.0,33.06505400680465,37,15.565326610092665,4.570868162680264,2,True,True,0,54,False,False,30,0,False,False
2051,187880.2,33.85498909190534,38,15.3487543426893,4.532582768715628,2,True,True,0,0,True,False,30,0,False,False
2052,187880.4,32.09288501684217,38,15.486080888312019,4.47781477427478,4,False,True,0,54,False,False,30,0,False,False
2053,187880.6,32.168953381712015,39,15.506302519666828,4.471189519954605,2,True,True,0,54,False,False,30,0,False,False
2054,187880.8,34.16575233496785,40,15.15897807834797,4.419457958085719,2,True,True,0,0,True,False,30,0,False,False
2055,187881.0,32.66211051836263,40,14.896908432058924,4.392480635397035,3,True,True,0,54,False,False,30,0,False,False
2056,187881.2,32.571001112469766,40,14.886127971572119,4.397181601011879,2,False,True,0,54,False,False,30,0,False,False
2057,187881.4,34.22368339470145,40,14.853690607707154,4.396823467044754,2,True,True,0,0,True,False,30,0,False,False
2058,187881.6,33.02995136979656,40,14.644838093635247,4.394652977273824,3,False,True,0,54,False,False,30,0,False,False
2059,187881.8,32.95728421659292,39,15.664991305779704,4.690521852378961,2,False,True,0,54,False,False,30,0,False,False
2060,187882.0,34.38959418904864,38,15.562397437127576,4.6819523909078695,2,True,True,0,0,True,False,30,0,False,False
2061,187882.2,33.27358111982863,37,15.328105188985544,4.660699383285873,3,False,True,0,54,False,False,30,0,False,False
2062,187882.4,33.300638823087496,36,15.263621851562277,4.652276031869678,2,True,True,0,54,False,False,30,0,False,False
2063,187882.6,34.04148007268069,35,15.293278034104329,4.657793904775755,2,True,True,0,0,True,False,30,0,False,False
2064,187882.8,33.07979956354662,35,15.16966082357186,4.624980623786492,3,False,True,0,54,False,False,30,0,False,False
2065,187883.0,33.10119674118117,35,15.238643511601232,4.645283673749408,2,True,True,0,54,False,False,30,0,False,False
2066,187883.2,34.07220601512529,35,15.215299550145257,4.642343621281884,2,True,True,0,0,True,False,30,0,False,False
2067,187883.4,33.287185618394155,35,15.188374670848566,4.629257304534988,3,False,True,0,54,False,False,30,0,False,False
2068,187883.6,33.30188668588306,35,15.158724553090039,4.617201354798847,2,True,True,0,54,False,False,30,0,False,False
2069,187883.8,33.66982210874305,35,15.103982221953988,4.618023068719173,2,True,True,0,0,True,False,30,0,False,False
2070,187884.0,32.68718375589183,34,8.99877948777772,3.766757919386741,3,False,True,0,54,False,False,30,0,False,False
2071,187884.2,32.61054554523966,33,9.036914384203037,3.747112661005273,2,False,True,0,54,False,False,30,0,False,False
2072,187884.4,34.29509638947258,33,15.668943502775745,4.671376147444852,2,True,True,0,0,True,False,30,0,False,False
2073,187884.6,33.03870281587701,32,9.034730474363277,3.769870159554302,3,True,True,0,54,False,False,30,0,False,False
2074,187884.8,32.970352872714216,31,9.086797568543263,3.7846519222486115,2,False,True,0,54,False,False,30,0,False,False
2075,187885.0,0.9962206894655288,31,9.197677647803228,3.7635059658050776,2,False,True,0,0,True,False,30,0,False,False
2076,187885.2,1.3320877804045035,30,0.38739145528029717,0.38739145528029717,7,True,True,0,53,False,False,29,0,False,False
2077,187885.4,1.3484609973305286,28,0.41388912866453403,0.41388912866453403,3,True,True,0,52,False,False,28,0,False,False
2078,187885.6,1.3097594681033013,28,0.7112870408534777,0.7112870408534777,3,True,True,0,51,False,False,27,0,False,False
2079,187885.8,1.2517466645560118,28,1.019356836677246,0.8803952213254554,2,True,True,0,50,False,False,26,0,False,False
2080,187886.0,1.2119692850752188,27,0.3993377583534431,0.3993377583534431,2,True,True,0,49,False,False,25,0,False,False
2081,187886.2,1.180619411560787,27,0.3612177585161836,0.3612177585161836,3,True,True,0,49,False,False,25,0,False,False
2082,187886.4,1.1561180728511882,27,0.3680030578431447,0.3680030578431447,3,True,True,0,49,False,False,25,0,False,False
2083,187886.6,1.1242432498314334,26,0.3589360644788825,0.3589360644788825,3,True,True,0,49,False,False,25,0,False,False
2084,187886.8,1.0968437951559507,25,0.3786214924828524,0.3786214924828524,3,True,True,0,49,False,False,25,0,False,False
2085,187887.0,1.0638966437301214,25,0.4008194962327271,0.4008194962327271,3,True,True,0,49,False,False,25,0,False,False
2086,187887.2,1.0501627353996439,25,0.4388676176956456,0.4388676176956456,3,True,True,0,49,False,False,25,0,False,False
2087,187887.4,1.0287610825888318,25,0.4385046640038976,0.4385046640038976,3,True,True,0,49,False,False,25,0,False,False
2088,187887.6,1.0188004980560585,25,0.3949518118468531,0.3949518118468531,3,True,True,0,49,False,False,25,0,False,False
2089,187887.8,1.0039865161518966,25,0.43288470362577836,0.43288470362577836,3,True,True,0,49,False,False,25,0,False,False
2090,187888.0,0.9796248950887293,25,0.4575053961175244,0.4575053961175244,3,True,True,0,49,False,False,25,0,False,False
2091,187888.2,0.9734988113869097,25,0.4616709787070115,0.4616709787070115,3,True,True,0,49,False,False,25,0,False,False
2092,187888.4,0.9458263721240695,25,0.46164047460989055,0.46164047460989055,3,True,True,0,49,False,False,25,0,False,False
2093,187888.6,0.9431541333032807,25,0.49149291384084,0.49149291384084,3,True,True,0,49,False,False,25,0,False,False
2094,187888.8,0.9312040582324084,25,0.5094952716038872,0.5094952716038872,3,True,True,0,49,False,False,25,0,False,False
2095,187889.0,0.9217582484755737,25,0.5387624025621502,0.5387624025621502,3,True,True,0,49,False,False,25,0,False,False
2096,187889.2,0.9342956004256784,26,18.608261087740658,4.067179894397573,3,True,True,0,49,False,False,25,0,False,False
2097,187889.4,1.6051665530826276,27,17.98726619589708,3.9797365628763255,8,True,True,0,49,False,False,25,0,False,False
2098,187889.6,48.61995757281909,28,17.660890400458293,3.9878196072730074,11,True,True,0,0,True,False,25,0,False,False
2099,187889.8,48.27404876373513,29,7.650852480402624,3.56281433113257,7,False,True,0,49,False,False,25,0,False,False
2100,187890.0,48.20906287353779,30,7.608189454897481,3.516866256579271,3,True,True,0,49,False,False,25,0,False,False
2101,187890.2,48.62911725941023,30,7.555232572517644,3.517956535856391,3,True,True,0,0,True,False,25,0,False,False
2102,187890.4,48.442109280980205,30,7.430737160287391,3.45877030619857,3,True,True,0,49,False,False,25,0,False,False
2103,187890.6,48.42267264753734,31,9.320286008682821,3.755530036730101,2,True,True,0,49,False,False,25,0,False,False
2104,187890.8,56.99234178614873,32,9.159891622782343,3.7079529504043114,2,True,True,0,0,True,False,25,0,False,False
2105,187891.0,57.43105656908842,33,7.112266533801217,3.1571070033296316,5,False,True,0,49,False,False,25,0,False,False
2106,187891.2,57.46809650976864,34,7.077102788404385,3.1380911965481264,2,False,True,0,49,False,False,25,0,False,False
2107,187891.4,56.01966207014252,35,7.016520661673921,3.097938214258305,2,True,True,0,0,True,False,25,0,False,False
2108,187891.6,56.826468332904845,34,7.28129295181188,3.2729691230914266,4,False,True,0,49,False,False,25,0,False,False
2109,187891.8,56.86891146114548,33,7.213806088651273,3.1729841791313875,2,True,True,0,49,False,False,25,0,False,False
2110,187892.0,1.1064866983716573,31,7.8149044401783385,3.262509875534658,2,True,True,0,0,True,False,25,0,False,False
2111,187892.2,0.866147414770679,29,0.21940727404484112,0.21940727404484112,7,True,True,0,49,False,False,25,0,False,False
2112,187892.4,0.8779812380184725,27,0.2430379011573577,0.2430379011573577,2,True,True,0,49,False,False,25,0,False,False
2113,187892.6,0.9120873883509482,28,22.67072002235281,4.443725648204017,3,True,True,0,49,False,False,25,0,False,False
2114,187892.8,2.466874763724424,29,22.127171184832765,4.384749333944566,18,True,True,0,49,False,False,25,0,False,False
2115,187893.0,42.48587528001457,30,14.435607316766939,3.018179673348059,17,True,True,0,0,True,False,25,0,False,False
2116,187893.2,42.17672756196261,30,5.076761141630159,2.5528017818364472,10,True,True,0,49,False,False,25,0,False,False
2117,187893.4,42.160428967697946,30,5.090174653590454,2.7113284672764637,2,True,True,0,49,False,False,25,0,False,False
2118,187893.6,42.17177267732594,28,5.10439363974449,2.696952935046113,2,True,True,0,49,False,False,25,0,False,False
2119,187893.8,42.18847153615502,26,5.128034163337511,2.702319180777988,3,True,True,0,49,False,False,25,0,False,False
2120,187894.0,42.17315888913344,26,28.45776443326959,5.547397918576783,2,True,True,0,49,False,False,25,0,False,False
2121,187894.2,40.424605811017784,27,27.48034358704626,5.367360815385098,10,True,True,0,49,False,False,25,0,False,False
2122,187894.4,48.24929780008816,28,26.65253192749026,5.257941949597091,17,True,True,0,0,True,False,25,0,False,False
2123,187894.6,47.89075570210989,29,6.930360300237163,3.3446692120673376,6,True,True,0,49,False,False,25,0,False,False
2124,187894.8,47.80383428037971,30,6.725424581939214,3.2827926377660646,3,True,True,0,49,False,False,25,0,False,False
2125,187895.0,29.804239654202842,31,26.94720917546792,5.068981963561757,2,True,True,0,0,True,False,25,0,False,False
2126,187895.2,28.261182091720805,32,15.42174680902345,4.971326759042022,10,True,True,0,49,False,False,25,0,False,False
2127,187895.4,28.188571329846653,32,11.799719702132013,4.29594850626164,2,True,True,0,49,False,False,25,0,False,False
2128,187895.6,29.0300261356453,33,15.3132452229915,4.948095829410215,3,True,True,0,0,True,False,25,0,False,False
2129,187895.8,28.383036674988627,33,11.182905818984551,4.376982670298412,4,True,True,0,49,False,False,25,0,False,False
2130,187896.0,28.380814479937047,32,11.150653916598017,4.243800267956105,2,True,True,0,49,False,False,25,0,False,False
2131,187896.2,33.92751599022747,31,10.900042588707747,4.222684718188949,2,True,True,0,0,True,False,25,0,False,False
2132,187896.4,34.290221605676386,31,4.0181284221890134,2.3652977385443834,10,True,True,0,49,False,False,25,0,False,False
2133,187896.6,34.33373801364869,32,37.38990514809589,6.446003379607143,2,True,True,0,49,False,False,25,0,False,False
2134,187896.8,29.43497821106122,34,34.95343297354873,6.238674785527513,16,True,True,0,49,False,False,25,0,False,False
2135,187897.0,26.485183448410947,35,19.25751452652381,4.428908997913349,15,True,True,0,0,True,False,25,0,False,False
2136,187897.2,25.41362418689466,36,14.067901241232898,4.720272196114806,8,True,True,0,49,False,False,25,0,False,False
2137,187897.4,25.385102930452472,37,13.897657879489339,4.706290504357486,2,True,True,0,49,False,False,25,0,False,False
2138,187897.6,31.66628732122936,35,10.366773089210877,4.091223844533812,2,True,True,0,0,True,False,25,0,False,False
2139,187897.8,31.82475412612609,33,4.0465013340839855,2.3893756135330286,6,True,True,0,49,False,False,25,0,False,False
2140,187898.0,31.881301224375907,33,20.094170868807897,4.581373330657971,2,True,True,0,49,False,False,25,0,False,False
2141,187898.2,31.463261636316698,32,4.125894400670061,2.4199537834270943,3,True,True,0,49,False,False,25,0,False,False
2142,187898.4,31.66403734725529,31,4.1488598107187205,2.4231710993866815,2,True,True,0,49,False,False,25,0,False,False
2143,187898.6,31.743280740723378,32,19.45794154068702,4.519448982574359,2,True,True,0,49,False,False,25,0,False,False
2144,187898.8,31.388076858268192,32,4.394545265224128,2.48847052100386,3,True,True,0,49,False,False,25,0,False,False
2145,187899.0,31.57022159849203,31,4.497023557000045,2.521195072258896,2,True,True,0,49,False,False,25,0,False,False
2146,187899.2,31.641565057668736,32,33.745776503246105,6.326461936211665,2,True,True,0,49,False,False,25,0,False,False
2147,187899.4,28.65081528308878,34,34.41224501183421,6.138890793873334,11,True,True,0,49,False,False,25,0,False,False
2148,187899.6,30.12810118688413,34,30.588568218686127,5.821097243403317,16,True,True,0,0,True,False,25,0,False,False
2149,187899.8,28.926651089848963,36,20.348754163179233,5.366312284906837,8,True,True,0,49,False,False,25,0,False,False
2150,187900.0,28.921985674821087,38,19.764570875611565,5.31457830631452,3,True,True,0,49,False,False,25,0,False,False
2151,187900.2,29.267521740237495,38,19.860774589816554,5.585252370218396,2,True,True,0,0,True,False,25,0,False,False
2152,187900.4,28.542935336621085,36,12.184856708651157,4.405272357841566,6,True,True,0,49,False,False,25,0,False,False
2153,187900.6,28.517360945506866,35,12.386865936238562,4.233098002171591,2,True,True,0,49,False,False,25,0,False,False
2154,187900.8,37.55504294064882,33,12.81789339198203,4.677965372774293,2,True,True,0,0,True,False,25,0,False,False
2155,187901.0,37.71936728403944,30,4.603335949000086,2.567982064617212,12,True,True,0,49,False,False,25,0,False,False
2156,187901.2,37.778779953474405,30,18.64719696905952,4.55480018851826,3,True,True,0,49,False,False,25,0,False,False
2157,187901.4,36.74597110833291,31,17.892035265610645,4.0333103162525985,8,True,True,0,49,False,False,25,0,False,False
2158,187901.6,34.4242948251708,33,31.985108304730826,5.826131955614571,15,True,True,0,0,True,False,25,0,False,False
2159,187901.8,33.12617362914297,35,17.381642067661442,4.9464379864882515,8,False,True,0,49,False,False,25,0,False,False
2160,187902.0,33.094387715927795,38,17.017666040662846,4.8822915477449245,3,True,True,0,49,False,False,25,0,False,False
2161,187902.2,32.977561646666004,39,16.61461967179563,4.818752197279263,2,True,True,0,0,True,False,25,0,False,False
2162,187902.4,32.67413594353383,40,16.094360475416458,4.741598701631228,3,False,True,0,49,False,False,25,0,False,False
2163,187902.6,32.44750231871872,37,12.216734502124087,4.032215038495088,2,True,True,0,49,False,False,25,0,False,False
2164,187902.8,1.3721640551989793,34,12.231487205668492,4.040653339364297,3,True,True,0,0,True,False,25,0,False,False
2165,187903.0,1.8759862934244367,31,0.30431137271957215,0.30431137271957215,7,True,True,0,49,False,False,25,0,False,False
2166,187903.2,1.8816342400176997,28,0.3197503169561852,0.3197503169561852,3,True,True,0,49,False,False,25,0,False,False
2167,187903.4,1.8637131196361352,25,0.31096545283195465,0.31096545283195465,3,True,True,0,49,False,False,25,0,False,False
2168,187903.6,1.856945980713622,25,0.2951984714602433,0.2951984714602433,3,True,True,0,49,False,False,25,0,False,False
2169,187903.8,1.8527252858962735,25,0.3184882364574045,0.3184882364574045,3,True,True,0,49,False,False,25,0,False,False
2170,187904.0,1.8410252409867693,25,0.3698330975625478,0.3698330975625478,3,True,True,0,49,False,False,25,0,False,False
2171,187904.2,1.8479412710002587,25,0.3344303005189846,0.3344303005189846,3,True,True,0,49,False,False,25,0,False,False
2172,187904.4,1.8627086975966438,25,0.3100297653503577,0.3100297653503577,3,True,True,0,49,False,False,25,0,False,False
2173,187904.6,1.8688313519173032,25,0.31204668439707833,0.31204668439707833,3,True,True,0,49,False,False,25,0,False,False
2174,187904.8,1.8652695592172939,25,0.32162794923171845,0.32162794923171845,3,True,True,0,49,False,False,25,0,False,False
2175,187905.0,1.8615655253756647,26,4.0027223218314685,1.6791770829847397,3,True,True,0,49,False,False,25,0,False,False
2176,187905.2,1.8652755774697323,27,3.6733516344097663,1.5968755308073384,3,True,True,0,49,False,False,25,0,False,False
2177,187905.4,1.8791268451914998,28,3.392641967956923,1.5540640041616254,3,True,True,0,49,False,False,25,0,False,False
2178,187905.6,1.8524130360099045,26,0.42318024577104446,0.42318024577104446,2,True,True,0,47,False,False,23,0,False,False
2179,187905.8,1.8364961285496864,27,2.699044101867573,1.4572702209503232,2,True,True,0,47,False,False,23,0,False,False
2180,187906.0,1.8292955432238374,26,0.5693680036796294,0.5693680036796294,3,True,True,0,47,False,False,23,0,False,False
2181,187906.2,1.8177624200565314,25,0.5980211958720956,0.5980211958720956,3,True,True,0,47,False,False,23,0,False,False
2182,187906.4,1.8277367915337694,24,0.4819491808302775,0.4819491808302775,4,True,True,0,47,False,False,23,0,False,False
2183,187906.6,1.8266505395618793,26,0.5047258121307275,0.5047258121307275,3,True,True,0,49,False,False,25,0,False,False
2184,187906.8,1.8356949875907198,25,0.4872898827997968,0.4872898827997968,3,True,True,0,49,False,False,25,0,False,False
2185,187907.0,1.8343830304963447,25,0.47213546216491814,0.47213546216491814,3,True,True,0,49,False,False,25,0,False,False
2186,187907.2,1.8397642048671292,25,0.4657668463900665,0.4657668463900665,3,True,True,0,49,False,False,25,0,False,False
2187,187907.4,1.9023996644873908,26,5.945656008710428,1.977574875605611,3,True,True,0,49,False,False,25,0,False,False
2188,187907.6,1.9324646518909576,28,5.5575365407737385,1.963616239268802,3,True,True,0,49,False,False,25,0,False,False
2189,187907.8,1.979131853218492,30,5.364469923737937,2.012287853337833,3,True,True,0,49,False,False,25,0,False,False
2190,187908.0,2.0131255254332836,31,0.9489939802956449,0.9489939802956449,3,True,True,0,49,False,False,25,0,False,False
2191,187908.2,2.029546872237308,32,1.0013191760297526,1.0013191760297526,3,True,True,0,49,False,False,25,0,False,False
2192,187908.4,2.0653399970891138,32,1.0325675261840674,1.0254710299209375,3,True,True,0,50,False,False,26,0,False,False
2193,187908.6,2.123234782222057,32,5.111038849537692,2.0457216419111632,3,True,True,0,51,False,False,27,0,False,False
2194,187908.8,2.1659696150317886,32,4.870920434803865,2.0034060609469146,3,True,True,0,51,False,False,27,0,False,False
2195,187909.0,2.2157024722299585,33,4.829575294224718,2.0461898308016178,3,True,True,0,51,False,False,27,0,False,False
2196,187909.2,2.2698092660586613,34,5.09940650359858,2.12474417842997,3,True,True,0,51,False,False,27,0,False,False
2197,187909.4,2.3722646350554157,35,5.273262842629222,2.1624803340592833,3,True,True,0,50,False,False,26,0,False,False
2198,187909.6,2.444756447633576,35,5.6606916230780655,2.2405673532613584,3,True,True,0,49,False,False,25,0,False,False
2199,187909.8,2.538394043097782,35,5.934673735253336,2.2858940510153802,3,False,True,0,49,False,False,25,0,False,False
2200,187910.0,2.6123216332409602,35,6.445364990077506,2.3681922241184035,3,True,True,0,49,False,False,25,0,False,False
2201,187910.2,2.696801236982136,35,6.722462907498003,2.4192705208165197,3,True,True,0,49,False,False,25,0,False,False
2202,187910.4,15.557479321013227,35,6.956512379486114,2.510862226462502,3,True,True,0,0,True,False,25,0,False,False
2203,187910.6,15.126741438344963,35,5.246499041328423,2.6684832759032022,13,True,True,0,49,False,False,25,0,False,False
2204,187910.8,15.166624591405101,35,5.464377112864429,2.7309514988399464,2,True,True,0,49,False,False,25,0,False,False
2205,187911.0,15.165015985287274,34,5.258028550385105,2.6346984262456994,2,True,True,0,49,False,False,25,0,False,False
2206,187911.2,15.158396197105287,33,5.224375206553688,2.626441525674014,2,True,True,0,49,False,False,25,0,False,False
2207,187911.4,15.178237673154271,33,5.6105579674905535,2.746319222819906,2,True,True,0,49,False,False,25,0,False,False
2208,187911.6,15.201724265626698,32,4.025252405333948,2.488708383118157,2,True,True,0,49,False,False,25,0,False,False
2209,187911.8,15.206627032822329,30,3.3224586865033756,2.181502634861686,2,True,True,0,49,False,False,25,0,False,False
2210,187912.0,15.245042538786972,30,3.9522329099202707,2.412713274602314,2,True,True,0,49,False,False,25,0,False,False
2211,187912.2,15.262298310260489,29,3.4066035416421174,2.236390218235133,2,True,True,0,49,False,False,25,0,False,False
2212,187912.4,15.29054815953713,27,3.4045919566336154,2.2151613142685327,2,True,True,0,49,False,False,25,0,False,False
2213,187912.6,15.335896291151421,27,4.040026933549704,2.3635992083918733,2,True,True,0,49,False,False,25,0,False,False
2214,187912.8,15.391256873194815,28,4.170139037222333,2.3453812216918046,2,True,True,0,49,False,False,25,0,False,False
2215,187913.0,15.44445323180138,28,4.52129846958401,2.402983348221966,2,True,True,0,49,False,False,25,0,False,False
2216,187913.2,15.512059647506467,29,4.824259044681372,2.588420648747581,2,True,True,0,49,False,False,25,0,False,False
2217,187913.4,15.5960044178408,30,4.772922866630338,2.3827316279710704,2,True,True,0,49,False,False,25,0,False,False
2218,187913.6,15.664696182633746,31,6.693004564602775,3.158341103956023,2,True,True,0,49,False,False,25,0,False,False
2219,187913.8,15.719972996985454,32,6.337946915322426,3.0740214198635423,2,True,True,0,49,False,False,25,0,False,False
2220,187914.0,18.365981874130867,33,6.1552707722971265,2.9909262107769115,3,True,True,0,0,True,False,25,0,False,False
2221,187914.2,18.000186344350453,34,6.088136993780087,3.143602448531452,10,True,True,0,49,False,False,25,0,False,False
2222,187914.4,18.056765169608575,35,6.255121586278987,3.19923344920047,2,True,True,0,49,False,False,25,0,False,False
2223,187914.6,20.85113407190004,35,6.491628332540718,3.2265228588557315,2,True,True,0,0,True,False,25,0,False,False
2224,187914.8,20.510564401047315,35,6.719793982477184,3.316144793993527,9,True,True,0,49,False,False,25,0,False,False
2225,187915.0,20.551942898620837,35,7.0188555623237505,3.3683069805015418,2,True,True,0,49,False,False,25,0,False,False
2226,187915.2,22.67722086734541,35,6.993255102769703,3.36289385541956,2,True,True,0,0,True,False,25,0,False,False
2227,187915.4,22.26390177467407,35,6.95047375940967,3.040242708068989,5,False,True,0,49,False,False,25,0,False,False
2228,187915.6,22.318925220551424,34,4.816664012699961,2.7701895438925406,2,True,True,0,49,False,False,25,0,False,False
2229,187915.8,22.38364524401949,33,4.617314006617718,2.762835608115001,2,True,True,0,49,False,False,25,0,False,False
2230,187916.0,22.41916993890443,31,4.521617292305539,2.8081110925748596,2,True,True,0,49,False,False,25,0,False,False
2231,187916.2,22.46900420042996,28,4.900593502100522,2.916448159447265,2,True,True,0,48,False,False,24,0,False,False
2232,187916.4,22.484154817606832,25,5.056008732016164,2.943846472788117,2,False,True,0,47,False,False,23,0,False,False
2233,187916.6,22.495102692366295,23,4.76910814375903,2.9368709026425,2,True,True,0,45,False,False,21,0,False,False
2234,187916.8,22.509757290163098,21,5.0281386322568755,2.828120022460424,2,False,True,0,44,False,False,20,0,False,False
2235,187917.0,22.497773979287768,20,5.202527580519551,2.8895169878549467,2,False,True,0,43,False,False,19,0,False,False
2236,187917.2,22.51145586529875,20,5.181362112059233,2.9054566449131087,2,False,True,0,43,False,False,19,0,False,False
2237,187917.4,22.516603964605594,20,5.160159657783305,2.8640735840922367,2,False,True,0,43,False,False,19,0,False,False
2238,187917.6,22.50451287590454,20,5.0915043585592805,2.831642359688003,2,False,True,0,44,False,False,20,0,False,False
2239,187917.8,22.487822505843663,20,5.162824348352843,2.835453148338351,2,True,True,0,44,False,False,20,0,False,False
2240,187918.0,22.479492062728475,20,4.916397384323851,2.7528019944758584,2,True,True,0,44,False,False,20,0,False,False
2241,187918.2,22.45998359984258,21,4.334032208536695,2.389761918094976,2,True,True,0,44,False,False,20,0,False,False
2242,187918.4,22.45087644999228,22,4.3454898347077755,2.332567674342702,2,False,True,0,44,False,False,20,0,False,False
2243,187918.6,22.441571420247485,23,4.290791847608134,2.293258611756821,2,True,True,0,44,False,False,20,0,False,False
2244,187918.8,22.425575699330594,24,4.267097450973033,2.3014708929227345,2,False,True,0,44,False,False,20,0,False,False
2245,187919.0,22.376226957691745,25,4.61017475455814,2.488570603357502,2,False,True,0,44,False,False,20,0,False,False
2246,187919.2,22.30383457681501,25,4.408407821068382,2.4067452609181816,2,False,True,0,44,False,False,20,0,False,False
2247,187919.4,22.201914087310463,25,4.325516251103568,2.3697780511057234,2,False,True,0,44,False,False,20,0,False,False
2248,187919.6,22.073262862069907,26,5.720939379411454,2.704950844282864,2,False,True,0,44,False,False,20,0,False,False
2249,187919.8,21.926428172959582,27,5.4736436988693065,2.6084218851158445,2,False,True,0,44,False,False,20,0,False,False
2250,187920.0,21.834810503901963,28,5.285060522339758,2.749562973517133,2,True,True,0,44,False,False,20,0,False,False
2251,187920.2,21.769842903730908,29,5.263882831006941,2.783561196445829,2,True,True,0,44,False,False,20,0,False,False
2252,187920.4,21.72084586955747,31,4.836050695845103,2.638361417021388,2,True,True,0,44,False,False,20,0,False,False
2253,187920.6,21.714286925554504,32,4.845569939376812,2.6868936542205497,2,True,True,0,44,False,False,20,0,False,False
2254,187920.8,21.67202826376283,32,5.144478173180308,2.788858104766003,2,True,True,0,45,False,False,21,0,False,False
2255,187921.0,21.62286981060614,32,5.083326512468348,2.7845907811287547,2,True,True,0,46,False,False,22,0,False,False
2256,187921.2,21.573813465462525,32,5.055961056115687,2.7824588786692512,2,True,True,0,47,False,False,23,0,False,False
2257,187921.4,21.500256336516728,32,15.157538584565394,4.264511089487201,2,True,True,0,48,False,False,24,0,False,False
2258,187921.6,20.731587467240455,32,14.94363883068784,4.200691600162346,13,True,True,0,49,False,False,25,0,False,False
2259,187921.8,13.141276148977846,32,16.21943102657218,4.4597262276034,3,True,True,0,0,True,False,25,0,False,False
2260,187922.0,11.996287540525548,32,6.39555428587678,2.7552235263665352,10,True,True,0,49,False,False,25,0,False,False
2261,187922.2,11.935375037286407,32,6.6624503214726385,2.8240001276062277,3,False,True,0,49,False,False,25,0,False,False
2262,187922.4,13.347711735232332,31,6.648257716022739,2.842163151809796,3,True,True,0,0,True,False,25,0,False,False
2263,187922.6,12.579133865667561,30,6.513301648125453,2.8327545311134967,7,True,True,0,49,False,False,25,0,False,False
2264,187922.8,12.478834366007055,30,6.616067418277938,2.8383286172967015,2,True,True,0,49,False,False,25,0,False,False
2265,187923.0,24.099449945514596,31,14.71143941619365,3.8214021897884276,2,True,True,0,0,True,False,25,0,False,False
2266,187923.2,22.4178310653465,32,11.154067635263964,3.8745168647209005,6,False,True,0,49,False,False,25,0,False,False
2267,187923.4,22.362465353435777,33,11.418053122782538,3.919203942714404,2,False,True,0,49,False,False,25,0,False,False
2268,187923.6,25.175913273195068,34,11.653287230325335,3.9676151440171052,2,False,True,0,0,True,False,25,0,False,False
2269,187923.8,24.072538574748062,33,12.685114764859467,4.251762768396839,4,True,True,0,48,False,False,24,0,False,False
2270,187924.0,24.0535507150277,33,11.846903800739039,3.9715803293790946,2,True,True,0,47,False,False,23,0,False,False
2271,187924.2,26.55862587116044,33,11.974421300531661,3.9652025909919613,2,True,True,0,0,True,False,22,0,False,False
2272,187924.4,25.463743542054555,33,11.641045824580477,3.965464051491544,7,True,True,0,45,False,False,21,0,False,False
2273,187924.6,25.440857957526646,33,11.525577489437707,3.9395740940395445,2,False,True,0,44,False,False,20,0,False,False
2274,187924.8,25.55999637415854,35,11.522894277916167,3.937738384015247,2,True,True,0,0,True,False,20,0,False,False
2275,187925.0,24.83532335035784,34,11.511890779086693,3.891420049354895,3,True,True,0,44,False,False,20,0,False,False
2276,187925.2,24.79126502898868,32,12.604104378679684,4.267431976069678,2,True,True,0,44,False,False,20,0,False,False
2277,187925.4,24.11924803163944,30,12.56768908298499,4.264870337977862,2,True,True,0,0,True,False,20,0,False,False
2278,187925.6,23.695268051677036,28,3.8923905960405363,2.294348438966067,5,True,True,0,44,False,False,20,0,False,False
2279,187925.8,23.64059464997337,27,6.915896873911104,3.065450535381141,3,True,True,0,44,False,False,20,0,False,False
2280,187926.0,23.629729656573506,27,6.912120548204657,3.059574957848551,2,False,True,0,44,False,False,20,0,False,False
2281,187926.2,26.037330731679738,28,6.935095157053352,3.0760730659355984,2,False,True,0,0,True,False,20,0,False,False
2282,187926.4,26.58756110946916,29,5.536868458310456,2.7785363789555015,12,True,True,0,44,False,False,20,0,False,False
2283,187926.6,26.66998010793214,30,5.4861302171374975,2.788628649271963,2,False,True,0,44,False,False,20,0,False,False
2284,187926.8,26.713058411790396,30,5.517804100000971,2.8185253905820122,2,True,True,0,44,False,False,20,0,False,False
2285,187927.0,26.655710449296873,30,6.993687748231491,3.093260549626896,2,True,True,0,44,False,False,20,0,False,False
2286,187927.2,26.598996667858714,30,6.775164889671122,3.0399853859613626,2,True,True,0,44,False,False,20,0,False,False
2287,187927.4,12.645784717733624,30,6.730501731631247,3.039619607846278,2,True,True,0,0,True,False,20,0,False,False
2288,187927.6,11.968155478731196,30,9.903201580047572,3.3470280204146605,10,True,True,0,44,False,False,20,0,False,False
2289,187927.8,11.849169182137189,30,10.156641170131719,3.38034639916109,2,True,True,0,44,False,False,20,0,False,False
2290,187928.0,18.253147589095736,30,10.292075036806631,3.4016381001406937,2,True,True,0,0,True,False,20,0,False,False
2291,187928.2,18.2932523427206,28,4.527103906235331,1.8956814633218613,6,False,True,0,44,False,False,20,0,False,False
2292,187928.4,18.35398951360128,27,4.365852856774726,1.9918830933836584,2,True,True,0,44,False,False,20,0,False,False
2293,187928.6,18.396532637430692,27,6.105777887265901,2.6904176013037784,2,True,True,0,44,False,False,20,0,False,False
2294,187928.8,18.428857901963475,27,6.206788603011557,2.7224190735525347,2,True,True,0,44,False,False,20,0,False,False
2295,187929.0,20.16866481508737,27,6.219337364648853,2.7181061772586457,2,True,True,0,0,True,False,20,0,False,False
2296,187929.2,20.75592727557527,29,5.8815809244524315,2.6011497971421327,4,False,True,0,44,False,False,20,0,False,False
2297,187929.4,20.859453313318845,30,5.688505354429172,2.5726910359928707,2,False,True,0,44,False,False,20,0,False,False
2298,187929.6,20.921670784621572,30,5.526237110554914,2.5231341369669966,2,False,True,0,44,False,False,20,0,False,False
2299,187929.8,20.950585665565875,30,6.116975789007212,2.534769383686119,2,True,True,0,44,False,False,20,0,False,False
2300,187930.0,20.988962285464858,29,4.550349571737818,2.021716957040232,2,True,True,0,44,False,False,20,0,False,False
2301,187930.2,21.01365935224624,29,6.059769315873565,2.569292983779839,3,True,True,0,44,False,False,20,0,False,False
2302,187930.4,21.012197252109846,29,6.018280853400941,2.5514220003211245,3,True,True,0,44,False,False,20,0,False,False
2303,187930.6,17.326339906788164,29,6.00773522112417,2.5559067914009495,3,True,True,0,0,True,False,20,0,False,False
2304,187930.8,16.984774397375023,29,5.2384647292335424,2.5823099435153867,11,True,True,0,44,False,False,20,0,False,False
2305,187931.0,16.963436788817994,30,5.419734751473309,2.610280679863806,3,False,True,0,44,False,False,20,0,False,False
2306,187931.2,16.9642939241882,30,5.530508766830836,2.633995512668248,3,True,True,0,44,False,False,20,0,False,False
2307,187931.4,16.94758563492287,30,5.739501858542713,2.6708522979658778,3,False,True,0,44,False,False,20,0,False,False
2308,187931.6,16.929118034659467,30,5.881079507712825,2.7109007757890486,3,True,True,0,44,False,False,20,0,False,False
2309,187931.8,16.868522288439873,29,4.6881546358265656,2.4031270755820917,2,False,True,0,44,False,False,20,0,False,False
2310,187932.0,16.80385810417736,28,4.766164148196386,2.427002116248814,2,False,True,0,44,False,False,20,0,False,False
2311,187932.2,16.720356341153877,27,4.9282396148366,2.45282374359265,2,True,True,0,44,False,False,20,0,False,False
2312,187932.4,16.62545838306373,27,4.643367837969077,2.2752779355048576,2,True,True,0,44,False,False,20,0,False,False
2313,187932.6,16.505702392704322,26,5.249447097681219,2.517825293528213,2,True,True,0,44,False,False,20,0,False,False
2314,187932.8,16.385603377322152,27,4.96522694331538,2.339048660439579,2,False,True,0,45,False,False,21,0,False,False
2315,187933.0,16.273300068568286,28,5.12718593432176,2.378300742682593,2,True,True,0,46,False,False,22,0,False,False
2316,187933.2,16.174977241297967,28,3.2576053477741227,1.8908614705149418,2,True,True,0,47,False,False,23,0,False,False
2317,187933.4,16.07048534091324,28,5.5062518972883625,2.4922823829490897,2,True,True,0,48,False,False,24,0,False,False
2318,187933.6,15.976580386698284,28,3.206572693532798,1.9093153948498693,2,True,True,0,49,False,False,25,0,False,False
2319,187933.8,15.885715968600648,27,3.1958278217086153,1.8958233203086239,2,True,True,0,49,False,False,25,0,False,False
2320,187934.0,15.809812273598368,26,3.1943783316475995,2.0766470788481834,2,True,True,0,49,False,False,25,0,False,False
2321,187934.2,15.731502259055434,26,3.1436044093049884,2.0558625870729244,2,True,True,0,49,False,False,25,0,False,False
2322,187934.4,15.67358388943339,25,3.0977826929685848,2.0244715542851797,3,True,True,0,49,False,False,25,0,False,False
2323,187934.6,15.60544757834205,25,3.129480677876733,2.0038850909508144,3,True,True,0,49,False,False,25,0,False,False
2324,187934.8,15.535678349192935,25,3.111326177234467,1.809449525052252,3,False,True,0,49,False,False,25,0,False,False
2325,187935.0,15.465848880384986,25,3.0805853366628497,1.7919020419548415,3,False,True,0,49,False,False,25,0,False,False
2326,187935.2,15.44406911518559,26,8.160746919118452,2.7424703306058063,2,True,True,0,49,False,False,25,0,False,False
2327,187935.4,15.39091235357382,26,3.113072079815478,1.8097024183323944,3,True,True,0,49,False,False,25,0,False,False
2328,187935.6,15.353210460826098,27,8.394823038831762,2.7898864862673216,3,False,True,0,49,False,False,25,0,False,False
2329,187935.8,15.337871745592926,28,8.608607866647004,2.8037570974792025,3,True,True,0,49,False,False,25,0,False,False
2330,187936.0,33.658632475520555,29,8.8294035693327,2.8190223158858987,2,True,True,0,0,True,False,25,0,False,False
2331,187936.2,33.51506792242062,28,5.094542831620751,2.464342941280572,7,True,True,0,49,False,False,25,0,False,False
2332,187936.4,33.462943648344066,28,5.041969547890948,2.447391777398097,2,True,True,0,49,False,False,25,0,False,False
2333,187936.6,33.40338811119669,27,4.978228154943594,2.4060550750755003,2,True,True,0,49,False,False,25,0,False,False
2334,187936.8,33.33444316944028,26,4.9183638855658165,2.364615076643175,2,True,True,0,49,False,False,25,0,False,False
2335,187937.0,33.24885498886811,25,4.873691347207877,2.3304966380940475,2,True,True,0,49,False,False,25,0,False,False
2336,187937.2,33.159828487749465,25,4.850354392780535,2.304404196191173,2,True,True,0,49,False,False,25,0,False,False
2337,187937.4,33.05029078984267,26,13.295263810836971,3.5722677594265715,2,True,True,0,49,False,False,25,0,False,False
2338,187937.6,32.92916769927891,27,13.23852819602506,3.574053295812605,2,True,True,0,49,False,False,25,0,False,False
2339,187937.8,30.069397330932265,29,12.898009963600682,3.6299742111673696,2,True,True,0,0,True,False,25,0,False,False
2340,187938.0,28.110628623782286,31,10.206434540830912,3.6355954978593714,9,False,True,0,49,False,False,25,0,False,False
2341,187938.2,28.006050174699574,32,8.649055111988412,3.2776754534249837,2,True,True,0,49,False,False,25,0,False,False
2342,187938.4,40.870447545203575,32,8.661692385644914,3.266932006599672,2,True,True,0,0,True,False,25,0,False,False
2343,187938.6,41.021519700163346,31,6.0743434852169305,2.734686300110015,14,True,True,0,48,False,False,24,0,False,False
2344,187938.8,41.030762385923104,29,6.093993993835547,2.74309919079273,2,True,True,0,48,False,False,24,0,False,False
2345,187939.0,42.40140550878316,27,6.041646724165572,2.7314715248322883,2,True,True,0,0,True,False,24,0,False,False
2346,187939.2,42.82413601843473,26,5.810917626401968,2.736369674711865,6,False,True,0,48,False,False,24,0,False,False
2347,187939.4,42.82203112798316,25,5.758550141711358,2.9987596284821287,2,True,True,0,48,False,False,24,0,False,False
2348,187939.6,42.82168264353947,26,16.95479900538144,4.144758447502174,3,True,True,0,50,False,False,26,0,False,False
2349,187939.8,42.29813748001773,27,16.59582165796089,4.08344934399544,12,True,True,0,51,False,False,27,0,False,False
2350,187940.0,16.421854714691506,27,17.623794257836806,4.233554533006288,12,True,True,0,0,True,False,27,0,False,False
2351,187940.2,15.939825058080725,27,2.233690383672607,1.6170631369158566,10,True,True,0,51,False,False,27,0,False,False
2352,187940.4,15.919450843578923,26,2.060722028026221,1.4390241138492388,3,True,True,0,50,False,False,26,0,False,False
2353,187940.6,15.909626038277887,26,19.8161596743924,3.8346877588921013,3,True,True,0,48,False,False,24,0,False,False
2354,187940.8,14.091806687780478,27,17.626153852254358,3.5096224405164356,17,True,True,0,46,False,False,22,0,False,False
2355,187941.0,29.01476024861684,29,16.852318863247923,3.5167305815827494,11,True,True,0,0,True,False,21,0,False,False
2356,187941.2,27.815228990942085,31,10.23229710387445,3.6464930670854505,11,True,True,0,44,False,False,20,0,False,False
2357,187941.4,27.744126033272163,34,10.214385313211697,3.6313800674407926,2,True,True,0,44,False,False,20,0,False,False
2358,187941.6,29.51792699338705,35,10.243329885364894,3.623869062294446,2,False,True,0,0,True,False,20,0,False,False
2359,187941.8,28.472729646535992,35,10.23283450643173,3.5999020143636855,3,False,True,0,44,False,False,20,0,False,False
2360,187942.0,28.405592035762925,35,10.314512774271359,3.5979149485185213,2,False,True,0,44,False,False,20,0,False,False
2361,187942.2,29.997288450518944,35,10.325439635036014,3.5952541855207514,2,False,True,0,0,True,False,20,0,False,False
2362,187942.4,29.025949694806105,35,10.318056426809784,3.610167401882736,3,True,True,0,44,False,False,20,0,False,False
2363,187942.6,28.965970157397454,35,10.49408184971819,3.6180463544358896,2,False,True,0,44,False,False,20,0,False,False
2364,187942.8,30.65038379999563,35,10.600787340407125,3.6209168378940624,2,False,True,0,0,True,False,20,0,False,False
2365,187943.0,29.671019740857002,35,10.697220143459061,3.637761757452233,3,False,True,0,44,False,False,20,0,False,False
2366,187943.2,29.6153040613652,35,10.812928839133408,3.645594701894443,2,False,True,0,44,False,False,20,0,False,False
2367,187943.4,31.88025973446557,35,10.9576948900434,3.66497829727032,2,False,True,0,0,True,False,20,0,False,False
2368,187943.6,30.910343803635524,35,11.017787947750877,3.6902808758880634,4,True,True,0,44,False,False,20,0,False,False
2369,187943.8,30.852309382235475,35,11.176200113507962,3.709574062801448,2,False,True,0,44,False,False,20,0,False,False
2370,187944.0,32.5632494573156,35,11.309712181058668,3.7279282099031414,2,False,True,0,0,True,False,20,0,False,False
2371,187944.2,31.651716783675475,35,11.365194138379621,3.742597801985053,3,False,True,0,44,False,False,20,0,False,False
2372,187944.4,31.599664374170963,35,11.485355526532581,3.7566440246694457,2,False,True,0,45,False,False,21,0,False,False
2373,187944.6,34.02463223488035,34,12.639438101232964,4.086629111669925,2,False,True,0,0,True,False,22,0,False,False
2374,187944.8,33.152239228114155,33,12.652786828465182,4.10505616691235,4,True,True,0,47,False,False,23,0,False,False
2375,187945.0,33.092762185125736,32,12.746371840990596,4.118432252237388,2,False,True,0,48,False,False,24,0,False,False
2376,187945.2,34.803753947614375,31,12.875976598780717,4.131224249033492,2,False,True,0,0,True,False,25,0,False,False
2377,187945.4,34.20573162753474,31,11.94178658025347,3.8308936829264444,4,False,True,0,49,False,False,25,0,False,False
2378,187945.6,34.16611569324451,32,12.033453653372659,3.8423203974163034,2,False,True,0,49,False,False,25,0,False,False
2379,187945.8,35.017802979725914,33,12.157001061758839,3.8660211735351764,2,False,True,0,0,True,False,25,0,False,False
2380,187946.0,34.44457848156879,34,12.208917026969727,3.876704240663069,3,False,True,0,49,False,False,25,0,False,False
2381,187946.2,34.419066668364046,35,12.27150932986029,3.8920906525486636,2,False,True,0,49,False,False,25,0,False,False
2382,187946.4,35.76708222590984,35,12.352896482635455,3.915414646438305,2,False,True,0,0,True,False,25,0,False,False
2383,187946.6,35.16411295747663,35,12.38406251423415,3.9106706264326974,4,True,True,0,49,False,False,25,0,False,False
2384,187946.8,35.128268238767305,35,12.449854860510532,3.9326253763144687,2,False,True,0,49,False,False,25,0,False,False
2385,187947.0,36.35528770950235,35,12.515406458796466,3.9776333937737913,2,False,True,0,0,True,False,25,0,False,False
2386,187947.2,35.841099589483946,35,12.529259825218128,3.9392709888832647,4,False,True,0,49,False,False,25,0,False,False
2387,187947.4,35.82020814626113,35,12.588246972052707,3.954179827018497,2,False,True,0,49,False,False,25,0,False,False
2388,187947.6,36.41696458157876,35,12.637179029548333,3.9918566893851004,2,False,True,0,0,True,False,25,0,False,False
2389,187947.8,36.07801173528074,35,12.673769717409863,3.963645029004201,4,False,True,0,49,False,False,25,0,False,False
2390,187948.0,36.05193725796205,35,12.78388190612179,3.9854213731927897,2,False,True,0,49,False,False,25,0,False,False
2391,187948.2,36.98833739617367,35,12.856913125590491,3.9908967554709327,2,False,True,0,0,True,False,25,0,False,False
2392,187948.4,36.66177515620448,35,12.839622042032754,3.9651909322502776,5,False,True,0,49,False,False,25,0,False,False
2393,187948.6,36.64586800938285,35,12.84690641541237,3.98443363913385,2,True,True,0,49,False,False,25,0,False,False
2394,187948.8,40.64873659325289,35,12.833506378253066,4.420687690381221,2,True,True,0,0,True,False,25,0,False,False
2395,187949.0,40.35131321922534,35,12.835866278712391,4.502457584526465,6,True,True,0,49,False,False,25,0,False,False
2396,187949.2,40.34379995822218,35,12.819571747104083,4.527840411509148,2,True,True,0,49,False,False,25,0,False,False
2397,187949.4,40.95940068737966,35,12.830867719179908,4.535787428667552,2,True,True,0,0,True,False,25,0,False,False
2398,187949.6,40.987280799486804,35,12.76289952166285,4.014479836993418,5,True,True,0,49,False,False,25,0,False,False
2399,187949.8,40.99326978107337,35,12.650852688205545,4.514865983778322,2,True,True,0,49,False,False,25,0,False,False
2400,187950.0,40.822061019611425,35,12.56831213601877,4.478663701976702,2,True,True,0,0,True,False,25,0,False,False
2401,187950.2,40.962650966141865,35,12.538337074398045,4.498653966181382,5,False,True,0,49,False,False,25,0,False,False
2402,187950.4,40.97470672837832,35,12.441224073673435,4.014454415819095,2,True,True,0,49,False,False,25,0,False,False
2403,187950.6,38.139128884891555,35,12.381570419511801,4.01501726099265,2,False,True,0,0,True,False,25,0,False,False
2404,187950.8,38.43258939889197,35,12.353219416148388,3.998030213865603,5,False,True,0,49,False,False,25,0,False,False
2405,187951.0,38.44356206612146,35,12.278992017874943,4.475210318152036,2,False,True,0,49,False,False,25,0,False,False
2406,187951.2,38.535562927022305,35,12.22780640452895,4.003226956726272,2,False,True,0,0,True,False,25,0,False,False
2407,187951.4,38.78002954004616,35,12.16080285405231,3.9977287568568594,4,False,True,0,49,False,False,25,0,False,False
2408,187951.6,38.794471756821075,35,12.052274286830736,3.994201996769774,2,False,True,0,49,False,False,25,0,False,False
2409,187951.8,45.11514624835916,34,11.025583696321844,3.746854401758924,2,False,True,0,0,True,False,24,0,False,False
2410,187952.0,45.38893840323461,33,9.240495940805168,3.406678709324503,6,False,True,0,47,False,False,23,0,False,False
2411,187952.2,45.39583130076617,32,9.345863690630832,3.4293712032899375,2,False,True,0,46,False,False,22,0,False,False
2412,187952.4,44.89461001646388,31,9.429265453004511,3.4453841284193234,2,False,True,0,0,True,False,21,0,False,False
2413,187952.6,45.38712678409587,30,9.588775685718831,3.4736212109115416,3,False,True,0,44,False,False,20,0,False,False
2414,187952.8,45.439038980328895,30,9.658962004284332,3.4829086802459015,2,False,True,0,44,False,False,20,0,False,False
2415,187953.0,44.6854426051588,30,9.762349273417385,3.5011465290620016,2,False,True,0,0,True,False,20,0,False,False
2416,187953.2,45.30215701764485,30,9.791973004090012,3.4913396317441046,3,False,True,0,44,False,False,20,0,False,False
2417,187953.4,45.36090771899803,30,9.867214294071756,3.506292039185158,2,False,True,0,44,False,False,20,0,False,False
2418,187953.6,45.09955446734749,30,9.951488381183237,3.5208194071688013,2,False,True,0,0,True,False,20,0,False,False
2419,187953.8,45.578988647205016,30,9.992926435125472,3.522400752050379,4,True,True,0,44,False,False,20,0,False,False
2420,187954.0,45.63040834867344,30,10.104399718375946,3.5420726692811977,2,False,True,0,44,False,False,20,0,False,False
2421,187954.2,45.12340329304181,30,10.194602494639977,3.5654484350264712,2,False,True,0,0,True,False,20,0,False,False
2422,187954.4,45.723507948952694,30,10.223281305179665,3.5641959164378285,3,False,True,0,44,False,False,20,0,False,False
2423,187954.6,45.78328428241164,30,10.298352832249503,3.584076130522208,2,False,True,0,44,False,False,20,0,False,False
2424,187954.8,40.4976735462482,31,14.457862466754172,4.221795653451083,2,False,True,0,0,True,False,21,0,False,False
2425,187955.0,40.97751705281724,32,11.3211933437777,4.264838789778818,10,True,True,0,46,False,False,22,0,False,False
2426,187955.2,41.02852116721814,33,11.350847111029278,4.298379833521988,2,True,True,0,47,False,False,23,0,False,False
2427,187955.4,43.894758115029255,34,11.293286324964406,4.253331795942125,2,True,True,0,0,True,False,24,0,False,False
2428,187955.6,44.13442262397912,35,11.156293974941448,4.244586729357982,4,False,True,0,49,False,False,25,0,False,False
2429,187955.8,44.15469947593229,35,11.111447194857613,4.287639011743677,2,True,True,0,49,False,False,25,0,False,False
2430,187956.0,43.910317205616174,35,11.154432810558275,4.270989237281482,2,True,True,0,0,True,False,25,0,False,False
2431,187956.2,44.282962938507175,35,11.235747374552153,4.30375338682452,2,True,True,0,49,False,False,25,0,False,False
2432,187956.4,44.3133629886614,35,11.324271518113365,4.304027090884573,2,False,True,0,49,False,False,25,0,False,False
2433,187956.6,44.5552217395343,35,11.429022050477755,4.334749050128547,2,True,True,0,0,True,False,25,0,False,False
2434,187956.8,44.80832056011946,35,11.514791741241611,4.391110229964295,3,False,True,0,49,False,False,25,0,False,False
2435,187957.0,44.823799185632986,35,11.61285423227911,4.3931386714544765,2,True,True,0,49,False,False,25,0,False,False
2436,187957.2,44.686184555481354,35,11.671312482398251,4.4548524762231905,2,True,True,0,0,True,False,25,0,False,False
2437,187957.4,45.0114314420529,35,11.669435081115052,4.41937585388297,3,False,True,0,49,False,False,25,0,False,False
2438,187957.6,45.04158310332876,35,11.68072720990753,4.422087529192104,2,True,True,0,49,False,False,25,0,False,False
2439,187957.8,44.929058519656266,35,11.784939140765092,4.461164932906985,2,True,True,0,0,True,False,25,0,False,False
2440,187958.0,45.24133895450503,35,11.801763733266975,4.463795882695685,3,False,True,0,49,False,False,25,0,False,False
2441,187958.2,45.26922252408351,35,11.834337871821026,4.014510540509572,2,False,True,0,49,False,False,25,0,False,False
2442,187958.4,41.50889563943069,35,11.923375614284465,4.02762961390912,2,True,True,0,0,True,False,25,0,False,False
2443,187958.6,41.982015878745045,35,11.97991478984962,4.060114807468323,6,True,True,0,49,False,False,25,0,False,False
2444,187958.8,42.000014796890554,35,12.06083780389919,4.077747921604581,2,True,True,0,49,False,False,25,0,False,False
2445,187959.0,41.51840412336103,35,12.104603971336553,4.088354221504629,2,True,True,0,0,True,False,25,0,False,False
2446,187959.2,41.77220808092384,35,12.205514366652176,4.1096222755030345,3,False,True,0,49,False,False,25,0,False,False
2447,187959.4,41.78821027142364,35,12.22820919817069,4.110219930738788,2,False,True,0,49,False,False,25,0,False,False
2448,187959.6,41.6003892668106,35,12.280411405124473,4.121684228787975,2,False,True,0,0,True,False,25,0,False,False
2449,187959.8,41.78549894951363,35,12.276290539660424,4.128440759164875,3,False,True,0,49,False,False,25,0,False,False
2450,187960.0,41.79060844261114,35,12.368027100801537,4.146632726563774,2,False,True,0,49,False,False,25,0,False,False
2451,187960.2,41.45056529958608,35,12.477634244388483,4.1698900854575465,2,True,True,0,0,True,False,25,0,False,False
2452,187960.4,41.65586712422215,35,12.562326880538283,4.190026771179941,3,False,True,0,49,False,False,25,0,False,False
2453,187960.6,41.673024880844814,35,12.65872747910472,4.213175707072453,2,False,True,0,49,False,False,25,0,False,False
2454,187960.8,41.60339465292472,35,12.759822552422655,4.2342757233195245,2,False,True,0,0,True,False,25,0,False,False
2455,187961.0,41.72498342659867,35,12.729764252041894,4.237231732684222,3,False,True,0,49,False,False,25,0,False,False
2456,187961.2,41.74007487434997,35,12.745592547855718,4.240234105138558,2,True,True,0,49,False,False,25,0,False,False
2457,187961.4,41.52506632896247,35,12.825660840812798,4.255556801237719,2,True,True,0,0,True,False,25,0,False,False
2458,187961.6,41.71104697393486,35,12.839597265980775,4.561456031946337,3,False,True,0,49,False,False,25,0,False,False
2459,187961.8,41.726472304052905,35,12.902446771316315,4.567919712034318,2,True,True,0,49,False,False,25,0,False,False
2460,187962.0,24.607545557432612,34,12.415820230017935,4.561677196236703,2,True,True,0,0,True,False,25,0,False,False
2461,187962.2,24.205451082157335,34,21.686104888266595,4.724651951108215,8,True,True,0,49,False,False,25,0,False,False
2462,187962.4,24.043020824335933,33,8.748949201969943,3.651731851611768,10,True,True,0,49,False,False,25,0,False,False
2463,187962.6,24.460106318317628,32,8.733003390056293,3.6537885384205913,3,True,True,0,0,True,False,25,0,False,False
2464,187962.8,24.127449562447154,31,8.92573954676326,3.6073895828665936,5,False,True,0,49,False,False,25,0,False,False
2465,187963.0,24.095785988222378,30,9.747811192333314,3.9903740640676912,2,True,True,0,48,False,False,24,0,False,False
2466,187963.2,24.73850483932032,29,8.785491646607921,3.7105810450951204,2,True,True,0,0,True,False,24,0,False,False
2467,187963.4,24.37073392692937,29,8.77597699110402,3.695827515737597,4,False,True,0,47,False,False,23,0,False,False
2468,187963.6,24.359852585796975,29,8.619569139873724,3.6788527708890015,2,True,True,0,46,False,False,22,0,False,False
2469,187963.8,25.64806502551724,29,8.592348420580985,3.6771349359831076,2,True,True,0,0,True,False,21,0,False,False
2470,187964.0,25.299092389439238,29,9.195491372886593,3.8619519833621245,4,False,True,0,45,False,False,21,0,False,False
2471,187964.2,25.278848265651174,28,8.895393457096352,3.774899028890007,2,True,True,0,44,False,False,20,0,False,False
2472,187964.4,42.92771705341175,29,23.813918730743378,4.689254503301146,2,True,True,0,0,True,False,20,0,False,False
2473,187964.6,42.373708286929336,30,15.806225134819025,4.7824467744571635,7,True,True,0,44,False,False,20,0,False,False
2474,187964.8,42.23260714735417,31,16.069227337530062,4.793112241418192,2,True,True,0,44,False,False,20,0,False,False
2475,187965.0,42.94480325538659,33,16.191432176753523,4.8161956314010865,2,True,True,0,0,True,False,20,0,False,False
2476,187965.2,42.89425745916033,34,17.548670169604275,5.098270619885867,4,True,True,0,44,False,False,20,0,False,False
2477,187965.4,42.82151127026999,33,15.69293392649535,4.536117952592515,2,True,True,0,44,False,False,20,0,False,False
2478,187965.6,38.42288801354339,32,15.526517957224947,4.52192976508109,2,True,True,0,0,True,False,20,0,False,False
2479,187965.8,37.97259273040531,31,15.342185991820847,4.552115328450771,8,True,True,0,44,False,False,20,0,False,False
2480,187966.0,38.00771653330466,30,15.340235951697958,4.547584819554456,2,True,True,0,44,False,False,20,0,False,False
2481,187966.2,51.915435795994256,29,12.970224347614067,4.120780273629767,2,True,True,0,0,True,False,20,0,False,False
2482,187966.4,51.692386588895246,28,6.885472745937603,2.9888046095773153,12,True,True,0,44,False,False,20,0,False,False
2483,187966.6,51.680287838179005,27,6.800583399689416,2.9667024543577445,2,True,True,0,44,False,False,20,0,False,False
2484,187966.8,50.92708898792143,26,6.758662616998104,2.944456989256378,2,True,True,0,0,True,False,20,0,False,False
2485,187967.0,51.16019995984845,26,23.694151071076025,4.764833840352398,3,False,True,0,44,False,False,20,0,False,False
2486,187967.2,48.99572243851037,27,22.866255068857573,4.713831766848516,9,True,True,0,44,False,False,20,0,False,False
2487,187967.4,37.46420907101511,28,21.944772521281354,4.661127438073246,15,True,True,0,0,True,False,20,0,False,False
2488,187967.6,36.93774909060472,29,14.823727190372564,4.425540467534968,9,True,True,0,44,False,False,20,0,False,False
2489,187967.8,36.9137410081657,30,14.756957202398391,4.397794327005384,2,True,True,0,44,False,False,20,0,False,False
2490,187968.0,37.36571447987406,30,14.569737724570471,4.368548912989221,2,True,True,0,0,True,False,20,0,False,False
2491,187968.2,36.86419636334587,30,14.322404989096711,4.356826173895282,4,False,True,0,44,False,False,20,0,False,False
2492,187968.4,36.853002702618866,30,14.191828292546314,4.352741311953528,2,True,True,0,45,False,False,21,0,False,False
2493,187968.6,36.58399842212969,30,14.026187841734025,4.330397535490221,2,True,True,0,0,True,False,22,0,False,False
2494,187968.8,36.21141403029749,30,13.85903011503089,4.322199754349908,4,False,True,0,47,False,False,23,0,False,False
2495,187969.0,36.22471592515751,30,13.526678053739895,4.308134483039986,2,True,True,0,48,False,False,24,0,False,False
2496,187969.2,23.89784060862285,29,12.997286679536758,4.2105999972160815,2,True,True,0,0,True,False,24,0,False,False
2497,187969.4,23.10018670934823,29,24.126819496990617,4.383834030997178,8,True,True,0,47,False,False,23,0,False,False
2498,187969.6,20.048862530713016,29,22.508870557585485,4.2572642958648395,13,True,True,0,46,False,False,22,0,False,False
2499,187969.8,34.33865555818712,29,21.296550270401774,4.223389386084904,10,False,True,0,0,True,False,21,0,False,False
2500,187970.0,33.50321485565429,29,12.927738670317165,4.257767643295471,8,True,True,0,44,False,False,20,0,False,False
2501,187970.2,33.457523704634006,30,12.736027848259024,4.632165967259575,2,True,True,0,44,False,False,20,0,False,False
2502,187970.4,36.5046833126938,30,12.655082422097701,4.554035036006052,2,True,True,0,0,True,False,20,0,False,False
2503,187970.6,36.10844224859074,30,12.669017705175232,4.5196433247176975,4,True,True,0,44,False,False,20,0,False,False
2504,187970.8,36.102228385294644,30,12.410495485182992,4.512296503262978,2,True,True,0,44,False,False,20,0,False,False
2505,187971.0,34.1308018496537,30,12.220174585996936,4.475100263804351,2,True,True,0,0,True,False,20,0,False,False
2506,187971.2,34.06036128503238,30,11.950890266273086,4.471862837564868,4,False,True,0,44,False,False,20,0,False,False
2507,187971.4,34.06764053832418,30,11.887861477781053,4.429110693252643,2,True,True,0,44,False,False,20,0,False,False
2508,187971.6,32.69497820673187,30,11.85323042368985,4.441434035958145,2,True,True,0,0,True,False,20,0,False,False
2509,187971.8,32.47953280609082,30,11.615020874516691,4.429854960292271,5,True,True,0,44,False,False,20,0,False,False
2510,187972.0,32.54574842204799,30,11.630960806929385,4.433993252456486,2,True,True,0,44,False,False,20,0,False,False
2511,187972.2,32.98969179043907,30,11.76673245925627,4.472596719843888,2,True,True,0,0,True,False,20,0,False,False
2512,187972.4,32.82659183308857,30,11.71186454451926,4.423533601056271,3,False,True,0,43,False,False,19,0,False,False
2513,187972.6,32.83325808167498,30,11.695067989783242,4.4575928936542075,2,True,True,0,42,False,False,18,0,False,False
2514,187972.8,32.1472775306681,30,11.691454836246084,4.428677349411623,2,True,True,0,0,True,False,17,0,False,False
2515,187973.0,32.079176753662566,30,11.78911974644845,4.476713618417998,3,True,True,0,41,False,False,17,0,False,False
2516,187973.2,32.27266814376415,29,9.519445720258105,3.894380464242513,10,True,True,0,41,False,False,17,0,False,False
2517,187973.4,42.701203008941235,28,9.639796484355498,3.9133252759843353,9,True,True,0,0,True,False,18,0,False,False
2518,187973.6,42.817211867655594,28,18.556513261934867,4.381302913891224,11,True,True,0,41,False,False,17,0,False,False
2519,187973.8,41.130896940782975,28,17.724037971622444,4.240922364631379,7,True,True,0,40,False,False,16,0,False,False
2520,187974.0,30.396324240967928,28,17.017639859334345,4.159641496232207,7,True,True,0,0,True,False,14,0,False,False
2521,187974.2,29.878739949774108,29,11.949987936979246,4.025602833681129,5,False,True,0,38,False,False,14,0,False,False
2522,187974.4,29.763601744162752,30,11.622288658707335,4.02039957117459,2,True,True,0,38,False,False,14,0,False,False
2523,187974.6,32.036305854867436,30,11.895389241424185,4.030000516201824,2,False,True,0,0,True,False,16,0,False,False
2524,187974.8,31.42340113473964,30,11.988264883750738,4.062275251360425,5,True,True,0,42,False,False,18,0,False,False
2525,187975.0,31.39914629189825,30,12.06468438234006,4.075648924075532,2,True,True,0,44,False,False,20,0,False,False
2526,187975.2,32.17110312697247,30,12.002904779197468,4.050720270983538,2,True,True,0,0,True,False,20,0,False,False
2527,187975.4,31.666907611746346,30,11.899012435194338,4.0066255655484815,3,False,True,0,44,False,False,20,0,False,False
2528,187975.6,31.64493591319397,31,12.07564886514212,4.194998852751995,2,True,True,0,44,False,False,20,0,False,False
2529,187975.8,29.3512188537267,32,11.978325303351763,4.193325353800208,2,True,True,0,0,True,False,20,0,False,False
2530,187976.0,28.557928296503558,33,11.507422560652836,3.9930994528618613,10,True,True,0,44,False,False,20,0,False,False
2531,187976.2,28.536283702376757,34,11.448926851586016,4.0083698217020585,2,True,True,0,44,False,False,20,0,False,False
2532,187976.4,18.773184450458714,34,10.779591643608615,3.8743231878085833,2,True,True,0,0,True,False,20,0,False,False
2533,187976.6,17.562831467925662,34,20.08581067151649,3.844210572207925,11,True,True,0,44,False,False,20,0,False,False
2534,187976.8,13.395108341151092,34,18.65509525513323,3.825752187144296,11,True,True,0,44,False,False,20,0,False,False
2535,187977.0,28.976184522583843,34,17.274533302639046,3.7120748390856013,11,True,True,0,0,True,False,20,0,False,False
2536,187977.2,27.776296664762032,34,11.17162321647102,3.878039891652532,8,False,True,0,44,False,False,20,0,False,False
2537,187977.4,27.76088665073521,35,10.814272199542767,3.8094601305293025,2,True,True,0,44,False,False,20,0,False,False
2538,187977.6,27.08791705220541,35,10.633874044697178,3.7777243075591973,2,True,True,0,0,True,False,20,0,False,False
2539,187977.8,26.281572033633868,34,10.084962539928242,3.707606820757573,3,True,True,0,44,False,False,20,0,False,False
2540,187978.0,26.194603583664108,33,9.995540706512585,3.6745598554489143,2,True,True,0,44,False,False,20,0,False,False
2541,187978.2,17.900138149721833,32,10.003778071002904,3.6851615853559183,2,True,True,0,0,True,False,20,0,False,False
2542,187978.4,17.522147119579476,31,2.6397034052926966,1.8548411280819994,7,True,True,0,44,False,False,20,0,False,False
2543,187978.6,17.442635177386435,30,2.679753790708797,1.888459980853693,2,True,True,0,44,False,False,20,0,False,False
2544,187978.8,17.380557164090757,30,2.7335788466950115,1.9094951670730562,2,True,True,0,44,False,False,20,0,False,False
2545,187979.0,17.306735635600358,30,2.77337411254463,1.9371069087362083,2,True,True,0,44,False,False,20,0,False,False
2546,187979.2,17.23536548180965,29,2.453700692624961,1.9334439025147756,2,True,True,0,44,False,False,20,0,False,False
2547,187979.4,17.14693591601511,28,2.5061452538505846,2.004202950762718,2,True,True,0,44,False,False,20,0,False,False
2548,187979.6,17.03639665014363,27,2.481917624219393,1.9735659307425528,2,True,True,0,44,False,False,20,0,False,False
2549,187979.8,16.962371823902586,27,14.194746326368495,4.359913583461519,2,True,True,0,44,False,False,20,0,False,False
2550,187980.0,16.843343154480415,26,2.371540295347203,1.8509843723866592,2,True,True,0,44,False,False,20,0,False,False
2551,187980.2,16.77020740918073,28,19.815810971786618,4.977249669071489,2,True,True,0,44,False,False,20,0,False,False
2552,187980.4,15.380661113831739,31,18.44886002729592,4.4407446924847305,10,True,True,0,44,False,False,20,0,False,False
2553,187980.6,27.569611283096343,34,18.28717886544973,4.460094599883807,14,True,True,0,0,True,False,20,0,False,False
2554,187980.8,26.41379022990391,36,15.424808269562925,4.737168148217857,6,True,True,0,46,False,False,22,0,False,False
2555,187981.0,26.41917866896644,39,15.522737455343702,4.739322045803231,2,True,True,0,48,False,False,24,0,False,False
2556,187981.2,35.42948653494464,39,14.883361806138822,4.661816410769735,3,True,True,0,0,True,False,25,0,False,False
2557,187981.4,33.28557597662871,38,7.065831865771483,3.1631675938078123,8,True,True,0,50,False,False,26,0,False,False
2558,187981.6,33.04008316748873,37,7.302484314570636,3.182201744899365,2,True,True,0,51,False,False,27,0,False,False
2559,187981.8,36.097977813160924,36,7.602946945748761,3.2290069262996024,2,True,True,0,0,True,False,26,0,False,False
2560,187982.0,34.81667133273419,35,7.802941788525937,3.2974041688234563,6,True,True,0,49,False,False,25,0,False,False
2561,187982.2,34.59619212586461,35,8.601388835030354,3.4125451799323767,2,True,True,0,49,False,False,25,0,False,False
2562,187982.4,39.03845532028928,35,9.610148960517138,3.5582439797280245,2,True,True,0,0,True,False,25,0,False,False
2563,187982.6,37.506213556031504,34,5.198235642227696,2.7317710845107386,7,True,True,0,49,False,False,25,0,False,False
2564,187982.8,37.25374872011948,34,10.536249202876812,3.7851018022388065,2,False,True,0,49,False,False,25,0,False,False
2565,187983.0,37.05175134297711,33,26.436607152704493,4.679943628335149,2,True,True,0,49,False,False,25,0,False,False
2566,187983.2,36.44701873271572,32,24.426589348403922,4.358390137454538,10,True,True,0,0,True,False,25,0,False,False
2567,187983.4,35.71855042468174,31,4.6835268956450715,2.553871720719003,8,True,True,0,49,False,False,25,0,False,False
2568,187983.6,35.680891629013445,31,4.5970329301299655,2.326912880074886,3,True,True,0,49,False,False,25,0,False,False
2569,187983.8,35.743132629837085,30,4.544996525027629,2.3055244599157207,3,True,True,0,49,False,False,25,0,False,False
2570,187984.0,35.788490909516874,31,13.666810497145132,3.5749844180339667,3,True,True,0,49,False,False,25,0,False,False
2571,187984.2,35.80648308245858,32,13.676604868247631,3.588720942991921,3,True,True,0,49,False,False,25,0,False,False
2572,187984.4,27.06967895672972,33,13.675890002000845,3.965749309745453,3,True,True,0,0,True,False,25,0,False,False
2573,187984.6,26.3813428647912,33,10.29435350092451,4.131512602349807,10,True,True,0,48,False,False,24,0,False,False
2574,187984.8,26.39995602860918,34,9.79749211556692,4.05844863144538,2,True,True,0,48,False,False,24,0,False,False
2575,187985.0,37.681916387434505,33,7.497415326038263,3.5478154720054933,2,True,True,0,0,True,False,23,0,False,False
2576,187985.2,37.81209741388901,32,4.448671069207459,2.628575333745726,12,True,True,0,46,False,False,22,0,False,False
2577,187985.4,37.85172738666815,32,14.195496670513348,4.180963189224383,2,True,True,0,45,False,False,21,0,False,False
2578,187985.6,37.915045020972656,31,4.82641775425212,2.7227444399039173,3,True,True,0,45,False,False,21,0,False,False
2579,187985.8,37.99002466736248,30,4.448534394470276,2.6324968563733875,3,True,True,0,44,False,False,20,0,False,False
2580,187986.0,38.04488020600877,30,4.464167839589816,2.664749235004656,3,True,True,0,44,False,False,20,0,False,False
2581,187986.2,38.10375494793168,30,4.48908888958781,2.604751592595583,3,True,True,0,44,False,False,20,0,False,False
2582,187986.4,38.125832000916375,30,14.111861522623602,3.782449037895431,3,True,True,0,44,False,False,20,0,False,False
2583,187986.6,38.1812869624493,31,4.657229307788148,2.731819961700151,2,True,True,0,44,False,False,20,0,False,False
2584,187986.8,38.22590605372628,31,4.695473175478916,2.77601785099742,2,True,True,0,44,False,False,20,0,False,False
2585,187987.0,38.29449467317836,30,4.976500351280409,2.7851656729810985,2,True,True,0,44,False,False,20,0,False,False
2586,187987.2,38.35572531890989,30,4.778511685921067,2.8461961790304597,2,True,True,0,44,False,False,20,0,False,False
2587,187987.4,38.421437061788374,29,4.839961123008505,2.8887699131330704,2,True,True,0,44,False,False,20,0,False,False
2588,187987.6,38.49486731842113,28,4.976404396136584,2.8317331196177395,3,True,True,0,44,False,False,20,0,False,False
2589,187987.8,38.547924327764996,27,4.97142223781909,2.87519800438045,3,True,True,0,44,False,False,20,0,False,False
2590,187988.0,38.61658615597367,28,5.090501455169878,2.9985894646712343,3,True,True,0,44,False,False,20,0,False,False
2591,187988.2,38.684838015429975,27,4.914748001958597,2.7748736217132515,3,True,True,0,44,False,False,20,0,False,False
2592,187988.4,38.76255141516818,26,4.792478679607064,2.71951705747543,3,True,True,0,44,False,False,20,0,False,False
2593,187988.6,38.83271710694944,26,4.62948421600328,2.5944201345301634,3,True,True,0,44,False,False,20,0,False,False
2594,187988.8,38.868921498864644,26,4.574243726376642,2.491082806155083,3,True,True,0,44,False,False,20,0,False,False
2595,187989.0,38.88243962298756,25,4.586154764342774,2.4946755667077167,3,True,True,0,44,False,False,20,0,False,False
2596,187989.2,38.86961940623264,24,5.134618915850504,2.8203597907758806,3,True,True,0,44,False,False,20,0,False,False
2597,187989.4,38.85802477565496,23,5.13610083030896,2.850474203413669,3,True,True,0,44,False,False,20,0,False,False
2598,187989.6,38.82030794344328,23,4.566032432289256,2.5952756286086585,3,True,True,0,44,False,False,20,0,False,False
2599,187989.8,38.78859999642302,23,4.5127899011950685,2.575357136085437,3,True,True,0,44,False,False,20,0,False,False
2600,187990.0,38.65483106107855,22,4.269924407250348,2.514618661223381,2,True,True,0,43,False,False,19,0,False,False
2601,187990.2,38.477056235414636,23,4.479636552425276,2.649811642651863,2,True,True,0,43,False,False,19,0,False,False
2602,187990.4,38.20623375787323,24,4.530170358160988,2.3967404178458733,14,True,True,0,42,False,False,18,0,False,False
2603,187990.6,38.09512497956926,22,3.515416177804755,2.2680458273224544,2,True,True,0,40,False,False,16,0,False,False
2604,187990.8,37.95629766460433,19,3.368987490288608,2.2317628206848292,5,True,True,0,38,False,False,14,0,False,False
2605,187991.0,37.96512802291058,17,3.10258447712763,2.3733962082146283,2,False,True,0,36,False,False,12,0,False,False
2606,187991.2,37.97979633422622,15,3.2913425632671567,2.0793483506943944,2,False,True,0,33,False,False,9,0,False,False
2607,187991.4,38.02930237789948,11,2.135987836867571,2.0757256835335034,2,False,True,0,30,False,False,6,0,False,False
2608,187991.6,38.10578643051861,8,inf,inf,2,False,False,0,28,False,False,4,0,False,False
2609,187991.8,38.185417992912086,8,3.922001317123042,2.1732864027315424,2,False,True,0,26,False,False,2,0,False,False
2610,187992.0,38.27017338745104,8,4.225951047814439,2.2664515193946384,2,False,True,0,25,False,False,1,0,False,False
2611,187992.2,38.33905119299871,9,5.208525419887526,2.7053293682415696,2,False,True,0,24,False,False,0,0,False,False
2612,187992.4,38.40657104867663,12,5.452480985783107,2.661272346518923,2,False,True,0,24,False,False,0,0,False,False
2613,187992.6,38.49036637266181,15,6.053213130567191,2.7212267337463887,2,False,True,0,24,False,False,0,0,False,False
2614,187992.8,38.58430391484363,16,6.117284803868812,2.5802407959991247,2,False,True,0,24,False,False,0,0,False,False
2615,187993.0,7.363452214475511,17,6.402100380224979,2.625214052176657,2,False,True,0,0,True,False,0,0,False,False
2616,187993.2,7.4170608994345075,17,0.7824937443668637,0.7824937443668637,5,True,True,0,24,False,False,0,0,False,False
2617,187993.4,7.438737548403458,17,0.7267238831405284,0.7267238831405284,3,True,True,0,25,False,False,1,0,False,False
2618,187993.6,7.533983422713734,18,0.8679743174439903,0.8679743174439903,4,True,True,0,26,False,False,2,0,False,False
2619,187993.8,7.623081176334948,20,4.732533525512231,2.1369934392605767,25,False,True,0,27,False,False,3,0,False,False
2620,187994.0,7.6955878926656185,22,4.4763007978378555,2.0926590601725135,25,False,True,0,29,False,False,5,0,False,False
2621,187994.2,7.6366603771659145,23,4.315189508800517,2.1012703990599544,4,True,True,0,31,False,False,7,0,False,False
2622,187994.4,7.528585166760638,24,4.212495454795301,2.1027421621054185,4,True,True,0,32,False,False,8,0,False,False
2623,187994.6,7.435114110102948,26,3.7576013462716764,1.9586657154093876,3,True,True,0,34,False,False,10,0,False,False
2624,187994.8,7.350393988714115,27,3.67126983539652,1.9246078014489454,3,True,True,0,36,False,False,12,0,False,False
2625,187995.0,7.305868540228375,28,3.697526978623368,2.103275367921826,3,False,True,0,37,False,False,13,0,False,False
2626,187995.2,7.273200575089252,29,3.5449840063096456,2.113360091725981,3,False,True,0,38,False,False,14,0,False,False
2627,187995.4,7.231831341514603,29,3.6503222698484272,2.274566844453663,3,True,True,0,39,False,False,15,0,False,False
2628,187995.6,7.195524988129597,28,3.445334971646572,2.2323837017835646,3,True,True,0,39,False,False,15,0,False,False
2629,187995.8,7.193409800412891,27,3.2159194509121507,2.1966629567936358,3,True,True,0,39,False,False,15,0,False,False
2630,187996.0,6.908339724674959,26,3.054450358192516,2.173696311029652,2,True,True,0,38,False,False,14,0,False,False
2631,187996.2,6.651934995832939,25,2.914959437883859,2.151896845154087,3,True,True,0,37,False,False,13,0,False,False
2632,187996.4,6.42016043251735,24,2.742967795708658,2.0114060736213526,2,True,True,0,36,False,False,12,0,False,False
2633,187996.6,6.239201524625278,23,2.7634337269017157,2.0440800090832596,2,True,True,0,35,False,False,11,0,False,False
2634,187996.8,6.553251645549342,21,2.6436122900145302,2.0302957909230948,2,False,True,0,32,False,False,8,0,False,False
2635,187997.0,6.943491670515263,18,2.111881817720338,1.856244505329871,2,False,True,0,31,False,False,7,0,False,False
2636,187997.2,7.186339094267538,16,3.4374225692906597,2.3787332539053083,2,False,True,0,30,False,False,6,0,False,False
2637,187997.4,7.254392775348321,16,4.205691768479821,2.6162098629683106,18,True,True,0,29,False,False,5,0,False,False
2638,187997.6,7.249871861315343,16,4.299328702036147,2.5879261609615583,25,False,True,0,29,False,False,5,0,False,False
2639,187997.8,7.203746266188651,17,4.264600465438354,2.389578334549825,2,False,True,0,31,False,False,7,0,False,False
2640,187998.0,7.065876948080635,19,4.0969203462357955,2.306502848509097,2,False,True,0,32,False,False,8,0,False,False
2641,187998.2,6.9393308987146884,20,3.9634672417226895,2.2632450971094635,2,False,True,0,33,False,False,9,0,False,False
2642,187998.4,6.85420044042459,20,3.946012036020639,2.244419145782162,2,False,True,0,35,False,False,11,0,False,False
2643,187998.6,6.833421172239366,20,3.8264107775123963,2.199331472581521,2,True,True,0,37,False,False,13,0,False,False
2644,187998.8,6.786697361083726,21,3.5333440643077414,2.1566454768228938,2,True,True,0,40,False,False,16,0,False,False
2645,187999.0,6.74004241945973,21,3.614110085095213,2.3263670882922094,2,True,True,0,42,False,False,18,0,False,False
2646,187999.2,6.703898563626933,22,3.371179256938635,2.2859594298978654,2,True,True,0,44,False,False,20,0,False,False
2647,187999.4,6.669039305150444,23,3.3257385755804836,2.246010476109019,3,True,True,0,45,False,False,21,0,False,False
2648,187999.6,6.650347048744806,25,3.224746142073352,2.162159915399088,2,True,True,0,45,False,False,21,0,False,False
2649,187999.8,6.63492776841845,26,3.0489247929995043,2.0418345891975522,2,True,True,0,44,False,False,20,0,False,False
2650,188000.0,6.624211353726711,28,2.9621933124536723,1.8521494139539403,2,True,True,0,44,False,False,20,0,False,False
2651,188000.2,6.626708626770914,29,2.9269743717480816,1.8164512136312945,2,True,True,0,44,False,False,20,0,False,False
2652,188000.4,6.626402111579588,31,17.83852060541748,4.2378717918655715,2,True,True,0,44,False,False,20,0,False,False
2653,188000.6,6.731084010037623,32,16.71703267487393,4.110766797587007,8,True,True,0,44,False,False,20,0,False,False
2654,188000.8,20.62960326153942,33,15.469487761882622,4.010517378801501,8,True,True,0,0,True,False,20,0,False,False
2655,188001.0,18.19187575337368,34,10.055089394270798,3.727381160137924,7,False,True,0,44,False,False,20,0,False,False
2656,188001.2,17.964414084292244,35,9.24673695176531,3.5885556378323655,2,True,True,0,44,False,False,20,0,False,False
2657,188001.4,18.27115924735223,35,8.458818557218507,3.4466497681390997,2,True,True,0,0,True,False,20,0,False,False
2658,188001.6,16.73272750133077,35,7.930010578116541,3.3356536185180934,3,False,True,0,44,False,False,20,0,False,False
2659,188001.8,16.480175804311326,35,7.258732489621327,3.215102127721844,2,False,True,0,44,False,False,20,0,False,False
2660,188002.0,16.674376737918994,35,6.599962502993987,3.0694353262534353,2,False,True,0,0,True,False,20,0,False,False
2661,188002.2,15.323514435816843,34,6.542710786722737,3.300930226818796,3,False,True,0,44,False,False,20,0,False,False
2662,188002.4,15.132461242146004,34,5.506904800451094,2.742195516896003,2,False,True,0,44,False,False,20,0,False,False
2663,188002.6,15.046364068497837,35,4.678002218777682,2.435884007800755,2,True,True,0,44,False,False,20,0,False,False
2664,188002.8,14.938383205112778,36,4.205419640064784,2.3052860490920573,2,True,True,0,44,False,False,20,0,False,False
2665,188003.0,14.799203926025257,37,3.826746048370277,2.2064932663731667,2,True,True,0,44,False,False,20,0,False,False
2666,188003.2,14.659772318595865,39,3.552499590902514,2.1311649402656423,2,True,True,0,44,False,False,20,0,False,False
2667,188003.4,14.55602781770612,40,3.411635225783694,2.10406739710635,3,True,True,0,44,False,False,20,0,False,False
2668,188003.6,14.458181694283358,40,3.328816959196663,2.1043847363784147,2,True,True,0,44,False,False,20,0,False,False
2669,188003.8,14.35596747483291,40,3.187031232529571,2.0838848957456295,2,True,True,0,44,False,False,20,0,False,False
2670,188004.0,14.234451112535703,40,3.078456502028652,2.055869320306114,2,True,True,0,44,False,False,20,0,False,False
2671,188004.2,14.103617708518602,39,2.9679915584138556,1.9364328925770755,2,True,True,0,44,False,False,20,0,False,False
2672,188004.4,13.926248559880186,38,3.237854433094292,2.0263769503921125,2,True,True,0,44,False,False,20,0,False,False
2673,188004.6,13.7465908284463,37,3.384712710418742,2.0683588445223804,2,False,True,0,44,False,False,20,0,False,False
2674,188004.8,13.559722835497718,35,3.228438555869694,2.0085269227054656,2,False,True,0,45,False,False,21,0,False,False
2675,188005.0,13.362091404132688,33,3.317567155495862,2.0346048681264235,2,True,True,0,46,False,False,22,0,False,False
2676,188005.2,13.212753021503838,31,2.932587650678539,1.859903488777158,2,True,True,0,46,False,False,22,0,False,False
2677,188005.4,13.133507850935377,29,2.8440343214727046,1.8349300933190125,2,True,True,0,46,False,False,22,0,False,False
2678,188005.6,13.098095161006126,29,3.278092216164604,2.0327143077058683,3,True,True,0,47,False,False,23,0,False,False
2679,188005.8,13.03655214712349,30,3.326719461490134,2.0906757401928813,3,True,True,0,47,False,False,23,0,False,False
2680,188006.0,12.916212293919664,31,3.4487825164322743,2.1663669237606236,2,True,True,0,47,False,False,23,0,False,False
2681,188006.2,12.771944979321601,33,5.5409030768578456,2.6350322201680174,2,True,True,0,48,False,False,24,0,False,False
2682,188006.4,12.689347169781826,35,5.8489969967195705,2.701818451251672,2,True,True,0,49,False,False,25,0,False,False
2683,188006.6,12.605968641658734,35,6.066402187358296,2.730030019714194,2,True,True,0,48,False,False,24,0,False,False
2684,188006.8,12.502035044763984,35,6.357068779287327,2.7982964803940575,2,True,True,0,47,False,False,23,0,False,False
2685,188007.0,13.20226080456385,36,6.725479409921483,2.9122823783156373,2,True,True,0,0,True,False,22,0,False,False
2686,188007.2,11.829370641827762,35,3.825317056573594,2.164408797330853,9,True,True,0,45,False,False,21,0,False,False
2687,188007.4,11.768487275942633,36,7.954402884179633,3.073599334835819,2,True,True,0,44,False,False,20,0,False,False
2688,188007.6,11.728283691840652,35,9.43877035031873,3.43806537136919,2,True,True,0,43,False,False,19,0,False,False
2689,188007.8,13.298328734935472,35,8.944932889727188,3.2092445835237604,2,True,True,0,0,True,False,18,0,False,False
2690,188008.0,11.304839871307857,34,8.060113861884375,3.2724531981100524,9,True,True,0,41,False,False,17,0,False,False
2691,188008.2,11.134380718959537,35,8.300574099009125,3.3034123735177654,2,False,True,0,40,False,False,16,0,False,False
2692,188008.4,11.032445893440935,33,4.299953942574846,2.450921893990684,2,False,True,0,39,False,False,15,0,False,False
2693,188008.6,10.891466122600374,33,4.350535265222887,2.2083500970724113,2,False,True,0,39,False,False,15,0,False,False
2694,188008.8,10.782609902263633,33,4.3634554816883,2.1813494352150835,2,True,True,0,39,False,False,15,0,False,False
2695,188009.0,10.679506296897404,33,4.441994077350845,2.220664730742504,2,True,True,0,39,False,False,15,0,False,False
2696,188009.2,10.572895373984124,33,4.581939692197758,2.3124892979045852,2,True,True,0,39,False,False,15,0,False,False
2697,188009.4,10.484861370791307,34,4.959338613424962,2.4079391284437093,2,True,True,0,39,False,False,15,0,False,False
2698,188009.6,10.404981584516658,33,3.511095523112604,2.2854800288520627,2,True,True,0,39,False,False,15,0,False,False
2699,188009.8,10.279470462798194,32,6.494445295805127,2.766568209785646,2,True,True,0,39,False,False,15,0,False,False
2700,188010.0,10.185427810121444,31,5.745994859243807,2.699734915637832,2,True,True,0,39,False,False,15,0,False,False
2701,188010.2,10.08759019789877,30,5.745468451464111,2.7286569537452934,2,True,True,0,39,False,False,15,0,False,False
2702,188010.4,9.960393090040325,28,5.698235696912057,2.678106220044183,2,True,True,0,40,False,False,16,0,False,False
2703,188010.6,9.860456333393945,28,5.914620302646831,3.0607910560772544,2,True,True,0,41,False,False,17,0,False,False
2704,188010.8,9.764173794669018,27,5.706970747615916,2.985312337739057,2,True,True,0,42,False,False,18,0,False,False
2705,188011.0,9.648940847588127,26,5.614488999826708,2.703957320470676,2,True,True,0,43,False,False,19,0,False,False
2706,188011.2,9.536751380663647,25,5.446275366573537,2.67282436599547,2,True,True,0,44,False,False,20,0,False,False
2707,188011.4,9.438980909048627,25,5.1182233806586686,2.54329305482259,2,True,True,0,44,False,False,20,0,False,False
2708,188011.6,9.343745396229403,25,4.85533023316157,2.4684624937330626,2,True,True,0,44,False,False,20,0,False,False
2709,188011.8,9.216502053993066,25,4.8081861242858706,2.4335087769822663,2,True,True,0,44,False,False,20,0,False,False
2710,188012.0,9.09857545390424,24,4.951526107000479,2.3148771641625663,2,True,True,0,44,False,False,20,0,False,False
2711,188012.2,9.01487267719871,23,5.041031763352932,2.332723240112036,2,True,True,0,44,False,False,20,0,False,False
2712,188012.4,8.92944507601839,22,5.246002148036793,2.369313579240113,2,True,True,0,44,False,False,20,0,False,False
2713,188012.6,8.834939314736863,21,5.430135852652566,2.399952302401538,2,True,True,0,44,False,False,20,0,False,False
2714,188012.8,8.746986666415795,20,5.517010027002508,2.419482734174078,2,True,True,0,44,False,False,20,0,False,False
2715,188013.0,8.664401276000087,20,5.569465739223483,2.663355007706408,3,True,True,0,44,False,False,20,0,False,False
2716,188013.2,8.579959347105035,20,5.770324338283482,2.665003115549581,3,True,True,0,44,False,False,20,0,False,False
2717,188013.4,8.471182918572545,20,5.801231082828926,2.4914804910625317,2,True,True,0,44,False,False,20,0,False,False
2718,188013.6,8.415258012889812,20,5.879035140217006,2.450746151830619,10,True,True,0,44,False,False,20,0,False,False
2719,188013.8,8.043182368670776,20,6.036503671525931,2.697472012230523,11,True,True,0,42,False,False,18,0,False,False
2720,188014.0,7.66709418966684,20,6.098860572237089,2.6737894987610984,11,True,True,0,40,False,False,16,0,False,False
2721,188014.2,7.276531233100777,20,5.846543998960992,2.6419803370778405,7,True,True,0,38,False,False,14,0,False,False
2722,188014.4,6.915005051504865,20,5.84615805630121,2.617227812865564,2,True,True,0,36,False,False,12,0,False,False
2723,188014.6,6.581547587895861,21,5.289982264738795,2.334797926512536,2,True,True,0,34,False,False,10,0,False,False
2724,188014.8,6.273528788767883,22,5.004166444565805,2.193353024499519,4,True,True,0,35,False,False,11,0,False,False
2725,188015.0,6.12256462019337,23,5.208558026946739,2.3399268881849644,4,True,True,0,35,False,False,11,0,False,False
2726,188015.2,6.094201367867901,24,5.369965381891792,2.405944647460765,3,True,True,0,35,False,False,11,0,False,False
2727,188015.4,6.072417567798941,25,5.413920563622776,2.4267571593378436,3,False,True,0,35,False,False,11,0,False,False
2728,188015.6,5.775890053402779,25,5.382515894555225,2.45907323970964,2,False,True,0,35,False,False,11,0,False,False
2729,188015.8,5.459194766130908,25,5.347262552022518,2.4772729730003595,3,True,True,0,35,False,False,11,0,False,False
2730,188016.0,5.269169482714353,24,4.7335482251596845,2.0857771542689596,3,False,True,0,36,False,False,12,0,False,False
2731,188016.2,5.1816009613266765,23,4.19445018674762,2.0508076999447904,2,True,True,0,37,False,False,13,0,False,False
2732,188016.4,5.148895032076914,22,3.808156832031658,1.917779507760211,2,True,True,0,38,False,False,14,0,False,False
2733,188016.6,5.145126694362545,20,1.868481391694561,1.4763328444184465,3,False,True,0,38,False,False,14,0,False,False
2734,188016.8,5.073048315500393,18,1.8075243263096354,1.3986084353641488,3,True,True,0,37,False,False,13,0,False,False
2735,188017.0,5.003701196433191,17,1.767396595655352,1.342405161228756,3,True,True,0,36,False,False,12,0,False,False
2736,188017.2,4.945528278351609,16,1.6639278674987825,1.354232479339195,2,True,True,0,35,False,False,11,0,False,False
2737,188017.4,4.890093805880995,15,1.5820432616676576,1.2943446304984212,3,False,True,0,34,False,False,10,0,False,False
2738,188017.6,4.864946115391734,15,1.5350347719514594,1.2577545538112358,3,True,True,0,34,False,False,10,0,False,False
2739,188017.8,4.841200932632651,15,1.4933083276091756,1.1569165906148056,3,False,True,0,34,False,False,10,0,False,False
2740,188018.0,4.857203516528775,16,11.660884278229508,3.0899273772537597,3,True,True,0,34,False,False,10,0,False,False
2741,188018.2,4.925609849599162,18,12.501246433583752,3.730237147404969,2,True,True,0,34,False,False,10,0,False,False
2742,188018.4,34.08749404387848,19,11.937156964281748,3.3536867211668455,2,True,True,0,0,True,False,10,0,False,False
2743,188018.6,33.978438655198666,21,4.605317837647519,2.037385824000608,4,False,True,0,35,False,False,11,0,False,False
2744,188018.8,34.01985058590557,23,4.515537271447414,1.9998998303705569,2,True,True,0,36,False,False,12,0,False,False
2745,188019.0,34.07166796159918,24,4.3956212357576945,1.929012632338268,2,True,True,0,37,False,False,13,0,False,False
2746,188019.2,34.09363378424523,24,4.286576292915262,1.828368253917227,2,True,True,0,38,False,False,14,0,False,False
2747,188019.4,34.07589126617376,25,4.223737098516113,1.8044796586333796,2,True,True,0,39,False,False,15,0,False,False
2748,188019.6,34.06441511669041,25,4.214154671756632,1.8433914294716065,2,True,True,0,39,False,False,15,0,False,False
2749,188019.8,34.025497538935014,25,4.2553361249881725,1.9132587287998692,2,True,True,0,39,False,False,15,0,False,False
2750,188020.0,33.99587175562228,25,4.296413304471124,1.9923013659437165,2,True,True,0,39,False,False,15,0,False,False
2751,188020.2,33.93213375939419,24,4.921578134509039,2.272027439226988,2,True,True,0,39,False,False,15,0,False,False
2752,188020.4,33.89933262891924,22,5.266491086686794,1.9214718845445018,2,True,True,0,39,False,False,15,0,False,False
2753,188020.6,33.868192175657796,20,5.247340902335499,1.8994673066512007,2,True,True,0,39,False,False,15,0,False,False
2754,188020.8,33.854863212083615,19,4.721473854683903,1.8929606767886964,2,True,True,0,39,False,False,15,0,False,False
2755,188021.0,33.86352851223966,17,5.260941444996147,2.05142327062934,2,True,True,0,39,False,False,15,0,False,False
2756,188021.2,33.86594572709717,16,5.187712059312856,2.0455840176517706,3,False,True,0,39,False,False,15,0,False,False
2757,188021.4,33.89642107460161,17,4.734988091763766,2.176919567420328,3,True,True,0,39,False,False,15,0,False,False
2758,188021.6,33.90820751826176,18,4.692286239852046,2.1728392796389366,3,True,True,0,39,False,False,15,0,False,False
2759,188021.8,33.93861792666681,18,4.6375392549334356,2.1521764858803314,3,True,True,0,39,False,False,15,0,False,False
2760,188022.0,33.9678446619443,19,4.646008719291952,2.1649361149548914,3,True,True,0,39,False,False,15,0,False,False
2761,188022.2,33.954648219152176,21,15.122376186529394,4.29207084947767,3,True,True,0,39,False,False,15,0,False,False
2762,188022.4,33.03950644643855,22,14.564514328861675,4.536058680788448,3,True,True,0,39,False,False,15,0,False,False
2763,188022.6,9.645144616143632,23,14.723992317543425,4.5667721919826265,3,True,True,0,0,True,False,15,0,False,False
2764,188022.8,9.330783693252751,24,3.4870532299981116,2.0267489331492414,10,True,True,0,39,False,False,15,0,False,False
2765,188023.0,9.301970253522141,25,3.5313467338452935,2.070302269627117,2,True,True,0,39,False,False,15,0,False,False
2766,188023.2,9.330485444421774,26,4.083954770174591,2.2149420958809474,2,True,True,0,39,False,False,15,0,False,False
2767,188023.4,9.394649484594945,27,4.143397146607118,2.221980447161876,2,True,True,0,39,False,False,15,0,False,False
2768,188023.6,9.460093519861047,28,4.040671465529355,2.217324004779913,2,True,True,0,39,False,False,15,0,False,False
2769,188023.8,9.513272915476842,28,3.7113610668552113,2.234915171854707,2,True,True,0,39,False,False,15,0,False,False
2770,188024.0,9.572341853904257,28,3.7540294017926397,2.2621657671656097,2,True,True,0,39,False,False,15,0,False,False
2771,188024.2,9.63771564016416,26,4.401223147677864,2.5238788432167625,2,True,True,0,39,False,False,15,0,False,False
2772,188024.4,9.707035459866727,25,4.72576401484292,2.561935476880944,2,True,True,0,39,False,False,15,0,False,False
2773,188024.6,9.779155693782133,24,4.86684854861155,2.599974312446912,2,True,True,0,39,False,False,15,0,False,False
2774,188024.8,9.86347752011543,24,5.052552699232627,2.6400912824189295,2,True,True,0,39,False,False,15,0,False,False
2775,188025.0,9.911319453196311,23,3.2602834966741874,2.195201240115164,2,True,True,0,39,False,False,15,0,False,False
2776,188025.2,9.96509548357774,23,3.305314691170528,2.2134298513181356,3,False,True,0,39,False,False,15,0,False,False
2777,188025.4,9.99347730843066,21,2.7058179177290365,1.8084145398299387,3,True,True,0,39,False,False,15,0,False,False
2778,188025.6,10.01211611136455,19,2.750011239237373,1.803549144152935,2,True,True,0,39,False,False,15,0,False,False
2779,188025.8,10.014063480419718,18,3.2942069154504554,2.010550295529537,3,True,True,0,39,False,False,15,0,False,False
2780,188026.0,10.021790252800155,18,3.3412019061952467,2.033513740305978,3,True,True,0,39,False,False,15,0,False,False
2781,188026.2,10.022837609354857,17,2.8278741978843813,1.8897297424939643,3,True,True,0,39,False,False,15,0,False,False
2782,188026.4,10.056714127977859,18,7.971915319676836,3.0161356865440077,2,True,True,0,39,False,False,15,0,False,False
2783,188026.6,10.107215130938481,19,8.352173370080404,3.104414776294336,2,True,True,0,39,False,False,15,0,False,False
2784,188026.8,25.99434105389276,19,8.601133639857093,3.1843391383275845,2,True,True,0,0,True,False,15,0,False,False
2785,188027.0,26.061874721765058,18,3.6140013984127806,2.0104855741155108,10,True,True,0,39,False,False,15,0,False,False
2786,188027.2,26.097403462421447,18,3.609316587561086,2.079987626248816,3,True,True,0,39,False,False,15,0,False,False
2787,188027.4,26.111852499245025,17,3.6901751316338105,2.1128577175820427,3,True,True,0,39,False,False,15,0,False,False
2788,188027.6,26.12290077037981,16,3.705444852716454,2.066607313241135,3,True,True,0,39,False,False,15,0,False,False
2789,188027.8,26.12307329673817,15,3.7791844287679712,2.2761383074833557,3,True,True,0,39,False,False,15,0,False,False
2790,188028.0,26.05002714057181,14,3.7022339670644655,2.0327839640219936,2,True,True,0,38,False,False,14,0,False,False
2791,188028.2,25.972850335991623,14,3.7533568090396603,2.3199549390162084,3,True,True,0,38,False,False,14,0,False,False
2792,188028.4,25.91575280763828,13,4.618982034682984,2.721828332023882,4,True,True,0,37,False,False,13,0,False,False
2793,188028.6,25.843936897171382,11,5.682218264788389,2.8666197654027488,2,True,True,0,35,False,False,11,0,False,False
2794,188028.8,25.783005916057775,9,5.464525584131479,2.8721516343132047,2,False,True,0,33,False,False,9,0,False,False
2795,188029.0,25.716044926053545,8,5.581090040504932,2.8739314680484584,2,False,True,0,32,False,False,8,0,False,False
2796,188029.2,25.634358016706624,6,4.87990489974618,2.7076007704302008,2,True,True,0,30,False,False,6,0,False,False
2797,188029.4,25.55667931317506,5,5.640831988304853,2.893883907239559,2,True,True,0,29,False,False,5,0,False,False
2798,188029.6,25.638276085404048,4,inf,inf,3,True,False,0,28,False,False,4,0,False,False
2799,188029.8,25.720609836559575,4,6.791987109929323,3.194403810333785,3,True,True,0,28,False,False,4,0,False,False
2800,188030.0,25.6940531804107,4,7.404607996344566,3.2199772673914557,2,True,True,0,28,False,False,4,0,False,False
2801,188030.2,25.5767160450949,4,7.774100031703711,3.4137636588610296,2,True,True,0,28,False,False,4,0,False,False
2802,188030.4,25.638372427097053,3,inf,inf,2,False,False,0,27,False,False,3,0,False,False
2803,188030.6,25.739473353171242,3,inf,inf,2,True,False,0,27,False,False,3,0,False,False
2804,188030.8,25.881339686773362,2,inf,inf,3,True,False,0,26,False,False,2,0,False,False
2805,188031.0,26.026591354892904,1,inf,inf,2,True,False,0,25,False,False,1,0,False,False
2806,188031.2,26.187935328310424,0,inf,inf,2,True,False,0,24,False,False,0,0,False,False
2807,188031.4,26.37003944509404,0,inf,inf,2,True,False,0,24,False,False,0,0,False,False
2808,188031.6,26.578755677730385,0,inf,inf,2,True,False,0,24,False,False,0,0,False,False
2809,188031.8,26.818347898210472,0,inf,inf,2,True,False,0,24,False,False,0,0,False,False
2810,188032.0,27.08087518535122,0,inf,inf,2,True,False,0,24,False,False,0,0,False,False
2811,188032.2,27.376681463509833,0,inf,inf,2,True,False,0,24,False,False,0,0,False,False
2812,188032.4,27.706555462308987,0,inf,inf,2,True,False,0,24,False,False,0,0,False,False
2813,188032.6,28.073849149612933,0,inf,inf,2,True,False,0,24,False,False,0,0,False,False
2814,188032.8,28.477488560938436,0,inf,inf,2,True,False,0,24,False,False,0,0,False,False
2815,188033.0,28.922555823748585,0,inf,inf,2,True,False,0,24,False,False,0,0,False,False
2816,188033.2,29.411112001029775,0,inf,inf,2,True,False,0,24,False,False,0,0,False,False
2817,188033.4,29.94074043455204,0,inf,inf,2,True,False,0,24,False,False,0,0,False,False
2818,188033.6,30.51695721265132,0,inf,inf,2,True,False,0,24,False,False,0,0,False,False
2819,188033.8,31.1428830806453,0,inf,inf,2,True,False,0,24,False,False,0,0,False,False
2820,188034.0,31.81348141308621,0,inf,inf,2,True,False,0,24,False,False,0,0,False,False
2821,188034.2,32.53426249245809,0,inf,inf,2,True,False,0,24,False,False,0,0,False,False
2822,188034.4,33.30462043416471,0,inf,inf,2,True,False,0,24,False,False,0,0,False,False
2823,188034.6,34.12269211957877,0,inf,inf,2,True,False,0,24,False,False,0,0,False,False
2824,188034.8,34.987615856865006,0,inf,inf,2,True,False,0,24,False,False,0,0,False,False
2825,188035.0,35.90299418757107,0,inf,inf,2,True,False,0,24,False,False,0,0,False,False
2826,188035.2,36.870016203277146,0,inf,inf,2,True,False,0,24,False,False,0,0,False,False
2827,188035.4,37.88904590689259,0,inf,inf,2,True,False,0,24,False,False,0,0,False,False
2828,188035.6,38.959036615109675,0,inf,inf,2,True,False,0,24,False,False,0,0,False,False
2829,188035.8,40.08004106407947,0,inf,inf,2,True,False,0,24,False,False,0,0,False,False
2830,188036.0,41.250354957187774,0,inf,inf,2,True,False,0,24,False,False,0,0,False,False
2831,188036.2,42.464146511585255,0,inf,inf,2,True,False,0,24,False,False,0,0,False,False
2832,188036.4,43.734994551560874,0,inf,inf,2,True,False,0,24,False,False,0,0,False,False
2833,188036.6,45.05471278994323,0,inf,inf,2,True,False,0,24,False,False,0,0,False,False
2834,188036.8,46.42249375217997,0,inf,inf,2,True,False,0,24,False,False,0,0,False,False
2835,188037.0,47.836081581936426,0,inf,inf,2,True,False,0,24,False,False,0,0,False,False
2836,188037.2,49.29547047936474,0,inf,inf,2,True,False,0,24,False,False,0,0,False,False
2837,188037.4,50.80071803062063,0,inf,inf,2,True,False,0,24,False,False,0,0,False,False
2838,188037.6,52.35384452333017,0,inf,inf,2,True,False,0,24,False,False,0,0,False,False
2839,188037.8,53.95144185194359,0,inf,inf,2,True,False,0,24,False,False,0,0,False,False
2840,188038.0,55.59578282420767,0,inf,inf,2,True,False,0,24,False,False,0,0,False,False
2841,188038.2,57.284469274466254,0,inf,inf,2,True,False,0,24,False,False,0,0,False,False
2842,188038.4,59.0187066029253,0,inf,inf,2,True,False,0,24,False,False,0,0,False,False
2843,188038.6,60.79781687343895,0,inf,inf,2,True,False,0,24,False,False,0,0,False,False
2844,188038.8,62.620318412867356,0,inf,inf,2,True,False,0,24,False,False,0,0,False,False
2845,188039.0,64.43911477371175,1,34.32365529239178,7.700385811015373,2,False,True,0,24,False,False,0,0,False,False
2846,188039.2,64.5628918129886,2,34.617122374475,7.595469935114843,2,True,True,0,24,False,False,0,0,False,False
2847,188039.4,64.75445704610684,3,35.78228968381882,7.636971186732874,2,True,True,0,24,False,False,0,0,False,False
2848,188039.6,65.96993415582983,3,inf,inf,2,True,False,0,24,False,False,0,0,False,False
2849,188039.8,68.45408286805731,3,inf,inf,3,True,False,0,24,False,False,0,0,False,False
2850,188040.0,70.50533326565707,3,36.949391555041075,7.27201873642568,2,True,True,0,24,False,False,0,0,False,False
2851,188040.2,71.30656377061526,2,inf,inf,2,True,False,0,24,False,False,0,0,False,False
2852,188040.4,73.76602336692687,1,inf,inf,3,True,False,0,24,False,False,0,0,False,False
2853,188040.6,75.97146432398495,1,inf,inf,2,True,False,0,24,False,False,0,0,False,False
2854,188040.8,78.15987343375579,1,inf,inf,2,True,False,0,24,False,False,0,0,False,False
2855,188041.0,80.38584601092579,0,inf,inf,2,True,False,0,24,False,False,0,0,False,False
2856,188041.2,82.64931155445349,0,inf,inf,2,True,False,0,24,False,False,0,0,False,False
2857,188041.4,84.95236706636442,0,inf,inf,2,True,False,0,24,False,False,0,0,False,False
2858,188041.6,87.29240999603309,0,inf,inf,2,True,False,0,24,False,False,0,0,False,False
2859,188041.8,89.67144693536663,0,inf,inf,2,True,False,0,24,False,False,0,0,False,False
2860,188042.0,92.08910807674485,0,inf,inf,2,True,False,0,24,False,False,0,0,False,False
2861,188042.2,94.5450182681906,0,inf,inf,2,True,False,0,24,False,False,0,0,False,False
2862,188042.4,97.040061821291,0,inf,inf,2,True,False,0,24,False,False,0,0,False,False
2863,188042.6,99.57478512001258,0,inf,inf,2,True,False,0,24,False,False,0,0,False,False
2864,188042.8,102.14858641442567,0,inf,inf,2,True,False,0,24,False,False,0,0,False,False
2865,188043.0,104.70408833496792,1,51.74793607741594,8.757456069205032,2,False,True,0,24,False,False,0,0,False,False
2866,188043.2,103.97731136078835,2,50.609083853662014,8.653061820903378,2,True,True,0,24,False,False,0,0,False,False
2867,188043.4,103.6223137905854,3,49.842364855110645,8.577349663118266,2,True,True,0,24,False,False,0,0,False,False
2868,188043.6,104.98047712873944,3,inf,inf,2,True,False,0,24,False,False,0,0,False,False
2869,188043.8,108.50713399855015,3,inf,inf,3,True,False,0,24,False,False,0,0,False,False
2870,188044.0,111.3611358632919,2,inf,inf,2,True,False,0,24,False,False,0,0,False,False
2871,188044.2,114.0719113459553,2,55.840672731399536,9.008175228841242,2,False,True,0,24,False,False,0,0,False,False
2872,188044.4,115.22242359619348,1,inf,inf,2,True,False,0,24,False,False,0,0,False,False
2873,188044.6,118.52461296845459,2,58.00071935728192,9.257008198222966,3,True,True,0,24,False,False,0,0,False,False
2874,188044.8,119.14370339823724,2,inf,inf,2,True,False,0,24,False,False,0,0,False,False
2875,188045.0,122.38673177369346,3,60.36787771806121,9.602546217685775,3,True,True,0,24,False,False,0,0,False,False
2876,188045.2,123.09383449792888,2,inf,inf,2,True,False,0,24,False,False,0,0,False,False
2877,188045.4,126.43399543355709,2,inf,inf,3,True,False,0,24,False,False,0,0,False,False
2878,188045.6,129.4728267050287,1,inf,inf,2,True,False,0,24,False,False,0,0,False,False
2879,188045.8,132.4853162904105,1,inf,inf,2,True,False,0,24,False,False,0,0,False,False
2880,188046.0,135.5300210574841,0,inf,inf,2,True,False,0,24,False,False,0,0,False,False
2881,188046.2,138.61050895999503,0,inf,inf,2,True,False,0,24,False,False,0,0,False,False
2882,188046.4,141.729142822558,0,inf,inf,2,True,False,0,24,False,False,0,0,False,False
2883,188046.6,144.8848781295921,0,inf,inf,2,True,False,0,24,False,False,0,0,False,False
2884,188046.8,148.07813897685173,0,inf,inf,2,True,False,0,24,False,False,0,0,False,False
2885,188047.0,151.3093353479575,0,inf,inf,2,True,False,0,24,False,False,0,0,False,False
2886,188047.2,154.57803683101616,0,inf,inf,2,True,False,0,24,False,False,0,0,False,False
2887,188047.4,157.82734912136738,1,74.93701278045774,10.324857823314904,2,False,True,0,24,False,False,0,0,False,False
2888,188047.6,156.05865681826347,2,73.51989040151238,10.245310597435607,2,True,True,0,24,False,False,0,0,False,False
2889,188047.8,154.75737245305825,3,72.84313669800758,10.118388730339323,2,True,True,0,24,False,False,0,0,False,False
2890,188048.0,152.91815052687278,4,72.26268288865685,9.816776918274078,2,True,True,0,24,False,False,0,0,False,False
2891,188048.2,150.67316059497534,5,70.91957996413112,9.70396623518769,2,True,True,0,24,False,False,0,0,False,False
2892,188048.4,140.1261300389522,7,94.1802739959024,12.359487790042973,2,True,True,0,24,False,False,0,0,False,False
2893,188048.6,124.91934847032239,10,84.67359244469567,11.806414320939933,3,True,True,0,24,False,False,0,0,False,False
2894,188048.8,19.09969861548571,13,73.59298690082913,10.752703482876871,3,True,True,0,0,True,False,0,0,False,False
2895,188049.0,19.47607490378656,16,2.2965364631702654,1.6299289992976784,9,True,True,0,24,False,False,0,0,False,False
2896,188049.2,20.12865745947877,20,12.347179202841103,4.4367424241686155,2,False,True,0,24,False,False,0,0,False,False
2897,188049.4,20.95591382310812,22,12.656451718932608,4.355297954948958,2,False,True,0,24,False,False,0,0,False,False
2898,188049.6,5.128020253608397,22,14.247493400310749,5.03738107294834,2,False,True,0,0,True,False,0,0,False,False
2899,188049.8,6.531829399439505,22,3.483510911048625,2.3238410969868784,8,True,True,0,24,False,False,0,0,False,False
2900,188050.0,8.245570288236662,21,5.47752931131531,3.1154752801481758,2,False,True,0,24,False,False,0,0,False,False
2901,188050.2,10.121244364240988,19,6.825122088385592,3.3188808639181913,2,False,True,0,24,False,False,0,0,False,False
2902,188050.4,12.10465584797532,17,7.539867468501578,3.631119281699508,2,False,True,0,24,False,False,0,0,False,False
2903,188050.6,14.228705712342014,15,8.176364506493911,3.7513136802922546,2,False,True,0,24,False,False,0,0,False,False
2904,188050.8,16.490653014944822,12,10.243952609598637,4.064820160632806,2,False,True,0,24,False,False,0,0,False,False
2905,188051.0,18.846997038542757,10,11.234943982213736,4.300001218878062,2,False,True,0,24,False,False,0,0,False,False
2906,188051.2,21.27034117681316,8,12.843854255974293,4.133668780161073,2,False,True,0,24,False,False,0,0,False,False
2907,188051.4,23.76390021055356,6,13.473669908940792,4.264115622203666,2,False,True,0,24,False,False,0,0,False,False
2908,188051.6,26.31359383722092,5,14.80094574764371,4.5102467367642065,2,False,True,0,24,False,False,0,0,False,False
2909,188051.8,28.906452553407398,5,15.542960040271282,4.614413782621918,2,False,True,0,24,False,False,0,0,False,False
2910,188052.0,29.945361849053988,5,16.031980276107788,4.694113678975234,2,True,True,0,24,False,False,0,0,False,False
2911,188052.2,31.473545389241718,5,16.10259710252285,4.773398148579683,2,True,True,0,24,False,False,0,0,False,False
2912,188052.4,33.047505457412456,5,16.662474758923054,4.761716068953564,2,True,True,0,24,False,False,0,0,False,False
2913,188052.6,34.63757007005319,5,17.203547574579716,4.857576345420615,2,True,True,0,24,False,False,0,0,False,False
2914,188052.8,36.20936255934089,5,17.98970003053546,4.951344626585286,3,True,True,0,25,False,False,1,0,False,False
2915,188053.0,37.49671011570049,5,18.25478385016322,4.98743510144958,7,True,True,0,26,False,False,2,0,False,False
2916,188053.2,38.71483283548344,5,18.29624916613102,4.9708377189144874,8,True,True,0,27,False,False,3,0,False,False
2917,188053.4,39.64964433962987,5,18.408496171236038,4.984302657089769,11,True,True,0,28,False,False,4,0,False,False
2918,188053.6,40.570818707015235,5,17.656018760055304,4.848962017996226,12,True,True,0,29,False,False,5,0,False,False
2919,188053.8,42.99100970193964,4,inf,inf,11,True,False,0,28,False,False,4,0,False,False
2920,188054.0,46.41417193732674,3,inf,inf,9,True,False,0,27,False,False,3,0,False,False
2921,188054.2,49.36036025155468,3,20.894956544041634,5.307934763281927,8,True,True,0,27,False,False,3,0,False,False
2922,188054.4,51.653090824770096,2,inf,inf,2,True,False,0,26,False,False,2,0,False,False
2923,188054.6,54.76569788614783,2,23.528381019830704,5.883255380560373,3,True,True,0,26,False,False,2,0,False,False
2924,188054.8,55.90439158907586,3,23.2906842418015,5.841995536584236,7,True,True,0,27,False,False,3,0,False,False
2925,188055.0,58.427865078419615,3,inf,inf,7,True,False,0,27,False,False,3,0,False,False
2926,188055.2,61.74863178950711,3,26.900315165519714,6.246232196600458,8,True,True,0,27,False,False,3,0,False,False
2927,188055.4,62.923612313962195,4,26.71434699371457,6.615606787634817,7,True,True,0,28,False,False,4,0,False,False
2928,188055.6,64.43483074270547,4,26.67310246452689,6.612498680977986,7,True,True,0,28,False,False,4,0,False,False
2929,188055.8,65.70476339827735,4,26.109016202390194,6.518456775576311,10,True,True,0,28,False,False,4,0,False,False
2930,188056.0,66.91830736668048,5,24.098502591252327,6.308901726116911,11,True,True,0,29,False,False,5,0,False,False
2931,188056.2,68.38743678971375,5,24.79815760627389,6.387461977176985,11,True,True,0,29,False,False,5,0,False,False
2932,188056.4,69.95227950326164,5,23.16894106566906,6.191051544647945,11,True,True,0,29,False,False,5,0,False,False
2933,188056.6,72.6210037773487,4,inf,inf,11,True,False,0,28,False,False,4,0,False,False
2934,188056.8,76.09650125778592,4,29.130477622151375,6.985315486748651,9,True,True,0,28,False,False,4,0,False,False
2935,188057.0,77.5874268050491,4,30.61739430204034,7.144577742620472,7,True,True,0,28,False,False,4,0,False,False
2936,188057.2,78.69227467227869,4,30.50544461607933,6.332425606279176,7,True,True,0,28,False,False,4,0,False,False
2937,188057.4,79.29431236972313,4,31.99259591847658,6.4931848521362845,10,True,True,0,28,False,False,4,0,False,False
2938,188057.6,79.68639515816336,5,31.75896842777729,6.469509281905688,12,True,True,0,29,False,False,5,0,False,False
2939,188057.8,80.28610155563949,5,32.059835493564606,6.491726596427005,12,True,True,0,29,False,False,5,0,False,False
2940,188058.0,81.13109961218201,5,32.25506518408656,6.888024326422488,12,True,True,0,29,False,False,5,0,False,False
2941,188058.2,82.02562313041477,5,32.18764666467905,6.89256955329578,12,True,True,0,29,False,False,5,0,False,False
2942,188058.4,83.13865584332711,5,31.882004030048847,7.338917256121017,11,True,True,0,29,False,False,5,0,False,False
2943,188058.6,84.23017453895292,5,33.292844619601965,7.385048155911043,11,True,True,0,29,False,False,5,0,False,False
2944,188058.8,79.17572153034287,9,50.06868463609399,9.506647948027467,8,True,True,0,29,False,False,5,0,False,False
2945,188059.0,75.22182383836463,12,48.62952654582182,9.254670245340353,9,True,True,0,29,False,False,5,0,False,False
2946,188059.2,32.52248659263027,15,45.50167481277801,8.879619474964747,7,True,True,0,0,True,False,5,0,False,False
2947,188059.4,32.038287873569644,19,28.938380841836256,5.511077493203496,25,False,True,0,29,False,False,5,0,False,False
2948,188059.6,29.19583032492661,21,6.088893012968831,3.480521548297322,13,True,True,0,28,False,False,4,0,False,False
2949,188059.8,24.59116237842375,21,6.066676966811574,3.1576947991377904,12,True,True,0,0,True,False,4,0,False,False
2950,188060.0,23.792277824994027,22,4.820957800344791,2.7582681717101667,17,True,True,0,28,False,False,4,0,False,False
2951,188060.2,23.820995347964274,20,5.042526082587206,2.641726873405188,13,True,True,0,28,False,False,4,0,False,False
2952,188060.4,24.083710017073155,17,3.3035104905587125,2.360958975915913,18,True,True,0,28,False,False,4,0,False,False
2953,188060.6,24.40800265520384,16,2.722562757238395,2.1306609323804957,25,True,True,0,29,False,False,5,0,False,False
2954,188060.8,24.722286979138364,12,1.5274248868227005,1.4672903497007737,25,False,True,0,29,False,False,5,0,False,False
2955,188061.0,25.07135756400879,8,1.5690950900316238,1.5690950900316238,25,False,True,0,29,False,False,5,0,False,False
2956,188061.2,25.446920190773366,7,2.1104271337389946,1.931590820750587,25,False,True,0,29,False,False,5,0,False,False
2957,188061.4,25.85474455975113,6,0.3187784515321255,0.3187784515321255,25,False,True,0,29,False,False,5,0,False,False
2958,188061.6,26.288491158899422,5,0.4586504399776459,0.4586504399776459,25,False,True,0,29,False,False,5,0,False,False
2959,188061.8,26.74288561431291,4,inf,inf,14,True,False,0,28,False,False,4,0,False,False
2960,188062.0,27.290343753587305,4,1.3128746375441551,1.3128746375441551,14,True,True,0,28,False,False,4,0,False,False
2961,188062.2,27.877157497577546,4,1.9624530375003815,1.818042634305181,13,True,True,0,28,False,False,4,0,False,False
2962,188062.4,28.448506993605008,7,7.462536094239183,2.807676665498771,13,True,True,0,28,False,False,4,0,False,False
2963,188062.6,28.90088049690081,11,8.819409131412613,3.480998814173523,19,True,True,0,28,False,False,4,0,False,False
2964,188062.8,11.399541919445081,16,9.527333495388948,3.657866884383252,25,True,True,0,0,True,False,5,0,False,False
2965,188063.0,11.864062921257108,19,2.9046004201417044,2.013205062373905,25,True,True,0,29,False,False,5,0,False,False
2966,188063.2,12.058654199484067,23,4.766607918948238,2.786982396940612,20,True,True,0,29,False,False,5,0,False,False
2967,188063.4,12.318854251071741,23,2.8207459898994665,2.0825447862485342,21,True,True,0,29,False,False,5,0,False,False
2968,188063.6,12.47362049334889,24,4.879904223895451,2.723185129092366,21,True,True,0,29,False,False,5,0,False,False
2969,188063.8,12.597630379531669,25,5.136965614641463,2.7313750598866466,20,True,True,0,29,False,False,5,0,False,False
2970,188064.0,12.696728352660354,27,5.367734337649946,2.787696387700532,20,True,True,0,29,False,False,5,0,False,False
2971,188064.2,12.738774913508129,29,10.473359719882668,3.4128641403730713,19,True,True,0,29,False,False,5,0,False,False
2972,188064.4,12.75088619058941,32,10.202361835349548,3.3934838144745028,18,True,True,0,29,False,False,5,0,False,False
2973,188064.6,16.71377208982289,33,9.940003041371977,3.4082497034383548,17,True,True,0,0,True,False,5,0,False,False
2974,188064.8,15.703569220975718,34,6.229324519604367,2.8487857179447773,7,True,True,0,35,False,False,11,0,False,False
2975,188065.0,15.49595397693455,30,3.0082695090019214,1.7825285040085042,3,True,True,0,36,False,False,12,0,False,False
2976,188065.2,15.40194757282698,27,4.494889670247225,2.7568849655723193,2,True,True,0,39,False,False,15,0,False,False
2977,188065.4,15.319876617650296,25,7.259670167228908,3.1214918184755707,3,True,True,0,43,False,False,19,0,False,False
2978,188065.6,15.258873077372549,23,7.32019992721599,3.065778795767228,3,False,True,0,47,False,False,23,0,False,False
2979,188065.8,19.76160453367492,21,7.356871606980709,3.057379442183006,3,True,True,0,0,True,False,21,0,False,False
2980,188066.0,19.8289033044256,24,2.5661041071032833,1.7895551181328013,7,False,True,0,48,False,False,24,0,False,False
2981,188066.2,19.83721001634412,25,2.6323968207365778,1.815866297473794,3,False,True,0,49,False,False,25,0,False,False
2982,188066.4,19.84211056455725,25,2.758592148670985,1.861138782141504,3,False,True,0,49,False,False,25,0,False,False
2983,188066.6,19.85389965330477,25,2.864201422731672,1.915824159260361,3,True,True,0,49,False,False,25,0,False,False
2984,188066.8,19.865131942246094,25,2.9412779857110305,1.9437858670769554,3,True,True,0,49,False,False,25,0,False,False
2985,188067.0,19.872832379021204,25,3.05663311237451,1.9951987688104191,3,False,True,0,49,False,False,25,0,False,False
2986,188067.2,19.884902051408254,25,3.1927019844971274,2.0960159238901284,2,True,True,0,49,False,False,25,0,False,False
2987,188067.4,19.903996044369876,26,5.199217713388057,2.7668558320410646,2,True,True,0,49,False,False,25,0,False,False
2988,188067.6,19.932119616270917,27,5.110912839042721,2.71965750078403,2,True,True,0,49,False,False,25,0,False,False
2989,188067.8,19.93613510206447,29,8.024494542160104,3.011714876335356,2,True,True,0,49,False,False,25,0,False,False
2990,188068.0,19.928733439920766,31,7.872708501233194,2.991659315987016,2,True,True,0,49,False,False,25,0,False,False
2991,188068.2,17.645050350240222,33,7.761247018384927,2.970621913921993,2,True,True,0,0,True,False,25,0,False,False
2992,188068.4,17.357948915553294,34,5.810456789363074,2.862375937559073,8,True,True,0,49,False,False,25,0,False,False
2993,188068.6,17.34008790648316,34,5.729185671550397,2.846724524783322,3,True,True,0,49,False,False,25,0,False,False
2994,188068.8,17.31099056440503,34,5.814154077749416,2.879567310642083,3,False,True,0,49,False,False,25,0,False,False
2995,188069.0,17.251970777154167,31,4.648990886849971,2.400771883900723,2,True,True,0,47,False,False,23,0,False,False
2996,188069.2,17.321197328969525,26,2.5386470130424947,1.727723286710771,2,True,True,0,44,False,False,20,0,False,False
2997,188069.4,17.329384783585994,23,4.540319582851039,2.418335411677982,2,False,True,0,43,False,False,19,0,False,False
2998,188069.6,17.387826103753564,18,3.7228946276009083,2.2724073119545474,2,True,True,0,39,False,False,15,0,False,False
2999,188069.8,17.459500971940177,12,3.9406591281294823,2.337926777752265,3,True,True,0,35,False,False,11,0,False,False
3000,188070.0,17.5371274673159,9,4.0372576378285885,2.3697298739611328,3,True,True,0,33,False,False,9,0,False,False
3001,188070.2,17.628089821073477,8,4.0266056433320045,2.371698051948941,3,True,True,0,32,False,False,8,0,False,False
3002,188070.4,17.74642098369548,5,3.013983778655529,2.0485020279721318,3,True,True,0,29,False,False,5,0,False,False
3003,188070.6,17.77851985304992,8,2.8552461532167133,2.144512754168137,3,True,True,0,29,False,False,5,0,False,False
3004,188070.8,17.7992295939651,11,3.14679873187198,2.160787128129743,2,True,True,0,29,False,False,5,0,False,False
3005,188071.0,17.797638120915035,14,3.5897636215311537,2.224551450789879,2,False,True,0,29,False,False,5,0,False,False
3006,188071.2,17.770305654367753,18,4.526788306989162,2.394447751548587,2,False,True,0,29,False,False,5,0,False,False
3007,188071.4,17.64357934417822,23,5.150710050909721,2.579432494114403,2,False,True,0,29,False,False,5,0,False,False
3008,188071.6,17.48257345139362,25,5.084232273574843,2.5543379716717434,2,False,True,0,29,False,False,5,0,False,False
3009,188071.8,17.302077013614895,27,5.095108275131844,2.5519900714084773,2,False,True,0,29,False,False,5,0,False,False
3010,188072.0,17.183396830666386,30,4.847214702751028,2.566842979890868,2,False,True,0,29,False,False,5,0,False,False
3011,188072.2,17.083188441149137,32,4.8151190777383786,2.5631563343661594,2,False,True,0,29,False,False,5,0,False,False
3012,188072.4,17.000841635146916,33,4.7542048459561395,2.5649967588146017,2,False,True,0,29,False,False,5,0,False,False
3013,188072.6,16.929124970835147,34,4.819310914735626,2.5748339765486645,2,False,True,0,29,False,False,5,0,False,False
3014,188072.8,16.87206035763873,35,4.80478304541354,2.566049750135876,2,False,True,0,29,False,False,5,0,False,False
3015,188073.0,16.819824705440823,35,4.795565325577408,2.5646688985834962,2,False,True,0,29,False,False,5,0,False,False
3016,188073.2,16.74602690773817,35,4.794444382623944,2.6028806367892057,13,True,True,0,29,False,False,5,0,False,False
3017,188073.4,16.67263616198777,35,4.948604305247065,2.6265053123540887,17,True,True,0,29,False,False,5,0,False,False
3018,188073.6,16.5462946397138,34,5.276018361143146,2.690414174924028,11,True,True,0,30,False,False,6,0,False,False
3019,188073.8,16.527505792155313,34,4.886898183490562,2.638364671784012,2,False,True,0,32,False,False,8,0,False,False
3020,188074.0,16.43151976989773,34,4.8452299687711,2.5954455254039934,2,False,True,0,34,False,False,10,0,False,False
3021,188074.2,16.29644198976837,34,4.756978530160859,2.5466368953401144,2,True,True,0,36,False,False,12,0,False,False
3022,188074.4,16.151269620827456,34,4.710884378089737,2.5229062939776195,2,True,True,0,38,False,False,14,0,False,False
3023,188074.6,16.06342768636279,35,4.71058591300899,2.520441060896869,2,True,True,0,39,False,False,15,0,False,False
3024,188074.8,16.004810745391033,35,4.623033467330305,2.5055510110602555,2,True,True,0,39,False,False,15,0,False,False
3025,188075.0,15.955262917840585,35,4.579052302464949,2.508577526530736,2,True,True,0,39,False,False,15,0,False,False
3026,188075.2,15.906713818853401,34,5.198796324347282,2.7608847509533745,2,False,True,0,38,False,False,14,0,False,False
3027,188075.4,15.855482605189366,34,5.205194282453557,2.7178778226632136,2,True,True,0,38,False,False,14,0,False,False
3028,188075.6,15.834140891852652,34,5.286150662385282,2.768133139220997,2,True,True,0,39,False,False,15,0,False,False
3029,188075.8,15.796150239219424,34,5.164497385872482,2.7018720937778244,3,True,True,0,40,False,False,16,0,False,False
3030,188076.0,15.75264257980542,34,5.141738073338434,2.7047706893796413,2,True,True,0,41,False,False,17,0,False,False
3031,188076.2,15.713638220257138,35,4.8270553225096595,2.428326845729578,2,True,True,0,43,False,False,19,0,False,False
3032,188076.4,15.662213936401052,35,4.742801467840741,2.4120726330733038,2,True,True,0,44,False,False,20,0,False,False
3033,188076.6,15.61626057097565,35,4.662134626433423,2.3870874403455296,2,True,True,0,44,False,False,20,0,False,False
3034,188076.8,15.564697919835107,35,4.56507551079149,2.372344425236011,2,True,True,0,47,False,False,23,0,False,False
3035,188077.0,15.51707504553877,35,4.541303819132312,2.3780421909559735,3,True,True,0,50,False,False,26,0,False,False
3036,188077.2,15.482052192204423,35,4.457663279219649,2.3465612334237145,2,True,True,0,53,False,False,29,0,False,False
3037,188077.4,15.448440257166688,35,4.4552104648350035,2.351470758493178,2,True,True,0,56,False,False,32,0,False,False
3038,188077.6,15.436655395165594,35,4.472444439207188,2.3266364009501874,2,True,True,0,59,False,False,35,0,False,False
3039,188077.8,15.419460848294728,35,4.539026822063246,2.355102324051691,2,True,True,0,59,False,False,35,0,False,False
3040,188078.0,15.398398439209897,35,4.534546143574056,2.3713970092367136,2,True,True,0,59,False,False,35,0,False,False
3041,188078.2,15.394863808942652,35,4.514825294298693,2.3809782094075156,2,True,True,0,59,False,False,35,0,False,False
3042,188078.4,15.379371389950427,33,4.634516934481263,2.3764055879579216,2,True,True,0,57,False,False,33,0,False,False
3043,188078.6,15.564856625664897,32,4.655577553495384,2.4186107079278187,18,True,True,0,53,False,False,29,0,False,False
3044,188078.8,15.702047010523874,30,5.158472016158606,2.6445791373040866,18,True,True,0,48,False,False,24,0,False,False
3045,188079.0,15.76209110103169,30,4.8687744588166,2.4869619192826087,18,True,True,0,44,False,False,20,0,False,False
3046,188079.2,15.710247016561397,30,4.960128349756809,2.51860115630385,17,True,True,0,40,False,False,16,0,False,False
3047,188079.4,15.611709388424618,32,5.08706706654736,2.5359818248716817,16,True,True,0,38,False,False,14,0,False,False
3048,188079.6,15.477677304219947,33,5.1969003480946245,2.6034323373361064,16,True,True,0,38,False,False,14,0,False,False
3049,188079.8,15.43827978873912,35,5.207749801055583,2.6354388741318453,16,True,True,0,39,False,False,15,0,False,False
3050,188080.0,15.414953971670045,35,5.369488905628584,2.666680697809212,16,True,True,0,39,False,False,15,0,False,False
3051,188080.2,15.399071827601697,35,5.523434320326135,2.7146278086723603,15,True,True,0,39,False,False,15,0,False,False
3052,188080.4,15.381858459866583,35,5.750982389162409,2.7679753521526163,15,True,True,0,39,False,False,15,0,False,False
3053,188080.6,15.372946098302341,35,5.89646090437062,2.8181471452696956,15,True,True,0,39,False,False,15,0,False,False
3054,188080.8,15.365918885233484,35,6.024624317747087,2.8670160150526662,15,True,True,0,39,False,False,15,0,False,False
3055,188081.0,15.367083599164305,34,5.200209564288423,2.611327615458653,15,True,True,0,39,False,False,15,0,False,False
3056,188081.2,15.389219690149808,33,5.229519556980795,2.625009552472955,15,True,True,0,39,False,False,15,0,False,False
3057,188081.4,15.414107622394972,32,5.28618434677245,2.661444201879712,12,True,True,0,39,False,False,15,0,False,False
3058,188081.6,15.449490384369351,31,5.377579175137024,2.653361487855354,13,True,True,0,39,False,False,15,0,False,False
3059,188081.8,15.48715024312905,30,5.475516681338509,2.713825177216223,14,True,True,0,39,False,False,15,0,False,False
3060,188082.0,15.511534436067612,31,6.987991922710705,3.1030213793753245,14,True,True,0,39,False,False,15,0,False,False
3061,188082.2,15.6204920816548,31,5.5423317412862785,2.7935655485976554,13,True,True,0,39,False,False,15,0,False,False
3062,188082.4,15.833699106981593,31,5.389115689877419,2.6475708456576914,14,True,True,0,40,False,False,16,0,False,False
3063,188082.6,15.946970641458524,31,5.460834738581319,2.6422147440379704,5,True,True,0,41,False,False,17,0,False,False
3064,188082.8,15.966436461761878,31,7.739368885377266,3.1067086671408677,6,True,True,0,42,False,False,18,0,False,False
3065,188083.0,15.86584327447506,29,8.663399535595229,3.3658079045377525,2,True,True,0,43,False,False,19,0,False,False
3066,188083.2,8.255779790114635,30,7.587769599906063,3.0969157910119742,3,True,True,0,0,True,False,21,0,False,False
3067,188083.4,6.842014049226021,31,5.541742393035447,2.6610041344916984,6,False,True,0,46,False,False,22,0,False,False
3068,188083.6,6.7318335071548185,32,5.452513368111104,2.642043554046276,3,False,True,0,47,False,False,23,0,False,False
3069,188083.8,6.683009581312592,33,5.238469734716717,2.5920806040726796,3,True,True,0,48,False,False,24,0,False,False
3070,188084.0,6.649895298458903,35,5.205235524726515,2.596554551030006,3,True,True,0,49,False,False,25,0,False,False
3071,188084.2,6.638878141464371,33,1.6230435758278852,1.2778218705964601,3,True,True,0,48,False,False,24,0,False,False
3072,188084.4,6.7527591899393915,27,1.697966057807207,1.444710585939395,2,True,True,0,44,False,False,20,0,False,False
3073,188084.6,6.8758835459489145,25,1.8833461614550426,1.5521449136703767,3,False,True,0,43,False,False,19,0,False,False
3074,188084.8,6.905873923061404,23,1.936170173846536,1.56168117898443,3,False,True,0,42,False,False,18,0,False,False
3075,188085.0,6.8825094755677645,21,1.7977391090788317,1.3597109155957146,3,False,True,0,41,False,False,17,0,False,False
3076,188085.2,6.8306610764552955,19,2.2213670766690865,1.6261012720272316,3,True,True,0,40,False,False,16,0,False,False
3077,188085.4,6.740173176983105,22,1.9728511335059113,1.448111871606732,3,True,True,0,42,False,False,18,0,False,False
3078,188085.6,6.6724422041099665,22,2.0739862613587126,1.428704543552195,3,True,True,0,41,False,False,17,0,False,False
3079,188085.8,6.832003240559672,19,1.887589121878517,1.3074889389837099,3,True,True,0,38,False,False,14,0,False,False
3080,188086.0,6.96801890427597,18,2.597199649339874,1.6473669973313185,3,True,True,0,37,False,False,13,0,False,False
3081,188086.2,7.049107932817195,17,3.5248712873074037,2.357440827030811,3,False,True,0,36,False,False,12,0,False,False
3082,188086.4,7.053182485462324,17,2.238704504910447,1.693215212977278,3,False,True,0,36,False,False,12,0,False,False
3083,188086.6,7.002380171941009,16,2.2156965420394448,1.6981666951188075,3,False,True,0,36,False,False,12,0,False,False
3084,188086.8,7.172039391557469,16,1.4782899042109219,1.388706446366758,3,True,True,0,36,False,False,12,0,False,False
3085,188087.0,7.285902039740285,16,3.4299072953894956,2.2886447249950908,6,True,True,0,35,False,False,11,0,False,False
3086,188087.2,7.3062848312242235,19,3.360908579906614,2.1508799171504975,2,True,True,0,36,False,False,12,0,False,False
3087,188087.4,7.241651281403246,20,3.435018118249669,2.1229599298423962,4,True,True,0,36,False,False,12,0,False,False
3088,188087.6,7.108846579221464,21,3.343247028345182,2.081490356128426,3,True,True,0,36,False,False,12,0,False,False
3089,188087.8,7.016730423303242,23,3.676630377920094,2.2633335986921748,2,True,True,0,37,False,False,13,0,False,False
3090,188088.0,6.962263706515848,22,3.5224707753047166,2.233564327855354,2,True,True,0,37,False,False,13,0,False,False
3091,188088.2,6.965566554956889,20,3.3127303011872398,2.1149236249550736,2,True,True,0,37,False,False,13,0,False,False
3092,188088.4,7.199476447160706,17,2.2518378014762295,1.6415617287823163,20,True,True,0,36,False,False,12,0,False,False
3093,188088.6,7.312107665480092,17,4.1054176438552075,2.5071499555395707,2,True,True,0,37,False,False,13,0,False,False
3094,188088.8,7.350150443403448,19,3.8086116574446387,2.2104240527164927,2,True,True,0,39,False,False,15,0,False,False
3095,188089.0,7.262231570030471,22,3.780873142043081,2.0930406598766833,2,True,True,0,41,False,False,17,0,False,False
3096,188089.2,7.128765249914263,25,3.741069394595892,2.037968724126345,2,True,True,0,42,False,False,18,0,False,False
3097,188089.4,7.019172074134558,29,3.7012966669765963,2.0118790878781483,2,True,True,0,44,False,False,20,0,False,False
3098,188089.6,6.976596314546653,30,3.6643690616120557,2.0419034995766583,2,True,True,0,44,False,False,20,0,False,False
3099,188089.8,6.943910139791114,30,3.6066390778695023,2.0349345066606133,2,True,True,0,44,False,False,20,0,False,False
3100,188090.0,6.897149113111771,30,3.547964812410747,2.009152432321345,2,True,True,0,44,False,False,20,0,False,False
3101,188090.2,6.908686330467463,30,3.4987822527109014,2.013651423541581,2,True,True,0,44,False,False,20,0,False,False
3102,188090.4,6.843237364313308,30,3.286699311210704,1.9120701834733909,2,True,True,0,44,False,False,20,0,False,False
3103,188090.6,6.962274772511117,27,1.380292591502012,1.3157361524331364,2,True,True,0,42,False,False,18,0,False,False
3104,188090.8,7.0483212914546645,26,3.2328845915033853,1.8399614196347884,3,True,True,0,42,False,False,18,0,False,False
3105,188091.0,7.03423365274105,26,3.034568516468526,1.6597273970642277,3,True,True,0,42,False,False,18,0,False,False
3106,188091.2,6.997466781224182,26,2.96994910496195,1.610016033482068,2,True,True,0,42,False,False,18,0,False,False
3107,188091.4,6.93921918963908,26,2.9772207082614437,1.5995093858995069,2,True,True,0,42,False,False,18,0,False,False
3108,188091.6,6.927242524280019,29,3.0299342061408843,1.6044294372436283,3,True,True,0,44,False,False,20,0,False,False
3109,188091.8,6.90939099323818,30,2.993061690173471,1.6105708714493019,2,True,True,0,44,False,False,20,0,False,False
3110,188092.0,6.8991165099624014,30,3.0024299056651045,1.6327067444168473,2,True,True,0,44,False,False,20,0,False,False
3111,188092.2,6.891685006022116,30,3.0065926152360603,1.681662442218596,2,True,True,0,44,False,False,20,0,False,False
3112,188092.4,6.8715229734838,30,3.050265800568163,1.7287355786388692,2,True,True,0,44,False,False,20,0,False,False
3113,188092.6,6.836598894920655,31,6.786672260514808,2.799735516721818,2,True,True,0,44,False,False,20,0,False,False
3114,188092.8,6.798679537495791,32,6.512063520172914,2.7385478937739602,2,True,True,0,44,False,False,20,0,False,False
3115,188093.0,2.2121346964949975,33,6.15940164274614,2.7160452939500876,2,True,True,0,0,True,False,20,0,False,False
3116,188093.2,1.9166284226607893,34,3.0505348538923287,1.9385119650184706,6,False,True,0,44,False,False,20,0,False,False
3117,188093.4,1.9171026653986754,35,2.9423041844133033,1.8723975969362063,3,False,True,0,45,False,False,21,0,False,False
3118,188093.6,1.907101296572959,34,2.468998393982741,1.4624599360117532,3,False,True,0,46,False,False,22,0,False,False
3119,188093.8,1.899685600610022,33,2.5220076359179626,1.4616824133697257,3,False,True,0,47,False,False,23,0,False,False
3120,188094.0,1.892275739345729,32,2.54854429650709,1.465405206641998,3,False,True,0,48,False,False,24,0,False,False
3121,188094.2,1.8703006727569718,31,2.6801025658609365,1.5204634980521818,3,False,True,0,49,False,False,25,0,False,False
3122,188094.4,1.8497000755611286,30,2.8665237867773388,1.6783046016608492,3,False,True,0,49,False,False,25,0,False,False
3123,188094.6,1.8358551713129523,30,2.7701907768408884,1.698860491186319,3,False,True,0,49,False,False,25,0,False,False
3124,188094.8,1.7831190117960087,30,2.752108507475407,1.6648353848729716,3,True,True,0,48,False,False,24,0,False,False
3125,188095.0,1.7756618713264067,30,2.376420690908954,1.5740541169768192,4,True,True,0,47,False,False,23,0,False,False
3126,188095.2,1.7545753607278733,30,1.082121044888011,1.0297627922332673,3,False,True,0,45,False,False,21,0,False,False
3127,188095.4,1.7506482897832423,30,1.0193707343809941,0.964439539723621,3,True,True,0,43,False,False,19,0,False,False
3128,188095.6,1.7656521193404557,31,2.11160107062128,1.4681989298812341,3,True,True,0,41,False,False,17,0,False,False
3129,188095.8,1.7979608148783202,32,2.1437157187142417,1.4935705217805548,3,True,True,0,40,False,False,16,0,False,False
3130,188096.0,1.857452340138633,33,1.2415616354136882,1.1522686761908933,3,True,True,0,39,False,False,15,0,False,False
3131,188096.2,1.9192053463120042,34,1.3456638295784635,1.2128399537374919,3,False,True,0,39,False,False,15,0,False,False
3132,188096.4,1.978296580769004,35,1.3395939237624697,1.1906903873466825,3,True,True,0,39,False,False,15,0,False,False
3133,188096.6,2.0472378683469987,34,1.3534540540902311,1.2573812113728007,3,True,True,0,39,False,False,15,0,False,False
3134,188096.8,2.1352989981687043,33,1.809170039345188,1.6635317904922016,3,True,True,0,39,False,False,15,0,False,False
3135,188097.0,2.218547217673973,32,1.66372679920765,1.5975420820976416,3,True,True,0,39,False,False,15,0,False,False
3136,188097.2,2.2950596033216457,31,1.5140199448050295,1.439872501554563,3,True,True,0,39,False,False,15,0,False,False
3137,188097.4,2.3691170706226035,30,1.361128863588783,1.3070938164464274,2,True,True,0,39,False,False,15,0,False,False
3138,188097.6,2.436993132644646,30,1.2149158241750007,1.1877783115424965,3,False,True,0,39,False,False,15,0,False,False
3139,188097.8,2.5060080095968233,30,1.2577632197036352,1.2404411757367133,2,True,True,0,39,False,False,15,0,False,False
3140,188098.0,2.5769965260128607,30,1.2365816144415123,1.2142945694801441,3,False,True,0,39,False,False,15,0,False,False
3141,188098.2,2.6372764331243013,30,1.2766125467975808,1.2293772654379065,3,True,True,0,39,False,False,15,0,False,False
3142,188098.4,2.6900557105474605,30,1.255841808030573,1.206238291166099,2,True,True,0,39,False,False,15,0,False,False
3143,188098.6,2.7419514830851885,30,1.1839402833035648,1.1252002619792478,2,False,True,0,39,False,False,15,0,False,False
3144,188098.8,2.797908714024698,30,1.2609226547557024,1.1811369248722154,2,False,True,0,39,False,False,15,0,False,False
3145,188099.0,2.845229857040998,30,1.3638270326088076,1.235879887365306,2,False,True,0,39,False,False,15,0,False,False
3146,188099.2,2.8869891388200206,30,1.418387407364875,1.239606045626489,2,False,True,0,39,False,False,15,0,False,False
3147,188099.4,2.9348469767555696,30,1.476121367702299,1.2566995232786506,2,True,True,0,40,False,False,16,0,False,False
3148,188099.6,2.927392319759509,30,1.4309472526848104,1.279601301840872,3,True,True,0,41,False,False,17,0,False,False
3149,188099.8,2.914688072821318,30,1.5508716949873,1.3721772231090472,3,True,True,0,42,False,False,18,0,False,False
3150,188100.0,2.904223910243502,30,1.5943026491265893,1.371329893280163,3,True,True,0,43,False,False,19,0,False,False
3151,188100.2,2.891493235220521,30,1.6374294755660062,1.3685904534774407,3,False,True,0,44,False,False,20,0,False,False
3152,188100.4,2.898714378346221,30,1.7398732145524,1.4014251534761544,3,True,True,0,45,False,False,21,0,False,False
3153,188100.6,2.910774327645916,30,1.7648255520434115,1.4110210688664062,2,True,True,0,46,False,False,22,0,False,False
3154,188100.8,2.9269757691606015,29,1.816072384901212,1.4921073573287549,2,True,True,0,47,False,False,23,0,False,False
3155,188101.0,3.586041554600267,25,0.7391649315230364,0.7391649315230364,2,False,True,0,45,False,False,21,0,False,False
3156,188101.2,4.272545844791749,22,1.423232415159476,1.2325443228543485,2,True,True,0,44,False,False,20,0,False,False
3157,188101.4,4.993220376150278,18,2.1239731625258793,1.591280795575785,2,True,True,0,41,False,False,17,0,False,False
3158,188101.6,5.788156058432589,13,1.199741993099451,1.199741993099451,2,True,True,0,37,False,False,13,0,False,False
3159,188101.8,6.482983694494964,12,3.435357131417073,2.2854349038071273,2,False,True,0,35,False,False,11,0,False,False
3160,188102.0,7.220057206535956,12,6.021456998763396,3.2567283125784896,2,False,True,0,33,False,False,9,0,False,False
3161,188102.2,8.06649001726716,11,3.045489469402845,1.8223598580421043,2,False,True,0,32,False,False,8,0,False,False
3162,188102.4,8.615301690838622,11,3.2429622946068744,1.9578138113069001,13,True,True,0,32,False,False,8,0,False,False
3163,188102.6,9.015473786371299,15,5.1181007351539,2.3975383519489495,15,True,True,0,32,False,False,8,0,False,False
3164,188102.8,9.27979689067323,14,5.23064442866706,2.668293939005664,15,True,True,0,30,False,False,6,0,False,False
3165,188103.0,10.093463549367875,14,4.6708061150546385,2.5904995522581267,17,True,True,0,30,False,False,6,0,False,False
3166,188103.2,11.163283862550642,14,3.344673765491099,2.2103198294658175,17,True,True,0,28,False,False,4,0,False,False
3167,188103.4,12.216436470800891,13,6.735143672674894,3.3548084344459412,14,True,True,0,26,False,False,2,0,False,False
3168,188103.6,13.069215986182591,14,7.305829247806692,2.9003086182585394,2,False,True,0,26,False,False,2,0,False,False
3169,188103.8,13.526619046252076,17,7.515190010923824,2.904201053212817,12,True,True,0,26,False,False,2,0,False,False
3170,188104.0,3.602949933198509,21,7.817590032858764,3.092517940351819,14,True,True,0,0,True,False,3,0,False,False
3171,188104.2,3.87500208994349,25,2.025343149907939,1.7154635833132785,25,True,True,0,28,False,False,4,0,False,False
3172,188104.4,4.110475009147678,30,2.278120364856825,1.7900211257174163,21,True,True,0,29,False,False,5,0,False,False
3173,188104.6,4.291102404992299,30,2.254214585387672,1.7152382103137012,21,True,True,0,29,False,False,5,0,False,False
3174,188104.8,4.4095663440622745,30,2.168444953206244,1.622816177908153,20,True,True,0,29,False,False,5,0,False,False
3175,188105.0,4.514891255882001,30,2.2220911132089656,1.6165803737985325,21,True,True,0,29,False,False,5,0,False,False
3176,188105.2,4.5952703027822155,30,2.224588572154303,1.6217667888126905,20,True,True,0,29,False,False,5,0,False,False
3177,188105.4,4.658959945823281,29,2.5067069014068695,1.877388747133709,20,True,True,0,29,False,False,5,0,False,False
3178,188105.6,4.699764441827811,29,2.240265238419878,1.6795161929653089,19,True,True,0,29,False,False,5,0,False,False
3179,188105.8,4.726676081513905,29,2.1839004827513406,1.6794681186400628,19,True,True,0,29,False,False,5,0,False,False
3180,188106.0,4.735944224801424,29,2.1680035306350316,1.6994057313432152,19,True,True,0,30,False,False,6,0,False,False
3181,188106.2,4.713974999479395,30,6.916075979962797,2.7736331540353865,5,True,True,0,31,False,False,7,0,False,False
3182,188106.4,4.612240271527942,31,2.2005071278769686,1.7106362693253236,6,True,True,0,36,False,False,12,0,False,False
3183,188106.6,4.535845520206359,30,2.3158401376687006,1.7473938775099769,6,True,True,0,40,False,False,16,0,False,False
3184,188106.8,4.401662377406952,32,6.960758619994555,2.849041556529803,3,False,True,0,45,False,False,21,0,False,False
3185,188107.0,4.325983530596439,32,2.0464741805755877,1.7259747430782004,3,True,True,0,49,False,False,25,0,False,False
3186,188107.2,4.332717421738894,31,2.0035402921010035,1.7065408391970218,3,True,True,0,53,False,False,29,0,False,False
3187,188107.4,4.33259780915201,31,2.0410790576891547,1.7225003744091403,3,True,True,0,53,False,False,29,0,False,False
3188,188107.6,4.313313238384692,34,7.620929025339435,2.8838588887163743,3,True,True,0,54,False,False,30,0,False,False
3189,188107.8,4.295102168370633,34,8.049569857796394,2.905148193915931,3,True,True,0,54,False,False,30,0,False,False
3190,188108.0,4.265562812006872,34,1.8320803675080637,1.5876171666307566,3,False,True,0,54,False,False,30,0,False,False
3191,188108.2,4.286139185499701,33,1.0201120188207153,1.0201120188207153,3,True,True,0,53,False,False,29,0,False,False
3192,188108.4,4.507862486244442,31,2.257341877206938,1.7767584358144082,3,True,True,0,51,False,False,27,0,False,False
3193,188108.6,4.803336601924927,26,2.7556250512636296,2.2817492972214155,2,False,True,0,48,False,False,24,0,False,False
3194,188108.8,5.214576982517172,22,2.2610543105967067,1.977589404664916,2,False,True,0,46,False,False,22,0,False,False
3195,188109.0,5.314424430958392,21,2.2194883608178633,1.866192414634053,3,True,True,0,45,False,False,21,0,False,False
3196,188109.2,5.466033174109386,19,2.6840324212965125,2.199719742710608,17,True,True,0,42,False,False,18,0,False,False
3197,188109.4,5.524309551137594,20,2.5830416329445276,2.011113273555761,15,True,True,0,43,False,False,19,0,False,False
3198,188109.6,5.734743684730196,19,1.6960538055581196,1.4172515931871248,12,True,True,0,42,False,False,18,0,False,False
3199,188109.8,6.130736202937894,17,2.4030653060207112,1.9251197838067555,16,True,True,0,40,False,False,16,0,False,False
3200,188110.0,6.925330076741768,13,3.164506834000349,2.36255733951832,18,True,True,0,36,False,False,12,0,False,False
3201,188110.2,7.767246028235772,12,3.3044413093552794,2.241601314897768,18,True,True,0,36,False,False,12,0,False,False
3202,188110.4,8.361108160287449,8,4.233279507607222,2.4811637791733747,13,True,True,0,32,False,False,8,0,False,False
3203,188110.6,8.735206024873833,11,5.312819269825203,3.0409481195488786,16,True,True,0,32,False,False,8,0,False,False
3204,188110.8,8.850726102452267,15,4.876146334337874,2.7868439869037993,16,True,True,0,32,False,False,8,0,False,False
3205,188111.0,8.832404345338997,20,4.993044909465006,2.736367201007703,16,True,True,0,33,False,False,9,0,False,False
3206,188111.2,8.899104642738026,24,5.08099960758002,2.7246110529712992,17,True,True,0,33,False,False,9,0,False,False
3207,188111.4,8.950409208666478,29,5.171989041695292,2.725669227778014,16,True,True,0,34,False,False,10,0,False,False
3208,188111.6,8.992204140605963,30,5.285112195366185,2.7281654668877042,16,True,True,0,34,False,False,10,0,False,False
3209,188111.8,9.039481144658607,30,5.36457315687045,2.7080343707400654,16,True,True,0,34,False,False,10,0,False,False
3210,188112.0,9.086485546193419,30,5.491907865536681,2.747175716232443,16,True,True,0,34,False,False,10,0,False,False
3211,188112.2,9.143287851754636,30,5.626199234896205,2.791932784215726,16,True,True,0,34,False,False,10,0,False,False
3212,188112.4,9.188018150789135,30,5.674966561969784,2.7932999851123848,15,True,True,0,38,False,False,14,0,False,False
3213,188112.6,8.875714304468861,29,5.2027960979059635,2.6810565954801087,16,True,True,0,41,False,False,17,0,False,False
3214,188112.8,8.794108662423163,29,5.383753429535751,2.684487942313773,17,True,True,0,44,False,False,20,0,False,False
3215,188113.0,8.75070463464588,29,5.341686789783279,2.668233641705538,3,True,True,0,47,False,False,23,0,False,False
3216,188113.2,8.767137329681201,27,5.561537635462495,2.691266555328369,2,True,True,0,48,False,False,24,0,False,False
3217,188113.4,9.045686725383453,26,4.734027832296146,2.5002394298720767,23,True,True,0,46,False,False,22,0,False,False
3218,188113.6,9.041069496122374,27,5.456208318448212,2.693423219606437,3,True,True,0,46,False,False,22,0,False,False
3219,188113.8,9.417030148981414,23,5.857615632043502,2.9134884587379237,22,True,True,0,42,False,False,18,0,False,False
3220,188114.0,10.14199662800866,23,6.248875314668517,2.9093551346244846,5,True,True,0,39,False,False,15,0,False,False
3221,188114.2,10.442560931402811,25,6.47395458194199,3.0760401431793554,17,True,True,0,38,False,False,14,0,False,False
3222,188114.4,2.9444842592307103,26,6.714740682688212,2.9436349439100997,21,True,True,0,0,True,False,12,0,False,False
3223,188114.6,2.495403721258581,27,6.949271717163223,2.2285491059074216,6,True,True,0,33,False,False,9,0,False,False
3224,188114.8,2.3205727703554953,31,7.414359654570432,2.4522698478512237,3,True,True,0,34,False,False,10,0,False,False
3225,188115.0,13.171729158011916,31,6.706978868062601,2.511695140734,3,True,True,0,0,True,False,10,0,False,False
3226,188115.2,11.229850992631755,32,5.662331315611605,2.9603498939222823,11,True,True,0,34,False,False,10,0,False,False
3227,188115.4,10.767642470997009,33,5.21906283487208,2.830102783404399,2,False,True,0,34,False,False,10,0,False,False
3228,188115.6,10.501334741228197,32,5.273018511293378,2.916469709930041,2,False,True,0,34,False,False,10,0,False,False
3229,188115.8,10.369217739765988,31,3.3617600275843964,2.2623278141328886,2,True,True,0,34,False,False,10,0,False,False
3230,188116.0,10.258066039212679,32,4.341257666698597,2.5639443115698075,2,True,True,0,34,False,False,10,0,False,False
3231,188116.2,10.038339694790967,29,2.203228358029569,1.8542323017442701,2,False,True,0,33,False,False,9,0,False,False
3232,188116.4,9.811781660391627,25,2.0200909648662315,1.5971331286796246,2,True,True,0,33,False,False,9,0,False,False
3233,188116.6,9.620758839616661,22,2.4161870438929447,1.9007414551821582,2,True,True,0,33,False,False,9,0,False,False
3234,188116.8,9.387629473443353,19,2.585391023031493,2.027512902747819,2,True,True,0,32,False,False,8,0,False,False
3235,188117.0,9.144830548332324,14,2.335066041479828,1.7962025898461118,2,True,True,0,31,False,False,7,0,False,False
3236,188117.2,8.92836569492325,12,2.249942945528812,1.9143299092996573,2,True,True,0,31,False,False,7,0,False,False
3237,188117.4,8.696361631214476,11,2.8835553183081055,2.064357919087859,2,True,True,0,30,False,False,6,0,False,False
3238,188117.6,8.51582118599723,12,2.280331861739444,1.7856768604336186,3,True,True,0,30,False,False,6,0,False,False
3239,188117.8,8.439498917803537,13,2.3990718539233957,1.849334807227463,3,True,True,0,31,False,False,7,0,False,False
3240,188118.0,8.403390655807256,14,2.4895202295879115,1.839491958094619,3,False,True,0,32,False,False,8,0,False,False
3241,188118.2,8.414482221370799,15,2.5697938443473802,1.7795253004647036,3,True,True,0,33,False,False,9,0,False,False
3242,188118.4,8.400039192987277,16,2.8839348790479797,1.897053262410284,3,False,True,0,35,False,False,11,0,False,False
3243,188118.6,8.392118003227495,15,3.0124795423160675,1.9826935789663005,3,False,True,0,36,False,False,12,0,False,False
3244,188118.8,8.368181823539093,15,3.1760737293942345,2.070636987451743,3,False,True,0,37,False,False,13,0,False,False
3245,188119.0,8.314100062191574,15,3.367344311840069,2.189907157573843,3,True,True,0,38,False,False,14,0,False,False
3246,188119.2,8.3041681738352,15,3.6060472342274172,2.251797840696718,2,True,True,0,39,False,False,15,0,False,False
3247,188119.4,8.22167509174412,14,3.3129025976039723,2.0893977609102317,3,True,True,0,38,False,False,14,0,False,False
3248,188119.6,8.200069919991549,14,3.176023324942882,2.0998224375090424,3,True,True,0,38,False,False,14,0,False,False
3249,188119.8,8.173062211133912,15,3.625933232989826,2.4477322242085187,3,True,True,0,38,False,False,14,0,False,False
3250,188120.0,8.122041281196283,16,3.4727680594778354,2.379426285031629,2,True,True,0,38,False,False,14,0,False,False
3251,188120.2,8.057828741830647,17,3.479404747338099,2.4253447886061617,2,True,True,0,38,False,False,14,0,False,False
3252,188120.4,7.968088295786917,19,3.5963704308544955,2.460999285139727,2,True,True,0,39,False,False,15,0,False,False
3253,188120.6,7.895736478425037,20,3.463164340261384,2.374025272985686,2,True,True,0,39,False,False,15,0,False,False
3254,188120.8,7.81054785346301,20,3.4445666838921283,2.3899289444425316,2,True,True,0,39,False,False,15,0,False,False
3255,188121.0,7.726046638803803,20,3.2672031787061058,2.288737611397652,2,True,True,0,39,False,False,15,0,False,False
3256,188121.2,7.644266224890092,20,3.325669489201532,2.2559288673715687,2,True,True,0,39,False,False,15,0,False,False
3257,188121.4,7.588554756954428,20,3.5612845524729675,2.2994994037629746,2,True,True,0,39,False,False,15,0,False,False
3258,188121.6,7.519126288355018,20,3.7911961672825316,2.364209402463168,2,True,True,0,39,False,False,15,0,False,False
3259,188121.8,7.461501089452156,20,3.750830744280079,2.4166463746844418,2,True,True,0,39,False,False,15,0,False,False
3260,188122.0,7.382747551830373,20,3.5269463112977673,2.176692238271473,2,True,True,0,39,False,False,15,0,False,False
3261,188122.2,7.289566089684996,20,3.4853785716216654,2.17179545811288,2,True,True,0,39,False,False,15,0,False,False
3262,188122.4,7.219755244205207,20,3.395267012677813,2.2756294557308094,2,True,True,0,39,False,False,15,0,False,False
3263,188122.6,7.145408944127534,20,3.166879355340577,2.076238389327619,2,True,True,0,39,False,False,15,0,False,False
3264,188122.8,7.053363729732265,20,2.967071840889057,2.028587241120383,2,True,True,0,39,False,False,15,0,False,False
3265,188123.0,6.973539473907566,20,2.8663253659762242,2.080919863337708,3,True,True,0,39,False,False,15,0,False,False
3266,188123.2,6.927062537486511,20,2.675056874031801,1.9553342217642913,3,True,True,0,39,False,False,15,0,False,False
3267,188123.4,6.870321838790213,20,2.5768730804442326,1.9427321713318493,3,True,True,0,39,False,False,15,0,False,False
3268,188123.6,6.812005786748182,20,2.7546116011195076,1.980949142102505,3,True,True,0,39,False,False,15,0,False,False
3269,188123.8,6.783127545273756,20,2.8144214033176036,2.0027620237704036,3,True,True,0,39,False,False,15,0,False,False
3270,188124.0,6.678968118463685,19,3.3411779398204082,2.2936271495905025,2,True,True,0,38,False,False,14,0,False,False
3271,188124.2,6.59785081667319,18,3.5122876938472753,2.2971789001089045,3,True,True,0,37,False,False,13,0,False,False
3272,188124.4,6.51226800981721,17,3.475685529414229,2.2961840437134424,3,False,True,0,36,False,False,12,0,False,False
3273,188124.6,6.432155193921103,16,3.4023666265880235,2.2706022472144776,3,True,True,0,35,False,False,11,0,False,False
3274,188124.8,6.358288213685378,15,3.6332927619034803,2.3910646867883605,3,True,True,0,35,False,False,11,0,False,False
3275,188125.0,6.297945278124172,15,3.951390552615682,2.491958720276504,3,True,True,0,36,False,False,12,0,False,False
3276,188125.2,6.2456017105862855,15,4.239685888499996,2.6053895825257,3,True,True,0,37,False,False,13,0,False,False
3277,188125.4,6.198460052773246,15,4.323247149784164,2.6980147770084284,3,True,True,0,38,False,False,14,0,False,False
3278,188125.6,6.166570551766098,15,4.476184460471004,2.743978946115074,3,True,True,0,39,False,False,15,0,False,False
3279,188125.8,6.1598371457098215,15,4.527067205856648,2.623616985076549,3,True,True,0,39,False,False,15,0,False,False
3280,188126.0,6.118370361892582,15,4.462152510202474,2.586362460816921,3,False,True,0,39,False,False,15,0,False,False
3281,188126.2,6.09624150265994,15,4.4764340588088345,2.5513502648647517,2,True,True,0,39,False,False,15,0,False,False
3282,188126.4,6.077436509386246,15,4.524485317190206,2.6740030247513396,2,True,True,0,39,False,False,15,0,False,False
3283,188126.6,6.058721183743943,15,4.451602002111287,2.5262225254930275,2,True,True,0,39,False,False,15,0,False,False
3284,188126.8,6.0467696784261005,16,4.148134801622044,2.6136421867123576,2,True,True,0,39,False,False,15,0,False,False
3285,188127.0,6.035755405289129,17,4.062203596474477,2.60704452118308,3,True,True,0,39,False,False,15,0,False,False
3286,188127.2,6.040019819844298,18,3.8077247453520693,2.5215903292206034,3,True,True,0,39,False,False,15,0,False,False
3287,188127.4,6.065401259907086,19,3.5379786541951876,2.526898178751254,3,True,True,0,39,False,False,15,0,False,False
3288,188127.6,6.07956333886239,20,3.3959211907478455,2.398658183457479,3,True,True,0,39,False,False,15,0,False,False
3289,188127.8,6.0958014144729065,20,3.472798082720791,2.3683155307618113,3,True,True,0,39,False,False,15,0,False,False
3290,188128.0,6.092823594919111,20,3.7323930458978,2.4067259908972725,3,True,True,0,39,False,False,15,0,False,False
3291,188128.2,6.109115742768058,20,3.699916671617264,2.3772471878248536,3,False,True,0,39,False,False,15,0,False,False
3292,188128.4,6.088701664433649,19,3.8701871872599307,2.3809276043088037,2,True,True,0,38,False,False,14,0,False,False
3293,188128.6,6.070164680823274,19,3.2203487614735558,2.234074416988128,2,True,True,0,38,False,False,14,0,False,False
3294,188128.8,6.057062293403246,19,3.4691547135097625,2.2264658189709947,3,True,True,0,38,False,False,14,0,False,False
3295,188129.0,6.06691657867543,17,3.8956591323408847,2.4742360621652644,3,True,True,0,37,False,False,13,0,False,False
3296,188129.2,6.261170039925199,15,3.224624705126828,2.4175172393611803,25,False,True,0,36,False,False,12,0,False,False
3297,188129.4,6.625863017308989,13,4.087958734482527,2.9938434073602456,2,True,True,0,35,False,False,11,0,False,False
3298,188129.6,7.2546970149998895,9,inf,inf,2,True,False,0,32,False,False,8,0,False,False
3299,188129.8,7.960473767870155,5,inf,inf,2,True,False,0,29,False,False,5,0,False,False
3300,188130.0,8.714780023262962,3,inf,inf,2,True,False,0,27,False,False,3,0,False,False
3301,188130.2,9.319673538161172,5,6.671994033950169,3.6561912253330977,2,False,True,0,28,False,False,4,0,False,False
3302,188130.4,9.496075859062344,8,6.9010779618206,3.7003401644852403,3,True,True,0,30,False,False,6,0,False,False
3303,188130.6,4.130345269966398,12,6.44590600182207,3.5651058876390853,16,True,True,0,0,True,False,9,0,False,False
3304,188130.8,4.152871000321896,16,0.20820601308771391,0.20820601308771391,6,True,True,0,36,False,False,12,0,False,False
3305,188131.0,4.169176986257831,19,0.3289806291151733,0.3289806291151733,3,True,True,0,38,False,False,14,0,False,False
3306,188131.2,4.172429918390559,19,0.5196822230438264,0.5196822230438264,3,True,True,0,38,False,False,14,0,False,False
3307,188131.4,4.075812287517992,17,0.4562107941841113,0.4562107941841113,3,True,True,0,36,False,False,12,0,False,False
3308,188131.6,3.9874603397259754,17,0.4537445622301121,0.4537445622301121,3,True,True,0,35,False,False,11,0,False,False
3309,188131.8,4.054640695238039,16,0.7176566304180559,0.7176566304180559,3,True,True,0,33,False,False,9,0,False,False
3310,188132.0,4.299414367144937,15,0.4970738520500287,0.4970738520500287,3,True,True,0,31,False,False,7,0,False,False
3311,188132.2,4.609760721200308,11,inf,inf,2,True,False,0,28,False,False,4,0,False,False
3312,188132.4,4.943406297183619,10,1.2869044952094555,1.2869044952094555,2,True,True,0,28,False,False,4,0,False,False
3313,188132.6,5.3584680052843,6,inf,inf,2,True,False,0,26,False,False,2,0,False,False
3314,188132.8,5.845647931859101,3,inf,inf,2,True,False,0,25,False,False,1,0,False,False
3315,188133.0,6.394968163722685,1,inf,inf,2,True,False,0,25,False,False,1,0,False,False
3316,188133.2,7.006426265017649,1,inf,inf,2,True,False,0,25,False,False,1,0,False,False
3317,188133.4,7.6700794317337735,0,inf,inf,2,True,False,0,24,False,False,0,0,False,False
3318,188133.6,8.391903015712199,0,inf,inf,2,True,False,0,24,False,False,0,0,False,False
3319,188133.8,9.164970888380973,0,inf,inf,2,True,False,0,24,False,False,0,0,False,False
3320,188134.0,9.984443039189992,0,inf,inf,2,True,False,0,24,False,False,0,0,False,False
3321,188134.2,10.847547459348029,0,inf,inf,2,True,False,0,24,False,False,0,0,False,False
3322,188134.4,11.754205208073325,0,inf,inf,2,True,False,0,24,False,False,0,0,False,False
3323,188134.6,12.706337567660764,0,inf,inf,2,True,False,0,24,False,False,0,0,False,False
3324,188134.8,13.705627869610026,0,inf,inf,2,True,False,0,24,False,False,0,0,False,False
3325,188135.0,14.745978665473725,0,inf,inf,2,True,False,0,24,False,False,0,0,False,False
3326,188135.2,15.561889930848524,4,12.180583628465753,4.746449630046056,2,False,True,0,24,False,False,0,0,False,False
3327,188135.4,16.446108596627568,8,10.209802183906175,3.9160997451751327,2,False,True,0,24,False,False,0,0,False,False
3328,188135.6,10.299293703335643,13,12.531085180530853,4.1540472792175835,2,False,True,0,0,True,False,0,0,False,False
3329,188135.8,9.710592369208646,19,5.251689517092461,2.686267624814581,3,False,True,0,24,False,False,0,0,False,False
3330,188136.0,9.94500284356606,25,5.270178662069914,2.649461983085297,2,False,True,0,24,False,False,0,0,False,False
3331,188136.2,10.422068971005546,27,5.582520603020188,2.691276275905838,2,False,True,0,24,False,False,0,0,False,False
3332,188136.4,10.97658581348223,28,6.550239998290271,2.908029435193015,2,False,True,0,27,False,False,3,0,False,False
3333,188136.6,11.065310854585274,28,6.607750699010656,2.8953655885640592,15,True,True,0,30,False,False,6,0,False,False
3334,188136.8,6.741497920146273,27,6.43464112697037,2.8915746852420177,18,True,True,0,0,True,False,10,0,False,False
3335,188137.0,6.769523842220633,26,0.6928395756333157,0.6928395756333157,5,False,True,0,38,False,False,14,0,False,False
3336,188137.2,6.7414913057930566,24,0.9607699655731008,0.9607699655731008,3,True,True,0,42,False,False,18,0,False,False
3337,188137.4,6.726615828855575,23,1.056927090061155,1.056927090061155,3,True,True,0,42,False,False,18,0,False,False
3338,188137.6,6.731239112193375,21,1.3220372353049634,1.3220372353049634,3,True,True,0,42,False,False,18,0,False,False
3339,188137.8,6.7346412599416645,19,1.4481389850472957,1.4481389850472957,3,True,True,0,41,False,False,17,0,False,False
3340,188138.0,6.743290937999642,18,1.420978760066152,1.388959183744482,3,True,True,0,40,False,False,16,0,False,False
3341,188138.2,6.716631300230984,18,1.6477320583993142,1.5671126132500337,3,True,True,0,39,False,False,15,0,False,False
3342,188138.4,6.6432145777427145,19,1.3700881616234062,1.3009428014206177,4,True,True,0,40,False,False,16,0,False,False
3343,188138.6,6.579858237139075,20,1.440696524213028,1.3965386388618661,4,True,True,0,41,False,False,17,0,False,False
3344,188138.8,6.544400563343298,21,1.4168678431948056,1.4036601048938333,4,True,True,0,42,False,False,18,0,False,False
3345,188139.0,6.513227037904304,21,1.3714127483814122,1.3378695480270302,4,True,True,0,43,False,False,19,0,False,False
3346,188139.2,6.518008630062395,21,1.4735559817491912,1.4036582137799372,3,True,True,0,44,False,False,20,0,False,False
3347,188139.4,6.520272148163376,20,1.5742272938723698,1.540552249396233,3,False,True,0,44,False,False,20,0,False,False
3348,188139.6,6.511293403420444,20,1.6447587986580803,1.5963635996469092,3,False,True,0,44,False,False,20,0,False,False
3349,188139.8,6.500594715580944,20,1.6171061048381867,1.5829694473802662,3,False,True,0,44,False,False,20,0,False,False
3350,188140.0,6.479030547924045,20,1.709755160830502,1.6777659784942078,3,False,True,0,44,False,False,20,0,False,False
3351,188140.2,6.480266781075044,20,1.7625034630717686,1.678495350523389,3,False,True,0,44,False,False,20,0,False,False
3352,188140.4,6.452516640609581,21,20.988801720616276,4.264650241633082,3,False,True,0,44,False,False,20,0,False,False
3353,188140.6,4.542160678686423,22,20.216834516610877,4.534942792034649,9,True,True,0,44,False,False,20,0,False,False
3354,188140.8,42.08048542825152,23,19.684827557930664,4.5484494826340605,11,True,True,0,0,True,False,20,0,False,False
3355,188141.0,42.334247239717506,24,4.954969491922061,2.55338923147436,6,False,True,0,44,False,False,20,0,False,False
3356,188141.2,42.44197183526702,25,4.9331258685505865,2.3077394632615054,3,False,True,0,44,False,False,20,0,False,False
3357,188141.4,42.48857874547817,24,5.034250242896127,2.2831719930507206,3,True,True,0,44,False,False,20,0,False,False
3358,188141.6,42.47573406105426,23,4.976354392314638,2.3342258123436945,3,True,True,0,44,False,False,20,0,False,False
3359,188141.8,42.44888263122532,22,4.865211278917626,2.2881311168962895,3,True,True,0,44,False,False,20,0,False,False
3360,188142.0,42.40611477912918,21,4.751248953051948,2.3140281625139107,3,True,True,0,44,False,False,20,0,False,False
3361,188142.2,42.3448167862066,20,4.753431156786963,2.3334795420433676,3,True,True,0,44,False,False,20,0,False,False
3362,188142.4,42.28558271681125,20,4.788789213050211,2.1960724406243743,3,True,True,0,44,False,False,20,0,False,False
3363,188142.6,42.21441091569493,20,4.8364542823161,2.245966599465262,3,True,True,0,44,False,False,20,0,False,False
3364,188142.8,42.161594041683436,20,4.861701982225604,2.2553346036767477,3,True,True,0,44,False,False,20,0,False,False
3365,188143.0,42.1140838252873,20,4.9367409791453545,2.2317446769920517,3,True,True,0,44,False,False,20,0,False,False
3366,188143.2,42.059662735343814,20,4.976273881906745,2.284073733091755,3,True,True,0,44,False,False,20,0,False,False
3367,188143.4,42.00819713291116,20,4.953033637803738,2.2890510154913093,3,True,True,0,44,False,False,20,0,False,False
3368,188143.6,41.93537354426512,19,5.752789896432868,2.6773224791891823,3,True,True,0,43,False,False,19,0,False,False
3369,188143.8,41.85202020007505,19,4.989538185885069,2.3670507242054266,3,True,True,0,43,False,False,19,0,False,False
3370,188144.0,41.785553223214905,19,4.9172855980159875,2.471053397883839,3,True,True,0,42,False,False,18,0,False,False
3371,188144.2,41.726885138747285,19,4.949228915084796,2.4120642450512872,3,True,True,0,41,False,False,17,0,False,False
3372,188144.4,41.65399790104883,19,4.9544132460422246,2.369377156852484,3,True,True,0,40,False,False,16,0,False,False
3373,188144.6,41.612185297134744,20,4.886204049433553,2.418861035984727,3,True,True,0,40,False,False,16,0,False,False
3374,188144.8,41.52320661406387,20,4.804417239819641,2.151615730890617,3,True,True,0,39,False,False,15,0,False,False
3375,188145.0,41.461803964616315,20,4.860309691664078,2.149240636273396,3,True,True,0,39,False,False,15,0,False,False
3376,188145.2,41.37609734846063,19,5.643485735273169,2.4790566487694883,3,True,True,0,39,False,False,15,0,False,False
3377,188145.4,41.25431711930805,18,5.593662598456996,2.552457261936116,3,True,True,0,39,False,False,15,0,False,False
3378,188145.6,41.198972152342265,18,4.961197910920609,2.374471432856962,3,True,True,0,39,False,False,15,0,False,False
3379,188145.8,41.122448342183986,17,5.839824445201989,2.5575015177237206,3,True,True,0,39,False,False,15,0,False,False
3380,188146.0,41.033266063401214,16,5.91493777216527,2.5330601030292152,3,True,True,0,39,False,False,15,0,False,False
3381,188146.2,40.93633751201118,17,5.141960017468353,2.117510881301153,3,True,True,0,39,False,False,15,0,False,False
3382,188146.4,40.82254692630114,19,11.487021634138554,3.7800712667838416,3,True,True,0,39,False,False,15,0,False,False
3383,188146.6,40.705011741626116,20,11.485808471512215,3.7523589230805348,3,True,True,0,39,False,False,15,0,False,False
3384,188146.8,31.831542774906307,23,10.623212374339134,3.4976136791702137,3,True,True,0,0,True,False,15,0,False,False
3385,188147.0,30.505508128576626,26,5.149410398034675,2.7421807237425884,6,True,True,0,39,False,False,15,0,False,False
3386,188147.2,30.306096856029313,28,5.302837552423563,2.774939096805661,3,True,True,0,39,False,False,15,0,False,False
3387,188147.4,30.193823736384523,28,5.067109032192884,2.717235856868229,3,True,True,0,39,False,False,15,0,False,False
3388,188147.6,30.10188883319399,28,4.9949196798905025,2.8250835298500196,2,True,True,0,39,False,False,15,0,False,False
3389,188147.8,30.00894666919932,27,4.9526114307074804,2.82770905724196,2,True,True,0,39,False,False,15,0,False,False
3390,188148.0,29.92900604213666,26,6.183630391424667,3.1339026650768993,2,True,True,0,39,False,False,15,0,False,False
3391,188148.2,29.82669630734095,26,5.830314059203698,3.0091768076860297,3,True,True,0,39,False,False,15,0,False,False
3392,188148.4,29.774804820129646,26,5.779186378131167,3.0266055920561357,3,True,True,0,39,False,False,15,0,False,False
3393,188148.6,29.733256593616428,26,5.439840797476268,2.9431388244670447,2,True,True,0,39,False,False,15,0,False,False
3394,188148.8,29.706152810038525,26,5.251104669862783,2.874777508586638,2,True,True,0,40,False,False,16,0,False,False
3395,188149.0,29.71860881338934,27,4.652638877320854,2.6274893294360884,2,True,True,0,41,False,False,17,0,False,False
3396,188149.2,29.712360974440525,26,5.024625436691826,2.7766546034260866,3,True,True,0,42,False,False,18,0,False,False
3397,188149.4,29.70118687327393,26,4.761350932108467,2.6824955360394043,3,True,True,0,42,False,False,18,0,False,False
3398,188149.6,29.703537571991397,25,5.060382493958201,2.781419146033845,3,True,True,0,42,False,False,18,0,False,False
3399,188149.8,29.723572949791343,24,4.977495895491761,2.7657107992608965,3,True,True,0,41,False,False,17,0,False,False
3400,188150.0,29.686075507175715,22,8.77599076797401,3.5146434863445037,2,True,True,0,39,False,False,15,0,False,False
3401,188150.2,29.630217271297436,21,8.456692525470267,3.4414725601243985,2,True,True,0,37,False,False,13,0,False,False
3402,188150.4,98.09331622155624,21,26.55471450238442,5.088378560585432,2,True,True,0,0,True,False,12,0,False,False
3403,188150.6,97.82934090041765,23,14.746610638883572,4.048815891298134,8,True,True,0,34,False,False,10,0,False,False
3404,188150.8,97.60127416336957,24,15.239999637893535,3.970641764189899,2,False,True,0,32,False,False,8,0,False,False
3405,188151.0,24.891390564688958,26,18.89796430934158,4.762563033333646,8,True,True,0,0,True,False,7,0,False,False
3406,188151.2,25.376113378208824,28,3.889238561392252,2.2895641554791677,9,True,True,0,30,False,False,6,0,False,False
3407,188151.4,25.504874447568593,28,3.7742335167648573,2.2948646153632963,2,False,True,0,28,False,False,4,0,False,False
3408,188151.6,25.58087037341746,28,4.383859350041607,2.49368868963662,2,False,True,0,27,False,False,3,0,False,False
3409,188151.8,25.672894637852387,28,3.9149897895834007,2.5528002472487623,2,False,True,0,26,False,False,2,0,False,False
3410,188152.0,25.737359599905222,26,4.289856498040697,2.5049252461353166,2,False,True,0,25,False,False,1,0,False,False
3411,188152.2,25.732984398037143,23,5.136812135125699,2.954785509339412,2,False,True,0,24,False,False,0,0,False,False
3412,188152.4,25.774151097870377,20,5.393238844774183,3.3147003685272103,2,False,True,0,24,False,False,0,0,False,False
3413,188152.6,25.73610119552373,17,9.531707620255803,4.645429422633004,2,False,True,0,24,False,False,0,0,False,False
3414,188152.8,25.589236955836057,16,12.728479909975464,5.07874818053254,2,False,True,0,24,False,False,0,0,False,False
3415,188153.0,14.110628253580947,15,9.251525880520834,4.531445320916401,2,False,True,0,0,True,False,0,0,False,False
3416,188153.2,14.469353381364822,16,0.42850640536024986,0.42850640536024986,4,True,True,0,24,False,False,0,0,False,False
3417,188153.4,14.57437534629874,19,7.388397981787424,3.7451040188954217,2,False,True,0,24,False,False,0,0,False,False
3418,188153.6,14.592750876780654,22,8.139280272215833,3.8672011357997578,2,False,True,0,24,False,False,0,0,False,False
3419,188153.8,13.465314704303028,23,7.094873722157741,2.9388533290569745,2,False,True,0,0,True,False,0,0,False,False
3420,188154.0,12.295661801104204,25,5.3807508481234105,2.651293174200633,4,True,True,0,24,False,False,0,0,False,False
3421,188154.2,12.207490207574137,26,5.787772695835545,2.565940471421137,2,False,True,0,24,False,False,0,0,False,False
3422,188154.4,12.348090896828563,26,6.884407863483878,2.91803611076809,2,False,True,0,24,False,False,0,0,False,False
3423,188154.6,12.58052158890308,24,8.145031066809777,3.2451658533999495,2,False,True,0,24,False,False,0,0,False,False
3424,188154.8,6.747761395849877,23,8.612748283402556,3.264504049392886,2,False,True,0,0,True,False,0,0,False,False
3425,188155.0,5.61042083699441,23,4.2805237247450485,2.389309551091398,6,True,True,0,24,False,False,0,0,False,False
3426,188155.2,5.152773364079642,22,4.546906124060872,2.8708672641755553,2,False,True,0,24,False,False,0,0,False,False
3427,188155.4,4.849025797796866,19,10.26197220213591,4.927917311756864,2,False,True,0,24,False,False,0,0,False,False
3428,188155.6,4.641683885688779,16,8.177686087787151,3.9376060187546997,2,False,True,0,24,False,False,0,0,False,False
3429,188155.8,4.534395255645049,13,10.240696497261524,4.365303291054795,2,False,True,0,24,False,False,0,0,False,False
3430,188156.0,4.42997750135618,10,9.433901814517268,4.413985564373866,2,False,True,0,24,False,False,0,0,False,False
3431,188156.2,4.465575718036583,6,inf,inf,2,False,False,0,24,False,False,0,0,False,False
3432,188156.4,4.666000721373706,4,inf,inf,2,False,False,0,24,False,False,0,0,False,False
3433,188156.6,5.05727097379957,5,9.681321201993613,4.076361864606491,2,False,True,0,24,False,False,0,0,False,False
3434,188156.8,5.491091974489194,7,14.266707683756957,4.3030871521763805,2,False,True,0,24,False,False,0,0,False,False
3435,188157.0,6.047739980721927,8,12.26152245846225,3.7019744664703564,2,False,True,0,24,False,False,0,0,False,False
3436,188157.2,24.842024283409923,12,9.397147500565993,3.154257277893693,2,False,True,0,0,True,False,0,0,False,False
3437,188157.4,24.487596114525935,16,4.696108112988322,2.460162101100128,4,True,True,0,24,False,False,0,0,False,False
3438,188157.6,24.187935510465152,19,11.521346946128041,3.755511482002833,2,False,True,0,24,False,False,0,0,False,False
3439,188157.8,23.895163778358544,21,12.136688263875715,3.732556990414989,2,False,True,0,24,False,False,0,0,False,False
3440,188158.0,17.691752953717682,23,20.465191363938203,5.367634144373415,2,False,True,0,0,True,False,0,0,False,False
3441,188158.2,18.179797055006922,23,3.189677301632962,2.1943513470633675,6,False,True,0,24,False,False,0,0,False,False
3442,188158.4,18.859132585099644,21,3.093554885494957,2.2649479279199856,2,False,True,0,24,False,False,0,0,False,False
3443,188158.6,19.65552744194396,17,3.858713835477829,2.5557028393799315,2,False,True,0,24,False,False,0,0,False,False
3444,188158.8,20.55127495015389,15,4.698834963139789,2.9974287405215274,2,False,True,0,24,False,False,0,0,False,False
3445,188159.0,21.532671006239504,13,4.7542931835800015,2.907002887267667,2,False,True,0,24,False,False,0,0,False,False
3446,188159.2,22.550946682534406,12,4.723671148543409,2.855538865524803,2,False,True,0,24,False,False,0,0,False,False
3447,188159.4,23.63410621625145,13,4.489351704421177,2.7520030564187983,2,False,True,0,24,False,False,0,0,False,False
3448,188159.6,24.767065349467565,14,6.006512461384542,3.378840671782555,2,False,True,0,24,False,False,0,0,False,False
3449,188159.8,25.98635084580189,14,5.687647750142491,2.9074411766137462,2,False,True,0,24,False,False,0,0,False,False
3450,188160.0,27.231823269818555,14,5.8242277339204485,2.8672926086181962,2,False,True,0,24,False,False,0,0,False,False
3451,188160.2,28.489442103928972,14,6.204609040794428,2.977673990736108,2,False,True,0,24,False,False,0,0,False,False
3452,188160.4,29.77843034986016,14,7.284565348276695,3.344259922287292,2,False,True,0,24,False,False,0,0,False,False
3453,188160.6,60.78106372306689,15,7.874099668597897,3.6065086185813384,2,False,True,0,0,True,False,0,0,False,False
3454,188160.8,61.527437772918546,15,2.234947724705644,1.7178377470685529,6,True,True,0,25,False,False,1,0,False,False
3455,188161.0,62.13027390943488,14,2.223435077738338,2.223435077738338,8,True,True,0,26,False,False,2,0,False,False
3456,188161.2,62.587104276299684,14,45.36695992819642,9.809642104818261,7,True,True,0,27,False,False,3,0,False,False
3457,188161.4,56.37716882964142,14,37.202533734585245,8.927879346790094,4,False,True,0,28,False,False,4,0,False,False
3458,188162.4,15.54515728275552,14,20.5644137722271,5.254234382608675,4,False,True,0,0,True,False,4,0,False,False
3459,188162.6,15.915558363758981,14,1.191988760691361,1.1751019075867195,13,True,True,0,27,False,False,3,0,False,False
3460,188162.8,15.910414620898116,16,3.0726993710217005,1.837165488936769,2,False,True,0,26,False,False,2,0,False,False
3461,188163.0,15.82173984445614,17,3.436910358147434,2.014307308098772,2,False,True,0,25,False,False,1,0,False,False
3462,188163.2,15.689755798395854,18,3.7908010446091382,2.1620548811356843,2,False,True,0,24,False,False,0,0,False,False
3463,188163.4,15.568312279086381,19,4.048227579432801,2.2470373826281853,2,False,True,0,24,False,False,0,0,False,False
3464,188163.6,15.465625660324482,20,4.459379684217393,2.398178385995383,2,False,True,0,24,False,False,0,0,False,False
3465,188163.8,15.379875032049265,20,4.984412781652263,2.545871802039443,2,False,True,0,24,False,False,0,0,False,False
3466,188164.0,15.336601532905844,20,5.264955246601957,2.645224114978349,2,False,True,0,24,False,False,0,0,False,False
3467,188164.2,15.333284743768562,20,5.635463994220062,2.7615022358689467,2,False,True,0,24,False,False,0,0,False,False
3468,188164.4,15.37190214262637,20,6.045295658590114,2.87044124750429,2,False,True,0,24,False,False,0,0,False,False
3469,188164.6,15.44940580496862,20,6.3943316219974635,2.9342554557880827,2,False,True,0,24,False,False,0,0,False,False
3470,188164.8,9.679037449109014,20,6.8325285278771295,3.0289509184112497,2,False,True,0,0,True,False,0,0,False,False
3471,188165.0,9.206553255192327,20,1.2304402967264334,1.1301032033225813,3,False,True,0,24,False,False,0,0,False,False
3472,188165.2,8.98848384290134,20,2.1678735703389695,1.57910071609325,2,False,True,0,24,False,False,0,0,False,False
3473,188165.4,8.867601233250834,20,2.6409698710015346,1.8319326260313276,2,False,True,0,24,False,False,0,0,False,False
3474,188165.6,8.876939843799446,18,1.644765686636364,1.5652611598553714,2,False,True,0,24,False,False,0,0,False,False
3475,188165.8,8.975134873964961,17,3.2885092354289442,2.288334999307864,2,False,True,0,24,False,False,0,0,False,False
3476,188166.0,9.24629043262858,15,2.7518870112630793,2.28500517467679,2,False,True,0,24,False,False,0,0,False,False
3477,188166.2,9.666427467368852,13,3.2229807682735845,2.538593997280711,2,False,True,0,24,False,False,0,0,False,False
3478,188166.4,10.240511975767081,11,3.966385187234442,2.774911800016173,2,False,True,0,24,False,False,0,0,False,False
3479,188166.6,10.954295243286234,11,4.539466662083629,2.91264305674854,2,False,True,0,26,False,False,2,0,False,False
3480,188166.8,11.27696150678882,10,4.872245937982165,3.0494512406046397,20,True,True,0,28,False,False,4,0,False,False
3481,188167.0,11.551181183935347,10,5.1305497768683725,3.139243835472212,23,True,True,0,30,False,False,6,0,False,False
3482,188167.2,11.53679445153049,10,5.138911225278018,3.187721174171389,24,True,True,0,32,False,False,8,0,False,False
3483,188167.4,13.414981696389521,10,5.6343258034052655,2.9996246595726768,14,True,True,0,34,False,False,10,0,False,False
3484,188167.6,14.272472170273309,10,6.141191082849907,3.124725354177273,15,True,True,0,33,False,False,9,0,False,False
3485,188167.8,15.001328814963305,10,6.660076430674275,3.249467852447029,21,True,True,0,32,False,False,8,0,False,False
3486,188168.0,15.649864421507779,11,10.08520247023193,3.7648779183045624,25,False,True,0,31,False,False,7,0,False,False
3487,188168.2,16.322066861317595,12,10.628241280944108,3.8872293165577454,25,False,True,0,30,False,False,6,0,False,False
3488,188168.4,17.096847219378212,12,8.63340980103581,3.717963908465548,25,False,True,0,29,False,False,5,0,False,False
3489,188168.6,17.826731881122257,13,12.21723444518694,4.19196666224395,13,True,True,0,29,False,False,5,0,False,False
3490,188168.8,19.103047102325696,14,13.330129200481215,4.425811626508867,14,True,True,0,28,False,False,4,0,False,False
3491,188169.0,19.99177511745404,14,14.666743395911332,4.639959959807038,12,True,True,0,0,True,False,3,0,False,False
3492,188169.2,20.042092640616456,13,1.993642512356186,1.4613076859929597,16,True,True,0,26,False,False,2,0,False,False
3493,188169.4,20.20878650112037,13,2.7083887404337763,1.9182184549628611,2,False,True,0,25,False,False,1,0,False,False
3494,188169.6,20.378687354479954,12,3.2832645422470867,2.1302318351199134,2,False,True,0,24,False,False,0,0,False,False
3495,188169.8,20.56893503473542,11,4.082016430888305,2.4382380738050577,2,False,True,0,24,False,False,0,0,False,False
3496,188170.0,21.225676060333047,11,5.554252388732119,2.7966905383925535,4,True,True,0,24,False,False,0,0,False,False
3497,188170.2,21.533564715511837,11,5.50964505604964,2.829915158105498,2,True,True,0,24,False,False,0,0,False,False
3498,188170.4,21.790587257119235,11,5.9856429272854115,2.939162520561921,2,False,True,0,24,False,False,0,0,False,False
3499,188170.6,23.452252441581177,11,6.645129251574577,3.16362487029422,4,True,True,0,24,False,False,0,0,False,False
3500,188170.8,24.094964654346708,11,7.3697379923008395,3.3824798610424875,4,True,True,0,24,False,False,0,0,False,False
3501,188171.0,24.545737544039827,10,8.031712150475425,3.571473701806329,2,False,True,0,24,False,False,0,0,False,False
3502,188171.2,32.71589450468545,10,11.085901798865642,4.34294477470465,4,True,True,0,24,False,False,0,0,False,False
3503,188171.4,35.63471681905562,10,13.78913726567556,4.8556520592465215,4,True,True,0,24,False,False,0,0,False,False
3504,188171.6,36.78971761038988,10,14.80492734549248,5.371056153360178,3,True,True,0,24,False,False,0,0,False,False
3505,188171.8,37.533887049041496,10,15.557094041047765,5.1467413193674805,2,False,True,0,24,False,False,0,0,False,False
3506,188172.0,36.16650386175146,9,15.876177627593279,5.340900651023248,3,True,True,0,24,False,False,0,0,False,False
3507,188172.2,35.70778212892879,8,15.165935207158327,5.204483294254572,2,True,True,0,24,False,False,0,0,False,False
3508,188172.4,35.489197526841636,7,15.05964158847928,5.1587224632880115,2,True,True,0,24,False,False,0,0,False,False
3509,188172.6,35.386867382405434,6,15.34351809322834,5.270226244959798,2,True,True,0,24,False,False,0,0,False,False
3510,188172.8,35.394727526110685,5,15.776967905461788,5.393504795144223,2,True,True,0,24,False,False,0,0,False,False
3511,188173.0,36.556209277192,5,16.595889627933502,5.520897197017604,2,True,True,0,24,False,False,0,0,False,False
3512,188173.2,38.93321799915427,5,18.526887141168118,5.820728479809467,2,True,True,0,24,False,False,0,0,False,False
3513,188173.4,39.25486499711376,5,19.36739407107234,5.938731793281727,2,True,True,0,24,False,False,0,0,False,False
3514,188173.6,38.78169208757958,6,17.250008524887715,5.754072461407433,2,True,True,0,24,False,False,0,0,False,False
3515,188173.8,38.56963961545226,6,18.936785608530045,5.822988314002415,2,True,True,0,24,False,False,0,0,False,False
3516,188174.0,38.42234945878988,6,19.150534257292747,5.900049496846527,2,True,True,0,24,False,False,0,0,False,False
3517,188174.2,38.32151956499139,6,19.254076026380062,5.974559223531905,2,True,True,0,24,False,False,0,0,False,False
3518,188174.4,38.24914020724205,6,19.52923968806863,6.020775469400908,2,True,True,0,24,False,False,0,0,False,False
3519,188174.6,38.22746227143862,5,20.039444390684366,6.094275431240634,2,True,True,0,24,False,False,0,0,False,False
3520,188174.8,37.76699072106981,6,18.736091313042667,6.087055269544423,2,True,True,0,24,False,False,0,0,False,False
3521,188175.0,37.20771471309602,7,18.381724546152295,6.002722122775253,2,True,True,0,24,False,False,0,0,False,False
3522,188175.2,36.360993414967815,8,17.957083154240745,5.586214384483953,2,True,True,0,24,False,False,0,0,False,False
3523,188175.4,35.48048031946892,9,17.447234427508427,5.511311565555329,2,True,True,0,24,False,False,0,0,False,False
3524,188175.6,34.58743928597601,10,17.263017076316533,5.470525591069918,2,True,True,0,24,False,False,0,0,False,False
3525,188175.8,33.96857515497198,10,17.01956037181244,5.742780097932267,2,True,True,0,24,False,False,0,0,False,False
3526,188176.0,33.20937524233037,10,16.750318498054366,5.383266838271338,2,True,True,0,24,False,False,0,0,False,False
3527,188176.2,32.47740129490445,10,16.61050366351567,5.3613684017718874,2,True,True,0,24,False,False,0,0,False,False
3528,188176.4,31.85728595227223,10,15.70009227722509,5.161736169751471,2,True,True,0,24,False,False,0,0,False,False
3529,188176.6,32.940916082257175,9,19.914760034531355,6.114280171625773,2,True,True,0,24,False,False,0,0,False,False
3530,188176.8,33.24220934456752,8,20.36545379087329,6.181712343759182,2,True,True,0,24,False,False,0,0,False,False
3531,188177.0,33.460510973552715,7,20.935718547552824,6.283394741198906,2,True,True,0,24,False,False,0,0,False,False
3532,188177.2,33.74605843378946,6,21.64824653416872,6.397463378052246,2,True,True,0,24,False,False,0,0,False,False
3533,188177.4,34.105746532873134,5,21.7702195905149,6.386958548204514,2,True,True,0,24,False,False,0,0,False,False
3534,188177.6,34.14746059367659,6,17.172204671224527,5.667057839968568,2,True,True,0,24,False,False,0,0,False,False
3535,188177.8,34.49154225407866,6,21.375155173242092,6.350820349454469,2,True,True,0,24,False,False,0,0,False,False
3536,188178.0,34.890426337360566,6,21.85344661399722,6.391734805377085,2,True,True,0,24,False,False,0,0,False,False
3537,188178.2,35.33308492996841,6,21.487823750823736,6.333811430703475,2,True,True,0,24,False,False,0,0,False,False
3538,188178.4,35.77712931358115,6,22.165109172463417,6.396723058563387,2,True,True,0,24,False,False,0,0,False,False
3539,188178.6,35.86549342033924,6,18.55408985158069,5.873801732204562,2,True,True,0,24,False,False,0,0,False,False
3540,188178.8,35.87878433321962,7,18.34267444658285,5.8120355181524035,2,True,True,0,24,False,False,0,0,False,False
3541,188179.0,35.87640332627745,8,17.98642692501462,5.794613621821699,2,True,True,0,24,False,False,0,0,False,False
3542,188179.2,35.852811785608885,9,17.962271531939546,5.771791232532687,2,True,True,0,24,False,False,0,0,False,False
3543,188179.4,35.8522419252336,10,17.798086628249923,5.758912255784733,2,True,True,0,24,False,False,0,0,False,False
3544,188179.6,35.89679027656925,10,17.749290560486408,5.721362574671918,2,True,True,0,24,False,False,0,0,False,False
3545,188179.8,35.968942821603854,10,17.772079211204716,5.708293307397201,2,True,True,0,24,False,False,0,0,False,False
3546,188180.0,36.035357959690295,10,18.009712132739224,5.747694007675259,2,True,True,0,24,False,False,0,0,False,False
3547,188180.2,36.08651892145724,10,18.30253028772505,5.763461537737296,2,True,True,0,24,False,False,0,0,False,False
3548,188180.4,36.47778227877486,9,23.947550285607576,6.693761982094882,2,True,True,0,24,False,False,0,0,False,False
3549,188180.6,36.97267795883994,8,23.955147184431553,6.713620879646517,2,True,True,0,24,False,False,0,0,False,False
3550,188180.8,37.52260844681496,7,23.848270535469055,6.682310800147293,2,True,True,0,24,False,False,0,0,False,False
3551,188181.0,38.83301120284608,5,inf,inf,2,True,False,0,24,False,False,0,0,False,False
3552,188181.2,41.01621080433821,4,27.83107514679432,7.206044250868426,3,True,True,0,24,False,False,0,0,False,False
3553,188181.4,42.14877280122276,3,inf,inf,2,True,False,0,24,False,False,0,0,False,False
3554,188181.6,44.316232969542106,3,30.64740777015686,7.5638389574340215,3,True,True,0,24,False,False,0,0,False,False
3555,188181.8,44.570653965282695,3,29.483844373375177,7.486564409507631,3,True,True,0,24,False,False,0,0,False,False
3556,188182.0,46.02280084589321,3,inf,inf,2,True,False,0,24,False,False,0,0,False,False
3557,188182.2,48.58999564811914,2,inf,inf,3,True,False,0,24,False,False,0,0,False,False
3558,188182.4,50.892439111311006,2,inf,inf,2,True,False,0,24,False,False,0,0,False,False
3559,188182.6,53.19619021748888,1,inf,inf,2,True,False,0,24,False,False,0,0,False,False
3560,188182.8,55.55094160158724,0,inf,inf,2,True,False,0,24,False,False,0,0,False,False
3561,188183.0,57.95789257052355,0,inf,inf,2,True,False,0,24,False,False,0,0,False,False
3562,188183.2,60.41626588742712,0,inf,inf,2,True,False,0,24,False,False,0,0,False,False
3563,188183.4,62.925094490308645,0,inf,inf,2,True,False,0,24,False,False,0,0,False,False
3564,188183.6,65.48354118312764,0,inf,inf,2,True,False,0,24,False,False,0,0,False,False
3565,188183.8,68.09074726748707,0,inf,inf,2,True,False,0,24,False,False,0,0,False,False
3566,188184.0,70.74585576832227,0,inf,inf,2,True,False,0,24,False,False,0,0,False,False
3567,188184.2,73.44820266542823,0,inf,inf,2,True,False,0,24,False,False,0,0,False,False
3568,188184.4,76.19725961228434,0,inf,inf,2,True,False,0,24,False,False,0,0,False,False
3569,188184.6,78.99238219450356,0,inf,inf,2,True,False,0,24,False,False,0,0,False,False
3570,188184.8,81.83327893234268,0,inf,inf,2,True,False,0,24,False,False,0,0,False,False
3571,188185.0,84.71923835584369,0,inf,inf,2,True,False,0,24,False,False,0,0,False,False
3572,188185.2,87.65013877991954,0,inf,inf,2,True,False,0,24,False,False,0,0,False,False
3573,188185.4,90.62534003647538,0,inf,inf,2,True,False,0,24,False,False,0,0,False,False
3574,188185.6,93.64463851447225,0,inf,inf,2,True,False,0,24,False,False,0,0,False,False
3575,188185.8,96.70785199597522,0,inf,inf,2,True,False,0,24,False,False,0,0,False,False
3576,188186.0,99.81462825524878,0,inf,inf,2,True,False,0,24,False,False,0,0,False,False
3577,188186.2,102.96480384076104,0,inf,inf,2,True,False,0,24,False,False,0,0,False,False
3578,188186.4,106.1582597573577,0,inf,inf,2,True,False,0,24,False,False,0,0,False,False
3579,188186.6,109.39460441650563,0,inf,inf,2,True,False,0,24,False,False,0,0,False,False
3580,188186.8,112.67365277186714,0,inf,inf,2,True,False,0,24,False,False,0,0,False,False
3581,188187.0,115.99522921416116,0,inf,inf,2,True,False,0,24,False,False,0,0,False,False
3582,188187.2,119.35926053461571,0,inf,inf,2,True,False,0,24,False,False,0,0,False,False
3583,188187.4,122.76557577789698,0,inf,inf,2,True,False,0,24,False,False,0,0,False,False
3584,188187.6,126.21375159548606,0,inf,inf,2,True,False,0,24,False,False,0,0,False,False
3585,188187.8,129.70400757184115,0,inf,inf,2,True,False,0,24,False,False,0,0,False,False
3586,188188.0,133.23633696293277,0,inf,inf,2,True,False,0,24,False,False,0,0,False,False
3587,188188.2,136.81035881812048,0,inf,inf,2,True,False,0,24,False,False,0,0,False,False
3588,188188.4,140.42623071825017,0,inf,inf,2,True,False,0,24,False,False,0,0,False,False
3589,188188.6,144.0837751547295,0,inf,inf,2,True,False,0,24,False,False,0,0,False,False
3590,188188.8,147.78289857066247,0,inf,inf,2,True,False,0,24,False,False,0,0,False,False
3591,188189.0,151.52343855283536,0,inf,inf,2,True,False,0,24,False,False,0,0,False,False
3592,188189.2,155.30551699473497,0,inf,inf,2,True,False,0,24,False,False,0,0,False,False
3593,188189.4,159.12896594374658,0,inf,inf,2,True,False,0,24,False,False,0,0,False,False
3594,188189.6,162.99370386797978,0,inf,inf,2,True,False,0,24,False,False,0,0,False,False
3595,188189.8,166.8998527032065,0,inf,inf,2,True,False,0,24,False,False,0,0,False,False
3596,188190.0,170.84719459047963,0,inf,inf,2,True,False,0,24,False,False,0,0,False,False
3597,188190.2,174.83602975565722,0,inf,inf,2,True,False,0,24,False,False,0,0,False,False
3598,188190.4,178.86604688916637,0,inf,inf,2,True,False,0,24,False,False,0,0,False,False
3599,188190.6,182.93715885018392,0,inf,inf,2,True,False,0,24,False,False,0,0,False,False
3600,188190.8,187.0493103236882,0,inf,inf,2,True,False,0,24,False,False,0,0,False,False
3601,188191.0,191.2025761411201,0,inf,inf,2,True,False,0,24,False,False,0,0,False,False
3602,188191.2,195.39692918890134,0,inf,inf,2,True,False,0,24,False,False,0,0,False,False
3603,188191.4,199.63248473629082,0,inf,inf,2,True,False,0,24,False,False,0,0,False,False
3604,188191.6,203.90890189680033,0,inf,inf,2,True,False,0,24,False,False,0,0,False,False
3605,188191.8,208.22616806109053,0,inf,inf,2,True,False,0,24,False,False,0,0,False,False
3606,188192.0,212.58442516017195,0,inf,inf,2,True,False,0,24,False,False,0,0,False,False
3607,188192.2,216.98373730388917,0,inf,inf,2,True,False,0,24,False,False,0,0,False,False
3608,188192.4,221.4238180568022,0,inf,inf,2,True,False,0,24,False,False,0,0,False,False
3609,188192.6,256.94093354134264,0,inf,inf,3,True,False,0,24,False,False,0,0,False,False
3610,188192.8,274.1431373661789,0,inf,inf,3,True,False,0,24,False,False,0,0,False,False
3611,188193.0,282.7505815786436,0,inf,inf,3,True,False,0,24,False,False,0,0,False,False
3612,188193.2,287.1047171189782,0,inf,inf,2,True,False,0,24,False,False,0,0,False,False
3613,188193.4,292.98166327027883,0,inf,inf,2,True,False,0,24,False,False,0,0,False,False
3614,188193.6,296.88752999120743,0,inf,inf,3,True,False,0,24,False,False,0,0,False,False
3615,188193.8,300.4393649623543,0,inf,inf,2,True,False,0,24,False,False,0,0,False,False
3616,188194.0,303.9533805057167,0,inf,inf,2,True,False,0,24,False,False,0,0,False,False
3617,188194.2,307.49276773851847,0,inf,inf,2,True,False,0,24,False,False,0,0,False,False
3618,188194.4,311.06976022035,0,inf,inf,2,True,False,0,24,False,False,0,0,False,False
3619,188194.6,330.0221088496002,0,inf,inf,3,True,False,0,24,False,False,0,0,False,False
3620,188194.8,337.3455812665205,0,inf,inf,3,True,False,0,24,False,False,0,0,False,False
3621,188195.0,341.8644577600495,0,inf,inf,3,True,False,0,24,False,False,0,0,False,False
3622,188195.2,345.7224358526039,0,inf,inf,2,True,False,0,24,False,False,0,0,False,False
3623,188195.4,349.48150998482805,0,inf,inf,2,True,False,0,24,False,False,0,0,False,False
3624,188195.6,353.25346233098435,0,inf,inf,2,True,False,0,24,False,False,0,0,False,False
3625,188195.8,357.06053188049367,0,inf,inf,2,True,False,0,24,False,False,0,0,False,False
3626,188196.0,360.9070513511971,0,inf,inf,2,True,False,0,24,False,False,0,0,False,False
3627,188196.2,364.79362821358393,0,inf,inf,2,True,False,0,24,False,False,0,0,False,False
3628,188196.4,368.7208804871858,0,inf,inf,2,True,False,0,24,False,False,0,0,False,False
3629,188196.6,372.6886116088501,0,inf,inf,2,True,False,0,24,False,False,0,0,False,False
3630,188196.8,376.69657930560743,0,inf,inf,2,True,False,0,24,False,False,0,0,False,False
3631,188197.0,380.74517499436257,0,inf,inf,2,True,False,0,24,False,False,0,0,False,False
3632,188197.2,384.8342783031569,0,inf,inf,2,True,False,0,24,False,False,0,0,False,False
3633,188197.4,388.96376004897473,0,inf,inf,2,True,False,0,24,False,False,0,0,False,False
3634,188197.6,393.133964108738,0,inf,inf,2,True,False,0,24,False,False,0,0,False,False
3635,188197.8,397.34465724968413,0,inf,inf,2,True,False,0,24,False,False,0,0,False,False
3636,188198.0,401.5958755619272,0,inf,inf,2,True,False,0,24,False,False,0,0,False,False
3637,188198.2,405.88754966004217,0,inf,inf,2,True,False,0,24,False,False,0,0,False,False
3638,188198.4,410.2198612660794,0,inf,inf,2,True,False,0,24,False,False,0,0,False,False
3639,188198.6,414.59264223461577,0,inf,inf,2,True,False,0,24,False,False,0,0,False,False
3640,188198.8,419.00617611243024,0,inf,inf,2,True,False,0,24,False,False,0,0,False,False
3641,188199.0,423.4603051295732,0,inf,inf,2,True,False,0,24,False,False,0,0,False,False
3642,188199.2,427.95484744165066,0,inf,inf,2,True,False,0,24,False,False,0,0,False,False
3643,188199.4,432.49015163216706,0,inf,inf,2,True,False,0,24,False,False,0,0,False,False
3644,188199.6,437.06608423072174,0,inf,inf,2,True,False,0,24,False,False,0,0,False,False
3645,188199.8,441.68277413777304,0,inf,inf,2,True,False,0,24,False,False,0,0,False,False
3646,188200.0,446.33993557396974,0,inf,inf,2,True,False,0,24,False,False,0,0,False,False
3647,188200.2,451.0377851714581,0,inf,inf,2,True,False,0,24,False,False,0,0,False,False
3648,188200.4,455.7763301853639,0,inf,inf,2,True,False,0,24,False,False,0,0,False,False
3649,188200.6,463.86111344691955,0,inf,inf,3,True,False,0,24,False,False,0,0,False,False
3650,188200.8,495.6703239117276,0,inf,inf,3,True,False,0,24,False,False,0,0,False,False
3651,188201.0,508.07179794590525,0,inf,inf,3,True,False,0,24,False,False,0,0,False,False
3652,188201.2,514.6573742182205,0,inf,inf,3,True,False,0,24,False,False,0,0,False,False
3653,188201.4,519.5630561584375,0,inf,inf,2,True,False,0,24,False,False,0,0,False,False
3654,188201.6,524.1688626223024,0,inf,inf,2,True,False,0,24,False,False,0,0,False,False
3655,188201.8,528.7486325636668,0,inf,inf,2,True,False,0,24,False,False,0,0,False,False
3656,188202.0,533.3561207198879,0,inf,inf,2,True,False,0,24,False,False,0,0,False,False
3657,188202.2,538.0015903473807,0,inf,inf,2,True,False,0,24,False,False,0,0,False,False
3658,188202.4,542.6875694725254,0,inf,inf,2,True,False,0,24,False,False,0,0,False,False
3659,188202.6,547.4140508900871,0,inf,inf,2,True,False,0,24,False,False,0,0,False,False
3660,188202.8,552.1812008300813,0,inf,inf,2,True,False,0,24,False,False,0,0,False,False
3661,188203.0,556.9892201521568,0,inf,inf,2,True,False,0,24,False,False,0,0,False,False
3662,188203.2,561.8379500843267,0,inf,inf,2,True,False,0,24,False,False,0,0,False,False
3663,188203.4,566.7272973697227,0,inf,inf,2,True,False,0,24,False,False,0,0,False,False
3664,188203.6,571.6576639098837,0,inf,inf,2,True,False,0,24,False,False,0,0,False,False
3665,188203.8,576.6286431719274,0,inf,inf,2,True,False,0,24,False,False,0,0,False,False
3666,188204.0,581.6405016974129,0,inf,inf,2,True,False,0,24,False,False,0,0,False,False
3667,188204.2,586.6930043137492,0,inf,inf,2,True,False,0,24,False,False,0,0,False,False
3668,188204.4,591.7863802927801,0,inf,inf,2,True,False,0,24,False,False,0,0,False,False
3669,188204.6,596.9205157653579,0,inf,inf,2,True,False,0,24,False,False,0,0,False,False
3670,188204.8,602.095264581964,0,inf,inf,2,True,False,0,24,False,False,0,0,False,False
3671,188205.0,607.3109832417008,0,inf,inf,2,True,False,0,24,False,False,0,0,False,False
3672,188205.2,612.5673951701687,0,inf,inf,2,True,False,0,24,False,False,0,0,False,False
3673,188205.4,617.8647116282452,0,inf,inf,2,True,False,0,24,False,False,0,0,False,False
3674,188205.6,623.2027916703638,0,inf,inf,2,True,False,0,24,False,False,0,0,False,False
3675,188205.8,628.5816373614824,0,inf,inf,2,True,False,0,24,False,False,0,0,False,False
3676,188206.0,634.0013279601363,0,inf,inf,2,True,False,0,24,False,False,0,0,False,False
3677,188206.2,639.4618852985585,0,inf,inf,2,True,False,0,24,False,False,0,0,False,False
3678,188206.4,644.9631802675478,0,inf,inf,2,True,False,0,24,False,False,0,0,False,False
3679,188206.6,650.5052864978297,0,inf,inf,2,True,False,0,24,False,False,0,0,False,False
3680,188206.8,656.0882724217296,0,inf,inf,2,True,False,0,24,False,False,0,0,False,False
3681,188207.0,661.7118814952887,0,inf,inf,2,True,False,0,24,False,False,0,0,False,False
3682,188207.2,667.3763107360102,0,inf,inf,2,True,False,0,24,False,False,0,0,False,False
3683,188207.4,673.0816557487177,0,inf,inf,2,True,False,0,24,False,False,0,0,False,False
3684,188207.6,678.8277217488267,0,inf,inf,2,True,False,0,24,False,False,0,0,False,False
3685,188207.8,684.6147857750374,0,inf,inf,2,True,False,0,24,False,False,0,0,False,False
3686,188208.0,690.4425192407931,0,inf,inf,2,True,False,0,24,False,False,0,0,False,False
3687,188208.2,696.3112322733554,0,inf,inf,2,True,False,0,24,False,False,0,0,False,False
3688,188208.4,702.2208156900698,0,inf,inf,2,True,False,0,24,False,False,0,0,False,False
3689,188208.6,708.1711760562723,0,inf,inf,2,True,False,0,24,False,False,0,0,False,False
3690,188208.8,714.1625257756612,0,inf,inf,2,True,False,0,24,False,False,0,0,False,False
3691,188209.0,720.194696137329,0,inf,inf,2,True,False,0,24,False,False,0,0,False,False
3692,188209.2,726.2676234641152,0,inf,inf,2,True,False,0,24,False,False,0,0,False,False
3693,188209.4,732.3817725421812,0,inf,inf,2,True,False,0,24,False,False,0,0,False,False
3694,188209.6,738.5367079320156,0,inf,inf,2,True,False,0,24,False,False,0,0,False,False
3695,188209.8,744.7325017225317,0,inf,inf,2,True,False,0,24,False,False,0,0,False,False
3696,188210.0,750.9693434046721,0,inf,inf,2,True,False,0,24,False,False,0,0,False,False
3697,188210.2,757.2471625978258,0,inf,inf,2,True,False,0,24,False,False,0,0,False,False
3698,188210.4,763.5659392853992,0,inf,inf,2,True,False,0,24,False,False,0,0,False,False
3699,188210.6,769.9258283921771,0,inf,inf,2,True,False,0,24,False,False,0,0,False,False
3700,188210.8,776.3269302879846,0,inf,inf,2,True,False,0,24,False,False,0,0,False,False
3701,188211.0,782.7690439756136,0,inf,inf,2,True,False,0,24,False,False,0,0,False,False
3702,188211.2,789.2522466840863,0,inf,inf,2,True,False,0,24,False,False,0,0,False,False
3703,188211.4,795.776670048934,0,inf,inf,2,True,False,0,24,False,False,0,0,False,False
3704,188211.6,802.3421947708237,0,inf,inf,2,True,False,0,24,False,False,0,0,False,False
3705,188211.8,808.9487600900234,0,inf,inf,2,True,False,0,24,False,False,0,0,False,False
3706,188212.0,815.5963803915384,0,inf,inf,2,True,False,0,24,False,False,0,0,False,False
3707,188212.2,822.2849390981592,0,inf,inf,2,True,False,0,24,False,False,0,0,False,False
3708,188212.4,829.0146690655071,0,inf,inf,2,True,False,0,24,False,False,0,0,False,False
3709,188212.6,835.7855060148318,0,inf,inf,2,True,False,0,24,False,False,0,0,False,False
3710,188212.8,842.5974078525041,0,inf,inf,2,True,False,0,24,False,False,0,0,False,False
3711,188213.0,849.4506091981823,0,inf,inf,2,True,False,0,24,False,False,0,0,False,False
3712,188213.2,856.3448547299537,0,inf,inf,2,True,False,0,24,False,False,0,0,False,False
3713,188213.4,863.2801042907844,0,inf,inf,2,True,False,0,24,False,False,0,0,False,False
3714,188213.6,870.2565857719355,0,inf,inf,2,True,False,0,24,False,False,0,0,False,False
3715,188213.8,877.2739606006871,0,inf,inf,2,True,False,0,24,False,False,0,0,False,False
3716,188214.0,884.3326795521011,0,inf,inf,2,True,False,0,24,False,False,0,0,False,False
3717,188214.2,891.4323950067875,0,inf,inf,2,True,False,0,24,False,False,0,0,False,False
3718,188214.4,898.5732780493294,0,inf,inf,2,True,False,0,24,False,False,0,0,False,False
3719,188214.6,905.7553019730079,0,inf,inf,2,True,False,0,24,False,False,0,0,False,False
3720,188214.8,912.9783733980054,0,inf,inf,2,True,False,0,24,False,False,0,0,False,False
3721,188215.0,920.2428284179708,0,inf,inf,2,True,False,0,24,False,False,0,0,False,False
3722,188215.2,927.5483652178491,0,inf,inf,2,True,False,0,24,False,False,0,0,False,False
3723,188215.4,934.8951934359195,0,inf,inf,2,True,False,0,24,False,False,0,0,False,False
3724,188215.6,942.2830527878776,0,inf,inf,2,True,False,0,24,False,False,0,0,False,False
3725,188215.8,949.7123083037957,0,inf,inf,2,True,False,0,24,False,False,0,0,False,False
3726,188216.0,957.1264773318651,1,438.9407312721014,27.37820196890596,2,False,True,0,24,False,False,0,0,False,False
3727,188216.2,953.7048862374525,1,inf,inf,2,True,False,0,24,False,False,0,0,False,False
3728,188216.4,964.9008360938611,1,inf,inf,3,True,False,0,24,False,False,0,0,False,False
3729,188216.6,973.0771742137833,1,inf,inf,3,True,False,0,24,False,False,0,0,False,False
3730,188216.8,980.7121763015142,1,inf,inf,2,True,False,0,24,False,False,0,0,False,False
3731,188217.0,988.2834273504711,0,inf,inf,2,True,False,0,24,False,False,0,0,False,False
3732,188217.2,995.8755956700271,0,inf,inf,2,True,False,0,24,False,False,0,0,False,False
3733,188217.4,1003.505038809827,0,inf,inf,2,True,False,0,24,False,False,0,0,False,False
3734,188217.6,1011.1751146258206,0,inf,inf,2,True,False,0,24,False,False,0,0,False,False
3735,188217.8,1018.8864893653069,0,inf,inf,2,True,False,0,24,False,False,0,0,False,False
3736,188218.0,1026.6389708172987,0,inf,inf,2,True,False,0,24,False,False,0,0,False,False
3737,188218.2,1034.4328720597018,0,inf,inf,2,True,False,0,24,False,False,0,0,False,False
3738,188218.4,1042.2680430208527,0,inf,inf,2,True,False,0,24,False,False,0,0,False,False
3739,188218.6,1050.1443948311535,0,inf,inf,2,True,False,0,24,False,False,0,0,False,False
3740,188218.8,1058.0621182825025,0,inf,inf,2,True,False,0,24,False,False,0,0,False,False
3741,188219.0,1066.021299576252,0,inf,inf,2,True,False,0,24,False,False,0,0,False,False
3742,188219.2,1074.0217876725014,0,inf,inf,2,True,False,0,24,False,False,0,0,False,False
3743,188219.4,1082.0636309929885,0,inf,inf,2,True,False,0,24,False,False,0,0,False,False
3744,188219.6,1090.1469563225305,0,inf,inf,2,True,False,0,24,False,False,0,0,False,False
3745,188219.8,1098.2715303630866,0,inf,inf,2,True,False,0,24,False,False,0,0,False,False
3746,188220.0,1106.4375048315746,0,inf,inf,2,True,False,0,24,False,False,0,0,False,False
3747,188220.2,1114.6449725979628,0,inf,inf,2,True,False,0,24,False,False,0,0,False,False
3748,188220.4,1122.8936906522579,0,inf,inf,2,True,False,0,24,False,False,0,0,False,False
3749,188220.6,1131.1838587264422,0,inf,inf,2,True,False,0,24,False,False,0,0,False,False
3750,188220.8,1139.5155293350613,0,inf,inf,2,True,False,0,24,False,False,0,0,False,False
3751,188221.0,1147.8886022953188,0,inf,inf,2,True,False,0,24,False,False,0,0,False,False
3752,188221.2,1156.3030507129665,0,inf,inf,2,True,False,0,24,False,False,0,0,False,False
3753,188221.4,1164.7588507473913,0,inf,inf,2,True,False,0,24,False,False,0,0,False,False
3754,188221.6,1173.2562706031447,0,inf,inf,2,True,False,0,24,False,False,0,0,False,False
3755,188221.8,1181.7951521326545,0,inf,inf,2,True,False,0,24,False,False,0,0,False,False
3756,188222.0,1190.3754723222494,0,inf,inf,2,True,False,0,24,False,False,0,0,False,False
3757,188222.2,1198.9972284700732,0,inf,inf,2,True,False,0,24,False,False,0,0,False,False
3758,188222.4,1207.6603568107892,0,inf,inf,2,True,False,0,24,False,False,0,0,False,False
3759,188222.6,1216.3651683329122,0,inf,inf,2,True,False,0,24,False,False,0,0,False,False
3760,188222.8,1225.1114720131536,0,inf,inf,2,True,False,0,24,False,False,0,0,False,False
3761,188223.0,1233.8990984332409,0,inf,inf,2,True,False,0,24,False,False,0,0,False,False
3762,188223.2,1242.7284659148106,0,inf,inf,2,True,False,0,24,False,False,0,0,False,False
3763,188223.4,1251.599266988976,0,inf,inf,2,True,False,0,24,False,False,0,0,False,False
3764,188223.6,1272.6195801068593,0,inf,inf,3,True,False,0,24,False,False,0,0,False,False
3765,188223.8,1283.932983103191,0,inf,inf,3,True,False,0,24,False,False,0,0,False,False
3766,188224.0,1293.3678960432376,0,inf,inf,3,True,False,0,24,False,False,0,0,False,False
3767,188224.2,1302.455279155703,0,inf,inf,2,True,False,0,24,False,False,0,0,False,False
3768,188224.4,1311.5078394492978,0,inf,inf,2,True,False,0,24,False,False,0,0,False,False
3769,188224.6,1320.5873240730264,0,inf,inf,2,True,False,0,24,False,False,0,0,False,False
3770,188224.8,1329.705167582783,0,inf,inf,2,True,False,0,24,False,False,0,0,False,False
3771,188225.0,1338.8639902699344,0,inf,inf,2,True,False,0,24,False,False,0,0,False,False
3772,188225.2,1348.0644069886791,0,inf,inf,2,True,False,0,24,False,False,0,0,False,False
3773,188225.4,1357.3061157207906,0,inf,inf,2,True,False,0,24,False,False,0,0,False,False
3774,188225.6,1366.5895679961457,0,inf,inf,2,True,False,0,24,False,False,0,0,False,False
3775,188225.8,1375.9147858991003,0,inf,inf,2,True,False,0,24,False,False,0,0,False,False
3776,188226.0,1385.2815218161443,0,inf,inf,2,True,False,0,24,False,False,0,0,False,False
3777,188226.2,1394.6901438667462,0,inf,inf,2,True,False,0,24,False,False,0,0,False,False
3778,188226.4,1404.1402893613313,0,inf,inf,2,True,False,0,24,False,False,0,0,False,False
3779,188226.6,1413.632185536734,0,inf,inf,2,True,False,0,24,False,False,0,0,False,False
3780,188226.8,1423.165802386071,0,inf,inf,2,True,False,0,24,False,False,0,0,False,False
3781,188227.0,1432.7408835021333,0,inf,inf,2,True,False,0,24,False,False,0,0,False,False
3782,188227.2,1442.3577109402627,0,inf,inf,2,True,False,0,24,False,False,0,0,False,False
3783,188227.4,1451.969815868964,1,574.8757231943309,28.31285876349815,2,False,True,0,24,False,False,0,0,False,False
3784,188227.6,1428.8780475590356,2,556.3775563426316,27.91974209878555,2,True,True,0,24,False,False,0,0,False,False
3785,188227.8,1410.3288218006248,3,539.9456364437938,27.618376599211437,2,True,True,0,24,False,False,0,0,False,False
3786,188228.0,1407.2852672328736,3,inf,inf,2,True,False,0,24,False,False,0,0,False,False
3787,188228.2,1424.1706920384397,3,inf,inf,3,True,False,0,24,False,False,0,0,False,False
3788,188228.4,1434.4430633516095,2,inf,inf,3,True,False,0,24,False,False,0,0,False,False
3789,188228.6,1443.4948020889715,1,inf,inf,2,True,False,0,24,False,False,0,0,False,False
3790,188228.8,1452.3498830589785,0,inf,inf,2,True,False,0,24,False,False,0,0,False,False
3791,188229.0,1461.200531782527,0,inf,inf,2,True,False,0,24,False,False,0,0,False,False
3792,188229.2,1470.0842843282887,0,inf,inf,2,True,False,0,24,False,False,0,0,False,False
3793,188229.4,1479.008049189485,0,inf,inf,2,True,False,0,24,False,False,0,0,False,False
3794,188229.6,1487.97332610551,0,inf,inf,2,True,False,0,24,False,False,0,0,False,False
3795,188229.8,1496.9808794966189,0,inf,inf,2,True,False,0,24,False,False,0,0,False,False
3796,188230.0,1506.0378815617316,0,inf,inf,2,True,False,0,24,False,False,0,0,False,False
3797,188230.2,1515.1496709011092,0,inf,inf,2,True,False,0,24,False,False,0,0,False,False
3798,188230.4,1524.3118441397382,0,inf,inf,2,True,False,0,24,False,False,0,0,False,False
3799,188230.6,1533.521319711571,0,inf,inf,2,True,False,0,24,False,False,0,0,False,False
3800,188230.8,1542.777606680421,0,inf,inf,2,True,False,0,24,False,False,0,0,False,False
3801,188231.0,1552.0814234301536,0,inf,inf,2,True,False,0,24,False,False,0,0,False,False
3802,188231.2,1561.43142331265,0,inf,inf,2,True,False,0,24,False,False,0,0,False,False
3803,188231.4,1570.7793145773735,1,600.7350891679525,28.085780178087365,2,False,True,0,24,False,False,0,0,False,False
3804,188231.6,1521.4908975322012,3,778.8732391512317,37.127532198143044,2,True,True,0,24,False,False,0,0,False,False
3805,188231.8,1441.9455834249814,6,718.1307475756618,33.94954317733037,2,True,True,0,24,False,False,0,0,False,False
3806,188232.0,1380.683586085143,8,690.9026659454171,34.664711123066695,2,True,True,0,24,False,False,0,0,False,False
3807,188232.2,1321.9642425216332,10,655.2336877948084,34.29101499341247,2,True,True,0,24,False,False,0,0,False,False
3808,188232.4,1265.3787739072554,11,619.9180984846377,33.78573831061277,2,True,True,0,24,False,False,0,0,False,False
3809,188232.6,1236.677252692606,10,448.91501840204,25.20949944984823,2,True,True,0,24,False,False,0,0,False,False
3810,188232.8,1205.5939324567562,8,428.78677586838603,24.47978936814412,2,True,True,0,24,False,False,0,0,False,False
3811,188233.0,1176.7738265184448,7,410.45835803449154,23.769572948859036,2,True,True,0,24,False,False,0,0,False,False
3812,188233.2,1153.2108817286642,6,392.81206879392266,23.015486957550284,2,True,True,0,24,False,False,0,0,False,False
3813,188233.4,1133.4856557807,5,376.0726576298475,22.505286519661734,2,True,True,0,24,False,False,0,0,False,False
3814,188233.6,1062.637170637199,6,647.3668405629151,29.227575013938274,2,True,True,0,24,False,False,0,0,False,False
3815,188233.8,993.6751829003375,6,781.0891103111207,34.108067257756325,2,True,True,0,24,False,False,0,0,False,False
3816,188234.0,931.2896436651906,6,715.6399311125278,33.80641719772791,2,True,True,0,24,False,False,0,0,False,False
3817,188234.2,864.3605847469447,7,479.95377322619925,25.225545374939625,2,True,True,0,24,False,False,0,0,False,False
3818,188234.4,804.3183498022619,7,575.2390067838132,29.68943140519969,2,True,True,0,24,False,False,0,0,False,False
3819,188234.6,742.2078777010663,7,381.5602544760533,22.789574387878567,2,True,True,0,24,False,False,0,0,False,False
3820,188234.8,692.2665325377905,7,446.51008200645447,25.506669946216135,2,True,True,0,24,False,False,0,0,False,False
3821,188235.0,652.6636158759316,7,397.63161785155535,25.29674748834067,2,True,True,0,24,False,False,0,0,False,False
3822,188235.2,616.7856452417707,6,350.8400528617203,22.601010820199132,2,True,True,0,24,False,False,0,0,False,False
3823,188235.4,585.7962010952381,6,307.8813968412578,21.1298044740072,2,True,True,0,24,False,False,0,0,False,False
3824,188235.6,559.6929834049461,5,269.25940427929163,19.72196555959713,2,True,True,0,24,False,False,0,0,False,False
3825,188235.8,537.2244369146332,5,233.30650989338756,18.045948269046338,2,True,True,0,24,False,False,0,0,False,False
3826,188236.0,518.0077585500486,6,141.78584761607522,12.386264687909495,3,True,True,0,25,False,False,1,0,False,False
3827,188236.2,502.2815524017818,8,99.71066760244892,9.488365419225289,5,True,True,0,26,False,False,2,0,False,False
3828,188236.4,489.0309723736947,9,106.4823407618092,11.03966380623026,5,True,True,0,27,False,False,3,0,False,False
3829,188236.6,477.7028959027682,10,94.32743191288944,10.659085775647256,6,True,True,0,28,False,False,4,0,False,False
3830,188236.8,467.74489260951424,11,84.94132230984954,10.322997791919944,8,False,True,0,29,False,False,5,0,False,False
3831,188237.0,458.63175061132415,11,77.64173961664335,10.00476966613428,8,False,True,0,29,False,False,5,0,False,False
3832,188237.2,450.30901186985784,10,72.21340158047181,9.770805068133338,7,True,True,0,29,False,False,5,0,False,False
3833,188237.4,442.7171937234294,10,67.8713104311527,9.59082505375755,7,True,True,0,29,False,False,5,0,False,False
3834,188237.6,435.6765200440648,10,65.08021672624248,9.402705818011244,7,True,True,0,29,False,False,5,0,False,False
3835,188237.8,429.0584148089739,10,63.400208545324766,9.209944996652084,7,True,True,0,29,False,False,5,0,False,False
3836,188238.0,422.7629155629121,10,62.220317730506885,8.986685535449345,7,True,True,0,29,False,False,5,0,False,False
3837,188238.2,416.7168080281475,10,61.33604455460981,8.768379859212573,7,True,True,0,29,False,False,5,0,False,False
3838,188238.4,397.39880635039697,10,80.99255229146058,9.19077063711112,8,True,True,0,29,False,False,5,0,False,False
3839,188238.6,390.5379890594958,10,78.31545915527727,8.973915041349317,10,False,True,0,29,False,False,5,0,False,False
3840,188238.8,384.2948667427937,9,44.46240072697401,8.507864679926351,9,False,True,0,29,False,False,5,0,False,False
3841,188239.0,383.7882229450956,8,39.78852763772011,8.069006016969869,8,False,True,0,29,False,False,5,0,False,False
3842,188239.2,384.35957840120386,7,34.85406871140003,7.495361797223079,10,False,True,0,29,False,False,5,0,False,False
3843,188239.4,384.57583185305157,6,32.2836439460516,7.206474430990559,16,True,True,0,29,False,False,5,0,False,False
3844,188239.6,384.80574522335473,5,31.226241443306208,6.461510346034275,11,True,True,0,29,False,False,5,0,False,False
3845,188239.8,385.0347144815543,5,30.63103812560439,6.393460857054443,12,True,True,0,29,False,False,5,0,False,False
3846,188240.0,383.2257736310232,6,66.13042780387185,8.631651766543584,10,True,True,0,29,False,False,5,0,False,False
3847,188240.2,381.0478883717992,7,63.70954631684332,8.415113914220134,14,True,True,0,29,False,False,5,0,False,False
3848,188240.4,379.0294092217457,8,60.19187753555989,8.075052263073344,17,True,True,0,29,False,False,5,0,False,False
3849,188240.6,377.09131591269676,9,57.10049010465033,7.817848605907767,17,True,True,0,29,False,False,5,0,False,False
3850,188240.8,375.0481582917485,10,54.35940952874656,7.494319437786358,11,True,True,0,29,False,False,5,0,False,False
3851,188241.0,373.04348294084195,10,51.58919182908167,7.2165023859810065,10,True,True,0,29,False,False,5,0,False,False
3852,188241.2,371.0605460568084,10,50.04261570106943,6.926203322738413,11,True,True,0,29,False,False,5,0,False,False
3853,188241.4,369.14898331439946,10,48.451166191123946,6.630477396562694,13,True,True,0,29,False,False,5,0,False,False
3854,188241.6,367.32506735333396,10,47.170102942053745,6.335604385733762,15,True,True,0,29,False,False,5,0,False,False
3855,188241.8,365.61122815350285,10,46.25437785731328,6.348993843218556,13,True,True,0,29,False,False,5,0,False,False
3856,188242.0,363.97837878766575,10,45.44127864407971,6.423936144685817,9,True,True,0,29,False,False,5,0,False,False
3857,188242.2,362.38949162860376,10,44.90781676670196,6.483529550459486,8,True,True,0,29,False,False,5,0,False,False
3858,188242.4,362.0770818752453,9,5.851785138249397,2.8971237411439263,9,True,True,0,29,False,False,5,0,False,False
3859,188242.6,363.56114853955125,8,5.83732383325696,2.9134639073238513,25,False,True,0,29,False,False,5,0,False,False
3860,188242.8,364.4925007185333,7,6.1397459506988525,2.996760858829199,3,True,True,0,29,False,False,5,0,False,False
3861,188243.0,365.32750719214056,6,6.343124829232693,3.0592913032809186,2,True,True,0,29,False,False,5,0,False,False
3862,188243.2,366.1621557588645,5,6.29406325891614,3.0660700997565375,2,True,True,0,29,False,False,5,0,False,False
3863,188243.4,367.0055331417135,5,6.140781410038471,3.00549516053869,2,True,True,0,29,False,False,5,0,False,False
3864,188243.6,367.8702319633702,5,5.89942729845643,2.914771937483521,2,True,True,0,29,False,False,5,0,False,False
3865,188243.8,368.7416545092966,5,5.90274165943265,2.903486368241034,2,True,True,0,29,False,False,5,0,False,False
3866,188244.0,369.621818049954,5,6.045719787478447,2.9246967277447036,2,True,True,0,29,False,False,5,0,False,False
3867,188244.2,370.4958561052677,5,6.075862061232328,2.925037622860041,2,False,True,0,29,False,False,5,0,False,False
3868,188244.4,371.3849264718824,5,6.181470304727554,2.9422312274431595,2,False,True,0,29,False,False,5,0,False,False
3869,188244.6,372.28858401132925,5,6.352845247834921,3.3245594473000977,2,False,True,0,29,False,False,5,0,False,False
3870,188244.8,373.20433528604843,5,6.481266904622316,3.343019281527333,2,False,True,0,29,False,False,5,0,False,False
3871,188245.0,374.1295073063084,5,6.505953650921583,3.0230279553680335,2,False,True,0,29,False,False,5,0,False,False
3872,188245.2,375.075450528029,5,6.327808603644371,3.288780580977531,2,False,True,0,29,False,False,5,0,False,False
3873,188245.4,376.0241547888083,5,6.509232487529516,3.315819538125158,2,False,True,0,29,False,False,5,0,False,False
3874,188245.6,376.99381263380883,5,6.6830927692353725,3.335839888491515,2,False,True,0,29,False,False,5,0,False,False
3875,188245.8,377.95731968539286,6,51.16444540653476,7.50058075547712,2,True,True,0,30,False,False,6,0,False,False
3876,188246.0,377.0741070057306,7,50.45224500353317,7.500987852858404,15,True,True,0,31,False,False,7,0,False,False
3877,188246.2,376.95054139137164,8,49.642925096835775,7.536776066408944,17,True,True,0,32,False,False,8,0,False,False
3878,188246.4,377.03188509663,9,48.873906115881226,7.726772177334187,8,True,True,0,33,False,False,9,0,False,False
3879,188246.6,376.5820576808845,10,48.03754185254113,6.953260674290792,10,True,True,0,34,False,False,10,0,False,False
3880,188246.8,375.9699936377907,10,47.0002566631589,6.950042541289839,10,True,True,0,34,False,False,10,0,False,False
3881,188247.0,375.19713932171663,10,45.92849238566583,6.952040222651011,10,True,True,0,33,False,False,9,0,False,False
3882,188247.2,374.5810014350417,10,45.05937688790791,6.963229634995878,18,True,True,0,32,False,False,8,0,False,False
3883,188247.4,374.178453717114,10,44.39732366223861,7.00001597036662,16,True,True,0,31,False,False,7,0,False,False
3884,188247.6,373.6825878988086,10,43.80985824285613,7.026784644230575,16,True,True,0,30,False,False,6,0,False,False
3885,188247.8,373.079625536755,10,43.06359997516316,7.011600795291517,14,True,True,0,29,False,False,5,0,False,False
3886,188248.0,372.3868353106136,10,42.49262905488133,6.995455693682435,8,True,True,0,29,False,False,5,0,False,False
3887,188248.2,371.6677897697875,10,41.87349087749257,7.016789572906403,9,True,True,0,29,False,False,5,0,False,False
3888,188248.4,371.33911142421135,11,38.661787922796876,7.129481682949646,10,True,True,0,30,False,False,6,0,False,False
3889,188248.6,370.9581861205317,11,40.46177401716355,7.4949472365166505,9,True,True,0,31,False,False,7,0,False,False
3890,188248.8,370.70759792185856,11,40.01021032759423,7.4896132184156174,9,True,True,0,31,False,False,7,0,False,False
3891,188249.0,370.1522389186916,11,39.550345993635766,6.927961195044659,10,True,True,0,31,False,False,7,0,False,False
3892,188249.2,369.47259250125086,11,39.105242699943986,6.9410594916708215,5,True,True,0,31,False,False,7,0,False,False
3893,188249.4,368.8499489921603,10,38.677571380371916,6.94011147999681,11,True,True,0,30,False,False,6,0,False,False
3894,188249.6,368.119170966121,10,38.23392592948551,6.898958796643693,11,True,True,0,29,False,False,5,0,False,False
3895,188249.8,367.2909259861284,10,37.70823199074997,6.898125733216949,10,True,True,0,29,False,False,5,0,False,False
3896,188250.0,366.4385781210886,10,37.2896521183925,6.884683958416069,9,True,True,0,29,False,False,5,0,False,False
3897,188250.2,363.5307116302316,11,59.80232352364905,8.850538519326168,3,True,True,0,29,False,False,5,0,False,False
3898,188250.4,360.0917536503951,12,58.3416421105847,8.788061196341086,10,True,True,0,29,False,False,5,0,False,False
3899,188250.6,166.7979098491689,13,56.3833781274355,8.69895561104034,15,True,True,0,0,True,False,5,0,False,False
