run,method,sigma,p50,p95,rms_2d,outlier_pct,n_epochs,ms_per_epoch
Odaiba,PF-only,none,4.789571293120279,13.931884033882687,7.173424391334691,0.0,12228,0.2639840344314917
Odaiba,PF+PosUpdate(σ=5.0),5.0,2.7776348865772276,12.314845597460433,6.0975627091848965,0.0,12228,0.2937315445718388
Odaiba,PF+PosUpdate(σ=10.0),10.0,3.6221681661701424,12.011068678978827,6.171979774688447,0.0,12228,0.3268705946213947
Odaiba,PF+PosUpdate(σ=20.0),20.0,4.222320614502909,12.804030438478488,6.579147597798308,0.0,12228,0.337628321554591
Odaiba,PF+PosUpdate(σ=30.0),30.0,4.472005489371958,13.438569345057687,6.82646255448507,0.0,12228,0.3338402573593993
Odaiba,PF+PosUpdate(σ=50.0),50.0,4.671190831057359,13.713085091633454,7.024399874264866,0.0,12228,0.3120300618235977
Odaiba,PF+PosUpdate(σ=100.0),100.0,4.757136512486792,13.866678088667962,7.13284383060847,0.0,12228,0.33020553737208563
