city,run,start_epoch,segment,config,n_epochs,ppc_score_pct,ppc_pass_distance_m,ppc_total_distance_m,ppc_epoch_pass_pct,ppc_pass_epochs,rms_2d,p50,p95,max_2d,wls_ppc_score_pct,wls_rms_2d,tdcp_used_epochs,dd_pr_anchor_epochs,dd_anchor_blend_alpha,dd_anchor_high_blend_alpha,dd_anchor_high_min_shift_m,dd_anchor_high_max_robust_rms_m,dd_anchor_high_blend_epochs,widelane_anchor_epochs,rsp_correction_epochs,height_hold_release_min_dd_shift_m,height_hold_release_on_dd_shift,height_hold_reference_max_dd_rms_m,height_hold_reference_trusted,last_velocity_max_age_s
tokyo,run1,1663,tokyo/run1@1663,dd0.3_ddhi0.3_hishiftinf_hirms0.7_height_release_0.4m_age8s,200,2.5943366645612023,8.766045537876728,337.8915950894673,3.0,6,4.604554322314777,1.5180400572995327,11.111717052226973,13.048789047866784,0.0,78.86932698841213,98,193,0.3,0.3,inf,0.7,0,48,14,0.4,False,inf,True,8.0
tokyo,run2,1008,tokyo/run2@1008,dd0.3_ddhi0.3_hishiftinf_hirms0.7_height_release_0.4m_age8s,200,0.0,0.0,101.19628697210284,0.0,0,10.656931019155696,3.5036290025379797,18.23595401151751,73.36160415932017,0.0,54.504772036475025,89,144,0.3,0.3,inf,0.7,0,0,1,0.4,False,inf,True,8.0
tokyo,run3,974,tokyo/run3@974,dd0.3_ddhi0.3_hishiftinf_hirms0.7_height_release_0.4m_age8s,200,0.0,0.0,96.72608018673469,0.0,0,8.148194505140323,1.4379235572393367,19.053342722659927,32.63196603937289,0.0,57.84218817885125,0,95,0.3,0.3,inf,0.7,0,0,0,0.4,False,inf,True,8.0
nagoya,run1,200,nagoya/run1@200,dd0.3_ddhi0.3_hishiftinf_hirms0.7_height_release_0.4m_age8s,200,0.0,0.0,52.12078417726119,0.0,0,0.8879151280223665,0.7691747439737164,1.342720340887994,1.406863541850179,0.0,36.48602271471635,142,200,0.3,0.3,inf,0.7,0,147,10,0.4,False,inf,True,8.0
nagoya,run2,1183,nagoya/run2@1183,dd0.3_ddhi0.3_hishiftinf_hirms0.7_height_release_0.4m_age8s,200,0.0,0.0,449.01094371429235,0.0,0,15.164613238743371,5.316073769758324,26.62967444485282,28.705284751449113,0.0,54.678549350746316,25,96,0.3,0.3,inf,0.7,0,7,2,0.4,False,inf,True,8.0
nagoya,run3,35,nagoya/run3@35,dd0.3_ddhi0.3_hishiftinf_hirms0.7_height_release_0.4m_age8s,200,2.5658258614435683,1.8601951508571368,72.49888540021831,0.5,1,0.6180592391952797,0.4699057378197684,1.104152340098383,1.2489879844528715,0.0,61.39765090034877,20,200,0.3,0.3,inf,0.7,0,186,0,0.4,False,inf,True,8.0
