method,n_epochs,time_ms_per_epoch,ppc_score_pct,ppc_pass_distance_m,ppc_total_distance_m,ppc_epoch_pass_pct,ppc_threshold_m,ppc_n_epochs,ppc_fallback_epoch_weighted,rms_2d,p50,p95,max_2d,tdcp_used_epochs,tdcp_use_rate_pct,tdcp_velocity_rmse_mps,tdcp_postfit_rms_median,dd_pr_anchor_epochs,dd_pr_anchor_rate_pct
WLS,200,0.08816064102575183,0.0,0.0,467.3072500703322,0.0,0.5,200,False,71.75651274879675,70.21844762431549,88.69452643067672,102.97263315302348,,,,,,
TDCP + DD-PR anchors,200,,4.091870528205986,19.12160764179777,467.3072500703322,5.0,0.5,200,False,1.7197364251702707,0.739419240185188,4.100844217774966,5.284862539676662,109,54.77386934673367,0.47583885638236356,0.004016611366108357,200,100.0
