segment_id,start_epoch,end_epoch,n_epochs,start_mesh,n_meshes,subset_key,triangle_count,n_nlos,n_total_obs,nlos_fraction
0,0,99,100,53394603,9,d1839e131b11ac32,1043714,0,176,0.000000
1,100,199,100,53394603,9,d1839e131b11ac32,1043714,0,168,0.000000
2,200,299,100,53394603,9,d1839e131b11ac32,1043714,0,188,0.000000
3,300,399,100,53394603,9,d1839e131b11ac32,1043714,0,174,0.000000
4,400,499,100,53394603,9,d1839e131b11ac32,1043714,0,176,0.000000
