city,run,start_epoch,segment,config,n_epochs,ppc_score_pct,ppc_pass_distance_m,ppc_total_distance_m,ppc_epoch_pass_pct,ppc_pass_epochs,rms_2d,p50,p95,max_2d,wls_ppc_score_pct,wls_rms_2d,tdcp_used_epochs,dd_pr_anchor_epochs,dd_anchor_blend_alpha,dd_anchor_high_blend_alpha,dd_anchor_high_min_shift_m,dd_anchor_high_max_robust_rms_m,dd_anchor_high_blend_epochs,widelane_anchor_epochs,rsp_correction_epochs,height_hold_release_min_dd_shift_m,height_hold_release_on_dd_shift,height_hold_reference_max_dd_rms_m,height_hold_reference_trusted,last_velocity_max_age_s
tokyo,run1,1663,tokyo/run1@1663,dd0.3_ddhi1_hishift3_hirms0.7_height_release_0.4m_hrefmax0.7_age15s,200,0.5183194209259888,1.7513577590253138,337.8915950894673,0.5,1,2.5192057680897304,1.2235961448557733,6.703486602312484,9.01043881374514,0.0,78.86932698841213,98,196,0.3,1.0,3.0,0.7,18,25,14,0.4,False,0.7,True,15.0
tokyo,run2,1008,tokyo/run2@1008,dd0.3_ddhi1_hishift3_hirms0.7_height_release_0.4m_hrefmax0.7_age15s,200,3.0248730134036794,3.061059175185682,101.19628697210284,3.0,6,8.013804970405513,2.3839733994172683,5.6540835648256245,73.3616041601794,0.0,54.504772036475025,89,147,0.3,1.0,3.0,0.7,46,110,0,0.4,False,0.7,False,15.0
tokyo,run3,974,tokyo/run3@974,dd0.3_ddhi1_hishift3_hirms0.7_height_release_0.4m_hrefmax0.7_age15s,200,1.9150829598862757,1.8523846794220913,96.72608018673469,1.5,3,2.697568790566016,0.20685337920324037,7.07175979215929,8.366403116492737,0.0,57.84218817885125,0,188,0.3,1.0,3.0,0.7,13,113,0,0.4,False,0.7,False,15.0
nagoya,run1,200,nagoya/run1@200,dd0.3_ddhi1_hishift3_hirms0.7_height_release_0.4m_hrefmax0.7_age15s,200,0.0,0.0,52.12078417726119,0.0,0,1.2721862847207661,1.305833806434654,1.6163270190262522,1.6248018980196999,0.0,36.48602271471635,142,200,0.3,1.0,3.0,0.7,25,147,10,0.4,False,0.7,True,15.0
nagoya,run2,1183,nagoya/run2@1183,dd0.3_ddhi1_hishift3_hirms0.7_height_release_0.4m_hrefmax0.7_age15s,200,0.0,0.0,449.01094371429235,0.0,0,7.048192062042924,1.9801081189307201,20.06399870375878,25.13973532509828,0.0,54.678549350746316,25,91,0.3,1.0,3.0,0.7,14,14,1,0.4,False,0.7,True,15.0
nagoya,run3,35,nagoya/run3@35,dd0.3_ddhi1_hishift3_hirms0.7_height_release_0.4m_hrefmax0.7_age15s,200,2.5658258614435683,1.8601951508571368,72.49888540021831,0.5,1,0.6180592380306248,0.4699057378197684,1.104152340098383,1.2489879844528715,0.0,61.39765090034877,20,200,0.3,1.0,3.0,0.7,21,186,0,0.4,False,0.7,True,15.0
