city,run,config,systems,weight_scale,n_epochs,median_satellites,rms_2d,p95,time_ms
nagoya,run1,"G,E","G,E",-,7531,11,1161.741668,111.236124,0.053288
nagoya,run2,"G,E","G,E",-,9426,11,592.078711,112.102432,0.052528
nagoya,run3,"G,E,J","G,E,J",-,5201,13,561.002067,74.018946,0.066347
tokyo,run1,"G,E,J","G,E,J",-,11845,13,2194.673584,157.987329,0.059615
tokyo,run2,"G,E,J","G,E,J",-,9106,17,736.722521,77.442338,0.068767
tokyo,run3,"G,E","G,E",-,15281,15,771.395821,87.273811,0.059326
