method,n_runs,mean_rms_2d,mean_rms_3d,mean_p50,mean_p95,mean_outlier_rate_pct,mean_catastrophic_rate_pct,mean_longest_outlier_segment_s,mean_time_ms_per_epoch,wins_vs_wls_rms
EKF,1,76.949376,123.454617,60.384824,95.352087,3.490760,0.000000,10.000000,0.038829,nan
PF+EKFRescue-10K,1,81.074629,126.488292,69.005834,113.271239,9.445585,0.000000,10.000000,13.817590,nan
PF+RobustClear+EKFRescue-10K,1,81.256673,126.581896,69.277145,113.271239,9.445585,0.000000,10.000000,2.049102,nan
PF+RobustClear-10K,1,48588.113838,225098.990891,48679.604895,48858.396765,100.000000,100.000000,486.000000,3.692177,nan
PF-10K,1,48585.753599,225118.444188,48677.541667,48872.052051,100.000000,100.000000,486.000000,15.116292,nan
WLS+QualityVeto,1,82.058844,120.736758,60.568606,95.505342,3.696099,0.000000,10.000000,0.249717,nan
