method,n_runs,mean_rms_2d,mean_rms_3d,mean_p50,mean_p95,mean_outlier_rate_pct,mean_catastrophic_rate_pct,mean_longest_outlier_segment_s,mean_time_ms_per_epoch,wins_vs_wls_rms
EKF,2,74.561692,130.101217,59.900012,128.076310,11.099172,0.000000,32.400001,0.027761,2
PF+RobustClear-10K,2,206.307149,220.174228,92.765428,524.168430,46.627845,4.977769,366.100000,13.982708,0
PF-10K,2,134.126598,160.818237,83.444231,281.774667,40.035731,0.000000,248.100000,11.151983,1
WLS,2,118.850903,286.407561,60.466433,138.063403,10.969321,0.224551,17.100000,0.010181,0
