method,n_runs,mean_rms_2d,mean_rms_3d,mean_p50,mean_p95,mean_outlier_rate_pct,mean_catastrophic_rate_pct,mean_longest_outlier_segment_s,mean_time_ms_per_epoch,wins_vs_wls_rms
EKF,2,79.669882,179.639863,64.634335,154.579813,11.236860,0.000000,45.100000,0.026100,2.000000
PF+RobustClear-10K,2,99.534762,121.655947,64.515766,178.998893,16.157948,0.299748,86.849999,1.429953,1.000000
PF-10K,2,100.523128,121.278921,64.220981,179.127028,16.334083,0.299748,85.050000,1.271348,1.000000
WLS,2,104.912535,312.346046,67.432607,174.081261,14.160754,0.168047,45.600000,0.009486,0.000000
