method,n_runs,mean_rms_2d,mean_rms_3d,mean_p50,mean_p95,mean_outlier_rate_pct,mean_catastrophic_rate_pct,mean_longest_outlier_segment_s,mean_time_ms_per_epoch,wins_vs_wls_rms
EKF,1,66.581418,158.737826,56.284722,101.079303,5.480379,0.000000,13.600000,0.027709,1
PF+RobustClear-10K,1,142.729633,182.438115,67.983703,360.820383,29.837618,1.275855,265.600000,1.355725,1
PF-10K,1,141.418696,181.266821,68.428494,338.526117,31.181133,0.000000,300.400000,1.212593,1
WLS,1,149.777617,460.172790,56.934032,111.470561,6.727238,0.222308,13.200000,0.010232,0
