method,n_runs,mean_rms_2d,mean_rms_3d,mean_p50,mean_p95,mean_outlier_rate_pct,mean_catastrophic_rate_pct,mean_longest_outlier_segment_s,mean_time_ms_per_epoch,wins_vs_wls_rms
EKF,1,76.949376,123.454617,60.384824,95.352087,3.490760,0.000000,10.000000,0.038503,nan
PF+EKFGuide-10K,1,48094.663110,224780.591092,48113.497852,48402.457834,100.000000,100.000000,486.000000,1.940322,nan
PF+RobustClear+EKFGuide-10K,1,48073.983983,224779.066041,48096.276793,48396.745578,100.000000,100.000000,486.000000,2.140882,nan
PF+RobustClear-10K,1,48588.113838,225098.990891,48679.604895,48858.396765,100.000000,100.000000,486.000000,1.795702,nan
PF-10K,1,48585.753599,225118.444188,48677.541667,48872.052051,100.000000,100.000000,486.000000,1.670451,nan
WLS+QualityVeto,1,82.058844,120.736758,60.568606,95.505342,3.696099,0.000000,10.000000,0.255901,nan
