method,n_runs,mean_rms_2d,mean_rms_3d,mean_p50,mean_p95,mean_outlier_rate_pct,mean_catastrophic_rate_pct,mean_longest_outlier_segment_s,mean_time_ms_per_epoch,wins_vs_wls_rms
EKF,1,463.088507,467.135530,425.809689,769.904781,91.726384,32.117264,1312.001000,0.036987,nan
PF+AdaptiveGuide-10K,1,413.675055,418.427634,416.787457,643.110723,90.293160,22.866450,1385.000999,1.714955,nan
PF+RobustClear-10K,1,1237.581066,1523.284771,851.547721,2250.537000,100.000000,76.286645,1534.001000,1.461883,nan
PF-10K,1,1236.324077,1524.845735,832.670089,2257.808414,100.000000,76.351792,1534.001000,1.439873,nan
