method,n_runs,mean_rms_2d,mean_rms_3d,mean_p50,mean_p95,mean_outlier_rate_pct,mean_catastrophic_rate_pct,mean_longest_outlier_segment_s,mean_time_ms_per_epoch,wins_vs_wls_rms
EKF,2,67.852894,130.491785,63.491399,102.701729,6.533333,0.000000,6.000001,0.033615,nan
PF+EKFGuide-10K,2,62.485421,120.936045,57.550644,97.220358,5.650000,0.000000,4.900000,2.020733,nan
PF+RobustClear+EKFGuide-10K,2,61.061798,120.216331,56.130801,94.938333,5.666667,0.000000,4.850001,2.110480,nan
PF+RobustClear-10K,2,64.577546,75.479693,60.767004,96.524341,4.983333,0.000000,14.700000,1.936834,nan
PF-10K,2,66.894975,79.064267,62.916502,100.046574,5.783333,0.000000,16.400000,1.619185,nan
