method,n_runs,mean_rms_2d,mean_rms_3d,mean_p50,mean_p95,mean_outlier_rate_pct,mean_catastrophic_rate_pct,mean_longest_outlier_segment_s,mean_time_ms_per_epoch,wins_vs_wls_rms
EKF,2,57.939863,91.454598,58.180305,61.212615,0.000000,0.000000,0.000000,0.028361,1.000000
PF+RobustClear-10K,2,56.795254,91.887868,57.024215,59.228573,0.000000,0.000000,0.000000,1.234894,2.000000
PF-10K,2,57.543425,91.758105,57.705432,59.321456,0.000000,0.000000,0.000000,1.175982,1.000000
WLS,2,57.945186,91.601353,58.192800,61.411823,0.000000,0.000000,0.000000,0.010906,0.000000
