method,n_runs,mean_rms_2d,mean_rms_3d,mean_p50,mean_p95,mean_outlier_rate_pct,mean_catastrophic_rate_pct,mean_longest_outlier_segment_s,mean_time_ms_per_epoch,wins_vs_wls_rms
EKF,1,460.817408,464.987649,420.829919,771.887118,91.383989,31.614654,1312.001000,0.027523,nan
PF+RobustClear-10K,1,405.123772,406.655817,391.914629,643.743959,90.569878,21.302578,1395.001000,1.679446,nan
PF-10K,1,420.591482,422.670922,413.924688,657.448451,90.773406,24.084125,1398.001000,1.556487,nan
