method,n_runs,mean_rms_2d,mean_rms_3d,mean_p50,mean_p95,mean_outlier_rate_pct,mean_catastrophic_rate_pct,mean_longest_outlier_segment_s,mean_time_ms_per_epoch,wins_vs_wls_rms
EKF,1,69.493649,95.316077,64.378674,95.189776,2.991453,0.000000,10.000000,0.028471,nan
PF+RobustClear-10K,1,302.135865,321.721301,179.183951,530.563777,62.606838,7.478632,284.003000,1.509471,nan
PF-10K,1,301.676785,315.075539,161.713180,560.124255,68.162393,8.974359,281.003000,1.420912,nan
