method,n_runs,mean_rms_2d,mean_rms_3d,mean_p50,mean_p95,mean_outlier_rate_pct,mean_catastrophic_rate_pct,mean_longest_outlier_segment_s,mean_time_ms_per_epoch,wins_vs_wls_rms
EKF,1,295.973938,314.827330,214.129834,552.370296,83.798141,8.897742,356.000000,0.028004,nan
PF+AdaptiveGuide-10K,1,296.008792,315.035811,213.270514,552.376825,83.665339,8.764940,356.000000,1.562997,nan
PF+RobustClear-10K,1,142.813898,145.999619,103.201949,250.100325,51.128818,0.000000,238.000000,1.655424,nan
PF-10K,1,145.821131,149.156143,117.056241,248.911209,55.511288,0.000000,267.000000,1.532796,nan
