method,n_runs,mean_rms_2d,mean_rms_3d,mean_p50,mean_p95,mean_outlier_rate_pct,mean_catastrophic_rate_pct,mean_longest_outlier_segment_s,mean_time_ms_per_epoch,wins_vs_wls_rms
EKF,1,83.148003,98.360219,74.970347,165.897532,13.024560,0.000000,66.700000,0.025771,1
PF+RobustClear-10K,1,308.322513,314.615872,208.348430,553.712167,72.181396,8.334945,337.400000,2.757021,0
PF-10K,1,110.520067,120.131930,75.570752,173.059731,19.619029,0.599497,109.200001,1.635859,0
WLS,1,107.567506,144.966518,77.283456,167.145557,14.745697,0.038677,66.700000,0.009684,0
