method,n_runs,mean_rms_2d,mean_rms_3d,mean_p50,mean_p95,mean_outlier_rate_pct,mean_catastrophic_rate_pct,mean_longest_outlier_segment_s,mean_time_ms_per_epoch,wins_vs_wls_rms
EKF,2,79.669882,179.639864,64.634335,154.579813,11.236860,0.000000,45.100000,0.026101,2.000000
WLS,2,104.912536,312.346047,67.432606,174.081262,14.160754,0.168047,45.600000,0.009702,0.000000
