method,n_windows,mean_rms_2d,mean_p95,mean_outlier_rate_pct,mean_catastrophic_rate_pct,baseline,mean_delta_rms_2d_m,mean_delta_p95_m,win_rate_rms_pct,win_rate_p95_pct,win_rate_outlier_pct,win_rate_catastrophic_pct,wins_rms,wins_p95,wins_outlier,wins_catastrophic,n_comparisons
EKF,127,85.51822206868938,139.148953407874,16.376377952755906,0.2047244094488189,,,,,,,,,,,,
PF-10K,127,65.10081444185269,85.54169759999999,5.9102362204724415,0.0,EKF,-20.41740762683668,-53.60725580787398,69.29133858267717,79.52755905511812,70.07874015748031,100.0,88,101,89,127,127
PF+RobustClear-10K,127,63.58767924157626,84.61419300314961,5.114960629921259,0.0,EKF,-21.930542827113133,-54.534760404724366,70.86614173228347,80.31496062992126,70.07874015748031,100.0,90,102,89,127,127
