method,n_runs,mean_rms_2d,mean_rms_3d,mean_p50,mean_p95,mean_outlier_rate_pct,mean_catastrophic_rate_pct,mean_longest_outlier_segment_s,mean_time_ms_per_epoch,wins_vs_wls_rms
EKF,1,301.035848,319.853929,218.316058,545.505912,84.478372,9.796438,356.000000,0.036493,nan
PF+AdaptiveGuide-10K,1,152.373187,156.330154,122.904152,254.406063,60.941476,0.000000,253.000000,1.838361,nan
PF+RobustClear-10K,1,1414.856231,1800.239538,1430.432783,1710.185519,100.000000,100.000000,785.000000,1.529546,nan
PF-10K,1,1397.000707,1803.279114,1405.727419,1703.883298,100.000000,100.000000,785.000000,1.657725,nan
