method,n_runs,mean_rms_2d,mean_rms_3d,mean_p50,mean_p95,mean_outlier_rate_pct,mean_catastrophic_rate_pct,mean_longest_outlier_segment_s,mean_time_ms_per_epoch,wins_vs_wls_rms
EKF,2,57.939863,91.454598,58.180305,61.212615,0.000000,0.000000,0.000000,0.029370,1
PF+RobustClear-10K,2,56.795254,91.887868,57.024216,59.228573,0.000000,0.000000,0.000000,20.772262,2
PF-10K,2,57.543426,91.758106,57.705432,59.321456,0.000000,0.000000,0.000000,20.752619,1
WLS,2,57.945186,91.601354,58.192800,61.411823,0.000000,0.000000,0.000000,0.011746,0
