method,n_runs,mean_rms_2d,mean_rms_3d,mean_p50,mean_p95,mean_outlier_rate_pct,mean_catastrophic_rate_pct,mean_longest_outlier_segment_s,mean_time_ms_per_epoch,wins_vs_wls_rms
EKF,1,76.191762,260.919508,54.298323,143.262093,9.449160,0.000000,23.500000,0.027224,1
PF+RobustClear-10K,1,89.750868,123.451763,52.736489,193.390224,12.194064,0.000000,64.299999,1.638524,1
PF-10K,1,213.598983,223.261783,74.787969,612.450085,35.826259,6.536960,392.900000,3.692618,0
WLS,1,102.257565,479.725575,57.581757,181.016966,13.575810,0.297416,24.500000,0.010998,0
