method,n_runs,mean_rms_2d,mean_rms_3d,mean_p50,mean_p95,mean_outlier_rate_pct,mean_catastrophic_rate_pct,mean_longest_outlier_segment_s,mean_time_ms_per_epoch,wins_vs_wls_rms
EKF,2,74.561692,130.10121700000002,59.900012000000004,128.0763095,11.099172,0.0,32.4000005,0.028026500000000003,2
PF+RobustClear-10K,2,136.474876,162.7200625,83.8036295,294.2648855,39.687965,0.6379275,231.7999995,13.256147,1
PF-10K,2,134.1265985,160.8182365,83.444231,281.774667,40.035731,0.0,248.1,11.063693,1
WLS,2,118.85090299999999,286.407561,60.466432499999996,138.063403,10.9693215,0.224551,17.1,0.0103175,0
