method,n_runs,mean_rms_2d,mean_rms_3d,mean_p50,mean_p95,mean_outlier_rate_pct,mean_catastrophic_rate_pct,mean_longest_outlier_segment_s,mean_time_ms_per_epoch,wins_vs_wls_rms
EKF,2,67.852894,130.491785,63.491399,102.701729,6.533333,0.000000,6.000001,0.032109,nan
PF+EKFGuide-10K,2,62.485421,120.936045,57.550644,97.220358,5.650000,0.000000,4.900000,1.764253,nan
PF+EKFGuideFallback-10K,2,66.348365,79.109419,62.815002,101.231755,5.783334,0.000000,17.250000,1.741439,nan
PF+EKFGuideInit-10K,2,66.340367,79.087407,62.815002,101.231755,5.783334,0.000000,17.250000,1.718387,nan
PF+RobustClear+EKFGuide-10K,2,61.061798,120.216331,56.130801,94.938333,5.666667,0.000000,4.850001,1.827371,nan
PF+RobustClear+EKFGuideFallback-10K,2,62.907152,73.258516,60.575607,90.353267,2.766666,0.000000,8.150001,1.847417,nan
PF+RobustClear+EKFGuideInit-10K,2,62.902789,73.233248,60.575607,90.353267,2.766666,0.000000,8.150001,1.770653,nan
PF+RobustClear-10K,2,64.577546,75.479693,60.767004,96.524341,4.983333,0.000000,14.700000,1.824484,nan
PF-10K,2,66.894975,79.064267,62.916502,100.046574,5.783333,0.000000,16.400000,1.699639,nan
