method,n_runs,mean_rms_2d,mean_rms_3d,mean_p50,mean_p95,mean_outlier_rate_pct,mean_catastrophic_rate_pct,mean_longest_outlier_segment_s,mean_time_ms_per_epoch,wins_vs_wls_rms
EKF,1,69.493649,95.316077,64.378674,95.189776,2.991453,0.000000,10.000000,0.027820,nan
PF+AdaptiveGuide-10K,1,66.848918,93.571556,62.158545,97.452962,3.846154,0.000000,6.000000,1.493789,nan
PF+EKFGuide-10K,1,66.848918,93.571556,62.158545,97.452962,3.846154,0.000000,6.000000,1.452869,nan
PF-10K,1,301.676785,315.075539,161.713180,560.124255,68.162393,8.974359,281.003000,1.771092,nan
WLS+QualityVeto,1,69.763535,98.614229,64.666576,95.470732,2.991453,0.000000,10.000000,0.009896,nan
