epoch,tow,pos_err_m,n_dd_factors,dd_pr_rms_raw_m,dd_pr_rms_huber_m,lm_iterations,lm_converged,gnss_solved,anchor_factors,marginal_prior_dims,recovery_fired,imu_fill,n_dd_carrier,n_cross_window_prior,ar_accepted,epoch_fixed,ar_cert_passed,ar_cert_marginal_sigma_m,ar_cert_dd_pr_rms_m,ar_cert_dd_cp_rms_cyc,epochs_since_recovery,ar_offered,fix_truth_err_m
0,187470.0,0.058269408865500985,0,inf,inf,0,False,False,0,0,False,True,0,0,False,False,False,nan,nan,nan,0,False,nan
1,187470.2,0.4292927848968704,14,1.1956485694287609,1.071093386574845,1,False,True,0,0,False,False,12,0,True,True,False,nan,nan,nan,1000000001,True,0.4292927848968704
2,187470.4,0.7403787761423739,20,0.7672205312717048,0.7672205312717048,2,False,True,0,0,False,False,18,0,False,False,False,nan,nan,nan,1000000002,True,nan
3,187470.6,0.7410818065517472,27,0.7383436501003046,0.7383436501003046,1,False,True,0,0,False,False,24,0,False,False,False,nan,nan,nan,1000000003,True,nan
4,187470.8,0.7418681253544642,34,0.7339003620542623,0.7339003620542623,1,False,True,3,6,False,False,30,0,False,False,False,nan,nan,nan,1000000004,True,nan
5,187471.0,0.37559402257395286,34,0.6581806334973684,0.6581806334973684,2,False,True,6,6,False,False,30,0,False,False,False,nan,nan,nan,1000000005,True,nan
6,187471.2,0.1894952928623407,34,0.6624878822204542,0.6624878822204542,4,True,True,9,6,False,False,30,0,False,False,False,nan,nan,nan,1000000006,True,nan
7,187471.4,0.11272774556658822,35,0.6796465067417755,0.6796465067417755,3,True,True,12,6,False,False,30,0,False,False,False,nan,nan,nan,1000000007,True,nan
8,187471.6,0.0809719381256204,35,0.7305705402783224,0.7305705402783224,3,True,True,15,6,False,False,30,0,False,False,False,nan,nan,nan,1000000008,True,nan
9,187471.8,0.07062423153671613,35,0.7767369461033767,0.7767369461033767,1,False,True,15,6,False,False,30,0,True,True,False,nan,nan,nan,1000000009,True,0.07062423153671613
10,187472.0,0.07075944638462622,35,0.8493278358975987,0.8493278358975987,1,False,True,15,6,False,False,30,0,True,True,False,nan,nan,nan,1000000010,True,0.07075944638462622
11,187472.2,0.07080398082719908,35,0.8746206139598772,0.8746206139598772,1,False,True,15,6,False,False,30,0,True,True,False,nan,nan,nan,1000000011,True,0.07080398082719908
12,187472.4,0.07074084868015867,35,0.9819348896456471,0.9819348896456471,1,False,True,15,6,False,False,30,0,True,True,False,nan,nan,nan,1000000012,True,0.07074084868015867
13,187472.6,0.070704294279702,35,1.0522994599103763,1.0493953934192697,1,False,True,15,6,False,False,30,0,True,True,False,nan,nan,nan,1000000013,True,0.070704294279702
14,187472.8,0.07061779849637988,35,1.1129805202944483,1.0656532912133547,1,False,True,15,6,False,False,30,0,True,True,False,nan,nan,nan,1000000014,True,0.07061779849637988
15,187473.0,0.0708086891989695,35,1.0229475164639974,1.004974232042858,1,False,True,15,6,False,False,30,0,True,True,False,nan,nan,nan,1000000015,True,0.0708086891989695
16,187473.2,0.07106635809137085,35,0.9834505318492592,0.9834505318492592,1,False,True,15,6,False,False,30,0,True,True,False,nan,nan,nan,1000000016,True,0.07106635809137085
17,187473.4,0.072037559808231,35,1.009675486927046,1.009675486927046,1,False,True,15,6,False,False,30,0,True,True,False,nan,nan,nan,1000000017,True,0.072037559808231
18,187473.6,0.07344887153577756,35,1.054313589682126,1.054313589682126,1,False,True,15,6,False,False,30,0,True,True,False,nan,nan,nan,1000000018,True,0.07344887153577756
19,187473.8,0.07557558250537566,35,1.0457074547021892,1.0457074547021892,1,False,True,15,6,False,False,30,0,True,True,False,nan,nan,nan,1000000019,True,0.07557558250537566
20,187474.0,0.07875791422094404,35,1.0861350990921335,1.0861350990921335,1,False,True,15,6,False,False,30,0,True,True,False,nan,nan,nan,1000000020,True,0.07875791422094404
21,187474.2,0.08284585117107794,35,1.2061363644696486,1.1876895322131142,1,False,True,15,6,False,False,30,0,True,True,False,nan,nan,nan,1000000021,True,0.08284585117107794
22,187474.4,0.08780743969837178,35,1.2625867222712552,1.210638051290417,1,False,True,15,6,False,False,30,0,True,True,False,nan,nan,nan,1000000022,True,0.08780743969837178
23,187474.6,0.09386447421727868,35,1.312434607935715,1.2449026069816282,1,False,True,15,6,False,False,30,0,True,True,False,nan,nan,nan,1000000023,True,0.09386447421727868
24,187474.8,0.10045920358354596,35,1.3498580370603297,1.257740333258942,1,False,True,15,6,False,False,30,0,True,True,False,nan,nan,nan,1000000024,True,0.10045920358354596
25,187475.0,0.10787855170891592,35,1.4356650744852122,1.2962435384828004,1,False,True,15,6,False,False,30,0,True,True,False,nan,nan,nan,1000000025,True,0.10787855170891592
26,187475.2,0.11644393859706807,35,1.4734384835423386,1.3207630023190746,1,False,True,15,6,False,False,30,0,True,True,False,nan,nan,nan,1000000026,True,0.11644393859706807
27,187475.4,0.1259598094451023,35,1.5404527209386278,1.361427753323973,1,False,True,15,6,False,False,30,0,True,True,False,nan,nan,nan,1000000027,True,0.1259598094451023
28,187475.6,0.13525922104516716,35,1.5999892470053767,1.4012094857608746,3,True,True,15,6,False,False,30,0,False,False,False,nan,nan,nan,1000000028,True,nan
29,187475.8,0.13743311193979119,35,1.66002739510717,1.4199729137937875,1,False,True,15,6,False,False,30,0,True,True,False,nan,nan,nan,1000000029,True,0.13743311193979119
30,187476.0,0.14328902601190582,35,1.7243489695493968,1.4518373026249478,1,False,True,15,6,False,False,30,0,True,True,False,nan,nan,nan,1000000030,True,0.14328902601190582
31,187476.2,0.1498863468970231,35,1.7174942609343244,1.4446657736429176,1,False,True,15,6,False,False,30,0,True,True,False,nan,nan,nan,1000000031,True,0.1498863468970231
32,187476.4,0.15726761761861274,35,1.5388690350709648,1.3659868513638689,1,False,True,15,6,False,False,30,0,True,True,False,nan,nan,nan,1000000032,True,0.15726761761861274
33,187476.6,0.1655096020310223,35,1.4601872070145967,1.3382246335817714,1,False,True,15,6,False,False,30,0,True,True,False,nan,nan,nan,1000000033,True,0.1655096020310223
34,187476.8,0.17458098607275496,35,1.4550347336903615,1.320403176475154,1,False,True,15,6,False,False,30,0,True,True,False,nan,nan,nan,1000000034,True,0.17458098607275496
35,187477.0,0.18446576775709692,35,1.4029557549015441,1.2996959824494576,1,False,True,15,6,False,False,30,0,True,True,False,nan,nan,nan,1000000035,True,0.18446576775709692
36,187477.2,0.19510260120175846,35,1.3304818486487076,1.2606288559145817,1,False,True,15,6,False,False,30,0,False,False,False,nan,nan,nan,1000000036,True,nan
37,187477.4,0.1932983343319537,35,1.263563945721699,1.2368754563177462,2,False,True,15,6,False,False,30,0,False,False,False,nan,nan,nan,1000000037,True,nan
38,187477.6,0.19991098362641954,35,1.2448928828036354,1.225608206739757,1,False,True,15,6,False,False,30,0,False,False,False,nan,nan,nan,1000000038,True,nan
39,187477.8,0.09172655128531138,35,1.2470582174753424,1.2019279215869765,1,False,True,15,6,False,False,30,0,True,True,False,nan,nan,nan,1000000039,True,0.09172655128531138
40,187478.0,0.09166228740029907,35,1.283027933044627,1.2098390982842664,1,False,True,15,6,False,False,30,0,True,True,False,nan,nan,nan,1000000040,True,0.09166228740029907
41,187478.2,0.09226137711575802,35,1.3005284516393252,1.2154752270231453,1,False,True,15,6,False,False,30,0,True,True,False,nan,nan,nan,1000000041,True,0.09226137711575802
42,187478.4,0.09363079512386221,35,1.2915812446168973,1.2361282346886637,1,False,True,15,6,False,False,30,0,True,True,False,nan,nan,nan,1000000042,True,0.09363079512386221
43,187478.6,0.09587261140218213,35,1.231436272290707,1.2037128875466272,1,False,True,15,6,False,False,30,0,True,True,False,nan,nan,nan,1000000043,True,0.09587261140218213
44,187478.8,0.09889632608030656,35,1.211491967390214,1.2015917414273614,1,False,True,15,6,False,False,30,0,True,True,False,nan,nan,nan,1000000044,True,0.09889632608030656
45,187479.0,0.1027602777884448,35,1.2426231101131788,1.2034073000767302,1,False,True,15,6,False,False,30,0,True,True,False,nan,nan,nan,1000000045,True,0.1027602777884448
46,187479.2,0.10753545554725315,35,1.299857684935726,1.2227870287348304,1,False,True,15,6,False,False,30,0,True,True,False,nan,nan,nan,1000000046,True,0.10753545554725315
47,187479.4,0.11305101595944964,35,1.2074789797861458,1.1639607900559747,1,False,True,15,6,False,False,30,0,True,True,False,nan,nan,nan,1000000047,True,0.11305101595944964
48,187479.6,0.11936031600352286,35,1.1597822043430381,1.1260694930706385,1,False,True,15,6,False,False,30,0,True,True,False,nan,nan,nan,1000000048,True,0.11936031600352286
49,187479.8,0.12656530892856602,35,1.0542764428865508,1.0542764428865508,1,False,True,15,6,False,False,30,0,True,True,False,nan,nan,nan,1000000049,True,0.12656530892856602
50,187480.0,0.13458361075662736,35,0.9835355059728222,0.9802469253214918,1,False,True,15,6,False,False,30,0,True,True,False,nan,nan,nan,1000000050,True,0.13458361075662736
51,187480.2,0.14342147659427332,35,0.9780250674976142,0.9780250674976142,1,False,True,15,6,False,False,30,0,True,True,False,nan,nan,nan,1000000051,True,0.14342147659427332
52,187480.4,0.15319217163950133,35,0.9404298575191977,0.9404298575191977,1,False,True,15,6,False,False,30,0,True,True,False,nan,nan,nan,1000000052,True,0.15319217163950133
53,187480.6,0.16376289356375878,35,0.9955997801049612,0.991737796452871,1,False,True,15,6,False,False,30,0,True,True,False,nan,nan,nan,1000000053,True,0.16376289356375878
54,187480.8,0.17530213603640588,35,0.9278812602784918,0.9278812602784918,1,False,True,15,6,False,False,30,0,False,False,False,nan,nan,nan,1000000054,True,nan
55,187481.0,0.1778579292829795,35,0.8989271220993335,0.8989271220993335,2,False,True,15,6,False,False,30,0,False,False,False,nan,nan,nan,1000000055,True,nan
56,187481.2,0.18501442884161723,35,0.8993142723124843,0.8993142723124843,1,False,True,15,6,False,False,30,0,False,False,False,nan,nan,nan,1000000056,True,nan
57,187481.4,0.08993495613151409,35,0.8976316733701817,0.8976316733701817,1,False,True,15,6,False,False,30,0,True,True,False,nan,nan,nan,1000000057,True,0.08993495613151409
58,187481.6,0.09088196028841752,35,1.069821195904767,1.0360410896627579,1,False,True,15,6,False,False,30,0,True,True,False,nan,nan,nan,1000000058,True,0.09088196028841752
59,187481.8,0.09331161813356612,35,1.082395300920288,1.0295316632632558,1,False,True,15,6,False,False,30,0,True,True,False,nan,nan,nan,1000000059,True,0.09331161813356612
60,187482.0,0.09720293902782377,35,1.1792858322926716,1.063169116751797,1,False,True,15,6,False,False,30,0,True,True,False,nan,nan,nan,1000000060,True,0.09720293902782377
61,187482.2,0.11856672552259441,35,1.1996561202516713,1.0600206762226112,3,False,True,15,6,False,False,30,0,True,True,False,nan,nan,nan,1000000061,True,0.11856672552259441
62,187482.4,0.1322560203087023,35,1.1684549681153358,1.0473052315158868,1,False,True,15,6,False,False,30,0,True,True,False,nan,nan,nan,1000000062,True,0.1322560203087023
63,187482.6,0.127778550267203,35,1.1417012502277442,1.02991669952331,1,False,True,15,6,False,False,30,0,False,False,False,nan,nan,nan,1000000063,True,nan
64,187482.8,0.12204512982113759,35,1.1005935974753052,1.0148415339538264,1,False,True,15,6,False,False,30,0,True,True,False,nan,nan,nan,1000000064,True,0.12204512982113759
65,187483.0,0.11037894678977742,35,1.0816989909131238,0.9841435608045923,1,False,True,15,6,False,False,30,0,False,False,False,nan,nan,nan,1000000065,True,nan
66,187483.2,0.1430613809263308,35,1.1269706637331,1.030993402096066,2,False,True,15,6,False,False,30,0,False,False,False,nan,nan,nan,1000000066,True,nan
67,187483.4,0.1496134225015909,34,1.1353018706434506,0.9936384370117455,2,False,True,15,6,False,False,29,0,False,False,False,nan,nan,nan,1000000067,True,nan
68,187483.6,0.13363408976017319,34,1.2615461153070564,1.1467074491927964,2,False,True,15,6,False,False,28,0,False,False,False,nan,nan,nan,1000000068,True,nan
69,187483.8,0.11229794894252694,34,1.1091098350033282,1.031900585985413,1,False,True,15,6,False,False,27,0,True,True,False,nan,nan,nan,1000000069,True,0.11229794894252694
70,187484.0,0.1909739527941495,34,0.9284186292610442,0.9199537699237225,1,False,True,15,6,False,False,26,0,False,False,False,nan,nan,nan,1000000070,True,nan
71,187484.2,0.1343159918941758,34,0.8096707649244449,0.8096707649244449,2,False,True,15,6,False,False,25,0,False,False,False,nan,nan,nan,1000000071,True,nan
72,187484.4,0.16224883859273925,35,0.6906407737871822,0.6906407737871822,2,False,True,15,6,False,False,26,0,False,False,False,nan,nan,nan,1000000072,True,nan
73,187484.6,0.16927172644214356,35,0.6746775189540388,0.6746775189540388,2,False,True,15,6,False,False,27,0,False,False,False,nan,nan,nan,1000000073,True,nan
74,187484.8,0.14735097046516316,35,0.566089185558339,0.566089185558339,1,False,True,15,6,False,False,28,0,True,True,False,nan,nan,nan,1000000074,True,0.14735097046516316
75,187485.0,0.20100320723205065,35,0.5317955471606073,0.5317955471606073,2,False,True,15,6,False,False,28,0,False,False,False,nan,nan,nan,1000000075,True,nan
76,187485.2,0.32187980472388206,35,0.45746610289622824,0.45746610289622824,2,False,True,15,6,False,False,29,0,False,False,False,nan,nan,nan,1000000076,True,nan
77,187485.4,0.35792373102385655,35,0.3913065690086617,0.3913065690086617,2,False,True,15,6,False,False,28,0,False,False,False,nan,nan,nan,1000000077,True,nan
78,187485.6,0.27892887610874656,35,0.33012242509423845,0.33012242509423845,3,False,True,15,6,False,False,28,0,False,False,False,nan,nan,nan,1000000078,True,nan
79,187485.8,0.18470288936797938,35,0.3047213208268981,0.3047213208268981,3,True,True,15,6,False,False,28,0,False,False,False,nan,nan,nan,1000000079,True,nan
80,187486.0,0.1299001226267348,35,0.2734781466458379,0.2734781466458379,3,True,True,15,6,False,False,29,0,False,False,False,nan,nan,nan,1000000080,True,nan
81,187486.2,0.11941024419590904,35,0.2817644775742419,0.2817644775742419,1,False,True,15,6,False,False,29,0,True,True,False,nan,nan,nan,1000000081,True,0.11941024419590904
82,187486.4,0.23684582109583283,35,0.32017932202683197,0.32017932202683197,1,False,True,15,6,False,False,30,0,False,False,False,nan,nan,nan,1000000082,True,nan
83,187486.6,0.2036766862773008,35,0.3382096992653386,0.3382096992653386,2,False,True,15,6,False,False,30,0,False,False,False,nan,nan,nan,1000000083,True,nan
84,187486.8,0.2472099954259585,35,0.348435910033261,0.348435910033261,2,False,True,15,6,False,False,30,0,False,False,False,nan,nan,nan,1000000084,True,nan
85,187487.0,0.22771318520203543,35,0.35448024194983957,0.35448024194983957,2,False,True,15,6,False,False,30,0,False,False,False,nan,nan,nan,1000000085,True,nan
86,187487.2,0.12957778311175175,35,0.3289806769079608,0.3289806769079608,1,False,True,15,6,False,False,30,0,True,True,False,nan,nan,nan,1000000086,True,0.12957778311175175
87,187487.4,0.1980082527857813,35,0.35259310439636626,0.35259310439636626,1,False,True,15,6,False,False,30,0,False,False,False,nan,nan,nan,1000000087,True,nan
88,187487.6,0.25442431318607034,35,0.39652712318540884,0.39652712318540884,2,False,True,15,6,False,False,30,0,False,False,False,nan,nan,nan,1000000088,True,nan
89,187487.8,0.24548313485486561,35,0.3899938876049714,0.3899938876049714,2,False,True,15,6,False,False,30,0,False,False,False,nan,nan,nan,1000000089,True,nan
90,187488.0,0.1603799720911759,35,0.38777038615025633,0.38777038615025633,2,False,True,15,6,False,False,30,0,False,False,False,nan,nan,nan,1000000090,True,nan
91,187488.2,0.06990011370729923,34,0.3932761708624,0.3932761708624,4,False,True,15,6,False,False,30,0,False,False,False,nan,nan,nan,1000000091,True,nan
92,187488.4,0.03218717874909767,33,0.36323867496962386,0.36323867496962386,1,False,True,15,6,False,False,30,0,True,True,False,nan,nan,nan,1000000092,True,0.03218717874909767
93,187488.6,0.09171562464532089,32,0.40009086963947155,0.40009086963947155,3,True,True,15,6,False,False,30,0,False,False,False,nan,nan,nan,1000000093,True,nan
94,187488.8,0.14322225646635628,31,0.43469715423003386,0.43469715423003386,2,False,True,15,6,False,False,29,0,False,False,False,nan,nan,nan,1000000094,True,nan
95,187489.0,0.21320340773014518,30,0.482192479175129,0.482192479175129,2,False,True,15,6,False,False,28,0,False,False,False,nan,nan,nan,1000000095,True,nan
96,187489.2,0.07985749208822177,30,0.456472792284557,0.456472792284557,2,False,True,15,6,False,False,27,0,False,False,False,nan,nan,nan,1000000096,True,nan
97,187489.4,0.03771975093502294,31,0.6767292603806443,0.6767292603806443,1,False,True,15,6,False,False,26,0,True,True,False,nan,nan,nan,1000000097,True,0.03771975093502294
98,187489.6,0.09349902447452174,32,0.6121140649435545,0.6121140649435545,1,False,True,15,6,False,False,25,0,False,False,False,nan,nan,nan,1000000098,True,nan
99,187489.8,0.13952317661744934,33,0.5832641181864348,0.5832641181864348,2,False,True,15,6,False,False,25,0,False,False,False,nan,nan,nan,1000000099,True,nan
100,187490.0,0.09228066287052449,34,0.5294458150801254,0.5294458150801254,1,False,True,15,6,False,False,25,0,True,True,False,nan,nan,nan,1000000100,True,0.09228066287052449
101,187490.2,0.14653979278747534,35,0.4834702471292282,0.4834702471292282,1,False,True,15,6,False,False,25,0,False,False,False,nan,nan,nan,1000000101,True,nan
102,187490.4,0.1898888672274374,34,0.43969354792811194,0.43969354792811194,2,False,True,15,6,False,False,25,0,False,False,False,nan,nan,nan,1000000102,True,nan
103,187490.6,0.1413267556032831,34,0.3427035405656305,0.3427035405656305,2,False,True,15,6,False,False,25,0,False,False,False,nan,nan,nan,1000000103,True,nan
104,187490.8,0.10318709191558051,33,0.3384895309899413,0.3384895309899413,5,True,True,15,6,False,False,25,0,False,False,False,nan,nan,nan,1000000104,True,nan
105,187491.0,0.03862109115177605,32,0.3093866462896695,0.3093866462896695,1,False,True,15,6,False,False,25,0,True,True,False,nan,nan,nan,1000000105,True,0.03862109115177605
106,187491.2,0.07538104055693001,31,0.31760738911193837,0.31760738911193837,1,False,True,15,6,False,False,25,0,False,False,False,nan,nan,nan,1000000106,True,nan
107,187491.4,0.13218497949871744,30,0.2960177226306628,0.2960177226306628,1,False,True,15,6,False,False,25,0,True,True,False,nan,nan,nan,1000000107,True,0.13218497949871744
108,187491.6,0.1891630576888769,29,0.3370291301462601,0.3370291301462601,1,False,True,15,6,False,False,26,0,False,False,False,nan,nan,nan,1000000108,True,nan
109,187491.8,0.2454905263663019,29,0.3792208871312087,0.3792208871312087,1,False,True,15,6,False,False,26,0,False,False,False,nan,nan,nan,1000000109,True,nan
110,187492.0,0.2949942429331119,29,0.38224924109975456,0.38224924109975456,1,False,True,15,6,False,False,26,0,True,True,False,nan,nan,nan,1000000110,True,0.2949942429331119
111,187492.2,0.3457371302647774,28,0.3405872510822088,0.3405872510822088,1,False,True,15,6,False,False,26,0,True,True,False,nan,nan,nan,1000000111,True,0.3457371302647774
112,187492.4,0.3930992867080217,29,0.3698318289038488,0.3698318289038488,1,False,True,15,6,False,False,26,0,True,True,False,nan,nan,nan,1000000112,True,0.3930992867080217
113,187492.6,0.4425566069135017,29,0.371396565917182,0.371396565917182,1,False,True,15,6,False,False,25,0,False,False,False,nan,nan,nan,1000000113,True,nan
114,187492.8,0.48466176231787844,29,0.36472264965162243,0.36472264965162243,1,False,True,15,6,False,False,25,0,False,False,False,nan,nan,nan,1000000114,True,nan
115,187493.0,0.1609891452221712,28,0.2645514368380656,0.2645514368380656,1,False,True,15,6,False,False,25,0,True,True,False,nan,nan,nan,1000000115,True,0.1609891452221712
116,187493.2,0.19932024919892471,28,0.25276488380668494,0.25276488380668494,1,False,True,15,6,False,False,25,0,False,False,False,nan,nan,nan,1000000116,True,nan
117,187493.4,0.2320478344178733,27,0.26433935555786287,0.26433935555786287,1,False,True,15,6,False,False,25,0,True,True,False,nan,nan,nan,1000000117,True,0.2320478344178733
118,187493.6,0.27090648125441524,26,0.25739624744957706,0.25739624744957706,1,False,True,15,6,False,False,25,0,False,False,False,nan,nan,nan,1000000118,True,nan
119,187493.8,0.03302428257873253,25,0.27604379642426813,0.27604379642426813,1,False,True,15,6,False,False,25,0,True,True,False,nan,nan,nan,1000000119,True,0.03302428257873253
120,187494.0,0.04027869015538013,25,0.28753064798140693,0.28753064798140693,1,False,True,15,6,False,False,25,0,False,False,False,nan,nan,nan,1000000120,True,nan
121,187494.2,0.06712607764327075,25,0.2752738182158574,0.2752738182158574,1,False,True,15,6,False,False,25,0,False,False,False,nan,nan,nan,1000000121,True,nan
122,187494.4,0.0984576932005961,25,0.29213169065380484,0.29213169065380484,1,False,True,15,6,False,False,25,0,True,True,False,nan,nan,nan,1000000122,True,0.0984576932005961
123,187494.6,0.13069514244484517,25,0.30669809537991083,0.30669809537991083,1,False,True,15,6,False,False,25,0,True,True,False,nan,nan,nan,1000000123,True,0.13069514244484517
124,187494.8,0.1625967931270732,25,0.33645286976354033,0.33645286976354033,1,False,True,15,6,False,False,25,0,True,True,False,nan,nan,nan,1000000124,True,0.1625967931270732
125,187495.0,0.19487971624916786,25,0.35827846576864836,0.35827846576864836,1,False,True,15,6,False,False,25,0,False,False,False,nan,nan,nan,1000000125,True,nan
126,187495.2,0.22860098062373638,25,0.3710117531422404,0.3710117531422404,1,False,True,15,6,False,False,25,0,False,False,False,nan,nan,nan,1000000126,True,nan
127,187495.4,0.24682015785266975,25,0.39205938584812,0.39205938584812,1,False,True,15,6,False,False,25,0,True,True,False,nan,nan,nan,1000000127,True,0.24682015785266975
128,187495.6,0.285077048861297,25,0.4057180510440771,0.4057180510440771,1,False,True,15,6,False,False,25,0,False,False,False,nan,nan,nan,1000000128,True,nan
129,187495.8,0.3200078781228342,25,0.42172437921433964,0.42172437921433964,5,True,True,15,6,False,False,25,0,False,False,False,nan,nan,nan,1000000129,True,nan
130,187496.0,0.1673744025056818,25,0.46833040269696324,0.46833040269696324,1,False,True,15,6,False,False,25,0,True,True,False,nan,nan,nan,1000000130,True,0.1673744025056818
131,187496.2,0.20433213713530307,25,0.402714332949909,0.402714332949909,1,False,True,15,6,False,False,25,0,True,True,False,nan,nan,nan,1000000131,True,0.20433213713530307
132,187496.4,0.2458230552383576,25,0.3772899517173851,0.3772899517173851,1,False,True,15,6,False,False,25,0,False,False,False,nan,nan,nan,1000000132,True,nan
133,187496.6,0.28760242416197646,25,0.3420739386163825,0.3420739386163825,1,False,True,15,6,False,False,25,0,False,False,False,nan,nan,nan,1000000133,True,nan
134,187496.8,0.3301662975429829,25,0.33724320078774844,0.33724320078774844,2,False,True,15,6,False,False,25,0,False,False,False,nan,nan,nan,1000000134,True,nan
135,187497.0,0.09750783930578286,25,0.25129482660202945,0.25129482660202945,2,False,True,15,6,False,False,25,0,False,False,False,nan,nan,nan,1000000135,True,nan
136,187497.2,0.05926830078474677,25,0.3689411503036794,0.3689411503036794,1,False,True,15,6,False,False,25,0,True,True,False,nan,nan,nan,1000000136,True,0.05926830078474677
137,187497.4,0.08251860883350265,25,0.401496835877503,0.401496835877503,1,False,True,15,6,False,False,25,0,True,True,False,nan,nan,nan,1000000137,True,0.08251860883350265
138,187497.6,0.11435887808255082,25,0.4238225985722339,0.4238225985722339,1,False,True,15,6,False,False,25,0,False,False,False,nan,nan,nan,1000000138,True,nan
139,187497.8,0.15937616470027244,25,0.4139758338672758,0.4139758338672758,1,False,True,15,6,False,False,25,0,False,False,False,nan,nan,nan,1000000139,True,nan
140,187498.0,0.203734326817315,25,0.5199033688795476,0.5199033688795476,2,False,True,15,6,False,False,25,0,False,False,False,nan,nan,nan,1000000140,True,nan
141,187498.2,0.0822953094121217,24,0.47204611406306396,0.47204611406306396,1,False,True,15,6,False,False,24,0,True,True,False,nan,nan,nan,1000000141,True,0.0822953094121217
142,187498.4,0.12159874278764968,24,0.5976716966593624,0.5976716966593624,1,False,True,15,6,False,False,24,0,False,False,False,nan,nan,nan,1000000142,True,nan
143,187498.6,0.16199602621608106,24,0.5063402061890486,0.5063402061890486,4,True,True,15,6,False,False,24,0,False,False,False,nan,nan,nan,1000000143,True,nan
144,187498.8,0.19094433305982764,24,0.5430465680122798,0.5430465680122798,2,False,True,15,6,False,False,24,0,False,False,False,nan,nan,nan,1000000144,True,nan
145,187499.0,0.08650723346995516,25,1.8181163883346292,1.4850922474862747,1,False,True,15,6,False,False,24,0,True,True,False,nan,nan,nan,1000000145,True,0.08650723346995516
146,187499.2,0.13019154352540535,27,1.753785136250557,1.4231863296144527,1,False,True,15,6,False,False,25,0,False,False,False,nan,nan,nan,1000000146,True,nan
147,187499.4,0.16276474244192307,28,1.7585424080956207,1.4177323995906024,2,False,True,15,6,False,False,25,0,False,False,False,nan,nan,nan,1000000147,True,nan
148,187499.6,0.18682147870585877,28,0.5477350410752969,0.5477350410752969,2,False,True,15,6,False,False,25,0,False,False,False,nan,nan,nan,1000000148,True,nan
149,187499.8,0.12584891412788599,28,0.7063721299788721,0.7063721299788721,1,False,True,15,6,False,False,25,0,True,True,False,nan,nan,nan,1000000149,True,0.12584891412788599
150,187500.0,0.17296359507618037,27,0.6950642408002893,0.6950642408002893,1,False,True,15,6,False,False,25,0,False,False,False,nan,nan,nan,1000000150,True,nan
151,187500.2,0.22054342685280612,27,0.6539621645666384,0.6539621645666384,5,True,True,15,6,False,False,25,0,False,False,False,nan,nan,nan,1000000151,True,nan
152,187500.4,0.24909845137429273,27,0.6440297451379815,0.6440297451379815,2,False,True,15,6,False,False,25,0,False,False,False,nan,nan,nan,1000000152,True,nan
153,187500.6,0.1517903594278601,28,0.7352422876040388,0.7352422876040388,2,False,True,15,6,False,False,25,0,False,False,False,nan,nan,nan,1000000153,True,nan
154,187500.8,0.09905427815958807,29,0.7008847707522039,0.7008847707522039,3,True,True,15,6,False,False,25,0,False,False,False,nan,nan,nan,1000000154,True,nan
155,187501.0,0.07552897510654943,30,0.6375488645691538,0.6375488645691538,3,True,True,15,6,False,False,25,0,False,False,False,nan,nan,nan,1000000155,True,nan
156,187501.2,0.061600838519141665,30,0.6806865240620026,0.6806865240620026,1,False,True,15,6,False,False,25,0,True,True,False,nan,nan,nan,1000000156,True,0.061600838519141665
157,187501.4,0.08712140693394307,30,0.6615340241835351,0.6615340241835351,1,False,True,15,6,False,False,25,0,True,True,False,nan,nan,nan,1000000157,True,0.08712140693394307
158,187501.6,0.1241239231634892,30,0.6936693877842188,0.6936693877842188,1,False,True,15,6,False,False,25,0,False,False,False,nan,nan,nan,1000000158,True,nan
159,187501.8,0.16743445878064436,29,0.5637510336706968,0.5637510336706968,1,False,True,15,6,False,False,25,0,False,False,False,nan,nan,nan,1000000159,True,nan
160,187502.0,0.21403834434195934,28,0.519523357020569,0.519523357020569,1,False,True,15,6,False,False,25,0,False,False,False,nan,nan,nan,1000000160,True,nan
161,187502.2,0.1029211852645469,27,0.5924383168864386,0.5924383168864386,1,False,True,15,6,False,False,25,0,True,True,False,nan,nan,nan,1000000161,True,0.1029211852645469
162,187502.4,0.1424250137755978,26,0.5554783455156863,0.5554783455156863,1,False,True,15,6,False,False,25,0,False,False,False,nan,nan,nan,1000000162,True,nan
163,187502.6,0.18688982598576215,25,0.5207836325018155,0.5207836325018155,1,False,True,15,6,False,False,25,0,False,False,False,nan,nan,nan,1000000163,True,nan
164,187502.8,0.213600081575005,25,0.4506523498924103,0.4506523498924103,2,False,True,15,6,False,False,25,0,False,False,False,nan,nan,nan,1000000164,True,nan
165,187503.0,0.11691799194606718,25,0.44269279163471,0.44269279163471,2,False,True,15,6,False,False,25,0,False,False,False,nan,nan,nan,1000000165,True,nan
166,187503.2,0.06659434586759123,25,0.46156265492929016,0.46156265492929016,3,True,True,15,6,False,False,25,0,False,False,False,nan,nan,nan,1000000166,True,nan
167,187503.4,0.04164068782126555,25,0.4159550594215301,0.4159550594215301,1,False,True,15,6,False,False,25,0,True,True,False,nan,nan,nan,1000000167,True,0.04164068782126555
168,187503.6,0.0783677881682912,25,0.34356883035448815,0.34356883035448815,1,False,True,15,6,False,False,25,0,True,True,False,nan,nan,nan,1000000168,True,0.0783677881682912
169,187503.8,0.11955541016317883,25,0.2816482090265132,0.2816482090265132,1,False,True,15,6,False,False,25,0,False,False,False,nan,nan,nan,1000000169,True,nan
170,187504.0,0.16171667770411063,25,0.2543115361588644,0.2543115361588644,1,False,True,15,6,False,False,25,0,False,False,False,nan,nan,nan,1000000170,True,nan
171,187504.2,0.20342031085132867,25,0.20309228246923341,0.20309228246923341,1,False,True,15,6,False,False,25,0,False,False,False,nan,nan,nan,1000000171,True,nan
172,187504.4,0.0836343947612596,25,0.25786081010076123,0.25786081010076123,1,False,True,15,6,False,False,25,0,True,True,False,nan,nan,nan,1000000172,True,0.0836343947612596
173,187504.6,0.12547797682734957,25,0.2728678901822992,0.2728678901822992,1,False,True,15,6,False,False,25,0,False,False,False,nan,nan,nan,1000000173,True,nan
174,187504.8,0.1707339892377004,25,0.30499426193382484,0.30499426193382484,1,False,True,15,6,False,False,25,0,False,False,False,nan,nan,nan,1000000174,True,nan
175,187505.0,0.19868270087164264,25,0.32439203159987834,0.32439203159987834,2,False,True,15,6,False,False,25,0,False,False,False,nan,nan,nan,1000000175,True,nan
176,187505.2,0.09380466496666916,25,0.415297336230861,0.415297336230861,2,False,True,15,6,False,False,25,0,False,False,False,nan,nan,nan,1000000176,True,nan
177,187505.4,0.048440829401661153,26,3.0585935924081458,1.8328300615543218,1,False,True,15,6,False,False,25,0,True,True,False,nan,nan,nan,1000000177,True,0.048440829401661153
178,187505.6,0.08610990606743067,27,2.767660164857341,1.7184266130581216,1,False,True,15,6,False,False,25,0,False,False,False,nan,nan,nan,1000000178,True,nan
179,187505.8,0.13996599769751822,28,2.534675003954687,1.632630217536993,1,False,True,15,6,False,False,25,0,True,True,False,nan,nan,nan,1000000179,True,0.13996599769751822
180,187506.0,0.2023288567035957,30,2.1650032030679816,1.3590715991109894,1,False,True,15,6,False,False,25,0,True,True,False,nan,nan,nan,1000000180,True,0.2023288567035957
181,187506.2,0.26386702145961594,31,2.197391862728104,1.5142793680500213,1,False,True,15,6,False,False,24,0,False,False,False,nan,nan,nan,1000000181,True,nan
182,187506.4,0.3060460410285938,32,1.9335631883026712,1.2748926103667648,2,False,True,15,6,False,False,24,0,False,False,False,nan,nan,nan,1000000182,True,nan
183,187506.6,0.15705714031322057,33,1.770231517714811,1.240604787578985,2,False,True,15,6,False,False,24,0,False,False,False,nan,nan,nan,1000000183,True,nan
184,187506.8,0.14685292382789758,33,1.690431828069967,1.2179504699566914,2,False,True,15,6,False,False,23,0,False,False,False,nan,nan,nan,1000000184,True,nan
185,187507.0,0.0903559124742684,33,1.3906887740112954,1.1269686559365415,1,False,True,15,6,False,False,22,0,True,True,False,nan,nan,nan,1000000185,True,0.0903559124742684
186,187507.2,0.11682458532294067,34,1.2069261941717804,1.0488904340584335,1,False,True,15,6,False,False,22,0,True,True,False,nan,nan,nan,1000000186,True,0.11682458532294067
187,187507.4,0.1667324095754354,35,1.077297561290364,0.988586866087471,1,False,True,15,6,False,False,22,0,False,False,False,nan,nan,nan,1000000187,True,nan
188,187507.6,0.20247439245832538,35,0.9957609707899052,0.9128672936982081,2,False,True,15,6,False,False,23,0,False,False,False,nan,nan,nan,1000000188,True,nan
189,187507.8,0.09216364411194207,36,0.9231103158652028,0.8936700345181409,2,False,True,15,6,False,False,25,0,False,False,False,nan,nan,nan,1000000189,True,nan
190,187508.0,0.07070566323901095,37,1.0529797193185442,1.0320364018174313,1,False,True,15,6,False,False,27,0,True,True,False,nan,nan,nan,1000000190,True,0.07070566323901095
191,187508.2,0.11819000088099832,38,0.9902987467036031,0.9678703741231988,1,False,True,15,6,False,False,29,0,False,False,False,nan,nan,nan,1000000191,True,nan
192,187508.4,0.17599316323731715,37,0.7310053156924222,0.7310053156924222,1,False,True,15,6,False,False,30,0,True,True,False,nan,nan,nan,1000000192,True,0.17599316323731715
193,187508.6,0.2377535171949392,37,0.7469251042253394,0.7469251042253394,1,False,True,15,6,False,False,29,0,True,True,False,nan,nan,nan,1000000193,True,0.2377535171949392
194,187508.8,0.3000283147780642,37,0.898268085932176,0.8896755852614101,1,False,True,15,6,False,False,29,0,False,False,False,nan,nan,nan,1000000194,True,nan
195,187509.0,0.36008429841162093,36,1.341705451051203,1.2091905450008051,3,False,True,15,6,False,False,28,0,False,False,False,nan,nan,nan,1000000195,True,nan
196,187509.2,0.1522891367117662,33,0.9437688230313791,0.9240566864299947,2,True,True,15,6,False,False,26,0,True,True,False,nan,nan,nan,1000000196,True,0.1522891367117662
197,187509.4,0.2138074997922729,32,1.0046287173158792,1.0046287173158792,1,False,True,15,6,False,False,25,0,True,True,False,nan,nan,nan,1000000197,True,0.2138074997922729
198,187509.6,0.27753902397634894,31,1.140307661224984,1.1258408463756773,1,False,True,15,6,False,False,24,0,False,False,False,nan,nan,nan,1000000198,True,nan
199,187509.8,0.3387411811766877,30,1.129991207788089,1.077570137939659,1,False,True,15,6,False,False,22,0,True,True,False,nan,nan,nan,1000000199,True,0.3387411811766877
200,187510.0,0.3720927435318274,29,0.9798113260818224,0.9798113260818224,1,False,True,15,6,False,False,21,0,True,True,False,nan,nan,nan,1000000200,True,0.3720927435318274
201,187510.2,0.4087332988673095,30,0.7512887604986341,0.7512887604986341,1,False,True,15,6,False,False,21,0,True,True,False,nan,nan,nan,1000000201,True,0.4087332988673095
202,187510.4,0.4794390407903206,30,0.6822995826255562,0.6822995826255562,1,False,True,15,6,False,False,21,0,False,False,False,nan,nan,nan,1000000202,True,nan
203,187510.6,0.2161367633373407,30,0.7265092219590589,0.7265092219590589,1,False,True,15,6,False,False,22,0,True,True,False,nan,nan,nan,1000000203,True,0.2161367633373407
204,187510.8,0.2806521429293876,30,0.5927586780125599,0.5927586780125599,1,False,True,15,6,False,False,23,0,True,True,False,nan,nan,nan,1000000204,True,0.2806521429293876
205,187511.0,0.34454021550406116,30,0.5200519426383314,0.5200519426383314,3,False,True,15,6,False,False,24,0,False,False,False,nan,nan,nan,1000000205,True,nan
206,187511.2,0.38877070837097233,30,0.5010665125520174,0.5010665125520174,2,False,True,15,6,False,False,25,0,False,False,False,nan,nan,nan,1000000206,True,nan
207,187511.4,0.12710455686029806,30,0.4967493243712786,0.4967493243712786,2,False,True,15,6,False,False,25,0,False,False,False,nan,nan,nan,1000000207,True,nan
208,187511.6,0.11727075779764073,31,2.2593531864783754,1.4934842816392546,2,False,True,15,6,False,False,25,0,False,False,False,nan,nan,nan,1000000208,True,nan
209,187511.8,0.052756504332622814,31,0.52968427325537,0.52968427325537,1,False,True,15,6,False,False,26,0,True,True,False,nan,nan,nan,1000000209,True,0.052756504332622814
210,187512.0,0.10542086732061956,31,0.5092241130452485,0.5092241130452485,1,False,True,15,6,False,False,27,0,False,False,False,nan,nan,nan,1000000210,True,nan
211,187512.2,0.17290528179595743,31,0.4448310368240202,0.4448310368240202,1,False,True,15,6,False,False,28,0,True,True,False,nan,nan,nan,1000000211,True,0.17290528179595743
212,187512.4,0.2455999176592697,31,0.37878622262023237,0.37878622262023237,1,False,True,15,6,False,False,29,0,False,False,False,nan,nan,nan,1000000212,True,nan
213,187512.6,0.3160046292594301,30,0.34069290848546685,0.34069290848546685,3,False,True,15,6,False,False,30,0,False,False,False,nan,nan,nan,1000000213,True,nan
214,187512.8,0.09836982335925543,30,0.34942878785397363,0.34942878785397363,2,False,True,15,6,False,False,30,0,False,False,False,nan,nan,nan,1000000214,True,nan
215,187513.0,0.08066275310395939,30,0.2809481459526081,0.2809481459526081,1,False,True,15,6,False,False,30,0,True,True,False,nan,nan,nan,1000000215,True,0.08066275310395939
216,187513.2,0.11045317978438998,30,0.2505337965436182,0.2505337965436182,1,False,True,15,6,False,False,30,0,False,False,False,nan,nan,nan,1000000216,True,nan
217,187513.4,0.1750716536847735,30,0.22902361001661495,0.22902361001661495,1,False,True,15,6,False,False,30,0,False,False,False,nan,nan,nan,1000000217,True,nan
218,187513.6,0.1276824624329339,30,0.35317107046499396,0.35317107046499396,2,False,True,15,6,False,False,30,0,False,False,False,nan,nan,nan,1000000218,True,nan
219,187513.8,0.12463874993510575,29,0.333733508675635,0.333733508675635,2,False,True,15,6,False,False,29,0,False,False,False,nan,nan,nan,1000000219,True,nan
220,187514.0,0.05729685894234131,27,0.2694191726246059,0.2694191726246059,5,True,True,15,6,False,False,27,0,True,True,False,nan,nan,nan,1000000220,True,0.05729685894234131
221,187514.2,0.11271401942392004,27,0.5287958279880726,0.5287958279880726,4,False,True,15,6,False,False,25,0,True,True,False,nan,nan,nan,1000000221,True,0.11271401942392004
222,187514.4,0.17039133923705238,27,0.5865521088516085,0.5865521088516085,3,True,True,15,6,False,False,23,0,False,False,False,nan,nan,nan,1000000222,True,nan
223,187514.6,0.237386372405864,27,0.5103940869104432,0.5103940869104432,1,False,True,15,6,False,False,21,0,False,False,False,nan,nan,nan,1000000223,True,nan
224,187514.8,0.2972366025080585,28,0.4385449831456919,0.4385449831456919,1,False,True,15,6,False,False,20,0,True,True,False,nan,nan,nan,1000000224,True,0.2972366025080585
225,187515.0,0.35346351652569225,28,0.44882504772744053,0.44882504772744053,3,True,True,15,6,False,False,19,0,True,True,False,nan,nan,nan,1000000225,True,0.35346351652569225
226,187515.2,0.15807242094601928,27,0.5159953219971987,0.5159953219971987,1,False,True,15,6,False,False,18,0,True,True,False,nan,nan,nan,1000000226,True,0.15807242094601928
227,187515.4,0.18892768648341438,26,0.6231678595455594,0.6231678595455594,4,True,True,15,6,False,False,17,0,True,True,False,nan,nan,nan,1000000227,True,0.18892768648341438
228,187515.6,0.18947649392167293,25,0.9203523137915863,0.9203523137915863,1,True,True,15,6,False,False,16,0,True,True,False,nan,nan,nan,1000000228,True,0.18947649392167293
229,187515.8,0.12226488285914248,24,0.9627071166402806,0.9627071166402806,1,False,True,15,6,False,False,14,0,True,True,False,nan,nan,nan,1000000229,True,0.12226488285914248
230,187516.0,0.10068844516926953,25,1.00829414504077,0.9521731446804257,2,False,True,15,6,False,False,13,0,False,False,False,nan,nan,nan,1000000230,True,nan
231,187516.2,0.07422628551720895,27,6.036807690007248,2.626092081434294,2,False,True,15,6,False,False,12,0,False,False,False,nan,nan,nan,1000000231,True,nan
232,187516.4,0.055092828951470565,28,6.015047249135924,2.472010238452157,1,False,True,15,6,False,False,11,0,True,True,False,nan,nan,nan,1000000232,True,0.055092828951470565
233,187516.6,0.10685912074361477,29,5.846679996767255,2.4321423981819543,1,False,True,15,6,False,False,11,0,True,True,False,nan,nan,nan,1000000233,True,0.10685912074361477
234,187516.8,0.16105329966686605,28,6.399755343252911,2.718694456485959,1,False,True,15,6,False,False,12,0,True,True,False,nan,nan,nan,1000000234,True,0.16105329966686605
235,187517.0,0.21553029823619,28,5.491294889114555,2.477552697412075,1,False,True,15,6,False,False,12,0,True,True,False,nan,nan,nan,1000000235,True,0.21553029823619
236,187517.2,0.24416555266690684,26,0.9742433701050893,0.9742433701050893,5,True,True,15,6,False,False,13,0,True,True,False,nan,nan,nan,1000000236,True,0.24416555266690684
237,187517.4,0.15940985531820676,26,4.555955877226175,2.254098008103634,2,False,True,15,6,False,False,14,0,False,False,False,nan,nan,nan,1000000237,True,nan
238,187517.6,0.13493671725370796,25,1.0193067462948346,1.0193067462948346,3,False,True,15,6,False,False,13,0,True,True,False,nan,nan,nan,1000000238,True,0.13493671725370796
239,187517.8,0.12864283359179543,26,0.9913755073915524,0.9913755073915524,1,False,True,15,6,False,False,12,0,True,True,False,nan,nan,nan,1000000239,True,0.12864283359179543
240,187518.0,0.15218600814067856,26,1.0792061190526254,1.0792061190526254,1,False,True,15,6,False,False,12,0,True,True,False,nan,nan,nan,1000000240,True,0.15218600814067856
241,187518.2,0.1720928905612994,26,1.1756236750798221,1.1461456072694234,2,True,True,15,6,False,False,11,0,True,True,False,nan,nan,nan,1000000241,True,0.1720928905612994
242,187518.4,0.2097178579149452,25,1.442219396513673,1.2522513077218091,1,False,True,15,6,False,False,12,0,True,True,False,nan,nan,nan,1000000242,True,0.2097178579149452
243,187518.6,0.24146113710186673,26,7.4515957467673894,3.016820246765215,3,True,True,15,6,False,False,14,0,True,True,False,nan,nan,nan,1000000243,True,0.24146113710186673
244,187518.8,0.27737101415225085,27,7.0782560669052215,2.9417004947507426,1,False,True,15,6,False,False,16,0,True,True,False,nan,nan,nan,1000000244,True,0.27737101415225085
245,187519.0,12.786120007388691,27,7.474565026551121,3.169344543858603,2,False,True,15,0,True,False,17,0,False,False,False,nan,nan,nan,0,True,nan
246,187519.2,0.7013321244270523,26,0.6020075690768308,0.6020075690768308,1,False,True,15,6,False,False,19,0,True,True,False,nan,nan,nan,1,True,0.7013321244270523
247,187519.4,0.6972261146376966,25,0.6985339412019763,0.6985339412019763,1,False,True,15,6,False,False,18,0,False,False,False,nan,nan,nan,2,True,nan
248,187519.6,0.15218063430197531,23,0.8079438960317511,0.8079438960317511,1,False,True,15,6,False,False,17,0,True,True,False,nan,nan,nan,3,True,0.15218063430197531
249,187519.8,0.18623353340138585,20,0.8694212676103796,0.8694212676103796,1,True,True,15,6,False,False,16,0,True,True,False,nan,nan,nan,4,True,0.18623353340138585
250,187520.0,0.21941413683059474,19,5.173186631777599,2.718150391574197,1,False,True,15,6,False,False,15,0,True,True,False,nan,nan,nan,5,True,0.21941413683059474
251,187520.2,0.267500192243814,19,4.74145818292446,2.641506355827563,1,False,True,15,6,False,False,13,0,False,False,False,nan,nan,nan,6,True,nan
252,187520.4,0.3066131830158029,20,4.26628373909739,2.692116202313049,1,False,True,15,6,False,False,12,0,True,True,False,nan,nan,nan,7,True,0.3066131830158029
253,187520.6,0.3575127078347689,21,3.956467021385092,2.605868368416255,1,False,True,15,6,False,False,11,0,False,False,False,nan,nan,nan,8,True,nan
254,187520.8,0.11522017826800161,22,3.747925263967344,2.439839556819241,1,False,True,15,6,False,False,10,0,True,True,False,nan,nan,nan,9,True,0.11522017826800161
255,187521.0,0.14817332539642522,22,1.4513209480485265,1.108020260125369,1,False,True,15,6,False,False,10,0,True,True,False,nan,nan,nan,10,True,0.14817332539642522
256,187521.2,0.21981102039667555,23,2.8285292077928696,1.718676677277966,1,False,True,15,6,False,False,10,0,True,True,False,nan,nan,nan,11,True,0.21981102039667555
257,187521.4,0.29356837781610434,23,2.9218015644519,1.7587650274012583,1,False,True,15,6,False,False,10,0,True,True,False,nan,nan,nan,12,True,0.29356837781610434
258,187521.6,0.0827608239482606,23,2.834878020349976,1.7499175978564976,1,False,True,15,6,False,False,10,0,True,True,False,nan,nan,nan,13,True,0.0827608239482606
259,187521.8,0.11546947424321245,25,2.637497024454433,1.8091280663411018,1,False,True,15,6,False,False,9,0,True,True,False,nan,nan,nan,14,True,0.11546947424321245
260,187522.0,0.16528234037920922,27,2.5567193956271366,1.7120110542110374,1,False,True,15,6,False,False,8,0,True,True,False,nan,nan,nan,15,True,0.16528234037920922
261,187522.2,0.2369796537904068,28,2.3798923768153286,1.6435277942986337,1,False,True,15,6,False,False,7,0,True,True,False,nan,nan,nan,16,True,0.2369796537904068
262,187522.4,0.31080381272128776,30,2.4334944994489933,1.774943523233331,1,False,True,15,6,False,False,6,0,True,True,False,nan,nan,nan,17,True,0.31080381272128776
263,187522.6,0.38979593228677145,32,1.7864301696722586,1.4507199883554067,1,False,True,15,6,False,False,5,0,True,True,False,nan,nan,nan,18,True,0.38979593228677145
264,187522.8,0.0899743489715352,33,1.7143144551551026,1.4158428615454917,1,False,True,15,6,False,False,5,0,True,True,False,nan,nan,nan,19,True,0.0899743489715352
265,187523.0,0.17802233863536826,35,2.170483396795154,1.6125297235386762,1,False,True,15,6,False,False,6,0,True,True,False,nan,nan,nan,20,True,0.17802233863536826
266,187523.2,0.26692920554162936,37,2.068412096683477,1.5784512408213174,1,False,True,15,6,False,False,7,0,True,True,False,nan,nan,nan,21,True,0.26692920554162936
267,187523.4,0.3558209398455947,38,2.240947544691763,1.6338025615702,1,False,True,15,6,False,False,8,0,True,True,False,nan,nan,nan,22,True,0.3558209398455947
268,187523.6,0.1138303312090314,38,2.138217847671635,1.559100814335992,1,False,True,15,6,False,False,8,0,True,True,False,nan,nan,nan,23,True,0.1138303312090314
269,187523.8,0.17673463298281103,39,2.5024638092166223,1.693589875317256,1,False,True,15,6,False,False,9,0,True,True,False,nan,nan,nan,24,True,0.17673463298281103
270,187524.0,0.2557567215578658,38,2.746885758662236,1.797844831734636,1,False,True,15,6,False,False,9,0,True,True,False,nan,nan,nan,25,True,0.2557567215578658
271,187524.2,0.2908936817166425,38,2.7818999422159445,1.7938328344082537,1,False,True,15,6,False,False,9,0,True,True,False,nan,nan,nan,26,True,0.2908936817166425
272,187524.4,0.3535300374463802,38,2.952709252342153,1.8402829852989826,1,False,True,15,6,False,False,10,0,True,True,False,nan,nan,nan,27,True,0.3535300374463802
273,187524.6,0.20273327542775657,39,3.1530567129446023,1.914561779864318,1,True,True,15,6,False,False,12,0,True,True,False,nan,nan,nan,28,True,0.20273327542775657
274,187524.8,0.19750000531093545,39,3.279431824249631,1.9711856168862305,2,False,True,15,6,False,False,14,0,False,False,False,nan,nan,nan,29,True,nan
275,187525.0,0.23577178807527344,40,3.4020121688226515,2.0231673481076533,5,True,True,15,6,False,False,16,0,False,False,False,nan,nan,nan,30,True,nan
276,187525.2,0.22603361760232507,40,3.5665485653895037,2.062377348770894,6,True,True,15,6,False,False,18,0,False,False,False,nan,nan,nan,31,True,nan
277,187525.4,0.16303997024544628,40,3.5953726748719212,2.0591095969221698,2,False,True,15,6,False,False,18,0,True,True,False,nan,nan,nan,32,True,0.16303997024544628
278,187525.6,0.1843289723894022,40,3.7156279413643154,2.0791645983580738,2,False,True,15,6,False,False,19,0,False,False,False,nan,nan,nan,33,True,nan
279,187525.8,0.19250548519307828,40,3.6078551118587376,2.036954747724131,2,False,True,15,6,False,False,18,0,False,False,False,nan,nan,nan,34,True,nan
280,187526.0,0.129526636395863,40,3.3777246082656873,1.9791190719888658,5,True,True,15,6,False,False,17,0,False,False,False,nan,nan,nan,35,True,nan
281,187526.2,0.07834126751418624,40,3.144858858122338,1.9126912270614111,4,True,True,15,6,False,False,17,0,False,False,False,nan,nan,nan,36,True,nan
282,187526.4,0.05768601040141831,40,2.8835456952605805,1.8413204871274005,1,False,True,15,6,False,False,18,0,True,True,False,nan,nan,nan,37,True,0.05768601040141831
283,187526.6,0.07687359613478074,40,2.798454018917029,1.7808294358789334,1,False,True,15,6,False,False,15,0,True,True,False,nan,nan,nan,38,True,0.07687359613478074
284,187526.8,0.12147094972334317,40,2.7183073434198173,1.747507450256673,1,False,True,15,6,False,False,13,0,True,True,False,nan,nan,nan,39,True,0.12147094972334317
285,187527.0,0.1717066881340995,40,2.4592423279173956,1.6257397520595982,1,False,True,15,6,False,False,11,0,True,True,False,nan,nan,nan,40,True,0.1717066881340995
286,187527.2,0.23316818663630853,40,2.2897241540550253,1.5450490680666789,1,False,True,15,6,False,False,8,0,True,True,False,nan,nan,nan,41,True,0.23316818663630853
287,187527.4,0.27882386673291465,40,2.0916386176833437,1.4728413108818603,1,False,True,15,6,False,False,5,0,True,True,False,nan,nan,nan,42,True,0.27882386673291465
288,187527.6,0.2649417161017363,40,2.031361910664133,1.427634700087412,2,True,True,15,6,False,False,5,0,False,False,False,nan,nan,nan,43,True,nan
289,187527.8,0.09425513365679325,39,1.815863004376959,1.2135785202114515,2,False,True,15,6,False,False,5,0,False,False,False,nan,nan,nan,44,True,nan
290,187528.0,0.05601982434738421,38,1.8148497133452222,1.2061029608045009,1,False,True,15,6,False,False,6,0,True,True,False,nan,nan,nan,45,True,0.05601982434738421
291,187528.2,0.10780364787033077,38,1.6335395587356007,1.1729918627817981,1,False,True,15,6,False,False,7,0,True,True,False,nan,nan,nan,46,True,0.10780364787033077
292,187528.4,0.18293077507064098,37,1.616565800933856,1.1204066816545324,1,False,True,15,6,False,False,8,0,True,True,False,nan,nan,nan,47,True,0.18293077507064098
293,187528.6,0.26384069736528926,36,1.4547164230948249,1.0320577023058224,1,False,True,15,6,False,False,9,0,True,True,False,nan,nan,nan,48,True,0.26384069736528926
294,187528.8,0.3453044152382244,36,1.428233888746741,1.1739164835332736,1,False,True,15,6,False,False,12,0,True,True,False,nan,nan,nan,49,True,0.3453044152382244
295,187529.0,0.4280895869473406,37,1.5826944218492303,1.3072906650122877,3,False,True,15,6,False,False,14,0,False,False,False,nan,nan,nan,50,True,nan
296,187529.2,0.10088499017650537,36,1.1123072122769675,0.9467607145004368,2,False,True,15,6,False,False,15,0,False,False,False,nan,nan,nan,51,True,nan
297,187529.4,0.14843453614233212,36,0.9842700148280124,0.8813316961723366,1,False,True,15,6,False,False,17,0,False,False,False,nan,nan,nan,52,True,nan
298,187529.6,0.07787557741163074,36,0.826344935411921,0.7862145656206206,2,False,True,15,6,False,False,19,0,False,False,False,nan,nan,nan,53,True,nan
299,187529.8,0.04092304986753487,36,0.6745336706306292,0.6745336706306292,1,False,True,15,6,False,False,19,0,True,True,False,nan,nan,nan,54,True,0.04092304986753487
300,187530.0,0.0694499953311666,36,2.0410323056470565,1.2769274261137218,1,False,True,15,6,False,False,19,0,True,True,False,nan,nan,nan,55,True,0.0694499953311666
301,187530.2,0.1440946203124785,35,0.6291637463763716,0.6291637463763716,1,False,True,15,6,False,False,20,0,False,False,False,nan,nan,nan,56,True,nan
302,187530.4,0.2275873917054179,35,2.373525589836201,1.6028013630121727,1,False,True,15,6,False,False,21,0,False,False,False,nan,nan,nan,57,True,nan
303,187530.6,0.0053099551046993515,33,0.41969538370234366,0.41969538370234366,1,False,True,15,6,False,False,22,0,True,True,False,nan,nan,nan,58,True,0.0053099551046993515
304,187530.8,0.08714545423589302,32,0.5209846581107987,0.5209846581107987,1,False,True,15,6,False,False,23,0,False,False,False,nan,nan,nan,59,True,nan
305,187531.0,0.033378036176899814,30,0.4492125681682549,0.4492125681682549,1,False,True,15,6,False,False,25,0,True,True,False,nan,nan,nan,60,True,0.033378036176899814
306,187531.2,0.11472033791021022,30,0.4549526985572589,0.4549526985572589,1,False,True,15,6,False,False,26,0,False,False,False,nan,nan,nan,61,True,nan
307,187531.4,0.18631806572360257,29,0.44366755825108434,0.44366755825108434,1,False,True,15,6,False,False,26,0,True,True,False,nan,nan,nan,62,True,0.18631806572360257
308,187531.6,0.28589646497986965,31,0.7650435551422575,0.7650435551422575,1,False,True,15,6,False,False,26,0,False,False,False,nan,nan,nan,63,True,nan
309,187531.8,0.04354143645309491,31,0.3859051053150634,0.3859051053150634,1,False,True,15,6,False,False,27,0,True,True,False,nan,nan,nan,64,True,0.04354143645309491
310,187532.0,0.13494186900715002,31,0.3412633750647893,0.3412633750647893,1,False,True,15,6,False,False,26,0,False,False,False,nan,nan,nan,65,True,nan
311,187532.2,0.21033085883546782,31,0.28551880340239727,0.28551880340239727,1,False,True,15,6,False,False,27,0,True,True,False,nan,nan,nan,66,True,0.21033085883546782
312,187532.4,0.31044085425829765,30,0.19689679882797897,0.19689679882797897,1,False,True,15,6,False,False,27,0,False,False,False,nan,nan,nan,67,True,nan
313,187532.6,0.07976036016210006,29,0.2617489658872637,0.2617489658872637,2,False,True,15,6,False,False,27,0,False,False,False,nan,nan,nan,68,True,nan
314,187532.8,0.08783652325657597,29,0.3428457987381443,0.3428457987381443,1,False,True,15,6,False,False,26,0,True,True,False,nan,nan,nan,69,True,0.08783652325657597
315,187533.0,0.0947360463471822,29,0.3538441518944232,0.3538441518944232,3,True,True,15,6,False,False,26,0,False,False,False,nan,nan,nan,70,True,nan
316,187533.2,0.14053527836844562,29,0.3700582885284996,0.3700582885284996,2,False,True,15,6,False,False,25,0,False,False,False,nan,nan,nan,71,True,nan
317,187533.4,0.1524936882072959,30,0.4366721736041337,0.4366721736041337,2,False,True,15,6,False,False,25,0,False,False,False,nan,nan,nan,72,True,nan
318,187533.6,0.12241015075560231,30,0.40013857454525337,0.40013857454525337,2,False,True,15,6,False,False,25,0,False,False,False,nan,nan,nan,73,True,nan
319,187533.8,0.0827785804585679,31,1.4720868580342077,1.1372813512288873,1,False,True,15,6,False,False,25,0,True,True,False,nan,nan,nan,74,True,0.0827785804585679
320,187534.0,0.15589641849726885,32,1.6776591162820589,1.236224243413169,1,False,True,15,6,False,False,25,0,False,False,False,nan,nan,nan,75,True,nan
321,187534.2,0.21546046730506874,32,0.5600288836640632,0.5600288836640632,2,False,True,15,6,False,False,25,0,False,False,False,nan,nan,nan,76,True,nan
322,187534.4,0.16898663561229801,32,0.6161866017383505,0.6161866017383505,2,False,True,15,6,False,False,25,0,False,False,False,nan,nan,nan,77,True,nan
323,187534.6,0.15850404073522578,31,0.46949950619169656,0.46949950619169656,2,False,True,15,6,False,False,25,0,False,False,False,nan,nan,nan,78,True,nan
324,187534.8,0.10407373313963961,30,0.7078344598834547,0.7078344598834547,3,True,True,15,6,False,False,25,0,False,False,False,nan,nan,nan,79,True,nan
325,187535.0,0.07681116390165274,29,0.8769283225856758,0.8769283225856758,1,False,True,15,6,False,False,25,0,True,True,False,nan,nan,nan,80,True,0.07681116390165274
326,187535.2,0.12854099823246282,29,1.0348446076122533,1.0348446076122533,1,False,True,15,6,False,False,25,0,False,False,False,nan,nan,nan,81,True,nan
327,187535.4,0.18997259019013302,29,0.9945249817282297,0.9945249817282297,1,True,True,15,6,False,False,25,0,False,False,False,nan,nan,nan,82,True,nan
328,187535.6,0.1238642703703191,30,0.7188626485712339,0.7188626485712339,2,False,True,15,6,False,False,25,0,False,False,False,nan,nan,nan,83,True,nan
329,187535.8,0.13496555511208805,30,0.5790998870207841,0.5790998870207841,2,False,True,15,6,False,False,25,0,False,False,False,nan,nan,nan,84,True,nan
330,187536.0,0.08281655726569559,29,0.5164444212591869,0.5164444212591869,3,True,True,15,6,False,False,25,0,False,False,False,nan,nan,nan,85,True,nan
331,187536.2,0.06825079352227399,29,0.4745421249853582,0.4745421249853582,1,False,True,15,6,False,False,25,0,True,True,False,nan,nan,nan,86,True,0.06825079352227399
332,187536.4,0.11343349838187299,29,0.44613772941069063,0.44613772941069063,1,False,True,15,6,False,False,25,0,False,False,False,nan,nan,nan,87,True,nan
333,187536.6,0.17001934244685643,30,3.0231084912916124,1.614618227356399,1,False,True,15,6,False,False,25,0,False,False,False,nan,nan,nan,88,True,nan
334,187536.8,0.23253829491291947,30,0.4441072978199764,0.4441072978199764,2,True,True,15,6,False,False,25,0,False,False,False,nan,nan,nan,89,True,nan
335,187537.0,0.10495613057839072,31,0.5211889119253009,0.5211889119253009,2,False,True,15,6,False,False,25,0,False,False,False,nan,nan,nan,90,True,nan
336,187537.2,0.08836782098069984,32,2.8136317303201914,1.595844245478373,3,True,True,15,6,False,False,25,0,False,False,False,nan,nan,nan,91,True,nan
337,187537.4,0.08365386964249004,33,2.4054423902830044,1.4407551307866007,1,False,True,15,6,False,False,25,0,True,True,False,nan,nan,nan,92,True,0.08365386964249004
338,187537.6,0.12189320777571001,33,2.2143544341265593,1.3790290057436192,1,False,True,15,6,False,False,25,0,False,False,False,nan,nan,nan,93,True,nan
339,187537.8,0.16031048449233987,34,2.0985782842188034,1.3451226498503406,1,False,True,15,6,False,False,25,0,True,True,False,nan,nan,nan,94,True,0.16031048449233987
340,187538.0,0.22689359539906,35,1.9349909830969094,1.299221085980114,1,False,True,15,6,False,False,25,0,False,False,False,nan,nan,nan,95,True,nan
341,187538.2,0.08780080416291536,35,1.7618580841326392,1.3108507552238413,2,False,True,15,6,False,False,25,0,False,False,False,nan,nan,nan,96,True,nan
342,187538.4,0.065528407797564,34,1.6583514920238067,1.3917699297213038,1,False,True,15,6,False,False,25,0,True,True,False,nan,nan,nan,97,True,0.065528407797564
343,187538.6,0.12345873506650823,33,1.475532111458759,1.3186681124528434,1,False,True,15,6,False,False,25,0,False,False,False,nan,nan,nan,98,True,nan
344,187538.8,0.19095974854898207,32,1.2770354117044862,1.2248936865477094,3,True,True,15,6,False,False,25,0,False,False,False,nan,nan,nan,99,True,nan
345,187539.0,0.12568485969885262,31,0.9247319475075544,0.9247319475075544,2,False,True,15,6,False,False,25,0,False,False,False,nan,nan,nan,100,True,nan
346,187539.2,0.13561225315705155,29,0.600858471638877,0.600858471638877,2,False,True,15,6,False,False,25,0,False,False,False,nan,nan,nan,101,True,nan
347,187539.4,0.08472789653787217,28,0.6309978475202118,0.6309978475202118,3,True,True,15,6,False,False,25,0,False,False,False,nan,nan,nan,102,True,nan
348,187539.6,0.05686931721783452,27,0.5528096497982486,0.5528096497982486,1,False,True,15,6,False,False,25,0,True,True,False,nan,nan,nan,103,True,0.05686931721783452
349,187539.8,0.09799706002094628,26,0.6418318694579808,0.6418318694579808,1,False,True,15,6,False,False,25,0,False,False,False,nan,nan,nan,104,True,nan
350,187540.0,0.15301446084452755,25,0.5910754766781497,0.5910754766781497,6,False,True,15,6,False,False,25,0,False,False,False,nan,nan,nan,105,True,nan
351,187540.2,0.15289150195045728,25,0.6320616121414288,0.6320616121414288,2,False,True,15,6,False,False,25,0,False,False,False,nan,nan,nan,106,True,nan
352,187540.4,0.10666746228102361,25,0.7103673089453034,0.7103673089453034,2,False,True,15,6,False,False,25,0,False,False,False,nan,nan,nan,107,True,nan
353,187540.6,0.07692676682790586,25,0.7803250529600503,0.7803250529600503,3,True,True,15,6,False,False,25,0,False,False,False,nan,nan,nan,108,True,nan
354,187540.8,0.062283002124765174,25,0.8533380984253521,0.8516825287756685,1,False,True,15,6,False,False,25,0,True,True,False,nan,nan,nan,109,True,0.062283002124765174
355,187541.0,0.10083538494924453,25,0.7882126048931584,0.7882126048931584,1,False,True,15,6,False,False,25,0,False,False,False,nan,nan,nan,110,True,nan
356,187541.2,0.144572351073553,25,0.8170631979713072,0.8170631979713072,1,False,True,15,6,False,False,25,0,True,True,False,nan,nan,nan,111,True,0.144572351073553
357,187541.4,0.2142507570455764,25,0.9071132447732276,0.8890875841328152,1,False,True,15,6,False,False,25,0,False,False,False,nan,nan,nan,112,True,nan
358,187541.6,0.10425865928139469,26,1.932857718445078,1.616187902985625,2,False,True,15,6,False,False,25,0,False,False,False,nan,nan,nan,113,True,nan
359,187541.8,0.10087790004980414,27,1.9488036742709367,1.6036599018396014,1,False,True,15,6,False,False,25,0,True,True,False,nan,nan,nan,114,True,0.10087790004980414
360,187542.0,0.13875774592811982,28,2.0004309965224523,1.6198439044008905,2,False,True,15,6,False,False,25,0,False,False,False,nan,nan,nan,115,True,nan
361,187542.2,0.15853784875136304,29,2.185065856119581,1.6669735453815124,2,False,True,15,6,False,False,25,0,False,False,False,nan,nan,nan,116,True,nan
362,187542.4,0.1592968655921884,30,2.177798896864767,1.6054156139453721,2,False,True,15,6,False,False,25,0,False,False,False,nan,nan,nan,117,True,nan
363,187542.6,0.13114605714254063,30,2.08518755886692,1.5724318324420565,2,False,True,15,6,False,False,25,0,False,False,False,nan,nan,nan,118,True,nan
364,187542.8,0.08597417281481363,30,2.0359508295376454,1.516550235718196,1,False,True,15,6,False,False,25,0,True,True,False,nan,nan,nan,119,True,0.08597417281481363
365,187543.0,0.11954379096051974,30,2.008271466959431,1.5061205565315423,1,False,True,15,6,False,False,25,0,False,False,False,nan,nan,nan,120,True,nan
366,187543.2,0.18073967615159292,30,1.6430680611963229,1.3599772944155841,1,False,True,15,6,False,False,25,0,False,False,False,nan,nan,nan,121,True,nan
367,187543.4,0.22948338065553342,30,1.5627040350530144,1.3188198274153775,2,False,True,15,6,False,False,25,0,False,False,False,nan,nan,nan,122,True,nan
368,187543.6,0.10215247703979366,30,1.5400241198876454,1.332947598412133,2,False,True,15,6,False,False,25,0,False,False,False,nan,nan,nan,123,True,nan
369,187543.8,0.06136033728230886,30,1.6518324181744886,1.3478399738364901,1,False,True,15,6,False,False,25,0,True,True,False,nan,nan,nan,124,True,0.06136033728230886
370,187544.0,0.11691142858024905,30,1.695412442122009,1.3603793536972328,1,False,True,15,6,False,False,25,0,False,False,False,nan,nan,nan,125,True,nan
371,187544.2,0.17047331498139506,30,1.9459902849993354,1.4798940672162313,2,False,True,15,6,False,False,25,0,False,False,False,nan,nan,nan,126,True,nan
372,187544.4,0.13425635703772706,30,1.8578496001229223,1.443010451458075,2,False,True,15,6,False,False,25,0,False,False,False,nan,nan,nan,127,True,nan
373,187544.6,0.1304854864488694,30,1.7059298462852108,1.377012829585657,2,False,True,15,6,False,False,25,0,False,False,False,nan,nan,nan,128,True,nan
374,187544.8,0.07451072247274772,30,1.5975805114334578,1.3302767415810017,3,True,True,15,6,False,False,25,0,False,False,False,nan,nan,nan,129,True,nan
375,187545.0,0.04694802809613845,30,1.5932079710798788,1.330045594044494,1,False,True,15,6,False,False,25,0,True,True,False,nan,nan,nan,130,True,0.04694802809613845
376,187545.2,0.09749687248016017,30,1.474241252048257,1.2794549199901801,1,False,True,15,6,False,False,25,0,False,False,False,nan,nan,nan,131,True,nan
377,187545.4,0.11236313972998058,30,1.4380264946210293,1.2586900355782444,2,False,True,15,6,False,False,25,0,False,False,False,nan,nan,nan,132,True,nan
378,187545.6,0.16222500493442812,30,1.4472397007661537,1.2767583717431672,2,False,True,15,6,False,False,25,0,False,False,False,nan,nan,nan,133,True,nan
379,187545.8,0.1128907830561619,30,1.5444854537627264,1.3166379672913986,2,False,True,15,6,False,False,25,0,False,False,False,nan,nan,nan,134,True,nan
380,187546.0,0.0626787784545697,30,1.5223396389512944,1.312948114436638,3,True,True,15,6,False,False,25,0,False,False,False,nan,nan,nan,135,True,nan
381,187546.2,0.04704071164856089,30,1.5404415613681524,1.3229439898540272,1,False,True,15,6,False,False,25,0,True,True,False,nan,nan,nan,136,True,0.04704071164856089
382,187546.4,0.09713309123260479,30,1.563273159265007,1.3336425020538825,1,False,True,15,6,False,False,25,0,False,False,False,nan,nan,nan,137,True,nan
383,187546.6,0.14898087823799233,30,1.6110622244879935,1.3478970889959834,2,False,True,15,6,False,False,25,0,False,False,False,nan,nan,nan,138,True,nan
384,187546.8,0.1033308999576617,30,1.5938066676921816,1.3587313482739223,2,False,True,15,6,False,False,25,0,False,False,False,nan,nan,nan,139,True,nan
385,187547.0,0.10168385441499841,30,1.4653027732126906,1.3136967661823806,2,False,True,15,6,False,False,25,0,False,False,False,nan,nan,nan,140,True,nan
386,187547.2,0.06889809897142352,30,1.4301194147505154,1.2831842682381729,1,False,True,15,6,False,False,25,0,True,True,False,nan,nan,nan,141,True,0.06889809897142352
387,187547.4,0.1116477310975684,30,1.4087315611375624,1.2777574879682339,1,False,True,15,6,False,False,25,0,False,False,False,nan,nan,nan,142,True,nan
388,187547.6,0.17992880599853217,30,1.3833766850552645,1.2852905111545916,3,True,True,15,6,False,False,25,0,False,False,False,nan,nan,nan,143,True,nan
389,187547.8,0.09713517556013619,30,1.329057084505584,1.2598247710238613,2,False,True,15,6,False,False,25,0,False,False,False,nan,nan,nan,144,True,nan
390,187548.0,0.10997857720801002,30,1.2376274174370177,1.2094111290544807,2,False,True,15,6,False,False,25,0,False,False,False,nan,nan,nan,145,True,nan
391,187548.2,0.0633895526113714,30,1.2289021035997816,1.203806607156528,1,False,True,15,6,False,False,25,0,True,True,False,nan,nan,nan,146,True,0.0633895526113714
392,187548.4,0.12182502661947987,30,1.243147039420263,1.2213974393050704,1,False,True,15,6,False,False,25,0,False,False,False,nan,nan,nan,147,True,nan
393,187548.6,0.1985869051124231,30,1.252366565606362,1.2280591537236594,2,False,True,15,6,False,False,25,0,False,False,False,nan,nan,nan,148,True,nan
394,187548.8,0.1114047022547843,30,1.310725734471265,1.2529174755462706,2,False,True,15,6,False,False,25,0,False,False,False,nan,nan,nan,149,True,nan
395,187549.0,0.10909194876834245,30,1.281399506308186,1.241573157899896,2,False,True,15,6,False,False,25,0,False,False,False,nan,nan,nan,150,True,nan
396,187549.2,0.07069419963431912,30,1.3465279200575593,1.2592155868909802,3,True,True,15,6,False,False,25,0,False,False,False,nan,nan,nan,151,True,nan
397,187549.4,0.05873074063095088,30,1.3654297629294943,1.257284851247159,1,False,True,15,6,False,False,25,0,True,True,False,nan,nan,nan,152,True,0.05873074063095088
398,187549.6,0.10570477141727674,30,1.481878896620573,1.3142948473579328,1,False,True,15,6,False,False,25,0,False,False,False,nan,nan,nan,153,True,nan
399,187549.8,0.1753033918019709,30,1.5626393616647878,1.3428269378976971,1,False,True,15,6,False,False,25,0,False,False,False,nan,nan,nan,154,True,nan
400,187550.0,0.09329013666999564,30,1.6575537344577278,1.3717506672798099,2,False,True,15,6,False,False,25,0,False,False,False,nan,nan,nan,155,True,nan
401,187550.2,0.11359258538454974,30,1.6018049303096649,1.3384497821201253,2,False,True,15,6,False,False,25,0,False,False,False,nan,nan,nan,156,True,nan
402,187550.4,0.06704359386870946,30,1.6547957529746158,1.3464786794304764,3,True,True,15,6,False,False,25,0,False,False,False,nan,nan,nan,157,True,nan
403,187550.6,0.06213276233061166,31,7.372527324466983,2.5020626861032795,1,False,True,15,6,False,False,25,0,True,True,False,nan,nan,nan,158,True,0.06213276233061166
404,187550.8,0.11113717899038678,32,7.305582827747313,2.5027773313688146,1,False,True,15,6,False,False,25,0,True,True,False,nan,nan,nan,159,True,0.11113717899038678
405,187551.0,6.258318122199061,33,7.525967986230044,2.5241871562697447,2,True,True,15,0,True,False,25,0,False,False,False,nan,nan,nan,0,True,nan
406,187551.2,0.26940152912467624,34,7.53667450707276,2.52641492103643,4,True,True,15,6,False,False,25,0,False,False,False,nan,nan,nan,1,True,nan
407,187551.4,0.09337707084990196,35,7.720789704217022,2.539827512148058,3,True,True,15,6,False,False,25,0,False,False,False,nan,nan,nan,2,True,nan
408,187551.6,6.95703099951861,35,7.787888984484016,2.5176810538462004,1,False,True,15,0,True,False,25,0,True,True,False,nan,nan,nan,0,True,6.95703099951861
409,187551.8,0.6117063803459541,35,7.701321399169991,2.530635500678304,2,False,True,15,6,False,False,25,0,False,False,False,nan,nan,nan,1,True,nan
410,187552.0,0.2298419270202338,35,7.897008536373332,2.519487684176393,2,False,True,15,6,False,False,25,0,False,False,False,nan,nan,nan,2,True,nan
411,187552.2,7.082802382731408,35,7.779650909752219,2.494466189687639,2,False,True,15,0,True,False,25,0,False,False,False,nan,nan,nan,0,True,nan
412,187552.4,0.2994756965530521,34,1.0117290262846155,1.0117290262846155,1,False,True,15,6,False,False,25,0,True,True,False,nan,nan,nan,1,True,0.2994756965530521
413,187552.6,0.29469861675846537,33,0.9169299886479554,0.9169299886479554,1,False,True,15,6,False,False,25,0,True,True,False,nan,nan,nan,2,True,0.29469861675846537
414,187552.8,0.2878400834799743,32,0.7788390474623047,0.7788390474623047,1,False,True,15,6,False,False,25,0,True,True,False,nan,nan,nan,3,True,0.2878400834799743
415,187553.0,0.2840884994168199,31,0.611172627814013,0.611172627814013,1,False,True,15,6,False,False,25,0,True,True,False,nan,nan,nan,4,True,0.2840884994168199
416,187553.2,0.28699980911109496,31,7.268416016428871,2.2747691641685313,1,False,True,15,6,False,False,25,0,False,False,False,nan,nan,nan,5,True,nan
417,187553.4,0.12896730696990827,32,6.99561216503838,2.181911284766417,2,False,True,15,6,False,False,25,0,False,False,False,nan,nan,nan,6,True,nan
418,187553.6,7.282908961407781,33,6.745238544751044,2.1635961809015263,2,False,True,15,0,True,False,25,0,False,False,False,nan,nan,nan,0,True,nan
419,187553.8,0.2636108187260135,34,6.56589166170235,2.1927232274812556,1,False,True,15,6,False,False,25,0,True,True,False,nan,nan,nan,1,True,0.2636108187260135
420,187554.0,0.268675569883639,35,6.001289603236421,2.0742317848044385,1,False,True,15,6,False,False,25,0,True,True,False,nan,nan,nan,2,True,0.268675569883639
421,187554.2,0.286128456159875,35,5.783479209429871,2.0179794552872536,1,False,True,15,6,False,False,24,0,True,True,False,nan,nan,nan,3,True,0.286128456159875
422,187554.4,0.31144887873471083,35,5.629587563960431,2.0185094866239113,1,False,True,15,6,False,False,24,0,False,False,False,nan,nan,nan,4,True,nan
423,187554.6,0.316278014445073,35,5.434130694844822,1.9877817688689465,1,False,True,15,6,False,False,24,0,True,True,False,nan,nan,nan,5,True,0.316278014445073
424,187554.8,0.3596153582996841,34,0.6137796601036177,0.6137796601036177,1,False,True,15,6,False,False,24,0,False,False,False,nan,nan,nan,6,True,nan
425,187555.0,0.17143579455476787,33,0.6273856777350959,0.6273856777350959,1,False,True,15,6,False,False,24,0,True,True,False,nan,nan,nan,7,True,0.17143579455476787
426,187555.2,0.2367034942978941,32,0.6699039220057093,0.6699039220057093,5,True,True,15,6,False,False,25,0,False,False,False,nan,nan,nan,8,True,nan
427,187555.4,0.2881660431847438,31,0.6432323110810451,0.6432323110810451,2,False,True,15,6,False,False,25,0,False,False,False,nan,nan,nan,9,True,nan
428,187555.6,0.16634577948143459,30,0.5604182834285406,0.5604182834285406,2,False,True,15,6,False,False,25,0,False,False,False,nan,nan,nan,10,True,nan
429,187555.8,0.12879521364522656,30,0.4946875535385373,0.4946875535385373,2,False,True,15,6,False,False,25,0,False,False,False,nan,nan,nan,11,True,nan
430,187556.0,0.07414755438592385,30,0.5193643861838321,0.5193643861838321,1,False,True,15,6,False,False,25,0,True,True,False,nan,nan,nan,12,True,0.07414755438592385
431,187556.2,0.13987890423194865,30,0.48423081756079767,0.48423081756079767,1,False,True,15,6,False,False,25,0,False,False,False,nan,nan,nan,13,True,nan
432,187556.4,0.20574780875635443,31,1.7567999924481683,1.1184287198850806,3,True,True,15,6,False,False,25,0,False,False,False,nan,nan,nan,14,True,nan
433,187556.6,0.13047391953251614,32,1.6789416262809507,1.092408183993882,2,False,True,15,6,False,False,25,0,False,False,False,nan,nan,nan,15,True,nan
434,187556.8,0.12839253974888468,33,1.5756009325656486,1.0580630612496553,2,False,True,15,6,False,False,25,0,False,False,False,nan,nan,nan,16,True,nan
435,187557.0,0.0882557036884039,34,1.4621395093110763,1.0138279676982849,4,True,True,15,6,False,False,25,0,False,False,False,nan,nan,nan,17,True,nan
436,187557.2,0.06850231970264589,35,1.4307710469983077,1.0216556474733647,1,False,True,15,6,False,False,25,0,True,True,False,nan,nan,nan,18,True,0.06850231970264589
437,187557.4,0.1301438171038726,35,1.3953119920774675,1.0247725442684883,3,True,True,15,6,False,False,25,0,False,False,False,nan,nan,nan,19,True,nan
438,187557.6,0.18268098170921007,35,1.3639718781209673,1.028165027970618,2,False,True,15,6,False,False,25,0,False,False,False,nan,nan,nan,20,True,nan
439,187557.8,0.1256266482152119,35,1.3833168898401953,1.0635643389331202,2,False,True,15,6,False,False,25,0,False,False,False,nan,nan,nan,21,True,nan
440,187558.0,0.12158041131707488,35,1.271903150300844,1.0570087781091773,2,False,True,15,6,False,False,25,0,False,False,False,nan,nan,nan,22,True,nan
441,187558.2,0.08335405464095884,35,1.3309778605760838,1.088192827923352,4,True,True,15,6,False,False,25,0,False,False,False,nan,nan,nan,23,True,nan
442,187558.4,0.06768707519538907,35,1.271915486455041,1.0584332772681437,1,False,True,15,6,False,False,25,0,True,True,False,nan,nan,nan,24,True,0.06768707519538907
443,187558.6,0.12994821245900545,35,1.2309846700709175,1.047598820665992,1,False,True,15,6,False,False,25,0,False,False,False,nan,nan,nan,25,True,nan
444,187558.8,0.1869891182895611,35,1.19530268773058,1.0364574703299139,2,False,True,15,6,False,False,25,0,False,False,False,nan,nan,nan,26,True,nan
445,187559.0,0.15357515899349147,35,1.2465319451514723,1.0760837906009988,2,False,True,15,6,False,False,25,0,False,False,False,nan,nan,nan,27,True,nan
446,187559.2,0.15379446696672014,35,1.2299914207666571,1.0783013144429905,2,False,True,15,6,False,False,25,0,False,False,False,nan,nan,nan,28,True,nan
447,187559.4,0.09339617250466928,35,1.1988907159300086,1.0813399242655848,4,True,True,15,6,False,False,25,0,False,False,False,nan,nan,nan,29,True,nan
448,187559.6,0.06481179903335167,35,1.089714421601866,1.006706751570263,1,False,True,15,6,False,False,25,0,True,True,False,nan,nan,nan,30,True,0.06481179903335167
449,187559.8,0.13099324689710481,35,1.0289114584246988,0.9661828917062005,1,False,True,15,6,False,False,25,0,False,False,False,nan,nan,nan,31,True,nan
450,187560.0,0.18907788100334852,35,0.929776119123211,0.9049209162853893,2,False,True,15,6,False,False,25,0,False,False,False,nan,nan,nan,32,True,nan
451,187560.2,0.1915817949721819,35,0.830650663078856,0.8133348994051898,2,False,True,15,6,False,False,25,0,False,False,False,nan,nan,nan,33,True,nan
452,187560.4,0.15087780857650893,35,0.6848547728476956,0.6848547728476956,2,False,True,15,6,False,False,26,0,False,False,False,nan,nan,nan,34,True,nan
453,187560.6,0.0826301634728397,35,0.647182095806065,0.647182095806065,4,True,True,15,6,False,False,27,0,False,False,False,nan,nan,nan,35,True,nan
454,187560.8,0.051254390766668136,35,0.6898999715430875,0.6898999715430875,1,False,True,15,6,False,False,29,0,True,True,False,nan,nan,nan,36,True,0.051254390766668136
455,187561.0,0.13033720951121136,35,0.7083235379304407,0.7083235379304407,1,False,True,15,6,False,False,31,0,False,False,False,nan,nan,nan,37,True,nan
456,187561.2,0.21624168510206418,35,0.665354069054124,0.665354069054124,6,False,True,15,6,False,False,33,0,False,False,False,nan,nan,nan,38,True,nan
457,187561.4,0.14644729989369537,35,0.6273930213271995,0.6273930213271995,2,False,True,15,6,False,False,34,0,False,False,False,nan,nan,nan,39,True,nan
458,187561.6,0.16494762687098335,35,0.6442877515007944,0.6442877515007944,2,False,True,15,6,False,False,35,0,False,False,False,nan,nan,nan,40,True,nan
459,187561.8,0.08991060108349372,35,0.6243861155971308,0.6243861155971308,3,True,True,15,6,False,False,35,0,False,False,False,nan,nan,nan,41,True,nan
460,187562.0,0.051525183988812555,35,0.6197429320184709,0.6197429320184709,1,False,True,15,6,False,False,35,0,True,True,False,nan,nan,nan,42,True,0.051525183988812555
461,187562.2,0.12857225456964602,35,0.6117924020487941,0.6117924020487941,1,False,True,15,6,False,False,35,0,False,False,False,nan,nan,nan,43,True,nan
462,187562.4,0.21324568385080991,35,0.5706191887864086,0.5706191887864086,3,False,True,15,6,False,False,35,0,False,False,False,nan,nan,nan,44,True,nan
463,187562.6,0.13996649727678023,35,0.5559361821888397,0.5559361821888397,2,False,True,15,6,False,False,35,0,False,False,False,nan,nan,nan,45,True,nan
464,187562.8,0.15535505126808807,35,0.5855252100866313,0.5855252100866313,2,False,True,15,6,False,False,35,0,False,False,False,nan,nan,nan,46,True,nan
465,187563.0,0.08101633070147192,35,0.5841172292081511,0.5841172292081511,3,True,True,15,6,False,False,35,0,False,False,False,nan,nan,nan,47,True,nan
466,187563.2,0.04689448903439355,35,0.5544039464157823,0.5544039464157823,1,False,True,15,6,False,False,35,0,True,True,False,nan,nan,nan,48,True,0.04689448903439355
467,187563.4,0.12343505629786732,35,0.5683164135532003,0.5683164135532003,1,False,True,15,6,False,False,35,0,False,False,False,nan,nan,nan,49,True,nan
468,187563.6,0.21051847449493377,35,0.6105972348720196,0.6105972348720196,1,False,True,15,6,False,False,35,0,False,False,False,nan,nan,nan,50,True,nan
469,187563.8,0.2780555361624853,35,0.6329925804875045,0.6329925804875045,2,False,True,15,6,False,False,35,0,False,False,False,nan,nan,nan,51,True,nan
470,187564.0,0.10611828950451703,35,0.6386109471108755,0.6386109471108755,2,False,True,15,6,False,False,35,0,False,False,False,nan,nan,nan,52,True,nan
471,187564.2,0.05279659235042872,35,0.6327492917976691,0.6327492917976691,1,False,True,15,6,False,False,35,0,True,True,False,nan,nan,nan,53,True,0.05279659235042872
472,187564.4,0.1425753247901946,35,0.6471069185255411,0.6471069185255411,1,False,True,15,6,False,False,35,0,False,False,False,nan,nan,nan,54,True,nan
473,187564.6,0.2394055992075396,35,0.6689503546766711,0.6689503546766711,2,False,True,15,6,False,False,35,0,False,False,False,nan,nan,nan,55,True,nan
474,187564.8,0.12341940260993206,35,0.7498585353330022,0.7498585353330022,2,False,True,15,6,False,False,35,0,False,False,False,nan,nan,nan,56,True,nan
475,187565.0,0.13574488840542026,35,0.8147892306903368,0.8147892306903368,2,False,True,15,6,False,False,35,0,False,False,False,nan,nan,nan,57,True,nan
476,187565.2,0.07806857130389734,35,0.7939823229669224,0.7939823229669224,3,True,True,15,6,False,False,35,0,False,False,False,nan,nan,nan,58,True,nan
477,187565.4,0.054120916823504,35,0.7826708149512275,0.7826708149512275,1,False,True,15,6,False,False,35,0,True,True,False,nan,nan,nan,59,True,0.054120916823504
478,187565.6,0.12625662362764137,35,0.7945446232491173,0.7945446232491173,1,False,True,15,6,False,False,35,0,False,False,False,nan,nan,nan,60,True,nan
479,187565.8,0.1943287020595931,35,0.8037773234582265,0.8037773234582265,2,False,True,15,6,False,False,35,0,False,False,False,nan,nan,nan,61,True,nan
480,187566.0,0.1340386807138325,35,0.7848870172794946,0.7848870172794946,2,False,True,15,6,False,False,35,0,False,False,False,nan,nan,nan,62,True,nan
481,187566.2,0.12749405379401604,35,0.7530695967112914,0.7530695967112914,2,False,True,15,6,False,False,35,0,False,False,False,nan,nan,nan,63,True,nan
482,187566.4,0.07655858137799419,35,0.7329733801408042,0.7329733801408042,3,True,True,15,6,False,False,35,0,False,False,False,nan,nan,nan,64,True,nan
483,187566.6,0.04806005354947818,35,0.6844176215813657,0.6844176215813657,3,True,True,15,6,False,False,35,0,False,False,False,nan,nan,nan,65,True,nan
484,187566.8,0.0307437874382898,35,0.6963486594723723,0.6963486594723723,1,False,True,15,6,False,False,35,0,True,True,False,nan,nan,nan,66,True,0.0307437874382898
485,187567.0,0.10144622897929083,35,0.5720417724296962,0.5720417724296962,1,False,True,15,6,False,False,35,0,False,False,False,nan,nan,nan,67,True,nan
486,187567.2,0.10599676117053462,35,0.5339720975163766,0.5339720975163766,2,False,True,15,6,False,False,35,0,False,False,False,nan,nan,nan,68,True,nan
487,187567.4,0.1322758970158235,35,0.4430167749475035,0.4430167749475035,2,False,True,15,6,False,False,35,0,False,False,False,nan,nan,nan,69,True,nan
488,187567.6,0.1334763784452397,35,0.424860687621804,0.424860687621804,2,False,True,15,6,False,False,35,0,False,False,False,nan,nan,nan,70,True,nan
489,187567.8,0.06866275059923002,35,0.3945188491874172,0.3945188491874172,3,True,True,15,6,False,False,35,0,False,False,False,nan,nan,nan,71,True,nan
490,187568.0,0.04683267630153281,34,0.33985477463107516,0.33985477463107516,1,False,True,15,6,False,False,34,0,True,True,False,nan,nan,nan,72,True,0.04683267630153281
491,187568.2,0.1329947339086283,34,0.37404295237665813,0.37404295237665813,1,False,True,15,6,False,False,34,0,False,False,False,nan,nan,nan,73,True,nan
492,187568.4,0.10118028025438416,33,0.3789352857864982,0.3789352857864982,2,False,True,15,6,False,False,33,0,False,False,False,nan,nan,nan,74,True,nan
493,187568.6,0.1290707946304851,32,0.42019695459546746,0.42019695459546746,2,False,True,15,6,False,False,32,0,False,False,False,nan,nan,nan,75,True,nan
494,187568.8,0.10253904404012891,31,0.41102454135270683,0.41102454135270683,2,False,True,15,6,False,False,31,0,False,False,False,nan,nan,nan,76,True,nan
495,187569.0,0.05503635974994819,31,0.4304133103503784,0.4304133103503784,3,True,True,15,6,False,False,31,0,False,False,False,nan,nan,nan,77,True,nan
496,187569.2,0.034183819264501314,30,0.4470823806453335,0.4470823806453335,1,False,True,15,6,False,False,30,0,True,True,False,nan,nan,nan,78,True,0.034183819264501314
497,187569.4,0.12469376988047262,30,0.4467651225994856,0.4467651225994856,1,False,True,15,6,False,False,30,0,False,False,False,nan,nan,nan,79,True,nan
498,187569.6,0.0930079165890815,30,0.4633877391891201,0.4633877391891201,2,False,True,15,6,False,False,30,0,False,False,False,nan,nan,nan,80,True,nan
499,187569.8,0.1668522234226334,31,0.4753615186005,0.4753615186005,2,False,True,15,6,False,False,30,0,False,False,False,nan,nan,nan,81,True,nan
500,187570.0,0.1113562159564732,32,0.44785021879109005,0.44785021879109005,2,False,True,15,6,False,False,30,0,False,False,False,nan,nan,nan,82,True,nan
501,187570.2,0.0572726169704303,33,0.4265539467802256,0.4265539467802256,1,False,True,15,6,False,False,30,0,True,True,False,nan,nan,nan,83,True,0.0572726169704303
502,187570.4,0.1509417484854476,34,0.4024787281127495,0.4024787281127495,1,False,True,15,6,False,False,30,0,False,False,False,nan,nan,nan,84,True,nan
503,187570.6,0.22978288243040915,35,0.4879413416859412,0.4879413416859412,2,False,True,15,6,False,False,30,0,False,False,False,nan,nan,nan,85,True,nan
504,187570.8,0.14656184874289485,35,0.5925451682027884,0.5925451682027884,2,False,True,15,6,False,False,30,0,False,False,False,nan,nan,nan,86,True,nan
505,187571.0,0.14097014177690048,35,0.614091234350743,0.614091234350743,2,False,True,15,6,False,False,30,0,False,False,False,nan,nan,nan,87,True,nan
506,187571.2,0.08253800882888161,35,0.6339958837457687,0.6339958837457687,3,True,True,15,6,False,False,30,0,False,False,False,nan,nan,nan,88,True,nan
507,187571.4,0.05437414162355926,35,0.6166263039490877,0.6166263039490877,1,False,True,15,6,False,False,30,0,True,True,False,nan,nan,nan,89,True,0.05437414162355926
508,187571.6,0.14536903614382576,35,0.5918184671740028,0.5918184671740028,1,False,True,15,6,False,False,30,0,False,False,False,nan,nan,nan,90,True,nan
509,187571.8,0.22324546315229923,35,0.47347711840892426,0.47347711840892426,2,False,True,15,6,False,False,30,0,False,False,False,nan,nan,nan,91,True,nan
510,187572.0,0.16585083245120139,35,0.4245671423267414,0.4245671423267414,2,False,True,15,6,False,False,30,0,False,False,False,nan,nan,nan,92,True,nan
511,187572.2,0.1501684467756886,35,0.36919792124566086,0.36919792124566086,2,False,True,15,6,False,False,30,0,False,False,False,nan,nan,nan,93,True,nan
512,187572.4,0.07970869408250228,35,0.3709682862858062,0.3709682862858062,3,True,True,15,6,False,False,30,0,False,False,False,nan,nan,nan,94,True,nan
513,187572.6,0.04953545147293296,35,0.324129363216125,0.324129363216125,1,False,True,15,6,False,False,30,0,True,True,False,nan,nan,nan,95,True,0.04953545147293296
514,187572.8,0.13933478001003388,34,0.31675070867700234,0.31675070867700234,1,False,True,15,6,False,False,29,0,False,False,False,nan,nan,nan,96,True,nan
515,187573.0,0.21794571469615712,34,0.3766079565610057,0.3766079565610057,2,False,True,15,6,False,False,29,0,False,False,False,nan,nan,nan,97,True,nan
516,187573.2,0.14292174890163678,33,0.2958033030716904,0.2958033030716904,2,False,True,15,6,False,False,28,0,False,False,False,nan,nan,nan,98,True,nan
517,187573.4,0.13010756565904047,32,0.2897442343858973,0.2897442343858973,2,False,True,15,6,False,False,28,0,False,False,False,nan,nan,nan,99,True,nan
518,187573.6,0.0652598450822349,31,0.2641165147636094,0.2641165147636094,3,True,True,15,6,False,False,28,0,False,False,False,nan,nan,nan,100,True,nan
519,187573.8,0.03491510376715488,31,0.29586564375726954,0.29586564375726954,1,False,True,15,6,False,False,29,0,True,True,False,nan,nan,nan,101,True,0.03491510376715488
520,187574.0,0.1223127629250403,30,0.25996747073778587,0.25996747073778587,1,False,True,15,6,False,False,29,0,False,False,False,nan,nan,nan,102,True,nan
521,187574.2,0.14904917424139646,30,0.2846139932118956,0.2846139932118956,2,False,True,15,6,False,False,30,0,False,False,False,nan,nan,nan,103,True,nan
522,187574.4,0.16671290112474585,28,0.26774155276501965,0.26774155276501965,2,False,True,15,6,False,False,28,0,False,False,False,nan,nan,nan,104,True,nan
523,187574.6,0.13668613566270044,27,0.5185705331765188,0.5185705331765188,2,False,True,15,6,False,False,27,0,False,False,False,nan,nan,nan,105,True,nan
524,187574.8,0.07319980721234352,26,0.5129022787803275,0.5129022787803275,1,False,True,15,6,False,False,26,0,True,True,False,nan,nan,nan,106,True,0.07319980721234352
525,187575.0,0.15750962098117918,25,0.4536934095841099,0.4536934095841099,2,False,True,15,6,False,False,25,0,False,False,False,nan,nan,nan,107,True,nan
526,187575.2,0.1400967023460125,25,0.4232141409359295,0.4232141409359295,2,False,True,15,6,False,False,24,0,False,False,False,nan,nan,nan,108,True,nan
527,187575.4,0.13884175020348405,27,0.4174933531429809,0.4174933531429809,2,False,True,15,6,False,False,25,0,False,False,False,nan,nan,nan,109,True,nan
528,187575.6,0.11037053641166604,28,0.4142979609144315,0.4142979609144315,1,False,True,15,6,False,False,25,0,True,True,False,nan,nan,nan,110,True,0.11037053641166604
529,187575.8,0.17576280647753234,29,0.36864304291496675,0.36864304291496675,2,False,True,15,6,False,False,26,0,False,False,False,nan,nan,nan,111,True,nan
530,187576.0,0.18478321155637475,30,0.4069526414466394,0.4069526414466394,2,False,True,15,6,False,False,27,0,False,False,False,nan,nan,nan,112,True,nan
531,187576.2,0.17572905055620794,30,0.4424845370037164,0.4424845370037164,2,False,True,15,6,False,False,28,0,False,False,False,nan,nan,nan,113,True,nan
532,187576.4,0.13002864755572388,30,0.4811683080801586,0.4811683080801586,5,True,True,15,6,False,False,29,0,False,False,False,nan,nan,nan,114,True,nan
533,187576.6,0.09033292523799383,30,0.46932020586450607,0.46932020586450607,3,True,True,15,6,False,False,30,0,False,False,False,nan,nan,nan,115,True,nan
534,187576.8,0.05890673193140221,30,0.45882976643168044,0.45882976643168044,1,False,True,15,6,False,False,30,0,True,True,False,nan,nan,nan,116,True,0.05890673193140221
535,187577.0,0.11333461150118089,30,0.4547711617278363,0.4547711617278363,1,False,True,15,6,False,False,30,0,False,False,False,nan,nan,nan,117,True,nan
536,187577.2,0.17973782178151596,30,0.35307699001703496,0.35307699001703496,3,True,True,15,6,False,False,30,0,True,True,False,nan,nan,nan,118,True,0.17973782178151596
537,187577.4,0.2458706053704466,30,0.31510087351868077,0.31510087351868077,2,False,True,15,6,False,False,30,0,False,False,False,nan,nan,nan,119,True,nan
538,187577.6,0.18378303110987326,30,0.3076728715640307,0.3076728715640307,1,False,True,15,6,False,False,30,0,True,True,False,nan,nan,nan,120,True,0.18378303110987326
539,187577.8,0.2530087711875177,30,0.3486437369292596,0.3486437369292596,2,True,True,15,6,False,False,30,0,False,False,False,nan,nan,nan,121,True,nan
540,187578.0,0.17238514007732794,30,0.4128621740449267,0.4128621740449267,2,False,True,15,6,False,False,29,0,False,False,False,nan,nan,nan,122,True,nan
541,187578.2,0.13883810091555202,30,0.44664507567374573,0.44664507567374573,2,False,True,15,6,False,False,28,0,False,False,False,nan,nan,nan,123,True,nan
542,187578.4,0.15161724241915095,30,0.4149261002167549,0.4149261002167549,2,False,True,15,6,False,False,28,0,False,False,False,nan,nan,nan,124,True,nan
543,187578.6,0.08038398300704776,30,0.4657218424038075,0.4657218424038075,1,False,True,15,6,False,False,28,0,True,True,False,nan,nan,nan,125,True,0.08038398300704776
544,187578.8,0.11546431201821504,30,0.4807232633992185,0.4807232633992185,1,False,True,15,6,False,False,28,0,False,False,False,nan,nan,nan,126,True,nan
545,187579.0,0.1674268252681775,30,0.48878796466941477,0.48878796466941477,1,False,True,15,6,False,False,28,0,False,False,False,nan,nan,nan,127,True,nan
546,187579.2,0.20584368443724038,30,0.5171487469284796,0.5171487469284796,2,False,True,15,6,False,False,29,0,False,False,False,nan,nan,nan,128,True,nan
547,187579.4,0.09734701369584058,30,0.5136525336990305,0.5136525336990305,2,False,True,15,6,False,False,28,0,False,False,False,nan,nan,nan,129,True,nan
548,187579.6,0.0565370774072747,30,0.508445888596288,0.508445888596288,1,False,True,15,6,False,False,28,0,True,True,False,nan,nan,nan,130,True,0.0565370774072747
549,187579.8,0.0971514308787384,30,0.5786762106626343,0.5786762106626343,1,False,True,15,6,False,False,28,0,False,False,False,nan,nan,nan,131,True,nan
550,187580.0,0.15768247983620004,30,0.5295881685417444,0.5295881685417444,4,True,True,15,6,False,False,28,0,False,False,False,nan,nan,nan,132,True,nan
551,187580.2,0.07380152415140119,31,0.7021793958859399,0.7021793958859399,2,False,True,15,6,False,False,28,0,False,False,False,nan,nan,nan,133,True,nan
552,187580.4,0.11821912560134921,32,0.6264864311149299,0.6264864311149299,2,False,True,15,6,False,False,29,0,False,False,False,nan,nan,nan,134,True,nan
553,187580.6,0.05722803228221223,33,0.5057624690460195,0.5057624690460195,1,False,True,15,6,False,False,29,0,True,True,False,nan,nan,nan,135,True,0.05722803228221223
554,187580.8,0.0904942925200747,34,0.5113841835094667,0.5113841835094667,1,False,True,15,6,False,False,29,0,True,True,False,nan,nan,nan,136,True,0.0904942925200747
555,187581.0,0.15671150126285613,35,0.4839358812080731,0.4839358812080731,1,False,True,15,6,False,False,30,0,False,False,False,nan,nan,nan,137,True,nan
556,187581.2,0.2236581360466623,35,0.42799634473374415,0.42799634473374415,2,True,True,15,6,False,False,31,0,False,False,False,nan,nan,nan,138,True,nan
557,187581.4,0.07862214188418293,35,0.42872855812789457,0.42872855812789457,2,False,True,15,6,False,False,32,0,False,False,False,nan,nan,nan,139,True,nan
558,187581.6,0.12824943346469225,35,0.4324206163129026,0.4324206163129026,2,False,True,15,6,False,False,33,0,False,False,False,nan,nan,nan,140,True,nan
559,187581.8,0.037800569549966946,35,0.5019540653220086,0.5019540653220086,1,False,True,15,6,False,False,34,0,True,True,False,nan,nan,nan,141,True,0.037800569549966946
560,187582.0,0.10770029267385452,35,0.5958138781067015,0.5958138781067015,1,False,True,15,6,False,False,35,0,False,False,False,nan,nan,nan,142,True,nan
561,187582.2,0.17307234970407206,36,0.6207050526682422,0.6207050526682422,2,True,True,15,6,False,False,35,0,False,False,False,nan,nan,nan,143,True,nan
562,187582.4,0.22309365322059166,37,0.6407922240851464,0.6407922240851464,2,False,True,15,6,False,False,35,0,False,False,False,nan,nan,nan,144,True,nan
563,187582.6,0.10709943987229185,38,0.6574594961366931,0.6574594961366931,2,False,True,15,6,False,False,35,0,False,False,False,nan,nan,nan,145,True,nan
564,187582.8,0.05241299633641638,39,0.736899341534377,0.736899341534377,3,True,True,15,6,False,False,35,0,False,False,False,nan,nan,nan,146,True,nan
565,187583.0,0.03644191932423728,40,0.833933974575562,0.833933974575562,3,True,True,15,6,False,False,35,0,False,False,False,nan,nan,nan,147,True,nan
566,187583.2,0.04333127509993508,40,0.8005440308639495,0.8005440308639495,1,False,True,15,6,False,False,35,0,True,True,False,nan,nan,nan,148,True,0.04333127509993508
567,187583.4,0.0931073508805239,40,0.7722918678567018,0.7722918678567018,1,False,True,15,6,False,False,35,0,False,False,False,nan,nan,nan,149,True,nan
568,187583.6,0.13837097343644592,40,0.7218211032328361,0.7218211032328361,1,False,True,15,6,False,False,35,0,True,True,False,nan,nan,nan,150,True,0.13837097343644592
569,187583.8,0.17824746066094424,40,0.6828528745628526,0.6828528745628526,1,False,True,15,6,False,False,35,0,True,True,False,nan,nan,nan,151,True,0.17824746066094424
570,187584.0,0.21787355335462819,40,0.6144961646827388,0.6144961646827388,1,False,True,15,6,False,False,35,0,True,True,False,nan,nan,nan,152,True,0.21787355335462819
571,187584.2,0.25404998011559093,40,0.5784985540640135,0.5784985540640135,2,False,True,15,6,False,False,35,0,False,False,False,nan,nan,nan,153,True,nan
572,187584.4,0.2473642521540184,40,0.5260161832462545,0.5260161832462545,2,False,True,15,6,False,False,35,0,False,False,False,nan,nan,nan,154,True,nan
573,187584.6,0.29887407335960847,40,0.39074116766315536,0.39074116766315536,3,True,True,15,6,False,False,35,0,False,False,False,nan,nan,nan,155,True,nan
574,187584.8,0.1691993660939818,40,0.3326792751957198,0.3326792751957198,2,False,True,15,6,False,False,35,0,False,False,False,nan,nan,nan,156,True,nan
575,187585.0,0.11099339893764337,40,0.339737670468856,0.339737670468856,3,True,True,15,6,False,False,35,0,False,False,False,nan,nan,nan,157,True,nan
576,187585.2,0.07046735387614922,39,0.43600874077999385,0.43600874077999385,1,False,True,15,6,False,False,34,0,True,True,False,nan,nan,nan,158,True,0.07046735387614922
577,187585.4,0.10602967040771874,38,0.42162562403767456,0.42162562403767456,1,False,True,15,6,False,False,33,0,False,False,False,nan,nan,nan,159,True,nan
578,187585.6,0.13754329212262936,38,0.43782843736481064,0.43782843736481064,1,False,True,15,6,False,False,32,0,False,False,False,nan,nan,nan,160,True,nan
579,187585.8,0.15749016828861884,38,0.474794204490079,0.474794204490079,2,False,True,15,6,False,False,31,0,False,False,False,nan,nan,nan,161,True,nan
580,187586.0,0.09727738252235074,38,0.5182685489650978,0.5182685489650978,2,False,True,15,6,False,False,30,0,False,False,False,nan,nan,nan,162,True,nan
581,187586.2,0.06616185712309842,39,0.5258872040077704,0.5258872040077704,3,True,True,15,6,False,False,30,0,False,False,False,nan,nan,nan,163,True,nan
582,187586.4,0.04938549742329005,40,0.5031645262513293,0.5031645262513293,1,False,True,15,6,False,False,31,0,True,True,False,nan,nan,nan,164,True,0.04938549742329005
583,187586.6,0.08004886746422177,40,0.47205549060211216,0.47205549060211216,1,False,True,15,6,False,False,32,0,False,False,False,nan,nan,nan,165,True,nan
584,187586.8,0.10787506599376341,40,0.5459523459779442,0.5459523459779442,1,False,True,15,6,False,False,33,0,False,False,False,nan,nan,nan,166,True,nan
585,187587.0,0.13033300617912746,40,0.6272378249560407,0.6272378249560407,2,False,True,15,6,False,False,34,0,False,False,False,nan,nan,nan,167,True,nan
586,187587.2,0.12143350823088124,40,0.6440089408025845,0.6440089408025845,2,False,True,15,6,False,False,35,0,False,False,False,nan,nan,nan,168,True,nan
587,187587.4,0.06068558192303364,40,0.6304340522185345,0.6304340522185345,3,True,True,15,6,False,False,36,0,False,False,False,nan,nan,nan,169,True,nan
588,187587.6,0.0439618017020685,40,0.5877364032844079,0.5877364032844079,1,False,True,15,6,False,False,36,0,True,True,False,nan,nan,nan,170,True,0.0439618017020685
589,187587.8,0.07314811188234992,40,0.5865511426351975,0.5865511426351975,1,False,True,15,6,False,False,37,0,False,False,False,nan,nan,nan,171,True,nan
590,187588.0,0.10587426964444621,40,0.559046579736077,0.559046579736077,2,True,True,15,6,False,False,38,0,False,False,False,nan,nan,nan,172,True,nan
591,187588.2,0.13379168570927666,40,0.4862585647904058,0.4862585647904058,2,False,True,15,6,False,False,39,0,False,False,False,nan,nan,nan,173,True,nan
592,187588.4,0.06890139621280673,40,0.47931574274938055,0.47931574274938055,2,False,True,15,6,False,False,39,0,False,False,False,nan,nan,nan,174,True,nan
593,187588.6,0.03908495999615522,40,0.38273495316188816,0.38273495316188816,1,False,True,15,6,False,False,39,0,True,True,False,nan,nan,nan,175,True,0.03908495999615522
594,187588.8,0.06987962108936038,40,0.32401608985386243,0.32401608985386243,1,False,True,15,6,False,False,39,0,False,False,False,nan,nan,nan,176,True,nan
595,187589.0,0.10370000845712429,40,0.34563123269445134,0.34563123269445134,4,True,True,15,6,False,False,39,0,False,False,False,nan,nan,nan,177,True,nan
596,187589.2,0.13269539256825988,40,0.33726199978990157,0.33726199978990157,2,False,True,15,6,False,False,39,0,False,False,False,nan,nan,nan,178,True,nan
597,187589.4,0.0515804002710116,40,0.290840300656355,0.290840300656355,2,False,True,15,6,False,False,39,0,False,False,False,nan,nan,nan,179,True,nan
598,187589.6,0.024730686685902226,40,0.3173201297900369,0.3173201297900369,1,False,True,15,6,False,False,40,0,True,True,False,nan,nan,nan,180,True,0.024730686685902226
599,187589.8,0.05865488315307339,40,0.34086048794965473,0.34086048794965473,1,False,True,15,6,False,False,40,0,False,False,False,nan,nan,nan,181,True,nan
600,187590.0,0.09983347364700366,40,0.3776873458075125,0.3776873458075125,1,False,True,15,6,False,False,40,0,False,False,False,nan,nan,nan,182,True,nan
601,187590.2,0.1355788705066007,40,0.3780672883976251,0.3780672883976251,1,False,True,15,6,False,False,40,0,True,True,False,nan,nan,nan,183,True,0.1355788705066007
602,187590.4,0.18680306237705846,40,0.4494297917064832,0.4494297917064832,1,False,True,15,6,False,False,40,0,False,False,False,nan,nan,nan,184,True,nan
603,187590.6,0.1810728675880627,40,0.48091497044702297,0.48091497044702297,1,False,True,15,6,False,False,40,0,True,True,False,nan,nan,nan,185,True,0.1810728675880627
604,187590.8,0.24071830764936722,40,0.5577736929941174,0.5577736929941174,1,False,True,15,6,False,False,40,0,False,False,False,nan,nan,nan,186,True,nan
605,187591.0,0.28511992108652695,40,0.5704810237842156,0.5704810237842156,2,False,True,15,6,False,False,40,0,False,False,False,nan,nan,nan,187,True,nan
606,187591.2,0.2690330794969229,40,0.5691172673929861,0.5691172673929861,2,False,True,15,6,False,False,40,0,False,False,False,nan,nan,nan,188,True,nan
607,187591.4,0.12738942443656712,40,0.5463029315018304,0.5463029315018304,1,False,True,15,6,False,False,40,0,True,True,False,nan,nan,nan,189,True,0.12738942443656712
608,187591.6,0.17855835819586371,40,0.5285392087442025,0.5285392087442025,1,False,True,15,6,False,False,40,0,False,False,False,nan,nan,nan,190,True,nan
609,187591.8,0.18256781035224118,40,0.5241572857342284,0.5241572857342284,2,False,True,15,6,False,False,40,0,False,False,False,nan,nan,nan,191,True,nan
610,187592.0,0.11205215075871551,40,0.4859847610088883,0.4859847610088883,2,False,True,15,6,False,False,40,0,False,False,False,nan,nan,nan,192,True,nan
611,187592.2,0.061890311401920764,40,0.4842885898127278,0.4842885898127278,2,False,True,15,6,False,False,40,0,False,False,False,nan,nan,nan,193,True,nan
612,187592.4,0.03458417277586033,40,0.4703392559291832,0.4703392559291832,3,True,True,15,6,False,False,40,0,False,False,False,nan,nan,nan,194,True,nan
613,187592.6,0.029361086725690034,40,0.3845428720329599,0.3845428720329599,1,False,True,15,6,False,False,40,0,True,True,False,nan,nan,nan,195,True,0.029361086725690034
614,187592.8,0.07094702175611893,40,0.36387984551550695,0.36387984551550695,1,False,True,15,6,False,False,40,0,False,False,False,nan,nan,nan,196,True,nan
615,187593.0,0.12048372566764666,40,0.35453401884568103,0.35453401884568103,1,False,True,15,6,False,False,40,0,False,False,False,nan,nan,nan,197,True,nan
616,187593.2,0.17641897351673075,40,0.3341768016089466,0.3341768016089466,3,True,True,15,6,False,False,40,0,False,False,False,nan,nan,nan,198,True,nan
617,187593.4,0.050251290497739666,40,0.3239811102087885,0.3239811102087885,2,False,True,15,6,False,False,40,0,False,False,False,nan,nan,nan,199,True,nan
618,187593.6,0.039141654094686874,40,0.35291966392762,0.35291966392762,3,True,True,15,6,False,False,40,0,False,False,False,nan,nan,nan,200,True,nan
619,187593.8,0.03585640334653602,40,0.36188230351408346,0.36188230351408346,1,False,True,15,6,False,False,40,0,True,True,False,nan,nan,nan,201,True,0.03585640334653602
620,187594.0,0.08027703955888199,40,0.3571498816359821,0.3571498816359821,1,False,True,15,6,False,False,40,0,False,False,False,nan,nan,nan,202,True,nan
621,187594.2,0.13205730292631573,40,0.35875516237046684,0.35875516237046684,1,False,True,15,6,False,False,40,0,False,False,False,nan,nan,nan,203,True,nan
622,187594.4,0.19126858011457185,40,0.40805779123738944,0.40805779123738944,1,False,True,15,6,False,False,40,0,False,False,False,nan,nan,nan,204,True,nan
623,187594.6,0.05855989499810453,40,0.47156024070788244,0.47156024070788244,2,False,True,15,6,False,False,40,0,False,False,False,nan,nan,nan,205,True,nan
624,187594.8,0.043763931033354,40,0.47372556388984444,0.47372556388984444,1,False,True,15,6,False,False,40,0,True,True,False,nan,nan,nan,206,True,0.043763931033354
625,187595.0,0.09401302170423732,40,0.4928198806277926,0.4928198806277926,1,False,True,15,6,False,False,40,0,False,False,False,nan,nan,nan,207,True,nan
626,187595.2,0.15099771930315614,40,0.48202771709420444,0.48202771709420444,1,False,True,15,6,False,False,40,0,False,False,False,nan,nan,nan,208,True,nan
627,187595.4,0.19809932876906086,40,0.5323092701284716,0.5323092701284716,2,False,True,15,6,False,False,40,0,False,False,False,nan,nan,nan,209,True,nan
628,187595.6,0.11201905992956936,40,0.5962673622656827,0.5962673622656827,2,False,True,15,6,False,False,40,0,False,False,False,nan,nan,nan,210,True,nan
629,187595.8,0.06802340137800687,40,0.6917763199099282,0.6917763199099282,3,True,True,15,6,False,False,40,0,False,False,False,nan,nan,nan,211,True,nan
630,187596.0,0.0489092113652712,40,0.7630007807188262,0.7630007807188262,3,True,True,15,6,False,False,40,0,False,False,False,nan,nan,nan,212,True,nan
631,187596.2,0.04193486697249727,40,0.7939772688423952,0.7939772688423952,1,False,True,15,6,False,False,40,0,True,True,False,nan,nan,nan,213,True,0.04193486697249727
632,187596.4,0.09062740426690039,40,0.7664262286575881,0.7664262286575881,1,False,True,15,6,False,False,40,0,False,False,False,nan,nan,nan,214,True,nan
633,187596.6,0.14586533963600368,40,0.8285518229894407,0.8285518229894407,1,False,True,15,6,False,False,40,0,False,False,False,nan,nan,nan,215,True,nan
634,187596.8,0.1408861719106538,40,0.8619140729593697,0.8619140729593697,2,False,True,15,6,False,False,40,0,False,False,False,nan,nan,nan,216,True,nan
635,187597.0,0.20431534966291962,40,0.9650014620699022,0.9650014620699022,3,False,True,15,6,False,False,40,0,False,False,False,nan,nan,nan,217,True,nan
636,187597.2,0.06779948616701104,40,0.9884351148760596,0.9884351148760596,1,False,True,15,6,False,False,40,0,True,True,False,nan,nan,nan,218,True,0.06779948616701104
637,187597.4,0.13003081465957694,40,0.9291379964898909,0.9291379964898909,1,False,True,15,6,False,False,40,0,False,False,False,nan,nan,nan,219,True,nan
638,187597.6,0.19739468479083258,40,0.9820577380954694,0.9820577380954694,3,False,True,15,6,False,False,40,0,False,False,False,nan,nan,nan,220,True,nan
639,187597.8,0.10744037514315889,40,0.9279719505596414,0.9279719505596414,2,False,True,15,6,False,False,40,0,False,False,False,nan,nan,nan,221,True,nan
640,187598.0,0.1688597542962744,40,0.9053464335087472,0.9053464335087472,2,False,True,15,6,False,False,40,0,False,False,False,nan,nan,nan,222,True,nan
641,187598.2,0.06565733067920941,40,1.0170361625587823,1.0170361625587823,3,True,True,15,6,False,False,40,0,False,False,False,nan,nan,nan,223,True,nan
642,187598.4,0.044765963867602315,40,0.9294262338827616,0.9294262338827616,3,True,True,15,6,False,False,40,0,False,False,False,nan,nan,nan,224,True,nan
643,187598.6,0.037190813750909914,40,0.9776953699874918,0.9776953699874918,1,False,True,15,6,False,False,40,0,True,True,False,nan,nan,nan,225,True,0.037190813750909914
644,187598.8,0.09120607000101438,40,1.0087157026849305,1.0087157026849305,2,True,True,15,6,False,False,40,0,False,False,False,nan,nan,nan,226,True,nan
645,187599.0,0.10421127681873707,40,1.0078633751150656,1.0078633751150656,2,False,True,15,6,False,False,40,0,False,False,False,nan,nan,nan,227,True,nan
646,187599.2,0.12322307352614675,40,0.9678424314180434,0.9678424314180434,2,False,True,15,6,False,False,40,0,False,False,False,nan,nan,nan,228,True,nan
647,187599.4,0.11350860677303225,40,0.9434668608249863,0.9434668608249863,2,False,True,15,6,False,False,40,0,False,False,False,nan,nan,nan,229,True,nan
648,187599.6,0.07046678631541749,40,0.986650309966605,0.986650309966605,3,True,True,15,6,False,False,40,0,False,False,False,nan,nan,nan,230,True,nan
649,187599.8,0.05279388513021344,40,0.9698394750308545,0.9698394750308545,1,False,True,15,6,False,False,40,0,True,True,False,nan,nan,nan,231,True,0.05279388513021344
650,187600.0,0.10699662087513581,40,0.9290951157544857,0.9290951157544857,1,False,True,15,6,False,False,40,0,False,False,False,nan,nan,nan,232,True,nan
651,187600.2,0.17292520014419596,40,0.9508429163775678,0.9508429163775678,2,False,True,15,6,False,False,40,0,False,False,False,nan,nan,nan,233,True,nan
652,187600.4,0.09618970411819477,40,0.982584688462629,0.982584688462629,2,False,True,15,6,False,False,40,0,False,False,False,nan,nan,nan,234,True,nan
653,187600.6,0.111322368421819,40,1.0507719772489932,1.0507719772489932,2,False,True,15,6,False,False,40,0,False,False,False,nan,nan,nan,235,True,nan
654,187600.8,0.06316616762036753,40,1.0178874900865404,1.0178874900865404,3,True,True,15,6,False,False,40,0,False,False,False,nan,nan,nan,236,True,nan
655,187601.0,0.04745750426659374,40,1.1009409507167252,1.082891407687545,3,False,True,15,6,False,False,40,0,False,False,False,nan,nan,nan,237,True,nan
656,187601.2,0.04180611258280039,40,1.1004300801241187,1.081800508018241,1,False,True,15,6,False,False,40,0,True,True,False,nan,nan,nan,238,True,0.04180611258280039
657,187601.4,0.08448920638368308,40,1.1174325755506125,1.1174325755506125,1,False,True,15,6,False,False,40,0,False,False,False,nan,nan,nan,239,True,nan
658,187601.6,0.1461324520104684,40,1.144287185172573,1.1416584891783166,1,False,True,15,6,False,False,40,0,True,True,False,nan,nan,nan,240,True,0.1461324520104684
659,187601.8,0.2183201088660064,40,1.0976214570564584,1.0966537918528367,1,False,True,15,6,False,False,40,0,False,False,False,nan,nan,nan,241,True,nan
660,187602.0,0.1840821796751252,40,1.0475821053027696,1.0475821053027696,2,False,True,15,6,False,False,40,0,False,False,False,nan,nan,nan,242,True,nan
661,187602.2,0.22950307359307642,40,1.0515860344201682,1.0515860344201682,2,False,True,15,6,False,False,40,0,False,False,False,nan,nan,nan,243,True,nan
662,187602.4,0.15803324030914717,40,0.9787929563614629,0.9787929563614629,2,False,True,15,6,False,False,40,0,False,False,False,nan,nan,nan,244,True,nan
663,187602.6,0.09103096947632532,40,0.960154670319134,0.960154670319134,3,True,True,15,6,False,False,40,0,False,False,False,nan,nan,nan,245,True,nan
664,187602.8,0.058031344313347964,40,0.8485606450834072,0.8485606450834072,3,True,True,15,6,False,False,40,0,False,False,False,nan,nan,nan,246,True,nan
665,187603.0,0.04581905611582545,40,0.7566714781396262,0.7566714781396262,3,True,True,15,6,False,False,40,0,False,False,False,nan,nan,nan,247,True,nan
666,187603.2,0.040422052803206404,40,0.8254739090455323,0.8254739090455323,1,False,True,15,6,False,False,40,0,True,True,False,nan,nan,nan,248,True,0.040422052803206404
667,187603.4,0.08470848401665608,40,0.8617012420154951,0.8617012420154951,1,False,True,15,6,False,False,40,0,False,False,False,nan,nan,nan,249,True,nan
668,187603.6,0.14924681234198825,40,0.8519325768478059,0.8519325768478059,1,False,True,15,6,False,False,40,0,False,False,False,nan,nan,nan,250,True,nan
669,187603.8,0.07467519496956558,40,0.9466303408163806,0.9032820825028367,2,False,True,15,6,False,False,40,0,False,False,False,nan,nan,nan,251,True,nan
670,187604.0,0.09232429244634194,40,0.9521758654986362,0.8777639448997115,2,False,True,15,6,False,False,40,0,False,False,False,nan,nan,nan,252,True,nan
671,187604.2,0.05948546726388432,40,0.921800614841515,0.8590631226488933,3,False,True,15,6,False,False,40,0,False,False,False,nan,nan,nan,253,True,nan
672,187604.4,0.05252689332414325,40,0.9162305134825371,0.8831929032342741,2,True,True,15,6,False,False,40,0,False,False,False,nan,nan,nan,254,True,nan
673,187604.6,0.051324951988145004,40,0.9327454515357066,0.9327454515357066,1,False,True,15,6,False,False,40,0,True,True,False,nan,nan,nan,255,True,0.051324951988145004
674,187604.8,0.09294582204637242,40,0.8899192929219555,0.8899192929219555,1,False,True,15,6,False,False,40,0,False,False,False,nan,nan,nan,256,True,nan
675,187605.0,0.15784190519735777,40,0.8893162362729534,0.8893162362729534,1,False,True,15,6,False,False,40,0,False,False,False,nan,nan,nan,257,True,nan
676,187605.2,0.07499650011582622,40,0.855290895959331,0.855290895959331,2,False,True,15,6,False,False,40,0,False,False,False,nan,nan,nan,258,True,nan
677,187605.4,0.12012158595089478,40,0.8049287777140726,0.8049287777140726,3,False,True,15,6,False,False,40,0,False,False,False,nan,nan,nan,259,True,nan
678,187605.6,0.05609757160399903,40,0.697735379656863,0.697735379656863,1,False,True,15,6,False,False,40,0,True,True,False,nan,nan,nan,260,True,0.05609757160399903
679,187605.8,0.11012343184520856,40,0.6746141411297415,0.6746141411297415,1,False,True,15,6,False,False,40,0,False,False,False,nan,nan,nan,261,True,nan
680,187606.0,0.18599630792742877,40,0.7138453184041815,0.7138453184041815,2,False,True,15,6,False,False,40,0,False,False,False,nan,nan,nan,262,True,nan
681,187606.2,0.08647714617754852,40,0.6682658457681325,0.6682658457681325,2,False,True,15,6,False,False,40,0,False,False,False,nan,nan,nan,263,True,nan
682,187606.4,0.12868958874299855,40,0.562936795315259,0.562936795315259,2,False,True,15,6,False,False,40,0,False,False,False,nan,nan,nan,264,True,nan
683,187606.6,0.0513899617920101,40,0.5777926723250133,0.5777926723250133,3,True,True,15,6,False,False,40,0,False,False,False,nan,nan,nan,265,True,nan
684,187606.8,0.036465190874616714,40,0.5519587080813827,0.5519587080813827,1,False,True,15,6,False,False,40,0,True,True,False,nan,nan,nan,266,True,0.036465190874616714
685,187607.0,0.10512608168687561,40,0.48855798336418454,0.48855798336418454,1,False,True,15,6,False,False,40,0,False,False,False,nan,nan,nan,267,True,nan
686,187607.2,0.18728902135654502,40,0.49937709170563466,0.49937709170563466,3,True,True,15,6,False,False,40,0,False,False,False,nan,nan,nan,268,True,nan
687,187607.4,0.08782197980300877,40,0.5193668458988021,0.5193668458988021,2,False,True,15,6,False,False,40,0,False,False,False,nan,nan,nan,269,True,nan
688,187607.6,0.10827477913031446,40,0.4943920219192244,0.4943920219192244,2,False,True,15,6,False,False,40,0,False,False,False,nan,nan,nan,270,True,nan
689,187607.8,0.052949432971955736,40,0.5066338594711121,0.5066338594711121,3,True,True,15,6,False,False,40,0,False,False,False,nan,nan,nan,271,True,nan
690,187608.0,0.03837615363891839,40,0.4973667839789071,0.4973667839789071,1,False,True,15,6,False,False,40,0,True,True,False,nan,nan,nan,272,True,0.03837615363891839
691,187608.2,0.11356315289953742,40,0.5268954592837078,0.5268954592837078,1,False,True,15,6,False,False,40,0,False,False,False,nan,nan,nan,273,True,nan
692,187608.4,0.18261143386735787,40,0.6003208303832337,0.6003208303832337,2,False,True,15,6,False,False,40,0,False,False,False,nan,nan,nan,274,True,nan
693,187608.6,0.25194772916355684,40,0.5951444918770524,0.5951444918770524,2,False,True,15,6,False,False,40,0,False,False,False,nan,nan,nan,275,True,nan
694,187608.8,0.1004278601590327,40,0.5269026586706639,0.5269026586706639,2,False,True,15,6,False,False,40,0,False,False,False,nan,nan,nan,276,True,nan
695,187609.0,0.05679047812487943,40,0.52577530807529,0.52577530807529,3,True,True,15,6,False,False,40,0,False,False,False,nan,nan,nan,277,True,nan
696,187609.2,0.03714390549630075,40,0.5077561228029761,0.5077561228029761,1,False,True,15,6,False,False,40,0,True,True,False,nan,nan,nan,278,True,0.03714390549630075
697,187609.4,0.11343723971378047,40,0.503827939712195,0.503827939712195,1,False,True,15,6,False,False,40,0,False,False,False,nan,nan,nan,279,True,nan
698,187609.6,0.1968493730494264,40,0.5049917446190534,0.5049917446190534,2,True,True,15,6,False,False,40,0,False,False,False,nan,nan,nan,280,True,nan
699,187609.8,0.07837497628575113,40,0.5382813504915867,0.5382813504915867,2,False,True,15,6,False,False,40,0,False,False,False,nan,nan,nan,281,True,nan
700,187610.0,0.15628015989533736,40,0.5396587306097804,0.5396587306097804,6,True,True,15,6,False,False,40,0,False,False,False,nan,nan,nan,282,True,nan
701,187610.2,0.05032838975332435,40,0.5384650323146465,0.5384650323146465,3,True,True,15,6,False,False,40,0,False,False,False,nan,nan,nan,283,True,nan
702,187610.4,0.037403301607510146,40,0.5490206645142299,0.5490206645142299,1,False,True,15,6,False,False,40,0,True,True,False,nan,nan,nan,284,True,0.037403301607510146
703,187610.6,0.11688036793198626,40,0.49214078708246234,0.49214078708246234,1,False,True,15,6,False,False,40,0,False,False,False,nan,nan,nan,285,True,nan
704,187610.8,0.20590998662214688,40,0.4796894670294097,0.4796894670294097,2,True,True,15,6,False,False,40,0,False,False,False,nan,nan,nan,286,True,nan
705,187611.0,0.07352011184543256,40,0.4348034024161575,0.4348034024161575,2,False,True,15,6,False,False,40,0,False,False,False,nan,nan,nan,287,True,nan
706,187611.2,0.1528688598602785,40,0.5026346241520213,0.5026346241520213,3,False,True,15,6,False,False,40,0,False,False,False,nan,nan,nan,288,True,nan
707,187611.4,0.048854288868393124,40,0.5140991000298448,0.5140991000298448,3,True,True,15,6,False,False,40,0,False,False,False,nan,nan,nan,289,True,nan
708,187611.6,0.03715665942541902,40,0.5067808643262435,0.5067808643262435,1,False,True,15,6,False,False,40,0,True,True,False,nan,nan,nan,290,True,0.03715665942541902
709,187611.8,0.12215874271076113,40,0.5387335555284369,0.5387335555284369,1,False,True,15,6,False,False,40,0,False,False,False,nan,nan,nan,291,True,nan
710,187612.0,0.21489306377923326,40,0.606824140422847,0.606824140422847,2,False,True,15,6,False,False,40,0,False,False,False,nan,nan,nan,292,True,nan
711,187612.2,0.07592059936795743,40,0.5757612770381361,0.5757612770381361,2,False,True,15,6,False,False,40,0,False,False,False,nan,nan,nan,293,True,nan
712,187612.4,0.16022256412442643,40,0.5712587193992913,0.5712587193992913,3,False,True,15,6,False,False,40,0,False,False,False,nan,nan,nan,294,True,nan
713,187612.6,0.04906462750186637,40,0.5265926041717512,0.5265926041717512,3,True,True,15,6,False,False,40,0,False,False,False,nan,nan,nan,295,True,nan
714,187612.8,0.03741512538952516,40,0.5269617710666636,0.5269617710666636,1,False,True,15,6,False,False,40,0,True,True,False,nan,nan,nan,296,True,0.03741512538952516
715,187613.0,0.12698925119975052,40,0.48554385060095073,0.48554385060095073,1,False,True,15,6,False,False,40,0,False,False,False,nan,nan,nan,297,True,nan
716,187613.2,0.16079189120579288,40,0.5183868481773665,0.5183868481773665,2,False,True,15,6,False,False,40,0,False,False,False,nan,nan,nan,298,True,nan
717,187613.4,0.18783241290218652,40,0.5313688951835246,0.5313688951835246,2,False,True,15,6,False,False,40,0,False,False,False,nan,nan,nan,299,True,nan
718,187613.6,0.14210345454547232,40,0.5871012507756491,0.5871012507756491,2,False,True,15,6,False,False,40,0,False,False,False,nan,nan,nan,300,True,nan
719,187613.8,0.07842293309553039,40,0.6040081737027485,0.6040081737027485,3,True,True,15,6,False,False,40,0,False,False,False,nan,nan,nan,301,True,nan
720,187614.0,0.05005620524441697,40,0.6030355315943161,0.6030355315943161,1,False,True,15,6,False,False,40,0,True,True,False,nan,nan,nan,302,True,0.05005620524441697
721,187614.2,0.13562903038584243,40,0.6022001659639864,0.6022001659639864,2,False,True,15,6,False,False,40,0,False,False,False,nan,nan,nan,303,True,nan
722,187614.4,0.12894973505846027,40,0.5459208309094183,0.5459208309094183,2,False,True,15,6,False,False,40,0,False,False,False,nan,nan,nan,304,True,nan
723,187614.6,0.19800261200841568,40,0.5598729135382262,0.5598729135382262,2,False,True,15,6,False,False,40,0,False,False,False,nan,nan,nan,305,True,nan
724,187614.8,0.12149378651971961,40,0.6005074742450535,0.6005074742450535,2,False,True,15,6,False,False,40,0,False,False,False,nan,nan,nan,306,True,nan
725,187615.0,0.06472927718041172,40,0.5928155537738836,0.5928155537738836,3,True,True,15,6,False,False,40,0,False,False,False,nan,nan,nan,307,True,nan
726,187615.2,0.04626266369697377,40,0.5945304583050924,0.5945304583050924,3,True,True,15,6,False,False,40,0,False,False,False,nan,nan,nan,308,True,nan
727,187615.4,0.03989950003277573,40,0.5753505530405023,0.5753505530405023,1,False,True,15,6,False,False,40,0,True,True,False,nan,nan,nan,309,True,0.03989950003277573
728,187615.6,0.11519781657200599,40,0.5615125848983797,0.5615125848983797,4,True,True,15,6,False,False,40,0,False,False,False,nan,nan,nan,310,True,nan
729,187615.8,0.12267805927823598,40,0.5632860699415714,0.5632860699415714,2,False,True,15,6,False,False,40,0,False,False,False,nan,nan,nan,311,True,nan
730,187616.0,0.11316194069992343,40,0.5314483714930994,0.5314483714930994,2,False,True,15,6,False,False,40,0,False,False,False,nan,nan,nan,312,True,nan
731,187616.2,0.11921011915162374,40,0.5225500553899742,0.5225500553899742,2,False,True,15,6,False,False,40,0,False,False,False,nan,nan,nan,313,True,nan
732,187616.4,0.06429810612070101,40,0.5160308063495975,0.5160308063495975,3,True,True,15,6,False,False,40,0,False,False,False,nan,nan,nan,314,True,nan
733,187616.6,0.045693968241774116,40,0.5290788521852786,0.5290788521852786,1,False,True,15,6,False,False,40,0,True,True,False,nan,nan,nan,315,True,0.045693968241774116
734,187616.8,0.12373863694462385,40,0.5728314135658905,0.5728314135658905,3,False,True,15,6,False,False,40,0,False,False,False,nan,nan,nan,316,True,nan
735,187617.0,0.09163786807241016,40,0.5408229676057742,0.5408229676057742,2,False,True,15,6,False,False,40,0,False,False,False,nan,nan,nan,317,True,nan
736,187617.2,0.12009789030133175,40,0.563811178659192,0.563811178659192,2,False,True,15,6,False,False,40,0,False,False,False,nan,nan,nan,318,True,nan
737,187617.4,0.11329950988436534,40,0.4692519116465151,0.4692519116465151,2,False,True,15,6,False,False,40,0,False,False,False,nan,nan,nan,319,True,nan
738,187617.6,0.05626901007146365,40,0.4964196866368916,0.4964196866368916,3,True,True,15,6,False,False,40,0,False,False,False,nan,nan,nan,320,True,nan
739,187617.8,0.04435628113202248,40,0.6077483666345478,0.6077483666345478,1,False,True,15,6,False,False,40,0,True,True,False,nan,nan,nan,321,True,0.04435628113202248
740,187618.0,0.1285910081136593,40,0.5916470434803313,0.5916470434803313,1,False,True,15,6,False,False,40,0,False,False,False,nan,nan,nan,322,True,nan
741,187618.2,0.20814598558074743,40,0.4480151611367223,0.4480151611367223,2,False,True,15,6,False,False,40,0,False,False,False,nan,nan,nan,323,True,nan
742,187618.4,0.10429774930334554,40,0.42520952604936624,0.42520952604936624,2,False,True,15,6,False,False,40,0,False,False,False,nan,nan,nan,324,True,nan
743,187618.6,0.09448003348894563,40,0.45738805096922525,0.45738805096922525,2,False,True,15,6,False,False,40,0,False,False,False,nan,nan,nan,325,True,nan
744,187618.8,0.06287096560180276,40,0.4845160912637206,0.4845160912637206,3,True,True,15,6,False,False,40,0,False,False,False,nan,nan,nan,326,True,nan
745,187619.0,0.05405080463984021,40,0.5176532125229243,0.5176532125229243,3,True,True,15,6,False,False,40,0,False,False,False,nan,nan,nan,327,True,nan
746,187619.2,0.04680208362133498,40,0.5144927264179884,0.5144927264179884,1,False,True,15,6,False,False,40,0,True,True,False,nan,nan,nan,328,True,0.04680208362133498
747,187619.4,0.11200156864093998,40,0.44155800905813963,0.44155800905813963,1,False,True,15,6,False,False,40,0,True,True,False,nan,nan,nan,329,True,0.11200156864093998
748,187619.6,0.20200660239571264,40,0.421524778346435,0.421524778346435,4,True,True,15,6,False,False,40,0,False,False,False,nan,nan,nan,330,True,nan
749,187619.8,0.12168214673573513,40,0.4221927409807403,0.4221927409807403,2,False,True,15,6,False,False,40,0,False,False,False,nan,nan,nan,331,True,nan
750,187620.0,0.21447292768271767,40,0.44261994391890624,0.44261994391890624,2,True,True,15,6,False,False,40,0,False,False,False,nan,nan,nan,332,True,nan
751,187620.2,0.11319804651252141,40,0.44101099220415757,0.44101099220415757,2,False,True,15,6,False,False,40,0,False,False,False,nan,nan,nan,333,True,nan
752,187620.4,0.07269670218569578,40,0.4429474522811753,0.4429474522811753,3,True,True,15,6,False,False,40,0,False,False,False,nan,nan,nan,334,True,nan
753,187620.6,0.0585041389938971,40,0.48452542075895133,0.48452542075895133,3,True,True,15,6,False,False,40,0,False,False,False,nan,nan,nan,335,True,nan
754,187620.8,0.04975153667090328,40,0.5255382239501559,0.5255382239501559,3,True,True,15,6,False,False,40,0,False,False,False,nan,nan,nan,336,True,nan
755,187621.0,0.044046170345193716,40,0.5277393318819192,0.5277393318819192,1,False,True,15,6,False,False,40,0,True,True,False,nan,nan,nan,337,True,0.044046170345193716
756,187621.2,0.12950668421021458,40,0.5160896511259403,0.5160896511259403,1,False,True,15,6,False,False,40,0,False,False,False,nan,nan,nan,338,True,nan
757,187621.4,0.15878544267854472,40,0.5089183907966843,0.5089183907966843,2,False,True,15,6,False,False,40,0,False,False,False,nan,nan,nan,339,True,nan
758,187621.6,0.2610793743758037,40,0.5197888732315701,0.5197888732315701,5,True,True,15,6,False,False,40,0,False,False,False,nan,nan,nan,340,True,nan
759,187621.8,0.1256821490076242,40,0.5364170696361878,0.5364170696361878,2,False,True,15,6,False,False,40,0,False,False,False,nan,nan,nan,341,True,nan
760,187622.0,0.08233732437497039,40,0.5263011127477771,0.5263011127477771,3,True,True,15,6,False,False,40,0,False,False,False,nan,nan,nan,342,True,nan
761,187622.2,0.06712223704370981,40,0.6197150257112788,0.6197150257112788,3,True,True,15,6,False,False,40,0,False,False,False,nan,nan,nan,343,True,nan
762,187622.4,0.055837370437347315,40,0.5697418816629206,0.5697418816629206,3,True,True,15,6,False,False,40,0,False,False,False,nan,nan,nan,344,True,nan
763,187622.6,0.056236268784254896,40,0.6777045485497781,0.6777045485497781,3,True,True,15,6,False,False,40,0,False,False,False,nan,nan,nan,345,True,nan
764,187622.8,0.05071629848422973,40,0.614673213568956,0.614673213568956,1,False,True,15,6,False,False,40,0,True,True,False,nan,nan,nan,346,True,0.05071629848422973
765,187623.0,0.13693623281195005,40,0.6576251347903346,0.6576251347903346,4,False,True,15,6,False,False,40,0,False,False,False,nan,nan,nan,347,True,nan
766,187623.2,0.12218367398027755,40,0.6389827685175439,0.6389827685175439,2,False,True,15,6,False,False,40,0,False,False,False,nan,nan,nan,348,True,nan
767,187623.4,0.19987025333618094,40,0.6216497467301444,0.6216497467301444,2,False,True,15,6,False,False,40,0,False,False,False,nan,nan,nan,349,True,nan
768,187623.6,0.12594875451381718,40,0.6673267836099018,0.6673267836099018,2,False,True,15,6,False,False,40,0,False,False,False,nan,nan,nan,350,True,nan
769,187623.8,0.07252547246232924,40,0.7074366791795915,0.7074366791795915,3,True,True,15,6,False,False,40,0,False,False,False,nan,nan,nan,351,True,nan
770,187624.0,0.06203557064894791,40,0.765608264823801,0.765608264823801,3,True,True,15,6,False,False,40,0,False,False,False,nan,nan,nan,352,True,nan
771,187624.2,0.049677375447596574,40,0.7836361503957926,0.7836361503957926,1,False,True,15,6,False,False,40,0,True,True,False,nan,nan,nan,353,True,0.049677375447596574
772,187624.4,0.13211449585973228,40,0.7800926436379739,0.7800926436379739,1,False,True,15,6,False,False,40,0,False,False,False,nan,nan,nan,354,True,nan
773,187624.6,0.11949912151045805,40,0.789395044655361,0.789395044655361,2,False,True,15,6,False,False,40,0,False,False,False,nan,nan,nan,355,True,nan
774,187624.8,0.19472803149011197,40,0.758843320700668,0.758843320700668,2,False,True,15,6,False,False,40,0,False,False,False,nan,nan,nan,356,True,nan
775,187625.0,0.13137947940661157,40,0.8004130765903754,0.8004130765903754,2,False,True,15,6,False,False,40,0,False,False,False,nan,nan,nan,357,True,nan
776,187625.2,0.0734039258225196,40,0.8459854067122243,0.8459854067122243,3,True,True,15,6,False,False,40,0,False,False,False,nan,nan,nan,358,True,nan
777,187625.4,0.05094830121309195,40,0.8311767780953909,0.8311767780953909,3,True,True,15,6,False,False,40,0,False,False,False,nan,nan,nan,359,True,nan
778,187625.6,0.04505439947736763,40,0.8574892274619395,0.8574892274619395,3,True,True,15,6,False,False,40,0,False,False,False,nan,nan,nan,360,True,nan
779,187625.8,0.047326535465733795,40,0.7992511047751345,0.7992511047751345,1,False,True,15,6,False,False,40,0,True,True,False,nan,nan,nan,361,True,0.047326535465733795
780,187626.0,0.12002318682326812,40,0.7406114130964768,0.7406114130964768,5,True,True,15,6,False,False,40,0,False,False,False,nan,nan,nan,362,True,nan
781,187626.2,0.13125918221381946,40,0.7060881635196559,0.7060881635196559,2,False,True,15,6,False,False,40,0,False,False,False,nan,nan,nan,363,True,nan
782,187626.4,0.16196060491539144,39,0.7416640359921436,0.7416640359921436,2,False,True,15,6,False,False,39,0,False,False,False,nan,nan,nan,364,True,nan
783,187626.6,0.13203635359731108,39,0.7027161409459223,0.7027161409459223,2,False,True,15,6,False,False,39,0,False,False,False,nan,nan,nan,365,True,nan
784,187626.8,0.07363077497315275,38,0.7549456037941669,0.7549456037941669,3,True,True,15,6,False,False,38,0,False,False,False,nan,nan,nan,366,True,nan
785,187627.0,0.05630566004126951,37,0.6936769274308563,0.6936769274308563,3,True,True,15,6,False,False,37,0,False,False,False,nan,nan,nan,367,True,nan
786,187627.2,0.04499724923180675,36,0.7258111183601419,0.7258111183601419,3,True,True,15,6,False,False,36,0,False,False,False,nan,nan,nan,368,True,nan
787,187627.4,0.04271558221584477,36,0.709000496113884,0.709000496113884,1,False,True,15,6,False,False,36,0,True,True,False,nan,nan,nan,369,True,0.04271558221584477
788,187627.6,0.06654278789951179,35,0.6426912384911273,0.6426912384911273,2,False,True,15,6,False,False,35,0,False,False,False,nan,nan,nan,370,True,nan
789,187627.8,0.14225997368377308,35,0.6533267013365363,0.6533267013365363,2,False,True,15,6,False,False,35,0,False,False,False,nan,nan,nan,371,True,nan
790,187628.0,0.13882322630670402,35,0.5676400120898419,0.5676400120898419,2,False,True,15,6,False,False,35,0,False,False,False,nan,nan,nan,372,True,nan
791,187628.2,0.13970696421402237,35,0.592986047200239,0.592986047200239,2,False,True,15,6,False,False,35,0,False,False,False,nan,nan,nan,373,True,nan
792,187628.4,0.06873701761383841,35,0.5987633596901618,0.5987633596901618,3,True,True,15,6,False,False,35,0,False,False,False,nan,nan,nan,374,True,nan
793,187628.6,0.035561698302154006,35,0.5821634586431917,0.5821634586431917,3,True,True,15,6,False,False,35,0,False,False,False,nan,nan,nan,375,True,nan
794,187628.8,0.02297422883132275,35,0.615788052707819,0.615788052707819,3,True,True,15,6,False,False,35,0,False,False,False,nan,nan,nan,376,True,nan
795,187629.0,0.023482911712354348,35,0.5554891896159175,0.5554891896159175,1,False,True,15,6,False,False,35,0,True,True,False,nan,nan,nan,377,True,0.023482911712354348
796,187629.2,0.1300624119789535,35,0.5524582989777197,0.5524582989777197,2,False,True,15,6,False,False,35,0,False,False,False,nan,nan,nan,378,True,nan
797,187629.4,0.14049954943869622,35,0.47222909424859705,0.47222909424859705,2,False,True,15,6,False,False,35,0,False,False,False,nan,nan,nan,379,True,nan
798,187629.6,0.1917248816249913,35,0.48279388280195945,0.48279388280195945,2,False,True,15,6,False,False,35,0,False,False,False,nan,nan,nan,380,True,nan
799,187629.8,0.19133996818162227,35,0.42224624183393267,0.42224624183393267,2,False,True,15,6,False,False,35,0,False,False,False,nan,nan,nan,381,True,nan
800,187630.0,0.11842103126703159,35,0.40367501301961695,0.40367501301961695,3,True,True,15,6,False,False,35,0,False,False,False,nan,nan,nan,382,True,nan
801,187630.2,0.08583295171326477,35,0.47315979300492417,0.47315979300492417,3,True,True,15,6,False,False,35,0,False,False,False,nan,nan,nan,383,True,nan
802,187630.4,0.05961555340181087,35,0.40610524672939646,0.40610524672939646,3,True,True,15,6,False,False,35,0,False,False,False,nan,nan,nan,384,True,nan
803,187630.6,0.06018236451454055,35,0.4297339271424977,0.4297339271424977,1,False,True,15,6,False,False,35,0,True,True,False,nan,nan,nan,385,True,0.06018236451454055
804,187630.8,0.19036675099910108,35,0.6808734753428358,0.6808734753428358,1,False,True,15,6,False,False,35,0,False,False,False,nan,nan,nan,386,True,nan
805,187631.0,0.29936699232965375,34,0.5665392510569017,0.5665392510569017,2,False,True,15,6,False,False,34,0,False,False,False,nan,nan,nan,387,True,nan
806,187631.2,0.31532750203553594,33,0.6000797838931964,0.6000797838931964,2,False,True,15,6,False,False,33,0,False,False,False,nan,nan,nan,388,True,nan
807,187631.4,0.17747479030498026,32,0.5723249160950993,0.5723249160950993,2,False,True,15,6,False,False,32,0,False,False,False,nan,nan,nan,389,True,nan
808,187631.6,0.1099361069710398,31,0.5388397768221088,0.5388397768221088,3,True,True,15,6,False,False,31,0,False,False,False,nan,nan,nan,390,True,nan
809,187631.8,0.08650013494558602,31,1.4466231027657337,1.1492109795106624,4,True,True,15,6,False,False,30,0,False,False,False,nan,nan,nan,391,True,nan
810,187632.0,0.07057420314790218,31,1.631272389959146,1.4095520076291352,1,False,True,15,6,False,False,28,0,True,True,False,nan,nan,nan,392,True,0.07057420314790218
811,187632.2,0.13419413494194432,32,1.381824370333666,1.2484180583405022,2,False,True,15,6,False,False,26,0,False,False,False,nan,nan,nan,393,True,nan
812,187632.4,0.16109213389501978,31,0.818208991324862,0.818208991324862,2,False,True,15,6,False,False,24,0,False,False,False,nan,nan,nan,394,True,nan
813,187632.6,0.15125969706917342,29,0.7350719166801717,0.7350719166801717,1,False,True,15,6,False,False,21,0,True,True,False,nan,nan,nan,395,True,0.15125969706917342
814,187632.8,0.28976294643501677,27,1.2819322473253858,1.177983048219692,1,False,True,12,6,False,False,16,0,True,False,False,nan,nan,nan,396,True,nan
815,187633.0,0.3971905903631269,26,1.4457234096207834,1.27699438185887,1,False,True,9,6,False,False,13,0,True,False,False,nan,nan,nan,397,True,nan
816,187633.2,0.5514039729907034,23,1.623207781556448,1.377039289689178,3,False,True,6,6,False,False,9,0,False,False,False,nan,nan,nan,398,True,nan
817,187633.4,0.49149607085377145,20,2.129004501928527,1.6964808589624034,2,False,True,3,6,False,False,6,0,False,False,False,nan,nan,nan,399,True,nan
818,187633.6,0.5859762142824555,17,0.5699460804462433,0.5699460804462433,2,False,True,0,6,False,False,4,0,False,False,False,nan,nan,nan,400,True,nan
819,187633.8,0.7411984291662567,12,inf,inf,2,False,False,0,6,False,False,3,0,False,False,False,nan,nan,nan,401,True,nan
820,187634.0,0.9005018118033904,7,inf,inf,2,False,False,0,6,False,False,2,0,False,False,False,nan,nan,nan,402,True,nan
821,187634.2,1.0679069404997379,3,inf,inf,2,False,False,0,6,False,False,2,0,False,False,False,nan,nan,nan,403,True,nan
822,187634.4,1.260783755423944,1,inf,inf,2,True,False,0,6,False,False,1,0,False,False,False,nan,nan,nan,404,True,nan
823,187634.6,1.4628296657807707,0,inf,inf,2,True,False,0,6,False,False,0,0,False,False,False,nan,nan,nan,405,True,nan
824,187634.8,1.682908434929348,0,inf,inf,2,True,False,0,6,False,False,0,0,False,False,False,nan,nan,nan,406,True,nan
825,187635.0,1.9117016829381277,0,inf,inf,2,True,False,0,6,False,False,0,0,False,False,False,nan,nan,nan,407,True,nan
826,187635.2,2.111412949457107,1,4.349499601870775,2.759964288160975,2,False,True,0,6,False,False,0,0,False,False,False,nan,nan,nan,408,True,nan
827,187635.4,2.199951421966364,4,3.0535458784830607,2.002649033931303,2,False,True,0,6,False,False,0,0,False,False,False,nan,nan,nan,409,True,nan
828,187635.6,2.206781351327815,7,3.013943042483248,2.026331043240531,2,False,True,0,6,False,False,0,0,False,False,False,nan,nan,nan,410,True,nan
829,187635.8,2.1443139038479804,11,2.7316326104498865,2.0515097146681414,2,False,True,0,6,False,False,0,0,False,False,False,nan,nan,nan,411,True,nan
830,187636.0,2.054541205594426,15,2.5385320587728537,1.935741139585988,2,False,True,0,6,False,False,0,0,False,False,False,nan,nan,nan,412,True,nan
831,187636.2,1.9851865999268496,18,2.3312862723839616,1.7920725090805114,2,False,True,0,6,False,False,0,0,False,False,False,nan,nan,nan,413,True,nan
832,187636.4,1.9728018471887077,19,2.324432080872179,1.7804852777751055,2,False,True,0,6,False,False,0,0,False,False,False,nan,nan,nan,414,True,nan
833,187636.6,2.01848161802593,20,2.212535884299939,1.7458644443154894,2,False,True,0,6,False,False,0,0,False,False,False,nan,nan,nan,415,True,nan
834,187636.8,2.1135744000374115,20,2.141982946640673,1.7406762139894103,2,False,True,0,6,False,False,0,0,False,False,False,nan,nan,nan,416,True,nan
835,187637.0,2.247655980493539,20,1.9448456501978888,1.6359309081119093,2,False,True,0,6,False,False,0,0,False,False,False,nan,nan,nan,417,True,nan
836,187637.2,2.396540010025935,20,1.8486157127568132,1.512503774319274,2,False,True,0,6,False,False,0,0,False,False,False,nan,nan,nan,418,True,nan
837,187637.4,2.544885531698224,20,1.599479829780328,1.4277245837262176,2,False,True,0,6,False,False,0,0,False,False,False,nan,nan,nan,419,True,nan
838,187637.6,2.690584321687576,21,1.2510284020057512,1.1425104456294506,2,False,True,0,6,False,False,0,0,False,False,False,nan,nan,nan,420,True,nan
839,187637.8,2.8202772062069914,22,1.1139419621671993,1.0619198712381102,2,False,True,0,6,False,False,0,0,False,False,False,nan,nan,nan,421,True,nan
840,187638.0,2.9388768612418463,23,1.07967418190035,1.0642933343177525,2,False,True,0,6,False,False,0,0,False,False,False,nan,nan,nan,422,True,nan
841,187638.2,3.020425258395939,24,1.0758148039430422,1.0758148039430422,3,True,True,0,6,False,False,0,0,False,False,False,nan,nan,nan,423,True,nan
842,187638.4,3.031723395802688,25,1.056684492885782,1.056684492885782,3,True,True,0,6,False,False,1,0,False,False,False,nan,nan,nan,424,True,nan
843,187638.6,2.9409631768408215,25,1.1243300297992687,1.1243300297992687,4,True,True,0,6,False,False,2,0,False,False,False,nan,nan,nan,425,True,nan
844,187638.8,2.8019903278865694,25,0.9386964435515808,0.9386964435515808,4,True,True,0,6,False,False,3,0,False,False,False,nan,nan,nan,426,True,nan
845,187639.0,2.66592583387438,24,0.7571366309658505,0.7571366309658505,1,False,True,0,6,False,False,4,0,True,True,False,nan,nan,nan,427,True,2.66592583387438
846,187639.2,2.827273242203487,24,0.8583381291749138,0.8583381291749138,1,False,True,0,6,False,False,6,0,True,True,False,nan,nan,nan,428,True,2.827273242203487
847,187639.4,3.0137948799927377,24,1.0365829140196359,0.9238827141538882,2,True,True,0,6,False,False,7,0,True,True,False,nan,nan,nan,429,True,3.0137948799927377
848,187639.6,3.2573929814839637,24,1.390276957198539,1.0891856332188001,1,False,True,0,6,False,False,8,0,True,True,False,nan,nan,nan,430,True,3.2573929814839637
849,187639.8,3.507924457814285,24,1.718463467283811,1.3534483077192228,1,False,True,0,6,False,False,9,0,True,True,False,nan,nan,nan,431,True,3.507924457814285
850,187640.0,3.654128340181134,25,1.7583232594675227,1.420848861667921,1,False,True,0,6,False,False,10,0,True,True,False,nan,nan,nan,432,True,3.654128340181134
851,187640.2,3.9185990823077397,25,1.8515844811175746,1.476907555094147,3,True,True,0,6,False,False,10,0,True,True,False,nan,nan,nan,433,True,3.9185990823077397
852,187640.4,4.202171870113325,24,2.0857572920021776,1.6452428078051422,3,True,True,0,6,False,False,10,0,False,False,False,nan,nan,nan,434,True,nan
853,187640.6,4.316791814250025,22,2.281367280762767,1.6707718272160095,1,False,True,0,6,False,False,10,0,True,True,False,nan,nan,nan,435,True,4.316791814250025
854,187640.8,4.470334484417071,21,2.220457816344389,1.6652502794564192,2,False,True,0,6,False,False,10,0,False,False,False,nan,nan,nan,436,True,nan
855,187641.0,4.737415353819013,21,2.057307563424883,1.644636400301724,1,False,True,0,6,False,False,10,0,True,True,False,nan,nan,nan,437,True,4.737415353819013
856,187641.2,4.680322502487236,22,1.961046349805512,1.6051598424231122,2,False,True,0,6,False,False,10,0,False,False,False,nan,nan,nan,438,True,nan
857,187641.4,4.570986694872297,23,1.8467203308007065,1.5043802072825,4,True,True,0,6,False,False,10,0,True,True,False,nan,nan,nan,439,True,4.570986694872297
858,187641.6,4.667558069314016,25,1.8756642515146917,1.5577898456687915,2,False,True,0,6,False,False,10,0,False,False,False,nan,nan,nan,440,True,nan
859,187641.8,4.614868050674905,26,1.8081233028286812,1.546966388476885,2,False,True,0,6,False,False,10,0,False,False,False,nan,nan,nan,441,True,nan
860,187642.0,4.40780840446668,25,1.7908779763110694,1.5336837407939679,1,False,True,0,6,False,False,10,0,True,True,False,nan,nan,nan,442,True,4.40780840446668
861,187642.2,4.466455150847536,24,1.9327077312329688,1.625128488332982,1,False,True,0,6,False,False,10,0,True,True,False,nan,nan,nan,443,True,4.466455150847536
862,187642.4,4.350572778004066,24,1.8528633181705527,1.5489289521964662,1,False,True,0,6,False,False,10,0,True,True,False,nan,nan,nan,444,True,4.350572778004066
863,187642.6,4.174153751738837,25,2.2466774678533845,1.6993621956012483,2,False,True,0,6,False,False,10,0,False,False,False,nan,nan,nan,445,True,nan
864,187642.8,3.7941121571138163,26,1.8046198619038185,1.4467324166032416,1,False,True,0,6,False,False,10,0,True,True,False,nan,nan,nan,446,True,3.7941121571138163
865,187643.0,3.999497180643933,28,1.7622228360539827,1.3548095317763167,1,False,True,0,6,False,False,10,0,True,True,False,nan,nan,nan,447,True,3.999497180643933
866,187643.2,3.764264276405589,29,1.556773336657313,1.2414405894882292,1,False,True,0,6,False,False,10,0,True,True,False,nan,nan,nan,448,True,3.764264276405589
867,187643.4,3.9569164229916827,30,1.5698405105549398,1.2441755707467888,1,False,True,0,6,False,False,10,0,True,True,False,nan,nan,nan,449,True,3.9569164229916827
868,187643.6,4.16591292596808,30,1.6926919249163634,1.338650389120891,2,True,True,0,6,False,False,10,0,False,False,False,nan,nan,nan,450,True,nan
869,187643.8,3.9462929004498006,30,1.416490770148093,1.1784550116685555,2,False,True,0,6,False,False,12,0,False,False,False,nan,nan,nan,451,True,nan
870,187644.0,3.7214170667407807,29,1.4363444288774125,1.2487059469361979,2,False,True,0,6,False,False,14,0,False,False,False,nan,nan,nan,452,True,nan
871,187644.2,3.3912295702175204,30,2.588952106410077,1.5797801556834015,2,False,True,0,6,False,False,16,0,False,False,False,nan,nan,nan,453,True,nan
872,187644.4,3.172104441866961,30,1.097408437074119,1.0517291228868408,1,False,True,0,6,False,False,19,0,True,True,False,nan,nan,nan,454,True,3.172104441866961
873,187644.6,3.189597115354355,28,1.3612206345744229,1.3364416386461164,2,False,True,0,6,False,False,21,0,False,False,False,nan,nan,nan,455,True,nan
874,187644.8,3.1157876972221317,28,1.2072994185579935,1.120217012344242,1,False,True,0,6,False,False,21,0,True,True,False,nan,nan,nan,456,True,3.1157876972221317
875,187645.0,3.285323459510062,29,1.3391423907861193,1.1893186473350394,4,True,True,0,6,False,False,21,0,True,True,False,nan,nan,nan,457,True,3.285323459510062
876,187645.2,3.372277301777593,29,3.8475404214201556,1.8678161900081127,1,False,True,0,6,False,False,21,0,True,True,False,nan,nan,nan,458,True,3.372277301777593
877,187645.4,3.4099909403388717,30,3.9869362005595663,1.9759380205627672,2,False,True,0,6,False,False,19,0,True,True,False,nan,nan,nan,459,True,3.4099909403388717
878,187645.6,3.522112941038887,33,4.147417339591535,2.015098974038664,1,False,True,0,6,False,False,18,0,True,True,False,nan,nan,nan,460,True,3.522112941038887
879,187645.8,3.699233027738463,34,4.205093730908418,2.0622227962303366,4,False,True,0,6,False,False,17,0,True,True,False,nan,nan,nan,461,True,3.699233027738463
880,187646.0,3.449650341446405,35,3.870788588580098,1.9972073838038868,2,False,True,0,6,False,False,16,0,False,False,False,nan,nan,nan,462,True,nan
881,187646.2,3.2196068083953557,34,3.724497195319873,2.0510381461261824,2,False,True,0,6,False,False,16,0,False,False,False,nan,nan,nan,463,True,nan
882,187646.4,3.0774954127186125,32,3.4155024488032684,2.0255992709117505,1,False,True,0,6,False,False,17,0,True,True,False,nan,nan,nan,464,True,3.0774954127186125
883,187646.6,3.075065506882964,30,3.145609302865269,1.9639344958756737,2,False,True,0,6,False,False,19,0,False,False,False,nan,nan,nan,465,True,nan
884,187646.8,2.9433066672643053,28,2.7623553146599535,1.850819873482627,1,False,True,0,6,False,False,21,0,True,True,False,nan,nan,nan,466,True,2.9433066672643053
885,187647.0,3.1085936014392983,27,2.514598226256958,1.8238269516374939,2,False,True,0,6,False,False,23,0,False,False,False,nan,nan,nan,467,True,nan
886,187647.2,3.2351551446064795,27,2.277492487273996,1.736199173837632,1,False,True,0,6,False,False,23,0,True,True,False,nan,nan,nan,468,True,3.2351551446064795
887,187647.4,3.420796634699227,28,2.197771742696956,1.7085156819189435,4,True,True,0,6,False,False,24,0,False,False,False,nan,nan,nan,469,True,nan
888,187647.6,3.079957711633229,29,1.9538079079846176,1.6293918501822289,2,False,True,0,6,False,False,24,0,True,True,False,nan,nan,nan,470,True,3.079957711633229
889,187647.8,3.3645008454243537,30,1.8649336082656565,1.6091703442670806,2,False,True,0,6,False,False,24,0,False,False,False,nan,nan,nan,471,True,nan
890,187648.0,3.741039052060355,30,1.8532020723667322,1.6141886956483777,2,False,True,0,6,False,False,24,0,False,False,False,nan,nan,nan,472,True,nan
891,187648.2,3.9810843799115174,30,1.8709471960615043,1.6321466023314424,1,False,True,0,6,False,False,25,0,True,True,False,nan,nan,nan,473,True,3.9810843799115174
892,187648.4,4.102562730637096,30,1.9063372411303694,1.6086061542466301,1,False,True,0,6,False,False,25,0,True,True,False,nan,nan,nan,474,True,4.102562730637096
893,187648.6,4.2567532300220785,30,1.9122318257110915,1.5632960403721954,2,False,True,0,6,False,False,25,0,False,False,False,nan,nan,nan,475,True,nan
894,187648.8,4.638450431280808,30,1.798219047033363,1.5205717302367707,2,False,True,0,6,False,False,25,0,False,False,False,nan,nan,nan,476,True,nan
895,187649.0,4.8961774716861495,30,1.5696369931284715,1.4203005692594244,2,False,True,0,6,False,False,25,0,False,False,False,nan,nan,nan,477,True,nan
896,187649.2,5.057675500685562,30,1.3940019224393556,1.3246076323596248,2,False,True,0,6,False,False,25,0,False,False,False,nan,nan,nan,478,True,nan
897,187649.4,5.0301150834245,30,1.3260061499913618,1.2715104884866317,1,False,True,0,6,False,False,25,0,True,True,False,nan,nan,nan,479,True,5.0301150834245
898,187649.6,5.125812738930218,30,1.2644961533573382,1.216845952198058,2,False,True,0,6,False,False,25,0,False,False,False,nan,nan,nan,480,True,nan
899,187649.8,5.385916751982477,30,1.465840056723148,1.2860168426364729,1,False,True,0,6,False,False,25,0,True,True,False,nan,nan,nan,481,True,5.385916751982477
900,187650.0,5.470163669150832,30,1.50316300145918,1.3000655797706075,2,False,True,0,6,False,False,25,0,False,False,False,nan,nan,nan,482,True,nan
901,187650.2,5.289502524160294,30,1.5008536826373775,1.2793242976392083,2,False,True,0,6,False,False,25,0,False,False,False,nan,nan,nan,483,True,nan
902,187650.4,5.1237544078185735,30,1.4499290076343592,1.2592440594750016,2,False,True,0,6,False,False,25,0,False,False,False,nan,nan,nan,484,True,nan
903,187650.6,4.846053460032191,31,1.5058659128669645,1.3383283524966414,2,False,True,0,6,False,False,25,0,False,False,False,nan,nan,nan,485,True,nan
904,187650.8,4.627936013644533,32,1.5129847431359726,1.3209352246722095,1,False,True,0,6,False,False,26,0,True,True,False,nan,nan,nan,486,True,4.627936013644533
905,187651.0,4.648100605498326,32,1.7007376085072201,1.433280411642633,2,False,True,0,6,False,False,26,0,False,False,False,nan,nan,nan,487,True,nan
906,187651.2,4.496435108024116,32,1.687953271504767,1.4112511741243954,2,False,True,0,6,False,False,26,0,False,False,False,nan,nan,nan,488,True,nan
907,187651.4,4.162290297123787,33,1.5202840841185847,1.3221960320520834,1,False,True,0,6,False,False,26,0,True,True,False,nan,nan,nan,489,True,4.162290297123787
908,187651.6,4.254078998009717,32,1.4672255503329883,1.2911836275933224,1,True,True,0,6,False,False,26,0,False,False,False,nan,nan,nan,490,True,nan
909,187651.8,3.940974634884848,32,1.5620257555148502,1.3416397363003445,2,False,True,0,6,False,False,25,0,False,False,False,nan,nan,nan,491,True,nan
910,187652.0,3.990393343415503,32,1.4869045857695693,1.2919954846259627,2,False,True,0,6,False,False,25,0,False,False,False,nan,nan,nan,492,True,nan
911,187652.2,3.701405918553743,32,1.1904453687396988,1.1746891654424105,1,False,True,0,6,False,False,25,0,True,True,False,nan,nan,nan,493,True,3.701405918553743
912,187652.4,3.8082220906833433,31,1.1362686428381008,1.1362686428381008,2,False,True,0,6,False,False,25,0,False,False,False,nan,nan,nan,494,True,nan
913,187652.6,3.9641080546722622,31,1.1140618493837957,1.113563321031748,1,False,True,0,6,False,False,25,0,True,True,False,nan,nan,nan,495,True,3.9641080546722622
914,187652.8,4.035181683397965,30,1.0405862165802777,1.0405862165802777,2,False,True,0,6,False,False,25,0,False,False,False,nan,nan,nan,496,True,nan
915,187653.0,4.0315122692627385,30,1.0589700905932096,1.0589700905932096,2,False,True,0,6,False,False,25,0,False,False,False,nan,nan,nan,497,True,nan
916,187653.2,4.1555432334239075,30,1.1360691610201716,1.095095762845358,2,False,True,0,6,False,False,25,0,False,False,False,nan,nan,nan,498,True,nan
917,187653.4,4.224598054110369,30,1.1640277077741545,1.0937390796128321,2,False,True,0,6,False,False,25,0,False,False,False,nan,nan,nan,499,True,nan
918,187653.6,4.1483939919274135,30,1.183821297816371,1.1414574889320899,1,False,True,0,6,False,False,25,0,True,True,False,nan,nan,nan,500,True,4.1483939919274135
919,187653.8,4.0482700284153275,30,1.2074431503389371,1.1733984648478415,2,False,True,0,6,False,False,25,0,False,False,False,nan,nan,nan,501,True,nan
920,187654.0,3.784976679753105,30,1.070727004423066,1.070727004423066,1,False,True,0,6,False,False,25,0,True,True,False,nan,nan,nan,502,True,3.784976679753105
921,187654.2,3.8730055315102017,30,1.0998968303385206,1.0998968303385206,2,False,True,0,6,False,False,25,0,False,False,False,nan,nan,nan,503,True,nan
922,187654.4,3.9684219875857214,31,1.1545040685831274,1.1545040685831274,2,False,True,0,6,False,False,25,0,False,False,False,nan,nan,nan,504,True,nan
923,187654.6,3.774286026548819,32,1.3744140211187863,1.310041580605838,2,False,True,0,6,False,False,25,0,False,False,False,nan,nan,nan,505,True,nan
924,187654.8,3.6610892344515276,33,1.5928555043387926,1.4432640426962327,2,False,True,0,6,False,False,25,0,False,False,False,nan,nan,nan,506,True,nan
925,187655.0,3.3591505409037454,33,1.128326495287195,1.128326495287195,3,True,True,0,6,False,False,25,0,False,False,False,nan,nan,nan,507,True,nan
926,187655.2,3.065552339590024,34,1.5221806172991783,1.2280665221590286,1,False,True,0,6,False,False,25,0,True,True,False,nan,nan,nan,508,True,3.065552339590024
927,187655.4,3.1192540013780663,34,1.572350633026826,1.2146097713916637,1,False,True,0,6,False,False,25,0,True,True,False,nan,nan,nan,509,True,3.1192540013780663
928,187655.6,3.2292932045615697,33,1.6236851151338931,1.2250727789172926,1,False,True,0,6,False,False,24,0,True,True,False,nan,nan,nan,510,True,3.2292932045615697
929,187655.8,3.3477670234584296,32,1.7917975841040872,1.3985177003238656,4,True,True,0,6,False,False,24,0,False,False,False,nan,nan,nan,511,True,nan
930,187656.0,3.3780113225765307,32,1.4990494769475282,1.201718617227866,1,False,True,0,6,False,False,23,0,True,True,False,nan,nan,nan,512,True,3.3780113225765307
931,187656.2,3.502933171761904,29,0.9574167248255088,0.9574167248255088,1,False,True,0,6,False,False,22,0,True,True,False,nan,nan,nan,513,True,3.502933171761904
932,187656.4,3.7758911756326428,26,1.0985477828080712,1.0985477828080712,2,False,True,0,6,False,False,21,0,False,False,False,nan,nan,nan,514,True,nan
933,187656.6,4.217892449244008,24,1.2891071345753964,1.2891071345753964,2,False,True,0,6,False,False,21,0,False,False,False,nan,nan,nan,515,True,nan
934,187656.8,4.586927413436537,22,1.4454024766458893,1.4454024766458893,2,False,True,0,6,False,False,20,0,False,False,False,nan,nan,nan,516,True,nan
935,187657.0,4.815364090722931,20,1.7590129863793094,1.7243283523342852,1,False,True,0,6,False,False,20,0,True,True,False,nan,nan,nan,517,True,4.815364090722931
936,187657.2,4.934653864971362,21,2.89375495704222,2.097580902358202,2,False,True,0,6,False,False,20,0,False,False,False,nan,nan,nan,518,True,nan
937,187657.4,5.120424394019955,23,2.4482445579301797,1.9626112193661345,2,False,True,0,6,False,False,20,0,False,False,False,nan,nan,nan,519,True,nan
938,187657.6,5.573280559210368,25,2.7315496149637877,2.089506306464099,1,False,True,0,6,False,False,20,0,True,True,False,nan,nan,nan,520,True,5.573280559210368
939,187657.8,5.383627306796873,26,2.8343939835826575,2.2315225717948,1,False,True,0,6,False,False,19,0,True,True,False,nan,nan,nan,521,True,5.383627306796873
940,187658.0,5.4674309995884345,28,2.562018545248691,2.0673935573391717,2,False,True,0,6,False,False,18,0,False,False,False,nan,nan,nan,522,True,nan
941,187658.2,5.339323290304618,28,2.6433105367805636,2.1496765101864987,2,True,True,0,6,False,False,18,0,True,True,False,nan,nan,nan,523,True,5.339323290304618
942,187658.4,5.3883356770728055,27,2.580541803080749,2.114886704078701,1,False,True,0,6,False,False,18,0,True,True,False,nan,nan,nan,524,True,5.3883356770728055
943,187658.6,5.491477033432293,28,3.6881408830195332,2.3580185265981006,3,True,True,0,6,False,False,18,0,False,False,False,nan,nan,nan,525,True,nan
944,187658.8,5.4329600073513795,30,3.41034993992417,2.297944861270338,1,False,True,0,6,False,False,19,0,True,True,False,nan,nan,nan,526,True,5.4329600073513795
945,187659.0,5.531668769921438,32,2.961983857691874,2.096060026983986,2,False,True,0,6,False,False,20,0,False,False,False,nan,nan,nan,527,True,nan
946,187659.2,5.089178182714801,35,2.693818066227669,1.9907384096434797,3,False,True,0,6,False,False,20,0,True,True,False,nan,nan,nan,528,True,5.089178182714801
947,187659.4,5.113922650140342,37,2.1306854338107653,1.7421235024302937,3,False,True,0,6,False,False,21,0,True,True,False,nan,nan,nan,529,True,5.113922650140342
948,187659.6,5.16373564592008,37,2.0626414078461592,1.7376897863716156,3,False,True,0,6,False,False,22,0,True,True,False,nan,nan,nan,530,True,5.16373564592008
949,187659.8,5.126689589584096,37,2.0461843553797063,1.7717138408354618,2,False,True,0,6,False,False,23,0,False,False,False,nan,nan,nan,531,True,nan
950,187660.0,5.193373469341658,35,2.0303618350823567,1.695352670141937,2,False,True,0,6,False,False,24,0,False,False,False,nan,nan,nan,532,True,nan
951,187660.2,5.141431821987606,34,1.9302073889739286,1.5963706366467707,2,False,True,0,6,False,False,25,0,False,False,False,nan,nan,nan,533,True,nan
952,187660.4,4.879737887898564,33,1.9289409564272348,1.5237934018948274,2,False,True,0,6,False,False,24,0,False,False,False,nan,nan,nan,534,True,nan
953,187660.6,4.710115835449637,30,2.0777107217430646,1.5992099525589378,1,False,True,0,6,False,False,22,0,True,True,False,nan,nan,nan,535,True,4.710115835449637
954,187660.8,4.711170014220295,27,2.125702105765303,1.6093970121275913,2,False,True,0,6,False,False,20,0,False,False,False,nan,nan,nan,536,True,nan
955,187661.0,4.86484242669615,25,2.1047529404875096,1.5707998884696042,2,False,True,0,6,False,False,18,0,True,True,False,nan,nan,nan,537,True,4.86484242669615
956,187661.2,4.723886598410691,23,1.910591635213271,1.4907934952994806,2,False,True,0,6,False,False,17,0,False,False,False,nan,nan,nan,538,True,nan
957,187661.4,4.642166221439144,22,1.7964265659871426,1.4268067208716295,2,False,True,0,6,False,False,17,0,True,True,False,nan,nan,nan,539,True,4.642166221439144
958,187661.6,4.894220958867647,24,1.7145458770071609,1.370716705050695,2,False,True,0,6,False,False,17,0,True,True,False,nan,nan,nan,540,True,4.894220958867647
959,187661.8,5.040793408119168,25,1.8361494505857658,1.548157437287677,3,False,True,0,6,False,False,17,0,True,True,False,nan,nan,nan,541,True,5.040793408119168
960,187662.0,5.2162104393009034,26,2.050888112821392,1.698832406298408,2,False,True,0,6,False,False,17,0,False,False,False,nan,nan,nan,542,True,nan
961,187662.2,5.431886632407067,25,2.061990586790086,1.68635118248205,1,False,True,0,6,False,False,15,0,True,True,False,nan,nan,nan,543,True,5.431886632407067
962,187662.4,5.551916463928244,24,3.1313604506178887,2.172155188390189,2,False,True,0,6,False,False,13,0,False,False,False,nan,nan,nan,544,True,nan
963,187662.6,5.37302486590104,23,2.7108202399208223,2.0229871549652088,1,False,True,0,6,False,False,13,0,True,True,False,nan,nan,nan,545,True,5.37302486590104
964,187662.8,5.504084114102198,23,2.7480180008528317,2.040827543365851,2,False,True,0,6,False,False,14,0,False,False,False,nan,nan,nan,546,True,nan
965,187663.0,5.24512971806914,24,2.55730560307667,1.9833351894295768,1,False,True,0,6,False,False,15,0,True,True,False,nan,nan,nan,547,True,5.24512971806914
966,187663.2,5.3602913684820175,26,2.357210687535885,1.8347886069892725,1,False,True,0,6,False,False,17,0,True,True,False,nan,nan,nan,548,True,5.3602913684820175
967,187663.4,5.469562035286231,29,2.4747073440124727,1.877808901072302,5,True,True,0,6,False,False,19,0,True,True,False,nan,nan,nan,549,True,5.469562035286231
968,187663.6,5.357151025902849,30,2.170661216349069,1.8132846647354275,2,False,True,0,6,False,False,21,0,False,False,False,nan,nan,nan,550,True,nan
969,187663.8,5.2739749313036794,30,1.9136698776146521,1.5650439271415992,1,False,True,0,6,False,False,21,0,True,True,False,nan,nan,nan,551,True,5.2739749313036794
970,187664.0,5.122185063471289,31,1.89317462747834,1.6664997254751632,2,False,True,0,6,False,False,22,0,False,False,False,nan,nan,nan,552,True,nan
971,187664.2,4.86934136241257,31,1.9652393870459832,1.7864869726097576,1,False,True,0,6,False,False,23,0,True,True,False,nan,nan,nan,553,True,4.86934136241257
972,187664.4,4.994243187965386,30,2.233031212691924,1.9127446820077252,2,False,True,0,6,False,False,24,0,False,False,False,nan,nan,nan,554,True,nan
973,187664.6,5.345552305350008,30,2.205120410736408,1.9140720300859588,2,False,True,0,6,False,False,24,0,False,False,False,nan,nan,nan,555,True,nan
974,187664.8,5.4232954485798235,31,2.3061772928087794,1.9356721744177985,2,False,True,0,6,False,False,25,0,False,False,False,nan,nan,nan,556,True,nan
975,187665.0,5.72579142152163,29,2.2236514676940793,1.8564324026520311,2,False,True,0,6,False,False,25,0,False,False,False,nan,nan,nan,557,True,nan
976,187665.2,5.619504296939613,30,2.7604913660527455,2.0333312378326265,2,False,True,0,6,False,False,25,0,False,False,False,nan,nan,nan,558,True,nan
977,187665.4,5.449674988528001,30,2.4805658786284503,1.8779917155862162,2,False,True,0,6,False,False,25,0,False,False,False,nan,nan,nan,559,True,nan
978,187665.6,5.259769483665073,30,2.2178295833224704,1.7388510283590233,1,False,True,0,6,False,False,25,0,True,True,False,nan,nan,nan,560,True,5.259769483665073
979,187665.8,5.357844705764265,30,2.214695412906084,1.7380789443371236,5,True,True,0,6,False,False,25,0,True,True,False,nan,nan,nan,561,True,5.357844705764265
980,187666.0,5.429500896932966,31,2.248593971269272,1.7701697694337362,2,False,True,0,6,False,False,25,0,False,False,False,nan,nan,nan,562,True,nan
981,187666.2,5.274612451241627,31,2.0195430523298903,1.6086361060046723,4,True,True,0,6,False,False,25,0,True,True,False,nan,nan,nan,563,True,5.274612451241627
982,187666.4,5.196093161497457,32,2.099038422670431,1.649315347307825,2,False,True,0,6,False,False,25,0,False,False,False,nan,nan,nan,564,True,nan
983,187666.6,5.047960710192074,32,2.1868960471500403,1.742341078936702,2,False,True,0,6,False,False,25,0,False,False,False,nan,nan,nan,565,True,nan
984,187666.8,4.883787774226494,33,1.9429678877951169,1.5696898234360228,2,False,True,0,6,False,False,25,0,False,False,False,nan,nan,nan,566,True,nan
985,187667.0,4.37576680337356,35,7.72352565642213,2.687166468307858,1,False,True,0,6,False,False,25,0,True,True,False,nan,nan,nan,567,True,4.37576680337356
986,187667.2,4.476080784368309,35,7.905513592689599,2.834988420518886,3,False,True,0,6,False,False,25,0,False,False,False,nan,nan,nan,568,True,nan
987,187667.4,9.44694584348602,35,7.61358296392709,2.7952947197085374,2,False,True,0,0,True,False,25,0,False,False,False,nan,nan,nan,0,True,nan
988,187667.6,7.1983698229338176,36,6.687650646564447,2.796592995636195,1,False,True,0,6,False,False,25,0,True,True,False,nan,nan,nan,1,True,7.1983698229338176
989,187667.8,7.259003733209695,36,6.2894994879767046,2.7368748670027663,1,False,True,0,6,False,False,25,0,False,False,False,nan,nan,nan,2,True,nan
990,187668.0,7.029471361521367,34,2.629730060846476,1.836976552707395,2,False,True,0,6,False,False,25,0,False,False,False,nan,nan,nan,3,True,nan
991,187668.2,6.917050241006309,34,2.3776046399027146,1.6780166642016758,2,False,True,0,6,False,False,26,0,False,False,False,nan,nan,nan,4,True,nan
992,187668.4,6.508351047757425,34,2.2134285756425265,1.6136763333050377,2,False,True,0,6,False,False,27,0,False,False,False,nan,nan,nan,5,True,nan
993,187668.6,6.271234874025925,34,2.0958301361465375,1.567675006553265,1,False,True,0,6,False,False,28,0,True,True,False,nan,nan,nan,6,True,6.271234874025925
994,187668.8,6.349581637122029,34,2.1192926072983624,1.5815756648164687,5,True,True,0,6,False,False,29,0,False,False,False,nan,nan,nan,7,True,nan
995,187669.0,6.155809121572794,35,2.0464934439900277,1.5460174745952342,2,False,True,0,6,False,False,30,0,False,False,False,nan,nan,nan,8,True,nan
996,187669.2,6.176816174442662,35,2.030564720019702,1.548033711063126,2,False,True,0,6,False,False,30,0,False,False,False,nan,nan,nan,9,True,nan
997,187669.4,5.765408929732567,35,1.8409566721755086,1.4938694317611734,2,False,True,0,6,False,False,30,0,False,False,False,nan,nan,nan,10,True,nan
998,187669.6,5.509888726107979,35,1.701613882503895,1.429717481833605,3,False,True,0,6,False,False,30,0,False,False,False,nan,nan,nan,11,True,nan
999,187669.8,5.319634578254796,35,1.5687816026266717,1.3679901588088679,3,True,True,0,6,False,False,30,0,False,False,False,nan,nan,nan,12,True,nan
1000,187670.0,5.1205527287118375,35,1.575447231272999,1.3725810172469317,2,True,True,0,6,False,False,30,0,False,False,False,nan,nan,nan,13,True,nan
1001,187670.2,4.954973328110151,35,1.387514545582972,1.2855091902316922,4,True,True,0,6,False,False,30,0,False,False,False,nan,nan,nan,14,True,nan
1002,187670.4,4.735755376149173,35,1.2274185906027721,1.1654966362489847,3,False,True,0,6,False,False,30,0,False,False,False,nan,nan,nan,15,True,nan
1003,187670.6,4.5165455100941765,34,1.0072271703013909,0.9395664426959922,3,True,True,0,6,False,False,29,0,False,False,False,nan,nan,nan,16,True,nan
1004,187670.8,4.316492146363365,34,1.1710799762177004,1.1338430712090486,3,False,True,0,6,False,False,29,0,False,False,False,nan,nan,nan,17,True,nan
1005,187671.0,4.1148748081651805,34,1.1251181218650972,1.0995983090291575,3,True,True,0,6,False,False,29,0,False,False,False,nan,nan,nan,18,True,nan
1006,187671.2,3.8868550382430667,34,1.0286945535040442,1.012513261473916,3,False,True,0,6,False,False,28,0,False,False,False,nan,nan,nan,19,True,nan
1007,187671.4,3.6566562746404805,34,0.9777758440991212,0.9730690218498892,3,False,True,0,6,False,False,27,0,False,False,False,nan,nan,nan,20,True,nan
1008,187671.6,3.418442634971206,35,0.9090070664156042,0.9090070664156042,4,True,True,0,6,False,False,27,0,False,False,False,nan,nan,nan,21,True,nan
1009,187671.8,3.2041402832512316,35,0.9076272858325074,0.9076272858325074,4,True,True,0,6,False,False,26,0,False,False,False,nan,nan,nan,22,True,nan
1010,187672.0,2.9325950186368135,35,0.8880449415170184,0.8880449415170184,1,False,True,0,6,False,False,25,0,True,True,False,nan,nan,nan,23,True,2.9325950186368135
1011,187672.2,2.833427963065352,35,0.7518969147113614,0.7518969147113614,2,False,True,0,6,False,False,26,0,False,False,False,nan,nan,nan,24,True,nan
1012,187672.4,2.868067640732401,35,0.7322625158601489,0.7322625158601489,2,False,True,0,6,False,False,26,0,False,False,False,nan,nan,nan,25,True,nan
1013,187672.6,2.7366231764757605,34,0.7496462567962762,0.7496462567962762,2,False,True,0,6,False,False,26,0,False,False,False,nan,nan,nan,26,True,nan
1014,187672.8,2.1773677990257854,33,0.5454330367973211,0.5454330367973211,1,False,True,0,6,False,False,26,0,True,True,False,nan,nan,nan,27,True,2.1773677990257854
1015,187673.0,2.2067828668013942,32,0.5493694816592308,0.5493694816592308,2,False,True,0,6,False,False,26,0,False,False,False,nan,nan,nan,28,True,nan
1016,187673.2,1.9101468286234036,31,0.5074692699138706,0.5074692699138706,2,False,True,0,6,False,False,25,0,False,False,False,nan,nan,nan,29,True,nan
1017,187673.4,1.8206540828404727,31,1.0528163460192494,0.9213845389452531,2,False,True,0,6,False,False,25,0,False,False,False,nan,nan,nan,30,True,nan
1018,187673.6,1.8330408195420784,32,1.089258673908381,0.9571946799569767,8,True,True,0,6,False,False,25,0,True,True,False,nan,nan,nan,31,True,1.8330408195420784
1019,187673.8,1.591777849683659,33,1.3900540857635666,1.0028875990797275,1,False,True,0,6,False,False,25,0,True,True,False,nan,nan,nan,32,True,1.591777849683659
1020,187674.0,1.5281843921023428,34,1.3477903700257305,0.9801549914989183,1,False,True,0,6,False,False,25,0,True,True,False,nan,nan,nan,33,True,1.5281843921023428
1021,187674.2,1.4957660350777326,35,1.265835770298239,0.9421087233192834,2,False,True,0,6,False,False,25,0,False,False,False,nan,nan,nan,34,True,nan
1022,187674.4,1.3470947722082345,35,1.2083347401907019,0.936548167717061,2,False,True,0,6,False,False,26,0,True,True,False,nan,nan,nan,35,True,1.3470947722082345
1023,187674.6,1.4177248556797597,35,1.1687657839999461,0.9572443315633516,2,False,True,0,6,False,False,28,0,False,False,False,nan,nan,nan,36,True,nan
1024,187674.8,1.619419146907484,34,1.2329390845826655,1.0509149630686707,2,False,True,0,6,False,False,29,0,False,False,False,nan,nan,nan,37,True,nan
1025,187675.0,1.8251002906450804,33,1.304483401268032,1.1318102631369593,6,True,True,0,6,False,False,30,0,True,True,False,nan,nan,nan,38,True,1.8251002906450804
1026,187675.2,1.8411385712659938,32,1.2384767693382288,1.1195752913218084,2,False,True,0,6,False,False,31,0,False,False,False,nan,nan,nan,39,True,nan
1027,187675.4,1.448131515157944,31,0.9987069956052825,0.9462369357860422,2,False,True,0,6,False,False,31,0,False,False,False,nan,nan,nan,40,True,nan
1028,187675.6,1.1364286149978458,30,0.7852519216033234,0.7852519216033234,4,True,True,0,6,False,False,30,0,True,True,False,nan,nan,nan,41,True,1.1364286149978458
1029,187675.8,0.998949588582283,30,0.6874084997576491,0.6874084997576491,2,False,True,0,6,False,False,30,0,False,False,False,nan,nan,nan,42,True,nan
1030,187676.0,0.8087741907705872,29,0.5750231493478765,0.5750231493478765,4,False,True,0,6,False,False,29,0,True,True,False,nan,nan,nan,43,True,0.8087741907705872
1031,187676.2,0.6983861755748958,28,0.6527666128324898,0.6527666128324898,2,False,True,0,6,False,False,28,0,True,True,False,nan,nan,nan,44,True,0.6983861755748958
1032,187676.4,0.839377402137218,26,0.7650448854928332,0.7650448854928332,2,False,True,0,6,False,False,26,0,False,False,False,nan,nan,nan,45,True,nan
1033,187676.6,0.7488913381862294,26,1.3321085548378362,1.1021164579538547,1,False,True,0,6,False,False,24,0,True,True,False,nan,nan,nan,46,True,0.7488913381862294
1034,187676.8,0.8971615742435879,26,1.7330811844583938,1.3166048842790468,3,False,True,0,6,False,False,22,0,False,False,False,nan,nan,nan,47,True,nan
1035,187677.0,0.7547560016645654,27,1.5695428669096652,1.233933411584673,2,False,True,0,6,False,False,21,0,False,False,False,nan,nan,nan,48,True,nan
1036,187677.2,0.6740342013704187,28,1.4417690128813163,1.250894121877654,1,False,True,0,6,False,False,20,0,True,True,False,nan,nan,nan,49,True,0.6740342013704187
1037,187677.4,0.6546461912377224,30,1.3622770482649935,1.2014950137861347,1,False,True,0,6,False,False,20,0,True,True,False,nan,nan,nan,50,True,0.6546461912377224
1038,187677.6,0.7688376868050459,31,1.7644731597775687,1.3804253449951362,1,False,True,0,6,False,False,20,0,True,True,False,nan,nan,nan,51,True,0.7688376868050459
1039,187677.8,0.7868972945201431,31,1.6950402677680472,1.362621365583813,2,False,True,0,6,False,False,19,0,False,False,False,nan,nan,nan,52,True,nan
1040,187678.0,1.0286805741354792,31,1.539304846789184,1.1588839232787298,1,False,True,0,6,False,False,18,0,True,True,False,nan,nan,nan,53,True,1.0286805741354792
1041,187678.2,1.065402397515722,31,1.305142030107846,1.0059080293418659,2,False,True,0,6,False,False,17,0,False,False,False,nan,nan,nan,54,True,nan
1042,187678.4,1.48203125033586,31,1.2924966575655286,0.9525710282818151,4,True,True,0,6,False,False,16,0,True,True,False,nan,nan,nan,55,True,1.48203125033586
1043,187678.6,1.7332795698440149,28,0.4742454365354992,0.4742454365354992,2,False,True,0,6,False,False,15,0,True,True,False,nan,nan,nan,56,True,1.7332795698440149
1044,187678.8,1.75610196340253,27,0.5261516460464862,0.5261516460464862,2,False,True,0,6,False,False,15,0,False,False,False,nan,nan,nan,57,True,nan
1045,187679.0,1.93530578438939,27,1.7680865311337115,1.2179229005054923,2,False,True,0,6,False,False,15,0,False,False,False,nan,nan,nan,58,True,nan
1046,187679.2,2.2675881888399836,26,1.0285632616856737,1.0285632616856737,4,True,True,0,6,False,False,15,0,True,True,False,nan,nan,nan,59,True,2.2675881888399836
1047,187679.4,2.520287162352747,25,1.11406165376329,1.11406165376329,1,False,True,0,6,False,False,15,0,True,True,False,nan,nan,nan,60,True,2.520287162352747
1048,187679.6,2.6099862446495123,26,1.1741722785536717,1.1741722785536717,1,False,True,0,6,False,False,15,0,True,True,False,nan,nan,nan,61,True,2.6099862446495123
1049,187679.8,2.7616995667351096,26,1.3498093079201097,1.3101834591668613,2,False,True,0,6,False,False,15,0,True,True,False,nan,nan,nan,62,True,2.7616995667351096
1050,187680.0,2.9763652497734325,25,1.5935259604384393,1.456253623019028,2,False,True,0,6,False,False,15,0,True,True,False,nan,nan,nan,63,True,2.9763652497734325
1051,187680.2,3.470879319904829,25,1.7252633316727477,1.5728642859247641,2,False,True,0,6,False,False,15,0,False,False,False,nan,nan,nan,64,True,nan
1052,187680.4,4.1062900436660605,26,1.8477091118843514,1.5944716374096974,2,False,True,0,6,False,False,16,0,True,True,False,nan,nan,nan,65,True,4.1062900436660605
1053,187680.6,4.0766896115419105,27,1.9828409950293966,1.635379803580602,2,False,True,0,6,False,False,17,0,False,False,False,nan,nan,nan,66,True,nan
1054,187680.8,4.132850134964936,28,2.183068616007614,1.7021972619700432,2,False,True,0,6,False,False,18,0,False,False,False,nan,nan,nan,67,True,nan
1055,187681.0,4.234607005586636,29,2.283765764281142,1.782886529456406,1,False,True,0,6,False,False,19,0,True,True,False,nan,nan,nan,68,True,4.234607005586636
1056,187681.2,4.292138006925322,30,2.474899807400911,1.804242462309624,2,True,True,0,6,False,False,20,0,True,True,False,nan,nan,nan,69,True,4.292138006925322
1057,187681.4,4.470308758509169,30,2.5435181445449357,1.836422367849346,2,False,True,0,6,False,False,20,0,False,False,False,nan,nan,nan,70,True,nan
1058,187681.6,4.404453881000275,30,2.492660420922513,1.7741268077733656,2,False,True,0,6,False,False,20,0,True,True,False,nan,nan,nan,71,True,4.404453881000275
1059,187681.8,4.253014044454841,30,2.5169413827922558,1.7646961749833174,3,True,True,0,6,False,False,20,0,True,True,False,nan,nan,nan,72,True,4.253014044454841
1060,187682.0,4.324929579634947,30,2.587653648106172,1.7999530883638675,1,False,True,0,6,False,False,19,0,True,True,False,nan,nan,nan,73,True,4.324929579634947
1061,187682.2,4.407142799735736,30,2.6955991257977363,1.8664612149744744,1,False,True,0,6,False,False,18,0,True,True,False,nan,nan,nan,74,True,4.407142799735736
1062,187682.4,4.019934540307261,31,12.835066595410648,3.5310300108273296,1,False,True,0,6,False,False,17,0,True,True,False,nan,nan,nan,75,True,4.019934540307261
1063,187682.6,3.987287141171609,32,11.947275719309046,3.4507561077862094,2,False,True,0,6,False,False,16,0,False,False,False,nan,nan,nan,76,True,nan
1064,187682.8,15.46400970871219,33,11.320395292014132,3.3827256821411016,2,False,True,0,0,True,False,15,0,False,False,False,nan,nan,nan,0,True,nan
1065,187683.0,14.413409940277035,34,5.881269374980011,2.977963261524496,1,False,True,0,6,False,False,15,0,True,True,False,nan,nan,nan,1,True,14.413409940277035
1066,187683.2,14.244184596050951,35,5.546886105117541,2.889692696296646,1,False,True,0,6,False,False,15,0,True,True,False,nan,nan,nan,2,True,14.244184596050951
1067,187683.4,14.255858930222407,36,5.226779949588207,2.755907930262974,2,True,True,0,6,False,False,16,0,False,False,False,nan,nan,nan,3,True,nan
1068,187683.6,13.880037581010713,36,4.078760855030126,2.378612845913336,1,False,True,0,6,False,False,17,0,True,True,False,nan,nan,nan,4,True,13.880037581010713
1069,187683.8,13.894338870630204,36,4.15873920887017,2.3890983002858133,3,False,True,0,6,False,False,18,0,True,True,False,nan,nan,nan,5,True,13.894338870630204
1070,187684.0,13.880318699118467,36,4.259399251903899,2.393270962050338,1,False,True,0,6,False,False,19,0,True,True,False,nan,nan,nan,6,True,13.880318699118467
1071,187684.2,13.905655285938655,36,4.375879676815477,2.3984228479329044,2,False,True,0,6,False,False,20,0,False,False,False,nan,nan,nan,7,True,nan
1072,187684.4,13.593274685309488,35,4.356134574067218,2.394718304862976,1,False,True,0,6,False,False,20,0,True,True,False,nan,nan,nan,8,True,13.593274685309488
1073,187684.6,13.609959309206621,35,4.391762234154915,2.38677272515497,1,False,True,0,6,False,False,19,0,True,True,False,nan,nan,nan,9,True,13.609959309206621
1074,187684.8,13.31521731583438,35,4.229382897605403,2.330874820908781,1,False,True,0,6,False,False,19,0,True,True,False,nan,nan,nan,10,True,13.31521731583438
1075,187685.0,13.296615738096204,35,4.2849054597677405,2.316370015112839,2,False,True,0,6,False,False,19,0,False,False,False,nan,nan,nan,11,True,nan
1076,187685.2,12.6429619876868,35,4.095260919849532,2.2529925165906524,1,False,True,0,6,False,False,19,0,True,True,False,nan,nan,nan,12,True,12.6429619876868
1077,187685.4,12.142761059447306,35,4.020504319966087,2.2241616560033437,2,False,True,0,6,False,False,19,0,True,True,False,nan,nan,nan,13,True,12.142761059447306
1078,187685.6,12.079562696056641,35,3.990539209354788,2.1993231045219512,2,False,True,0,6,False,False,20,0,False,False,False,nan,nan,nan,14,True,nan
1079,187685.8,11.54444342494103,35,3.892439398882725,2.1470029265293706,4,True,True,0,6,False,False,20,0,True,True,False,nan,nan,nan,15,True,11.54444342494103
1080,187686.0,11.187565569592788,35,3.8010877013791773,2.1270205548570673,2,False,True,0,6,False,False,21,0,False,False,False,nan,nan,nan,16,True,nan
1081,187686.2,11.121722929121484,35,3.7115597328533374,2.072042317777427,1,False,True,0,6,False,False,22,0,True,True,False,nan,nan,nan,17,True,11.121722929121484
1082,187686.4,10.635415468893955,35,3.5184553403385648,2.0006310195904926,2,False,True,0,6,False,False,23,0,False,False,False,nan,nan,nan,18,True,nan
1083,187686.6,10.175391936017752,35,3.310835510373718,1.9293001785965924,2,False,True,0,6,False,False,24,0,False,False,False,nan,nan,nan,19,True,nan
1084,187686.8,10.06096262308721,35,3.2797525995364865,1.9295561217581032,2,False,True,0,6,False,False,27,0,False,False,False,nan,nan,nan,20,True,nan
1085,187687.0,9.791403808064407,35,3.2333348942803473,1.9581052856840093,2,False,True,0,6,False,False,29,0,False,False,False,nan,nan,nan,21,True,nan
1086,187687.2,9.499831852328587,35,3.15364622464362,1.9348594295674009,4,False,True,0,6,False,False,31,0,False,False,False,nan,nan,nan,22,True,nan
1087,187687.4,9.141550181344957,35,2.9593596390222636,1.8479133372747791,3,False,True,0,6,False,False,33,0,False,False,False,nan,nan,nan,23,True,nan
1088,187687.6,8.841900055857677,35,2.8897694716896463,1.8072227500618538,3,False,True,0,6,False,False,35,0,False,False,False,nan,nan,nan,24,True,nan
1089,187687.8,8.540647041051152,35,2.754413899047468,1.752109294654186,3,True,True,0,6,False,False,35,0,False,False,False,nan,nan,nan,25,True,nan
1090,187688.0,8.299737721567404,35,2.610213831096514,1.6983847861773143,3,True,True,0,6,False,False,35,0,False,False,False,nan,nan,nan,26,True,nan
1091,187688.2,8.079141657886717,35,2.526431175147061,1.6592665588641904,3,False,True,0,6,False,False,35,0,False,False,False,nan,nan,nan,27,True,nan
1092,187688.4,7.869808558417317,35,2.498183485451389,1.6421716049557025,2,False,True,0,6,False,False,35,0,False,False,False,nan,nan,nan,28,True,nan
1093,187688.6,7.6606131413355865,35,2.381423382386702,1.6043352528577592,2,False,True,0,6,False,False,35,0,False,False,False,nan,nan,nan,29,True,nan
1094,187688.8,7.44985567241308,35,2.188376914147867,1.5067096471097572,2,False,True,0,6,False,False,35,0,False,False,False,nan,nan,nan,30,True,nan
1095,187689.0,7.238423287777683,35,2.046683649776517,1.4581051504105815,3,True,True,0,6,False,False,35,0,False,False,False,nan,nan,nan,31,True,nan
1096,187689.2,7.027828545725944,35,2.009551855143045,1.4318955683574353,3,True,True,0,6,False,False,35,0,False,False,False,nan,nan,nan,32,True,nan
1097,187689.4,6.823408924069342,35,2.037297724599955,1.4340526561754818,3,True,True,0,6,False,False,35,0,False,False,False,nan,nan,nan,33,True,nan
1098,187689.6,6.640069184761049,35,2.0281847963308235,1.4012835812974258,2,False,True,0,6,False,False,35,0,False,False,False,nan,nan,nan,34,True,nan
1099,187689.8,6.439371947295721,35,2.0169160454091757,1.410567367539198,2,False,True,0,6,False,False,35,0,False,False,False,nan,nan,nan,35,True,nan
1100,187690.0,6.222341440531162,36,2.4786299937389784,1.6984494713856735,2,False,True,0,6,False,False,36,0,False,False,False,nan,nan,nan,36,True,nan
1101,187690.2,6.021938897226356,37,2.358798225729099,1.6377581990039949,2,False,True,0,6,False,False,37,0,False,False,False,nan,nan,nan,37,True,nan
1102,187690.4,5.762403698612239,38,2.3284211026365425,1.6264815157323151,3,False,True,0,6,False,False,38,0,False,False,False,nan,nan,nan,38,True,nan
1103,187690.6,5.5115297318157594,39,2.2185860110815825,1.5763350972737986,3,False,True,0,6,False,False,39,0,False,False,False,nan,nan,nan,39,True,nan
1104,187690.8,5.260977496348277,40,2.1160864321714334,1.5931729454091959,3,False,True,0,6,False,False,40,0,False,False,False,nan,nan,nan,40,True,nan
1105,187691.0,5.030712393860513,40,1.919592272357802,1.5148112420215427,3,False,True,0,6,False,False,40,0,False,False,False,nan,nan,nan,41,True,nan
1106,187691.2,4.813002831637201,40,1.8228573104021053,1.4577901598969338,3,False,True,0,6,False,False,40,0,False,False,False,nan,nan,nan,42,True,nan
1107,187691.4,4.613109071561739,40,1.6743383423085114,1.3844036144866636,4,True,True,0,6,False,False,40,0,False,False,False,nan,nan,nan,43,True,nan
1108,187691.6,4.416981457728822,40,1.6854294270854002,1.3721237561183637,4,False,True,0,6,False,False,40,0,False,False,False,nan,nan,nan,44,True,nan
1109,187691.8,4.2281858481834735,40,1.6147014274931626,1.340202049667605,5,True,True,0,6,False,False,40,0,False,False,False,nan,nan,nan,45,True,nan
1110,187692.0,4.060404205469812,40,1.4379131008522463,1.2384189189242414,3,True,True,0,6,False,False,40,0,False,False,False,nan,nan,nan,46,True,nan
1111,187692.2,3.900316547980895,40,1.5330020749529127,1.282835799209262,2,False,True,0,6,False,False,40,0,False,False,False,nan,nan,nan,47,True,nan
1112,187692.4,3.7375094719382878,40,1.5154487546161735,1.2670011287780933,2,False,True,0,6,False,False,40,0,False,False,False,nan,nan,nan,48,True,nan
1113,187692.6,3.573164729202796,40,1.3726404198828828,1.2073723868092499,5,False,True,0,6,False,False,40,0,False,False,False,nan,nan,nan,49,True,nan
1114,187692.8,3.380589734998857,40,1.3346400758555803,1.1824397569060303,3,False,True,0,6,False,False,40,0,False,False,False,nan,nan,nan,50,True,nan
1115,187693.0,3.141454698254933,40,1.2983912914029032,1.1744108073582544,3,False,True,0,6,False,False,40,0,False,False,False,nan,nan,nan,51,True,nan
1116,187693.2,2.944091963377231,40,1.0260128581137082,0.972974002536178,3,False,True,0,6,False,False,40,0,False,False,False,nan,nan,nan,52,True,nan
1117,187693.4,2.7717090486994493,40,0.793144935235329,0.793144935235329,3,False,True,0,6,False,False,40,0,False,False,False,nan,nan,nan,53,True,nan
1118,187693.6,2.6386797290114683,40,0.7161878686605595,0.7161878686605595,3,False,True,0,6,False,False,40,0,False,False,False,nan,nan,nan,54,True,nan
1119,187693.8,2.5268909494429797,40,0.5971134262170666,0.5971134262170666,4,True,True,0,6,False,False,40,0,False,False,False,nan,nan,nan,55,True,nan
1120,187694.0,2.4349433657593855,40,0.5418284320120113,0.5418284320120113,4,True,True,0,6,False,False,40,0,False,False,False,nan,nan,nan,56,True,nan
1121,187694.2,2.377966980225115,40,0.4576883643350043,0.4576883643350043,4,True,True,0,6,False,False,40,0,False,False,False,nan,nan,nan,57,True,nan
1122,187694.4,2.320605203634309,40,0.5238812233804251,0.5238812233804251,4,True,True,0,6,False,False,40,0,False,False,False,nan,nan,nan,58,True,nan
1123,187694.6,2.2478589670487588,40,0.4481846338228748,0.4481846338228748,4,True,True,0,6,False,False,40,0,False,False,False,nan,nan,nan,59,True,nan
1124,187694.8,2.1834847959767747,40,0.3732318136322466,0.3732318136322466,4,True,True,0,6,False,False,40,0,False,False,False,nan,nan,nan,60,True,nan
1125,187695.0,2.1235419706896317,40,0.30916828861702345,0.30916828861702345,4,True,True,0,6,False,False,40,0,False,False,False,nan,nan,nan,61,True,nan
1126,187695.2,2.0621968694574795,40,0.3279610961350389,0.3279610961350389,4,True,True,0,6,False,False,40,0,False,False,False,nan,nan,nan,62,True,nan
1127,187695.4,2.011477443220459,40,0.32642917060489884,0.32642917060489884,4,True,True,0,6,False,False,40,0,False,False,False,nan,nan,nan,63,True,nan
1128,187695.6,1.9795386663772447,40,0.2978505782375041,0.2978505782375041,4,True,True,0,6,False,False,40,0,False,False,False,nan,nan,nan,64,True,nan
1129,187695.8,1.9392775716851338,40,0.2967090433073359,0.2967090433073359,4,True,True,0,6,False,False,40,0,False,False,False,nan,nan,nan,65,True,nan
1130,187696.0,1.8992752837222728,40,0.36520383558843633,0.36520383558843633,4,True,True,0,6,False,False,40,0,False,False,False,nan,nan,nan,66,True,nan
1131,187696.2,1.8675194128459043,40,0.4724298270846575,0.4724298270846575,4,True,True,0,6,False,False,40,0,False,False,False,nan,nan,nan,67,True,nan
1132,187696.4,1.8279808188686288,40,0.5262445540875448,0.5262445540875448,4,True,True,0,6,False,False,40,0,False,False,False,nan,nan,nan,68,True,nan
1133,187696.6,1.7793843010433374,40,0.46833440730012105,0.46833440730012105,4,True,True,0,6,False,False,40,0,False,False,False,nan,nan,nan,69,True,nan
1134,187696.8,1.7266566444974232,40,0.40046437419933806,0.40046437419933806,4,True,True,0,6,False,False,40,0,False,False,False,nan,nan,nan,70,True,nan
1135,187697.0,1.675519575816466,40,0.4131291501958937,0.4131291501958937,4,True,True,0,6,False,False,40,0,False,False,False,nan,nan,nan,71,True,nan
1136,187697.2,1.6116508652399795,40,0.5898703603760082,0.5898703603760082,4,True,True,0,6,False,False,40,0,False,False,False,nan,nan,nan,72,True,nan
1137,187697.4,1.5651785498706552,40,0.6107108401277237,0.6107108401277237,4,True,True,0,6,False,False,40,0,False,False,False,nan,nan,nan,73,True,nan
1138,187697.6,1.5167553192993017,40,0.5299148414011747,0.5299148414011747,4,True,True,0,6,False,False,40,0,False,False,False,nan,nan,nan,74,True,nan
1139,187697.8,1.4757306496543052,40,0.5746773433550414,0.5746773433550414,4,True,True,0,6,False,False,40,0,False,False,False,nan,nan,nan,75,True,nan
1140,187698.0,1.4272037271752622,40,0.5205664920239101,0.5205664920239101,4,True,True,0,6,False,False,40,0,False,False,False,nan,nan,nan,76,True,nan
1141,187698.2,1.4199469955703363,40,0.49503417673935646,0.49503417673935646,4,True,True,0,6,False,False,40,0,False,False,False,nan,nan,nan,77,True,nan
1142,187698.4,1.4167373437450788,40,0.5417336988721313,0.5417336988721313,4,True,True,0,6,False,False,40,0,False,False,False,nan,nan,nan,78,True,nan
1143,187698.6,1.3841726002640955,39,0.590504648733924,0.590504648733924,4,True,True,0,6,False,False,39,0,False,False,False,nan,nan,nan,79,True,nan
1144,187698.8,1.3616450241928009,38,0.5593538072237805,0.5593538072237805,4,True,True,0,6,False,False,38,0,False,False,False,nan,nan,nan,80,True,nan
1145,187699.0,1.3541834074982078,37,0.6183724502847641,0.6183724502847641,4,True,True,0,6,False,False,37,0,False,False,False,nan,nan,nan,81,True,nan
1146,187699.2,1.3432647643897777,36,0.5712722673848664,0.5712722673848664,4,True,True,0,6,False,False,36,0,False,False,False,nan,nan,nan,82,True,nan
1147,187699.4,1.319239293034309,35,0.52611410527616,0.52611410527616,4,True,True,0,6,False,False,35,0,False,False,False,nan,nan,nan,83,True,nan
1148,187699.6,1.3079538977643204,35,0.5119761195325485,0.5119761195325485,4,True,True,0,6,False,False,35,0,False,False,False,nan,nan,nan,84,True,nan
1149,187699.8,1.3018145739308702,35,0.5224128756205715,0.5224128756205715,4,True,True,0,6,False,False,35,0,False,False,False,nan,nan,nan,85,True,nan
1150,187700.0,1.3107847635063414,35,0.5011203559887504,0.5011203559887504,4,True,True,0,6,False,False,35,0,False,False,False,nan,nan,nan,86,True,nan
1151,187700.2,1.349775467127464,35,0.45282539235874836,0.45282539235874836,4,True,True,0,6,False,False,35,0,False,False,False,nan,nan,nan,87,True,nan
1152,187700.4,1.3744609108689338,35,0.42399250984959613,0.42399250984959613,4,True,True,0,6,False,False,35,0,False,False,False,nan,nan,nan,88,True,nan
1153,187700.6,1.416723151464931,35,0.4388366797364959,0.4388366797364959,1,False,True,0,6,False,False,35,0,True,True,False,nan,nan,nan,89,True,1.416723151464931
1154,187700.8,1.4960995990501158,35,0.4860017471557888,0.4860017471557888,2,False,True,0,6,False,False,35,0,False,False,False,nan,nan,nan,90,True,nan
1155,187701.0,1.5750547890992932,35,0.5035072509971091,0.5035072509971091,2,False,True,0,6,False,False,35,0,False,False,False,nan,nan,nan,91,True,nan
1156,187701.2,1.6194992107895976,35,0.518080746922804,0.518080746922804,2,False,True,0,6,False,False,35,0,False,False,False,nan,nan,nan,92,True,nan
1157,187701.4,1.7862110034914338,35,0.5042668467131003,0.5042668467131003,2,False,True,0,6,False,False,35,0,False,False,False,nan,nan,nan,93,True,nan
1158,187701.6,1.8217378574473957,34,0.5028335355084053,0.5028335355084053,4,True,True,0,6,False,False,34,0,False,False,False,nan,nan,nan,94,True,nan
1159,187701.8,1.843909414062991,34,0.3656454006057095,0.3656454006057095,3,True,True,0,6,False,False,33,0,False,False,False,nan,nan,nan,95,True,nan
1160,187702.0,1.8691183904308502,34,0.47154425359301266,0.47154425359301266,3,True,True,0,6,False,False,32,0,False,False,False,nan,nan,nan,96,True,nan
1161,187702.2,1.887732032169523,33,0.39675365422136416,0.39675365422136416,4,True,True,0,6,False,False,31,0,False,False,False,nan,nan,nan,97,True,nan
1162,187702.4,1.9153674744123679,33,0.9914030477061091,0.9588549154795492,3,True,True,0,6,False,False,30,0,False,False,False,nan,nan,nan,98,True,nan
1163,187702.6,1.9536138140148425,33,0.3443441015359745,0.3443441015359745,3,False,True,0,6,False,False,30,0,False,False,False,nan,nan,nan,99,True,nan
1164,187702.8,1.9892025052904407,32,0.3335521631287832,0.3335521631287832,3,False,True,0,6,False,False,30,0,False,False,False,nan,nan,nan,100,True,nan
1165,187703.0,2.035372101016,31,0.3335059334267697,0.3335059334267697,4,True,True,0,6,False,False,30,0,False,False,False,nan,nan,nan,101,True,nan
1166,187703.2,2.072545239033719,31,0.25241691202592453,0.25241691202592453,4,True,True,0,6,False,False,30,0,False,False,False,nan,nan,nan,102,True,nan
1167,187703.4,2.100124819269673,30,0.29089179222417977,0.29089179222417977,1,False,True,0,6,False,False,30,0,True,True,False,nan,nan,nan,103,True,2.100124819269673
1168,187703.6,2.1922651313349752,30,0.3835907020998484,0.3835907020998484,2,False,True,0,6,False,False,30,0,False,False,False,nan,nan,nan,104,True,nan
1169,187703.8,2.3747391975436267,30,0.41849183963770376,0.41849183963770376,2,False,True,0,6,False,False,30,0,False,False,False,nan,nan,nan,105,True,nan
1170,187704.0,2.567911390446634,31,6.298729957700257,2.0497327062659094,2,False,True,0,6,False,False,30,0,False,False,False,nan,nan,nan,106,True,nan
1171,187704.2,2.9847210575864453,31,0.5454319293269623,0.5454319293269623,2,False,True,0,6,False,False,30,0,False,False,False,nan,nan,nan,107,True,nan
1172,187704.4,3.0404426569886867,32,6.21357290798373,2.0781378528450736,3,True,True,0,6,False,False,30,0,False,False,False,nan,nan,nan,108,True,nan
1173,187704.6,3.121330771272803,33,6.226907024594725,2.0746819422918863,2,True,True,0,6,False,False,30,0,False,False,False,nan,nan,nan,109,True,nan
1174,187704.8,3.227225644909153,34,5.959712030901774,2.049836312588711,2,False,True,0,6,False,False,30,0,False,False,False,nan,nan,nan,110,True,nan
1175,187705.0,3.3323811788395328,34,5.549621101172392,2.0146672882996595,1,False,True,0,6,False,False,30,0,True,True,False,nan,nan,nan,111,True,3.3323811788395328
1176,187705.2,3.4532896279382865,35,5.0409316027441795,1.9457057086155456,3,True,True,0,6,False,False,30,0,False,False,False,nan,nan,nan,112,True,nan
1177,187705.4,3.399881899982353,35,4.774600681971633,1.9221827314715365,2,False,True,0,6,False,False,30,0,False,False,False,nan,nan,nan,113,True,nan
1178,187705.6,3.511421037655454,35,4.42127592310621,1.8579738881394898,2,False,True,0,6,False,False,30,0,False,False,False,nan,nan,nan,114,True,nan
1179,187705.8,3.5676493886862057,34,0.9096580500453428,0.9096580500453428,2,False,True,0,6,False,False,30,0,False,False,False,nan,nan,nan,115,True,nan
1180,187706.0,3.5949895575665183,33,0.9544803953209519,0.9544803953209519,4,True,True,0,6,False,False,30,0,False,False,False,nan,nan,nan,116,True,nan
1181,187706.2,3.6412800908193756,33,3.9785717933350795,1.81590333850214,4,True,True,0,6,False,False,30,0,False,False,False,nan,nan,nan,117,True,nan
1182,187706.4,3.706996253753044,33,4.068232491505649,1.7859105196616525,3,True,True,0,6,False,False,30,0,False,False,False,nan,nan,nan,118,True,nan
1183,187706.6,3.7235668210185424,32,0.7779568000257403,0.7779568000257403,1,False,True,0,6,False,False,30,0,True,True,False,nan,nan,nan,119,True,3.7235668210185424
1184,187706.8,3.857039836989119,33,4.443894307105986,1.853283450306101,2,True,True,0,6,False,False,30,0,False,False,False,nan,nan,nan,120,True,nan
1185,187707.0,3.93376274182273,34,4.454111993238892,1.8426387656558603,2,False,True,0,6,False,False,30,0,False,False,False,nan,nan,nan,121,True,nan
1186,187707.2,4.125343390450167,34,5.0633484534340205,1.9650152219080652,2,False,True,0,6,False,False,30,0,False,False,False,nan,nan,nan,122,True,nan
1187,187707.4,4.6243043070267085,34,5.324133619819681,2.037782011352976,2,False,True,0,6,False,False,30,0,False,False,False,nan,nan,nan,123,True,nan
1188,187707.6,4.719543286943468,34,0.977019629630702,0.977019629630702,2,True,True,0,6,False,False,30,0,False,False,False,nan,nan,nan,124,True,nan
1189,187707.8,4.759523070799956,33,1.0123042444409636,1.0123042444409636,2,True,True,0,6,False,False,30,0,False,False,False,nan,nan,nan,125,True,nan
1190,187708.0,4.734547305931538,32,1.039876499528304,1.039876499528304,4,True,True,0,6,False,False,30,0,False,False,False,nan,nan,nan,126,True,nan
1191,187708.2,4.705528607080643,30,1.0279488150820102,1.0279488150820102,4,True,True,0,6,False,False,29,0,False,False,False,nan,nan,nan,127,True,nan
1192,187708.4,4.63103349978419,29,0.9670265680558439,0.9670265680558439,4,True,True,0,6,False,False,28,0,False,False,False,nan,nan,nan,128,True,nan
1193,187708.6,4.549998542165301,29,0.9800412835603352,0.9800412835603352,1,False,True,0,6,False,False,27,0,True,True,False,nan,nan,nan,129,True,4.549998542165301
1194,187708.8,4.686500333578653,29,1.0147815387478203,1.0147815387478203,1,False,True,0,6,False,False,26,0,False,False,False,nan,nan,nan,130,True,nan
1195,187709.0,4.732356943764428,29,1.060781676760545,1.060781676760545,1,False,True,0,6,False,False,25,0,True,True,False,nan,nan,nan,131,True,4.732356943764428
1196,187709.2,4.87488734938918,31,7.1562085747760955,2.203425285795072,3,True,True,0,6,False,False,25,0,False,False,False,nan,nan,nan,132,True,nan
1197,187709.4,4.735751706100291,32,6.9579794248808975,2.1589948925489764,1,False,True,0,6,False,False,25,0,True,True,False,nan,nan,nan,133,True,4.735751706100291
1198,187709.6,22.7564297635563,32,7.070648956486893,2.316820423578318,1,False,True,0,0,True,False,25,0,False,False,False,nan,nan,nan,0,True,nan
1199,187709.8,22.703753766198105,32,2.4722426019583117,1.6771288968650828,9,True,True,0,6,False,False,25,0,False,False,False,nan,nan,nan,1,True,nan
1200,187710.0,22.74821039724435,33,5.601417864755492,2.396052347976651,5,True,True,0,6,False,False,25,0,False,False,False,nan,nan,nan,2,True,nan
1201,187710.2,22.842550393024073,32,2.5815060781976853,1.675694625965791,4,True,True,0,6,False,False,25,0,False,False,False,nan,nan,nan,3,True,nan
1202,187710.4,22.953701018370893,31,2.699384373359109,1.7696847523059291,4,True,True,0,6,False,False,26,0,False,False,False,nan,nan,nan,4,True,nan
1203,187710.6,22.934410244624903,33,19.028593544170572,4.319755306966093,3,True,True,0,6,False,False,27,0,False,False,False,nan,nan,nan,5,True,nan
1204,187710.8,19.980710928281916,35,17.262316302679935,4.181987649696203,9,True,True,0,6,False,False,28,0,False,False,False,nan,nan,nan,6,True,nan
1205,187711.0,18.2224715074028,35,16.680682111520618,4.521700715060951,11,True,True,0,0,True,False,29,0,False,False,False,nan,nan,nan,0,True,nan
1206,187711.2,16.59491665181566,35,12.129843837392654,4.447324312025079,2,True,True,0,6,False,False,29,0,True,True,False,nan,nan,nan,1,True,16.59491665181566
1207,187711.4,16.679953475043572,36,12.137149075128324,4.431642262946903,2,False,True,0,6,False,False,27,0,False,False,False,nan,nan,nan,2,True,nan
1208,187711.6,18.25104417880321,35,12.127155898830543,4.420493640932538,1,False,True,0,0,True,False,25,0,True,True,False,nan,nan,nan,0,True,18.25104417880321
1209,187711.8,16.96313142219971,35,11.272794285313156,3.8481319542981063,2,True,True,0,6,False,False,23,0,False,False,False,nan,nan,nan,1,True,nan
1210,187712.0,16.950047906703148,36,11.32123736183707,3.8421976276786602,2,False,True,0,6,False,False,22,0,False,False,False,nan,nan,nan,2,True,nan
1211,187712.2,18.272600066493627,38,11.411387926711221,3.8277970623637367,2,False,True,0,0,True,False,22,0,False,False,False,nan,nan,nan,0,True,nan
1212,187712.4,17.39402734189088,39,11.462685711018771,3.78762051436331,4,True,True,0,6,False,False,23,0,False,False,False,nan,nan,nan,1,True,nan
1213,187712.6,17.08192660771096,39,12.190253177823498,4.025772226902195,2,True,True,0,6,False,False,23,0,True,True,False,nan,nan,nan,2,True,17.08192660771096
1214,187712.8,20.92478647729917,38,12.14367851513412,4.35791026215292,2,True,True,0,0,True,False,24,0,False,False,False,nan,nan,nan,0,True,nan
1215,187713.0,19.774524566595257,36,8.029431604984518,3.628188313942958,8,True,True,0,6,False,False,24,0,False,False,False,nan,nan,nan,1,True,nan
1216,187713.2,19.579426965415028,35,12.523955495911563,4.188388378418237,3,False,True,0,6,False,False,24,0,False,False,False,nan,nan,nan,2,True,nan
1217,187713.4,19.472861664684615,34,12.638367661861846,4.199299644658952,1,False,True,0,0,True,False,24,0,True,True,False,nan,nan,nan,0,True,19.472861664684615
1218,187713.6,19.762710854255424,33,11.965456592267108,4.0820694598007,2,False,True,0,6,False,False,25,0,False,False,False,nan,nan,nan,1,True,nan
1219,187713.8,19.82612720343843,32,12.080173525418202,4.576320855779075,2,False,True,0,6,False,False,25,0,False,False,False,nan,nan,nan,2,True,nan
1220,187714.0,23.708644347303547,32,11.986239470893437,4.50527025414346,1,False,True,0,0,True,False,25,0,True,True,False,nan,nan,nan,0,True,23.708644347303547
1221,187714.2,15.81699445767708,32,14.0700786176016,4.054494504473663,3,False,True,0,6,False,False,25,0,False,False,False,nan,nan,nan,1,True,nan
1222,187714.4,14.815021642130496,32,14.352574216555295,4.116699083729918,1,False,True,0,6,False,False,25,0,True,True,False,nan,nan,nan,2,True,14.815021642130496
1223,187714.6,25.2477799291838,32,8.356953718659454,3.4741662849029513,2,False,True,0,0,True,False,25,0,False,False,False,nan,nan,nan,0,True,nan
1224,187714.8,24.435141734098686,33,20.3337668486161,4.2474138353218995,12,True,True,0,6,False,False,25,0,False,False,False,nan,nan,nan,1,True,nan
1225,187715.0,17.00496488970639,33,5.867006968133773,3.2397590024517964,8,True,True,0,6,False,False,25,0,False,False,False,nan,nan,nan,2,True,nan
1226,187715.2,16.400688722847665,33,16.88971251241546,4.087560244003894,3,False,True,0,6,False,False,25,0,False,False,False,nan,nan,nan,3,True,nan
1227,187715.4,13.668404739035314,33,15.676024323315215,4.15110345130564,2,False,True,0,6,False,False,25,0,True,True,False,nan,nan,nan,4,True,13.668404739035314
1228,187715.6,23.980252737643784,35,14.801974973901123,3.965151723634061,2,False,True,0,0,True,False,25,0,False,False,False,nan,nan,nan,0,True,nan
1229,187715.8,22.582422744641413,36,13.076573664019191,4.336516546217852,1,False,True,0,6,False,False,25,0,True,True,False,nan,nan,nan,1,True,22.582422744641413
1230,187716.0,22.63357035263131,38,13.186621944246902,4.3517832578182984,2,False,True,0,6,False,False,25,0,False,False,False,nan,nan,nan,2,True,nan
1231,187716.2,25.497448819070236,39,13.29839599470224,4.3499890150533504,2,False,True,0,0,True,False,25,0,False,False,False,nan,nan,nan,0,True,nan
1232,187716.4,24.477687676548307,40,13.069412160608092,4.345982274127001,1,False,True,0,6,False,False,26,0,True,True,False,nan,nan,nan,1,True,24.477687676548307
1233,187716.6,24.53000948926531,40,13.191118937670943,4.364956302573581,1,False,True,0,6,False,False,27,0,False,False,False,nan,nan,nan,2,True,nan
1234,187716.8,26.164247405078367,40,13.474580641926664,4.40445080967436,2,False,True,0,0,True,False,27,0,False,False,False,nan,nan,nan,0,True,nan
1235,187717.0,25.19554494050969,40,13.496377860850027,4.4268041014794415,7,True,True,0,6,False,False,27,0,False,False,False,nan,nan,nan,1,True,nan
1236,187717.2,25.00400589689368,40,13.587291552120025,4.440474129156107,2,True,True,0,6,False,False,27,0,False,False,False,nan,nan,nan,2,True,nan
1237,187717.4,27.73019835927166,39,14.428645881113317,4.956282506484458,1,False,True,0,0,True,False,26,0,True,True,False,nan,nan,nan,0,True,27.73019835927166
1238,187717.6,26.853184895191333,38,14.7824813316104,5.083257660808639,7,False,True,0,6,False,False,25,0,False,False,False,nan,nan,nan,1,True,nan
1239,187717.8,26.879318174163597,37,10.719106049844777,4.212883831414452,2,False,True,0,6,False,False,25,0,False,False,False,nan,nan,nan,2,True,nan
1240,187718.0,28.960909925463604,36,10.552688198724198,4.178637618208555,4,True,True,0,0,True,False,25,0,False,False,False,nan,nan,nan,0,True,nan
1241,187718.2,28.614470678625356,35,9.863783214654424,4.0309426800942605,1,False,True,0,6,False,False,25,0,True,True,False,nan,nan,nan,1,True,28.614470678625356
1242,187718.4,28.67376722552055,35,9.859123225183538,4.009118478938415,2,False,True,0,6,False,False,25,0,True,True,False,nan,nan,nan,2,True,28.67376722552055
1243,187718.6,28.65711816880141,35,9.61058921759691,3.945691925665391,1,False,True,0,0,True,False,25,0,True,True,False,nan,nan,nan,0,True,28.65711816880141
1244,187718.8,28.4723826928686,35,9.428116653498423,3.9249606663317476,2,False,True,0,6,False,False,25,0,False,False,False,nan,nan,nan,1,True,nan
1245,187719.0,28.497946048023206,35,9.386618505008704,3.9279789986105755,2,False,True,0,6,False,False,25,0,False,False,False,nan,nan,nan,2,True,nan
1246,187719.2,24.56559428361117,36,18.788362043424293,4.955984130342416,2,False,True,0,0,True,False,25,0,True,True,False,nan,nan,nan,0,True,24.56559428361117
1247,187719.4,23.051222525627388,36,9.254677566968834,3.9350717233376975,2,False,True,0,6,False,False,25,0,True,True,False,nan,nan,nan,1,True,23.051222525627388
1248,187719.6,23.09864605516571,36,16.90575267819087,5.157648917935558,1,False,True,0,6,False,False,25,0,True,True,False,nan,nan,nan,2,True,23.09864605516571
1249,187719.8,36.68503233034549,35,8.719912824051091,3.840643940908409,2,False,True,0,0,True,False,25,0,True,True,False,nan,nan,nan,0,True,36.68503233034549
1250,187720.0,33.50463101710325,34,5.051993188793923,2.8860532033326827,2,False,True,0,6,False,False,25,0,True,True,False,nan,nan,nan,1,True,33.50463101710325
1251,187720.2,33.49747661211575,33,10.212279440839069,3.811788462498067,2,False,True,0,6,False,False,25,0,False,False,False,nan,nan,nan,2,True,nan
1252,187720.4,33.66429279336135,33,9.985319540394274,3.792740053338101,1,False,True,0,6,False,False,25,0,True,True,False,nan,nan,nan,3,True,33.66429279336135
1253,187720.6,28.885754810456923,33,9.897672209563247,3.753791912047976,5,False,True,0,0,True,False,25,0,True,True,False,nan,nan,nan,0,True,28.885754810456923
1254,187720.8,29.518897798630032,34,8.836224767969394,3.7366493595010164,4,True,True,0,6,False,False,25,0,False,False,False,nan,nan,nan,1,True,nan
1255,187721.0,29.510090429795248,36,20.54846759860614,5.0057183827548375,2,False,True,0,6,False,False,25,0,False,False,False,nan,nan,nan,2,True,nan
1256,187721.2,25.159899927621627,36,20.840499506673478,4.962811909656799,2,False,True,0,0,True,False,25,0,False,False,False,nan,nan,nan,0,True,nan
1257,187721.4,24.114278920053636,37,15.489866431669101,4.55333871901353,9,True,True,0,6,False,False,25,0,False,False,False,nan,nan,nan,1,True,nan
1258,187721.6,24.9206100291412,37,10.09601195064895,3.8492468351477434,1,False,True,0,6,False,False,25,0,True,True,False,nan,nan,nan,2,True,24.9206100291412
1259,187721.8,32.21270333602749,37,10.022894623442305,3.773495538716363,5,False,True,0,0,True,False,25,0,False,False,False,nan,nan,nan,0,True,nan
1260,187722.0,31.69376354836847,36,7.948762244212697,3.5747389857985588,1,False,True,0,6,False,False,25,0,True,True,False,nan,nan,nan,1,True,31.69376354836847
1261,187722.2,31.727126533234443,36,7.929695698786369,3.572454048918533,1,False,True,0,6,False,False,25,0,False,False,False,nan,nan,nan,2,True,nan
1262,187722.4,30.78782092373192,35,7.901784200641789,3.27744547811462,2,False,True,0,0,True,False,26,0,False,False,False,nan,nan,nan,0,True,nan
1263,187722.6,30.627054726420166,35,7.932154777305585,3.268140586203951,4,False,True,0,6,False,False,27,0,False,False,False,nan,nan,nan,1,True,nan
1264,187722.8,30.494521380628793,35,7.7190592250429475,3.469358440512156,3,False,True,0,6,False,False,28,0,False,False,False,nan,nan,nan,2,True,nan
1265,187723.0,33.038470528260525,35,7.73449352495735,3.442830032175994,3,False,True,0,0,True,False,29,0,False,False,False,nan,nan,nan,0,True,nan
1266,187723.2,32.58011696591378,35,7.63712413437575,3.438683061117159,1,False,True,0,6,False,False,30,0,True,True,False,nan,nan,nan,1,True,32.58011696591378
1267,187723.4,32.60655023356854,35,7.478469339791111,3.416820534256798,1,False,True,0,6,False,False,30,0,True,True,False,nan,nan,nan,2,True,32.60655023356854
1268,187723.6,31.70418584460915,35,7.367762722549814,3.4102072450727294,2,False,True,0,0,True,False,30,0,False,False,False,nan,nan,nan,0,True,nan
1269,187723.8,31.56502171022448,35,7.323160585272932,3.4695433161309905,4,False,True,0,6,False,False,30,0,False,False,False,nan,nan,nan,1,True,nan
1270,187724.0,31.440608166285053,35,7.258515361044014,3.151458864271216,3,True,True,0,6,False,False,30,0,False,False,False,nan,nan,nan,2,True,nan
1271,187724.2,29.363185557134386,35,7.084727758568087,3.1188912377286835,3,False,True,0,0,True,False,30,0,False,False,False,nan,nan,nan,0,True,nan
1272,187724.4,29.09770223868425,35,7.074470447671108,3.10036123633098,4,False,True,0,6,False,False,30,0,False,False,False,nan,nan,nan,1,True,nan
1273,187724.6,28.906947429095997,35,7.092737473949388,3.1027865815534597,3,False,True,0,6,False,False,30,0,False,False,False,nan,nan,nan,2,True,nan
1274,187724.8,29.34581891662355,35,7.084567501991407,3.113823815551898,3,False,True,0,0,True,False,30,0,False,False,False,nan,nan,nan,0,True,nan
1275,187725.0,28.922291208018102,35,7.020586386333499,3.1102596138173335,3,True,True,0,6,False,False,30,0,False,False,False,nan,nan,nan,1,True,nan
1276,187725.2,28.705104935925224,35,6.972260049906594,3.083466421222217,3,False,True,0,6,False,False,30,0,False,False,False,nan,nan,nan,2,True,nan
1277,187725.4,29.41917419895502,35,6.9948445090671845,3.076489661338736,3,False,True,0,0,True,False,30,0,False,False,False,nan,nan,nan,0,True,nan
1278,187725.6,28.89110677595395,35,7.594604380396014,3.1833962328982013,3,False,True,0,6,False,False,30,0,False,False,False,nan,nan,nan,1,True,nan
1279,187725.8,28.675260053332483,35,7.617935420997339,3.180302361659156,3,False,True,0,6,False,False,30,0,False,False,False,nan,nan,nan,2,True,nan
1280,187726.0,28.270973343668775,35,7.486248655393897,3.150663258036048,3,True,True,0,0,True,False,30,0,False,False,False,nan,nan,nan,0,True,nan
1281,187726.2,27.642165766672388,35,7.399983154632732,3.157567261607173,6,False,True,0,6,False,False,30,0,False,False,False,nan,nan,nan,1,True,nan
1282,187726.4,27.415507287418308,35,7.335305631750724,3.125597632418879,3,False,True,0,6,False,False,30,0,False,False,False,nan,nan,nan,2,True,nan
1283,187726.6,27.623764247533966,35,7.244165367135029,3.1038882848307487,1,False,True,0,0,True,False,30,0,True,True,False,nan,nan,nan,0,True,27.623764247533966
1284,187726.8,27.249087023508554,35,7.085290648670373,3.114962001612546,2,False,True,0,6,False,False,30,0,False,False,False,nan,nan,nan,1,True,nan
1285,187727.0,27.264704234283865,35,7.0225830369723825,3.0989518195148587,2,True,True,0,6,False,False,30,0,False,False,False,nan,nan,nan,2,True,nan
1286,187727.2,27.52280970309419,35,6.974939359800215,3.087391399624895,2,False,True,0,0,True,False,30,0,False,False,False,nan,nan,nan,0,True,nan
1287,187727.4,27.00276847022522,35,7.01165618765441,3.067151054578381,4,False,True,0,6,False,False,30,0,False,False,False,nan,nan,nan,1,True,nan
1288,187727.6,26.771430587579598,35,6.986967772954355,3.043648499587283,4,False,True,0,6,False,False,30,0,False,False,False,nan,nan,nan,2,True,nan
1289,187727.8,27.159843363461132,35,6.993058968031897,3.06014911851795,1,False,True,0,0,True,False,30,0,True,True,False,nan,nan,nan,0,True,27.159843363461132
1290,187728.0,26.91353947558266,35,6.98534467878366,3.1038807901386267,2,False,True,0,6,False,False,30,0,False,False,False,nan,nan,nan,1,True,nan
1291,187728.2,26.934242643509695,35,6.9850885096930995,3.1124926530702672,2,True,True,0,6,False,False,30,0,False,False,False,nan,nan,nan,2,True,nan
1292,187728.4,26.724811747564644,35,6.939429904058953,3.102688146463208,2,False,True,0,0,True,False,30,0,False,False,False,nan,nan,nan,0,True,nan
1293,187728.6,26.395245158931196,35,6.974947092170849,3.097904441406154,3,False,True,0,6,False,False,30,0,False,False,False,nan,nan,nan,1,True,nan
1294,187728.8,26.20082219443532,35,7.066527681536033,3.375470562428554,3,False,True,0,6,False,False,30,0,False,False,False,nan,nan,nan,2,True,nan
1295,187729.0,29.849406661938477,35,7.133402458130986,3.350921749891835,3,False,True,0,0,True,False,30,0,False,False,False,nan,nan,nan,0,True,nan
1296,187729.2,29.460233904180495,35,7.028803204099493,3.4061616193874067,6,True,True,0,6,False,False,30,0,False,False,False,nan,nan,nan,1,True,nan
1297,187729.4,29.356555832901705,35,7.013984105362849,3.3711844131503184,4,False,True,0,6,False,False,30,0,False,False,False,nan,nan,nan,2,True,nan
1298,187729.6,29.386523429035403,35,6.962582609030008,3.3706796995146773,3,False,True,0,0,True,False,30,0,False,False,False,nan,nan,nan,0,True,nan
1299,187729.8,29.184457963574378,35,6.971737321506116,3.410389344091478,1,False,True,0,6,False,False,30,0,True,True,False,nan,nan,nan,1,True,29.184457963574378
1300,187730.0,29.239646065349636,35,6.848626034891432,3.336416444924006,1,False,True,0,6,False,False,30,0,True,True,False,nan,nan,nan,2,True,29.239646065349636
1301,187730.2,29.415474213905252,35,6.8332774931606695,3.3388817129490937,1,False,True,0,0,True,False,30,0,True,True,False,nan,nan,nan,0,True,29.415474213905252
1302,187730.4,28.899843568224384,35,6.781114686818739,3.3851394376596953,2,False,True,0,6,False,False,30,0,False,False,False,nan,nan,nan,1,True,nan
1303,187730.6,28.93991045022489,35,6.73217538524375,3.3905254735165484,2,False,True,0,6,False,False,30,0,False,False,False,nan,nan,nan,2,True,nan
1304,187730.8,29.35758550645617,35,6.641627840372244,3.2987701360727306,2,False,True,0,0,True,False,30,0,False,False,False,nan,nan,nan,0,True,nan
1305,187731.0,28.952620322862135,36,9.785854661340657,3.726967756960369,5,False,True,0,6,False,False,30,0,False,False,False,nan,nan,nan,1,True,nan
1306,187731.2,28.739790527872543,37,9.794193880717128,3.7153522068319957,3,False,True,0,6,False,False,29,0,False,False,False,nan,nan,nan,2,True,nan
1307,187731.4,27.56663631896204,37,6.289410232844065,2.939664131129115,3,False,True,0,0,True,False,28,0,False,False,False,nan,nan,nan,0,True,nan
1308,187731.6,26.975082526373072,37,6.284533311160012,2.9309980984444253,4,False,True,0,6,False,False,27,0,False,False,False,nan,nan,nan,1,True,nan
1309,187731.8,26.675380625397594,37,6.130472147656992,2.901491005154322,3,False,True,0,6,False,False,26,0,False,False,False,nan,nan,nan,2,True,nan
1310,187732.0,26.570582389494245,35,5.395194687482137,2.632555140112548,3,False,True,0,6,False,False,25,0,False,False,False,nan,nan,nan,3,True,nan
1311,187732.2,26.62518971698084,33,5.224872951933554,2.78276178868437,1,False,True,0,6,False,False,25,0,True,True,False,nan,nan,nan,4,True,26.62518971698084
1312,187732.4,26.71896021901122,32,5.011857910729631,2.733941300629692,2,False,True,0,6,False,False,25,0,False,False,False,nan,nan,nan,5,True,nan
1313,187732.6,26.94406403644695,32,6.654799849606717,3.2024110145356137,2,False,True,0,6,False,False,25,0,False,False,False,nan,nan,nan,6,True,nan
1314,187732.8,27.380008320261865,32,7.338495014312137,3.2938364577189043,2,False,True,0,6,False,False,25,0,False,False,False,nan,nan,nan,7,True,nan
1315,187733.0,22.764122409245154,33,7.125896389566597,2.8777006819079753,2,False,True,0,0,True,False,25,0,False,False,False,nan,nan,nan,0,True,nan
1316,187733.2,22.662932199859597,33,4.621697615905008,2.6522130264876678,6,True,True,0,6,False,False,25,0,False,False,False,nan,nan,nan,1,True,nan
1317,187733.4,22.62295991838149,32,3.993815893689588,2.451381241013118,3,False,True,0,6,False,False,25,0,False,False,False,nan,nan,nan,2,True,nan
1318,187733.6,22.57088525072129,30,3.8652401760615804,2.3675257237554836,1,False,True,0,6,False,False,25,0,True,True,False,nan,nan,nan,3,True,22.57088525072129
1319,187733.8,22.688162403519993,28,3.9094037604844116,2.394841459696167,2,False,True,0,6,False,False,25,0,False,False,False,nan,nan,nan,4,True,nan
1320,187734.0,22.948270660211243,26,3.96555367405363,2.4395777853745795,2,False,True,0,6,False,False,25,0,False,False,False,nan,nan,nan,5,True,nan
1321,187734.2,23.129668664020283,25,4.0137024220668245,2.525367569196172,1,False,True,0,6,False,False,25,0,True,True,False,nan,nan,nan,6,True,23.129668664020283
1322,187734.4,23.2669371606178,25,4.016369255408879,2.493361008209033,1,False,True,0,6,False,False,25,0,False,False,False,nan,nan,nan,7,True,nan
1323,187734.6,23.375322253176506,25,4.045869198921591,2.4673085578862968,2,False,True,0,6,False,False,25,0,False,False,False,nan,nan,nan,8,True,nan
1324,187734.8,23.50320651589891,25,4.086650051616583,2.467538287105209,3,True,True,0,6,False,False,25,0,False,False,False,nan,nan,nan,9,True,nan
1325,187735.0,23.445748150550006,25,4.132213358714617,2.4467721572489727,1,False,True,0,6,False,False,25,0,True,True,False,nan,nan,nan,10,True,23.445748150550006
1326,187735.2,23.594494804846708,25,4.162846782967381,2.4204480119645964,3,True,True,0,6,False,False,25,0,False,False,False,nan,nan,nan,11,True,nan
1327,187735.4,23.769774904253435,26,3.8021666070761824,2.2504548369259996,2,False,True,0,6,False,False,25,0,False,False,False,nan,nan,nan,12,True,nan
1328,187735.6,23.818434637229693,27,6.350124155723294,3.262390037753342,2,False,True,0,6,False,False,25,0,False,False,False,nan,nan,nan,13,True,nan
1329,187735.8,23.752365164582155,28,4.0032772454581425,2.4544759036226518,2,False,True,0,6,False,False,25,0,False,False,False,nan,nan,nan,14,True,nan
1330,187736.0,23.731940416770314,29,4.024892767924321,2.4739845881541025,2,False,True,0,6,False,False,25,0,False,False,False,nan,nan,nan,15,True,nan
1331,187736.2,23.784315706043323,30,3.8801332707603997,2.3675544867941785,2,False,True,0,6,False,False,25,0,False,False,False,nan,nan,nan,16,True,nan
1332,187736.4,23.844858943447672,31,7.00719469513572,3.101817658272718,1,False,True,0,6,False,False,25,0,True,True,False,nan,nan,nan,17,True,23.844858943447672
1333,187736.6,24.00216626036702,33,8.584511100721423,3.3876723536404985,2,False,True,0,6,False,False,25,0,False,False,False,nan,nan,nan,18,True,nan
1334,187736.8,17.32481878335348,35,8.711986307402581,3.438625271846319,2,False,True,0,0,True,False,25,0,False,False,False,nan,nan,nan,0,True,nan
1335,187737.0,16.53394153011228,36,6.026171680997218,3.1108132229865593,9,True,True,0,6,False,False,25,0,False,False,False,nan,nan,nan,1,True,nan
1336,187737.2,16.41437764609764,37,5.955305142021753,3.08688099033896,3,True,True,0,6,False,False,25,0,False,False,False,nan,nan,nan,2,True,nan
1337,187737.4,16.36060624478347,37,6.04407351268852,3.072011647194366,2,True,True,0,6,False,False,25,0,False,False,False,nan,nan,nan,3,True,nan
1338,187737.6,16.353111414895587,36,6.088955848517112,3.0705028112683266,2,True,True,0,6,False,False,25,0,False,False,False,nan,nan,nan,4,True,nan
1339,187737.8,22.223338239780933,35,6.2078503645133685,3.0622764259083337,1,False,True,0,0,True,False,25,0,True,True,False,nan,nan,nan,0,True,22.223338239780933
1340,187738.0,19.282834889522075,35,5.92116619646413,3.0782384635210773,2,False,True,0,6,False,False,25,0,True,True,False,nan,nan,nan,1,True,19.282834889522075
1341,187738.2,19.3436250681244,35,6.0236377049110095,3.1184982706870406,2,False,True,0,6,False,False,25,0,True,True,False,nan,nan,nan,2,True,19.3436250681244
1342,187738.4,19.499765159477292,35,6.049766838324174,3.142488312709597,1,False,True,0,6,False,False,25,0,True,True,False,nan,nan,nan,3,True,19.499765159477292
1343,187738.6,23.67582210662993,35,6.100554111135181,3.139026200292741,1,False,True,0,0,True,False,25,0,False,False,False,nan,nan,nan,0,True,nan
1344,187738.8,23.520411267848058,35,6.056503781299555,3.104622831663068,8,True,True,0,6,False,False,25,0,False,False,False,nan,nan,nan,1,True,nan
1345,187739.0,23.43097899907944,36,9.700205448852206,3.6368748744358284,3,True,True,0,6,False,False,26,0,False,False,False,nan,nan,nan,2,True,nan
1346,187739.2,24.32175671879982,36,6.20694397947185,2.87679315815858,3,False,True,0,0,True,False,27,0,False,False,False,nan,nan,nan,0,True,nan
1347,187739.4,23.952972959433712,36,6.438981708202594,2.9153764360651873,4,False,True,0,6,False,False,27,0,False,False,False,nan,nan,nan,1,True,nan
1348,187739.6,23.85491283914522,36,6.247735413964399,2.8504726828652753,3,False,True,0,6,False,False,27,0,False,False,False,nan,nan,nan,2,True,nan
1349,187739.8,23.60356412218528,36,6.108317056977987,2.819168842911406,1,False,True,0,0,True,False,27,0,True,True,False,nan,nan,nan,0,True,23.60356412218528
1350,187740.0,24.128804663131422,35,5.970625796850167,2.8020107974357313,2,False,True,0,6,False,False,26,0,False,False,False,nan,nan,nan,1,True,nan
1351,187740.2,24.45459172022913,35,6.074887816581129,2.809000613957683,2,False,True,0,6,False,False,25,0,False,False,False,nan,nan,nan,2,True,nan
1352,187740.4,24.713501844662243,34,6.671200038522745,2.905259371602918,2,False,True,0,6,False,False,25,0,False,False,False,nan,nan,nan,3,True,nan
1353,187740.6,5.9939060477108494,33,6.738873954774652,2.9130743216617976,1,False,True,0,0,True,False,25,0,True,True,False,nan,nan,nan,0,True,5.9939060477108494
1354,187740.8,9.476839635405746,33,8.559610185456167,2.8846062552131446,3,False,True,0,6,False,False,25,0,False,False,False,nan,nan,nan,1,True,nan
1355,187741.0,9.661672889694197,32,9.190808913568043,2.9723213596967635,2,False,True,0,6,False,False,25,0,False,False,False,nan,nan,nan,2,True,nan
1356,187741.2,23.321184044694803,32,8.758559294273248,2.883114902751851,2,False,True,0,0,True,False,25,0,False,False,False,nan,nan,nan,0,True,nan
1357,187741.4,22.694875378531236,33,7.020227706507238,3.039838333697442,1,False,True,0,6,False,False,25,0,True,True,False,nan,nan,nan,1,True,22.694875378531236
1358,187741.6,22.872251575201073,34,6.944169838238687,2.9964040902017777,2,False,True,0,6,False,False,25,0,False,False,False,nan,nan,nan,2,True,nan
1359,187741.8,21.216489625789595,34,6.9993150082161275,3.003618974279196,2,False,True,0,0,True,False,25,0,False,False,False,nan,nan,nan,0,True,nan
1360,187742.0,21.091867953321447,35,6.730987806054947,3.2755871035953064,5,True,True,0,6,False,False,25,0,False,False,False,nan,nan,nan,1,True,nan
1361,187742.2,20.94591097504037,34,6.733877608407971,3.21187668051885,3,False,True,0,6,False,False,25,0,False,False,False,nan,nan,nan,2,True,nan
1362,187742.4,9.102755522473752,33,6.760438365646204,2.927992851082635,3,False,True,0,0,True,False,25,0,False,False,False,nan,nan,nan,0,True,nan
1363,187742.6,8.265307733367042,33,11.590246932678001,3.0142084191204117,1,False,True,0,6,False,False,25,0,True,True,False,nan,nan,nan,1,True,8.265307733367042
1364,187742.8,8.11868583039672,33,11.548723956983208,3.0146899838272074,1,False,True,0,6,False,False,25,0,False,False,False,nan,nan,nan,2,True,nan
1365,187743.0,19.723106941432604,33,11.675163041870109,3.0404077409184858,2,False,True,0,0,True,False,25,0,False,False,False,nan,nan,nan,0,True,nan
1366,187743.2,18.96463573361533,34,6.477859016778527,2.9379005796869326,12,True,True,0,6,False,False,25,0,False,False,False,nan,nan,nan,1,True,nan
1367,187743.4,18.763849832451317,34,6.352283635410331,2.872417100747852,1,False,True,0,6,False,False,25,0,True,True,False,nan,nan,nan,2,True,18.763849832451317
1368,187743.6,19.293719670212177,34,6.881096396872478,3.0391480874862333,2,True,True,0,0,True,False,25,0,False,False,False,nan,nan,nan,0,True,nan
1369,187743.8,18.669177683175803,33,6.439640892842073,3.3087959663933018,3,True,True,0,6,False,False,25,0,False,False,False,nan,nan,nan,1,True,nan
1370,187744.0,18.340777685534594,32,6.5246672699766775,3.2380805315651537,1,False,True,0,6,False,False,25,0,True,True,False,nan,nan,nan,2,True,18.340777685534594
1371,187744.2,11.309878140890351,31,6.6399255875924865,3.005144145233242,1,False,True,0,0,True,False,25,0,False,False,False,nan,nan,nan,0,True,nan
1372,187744.4,10.63426458230982,30,1.4933046381391726,1.4737581876724573,9,True,True,0,6,False,False,25,0,False,False,False,nan,nan,nan,1,True,nan
1373,187744.6,10.336998435952328,28,1.5479484002747896,1.522748408369145,6,True,True,0,6,False,False,25,0,False,False,False,nan,nan,nan,2,True,nan
1374,187744.8,10.144031094109472,28,9.58456616317995,3.5389809486757398,4,True,True,0,6,False,False,25,0,False,False,False,nan,nan,nan,3,True,nan
1375,187745.0,9.912035879352626,29,16.629976083036045,4.367935789916515,1,False,True,0,6,False,False,25,0,True,True,False,nan,nan,nan,4,True,9.912035879352626
1376,187745.2,22.138962315326815,30,13.709723277805459,3.4310462962766746,1,False,True,0,0,True,False,25,0,False,False,False,nan,nan,nan,0,True,nan
1377,187745.4,21.04151592235623,32,8.24239256173931,3.6570271032638533,2,True,True,0,6,False,False,25,0,True,True,False,nan,nan,nan,1,True,21.04151592235623
1378,187745.6,21.1829488765198,34,8.30128020724218,3.703493003689755,2,False,True,0,6,False,False,25,0,False,False,False,nan,nan,nan,2,True,nan
1379,187745.8,20.13926106471527,35,8.272150214221778,3.6889343047860748,2,False,True,0,0,True,False,25,0,False,False,False,nan,nan,nan,0,True,nan
1380,187746.0,19.750646993143544,35,7.797010855952288,3.6039829599367748,5,True,True,0,6,False,False,25,0,False,False,False,nan,nan,nan,1,True,nan
1381,187746.2,19.564375139595587,34,7.852499749410433,3.6129937096200577,3,False,True,0,6,False,False,25,0,False,False,False,nan,nan,nan,2,True,nan
1382,187746.4,14.81446643668617,33,7.607753349288408,3.5157446373721943,1,False,True,0,0,True,False,25,0,True,True,False,nan,nan,nan,0,True,14.81446643668617
1383,187746.6,10.602007393305229,32,4.703339681777476,2.7566637353634253,8,True,True,0,6,False,False,25,0,False,False,False,nan,nan,nan,1,True,nan
1384,187746.8,10.200601949880678,31,4.418525898051814,2.6209559318239983,2,False,True,0,6,False,False,25,0,False,False,False,nan,nan,nan,2,True,nan
1385,187747.0,10.265179194749503,30,4.209493826508161,2.569101912966724,2,False,True,0,6,False,False,25,0,False,False,False,nan,nan,nan,3,True,nan
1386,187747.2,10.328532671355964,30,4.070267820750434,2.591775909567309,2,False,True,0,6,False,False,25,0,False,False,False,nan,nan,nan,4,True,nan
1387,187747.4,10.080291835966165,30,3.799333246025141,2.2264619267046992,2,True,True,0,6,False,False,24,0,False,False,False,nan,nan,nan,5,True,nan
1388,187747.6,9.904899609134661,28,3.8125883088027233,2.268965267013857,2,False,True,0,6,False,False,22,0,True,True,False,nan,nan,nan,6,True,9.904899609134661
1389,187747.8,9.970825150860023,27,5.98100805527441,2.6830251142821453,2,False,True,0,6,False,False,20,0,False,False,False,nan,nan,nan,7,True,nan
1390,187748.0,10.031467241042819,27,5.448545235322658,2.781365753086386,2,False,True,0,6,False,False,17,0,False,False,False,nan,nan,nan,8,True,nan
1391,187748.2,10.142867431747588,28,4.665982318839982,2.3909144215379214,1,False,True,0,6,False,False,13,0,True,False,False,nan,nan,nan,9,True,nan
1392,187748.4,10.27158128802728,29,4.641220591673179,2.4098728504519977,1,False,True,0,6,False,False,11,0,True,True,False,nan,nan,nan,10,True,10.27158128802728
1393,187748.6,10.359273759516215,32,4.560881010576004,2.3381142573229616,1,False,True,0,6,False,False,10,0,True,True,False,nan,nan,nan,11,True,10.359273759516215
1394,187748.8,10.503506695657402,34,4.77279720752014,2.3203709020888237,1,False,True,0,6,False,False,8,0,True,False,False,nan,nan,nan,12,True,nan
1395,187749.0,10.65445627178175,35,4.902374710548532,2.312725401680316,1,False,True,0,6,False,False,8,0,True,True,False,nan,nan,nan,13,True,10.65445627178175
1396,187749.2,10.80002823363292,35,4.919407824882807,2.3329651615473987,4,False,True,0,6,False,False,10,0,True,True,False,nan,nan,nan,14,True,10.80002823363292
1397,187749.4,11.009357408239143,34,5.311865126366499,2.503038351447423,2,False,True,0,6,False,False,12,0,False,False,False,nan,nan,nan,15,True,nan
1398,187749.6,11.214047384454316,34,5.009105886030358,2.455202448469296,1,False,True,0,6,False,False,14,0,True,True,False,nan,nan,nan,16,True,11.214047384454316
1399,187749.8,11.308153166094735,35,6.448385455538189,2.935741387447659,1,False,True,0,6,False,False,17,0,True,True,False,nan,nan,nan,17,True,11.308153166094735
1400,187750.0,11.426520550660525,35,6.693809391563742,3.1398520489825894,2,False,True,0,6,False,False,19,0,False,False,False,nan,nan,nan,18,True,nan
1401,187750.2,13.805589077106928,35,6.402808241881658,3.1237889923890862,1,False,True,0,0,True,False,20,0,True,True,False,nan,nan,nan,0,True,13.805589077106928
1402,187750.4,12.816833312681279,36,6.150394205951901,3.1487573672426836,2,False,True,0,6,False,False,20,0,True,True,False,nan,nan,nan,1,True,12.816833312681279
1403,187750.6,12.697223323051222,36,6.360043778498272,3.2119234880696177,2,False,True,0,6,False,False,20,0,False,False,False,nan,nan,nan,2,True,nan
1404,187750.8,12.143546385651465,35,6.58678639520761,3.2806306904954523,2,False,True,0,0,True,False,20,0,False,False,False,nan,nan,nan,0,True,nan
1405,187751.0,11.681596494019926,34,3.6567573333900363,2.5137784974839272,1,False,True,0,6,False,False,20,0,True,True,False,nan,nan,nan,1,True,11.681596494019926
1406,187751.2,11.840950876068964,34,4.2821315529614346,2.7419806946307856,2,False,True,0,6,False,False,20,0,True,True,False,nan,nan,nan,2,True,11.840950876068964
1407,187751.4,11.931410404144039,34,4.615235116976411,2.8084503719854266,1,False,True,0,6,False,False,20,0,True,True,False,nan,nan,nan,3,True,11.931410404144039
1408,187751.6,12.096506557682055,33,4.390093167294538,2.7657848295463756,4,True,True,0,6,False,False,20,0,False,False,False,nan,nan,nan,4,True,nan
1409,187751.8,12.172641649053451,33,4.862954970476448,2.8212268930703717,2,False,True,0,6,False,False,20,0,False,False,False,nan,nan,nan,5,True,nan
1410,187752.0,11.879935430213521,34,4.795117928709738,2.7659249781698887,2,False,True,0,6,False,False,20,0,False,False,False,nan,nan,nan,6,True,nan
1411,187752.2,11.733687676330996,34,4.741073311473575,2.753129518585911,2,False,True,0,6,False,False,20,0,False,False,False,nan,nan,nan,7,True,nan
1412,187752.4,11.734041499246246,34,4.73508228515107,2.7205286752282123,2,True,True,0,6,False,False,21,0,False,False,False,nan,nan,nan,8,True,nan
1413,187752.6,11.791958550480436,35,4.651312590841183,2.736816353188569,1,False,True,0,6,False,False,22,0,True,True,False,nan,nan,nan,9,True,11.791958550480436
1414,187752.8,11.955643002955753,35,4.421776084233328,2.686732873279216,2,False,True,0,6,False,False,24,0,False,False,False,nan,nan,nan,10,True,nan
1415,187753.0,11.942488434619891,35,4.146491036218213,2.60915706019686,2,False,True,0,6,False,False,26,0,False,False,False,nan,nan,nan,11,True,nan
1416,187753.2,12.046846471128434,35,3.6647529719571486,2.4817178217655713,2,False,True,0,6,False,False,28,0,False,False,False,nan,nan,nan,12,True,nan
1417,187753.4,11.578057936708792,35,3.3867926633883,2.4190949391415426,2,False,True,0,6,False,False,29,0,False,False,False,nan,nan,nan,13,True,nan
1418,187753.6,11.446091951441117,34,3.0044075255187064,2.3226477776274943,3,True,True,0,6,False,False,30,0,False,False,False,nan,nan,nan,14,True,nan
1419,187753.8,11.36704008523121,33,2.9795889132525653,2.307312612566529,1,False,True,0,6,False,False,30,0,True,True,False,nan,nan,nan,15,True,11.36704008523121
1420,187754.0,11.520128895602756,31,2.8246346686121893,2.2050706694415183,2,False,True,0,6,False,False,29,0,False,False,False,nan,nan,nan,16,True,nan
1421,187754.2,11.986167802194027,29,2.92000744615362,2.2806570689495893,2,False,True,0,6,False,False,28,0,False,False,False,nan,nan,nan,17,True,nan
1422,187754.4,12.50524251405789,27,3.0448417380762516,2.325389059243206,2,False,True,0,6,False,False,27,0,False,False,False,nan,nan,nan,18,True,nan
1423,187754.6,12.755479978138633,27,14.064690405894746,4.47042041440403,2,False,True,0,6,False,False,26,0,False,False,False,nan,nan,nan,19,True,nan
1424,187754.8,12.644073637012491,27,13.25287424815342,4.186065065520819,2,False,True,0,6,False,False,25,0,False,False,False,nan,nan,nan,20,True,nan
1425,187755.0,20.56864321870738,28,12.713340535008502,4.095851973255989,2,False,True,0,0,True,False,25,0,True,True,False,nan,nan,nan,0,True,20.56864321870738
1426,187755.2,3.78936015696942,29,8.610351819264107,3.1659272475108873,2,False,True,0,6,False,False,25,0,True,True,False,nan,nan,nan,1,True,3.78936015696942
1427,187755.4,3.636859068446027,30,8.34550784548488,3.083806562587217,2,True,True,0,6,False,False,25,0,False,False,False,nan,nan,nan,2,True,nan
1428,187755.6,18.488905469667596,30,8.068759042354696,3.0499164574424884,2,False,True,0,0,True,False,25,0,False,False,False,nan,nan,nan,0,True,nan
1429,187755.8,18.124240193883026,29,2.289790534371221,1.7994098323818961,9,True,True,0,6,False,False,25,0,False,False,False,nan,nan,nan,1,True,nan
1430,187756.0,17.804217720492,28,2.245847213901314,1.7596160887826557,1,False,True,0,6,False,False,25,0,True,True,False,nan,nan,nan,2,True,17.804217720492
1431,187756.2,17.650007341746807,27,2.248297180184546,1.753887353937159,1,False,True,0,6,False,False,25,0,True,True,False,nan,nan,nan,3,True,17.650007341746807
1432,187756.4,17.484977120179984,26,2.18915368640858,1.7333870062346448,1,False,True,0,6,False,False,25,0,False,False,False,nan,nan,nan,4,True,nan
1433,187756.6,17.30213006381104,25,2.1786511610821204,1.790563050725619,2,False,True,0,6,False,False,25,0,False,False,False,nan,nan,nan,5,True,nan
1434,187756.8,17.128210266215042,25,2.172850350196767,1.8269601236018924,2,False,True,0,6,False,False,25,0,False,False,False,nan,nan,nan,6,True,nan
1435,187757.0,16.994893756065775,25,2.162693932344387,1.814525788820176,2,False,True,0,6,False,False,25,0,False,False,False,nan,nan,nan,7,True,nan
1436,187757.2,16.795301974681006,25,2.1443857976116036,1.7962589227316277,1,False,True,0,6,False,False,25,0,True,True,False,nan,nan,nan,8,True,16.795301974681006
1437,187757.4,16.6266867354338,25,2.1468169240432844,1.8089078542669539,5,True,True,0,6,False,False,25,0,False,False,False,nan,nan,nan,9,True,nan
1438,187757.6,16.27668460169178,26,3.1588141766554143,2.2869321335710184,2,False,True,0,6,False,False,25,0,False,False,False,nan,nan,nan,10,True,nan
1439,187757.8,16.083671750166822,27,2.8969067147313385,2.2166122191190105,1,False,True,0,6,False,False,25,0,True,True,False,nan,nan,nan,11,True,16.083671750166822
1440,187758.0,15.907454602342757,27,2.130665709322143,1.7840146119294122,2,False,True,0,6,False,False,25,0,False,False,False,nan,nan,nan,12,True,nan
1441,187758.2,15.781421700823522,27,2.1334557868625526,1.7543756842583356,1,False,True,0,6,False,False,25,0,True,True,False,nan,nan,nan,13,True,15.781421700823522
1442,187758.4,15.601701317019298,28,6.52877754505158,2.7907213345558484,4,True,True,0,6,False,False,25,0,False,False,False,nan,nan,nan,14,True,nan
1443,187758.6,15.528594695355016,29,6.184835184115748,2.7788536888088324,2,False,True,0,6,False,False,25,0,False,False,False,nan,nan,nan,15,True,nan
1444,187758.8,15.444150857686207,28,2.283683199039518,1.8216918059020781,3,True,True,0,6,False,False,25,0,True,True,False,nan,nan,nan,16,True,15.444150857686207
1445,187759.0,14.965171326771165,28,2.2750845414712613,1.8255487001649104,2,False,True,0,6,False,False,25,0,False,False,False,nan,nan,nan,17,True,nan
1446,187759.2,14.381594456736554,28,2.255314198038541,1.804741098436312,2,False,True,0,6,False,False,25,0,False,False,False,nan,nan,nan,18,True,nan
1447,187759.4,13.806378552176193,27,2.166836707385466,1.722713353625642,2,False,True,0,6,False,False,25,0,False,False,False,nan,nan,nan,19,True,nan
1448,187759.6,13.373772367563197,25,2.1525872402380415,1.7080429504138892,1,False,True,0,6,False,False,25,0,True,True,False,nan,nan,nan,20,True,13.373772367563197
1449,187759.8,13.204441145870243,25,2.2143522685633252,1.707017406449737,4,True,True,0,6,False,False,25,0,False,False,False,nan,nan,nan,21,True,nan
1450,187760.0,12.791823600492076,25,2.13009298056905,1.6434914867479424,1,False,True,0,6,False,False,25,0,True,True,False,nan,nan,nan,22,True,12.791823600492076
1451,187760.2,12.626890677372895,25,2.183382558644196,1.65297854033343,3,False,True,0,6,False,False,25,0,False,False,False,nan,nan,nan,23,True,nan
1452,187760.4,12.54661359320495,25,2.2017847362865592,1.675789326561657,2,False,True,0,6,False,False,25,0,False,False,False,nan,nan,nan,24,True,nan
1453,187760.6,12.335322311670268,25,2.2429203254574124,1.6814926181353274,2,True,True,0,6,False,False,25,0,True,True,False,nan,nan,nan,25,True,12.335322311670268
1454,187760.8,12.179416961957024,25,2.2779485046946597,1.6943691031309573,2,False,True,0,6,False,False,25,0,False,False,False,nan,nan,nan,26,True,nan
1455,187761.0,11.88290416170366,26,2.2442141600145056,1.787673608387524,2,False,True,0,6,False,False,25,0,False,False,False,nan,nan,nan,27,True,nan
1456,187761.2,11.609059026891678,26,1.884564398992858,1.5488816040473894,2,False,True,0,6,False,False,25,0,False,False,False,nan,nan,nan,28,True,nan
1457,187761.4,11.350215751001327,26,1.7391567647811081,1.4967391146560325,2,False,True,0,6,False,False,25,0,False,False,False,nan,nan,nan,29,True,nan
1458,187761.6,11.122162793706488,27,1.5796048974725594,1.221440026640223,2,True,True,0,6,False,False,25,0,False,False,False,nan,nan,nan,30,True,nan
1459,187761.8,10.919825846533097,28,1.7127611437842476,1.4036089106495575,2,False,True,0,6,False,False,25,0,False,False,False,nan,nan,nan,31,True,nan
1460,187762.0,10.778808230088924,28,1.8115000583135992,1.4441511138543157,2,True,True,0,6,False,False,25,0,False,False,False,nan,nan,nan,32,True,nan
1461,187762.2,10.664931947115836,29,1.8015721913990177,1.4325996249433117,2,True,True,0,6,False,False,25,0,False,False,False,nan,nan,nan,33,True,nan
1462,187762.4,10.56808182699005,30,1.5763438425898328,1.302737783831691,2,False,True,0,6,False,False,25,0,False,False,False,nan,nan,nan,34,True,nan
1463,187762.6,10.408034057190783,31,3.644551232084669,1.76930770493499,2,False,True,0,6,False,False,25,0,False,False,False,nan,nan,nan,35,True,nan
1464,187762.8,10.206947107426268,32,3.5641205586704388,1.7572268424464057,2,True,True,0,6,False,False,25,0,False,False,False,nan,nan,nan,36,True,nan
1465,187763.0,9.934179642429966,32,3.6886109431249348,1.7967426510073985,2,False,True,0,6,False,False,25,0,False,False,False,nan,nan,nan,37,True,nan
1466,187763.2,9.607227615147734,32,3.545800236543159,1.8997114482286757,2,False,True,0,6,False,False,25,0,False,False,False,nan,nan,nan,38,True,nan
1467,187763.4,9.2906867352814,31,1.5237221411920185,1.3438041133236152,2,False,True,0,6,False,False,25,0,False,False,False,nan,nan,nan,39,True,nan
1468,187763.6,8.929777551420141,30,3.196460866101389,1.8601499590127681,2,False,True,0,6,False,False,25,0,False,False,False,nan,nan,nan,40,True,nan
1469,187763.8,8.600225841379807,28,1.4673683062791896,1.4082956886361988,2,False,True,0,6,False,False,25,0,False,False,False,nan,nan,nan,41,True,nan
1470,187764.0,8.314262418589259,27,1.435423144867435,1.4069835806519568,2,False,True,0,6,False,False,25,0,False,False,False,nan,nan,nan,42,True,nan
1471,187764.2,8.05431607338105,26,1.4078243930113652,1.3811539433114315,2,True,True,0,6,False,False,25,0,False,False,False,nan,nan,nan,43,True,nan
1472,187764.4,7.797025684145401,26,1.3990015975809302,1.3734148466118676,3,True,True,0,6,False,False,25,0,False,False,False,nan,nan,nan,44,True,nan
1473,187764.6,7.557807127081976,25,1.360946433880755,1.3378997624507252,4,True,True,0,6,False,False,25,0,False,False,False,nan,nan,nan,45,True,nan
1474,187764.8,7.3129256609035815,25,1.3208544809274412,1.306299715784459,3,False,True,0,6,False,False,25,0,False,False,False,nan,nan,nan,46,True,nan
1475,187765.0,7.090292749674239,25,1.2768256066717647,1.2715544669871435,3,False,True,0,6,False,False,25,0,False,False,False,nan,nan,nan,47,True,nan
1476,187765.2,6.853103730394937,25,1.2198476135693108,1.2198476135693108,3,False,True,0,6,False,False,25,0,False,False,False,nan,nan,nan,48,True,nan
1477,187765.4,6.564746595398641,26,2.9796849574138835,1.9031298234762273,4,True,True,0,6,False,False,25,0,False,False,False,nan,nan,nan,49,True,nan
1478,187765.6,6.19695645953242,28,5.937665776734757,2.8255348531387843,2,True,True,0,6,False,False,25,0,False,False,False,nan,nan,nan,50,True,nan
1479,187765.8,5.772983206990923,30,6.0628344845019715,2.5706067653750386,1,False,True,0,6,False,False,25,0,True,True,False,nan,nan,nan,51,True,5.772983206990923
1480,187766.0,5.543427133179905,32,6.225262714926912,2.5924735638745933,2,False,True,0,6,False,False,25,0,False,False,False,nan,nan,nan,52,True,nan
1481,187766.2,6.185400200906644,34,6.228519639083414,2.5810500685067734,4,True,True,0,0,True,False,25,0,True,True,False,nan,nan,nan,0,True,6.185400200906644
1482,187766.4,1.836086488763192,34,4.268524278699924,1.9952737009363937,2,False,True,0,6,False,False,25,0,False,False,False,nan,nan,nan,1,True,nan
1483,187766.6,2.032149170888966,33,0.5274128054923536,0.5274128054923536,2,False,True,0,6,False,False,25,0,False,False,False,nan,nan,nan,2,True,nan
1484,187766.8,2.2311693020247776,32,0.9060178990911955,0.8230950231254851,3,True,True,0,6,False,False,25,0,False,False,False,nan,nan,nan,3,True,nan
1485,187767.0,2.6953848900791533,31,1.2270740075442874,0.980245600227388,2,False,True,0,6,False,False,25,0,False,False,False,nan,nan,nan,4,True,nan
1486,187767.2,2.9697280480131907,30,1.1961640483835447,0.9607470249462083,2,False,True,0,6,False,False,25,0,False,False,False,nan,nan,nan,5,True,nan
1487,187767.4,3.2512905334763924,30,1.0589606482798708,0.8830634126579067,1,False,True,0,6,False,False,25,0,True,True,False,nan,nan,nan,6,True,3.2512905334763924
1488,187767.6,3.4700787950665792,30,0.7662266406170272,0.7451813153276897,1,False,True,0,6,False,False,25,0,True,True,False,nan,nan,nan,7,True,3.4700787950665792
1489,187767.8,3.6590523807279522,30,0.6302820826546797,0.6302820826546797,2,False,True,0,6,False,False,25,0,False,False,False,nan,nan,nan,8,True,nan
1490,187768.0,3.8664866575484793,30,0.5224240568729314,0.5224240568729314,2,False,True,0,6,False,False,25,0,False,False,False,nan,nan,nan,9,True,nan
1491,187768.2,4.0232699323286845,30,0.6110411574187498,0.6110411574187498,2,False,True,0,6,False,False,25,0,False,False,False,nan,nan,nan,10,True,nan
1492,187768.4,3.9973850156582866,30,0.694375015990624,0.694375015990624,1,False,True,0,6,False,False,25,0,True,True,False,nan,nan,nan,11,True,3.9973850156582866
1493,187768.6,4.232704421349589,30,0.7018135778111091,0.7018135778111091,1,False,True,0,6,False,False,25,0,False,False,False,nan,nan,nan,12,True,nan
1494,187768.8,4.2923094993219175,30,0.7237332235177923,0.7237332235177923,2,False,True,0,6,False,False,25,0,False,False,False,nan,nan,nan,13,True,nan
1495,187769.0,4.455543307731214,30,0.7707061347595824,0.7707061347595824,1,False,True,0,6,False,False,25,0,True,True,False,nan,nan,nan,14,True,4.455543307731214
1496,187769.2,4.685599442467505,30,0.8399589164713002,0.8399589164713002,2,False,True,0,6,False,False,25,0,False,False,False,nan,nan,nan,15,True,nan
1497,187769.4,4.993472212297312,30,0.9000445179980547,0.9000445179980547,2,False,True,0,6,False,False,25,0,False,False,False,nan,nan,nan,16,True,nan
1498,187769.6,5.19510239365936,30,1.085838036071381,1.085838036071381,2,False,True,0,6,False,False,25,0,False,False,False,nan,nan,nan,17,True,nan
1499,187769.8,5.334735438737542,29,1.1193405005690962,1.1193405005690962,1,False,True,0,6,False,False,25,0,True,True,False,nan,nan,nan,18,True,5.334735438737542
1500,187770.0,5.603681709754718,28,1.2305962344458157,1.2305962344458157,2,False,True,0,6,False,False,25,0,False,False,False,nan,nan,nan,19,True,nan
1501,187770.2,6.25115779848433,27,1.3849445207066307,1.3849445207066307,1,False,True,0,6,False,False,25,0,True,True,False,nan,nan,nan,20,True,6.25115779848433
1502,187770.4,6.432200657300292,27,1.4726172355770746,1.4617686194146273,2,False,True,0,6,False,False,25,0,False,False,False,nan,nan,nan,21,True,nan
1503,187770.6,6.588663381979836,26,1.4643874485142323,1.4643874485142323,2,False,True,0,6,False,False,25,0,False,False,False,nan,nan,nan,22,True,nan
1504,187770.8,6.7220197386709115,26,1.4753279451371764,1.4753279451371764,2,False,True,0,6,False,False,25,0,False,False,False,nan,nan,nan,23,True,nan
1505,187771.0,6.841789999475686,26,1.4212735405893975,1.4212735405893975,1,False,True,0,6,False,False,25,0,True,True,False,nan,nan,nan,24,True,6.841789999475686
1506,187771.2,6.918813884811652,26,1.4761283921732515,1.413286407711131,1,False,True,0,6,False,False,25,0,True,True,False,nan,nan,nan,25,True,6.918813884811652
1507,187771.4,7.030303169546132,25,1.5327726841094957,1.4476172876757833,2,False,True,0,6,False,False,24,0,False,False,False,nan,nan,nan,26,True,nan
1508,187771.6,6.978132342942022,27,11.15371255984624,3.093843872805812,2,False,True,0,6,False,False,23,0,False,False,False,nan,nan,nan,27,True,nan
1509,187771.8,6.898380983186063,29,11.062578553306826,3.036276345775844,2,False,True,0,6,False,False,22,0,False,False,False,nan,nan,nan,28,True,nan
1510,187772.0,14.325472444219061,31,10.843128784727364,2.97204773792638,1,False,True,0,0,True,False,21,0,True,True,False,nan,nan,nan,0,True,14.325472444219061
1511,187772.2,1.9683029730269428,33,8.845100296747765,2.996269084078924,2,False,True,0,6,False,False,20,0,False,False,False,nan,nan,nan,1,True,nan
1512,187772.4,2.0722415529088525,35,8.922226734713446,2.674896142652336,2,False,True,0,6,False,False,20,0,False,False,False,nan,nan,nan,2,True,nan
1513,187772.6,13.188776371050913,35,8.839026110496382,2.64706004181,2,False,True,0,0,True,False,19,0,False,False,False,nan,nan,nan,0,True,nan
1514,187772.8,11.736586696386002,34,3.8442873281517382,2.420377999474882,1,False,True,0,6,False,False,18,0,True,True,False,nan,nan,nan,1,True,11.736586696386002
1515,187773.0,11.654957544686054,33,3.752254874699987,2.390769948395806,1,False,True,0,6,False,False,17,0,True,True,False,nan,nan,nan,2,True,11.654957544686054
1516,187773.2,11.552179397863817,33,6.41126143189388,3.0648839382816586,2,False,True,0,6,False,False,17,0,False,False,False,nan,nan,nan,3,True,nan
1517,187773.4,11.137596016701488,32,3.592061683849905,2.322573205997607,2,False,True,0,6,False,False,17,0,False,False,False,nan,nan,nan,4,True,nan
1518,187773.6,10.695488226842768,31,3.4523749822289513,2.253200381559777,2,False,True,0,6,False,False,18,0,False,False,False,nan,nan,nan,5,True,nan
1519,187773.8,10.329863828533796,31,3.32051419718467,2.1475089104918488,1,False,True,0,6,False,False,19,0,True,True,False,nan,nan,nan,6,True,10.329863828533796
1520,187774.0,10.324842184189174,31,3.3482021223980345,2.13006103295322,2,False,True,0,6,False,False,20,0,False,False,False,nan,nan,nan,7,True,nan
1521,187774.2,10.460307098233752,30,3.4199976359739246,2.1548531711234524,2,False,True,0,6,False,False,20,0,False,False,False,nan,nan,nan,8,True,nan
1522,187774.4,10.636210486813729,30,3.5290279511617615,2.1956804260642673,2,False,True,0,6,False,False,20,0,False,False,False,nan,nan,nan,9,True,nan
1523,187774.6,10.704733451173889,31,6.328997317815594,2.971489467944256,2,False,True,0,6,False,False,20,0,False,False,False,nan,nan,nan,10,True,nan
1524,187774.8,10.59168154459085,32,6.063086364341914,2.8914459805317683,2,False,True,0,6,False,False,20,0,False,False,False,nan,nan,nan,11,True,nan
1525,187775.0,10.494530533458128,33,5.857486808671506,2.809071704405687,1,False,True,0,6,False,False,20,0,True,True,False,nan,nan,nan,12,True,10.494530533458128
1526,187775.2,10.632345011573376,34,5.640627050347762,2.766780441857229,1,False,True,0,6,False,False,20,0,True,True,False,nan,nan,nan,13,True,10.632345011573376
1527,187775.4,10.652647014595521,35,5.293255600470693,2.7203278444962575,2,False,True,0,6,False,False,20,0,True,True,False,nan,nan,nan,14,True,10.652647014595521
1528,187775.6,10.716880911146333,35,5.031164894456069,2.660616793568671,2,False,True,0,6,False,False,20,0,False,False,False,nan,nan,nan,15,True,nan
1529,187775.8,10.659028227706315,36,12.570966978741353,3.746671011135809,2,False,True,0,6,False,False,20,0,True,True,False,nan,nan,nan,16,True,10.659028227706315
1530,187776.0,10.63103195225263,36,12.537820839843512,3.603403051250081,2,False,True,0,6,False,False,20,0,False,False,False,nan,nan,nan,17,True,nan
1531,187776.2,21.47617898993226,36,12.400837624218617,3.5767793840407562,2,False,True,0,0,True,False,19,0,False,False,False,nan,nan,nan,0,True,nan
1532,187776.4,20.347636508564342,36,8.628362162835659,3.4237311449577708,8,True,True,0,6,False,False,20,0,False,False,False,nan,nan,nan,1,True,nan
1533,187776.6,19.965022937145832,36,8.51105325740384,3.396873565360591,2,False,True,0,6,False,False,21,0,False,False,False,nan,nan,nan,2,True,nan
1534,187776.8,20.197325501758367,35,8.367110753507383,3.3813396345912987,2,False,True,0,0,True,False,24,0,False,False,False,nan,nan,nan,0,True,nan
1535,187777.0,19.441872818386774,35,8.181626952506665,3.366563646445714,3,False,True,0,6,False,False,27,0,False,False,False,nan,nan,nan,1,True,nan
1536,187777.2,19.032742969174922,35,7.988433289487311,3.329224942858669,3,False,True,0,6,False,False,31,0,False,False,False,nan,nan,nan,2,True,nan
1537,187777.4,18.644742701687626,34,5.151195542295251,2.5765183487475323,3,False,True,0,6,False,False,32,0,False,False,False,nan,nan,nan,3,True,nan
1538,187777.6,18.401346561226898,33,5.029954945198941,2.5423957629862146,1,False,True,0,6,False,False,33,0,True,True,False,nan,nan,nan,4,True,18.401346561226898
1539,187777.8,18.345448081281837,32,4.995164172578951,2.775455742994699,2,False,True,0,6,False,False,32,0,False,False,False,nan,nan,nan,5,True,nan
1540,187778.0,17.928378978930716,31,4.865914910997279,2.730008686456695,2,False,True,0,6,False,False,31,0,False,False,False,nan,nan,nan,6,True,nan
1541,187778.2,17.734814007456038,30,4.811196323077015,2.7226261821530136,2,False,True,0,6,False,False,30,0,False,False,False,nan,nan,nan,7,True,nan
1542,187778.4,17.11221629496025,30,4.641739455965114,2.647954083061856,2,False,True,0,6,False,False,30,0,False,False,False,nan,nan,nan,8,True,nan
1543,187778.6,16.855220571890367,30,4.56412001923686,2.408004751364419,2,False,True,0,6,False,False,30,0,False,False,False,nan,nan,nan,9,True,nan
1544,187778.8,16.638006980081382,31,6.178744916660374,2.911692205110804,2,False,True,0,6,False,False,30,0,False,False,False,nan,nan,nan,10,True,nan
1545,187779.0,16.43520446524261,32,5.994175185253945,2.863784644567971,2,False,True,0,6,False,False,30,0,False,False,False,nan,nan,nan,11,True,nan
1546,187779.2,16.258373116332685,33,5.762921670923821,2.8134856684371603,1,False,True,0,6,False,False,30,0,True,True,False,nan,nan,nan,12,True,16.258373116332685
1547,187779.4,16.261802155920286,34,5.5173406103853075,2.756848888120596,4,True,True,0,6,False,False,30,0,True,True,False,nan,nan,nan,13,True,16.261802155920286
1548,187779.6,16.228203395859506,34,4.426847611459257,2.3653720174266795,2,False,True,0,6,False,False,30,0,False,False,False,nan,nan,nan,14,True,nan
1549,187779.8,16.036683667830697,33,4.392377404747328,2.3567525794079978,2,False,True,0,6,False,False,30,0,False,False,False,nan,nan,nan,15,True,nan
1550,187780.0,15.734339788873934,32,4.326680220281436,2.3474252596869554,1,False,True,0,6,False,False,30,0,True,True,False,nan,nan,nan,16,True,15.734339788873934
1551,187780.2,15.70646519524101,31,4.293543421871474,2.347729707566609,2,False,True,0,6,False,False,30,0,False,False,False,nan,nan,nan,17,True,nan
1552,187780.4,15.359657322289223,30,4.1388676635431985,2.3099492516544884,2,False,True,0,6,False,False,30,0,False,False,False,nan,nan,nan,18,True,nan
1553,187780.6,14.808653656944676,30,3.8854200250330617,2.2408897833118697,2,False,True,0,6,False,False,30,0,True,True,False,nan,nan,nan,19,True,14.808653656944676
1554,187780.8,14.766503977317422,31,5.26017748465729,2.559631851242613,3,False,True,0,6,False,False,30,0,False,False,False,nan,nan,nan,20,True,nan
1555,187781.0,14.599421381492053,32,5.238398416104079,2.5566991535140238,2,False,True,0,6,False,False,30,0,False,False,False,nan,nan,nan,21,True,nan
1556,187781.2,14.554866554004562,33,5.150355426612174,2.5155489613356217,2,False,True,0,6,False,False,30,0,False,False,False,nan,nan,nan,22,True,nan
1557,187781.4,14.16519612492179,34,4.968927056921929,2.456447395426276,2,False,True,0,6,False,False,30,0,False,False,False,nan,nan,nan,23,True,nan
1558,187781.6,13.813501930609599,35,4.8272550308067474,2.4104857218594407,2,False,True,0,6,False,False,29,0,False,False,False,nan,nan,nan,24,True,nan
1559,187781.8,13.492636163852618,35,4.714357039684992,2.380789030216322,2,False,True,0,6,False,False,27,0,False,False,False,nan,nan,nan,25,True,nan
1560,187782.0,13.340059872751125,35,4.610195141304153,2.343720108792056,2,False,True,0,6,False,False,25,0,True,True,False,nan,nan,nan,26,True,13.340059872751125
1561,187782.2,13.312556256938871,35,4.691446130743942,2.35270956282322,3,False,True,0,6,False,False,21,0,True,True,False,nan,nan,nan,27,True,13.312556256938871
1562,187782.4,13.272817000293214,35,4.743141392929533,2.3700349846887745,2,False,True,0,6,False,False,18,0,False,False,False,nan,nan,nan,28,True,nan
1563,187782.6,13.286538654657752,35,4.856842786588154,2.3788224787267134,2,False,True,0,6,False,False,16,0,True,True,False,nan,nan,nan,29,True,13.286538654657752
1564,187782.8,13.248395487072957,35,4.8949886128003115,2.367251383272427,1,False,True,0,6,False,False,15,0,True,True,False,nan,nan,nan,30,True,13.248395487072957
1565,187783.0,13.152813195591602,35,4.826222529562396,2.3181709381770794,2,False,True,0,6,False,False,14,0,False,False,False,nan,nan,nan,31,True,nan
1566,187783.2,12.900400750518436,35,4.696274855952667,2.280622289436302,2,True,True,0,6,False,False,15,0,True,True,False,nan,nan,nan,32,True,12.900400750518436
1567,187783.4,12.875322326380894,35,4.768051516128127,2.321698492316099,1,False,True,0,6,False,False,13,0,True,True,False,nan,nan,nan,33,True,12.875322326380894
1568,187783.6,12.856195327850088,35,4.683554513971501,2.305687342082149,1,False,True,0,6,False,False,11,0,True,True,False,nan,nan,nan,34,True,12.856195327850088
1569,187783.8,12.829875564648301,35,4.638527553346862,2.293297017419504,1,False,True,0,6,False,False,9,0,True,True,False,nan,nan,nan,35,True,12.829875564648301
1570,187784.0,12.820322213683841,35,4.629783816858091,2.2751534347489475,1,False,True,0,6,False,False,7,0,True,True,False,nan,nan,nan,36,True,12.820322213683841
1571,187784.2,12.750798951089918,36,4.731715831719197,2.437169656755953,1,False,True,0,6,False,False,5,0,True,True,False,nan,nan,nan,37,True,12.750798951089918
1572,187784.4,12.770274347260218,37,4.919610993857678,2.5000061757127696,1,False,True,0,6,False,False,5,0,True,True,False,nan,nan,nan,38,True,12.770274347260218
1573,187784.6,12.776061264177129,38,5.119200515910332,2.5459844059960948,1,False,True,0,6,False,False,5,0,True,True,False,nan,nan,nan,39,True,12.776061264177129
1574,187784.8,12.787152271123615,39,5.352150828922109,2.6078796250923015,1,False,True,0,6,False,False,6,0,True,True,False,nan,nan,nan,40,True,12.787152271123615
1575,187785.0,12.230595720857943,40,5.199816605250937,2.5560540165713785,1,False,True,0,6,False,False,8,0,True,True,False,nan,nan,nan,41,True,12.230595720857943
1576,187785.2,11.744660137433536,40,4.924334931076393,2.4633201673050857,1,False,True,0,6,False,False,9,0,True,True,False,nan,nan,nan,42,True,11.744660137433536
1577,187785.4,11.784656757470486,39,4.36723572770289,2.1692079489899956,2,True,True,0,6,False,False,10,0,True,True,False,nan,nan,nan,43,True,11.784656757470486
1578,187785.6,11.27255132978127,38,3.975526671067131,2.0469931671322676,2,False,True,0,6,False,False,11,0,False,False,False,nan,nan,nan,44,True,nan
1579,187785.8,10.677016629461399,37,3.675856606326872,1.9392632837795343,1,False,True,0,6,False,False,10,0,True,True,False,nan,nan,nan,45,True,10.677016629461399
1580,187786.0,10.718830014319304,36,3.7104141220724456,1.9438636537171528,1,False,True,0,6,False,False,8,0,True,True,False,nan,nan,nan,46,True,10.718830014319304
1581,187786.2,10.754328913221116,35,3.7989282888697975,1.9787410780203367,1,False,True,0,6,False,False,7,0,True,True,False,nan,nan,nan,47,True,10.754328913221116
1582,187786.4,10.798656251104786,36,4.738046957645607,2.3983848770799328,4,True,True,0,6,False,False,6,0,False,False,False,nan,nan,nan,48,True,nan
1583,187786.6,10.589786744173137,37,4.700495778584706,2.3763471890970203,2,True,True,0,6,False,False,7,0,True,True,False,nan,nan,nan,49,True,10.589786744173137
1584,187786.8,10.506154424924235,38,4.649307569524635,2.380442886322934,1,False,True,0,6,False,False,7,0,True,True,False,nan,nan,nan,50,True,10.506154424924235
1585,187787.0,10.568747539576586,39,4.7415560905224,2.411100763023312,1,False,True,0,6,False,False,7,0,True,False,False,nan,nan,nan,51,True,nan
1586,187787.2,10.624847176410684,40,4.843249467455707,2.4605102929983302,1,False,True,0,6,False,False,7,0,True,False,False,nan,nan,nan,52,True,nan
1587,187787.4,10.664270350508312,40,4.930252284786511,2.4993311364856634,2,False,True,0,6,False,False,6,0,False,False,False,nan,nan,nan,53,True,nan
1588,187787.6,10.188074924778249,40,4.646194996876475,2.41595942580784,8,True,True,0,6,False,False,4,0,False,False,False,nan,nan,nan,54,True,nan
1589,187787.8,9.68966712244967,40,4.296837224034878,2.323728866055476,2,False,True,0,6,False,False,5,0,True,True,False,nan,nan,nan,55,True,9.68966712244967
1590,187788.0,9.601613777100289,40,4.2980195103477055,2.3438548245517703,2,False,True,0,6,False,False,6,0,False,False,False,nan,nan,nan,56,True,nan
1591,187788.2,9.617687201950808,40,4.364812274956474,2.40612459461483,1,False,True,0,6,False,False,7,0,True,True,False,nan,nan,nan,57,True,9.617687201950808
1592,187788.4,9.689688133429941,40,4.538039392081228,2.4859382494592275,1,False,True,0,6,False,False,10,0,True,True,False,nan,nan,nan,58,True,9.689688133429941
1593,187788.6,9.707383495775067,40,4.542328692335099,2.494255993851494,1,False,True,0,6,False,False,11,0,True,True,False,nan,nan,nan,59,True,9.707383495775067
1594,187788.8,9.02937770267077,40,4.1627663671988575,2.3440573714439714,1,False,True,0,6,False,False,13,0,True,True,False,nan,nan,nan,60,True,9.02937770267077
1595,187789.0,8.775817567700381,40,3.9734574387695885,2.2549321101844093,2,False,True,0,6,False,False,16,0,False,False,False,nan,nan,nan,61,True,nan
1596,187789.2,8.85780701357893,40,4.000383052730293,2.264133820089789,2,False,True,0,6,False,False,17,0,True,True,False,nan,nan,nan,62,True,8.85780701357893
1597,187789.4,8.935764264580191,40,4.050367106284481,2.2916854414547725,2,False,True,0,6,False,False,16,0,True,True,False,nan,nan,nan,63,True,8.935764264580191
1598,187789.6,8.955226699687595,40,4.207119943700828,2.3286640906945966,2,False,True,0,6,False,False,16,0,False,False,False,nan,nan,nan,64,True,nan
1599,187789.8,9.024431218167484,40,4.4142419686854035,2.387211272069972,2,True,True,0,6,False,False,14,0,False,False,False,nan,nan,nan,65,True,nan
1600,187790.0,9.091191538811971,40,4.485718019081113,2.411770346300341,1,False,True,0,6,False,False,10,0,True,False,False,nan,nan,nan,66,True,nan
1601,187790.2,9.207955137427858,40,4.557001238917949,2.477286797901253,1,False,True,0,6,False,False,8,0,True,False,False,nan,nan,nan,67,True,nan
1602,187790.4,8.853634812643085,40,4.243774460221133,2.3581394383191596,2,False,True,0,6,False,False,6,0,False,False,False,nan,nan,nan,68,True,nan
1603,187790.6,8.971084971856945,40,4.35159280383994,2.405536028414737,1,False,True,0,6,False,False,5,0,False,False,False,nan,nan,nan,69,True,nan
1604,187790.8,8.271016129566336,39,4.222695742250349,2.384225479211281,2,False,True,0,6,False,False,4,0,False,False,False,nan,nan,nan,70,True,nan
1605,187791.0,7.552641048657488,38,3.8137167598232007,2.253794277806272,2,False,True,0,6,False,False,3,0,False,False,False,nan,nan,nan,71,True,nan
1606,187791.2,6.821549290449129,37,3.3722505302761494,2.095696026389438,2,False,True,0,6,False,False,2,0,False,False,False,nan,nan,nan,72,True,nan
1607,187791.4,6.1154387454224475,36,2.942561555267404,1.9275961656102527,2,False,True,0,6,False,False,2,0,False,False,False,nan,nan,nan,73,True,nan
1608,187791.6,5.460505387381885,35,2.4628673610271052,1.7671601790718852,2,False,True,0,6,False,False,1,0,False,False,False,nan,nan,nan,74,True,nan
1609,187791.8,4.86782261910753,35,2.061144494780544,1.6390313001552026,2,False,True,0,6,False,False,0,0,False,False,False,nan,nan,nan,75,True,nan
1610,187792.0,4.330440246674462,35,1.732149048242786,1.4978200102269752,2,False,True,0,6,False,False,0,0,False,False,False,nan,nan,nan,76,True,nan
1611,187792.2,3.9560003642367594,36,2.959160978335873,1.738539934364198,2,False,True,0,6,False,False,1,0,False,False,False,nan,nan,nan,77,True,nan
1612,187792.4,3.7040895448684332,37,3.0586926642681562,1.5955124369358629,3,True,True,0,6,False,False,2,0,False,False,False,nan,nan,nan,78,True,nan
1613,187792.6,3.471680883846926,37,0.6696053026577967,0.6696053026577967,3,False,True,0,6,False,False,3,0,False,False,False,nan,nan,nan,79,True,nan
1614,187792.8,3.3128594346935194,37,0.608733949874695,0.608733949874695,2,True,True,0,6,False,False,4,0,False,False,False,nan,nan,nan,80,True,nan
1615,187793.0,3.230621080556462,37,0.5988436126994323,0.5988436126994323,1,False,True,0,6,False,False,6,0,True,True,False,nan,nan,nan,81,True,3.230621080556462
1616,187793.2,3.3014502143786886,36,0.6517410421517874,0.6517410421517874,2,False,True,0,6,False,False,8,0,False,False,False,nan,nan,nan,82,True,nan
1617,187793.4,3.3193028630033288,35,0.6699641575992814,0.6699641575992814,2,True,True,0,6,False,False,10,0,True,True,False,nan,nan,nan,83,True,3.3193028630033288
1618,187793.6,3.0637737663243736,35,0.583275464031924,0.583275464031924,1,False,True,0,6,False,False,11,0,True,True,False,nan,nan,nan,84,True,3.0637737663243736
1619,187793.8,3.1130483457665896,35,0.6616032004300956,0.6616032004300956,2,False,True,0,6,False,False,14,0,False,False,False,nan,nan,nan,85,True,nan
1620,187794.0,2.9455672568797557,35,0.5838820247049747,0.5838820247049747,1,False,True,0,6,False,False,16,0,True,True,False,nan,nan,nan,86,True,2.9455672568797557
1621,187794.2,2.9603452139602116,35,0.6374011805230403,0.6374011805230403,4,True,True,0,6,False,False,17,0,False,False,False,nan,nan,nan,87,True,nan
1622,187794.4,3.2664352966503425,35,0.7243827156016612,0.7243827156016612,2,False,True,0,6,False,False,21,0,False,False,False,nan,nan,nan,88,True,nan
1623,187794.6,3.693229390395944,34,0.7080810525149378,0.7080810525149378,2,False,True,0,6,False,False,25,0,False,False,False,nan,nan,nan,89,True,nan
1624,187794.8,3.9624805088760677,30,0.676863032859283,0.676863032859283,5,True,True,0,6,False,False,24,0,True,True,False,nan,nan,nan,90,True,3.9624805088760677
1625,187795.0,3.817013800169449,27,1.511330785277474,1.482531639822416,1,False,True,0,6,False,False,24,0,True,True,False,nan,nan,nan,91,True,3.817013800169449
1626,187795.2,3.7607951786170104,26,1.1900206081464164,1.1818782979468356,1,False,True,0,6,False,False,26,0,True,True,False,nan,nan,nan,92,True,3.7607951786170104
1627,187795.4,3.7151887913199935,26,1.0454470861220257,1.0220200083900908,2,False,True,0,6,False,False,25,0,False,False,False,nan,nan,nan,93,True,nan
1628,187795.6,3.31469006596949,27,0.8595335602672144,0.8579265729249366,2,False,True,0,6,False,False,25,0,False,False,False,nan,nan,nan,94,True,nan
1629,187795.8,3.1812371700674666,31,0.805425104768387,0.801567963456364,2,False,True,0,6,False,False,28,0,False,False,False,nan,nan,nan,95,True,nan
1630,187796.0,2.7360131070819484,34,0.6072646088968976,0.6072646088968976,2,False,True,0,6,False,False,30,0,False,False,False,nan,nan,nan,96,True,nan
1631,187796.2,2.6274027618962554,35,0.5339546891993057,0.5339546891993057,4,True,True,0,6,False,False,30,0,False,False,False,nan,nan,nan,97,True,nan
1632,187796.4,2.5271762488350076,35,0.4931596471728507,0.4931596471728507,4,True,True,0,6,False,False,30,0,False,False,False,nan,nan,nan,98,True,nan
1633,187796.6,2.436310819931798,35,0.4852477970646798,0.4852477970646798,4,True,True,0,6,False,False,30,0,False,False,False,nan,nan,nan,99,True,nan
1634,187796.8,2.3656262154788266,35,0.47274626367351585,0.47274626367351585,4,True,True,0,6,False,False,30,0,False,False,False,nan,nan,nan,100,True,nan
1635,187797.0,2.2768400920904033,34,0.5233361971831236,0.5233361971831236,1,False,True,0,6,False,False,29,0,True,True,False,nan,nan,nan,101,True,2.2768400920904033
1636,187797.2,2.2769478158871412,34,0.5146625814628017,0.5146625814628017,2,False,True,0,6,False,False,28,0,False,False,False,nan,nan,nan,102,True,nan
1637,187797.4,2.0217953258682204,33,0.4153017681490465,0.4153017681490465,2,False,True,0,6,False,False,27,0,False,False,False,nan,nan,nan,103,True,nan
1638,187797.6,2.0128769699390534,33,0.8232953535915791,0.790789441625161,2,False,True,0,6,False,False,26,0,False,False,False,nan,nan,nan,104,True,nan
1639,187797.8,1.972177551913735,33,2.5155829948091983,1.4203535578504642,2,False,True,0,6,False,False,25,0,False,False,False,nan,nan,nan,105,True,nan
1640,187798.0,2.0632342192548196,34,2.407466320073767,1.478301490349205,5,True,True,0,6,False,False,25,0,False,False,False,nan,nan,nan,106,True,nan
1641,187798.2,1.9624891026325957,34,2.2440074253954196,1.4203498718687413,5,True,True,0,6,False,False,25,0,False,False,False,nan,nan,nan,107,True,nan
1642,187798.4,1.9035026159168558,34,2.260717514620424,1.5890206532592286,2,True,True,0,6,False,False,24,0,True,True,False,nan,nan,nan,108,True,1.9035026159168558
1643,187798.6,2.1128287699529826,33,1.9809766863956226,1.520576175303965,4,False,True,0,6,False,False,23,0,True,True,False,nan,nan,nan,109,True,2.1128287699529826
1644,187798.8,2.328025787730118,32,1.8928666786625998,1.4966590446975723,2,False,True,0,6,False,False,22,0,False,False,False,nan,nan,nan,110,True,nan
1645,187799.0,2.6731641368461374,31,1.746627245484073,1.4472602934089296,2,False,True,0,6,False,False,20,0,True,True,False,nan,nan,nan,111,True,2.6731641368461374
1646,187799.2,2.8150734408544986,31,1.4120181442856243,1.237582153885498,4,True,True,0,6,False,False,18,0,True,True,False,nan,nan,nan,112,True,2.8150734408544986
1647,187799.4,2.829352294067237,32,1.1895338520566117,1.103833566881334,2,False,True,0,6,False,False,17,0,False,False,False,nan,nan,nan,113,True,nan
1648,187799.6,2.8306770930285063,33,1.1533769091838044,1.0857110823622147,5,True,True,0,6,False,False,16,0,True,True,False,nan,nan,nan,114,True,2.8306770930285063
1649,187799.8,2.61407292790215,34,1.058582726511162,1.058582726511162,4,True,True,0,6,False,False,15,0,True,True,False,nan,nan,nan,115,True,2.61407292790215
1650,187800.0,2.6529045416734416,35,1.0209123456602123,1.0209123456602123,2,False,True,0,6,False,False,16,0,True,True,False,nan,nan,nan,116,True,2.6529045416734416
1651,187800.2,2.7127595838029377,34,0.9260394144354739,0.9260394144354739,3,True,True,0,6,False,False,17,0,True,True,False,nan,nan,nan,117,True,2.7127595838029377
1652,187800.4,2.5470383923478925,34,0.7685534571076325,0.7685534571076325,2,False,True,0,6,False,False,20,0,False,False,False,nan,nan,nan,118,True,nan
1653,187800.6,2.6495143787191764,33,0.7868653070191072,0.7868653070191072,2,False,True,0,6,False,False,22,0,False,False,False,nan,nan,nan,119,True,nan
1654,187800.8,2.667781394622581,33,0.8807846028423284,0.8807846028423284,2,False,True,0,6,False,False,24,0,False,False,False,nan,nan,nan,120,True,nan
1655,187801.0,2.392290684512731,32,0.8403234713881176,0.8403234713881176,2,False,True,0,6,False,False,25,0,False,False,False,nan,nan,nan,121,True,nan
1656,187801.2,2.2177650552286106,32,0.8682554782437316,0.8682554782437316,1,False,True,0,6,False,False,26,0,True,True,False,nan,nan,nan,122,True,2.2177650552286106
1657,187801.4,2.3606894202227138,32,0.949740161139839,0.949740161139839,5,False,True,0,6,False,False,25,0,False,False,False,nan,nan,nan,123,True,nan
1658,187801.6,2.3807549164747286,33,0.9833780167420604,0.9750461640598835,2,False,True,0,6,False,False,25,0,False,False,False,nan,nan,nan,124,True,nan
1659,187801.8,2.4253908521725505,33,1.0727847356276177,1.033366045233866,2,False,True,0,6,False,False,25,0,False,False,False,nan,nan,nan,125,True,nan
1660,187802.0,2.358220257974734,34,1.0863655679992783,1.0467549706169967,1,False,True,0,6,False,False,25,0,True,True,False,nan,nan,nan,126,True,2.358220257974734
1661,187802.2,2.387956831210091,35,1.0414995910910845,1.0100491870377628,2,False,True,0,6,False,False,25,0,False,False,False,nan,nan,nan,127,True,nan
1662,187802.4,2.1299579444204,35,0.9904183377712567,0.9847910339440796,4,True,True,0,6,False,False,25,0,True,True,False,nan,nan,nan,128,True,2.1299579444204
1663,187802.6,2.1247236937691887,35,0.9605469368934264,0.957615845266723,2,False,True,0,6,False,False,25,0,False,False,False,nan,nan,nan,129,True,nan
1664,187802.8,1.5649677607123273,35,0.8570439134350599,0.8570439134350599,2,False,True,0,6,False,False,25,0,False,False,False,nan,nan,nan,130,True,nan
1665,187803.0,1.1040187981473473,36,2.5756110850138234,1.5575111401758606,2,False,True,0,6,False,False,25,0,False,False,False,nan,nan,nan,131,True,nan
1666,187803.2,0.8530352364335364,37,2.17115758883594,1.419858208985834,2,False,True,0,6,False,False,25,0,False,False,False,nan,nan,nan,132,True,nan
1667,187803.4,0.7075846116189412,38,1.8904958901050748,1.3280443884937319,3,False,True,0,6,False,False,25,0,False,False,False,nan,nan,nan,133,True,nan
1668,187803.6,0.5766268593779584,39,1.7710561855443336,1.2972046918365847,3,False,True,0,6,False,False,25,0,False,False,False,nan,nan,nan,134,True,nan
1669,187803.8,0.510389651852393,39,0.6471005657991425,0.6471005657991425,3,False,True,0,6,False,False,25,0,False,False,False,nan,nan,nan,135,True,nan
1670,187804.0,0.4729127911975403,39,1.02678298657202,0.9844256904678756,3,False,True,0,6,False,False,25,0,False,False,False,nan,nan,nan,136,True,nan
1671,187804.2,0.4992380481995309,39,0.8573327212306326,0.8573327212306326,1,False,True,0,6,False,False,25,0,True,True,False,nan,nan,nan,137,True,0.4992380481995309
1672,187804.4,0.6422711726046411,39,0.7330929048531483,0.7330929048531483,1,False,True,0,6,False,False,25,0,True,True,False,nan,nan,nan,138,True,0.6422711726046411
1673,187804.6,0.6808919706676863,39,0.6966382179245318,0.6966382179245318,2,False,True,0,6,False,False,25,0,False,False,False,nan,nan,nan,139,True,nan
1674,187804.8,0.7512970979558035,40,0.5711791595148793,0.5711791595148793,2,False,True,0,6,False,False,25,0,True,True,False,nan,nan,nan,140,True,0.7512970979558035
1675,187805.0,0.8157604069130792,39,0.46395269652364113,0.46395269652364113,2,False,True,0,6,False,False,25,0,False,False,False,nan,nan,nan,141,True,nan
1676,187805.2,0.9221147700644442,38,0.6692860167398241,0.6692860167398241,2,False,True,0,6,False,False,25,0,False,False,False,nan,nan,nan,142,True,nan
1677,187805.4,1.148701111475344,37,0.984700898867356,0.9091264163826224,2,False,True,0,6,False,False,25,0,False,False,False,nan,nan,nan,143,True,nan
1678,187805.6,1.309964953688862,36,1.2462800199007742,1.0612636885422353,2,False,True,0,6,False,False,25,0,False,False,False,nan,nan,nan,144,True,nan
1679,187805.8,1.3103733104082833,34,0.6273040739582741,0.6273040739582741,1,False,True,0,6,False,False,25,0,True,True,False,nan,nan,nan,145,True,1.3103733104082833
1680,187806.0,1.451395900632347,33,0.7560142178392081,0.7560142178392081,2,False,True,0,6,False,False,25,0,False,False,False,nan,nan,nan,146,True,nan
1681,187806.2,1.4779179410800098,32,2.532693114110002,1.434607654596267,1,False,True,0,6,False,False,24,0,True,True,False,nan,nan,nan,147,True,1.4779179410800098
1682,187806.4,1.6236472249320424,32,2.565317160882967,1.3466534175452056,2,False,True,0,6,False,False,25,0,False,False,False,nan,nan,nan,148,True,nan
1683,187806.6,1.8240429636814761,32,2.68781666652278,1.3494343488156924,2,False,True,0,6,False,False,26,0,False,False,False,nan,nan,nan,149,True,nan
1684,187806.8,2.3014544657432383,33,2.7230557299802283,1.3445802040191999,2,False,True,0,6,False,False,28,0,False,False,False,nan,nan,nan,150,True,nan
1685,187807.0,2.6227407244392253,34,2.9224331424604513,1.4282512546631596,2,False,True,0,6,False,False,30,0,False,False,False,nan,nan,nan,151,True,nan
1686,187807.2,2.7170998658703063,35,3.1465636618812662,1.4775921237880711,4,True,True,0,6,False,False,33,0,False,False,False,nan,nan,nan,152,True,nan
1687,187807.4,2.803659111441547,34,0.6369678073527115,0.6369678073527115,4,True,True,0,6,False,False,32,0,False,False,False,nan,nan,nan,153,True,nan
1688,187807.6,2.9708661935855147,33,0.547507649023088,0.547507649023088,3,True,True,0,6,False,False,30,0,True,True,False,nan,nan,nan,154,True,2.9708661935855147
1689,187807.8,3.0197377426687364,32,0.5960626005130019,0.5960626005130019,4,True,True,0,6,False,False,27,0,True,True,False,nan,nan,nan,155,True,3.0197377426687364
1690,187808.0,3.1534238569330038,31,0.6720444108583801,0.6720444108583801,3,False,True,0,6,False,False,23,0,True,True,False,nan,nan,nan,156,True,3.1534238569330038
1691,187808.2,3.054992281837244,30,0.7577135537339357,0.7577135537339357,2,False,True,0,6,False,False,19,0,False,False,False,nan,nan,nan,157,True,nan
1692,187808.4,2.532852582240581,30,0.9216052418751388,0.8604138259451357,4,True,True,0,6,False,False,17,0,True,True,False,nan,nan,nan,158,True,2.532852582240581
1693,187808.6,2.7088329026163143,30,1.3005993210517217,1.0418757158408543,1,False,True,0,6,False,False,17,0,True,True,False,nan,nan,nan,159,True,2.7088329026163143
1694,187808.8,2.7826524213658157,30,1.5283771435097249,1.144492022034021,1,False,True,0,6,False,False,17,0,True,True,False,nan,nan,nan,160,True,2.7826524213658157
1695,187809.0,2.788601780152464,29,0.641355552986141,0.641355552986141,3,False,True,0,6,False,False,18,0,True,True,False,nan,nan,nan,161,True,2.788601780152464
1696,187809.2,2.979511135057063,28,0.7560052232108151,0.7560052232108151,1,False,True,0,6,False,False,19,0,True,True,False,nan,nan,nan,162,True,2.979511135057063
1697,187809.4,3.1948890453272103,27,0.9359629724152005,0.9359629724152005,4,False,True,0,6,False,False,20,0,True,True,False,nan,nan,nan,163,True,3.1948890453272103
1698,187809.6,3.4762394204860483,26,1.0636218622667322,1.0636218622667322,1,False,True,0,6,False,False,20,0,True,True,False,nan,nan,nan,164,True,3.4762394204860483
1699,187809.8,3.761020381385328,25,1.230913957678873,1.230913957678873,1,False,True,0,6,False,False,20,0,True,True,False,nan,nan,nan,165,True,3.761020381385328
1700,187810.0,4.054892017648465,25,1.3762696161413577,1.3604306892107465,2,False,True,0,6,False,False,20,0,False,False,False,nan,nan,nan,166,True,nan
1701,187810.2,4.900197706211723,25,1.7004478026026713,1.5509632471826353,1,False,True,0,6,False,False,20,0,True,True,False,nan,nan,nan,167,True,4.900197706211723
1702,187810.4,5.158122474814613,25,1.7807484602563777,1.4726406978721407,3,True,True,0,6,False,False,20,0,True,True,False,nan,nan,nan,168,True,5.158122474814613
1703,187810.6,5.332762962853878,25,1.826518510314082,1.6182214989698063,2,False,True,0,6,False,False,20,0,False,False,False,nan,nan,nan,169,True,nan
1704,187810.8,5.43281729113225,25,1.8324227773019428,1.614950827953799,2,False,True,0,6,False,False,20,0,False,False,False,nan,nan,nan,170,True,nan
1705,187811.0,5.487543363484357,26,8.539839963493776,2.7993372289864142,2,False,True,0,6,False,False,20,0,False,False,False,nan,nan,nan,171,True,nan
1706,187811.2,5.543027015935743,27,7.887072318656039,2.9366875927012575,2,False,True,0,6,False,False,20,0,False,False,False,nan,nan,nan,172,True,nan
1707,187811.4,23.081288593749978,28,7.4910984836253816,2.6692876189316572,1,False,True,0,0,True,False,20,0,True,True,False,nan,nan,nan,0,True,23.081288593749978
1708,187811.6,15.552081729838878,28,2.975668782934144,2.1871312451229312,2,False,True,0,6,False,False,20,0,True,True,False,nan,nan,nan,1,True,15.552081729838878
1709,187811.8,15.538886224902784,29,4.151158986972448,2.458487974627252,2,False,True,0,6,False,False,20,0,True,True,False,nan,nan,nan,2,True,15.538886224902784
1710,187812.0,15.5647917763579,29,4.097648018042287,2.436186407112205,2,False,True,0,6,False,False,20,0,False,False,False,nan,nan,nan,3,True,nan
1711,187812.2,16.01358637033542,29,3.9838057446566792,2.4003219242986797,2,False,True,0,6,False,False,20,0,True,True,False,nan,nan,nan,4,True,16.01358637033542
1712,187812.4,16.157335294706765,28,2.7419586667026166,2.042864045109621,2,True,True,0,6,False,False,21,0,True,True,False,nan,nan,nan,5,True,16.157335294706765
1713,187812.6,16.321671406517293,28,2.7804787109683566,1.901602629794766,2,False,True,0,6,False,False,22,0,False,False,False,nan,nan,nan,6,True,nan
1714,187812.8,16.422471909539638,27,2.6165543678044063,1.8173780272712186,2,False,True,0,6,False,False,22,0,False,False,False,nan,nan,nan,7,True,nan
1715,187813.0,16.594853586349327,26,2.5661500458860904,1.7947423936774753,2,False,True,0,6,False,False,22,0,False,False,False,nan,nan,nan,8,True,nan
1716,187813.2,16.754498401106243,26,4.222442630739844,2.203251883153302,2,False,True,0,6,False,False,22,0,False,False,False,nan,nan,nan,9,True,nan
1717,187813.4,16.626900409473933,27,4.087356627735586,2.1435189487493322,2,False,True,0,6,False,False,21,0,True,True,False,nan,nan,nan,10,True,16.626900409473933
1718,187813.6,16.523288825736625,28,3.8125422822100443,2.090888549607193,5,True,True,0,6,False,False,20,0,True,True,False,nan,nan,nan,11,True,16.523288825736625
1719,187813.8,16.7397532720709,29,3.612291934738608,2.0522670978425186,6,True,True,0,6,False,False,20,0,True,True,False,nan,nan,nan,12,True,16.7397532720709
1720,187814.0,16.901587908719016,30,3.5497013135617177,2.2517162546340685,2,False,True,0,6,False,False,20,0,False,False,False,nan,nan,nan,13,True,nan
1721,187814.2,17.20524352579249,30,3.494270279154139,2.2519821570480065,1,False,True,0,6,False,False,20,0,True,True,False,nan,nan,nan,14,True,17.20524352579249
1722,187814.4,17.3315655289113,30,3.588630438079974,2.2558813993834126,1,False,True,0,6,False,False,20,0,True,True,False,nan,nan,nan,15,True,17.3315655289113
1723,187814.6,17.47625520821525,30,4.000452472400332,2.3308341660232106,1,False,True,0,6,False,False,20,0,True,True,False,nan,nan,nan,16,True,17.47625520821525
1724,187814.8,17.62619875641306,30,4.3809950649302225,2.538976627075556,2,False,True,0,6,False,False,20,0,True,True,False,nan,nan,nan,17,True,17.62619875641306
1725,187815.0,17.67509870648232,29,2.646261682025636,2.0531996791320304,1,False,True,0,6,False,False,19,0,True,True,False,nan,nan,nan,18,True,17.67509870648232
1726,187815.2,17.790852833191842,28,2.722842132242358,2.043155940529459,1,False,True,0,6,False,False,18,0,True,True,False,nan,nan,nan,19,True,17.790852833191842
1727,187815.4,18.120584140459222,28,3.890851485956435,2.188845967563398,2,False,True,0,6,False,False,18,0,True,True,False,nan,nan,nan,20,True,18.120584140459222
1728,187815.6,18.525812464234644,28,3.279432093683534,2.0247956387707444,2,False,True,0,6,False,False,17,0,True,True,False,nan,nan,nan,21,True,18.525812464234644
1729,187815.8,18.74272931644912,27,3.3107352078871712,2.126354207265398,2,False,True,0,6,False,False,17,0,False,False,False,nan,nan,nan,22,True,nan
1730,187816.0,18.918518252755934,28,3.063051032908334,2.0522714946168503,2,False,True,0,6,False,False,19,0,False,False,False,nan,nan,nan,23,True,nan
1731,187816.2,19.21973816100848,29,3.0516947108136754,2.021919226946258,2,False,True,0,6,False,False,21,0,False,False,False,nan,nan,nan,24,True,nan
1732,187816.4,19.489266736126336,29,3.084967891183013,2.2215878079546556,2,False,True,0,6,False,False,22,0,False,False,False,nan,nan,nan,25,True,nan
1733,187816.6,19.584832206362037,28,3.111657283013762,2.1772259646719276,1,False,True,0,6,False,False,24,0,True,True,False,nan,nan,nan,26,True,19.584832206362037
1734,187816.8,19.375276125880003,29,3.4364095369059857,2.33415984814594,2,False,True,0,6,False,False,25,0,False,False,False,nan,nan,nan,27,True,nan
1735,187817.0,19.084385268022686,29,3.7735320324054453,2.395847328784163,2,False,True,0,6,False,False,25,0,False,False,False,nan,nan,nan,28,True,nan
1736,187817.2,19.03349394727067,29,4.071360276732963,2.4849215624635033,2,False,True,0,6,False,False,25,0,False,False,False,nan,nan,nan,29,True,nan
1737,187817.4,19.109540566471328,29,4.32545188596095,2.540579633081534,2,False,True,0,6,False,False,25,0,False,False,False,nan,nan,nan,30,True,nan
1738,187817.6,19.22341557177608,30,4.362229680952127,2.560053815727207,2,True,True,0,6,False,False,25,0,False,False,False,nan,nan,nan,31,True,nan
1739,187817.8,19.33473197102916,29,3.3356153590732673,2.198839257816464,1,False,True,0,6,False,False,25,0,True,True,False,nan,nan,nan,32,True,19.33473197102916
1740,187818.0,19.165744721663398,28,3.3145652087490465,2.2261840533045127,2,False,True,0,6,False,False,25,0,False,False,False,nan,nan,nan,33,True,nan
1741,187818.2,18.622504508911067,27,3.31871857542412,2.260551027697096,2,False,True,0,6,False,False,25,0,False,False,False,nan,nan,nan,34,True,nan
1742,187818.4,18.166023982534398,26,3.325013790419426,2.2914323507570526,2,False,True,0,6,False,False,25,0,False,False,False,nan,nan,nan,35,True,nan
1743,187818.6,17.85137641726369,25,3.302459324516075,2.1589840109715577,2,False,True,0,6,False,False,25,0,False,False,False,nan,nan,nan,36,True,nan
1744,187818.8,17.803899266280297,26,4.330746533001461,2.391543816650654,2,False,True,0,6,False,False,25,0,False,False,False,nan,nan,nan,37,True,nan
1745,187819.0,17.834498704920367,27,3.645780204167016,2.4072981642142226,2,False,True,0,6,False,False,25,0,False,False,False,nan,nan,nan,38,True,nan
1746,187819.2,17.907218527822824,28,3.342655487021342,2.376786681942134,1,False,True,0,6,False,False,25,0,True,True,False,nan,nan,nan,39,True,17.907218527822824
1747,187819.4,17.91483436202775,29,3.199043390652817,2.2898397486827884,1,False,True,0,6,False,False,25,0,True,True,False,nan,nan,nan,40,True,17.91483436202775
1748,187819.6,18.0894359421112,29,3.232295657196704,2.0495645637042217,3,False,True,0,6,False,False,24,0,False,False,False,nan,nan,nan,41,True,nan
1749,187819.8,18.08526668287808,29,3.068971308420106,2.005842580174954,2,False,True,0,6,False,False,24,0,False,False,False,nan,nan,nan,42,True,nan
1750,187820.0,18.16877983804921,29,3.1457425067492406,2.150906046607704,2,False,True,0,6,False,False,23,0,False,False,False,nan,nan,nan,43,True,nan
1751,187820.2,18.207558273120593,28,3.6302412345550485,2.467210155038997,2,True,True,0,6,False,False,21,0,True,True,False,nan,nan,nan,44,True,18.207558273120593
1752,187820.4,18.30949163216219,28,3.430724160854745,2.253568576208902,2,False,True,0,6,False,False,20,0,False,False,False,nan,nan,nan,45,True,nan
1753,187820.6,18.556377190428904,29,3.4884165896809054,2.24562053837457,2,False,True,0,6,False,False,18,0,True,True,False,nan,nan,nan,46,True,18.556377190428904
1754,187820.8,18.845388433477233,29,3.565858593242562,2.2648494700162263,1,False,True,0,6,False,False,14,0,True,False,False,nan,nan,nan,47,True,nan
1755,187821.0,19.01742949670494,28,2.8849796968898502,2.081742392317532,1,False,True,0,6,False,False,10,0,False,False,False,nan,nan,nan,48,True,nan
1756,187821.2,19.205892918645098,29,3.8996900669099817,2.2516351365532814,2,False,True,0,6,False,False,7,0,False,False,False,nan,nan,nan,49,True,nan
1757,187821.4,19.55493251322146,29,3.844336782595078,2.240196125696287,2,False,True,0,6,False,False,3,0,False,False,False,nan,nan,nan,50,True,nan
1758,187821.6,19.8058138185878,29,3.7045261187485603,2.1791194568394654,2,False,True,0,6,False,False,1,0,False,False,False,nan,nan,nan,51,True,nan
1759,187821.8,19.978368077959097,30,3.699816741569453,2.227032484807281,2,False,True,0,6,False,False,1,0,False,False,False,nan,nan,nan,52,True,nan
1760,187822.0,20.134788386178897,31,3.3378956176009966,2.163307435260442,3,False,True,0,6,False,False,2,0,False,False,False,nan,nan,nan,53,True,nan
1761,187822.2,20.208874331581207,30,3.491804316757421,2.2669056324074073,1,False,True,0,6,False,False,3,0,True,True,False,nan,nan,nan,54,True,20.208874331581207
1762,187822.4,20.380717024843953,30,3.3381651689219796,2.278558313745491,1,False,True,0,6,False,False,4,0,True,True,False,nan,nan,nan,55,True,20.380717024843953
1763,187822.6,20.571786024771622,30,3.4428162743859274,2.3512361901857166,1,False,True,0,6,False,False,6,0,False,False,False,nan,nan,nan,56,True,nan
1764,187822.8,20.73224910756198,26,4.338386746712266,2.5963547505591342,1,False,True,0,6,False,False,7,0,True,True,False,nan,nan,nan,57,True,20.73224910756198
1765,187823.0,20.916495785360276,23,4.241454205710941,2.5637667651127067,1,False,True,0,6,False,False,8,0,True,True,False,nan,nan,nan,58,True,20.916495785360276
1766,187823.2,21.019265042910497,23,3.585968304603618,2.307253394997569,1,False,True,0,6,False,False,9,0,True,True,False,nan,nan,nan,59,True,21.019265042910497
1767,187823.4,21.03381213944986,22,3.594472035779729,2.3371641450358234,3,False,True,0,6,False,False,10,0,True,True,False,nan,nan,nan,60,True,21.03381213944986
1768,187823.6,21.11094816403113,21,3.498825557030339,2.355633026498596,2,False,True,0,6,False,False,10,0,False,False,False,nan,nan,nan,61,True,nan
1769,187823.8,21.280461978929125,23,3.309800937829407,2.2035946803727327,2,False,True,0,6,False,False,10,0,False,False,False,nan,nan,nan,62,True,nan
1770,187824.0,21.380498989193956,25,3.1288228554112067,2.22811154990879,1,False,True,0,6,False,False,10,0,True,True,False,nan,nan,nan,63,True,21.380498989193956
1771,187824.2,21.337263865365188,25,2.9922015725328626,2.113101843021032,1,False,True,0,6,False,False,10,0,True,True,False,nan,nan,nan,64,True,21.337263865365188
1772,187824.4,21.503187367734725,25,3.03680290729525,2.1639226445873545,2,False,True,0,6,False,False,13,0,False,False,False,nan,nan,nan,65,True,nan
1773,187824.6,21.55093021416535,25,2.871468098784465,2.0374997669962718,2,False,True,0,6,False,False,16,0,False,False,False,nan,nan,nan,66,True,nan
1774,187824.8,21.727818873441215,25,2.821033093523892,1.9769584637828543,2,False,True,0,6,False,False,19,0,False,False,False,nan,nan,nan,67,True,nan
1775,187825.0,21.817992915168265,25,2.7658290719022305,1.901256182630759,2,False,True,0,6,False,False,22,0,False,False,False,nan,nan,nan,68,True,nan
1776,187825.2,21.822599681990432,26,4.699888704143093,2.4134259932329845,3,False,True,0,6,False,False,25,0,False,False,False,nan,nan,nan,69,True,nan
1777,187825.4,21.869142322673504,27,4.885349965904767,2.4436720660529465,1,False,True,0,6,False,False,25,0,True,True,False,nan,nan,nan,70,True,21.869142322673504
1778,187825.6,22.046189652547096,28,5.010943846234911,2.4991443870826737,1,False,True,0,6,False,False,25,0,True,True,False,nan,nan,nan,71,True,22.046189652547096
1779,187825.8,22.16289843928107,29,5.038664857387869,2.497892317243954,2,False,True,0,6,False,False,25,0,False,False,False,nan,nan,nan,72,True,nan
1780,187826.0,22.493107937908754,30,4.731528411245266,2.4436546645921737,2,False,True,0,6,False,False,25,0,False,False,False,nan,nan,nan,73,True,nan
1781,187826.2,22.868071657132326,30,4.35345160772938,2.375179854838552,2,False,True,0,6,False,False,25,0,False,False,False,nan,nan,nan,74,True,nan
1782,187826.4,23.18491939855239,30,4.002135089655198,2.3326062396089875,2,False,True,0,6,False,False,25,0,False,False,False,nan,nan,nan,75,True,nan
1783,187826.6,23.395515560255028,30,3.7276261267045996,2.3471327151489487,3,False,True,0,6,False,False,25,0,False,False,False,nan,nan,nan,76,True,nan
1784,187826.8,23.572134905463233,30,3.5682823945835915,2.3020848293710183,1,False,True,0,6,False,False,25,0,True,True,False,nan,nan,nan,77,True,23.572134905463233
1785,187827.0,24.23073495349665,30,3.4325666313632337,2.1736570736556726,2,False,True,0,6,False,False,25,0,False,False,False,nan,nan,nan,78,True,nan
1786,187827.2,24.891650550132823,30,3.4682507832984513,2.18084988976452,2,False,True,0,6,False,False,25,0,False,False,False,nan,nan,nan,79,True,nan
1787,187827.4,25.439187025292995,30,3.576724129653658,2.231526026578269,3,True,True,0,6,False,False,25,0,True,True,False,nan,nan,nan,80,True,25.439187025292995
1788,187827.6,25.529470248049982,30,3.748320827623384,2.364679630969942,2,False,True,0,6,False,False,25,0,False,False,False,nan,nan,nan,81,True,nan
1789,187827.8,25.76258916630311,30,3.9064321817944245,2.3378056994069105,3,False,True,0,6,False,False,25,0,True,True,False,nan,nan,nan,82,True,25.76258916630311
1790,187828.0,25.958388461661222,30,3.9464945797223425,2.3577229292251247,2,False,True,0,6,False,False,25,0,False,False,False,nan,nan,nan,83,True,nan
1791,187828.2,26.40248057637688,30,4.017619638685658,2.370012751408152,1,False,True,0,6,False,False,25,0,True,True,False,nan,nan,nan,84,True,26.40248057637688
1792,187828.4,26.53986186360269,30,4.036646649528388,2.3856992941879698,5,False,True,0,6,False,False,25,0,False,False,False,nan,nan,nan,85,True,nan
1793,187828.6,26.81772751890229,29,4.190569926861072,2.3504242011059713,1,False,True,0,6,False,False,25,0,True,True,False,nan,nan,nan,86,True,26.81772751890229
1794,187828.8,26.949143729835967,28,4.240865788494967,2.362085806928752,2,False,True,0,6,False,False,25,0,False,False,False,nan,nan,nan,87,True,nan
1795,187829.0,27.196912745044934,29,5.576306637285404,2.7387417016088977,2,False,True,0,6,False,False,25,0,False,False,False,nan,nan,nan,88,True,nan
1796,187829.2,27.191491958887816,29,5.899106396757666,2.8243355434381785,2,False,True,0,6,False,False,25,0,False,False,False,nan,nan,nan,89,True,nan
1797,187829.4,27.358126900111404,29,3.8893671494578554,2.2873330230575393,2,False,True,0,6,False,False,25,0,False,False,False,nan,nan,nan,90,True,nan
1798,187829.6,27.3467030316913,31,5.855917628494106,2.7869628666678556,3,False,True,0,6,False,False,24,0,False,False,False,nan,nan,nan,91,True,nan
1799,187829.8,27.38041082055277,32,4.142935334605679,2.3495569439924138,3,False,True,0,6,False,False,23,0,False,False,False,nan,nan,nan,92,True,nan
1800,187830.0,27.46408974269909,31,4.34269578963887,2.418703432880662,3,False,True,0,6,False,False,22,0,False,False,False,nan,nan,nan,93,True,nan
1801,187830.2,27.64028592228148,31,4.282387635672336,2.41249012721286,1,False,True,0,6,False,False,22,0,True,True,False,nan,nan,nan,94,True,27.64028592228148
1802,187830.4,27.726012051380167,32,6.331329436829756,2.891593930294929,1,False,True,0,6,False,False,22,0,True,True,False,nan,nan,nan,95,True,27.726012051380167
1803,187830.6,27.8397490972521,32,6.686647055954348,3.2338805963969492,2,False,True,0,6,False,False,23,0,False,False,False,nan,nan,nan,96,True,nan
1804,187830.8,25.387978463889187,33,6.843438255850172,3.2810646808126798,2,False,True,0,0,True,False,24,0,False,False,False,nan,nan,nan,0,True,nan
1805,187831.0,25.37624078802377,33,4.464067599849592,2.586748117582071,6,True,True,0,6,False,False,25,0,False,False,False,nan,nan,nan,1,True,nan
1806,187831.2,25.427007430650015,33,4.366009827378501,2.5361654172873442,4,False,True,0,6,False,False,25,0,False,False,False,nan,nan,nan,2,True,nan
1807,187831.4,25.556303563742713,32,4.3150729367114256,2.410037285842385,3,True,True,0,6,False,False,25,0,False,False,False,nan,nan,nan,3,True,nan
1808,187831.6,25.73064899571602,31,4.258229700034518,2.4258670746190365,3,True,True,0,6,False,False,25,0,False,False,False,nan,nan,nan,4,True,nan
1809,187831.8,25.913162375296945,30,4.069112830349306,2.1671783989144933,1,False,True,0,6,False,False,25,0,True,True,False,nan,nan,nan,5,True,25.913162375296945
1810,187832.0,26.022939702125832,30,3.947522821291534,2.1349289292762017,2,False,True,0,6,False,False,25,0,False,False,False,nan,nan,nan,6,True,nan
1811,187832.2,26.318790330485406,30,3.8823267747791874,2.105977015970629,1,False,True,0,6,False,False,25,0,True,True,False,nan,nan,nan,7,True,26.318790330485406
1812,187832.4,26.419942482469175,30,3.893732479919189,2.1063936189234003,1,False,True,0,6,False,False,25,0,False,False,False,nan,nan,nan,8,True,nan
1813,187832.6,26.880418636317224,30,4.066550107065363,2.179585022828145,1,False,True,0,6,False,False,25,0,True,True,False,nan,nan,nan,9,True,26.880418636317224
1814,187832.8,26.974596719524225,30,4.341766884692516,2.2350738256383225,2,False,True,0,6,False,False,25,0,False,False,False,nan,nan,nan,10,True,nan
1815,187833.0,27.38264693320092,30,4.411524342959256,2.261657473251745,2,False,True,0,6,False,False,25,0,False,False,False,nan,nan,nan,11,True,nan
1816,187833.2,27.445948578742165,30,4.581134603457385,2.2890677609526016,2,False,True,0,6,False,False,25,0,False,False,False,nan,nan,nan,12,True,nan
1817,187833.4,27.6723566145607,30,4.7164838747717,2.3202529836932455,2,False,True,0,6,False,False,25,0,False,False,False,nan,nan,nan,13,True,nan
1818,187833.6,27.850192826994984,30,4.765501128836891,2.3203969273999814,2,True,True,0,6,False,False,25,0,False,False,False,nan,nan,nan,14,True,nan
1819,187833.8,28.002364117566984,30,4.86522735760425,2.5686647037565113,2,True,True,0,6,False,False,25,0,False,False,False,nan,nan,nan,15,True,nan
1820,187834.0,28.143174441500793,30,4.90982118543795,2.5354532582525238,2,True,True,0,6,False,False,25,0,False,False,False,nan,nan,nan,16,True,nan
1821,187834.2,28.293886060844308,30,4.998609999862927,2.3218445927132167,2,True,True,0,6,False,False,25,0,False,False,False,nan,nan,nan,17,True,nan
1822,187834.4,28.43863374983552,30,5.015535371792322,2.3144217755627716,2,True,True,0,6,False,False,25,0,True,True,False,nan,nan,nan,18,True,28.43863374983552
1823,187834.6,28.770899291035423,30,5.061538103748533,2.319433504742606,1,False,True,0,6,False,False,25,0,True,True,False,nan,nan,nan,19,True,28.770899291035423
1824,187834.8,28.846732489316537,30,5.118964981425837,2.3271874958408914,2,False,True,0,6,False,False,25,0,True,True,False,nan,nan,nan,20,True,28.846732489316537
1825,187835.0,29.24819157887026,30,5.035916392804492,2.5006894810083513,2,False,True,0,6,False,False,25,0,True,True,False,nan,nan,nan,21,True,29.24819157887026
1826,187835.2,29.262999536164564,31,15.134060322255074,3.7808097879045786,2,False,True,0,6,False,False,25,0,False,False,False,nan,nan,nan,22,True,nan
1827,187835.4,28.46076778271332,32,14.862877005505304,3.7889244633133803,2,False,True,0,6,False,False,25,0,False,False,False,nan,nan,nan,23,True,nan
1828,187835.6,24.9206162396686,33,14.849649088097767,3.7830060504517578,2,False,True,0,0,True,False,25,0,False,False,False,nan,nan,nan,0,True,nan
1829,187835.8,23.93426299786673,34,11.694280713822724,3.9256857339507856,9,False,True,0,6,False,False,25,0,False,False,False,nan,nan,nan,1,True,nan
1830,187836.0,23.66669543653902,34,8.233802105642546,3.5573115137591613,3,False,True,0,6,False,False,25,0,False,False,False,nan,nan,nan,2,True,nan
1831,187836.2,37.1937357241955,33,8.224279915289435,3.540467705585339,3,True,True,0,0,True,False,25,0,False,False,False,nan,nan,nan,0,True,nan
1832,187836.4,37.45945343991867,32,4.398646672475004,2.4645111795736185,13,True,True,0,6,False,False,25,0,False,False,False,nan,nan,nan,1,True,nan
1833,187836.6,37.639701666108806,31,4.4415710002198905,2.4665554594178407,4,False,True,0,6,False,False,25,0,False,False,False,nan,nan,nan,2,True,nan
1834,187836.8,37.82859410396479,30,4.494922084206991,2.459258876119353,4,False,True,0,6,False,False,25,0,False,False,False,nan,nan,nan,3,True,nan
1835,187837.0,37.98498384125883,30,4.516092142759393,2.439818137938749,1,False,True,0,6,False,False,25,0,True,True,False,nan,nan,nan,4,True,37.98498384125883
1836,187837.2,38.09358004499144,29,4.932375185585773,2.5524804983514917,2,False,True,0,6,False,False,25,0,False,False,False,nan,nan,nan,5,True,nan
1837,187837.4,38.17339478738622,29,4.505035229743534,2.3917274857646187,2,False,True,0,6,False,False,25,0,False,False,False,nan,nan,nan,6,True,nan
1838,187837.6,38.22779241958534,29,4.532105206515093,2.361743204337335,1,False,True,0,6,False,False,25,0,True,True,False,nan,nan,nan,7,True,38.22779241958534
1839,187837.8,38.25906578691241,29,4.559281972018113,2.4300777849590927,2,False,True,0,6,False,False,25,0,True,True,False,nan,nan,nan,8,True,38.25906578691241
1840,187838.0,38.287117077945005,29,4.54398366723779,2.199273984636911,2,False,True,0,6,False,False,25,0,False,False,False,nan,nan,nan,9,True,nan
1841,187838.2,38.38330396550159,30,4.5652668967764765,2.1872034684172514,2,False,True,0,6,False,False,25,0,False,False,False,nan,nan,nan,10,True,nan
1842,187838.4,38.69794769602205,30,4.6148632637512215,2.2047126810800264,2,False,True,0,6,False,False,25,0,False,False,False,nan,nan,nan,11,True,nan
1843,187838.6,38.900500877760834,30,4.634505540880282,2.4457251248916014,2,False,True,0,6,False,False,25,0,False,False,False,nan,nan,nan,12,True,nan
1844,187838.8,38.986851685238435,31,20.914306411672634,4.125768346233641,3,True,True,0,6,False,False,25,0,False,False,False,nan,nan,nan,13,True,nan
1845,187839.0,35.20636274800519,32,19.83613774256685,4.073795287373902,2,False,True,0,6,False,False,25,0,True,True,False,nan,nan,nan,14,True,35.20636274800519
1846,187839.2,25.89233042830915,33,19.92994314819259,4.08993311757209,2,False,True,0,0,True,False,25,0,False,False,False,nan,nan,nan,0,True,nan
1847,187839.4,24.618876227156992,34,14.495958830380287,4.3647406666690305,1,False,True,0,6,False,False,25,0,True,True,False,nan,nan,nan,1,True,24.618876227156992
1848,187839.6,24.62164291893232,35,14.647018871803722,4.379352117419081,2,False,True,0,6,False,False,25,0,False,False,False,nan,nan,nan,2,True,nan
1849,187839.8,25.92255515471716,35,14.872446847762975,4.411278399080912,2,False,True,0,0,True,False,25,0,False,False,False,nan,nan,nan,0,True,nan
1850,187840.0,24.94465348560795,35,15.12015880864151,4.453369319685903,3,False,True,0,6,False,False,25,0,False,False,False,nan,nan,nan,1,True,nan
1851,187840.2,25.478424481889927,35,15.31111468472322,4.482016012882165,4,True,True,0,6,False,False,25,0,False,False,False,nan,nan,nan,2,True,nan
1852,187840.4,38.14852101070579,34,11.743340977715857,3.9442414705546343,4,True,True,0,0,True,False,25,0,False,False,False,nan,nan,nan,0,True,nan
1853,187840.6,38.0657223188185,33,4.760355822109929,2.298154842327926,6,True,True,0,6,False,False,25,0,False,False,False,nan,nan,nan,1,True,nan
1854,187840.8,38.10211790979497,32,4.73049826116404,2.2638214491493667,1,False,True,0,6,False,False,25,0,True,True,False,nan,nan,nan,2,True,38.10211790979497
1855,187841.0,38.14567725713505,31,4.686713651822329,2.255387244481022,2,False,True,0,6,False,False,25,0,False,False,False,nan,nan,nan,3,True,nan
1856,187841.2,38.55544788814818,30,4.663139185695043,2.2446230246655814,1,False,True,0,6,False,False,25,0,True,True,False,nan,nan,nan,4,True,38.55544788814818
1857,187841.4,38.58532001155831,30,4.624783039564249,2.5061049327057314,1,False,True,0,6,False,False,25,0,True,True,False,nan,nan,nan,5,True,38.58532001155831
1858,187841.6,38.63073597606146,31,23.76707880071688,4.352967027991665,1,False,True,0,6,False,False,25,0,False,False,False,nan,nan,nan,6,True,nan
1859,187841.8,35.947568883478255,32,22.96218435387465,4.324530413138209,2,False,True,0,6,False,False,25,0,False,False,False,nan,nan,nan,7,True,nan
1860,187842.0,26.066560404714515,33,22.00396132390366,4.2883284528027446,5,True,True,0,0,True,False,25,0,False,False,False,nan,nan,nan,0,True,nan
1861,187842.2,24.7509408649399,34,15.656313449521663,4.50736175248959,1,False,True,0,6,False,False,25,0,True,True,False,nan,nan,nan,1,True,24.7509408649399
1862,187842.4,24.550516449108276,35,15.659784227943804,4.494552918106183,2,False,True,0,6,False,False,25,0,False,False,False,nan,nan,nan,2,True,nan
1863,187842.6,26.461446801980884,35,15.675961251746847,4.503718190619988,2,False,True,0,0,True,False,25,0,False,False,False,nan,nan,nan,0,True,nan
1864,187842.8,25.2294302488935,35,15.639902965668933,4.524807590828016,3,True,True,0,6,False,False,27,0,False,False,False,nan,nan,nan,1,True,nan
1865,187843.0,25.74373447272191,35,15.344297833806491,4.516551752970595,4,True,True,0,6,False,False,29,0,False,False,False,nan,nan,nan,2,True,nan
1866,187843.2,25.376797487562296,35,15.217568417669245,4.522421205981377,3,True,True,0,0,True,False,31,0,False,False,False,nan,nan,nan,0,True,nan
1867,187843.4,24.44612914334378,34,10.682766815343767,3.7730113245807386,4,False,True,0,6,False,False,32,0,False,False,False,nan,nan,nan,1,True,nan
1868,187843.6,24.04660449259253,33,10.446801904140555,4.1246988393875545,3,False,True,0,6,False,False,33,0,False,False,False,nan,nan,nan,2,True,nan
1869,187843.8,0.5379137730258028,31,9.099531910738454,3.8482086152938746,4,True,True,0,0,True,False,31,0,False,False,False,nan,nan,nan,0,True,nan
1870,187844.0,1.1250015525305117,29,0.49450063820949647,0.49450063820949647,8,True,True,0,6,False,False,29,0,False,False,False,nan,nan,nan,1,True,nan
1871,187844.2,1.2440142185081295,27,0.6452962153126255,0.6452962153126255,2,True,True,0,6,False,False,27,0,False,False,False,nan,nan,nan,2,True,nan
1872,187844.4,1.2887781065863277,26,0.563612722799605,0.563612722799605,1,False,True,0,6,False,False,26,0,True,True,False,nan,nan,nan,3,True,1.2887781065863277
1873,187844.6,1.2833308745027092,25,0.5572714549122032,0.5572714549122032,1,False,True,0,6,False,False,25,0,True,True,False,nan,nan,nan,4,True,1.2833308745027092
1874,187844.8,1.2959231452198805,25,0.5084356164992244,0.5084356164992244,2,True,True,0,6,False,False,25,0,False,False,False,nan,nan,nan,5,True,nan
1875,187845.0,1.0912168405393363,25,0.5073995247704272,0.5073995247704272,2,False,True,0,6,False,False,25,0,False,False,False,nan,nan,nan,6,True,nan
1876,187845.2,0.8854306341396111,25,0.4809364309056357,0.4809364309056357,2,False,True,0,6,False,False,25,0,False,False,False,nan,nan,nan,7,True,nan
1877,187845.4,0.9942212800459128,25,0.5725302685599302,0.5725302685599302,2,False,True,0,6,False,False,25,0,False,False,False,nan,nan,nan,8,True,nan
1878,187845.6,0.953641329906897,25,0.5307404427080243,0.5307404427080243,4,True,True,0,6,False,False,25,0,False,False,False,nan,nan,nan,9,True,nan
1879,187845.8,0.9144976322789193,25,0.5206258606653738,0.5206258606653738,4,True,True,0,6,False,False,25,0,False,False,False,nan,nan,nan,10,True,nan
1880,187846.0,0.8720470939112638,25,0.5155289520527291,0.5155289520527291,4,True,True,0,6,False,False,25,0,False,False,False,nan,nan,nan,11,True,nan
1881,187846.2,0.8397904354133449,25,0.43576930179510204,0.43576930179510204,4,True,True,0,6,False,False,25,0,False,False,False,nan,nan,nan,12,True,nan
1882,187846.4,0.810842199280942,25,0.40487347663547035,0.40487347663547035,4,True,True,0,6,False,False,25,0,False,False,False,nan,nan,nan,13,True,nan
1883,187846.6,0.7815914258432605,25,0.39376659711381246,0.39376659711381246,4,True,True,0,6,False,False,25,0,False,False,False,nan,nan,nan,14,True,nan
1884,187846.8,0.7530284587729343,25,0.3605213739136113,0.3605213739136113,1,False,True,0,6,False,False,25,0,True,True,False,nan,nan,nan,15,True,0.7530284587729343
1885,187847.0,0.7222388210673208,25,0.3183906497184794,0.3183906497184794,1,False,True,0,6,False,False,25,0,True,True,False,nan,nan,nan,16,True,0.7222388210673208
1886,187847.2,0.7086013722916837,25,0.3903302684601883,0.3903302684601883,2,False,True,0,6,False,False,25,0,False,False,False,nan,nan,nan,17,True,nan
1887,187847.4,0.8403612353802251,25,0.5589033478411363,0.5589033478411363,2,False,True,0,6,False,False,25,0,True,True,False,nan,nan,nan,18,True,0.8403612353802251
1888,187847.6,1.0873285125594148,25,0.6698658910344539,0.6698658910344539,2,False,True,0,6,False,False,25,0,False,False,False,nan,nan,nan,19,True,nan
1889,187847.8,1.4086085003101292,25,0.9191527074610103,0.9191527074610103,2,False,True,0,6,False,False,25,0,False,False,False,nan,nan,nan,20,True,nan
1890,187848.0,1.6971454361121903,25,1.1145632834382386,1.061676297944431,5,True,True,0,6,False,False,25,0,True,True,False,nan,nan,nan,21,True,1.6971454361121903
1891,187848.2,1.9864141611959016,25,1.3062575155757958,1.168615354490927,2,False,True,0,6,False,False,25,0,False,False,False,nan,nan,nan,22,True,nan
1892,187848.4,2.315777174391495,25,1.5793675389000728,1.3095071859885163,2,True,True,0,6,False,False,25,0,True,True,False,nan,nan,nan,23,True,2.315777174391495
1893,187848.6,2.443979633804242,25,1.6942527860951275,1.3661112569665559,2,False,True,0,6,False,False,25,0,False,False,False,nan,nan,nan,24,True,nan
1894,187848.8,2.784995292052472,25,1.9759184646354448,1.507232655902049,2,False,True,0,6,False,False,25,0,False,False,False,nan,nan,nan,25,True,nan
1895,187849.0,3.0082355317841007,25,2.260264861930049,1.6382720140885008,2,False,True,0,6,False,False,25,0,False,False,False,nan,nan,nan,26,True,nan
1896,187849.2,3.079509935176253,25,2.306415648410465,1.667887368768729,2,False,True,0,6,False,False,25,0,False,False,False,nan,nan,nan,27,True,nan
1897,187849.4,2.937593154561852,25,2.183095226741044,1.6203531368216042,1,False,True,0,6,False,False,25,0,True,True,False,nan,nan,nan,28,True,2.937593154561852
1898,187849.6,3.015964285636744,25,2.1599710000436056,1.6084985091134971,2,False,True,0,6,False,False,25,0,False,False,False,nan,nan,nan,29,True,nan
1899,187849.8,3.2601677165070257,25,2.0666003672773616,1.6558579527331956,2,False,True,0,6,False,False,25,0,True,True,False,nan,nan,nan,30,True,3.2601677165070257
1900,187850.0,3.419083301666196,25,1.9555370328016626,1.5865044761211962,4,True,True,0,6,False,False,25,0,True,True,False,nan,nan,nan,31,True,3.419083301666196
1901,187850.2,3.9313914750306025,25,1.84778504716837,1.5175003048158207,2,False,True,0,6,False,False,25,0,False,False,False,nan,nan,nan,32,True,nan
1902,187850.4,4.556297131748982,26,34.478386203624396,5.833313608567016,2,False,True,0,6,False,False,25,0,False,False,False,nan,nan,nan,33,True,nan
1903,187850.6,8.599295856684277,27,32.94734292354088,5.715135463040084,2,False,True,0,6,False,False,25,0,False,False,False,nan,nan,nan,34,True,nan
1904,187850.8,72.8661735490608,28,30.79679377950725,5.594762559566225,2,False,True,0,0,True,False,25,0,True,True,False,nan,nan,nan,0,True,72.8661735490608
1905,187851.0,54.17574166106543,29,15.688220002914921,4.699113309765529,3,False,True,0,6,False,False,25,0,False,False,False,nan,nan,nan,1,True,nan
1906,187851.2,54.15377380939592,29,7.472205816348141,3.514444409810461,2,True,True,0,6,False,False,25,0,False,False,False,nan,nan,nan,2,True,nan
1907,187851.4,0.583032662496785,28,7.552365056752192,3.5299616643944174,6,True,True,0,0,True,False,25,0,False,False,False,nan,nan,nan,0,True,nan
1908,187851.6,0.9487029045573822,27,0.6751757039230507,0.6751757039230507,7,True,True,0,6,False,False,25,0,False,False,False,nan,nan,nan,1,True,nan
1909,187851.8,1.0512776467461726,27,34.931892668603766,5.758827479571727,2,True,True,0,6,False,False,25,0,False,False,False,nan,nan,nan,2,True,nan
1910,187852.0,4.103067723888438,26,1.1417525003351041,1.1417525003351041,4,True,True,0,6,False,False,25,0,False,False,False,nan,nan,nan,3,True,nan
1911,187852.2,3.908823401298228,26,1.0752569830140568,1.0752569830140568,4,True,True,0,6,False,False,25,0,False,False,False,nan,nan,nan,4,True,nan
1912,187852.4,3.8864945186638002,27,32.938607051703706,5.641270210144183,4,True,True,0,6,False,False,25,0,False,False,False,nan,nan,nan,5,True,nan
1913,187852.6,9.706360958230217,28,30.599948960088252,5.515292548721649,7,True,True,0,6,False,False,25,0,False,False,False,nan,nan,nan,6,True,nan
1914,187852.8,69.41077588067117,28,28.343991481880835,5.3920361016837575,12,True,True,0,0,True,False,25,0,False,False,False,nan,nan,nan,0,True,nan
1915,187853.0,69.13923420554663,29,10.672214875792228,4.090755664323045,8,False,True,0,6,False,False,25,0,False,False,False,nan,nan,nan,1,True,nan
1916,187853.2,69.10320073185305,30,10.457754345021007,4.0470671803321006,1,False,True,0,6,False,False,25,0,True,True,False,nan,nan,nan,2,True,69.10320073185305
1917,187853.4,1.01351695118305,29,9.21976101903513,3.5581084460550643,2,False,True,0,0,True,False,25,0,False,False,False,nan,nan,nan,0,True,nan
1918,187853.6,1.579773312175919,28,0.7141787089156202,0.7141787089156202,7,True,True,0,6,False,False,25,0,False,False,False,nan,nan,nan,1,True,nan
1919,187853.8,1.6620477480566391,27,0.6745596869471104,0.6745596869471104,2,True,True,0,6,False,False,25,0,False,False,False,nan,nan,nan,2,True,nan
1920,187854.0,1.6555084545762904,26,0.6690129683354362,0.6690129683354362,4,True,True,0,6,False,False,25,0,False,False,False,nan,nan,nan,3,True,nan
1921,187854.2,1.5874638198812403,25,0.6760398699832127,0.6760398699832127,4,True,True,0,6,False,False,25,0,False,False,False,nan,nan,nan,4,True,nan
1922,187854.4,1.524707649328134,25,0.6709422208003994,0.6709422208003994,1,False,True,0,6,False,False,25,0,True,True,False,nan,nan,nan,5,True,1.524707649328134
1923,187854.6,1.5218150002782365,25,0.653372297792747,0.653372297792747,2,False,True,0,6,False,False,25,0,False,False,False,nan,nan,nan,6,True,nan
1924,187854.8,1.4582254816500215,25,0.6362698004674275,0.6362698004674275,2,False,True,0,6,False,False,25,0,False,False,False,nan,nan,nan,7,True,nan
1925,187855.0,1.4707740904921611,25,0.6597931167176615,0.6597931167176615,2,False,True,0,6,False,False,25,0,False,False,False,nan,nan,nan,8,True,nan
1926,187855.2,1.5914537210951876,25,0.6936788716234475,0.6936788716234475,2,False,True,0,6,False,False,25,0,False,False,False,nan,nan,nan,9,True,nan
1927,187855.4,1.565927810439666,25,0.6882890643171603,0.6882890643171603,1,False,True,0,6,False,False,25,0,True,True,False,nan,nan,nan,10,True,1.565927810439666
1928,187855.6,1.621016747925832,25,0.6897186053267267,0.6897186053267267,2,False,True,0,6,False,False,25,0,False,False,False,nan,nan,nan,11,True,nan
1929,187855.8,1.7013862979214112,25,0.6650361566859241,0.6650361566859241,1,False,True,0,6,False,False,25,0,True,True,False,nan,nan,nan,12,True,1.7013862979214112
1930,187856.0,1.7265275207744597,26,1.7932879042426078,1.203204660873895,2,False,True,0,6,False,False,26,0,False,False,False,nan,nan,nan,13,True,nan
1931,187856.2,2.0664948236829805,28,18.50910295442835,3.7308846429044853,2,False,True,0,6,False,False,27,0,False,False,False,nan,nan,nan,14,True,nan
1932,187856.4,4.065354116484077,30,17.892891418217076,3.6797114020909936,2,False,True,0,6,False,False,28,0,False,False,False,nan,nan,nan,15,True,nan
1933,187856.6,32.878696333003006,32,17.309951252664025,3.6479735011141012,2,False,True,0,0,True,False,29,0,False,False,False,nan,nan,nan,0,True,nan
1934,187856.8,30.923365295554955,33,7.585504479025159,3.477012249114248,7,False,True,0,6,False,False,30,0,False,False,False,nan,nan,nan,1,True,nan
1935,187857.0,30.399869106011217,33,7.422188121146743,3.444616785439554,1,False,True,0,6,False,False,30,0,True,True,False,nan,nan,nan,2,True,30.399869106011217
1936,187857.2,6.5544900979423195,32,7.432620868505387,3.443860356415102,2,False,True,0,0,True,False,30,0,False,False,False,nan,nan,nan,0,True,nan
1937,187857.4,6.658146826896315,31,1.0418585519817927,1.0118716196226847,9,True,True,0,6,False,False,30,0,False,False,False,nan,nan,nan,1,True,nan
1938,187857.6,6.650202141301765,30,1.0076214690262255,0.9929605650632831,3,False,True,0,6,False,False,30,0,False,False,False,nan,nan,nan,2,True,nan
1939,187857.8,6.647201856502326,30,0.9982663905362521,0.9982110903047469,3,False,True,0,6,False,False,30,0,False,False,False,nan,nan,nan,3,True,nan
1940,187858.0,6.63787149707615,30,0.9599803979014244,0.9597396500111544,3,True,True,0,6,False,False,30,0,False,False,False,nan,nan,nan,4,True,nan
1941,187858.2,6.635579503171403,30,0.9564979240839592,0.9520196590847289,2,True,True,0,6,False,False,30,0,False,False,False,nan,nan,nan,5,True,nan
1942,187858.4,6.6291296727165845,30,0.9577473480743474,0.9339721469769416,2,True,True,0,6,False,False,30,0,False,False,False,nan,nan,nan,6,True,nan
1943,187858.6,6.625648659522502,30,0.9982697169820608,0.9623952719989591,2,True,True,0,6,False,False,30,0,False,False,False,nan,nan,nan,7,True,nan
1944,187858.8,6.628733536179692,30,1.0223617611751195,0.986593088996337,2,True,True,0,6,False,False,30,0,False,False,False,nan,nan,nan,8,True,nan
1945,187859.0,6.6337803733213185,30,0.9937222395855891,0.9430788574324604,2,True,True,0,6,False,False,30,0,False,False,False,nan,nan,nan,9,True,nan
1946,187859.2,6.638375859202135,30,0.9702583485509346,0.9216423250374413,2,True,True,0,6,False,False,30,0,False,False,False,nan,nan,nan,10,True,nan
1947,187859.4,6.639501852227308,30,0.9614433045609732,0.9180045802323872,2,True,True,0,6,False,False,30,0,False,False,False,nan,nan,nan,11,True,nan
1948,187859.6,6.638991857932291,30,0.957529969522926,0.9078024618015981,2,True,True,0,6,False,False,30,0,False,False,False,nan,nan,nan,12,True,nan
1949,187859.8,6.625202397412271,30,0.9239660381132745,0.887339939829266,2,True,True,0,6,False,False,30,0,False,False,False,nan,nan,nan,13,True,nan
1950,187860.0,6.60515811219863,30,0.9357444190504798,0.9089205732803901,2,True,True,0,6,False,False,30,0,False,False,False,nan,nan,nan,14,True,nan
1951,187860.2,6.569468311939616,30,0.9542890207200597,0.9290493223369364,3,True,True,0,6,False,False,30,0,False,False,False,nan,nan,nan,15,True,nan
1952,187860.4,6.524114888267976,30,0.9597153880792313,0.9361434409226884,3,True,True,0,6,False,False,30,0,False,False,False,nan,nan,nan,16,True,nan
1953,187860.6,6.462985842344863,30,0.9454292225042623,0.9049513952853615,3,True,True,0,6,False,False,30,0,False,False,False,nan,nan,nan,17,True,nan
1954,187860.8,6.395455234811564,30,0.9579827794973268,0.9141096608101303,3,True,True,0,6,False,False,30,0,False,False,False,nan,nan,nan,18,True,nan
1955,187861.0,6.321191059147148,30,0.988504114367419,0.933034327450047,1,False,True,0,6,False,False,30,0,True,True,False,nan,nan,nan,19,True,6.321191059147148
1956,187861.2,6.320010120685585,30,1.0355792907000183,0.9754018837293719,2,False,True,0,6,False,False,30,0,False,False,False,nan,nan,nan,20,True,nan
1957,187861.4,6.535029405850482,30,1.2111586893642174,1.0327589263848032,2,False,True,0,6,False,False,30,0,False,False,False,nan,nan,nan,21,True,nan
1958,187861.6,6.886647766246628,30,1.5909838521031496,1.2889203221607528,2,False,True,0,6,False,False,30,0,False,False,False,nan,nan,nan,22,True,nan
1959,187861.8,7.116036734733463,30,1.673174372689362,1.3037605028644281,2,False,True,0,6,False,False,30,0,False,False,False,nan,nan,nan,23,True,nan
1960,187862.0,6.988008923783471,30,1.6832444988734634,1.2422681313359452,1,False,True,0,6,False,False,30,0,True,True,False,nan,nan,nan,24,True,6.988008923783471
1961,187862.2,6.964340708252079,31,20.304986635676315,4.347387921722392,2,False,True,0,6,False,False,30,0,False,False,False,nan,nan,nan,25,True,nan
1962,187862.4,7.1510291731234785,31,1.8296371429813107,1.3294463701310675,2,False,True,0,6,False,False,30,0,False,False,False,nan,nan,nan,26,True,nan
1963,187862.6,7.500621572729151,32,19.891767167533366,4.3212141551083985,2,False,True,0,6,False,False,30,0,False,False,False,nan,nan,nan,27,True,nan
1964,187862.8,8.422475179773944,32,2.2263547103317567,1.4403569385531922,2,False,True,0,6,False,False,30,0,True,True,False,nan,nan,nan,28,True,8.422475179773944
1965,187863.0,8.3979266650897,32,2.216073227999214,1.4281014305009965,2,False,True,0,6,False,False,30,0,False,False,False,nan,nan,nan,29,True,nan
1966,187863.2,8.524539485694335,32,19.09721866026683,4.276045362290598,1,False,True,0,6,False,False,30,0,True,True,False,nan,nan,nan,30,True,8.524539485694335
1967,187863.4,8.519797199134759,33,19.236457603025098,4.295530581969288,3,False,True,0,6,False,False,30,0,False,False,False,nan,nan,nan,31,True,nan
1968,187863.6,28.91588250959692,33,19.044604955121567,4.305750931252685,2,False,True,0,0,True,False,30,0,False,False,False,nan,nan,nan,0,True,nan
1969,187863.8,27.277473820043074,34,12.793069598313911,4.218709800686395,1,False,True,0,6,False,False,30,0,True,True,False,nan,nan,nan,1,True,27.277473820043074
1970,187864.0,27.08242221020961,35,12.840168789776003,4.220826800901323,2,False,True,0,6,False,False,30,0,False,False,False,nan,nan,nan,2,True,nan
1971,187864.2,1.611783610882175,34,7.2867839822049545,3.3303588227463274,2,False,True,0,0,True,False,30,0,False,False,False,nan,nan,nan,0,True,nan
1972,187864.4,2.1835321074755205,33,0.5557531620307486,0.5557531620307486,7,True,True,0,6,False,False,30,0,False,False,False,nan,nan,nan,1,True,nan
1973,187864.6,2.2629228454879438,33,21.527998579458533,4.356986082900829,2,True,True,0,6,False,False,30,0,False,False,False,nan,nan,nan,2,True,nan
1974,187864.8,6.474981428921233,33,19.70746348159486,4.3488436939180595,4,True,True,0,6,False,False,30,0,False,False,False,nan,nan,nan,3,True,nan
1975,187865.0,29.246852759895,33,18.731840051082383,4.321568081143529,4,True,True,0,0,True,False,30,0,False,False,False,nan,nan,nan,0,True,nan
1976,187865.2,27.68093315726413,34,12.966835670878558,4.257010471748169,8,True,True,0,6,False,False,30,0,False,False,False,nan,nan,nan,1,True,nan
1977,187865.4,27.335827382424704,35,13.026669172685619,4.2658611737765835,4,True,True,0,6,False,False,30,0,False,False,False,nan,nan,nan,2,True,nan
1978,187865.6,28.769710580243135,35,13.276347952420643,4.293086631742707,1,False,True,0,0,True,False,30,0,True,True,False,nan,nan,nan,0,True,28.769710580243135
1979,187865.8,27.82283324959805,35,13.270477091613385,4.307960125865592,2,False,True,0,6,False,False,30,0,False,False,False,nan,nan,nan,1,True,nan
1980,187866.0,27.889827734396142,35,13.242794951025923,4.313360625745263,2,False,True,0,6,False,False,30,0,False,False,False,nan,nan,nan,2,True,nan
1981,187866.2,27.481744124650923,35,13.248237186461578,4.662221436344805,2,False,True,0,0,True,False,30,0,False,False,False,nan,nan,nan,0,True,nan
1982,187866.4,26.686826315846936,35,13.753844202697353,4.73652325709113,5,False,True,0,6,False,False,30,0,False,False,False,nan,nan,nan,1,True,nan
1983,187866.6,26.312987201031458,35,13.97436976323972,4.73449646389669,5,False,True,0,6,False,False,30,0,False,False,False,nan,nan,nan,2,True,nan
1984,187866.8,28.077054950414595,35,14.06638989426299,4.733206615001882,3,True,True,0,0,True,False,30,0,False,False,False,nan,nan,nan,0,True,nan
1985,187867.0,26.775102322183614,35,13.984378303474134,4.758034112817145,7,True,True,0,6,False,False,30,0,False,False,False,nan,nan,nan,1,True,nan
1986,187867.2,26.298375834510786,35,14.275442561656382,4.759295494760909,3,False,True,0,6,False,False,30,0,False,False,False,nan,nan,nan,2,True,nan
1987,187867.4,28.551087213734295,35,14.383726949322938,4.774435027118818,1,False,True,0,0,True,False,30,0,True,True,False,nan,nan,nan,0,True,28.551087213734295
1988,187867.6,26.841155273117376,35,14.18543284522159,4.7496752799264765,1,False,True,0,6,False,False,30,0,True,True,False,nan,nan,nan,1,True,26.841155273117376
1989,187867.8,26.843528661877336,35,14.180734549516256,4.746470752615082,2,False,True,0,6,False,False,30,0,False,False,False,nan,nan,nan,2,True,nan
1990,187868.0,28.46104586500972,35,14.07675598004782,4.701547223883398,2,False,True,0,0,True,False,30,0,False,False,False,nan,nan,nan,0,True,nan
1991,187868.2,27.389026155150866,35,14.060282511157581,4.739582781617582,3,False,True,0,6,False,False,30,0,False,False,False,nan,nan,nan,1,True,nan
1992,187868.4,26.909368812943686,35,14.341317975379662,4.772392733402,3,False,True,0,6,False,False,30,0,False,False,False,nan,nan,nan,2,True,nan
1993,187868.6,28.806903399667558,35,14.49784649349013,4.786472813568857,3,False,True,0,0,True,False,30,0,False,False,False,nan,nan,nan,0,True,nan
1994,187868.8,27.499189479768077,35,14.350797327026214,4.793302707609736,7,True,True,0,6,False,False,30,0,False,False,False,nan,nan,nan,1,True,nan
1995,187869.0,27.01616747720553,35,14.577995670973158,4.80571340610269,1,False,True,0,6,False,False,30,0,True,True,False,nan,nan,nan,2,True,27.01616747720553
1996,187869.2,28.793315920968336,35,14.625897996647836,4.816288511218881,3,False,True,0,0,True,False,30,0,False,False,False,nan,nan,nan,0,True,nan
1997,187869.4,27.6382569242702,35,14.480585180913177,4.817239785595543,3,False,True,0,6,False,False,30,0,False,False,False,nan,nan,nan,1,True,nan
1998,187869.6,27.15751925754924,35,14.682020945778957,4.837789622798149,3,False,True,0,6,False,False,30,0,False,False,False,nan,nan,nan,2,True,nan
1999,187869.8,29.20517302166083,35,14.929123682169973,4.863178977351323,3,True,True,0,0,True,False,30,0,False,False,False,nan,nan,nan,0,True,nan
2000,187870.0,27.897830483958593,35,14.808644234619202,4.855581520772784,7,True,True,0,6,False,False,30,0,False,False,False,nan,nan,nan,1,True,nan
2001,187870.2,27.415968328201963,35,14.96671169796556,4.867233945350901,3,False,True,0,6,False,False,30,0,False,False,False,nan,nan,nan,2,True,nan
2002,187870.4,29.628882114674607,35,15.171005279093874,4.883641035754308,3,False,True,0,0,True,False,30,0,False,False,False,nan,nan,nan,0,True,nan
2003,187870.6,28.315221368352137,35,15.098733343829634,4.899678502770034,7,True,True,0,6,False,False,30,0,False,False,False,nan,nan,nan,1,True,nan
2004,187870.8,28.683532758603977,35,15.093205213693373,4.9193476770265825,1,False,True,0,6,False,False,30,0,True,True,False,nan,nan,nan,2,True,28.683532758603977
2005,187871.0,29.937334047180507,35,15.193450912455235,4.9430872817329785,2,True,True,0,0,True,False,30,0,False,False,False,nan,nan,nan,0,True,nan
2006,187871.2,28.851558967621354,35,15.46816845791091,4.990605971084382,3,False,True,0,6,False,False,30,0,False,False,False,nan,nan,nan,1,True,nan
2007,187871.4,28.244211214523826,34,8.321418221520158,3.6308689663468754,1,False,True,0,6,False,False,30,0,True,True,False,nan,nan,nan,2,True,28.244211214523826
2008,187871.6,1.7060673597079523,33,8.28370731669675,3.616314215684871,3,True,True,0,0,True,False,30,0,False,False,False,nan,nan,nan,0,True,nan
2009,187871.8,1.6417318044218225,32,0.479126890126441,0.479126890126441,7,True,True,0,6,False,False,30,0,False,False,False,nan,nan,nan,1,True,nan
2010,187872.0,1.6410718544523155,31,0.5204174049874752,0.5204174049874752,1,False,True,0,6,False,False,30,0,True,True,False,nan,nan,nan,2,True,1.6410718544523155
2011,187872.2,1.6748432571065432,30,0.5450076802237478,0.5450076802237478,3,False,True,0,6,False,False,30,0,False,False,False,nan,nan,nan,3,True,nan
2012,187872.4,1.7845655941266316,30,0.552438082709483,0.552438082709483,2,False,True,0,6,False,False,30,0,False,False,False,nan,nan,nan,4,True,nan
2013,187872.6,1.8027049566000766,31,26.824327146266725,5.294809349591154,2,False,True,0,6,False,False,30,0,False,False,False,nan,nan,nan,5,True,nan
2014,187872.8,1.8948218781453874,32,26.501792272652786,5.25406222624509,1,False,True,0,6,False,False,30,0,True,True,False,nan,nan,nan,6,True,1.8948218781453874
2015,187873.0,32.749407157303494,33,26.469849817575803,5.253189088215984,2,False,True,0,0,True,False,30,0,False,False,False,nan,nan,nan,0,True,nan
2016,187873.2,31.2213438455257,34,16.27656310055887,5.091514291314773,1,False,True,0,6,False,False,30,0,True,True,False,nan,nan,nan,1,True,31.2213438455257
2017,187873.4,31.219589605068013,35,16.41923082912892,5.109495366479426,2,False,True,0,6,False,False,30,0,False,False,False,nan,nan,nan,2,True,nan
2018,187873.6,32.97923597946613,35,16.344888576904566,5.095750720318825,1,False,True,0,0,True,False,30,0,True,True,False,nan,nan,nan,0,True,32.97923597946613
2019,187873.8,31.666259721961097,35,16.276961278385098,5.111314452221528,2,False,True,0,6,False,False,30,0,True,True,False,nan,nan,nan,1,True,31.666259721961097
2020,187874.0,31.66137577351696,35,16.23781245051841,5.108921124792966,2,False,True,0,6,False,False,30,0,False,False,False,nan,nan,nan,2,True,nan
2021,187874.2,33.12131334914047,35,16.303218755969258,5.110712076965313,2,False,True,0,0,True,False,30,0,False,False,False,nan,nan,nan,0,True,nan
2022,187874.4,32.00230466369983,35,16.41133099718155,5.133873236601477,3,False,True,0,6,False,False,30,0,False,False,False,nan,nan,nan,1,True,nan
2023,187874.6,32.313652935559965,35,16.50547261008028,5.158400442914115,4,True,True,0,6,False,False,30,0,False,False,False,nan,nan,nan,2,True,nan
2024,187874.8,33.33630406847829,35,16.507895514173246,5.162988932411242,3,True,True,0,0,True,False,30,0,False,False,False,nan,nan,nan,0,True,nan
2025,187875.0,32.36716282646619,35,16.60746079844457,5.156871491524257,3,False,True,0,6,False,False,30,0,False,False,False,nan,nan,nan,1,True,nan
2026,187875.2,32.69587572839107,35,16.637713036251665,5.192060398960562,4,True,True,0,6,False,False,30,0,False,False,False,nan,nan,nan,2,True,nan
2027,187875.4,33.28821298068396,35,16.612426647147768,5.2122471197347995,1,False,True,0,0,True,False,30,0,True,True,False,nan,nan,nan,0,True,33.28821298068396
2028,187875.6,33.28419716679133,35,16.65957174481165,5.231180426111377,2,False,True,0,6,False,False,30,0,False,False,False,nan,nan,nan,1,True,nan
2029,187875.8,33.407705259539576,35,16.637874291720635,5.245815619838932,2,False,True,0,6,False,False,30,0,False,False,False,nan,nan,nan,2,True,nan
2030,187876.0,33.48737273065627,35,16.579631487514188,5.194098962913508,2,False,True,0,0,True,False,30,0,False,False,False,nan,nan,nan,0,True,nan
2031,187876.2,32.353262305571086,35,16.797328501738296,5.186649413575843,4,False,True,0,6,False,False,30,0,False,False,False,nan,nan,nan,1,True,nan
2032,187876.4,32.713731111006815,35,16.936197916383765,5.195864486892013,4,True,True,0,6,False,False,30,0,False,False,False,nan,nan,nan,2,True,nan
2033,187876.6,34.18258464484523,35,16.969838998647152,5.215764672883102,1,False,True,0,0,True,False,30,0,True,True,False,nan,nan,nan,0,True,34.18258464484523
2034,187876.8,33.81372834674455,35,16.85389399758883,5.23207044180581,2,False,True,0,6,False,False,30,0,False,False,False,nan,nan,nan,1,True,nan
2035,187877.0,33.80824546136552,35,16.889348999278887,5.238763995069897,2,False,True,0,6,False,False,30,0,False,False,False,nan,nan,nan,2,True,nan
2036,187877.2,34.45754257507252,35,16.92568151378815,5.235081962627424,3,True,True,0,0,True,False,30,0,False,False,False,nan,nan,nan,0,True,nan
2037,187877.4,33.48610183021361,35,16.97847623785478,5.229710758438523,4,False,True,0,6,False,False,30,0,False,False,False,nan,nan,nan,1,True,nan
2038,187877.6,33.77046054986223,35,16.88336020403939,5.233878950005062,4,True,True,0,6,False,False,30,0,False,False,False,nan,nan,nan,2,True,nan
2039,187877.8,34.80775487265275,35,16.911765342304697,5.25015915836316,3,True,True,0,0,True,False,30,0,False,False,False,nan,nan,nan,0,True,nan
2040,187878.0,33.7569900679644,35,16.955641356613146,5.255076251184753,3,True,True,0,6,False,False,30,0,False,False,False,nan,nan,nan,1,True,nan
2041,187878.2,34.04324454180238,35,16.79793093829936,5.236582686607577,4,True,True,0,6,False,False,30,0,False,False,False,nan,nan,nan,2,True,nan
2042,187878.4,34.454603103246306,35,16.70354015670669,5.227941729046612,3,True,True,0,0,True,False,30,0,False,False,False,nan,nan,nan,0,True,nan
2043,187878.6,33.29897481420352,35,16.810512636798133,5.2153198019781835,4,False,True,0,6,False,False,30,0,False,False,False,nan,nan,nan,1,True,nan
2044,187878.8,33.648002139730934,35,16.714856599836384,5.225006487999268,4,True,True,0,6,False,False,30,0,False,False,False,nan,nan,nan,2,True,nan
2045,187879.0,33.979651411805364,35,16.631593606289066,5.2056149509389655,3,True,True,0,0,True,False,30,0,False,False,False,nan,nan,nan,0,True,nan
2046,187879.2,32.83180155536194,35,16.81628504781955,5.1953018627522916,4,False,True,0,6,False,False,30,0,False,False,False,nan,nan,nan,1,True,nan
2047,187879.4,33.20549044106199,36,15.763739992206723,4.618373777797799,4,True,True,0,6,False,False,30,0,False,False,False,nan,nan,nan,2,True,nan
2048,187879.6,34.25449513541148,36,16.6592837010538,5.18527364530593,3,True,True,0,0,True,False,30,0,False,False,False,nan,nan,nan,0,True,nan
2049,187879.8,33.13882453558805,36,16.731900003129017,5.182014208667994,3,False,True,0,6,False,False,30,0,False,False,False,nan,nan,nan,1,True,nan
2050,187880.0,33.422972967072766,37,15.491382755174975,4.57706278348897,1,False,True,0,6,False,False,30,0,True,True,False,nan,nan,nan,2,True,33.422972967072766
2051,187880.2,33.854986307237525,38,15.281119890953402,4.536608977602183,2,False,True,0,0,True,False,30,0,False,False,False,nan,nan,nan,0,True,nan
2052,187880.4,32.123972093019596,38,15.481536648513046,4.477477300336263,4,False,True,0,6,False,False,30,0,False,False,False,nan,nan,nan,1,True,nan
2053,187880.6,32.86374147472245,39,15.375717265753227,4.4899927795077,1,False,True,0,6,False,False,30,0,True,True,False,nan,nan,nan,2,True,32.86374147472245
2054,187880.8,34.16618916557746,40,15.046800393201838,4.432465775483965,2,True,True,0,0,True,False,30,0,False,False,False,nan,nan,nan,0,True,nan
2055,187881.0,32.57809163662196,40,14.9167678843776,4.392373890095897,3,False,True,0,6,False,False,30,0,False,False,False,nan,nan,nan,1,True,nan
2056,187881.2,32.028774604849566,40,14.996324419798405,4.40055503064326,3,False,True,0,6,False,False,30,0,False,False,False,nan,nan,nan,2,True,nan
2057,187881.4,34.223686459189004,40,14.99219540123234,4.408561717523375,2,True,True,0,0,True,False,30,0,False,False,False,nan,nan,nan,0,True,nan
2058,187881.6,32.768424092360114,40,14.692871823080424,4.39903924357631,3,True,True,0,6,False,False,30,0,False,False,False,nan,nan,nan,1,True,nan
2059,187881.8,32.50369128665486,39,15.75221212052659,4.688706190375545,3,False,True,0,6,False,False,30,0,False,False,False,nan,nan,nan,2,True,nan
2060,187882.0,34.389593398976004,38,15.55881591242562,4.679270756015855,3,True,True,0,0,True,False,30,0,False,False,False,nan,nan,nan,0,True,nan
2061,187882.2,33.41359695126707,37,15.30346458819183,4.66128369920842,1,False,True,0,6,False,False,30,0,True,True,False,nan,nan,nan,1,True,33.41359695126707
2062,187882.4,33.40430178171838,36,15.242333349344793,4.6516435667970555,1,False,True,0,6,False,False,30,0,False,False,False,nan,nan,nan,2,True,nan
2063,187882.6,34.04147803541943,35,15.249406233950227,4.657260986161811,1,False,True,0,0,True,False,30,0,True,True,False,nan,nan,nan,0,True,34.04147803541943
2064,187882.8,34.296485519531124,35,14.95283684749167,4.622323986250668,2,False,True,0,6,False,False,30,0,False,False,False,nan,nan,nan,1,True,nan
2065,187883.0,34.3071251446127,35,15.020960427538958,4.641795318190966,2,False,True,0,6,False,False,30,0,False,False,False,nan,nan,nan,2,True,nan
2066,187883.2,34.07219535922254,35,14.969646068468418,4.6378004382329285,2,False,True,0,0,True,False,30,0,False,False,False,nan,nan,nan,0,True,nan
2067,187883.4,33.29581739356701,35,15.185284556286812,4.627643667294797,4,False,True,0,6,False,False,30,0,False,False,False,nan,nan,nan,1,True,nan
2068,187883.6,33.590416498917214,35,15.103557134673501,4.615947664915328,3,True,True,0,6,False,False,30,0,False,False,False,nan,nan,nan,2,True,nan
2069,187883.8,33.6698194672794,35,15.034046198538485,4.617103602730265,3,True,True,0,0,True,False,30,0,False,False,False,nan,nan,nan,0,True,nan
2070,187884.0,32.7878058371073,34,9.029308768194038,3.7734166742803272,3,False,True,0,6,False,False,30,0,False,False,False,nan,nan,nan,1,True,nan
2071,187884.2,32.35406954557478,33,8.96338214350229,3.730973210063554,1,False,True,0,6,False,False,30,0,True,True,False,nan,nan,nan,2,True,32.35406954557478
2072,187884.4,34.29509791851934,33,15.714767043406066,4.670581416550023,2,True,True,0,0,True,False,30,0,False,False,False,nan,nan,nan,0,True,nan
2073,187884.6,32.935304476027724,32,9.00531563086733,3.7634737071274613,3,True,True,0,6,False,False,30,0,False,False,False,nan,nan,nan,1,True,nan
2074,187884.8,32.385750395412366,31,8.91780777080053,3.7477735018712477,1,False,True,0,6,False,False,30,0,True,True,False,nan,nan,nan,2,True,32.385750395412366
2075,187885.0,0.996220675532757,31,9.046971118288834,3.7303256419517794,2,False,True,0,0,True,False,30,0,False,False,False,nan,nan,nan,0,True,nan
2076,187885.2,1.330613697678604,30,0.38794085783312415,0.38794085783312415,7,True,True,0,6,False,False,29,0,False,False,False,nan,nan,nan,1,True,nan
2077,187885.4,1.3446688595268164,28,0.41404383786065163,0.41404383786065163,1,False,True,0,6,False,False,28,0,True,True,False,nan,nan,nan,2,True,1.3446688595268164
2078,187885.6,1.339135372927975,28,0.714111995382365,0.714111995382365,2,False,True,0,6,False,False,27,0,False,False,False,nan,nan,nan,3,True,nan
2079,187885.8,1.2487634408262105,28,1.089878608816809,0.9106755558917761,1,False,True,0,6,False,False,26,0,True,True,False,nan,nan,nan,4,True,1.2487634408262105
2080,187886.0,1.2448593527446432,27,0.3853613400841883,0.3853613400841883,1,False,True,0,6,False,False,25,0,False,False,False,nan,nan,nan,5,True,nan
2081,187886.2,1.2504883785644356,27,0.3738991998800416,0.3738991998800416,2,False,True,0,6,False,False,25,0,False,False,False,nan,nan,nan,6,True,nan
2082,187886.4,1.3954164366888469,27,0.4657940252637802,0.4657940252637802,2,False,True,0,6,False,False,25,0,False,False,False,nan,nan,nan,7,True,nan
2083,187886.6,1.5591462643879828,26,0.6097944645699803,0.6097944645699803,2,False,True,0,6,False,False,25,0,False,False,False,nan,nan,nan,8,True,nan
2084,187886.8,1.5162750094157345,25,0.592737414785189,0.592737414785189,1,False,True,0,6,False,False,25,0,True,True,False,nan,nan,nan,9,True,1.5162750094157345
2085,187887.0,1.8127015994586573,25,0.6056815000310303,0.6056815000310303,2,False,True,0,6,False,False,25,0,False,False,False,nan,nan,nan,10,True,nan
2086,187887.2,2.3468144132339424,25,0.6518964234245967,0.6518964234245967,2,False,True,0,6,False,False,25,0,False,False,False,nan,nan,nan,11,True,nan
2087,187887.4,2.8550865077815737,25,0.7412306705788656,0.7412306705788656,2,False,True,0,6,False,False,25,0,False,False,False,nan,nan,nan,12,True,nan
2088,187887.6,3.1705100822824477,25,0.8100665126482489,0.8100665126482489,2,False,True,0,6,False,False,25,0,False,False,False,nan,nan,nan,13,True,nan
2089,187887.8,3.119890012461798,25,0.7998775745533531,0.7998775745533531,4,True,True,0,6,False,False,25,0,False,False,False,nan,nan,nan,14,True,nan
2090,187888.0,3.007579580514764,25,0.7852669045908632,0.7852669045908632,1,False,True,0,6,False,False,25,0,True,True,False,nan,nan,nan,15,True,3.007579580514764
2091,187888.2,2.7730263491431497,25,0.7397663597948878,0.7397663597948878,1,False,True,0,6,False,False,25,0,True,True,False,nan,nan,nan,16,True,2.7730263491431497
2092,187888.4,2.4929155038596487,25,0.6813991117247763,0.6813991117247763,3,True,True,0,6,False,False,25,0,True,True,False,nan,nan,nan,17,True,2.4929155038596487
2093,187888.6,2.499519626939891,25,0.6632729760419166,0.6632729760419166,2,False,True,0,6,False,False,25,0,False,False,False,nan,nan,nan,18,True,nan
2094,187888.8,2.315722983505366,25,0.586590652622166,0.586590652622166,2,False,True,0,6,False,False,25,0,False,False,False,nan,nan,nan,19,True,nan
2095,187889.0,1.967153657529289,25,0.6050318284554893,0.6050318284554893,2,False,True,0,6,False,False,25,0,False,False,False,nan,nan,nan,20,True,nan
2096,187889.2,1.838340643874819,26,18.401466947058406,4.0642434570995825,2,False,True,0,6,False,False,25,0,False,False,False,nan,nan,nan,21,True,nan
2097,187889.4,3.528792170616618,27,17.47885537322663,3.9528582122757925,1,False,True,0,6,False,False,25,0,True,True,False,nan,nan,nan,22,True,3.528792170616618
2098,187889.6,48.619952420358274,28,17.00083744375354,3.96094608955943,2,False,True,0,0,True,False,25,0,False,False,False,nan,nan,nan,0,True,nan
2099,187889.8,48.27371126862921,29,7.649454879257846,3.5680503908866323,6,True,True,0,6,False,False,25,0,False,False,False,nan,nan,nan,1,True,nan
2100,187890.0,48.16752886093337,30,7.611375638767111,3.516632415874002,1,False,True,0,6,False,False,25,0,True,True,False,nan,nan,nan,2,True,48.16752886093337
2101,187890.2,48.62911716020696,30,7.562818302266348,3.5148684380069097,2,False,True,0,0,True,False,25,0,False,False,False,nan,nan,nan,0,True,nan
2102,187890.4,48.447883938263644,30,7.430695084604842,3.4573847277331797,3,True,True,0,6,False,False,25,0,False,False,False,nan,nan,nan,1,True,nan
2103,187890.6,48.473004472585835,31,9.324432179067843,3.749386255162978,1,False,True,0,6,False,False,25,0,True,True,False,nan,nan,nan,2,True,48.473004472585835
2104,187890.8,56.992340394255386,32,9.072645390633616,3.686790358833236,2,False,True,0,0,True,False,25,0,False,False,False,nan,nan,nan,0,True,nan
2105,187891.0,57.43671161124034,33,7.111867259431985,3.1569130897116815,5,False,True,0,6,False,False,25,0,False,False,False,nan,nan,nan,1,True,nan
2106,187891.2,57.77345285952883,34,7.076984992394198,3.108634101941938,1,False,True,0,6,False,False,25,0,True,True,False,nan,nan,nan,2,True,57.77345285952883
2107,187891.4,56.01966090169823,35,7.0330648299350145,3.0714964498353514,2,False,True,0,0,True,False,25,0,False,False,False,nan,nan,nan,0,True,nan
2108,187891.6,56.847100269471866,34,7.285657916890711,3.270650914258513,4,False,True,0,6,False,False,25,0,False,False,False,nan,nan,nan,1,True,nan
2109,187891.8,57.105289945649524,33,7.25443892539815,3.1563192137705935,4,False,True,0,6,False,False,25,0,False,False,False,nan,nan,nan,2,True,nan
2110,187892.0,1.106486763261001,31,7.894367626748946,3.2611367063986627,4,False,True,0,0,True,False,25,0,False,False,False,nan,nan,nan,0,True,nan
2111,187892.2,0.8624112366811096,29,0.21677036074870656,0.21677036074870656,1,False,True,0,6,False,False,25,0,True,True,False,nan,nan,nan,1,True,0.8624112366811096
2112,187892.4,0.9235699559039088,27,0.2712818360633488,0.2712818360633488,2,False,True,0,6,False,False,25,0,False,False,False,nan,nan,nan,2,True,nan
2113,187892.6,1.0133195652992601,28,22.65654762820982,4.445457664761959,1,False,True,0,6,False,False,25,0,True,True,False,nan,nan,nan,3,True,1.0133195652992601
2114,187892.8,2.33094733151209,29,22.21659674083645,4.386726962436779,2,False,True,0,6,False,False,25,0,True,True,False,nan,nan,nan,4,True,2.33094733151209
2115,187893.0,42.48587473254097,30,14.284904520913937,2.9488080688939746,2,False,True,0,0,True,False,25,0,False,False,False,nan,nan,nan,0,True,nan
2116,187893.2,42.17836710939782,30,5.077044803866382,2.553223922531647,1,False,True,0,6,False,False,25,0,True,True,False,nan,nan,nan,1,True,42.17836710939782
2117,187893.4,42.30382146984947,30,5.1031317904580815,2.726117555714866,4,True,True,0,6,False,False,25,0,False,False,False,nan,nan,nan,2,True,nan
2118,187893.6,42.21728714495934,28,5.116958773002505,2.692891605886952,2,False,True,0,6,False,False,25,0,False,False,False,nan,nan,nan,3,True,nan
2119,187893.8,42.28451443911715,26,5.171746358218921,2.685118620289309,2,False,True,0,6,False,False,25,0,False,False,False,nan,nan,nan,4,True,nan
2120,187894.0,42.30654501568434,26,28.419380508383433,5.534451259366254,1,False,True,0,6,False,False,25,0,True,True,False,nan,nan,nan,5,True,42.30654501568434
2121,187894.2,40.51573205035001,27,27.3286725350087,5.3415337309257245,2,False,True,0,6,False,False,25,0,False,False,False,nan,nan,nan,6,True,nan
2122,187894.4,48.24929141271218,28,25.848259933308324,5.154090066799883,2,False,True,0,0,True,False,25,0,False,False,False,nan,nan,nan,0,True,nan
2123,187894.6,47.8854742191525,29,6.928434314139974,3.348639920935289,7,True,True,0,6,False,False,25,0,False,False,False,nan,nan,nan,1,True,nan
2124,187894.8,47.764590909994595,30,6.7345334120632385,3.2736979689613737,4,False,True,0,6,False,False,25,0,False,False,False,nan,nan,nan,2,True,nan
2125,187895.0,29.804239440520643,31,26.919828310807876,5.058631496077398,4,True,True,0,0,True,False,25,0,False,False,False,nan,nan,nan,0,True,nan
2126,187895.2,28.251580981307946,32,15.423623660409227,4.972046302957159,10,True,True,0,6,False,False,25,0,False,False,False,nan,nan,nan,1,True,nan
2127,187895.4,26.966597900975174,32,11.745048912073049,4.268810481020118,5,True,True,0,6,False,False,25,0,False,False,False,nan,nan,nan,2,True,nan
2128,187895.6,29.03002680238719,33,15.354019413313678,4.93211840751439,3,True,True,0,0,True,False,25,0,False,False,False,nan,nan,nan,0,True,nan
2129,187895.8,28.050038115492033,33,11.110339196447862,4.368122720183498,1,False,True,0,6,False,False,25,0,True,True,False,nan,nan,nan,1,True,28.050038115492033
2130,187896.0,28.08602626614442,32,11.091344653826999,4.232491984692943,1,False,True,0,6,False,False,25,0,False,False,False,nan,nan,nan,2,True,nan
2131,187896.2,33.92751632003451,31,10.867680795204517,4.218488126703953,2,False,True,0,0,True,False,25,0,False,False,False,nan,nan,nan,0,True,nan
2132,187896.4,34.288382530322664,31,4.018201071693599,2.3653031781239626,1,False,True,0,6,False,False,25,0,True,True,False,nan,nan,nan,1,True,34.288382530322664
2133,187896.6,34.40802012878054,32,37.43222381965699,6.4505797955171245,2,False,True,0,6,False,False,25,0,False,False,False,nan,nan,nan,2,True,nan
2134,187896.8,29.042321295648186,34,34.78057015771323,6.226615050597192,6,False,True,0,6,False,False,25,0,False,False,False,nan,nan,nan,3,True,nan
2135,187897.0,26.485184200064054,35,18.314814735016327,4.463876104938942,4,False,True,0,0,True,False,25,0,True,True,False,nan,nan,nan,0,True,26.485184200064054
2136,187897.2,19.434435096620717,36,15.768360656645957,4.615364335142014,2,False,True,0,6,False,False,25,0,True,True,False,nan,nan,nan,1,True,19.434435096620717
2137,187897.4,19.51324251258519,37,15.398024552964852,4.6205234287086885,2,False,True,0,6,False,False,25,0,False,False,False,nan,nan,nan,2,True,nan
2138,187897.6,31.66628464547109,35,7.985902813659045,3.581276025030793,2,False,True,0,0,True,False,25,0,False,False,False,nan,nan,nan,0,True,nan
2139,187897.8,31.808208803255894,33,4.04760475058656,2.3906019097811027,1,False,True,0,6,False,False,25,0,True,True,False,nan,nan,nan,1,True,31.808208803255894
2140,187898.0,31.93515993898179,33,20.10772260267673,4.584370282155865,1,False,True,0,6,False,False,25,0,False,False,False,nan,nan,nan,2,True,nan
2141,187898.2,31.40698358915121,32,4.131578336250608,2.427764728377862,2,False,True,0,6,False,False,25,0,False,False,False,nan,nan,nan,3,True,nan
2142,187898.4,31.536543829246817,31,4.162962591283935,2.4385188593285565,2,False,True,0,6,False,False,25,0,False,False,False,nan,nan,nan,4,True,nan
2143,187898.6,31.617266882182076,32,19.51534714126747,4.533461396235649,2,False,True,0,6,False,False,25,0,False,False,False,nan,nan,nan,5,True,nan
2144,187898.8,30.71968779439193,32,4.469858340968769,2.498297203012046,3,True,True,0,6,False,False,25,0,False,False,False,nan,nan,nan,6,True,nan
2145,187899.0,30.849871684776353,31,4.5822446227887355,2.5313633747572695,2,True,True,0,6,False,False,25,0,False,False,False,nan,nan,nan,7,True,nan
2146,187899.2,30.932484086981344,32,33.3790185486141,6.295383474517651,3,True,True,0,6,False,False,25,0,False,False,False,nan,nan,nan,8,True,nan
2147,187899.4,26.81670854834396,34,33.16639010257211,6.066494765895196,10,True,True,0,6,False,False,25,0,False,False,False,nan,nan,nan,9,True,nan
2148,187899.6,30.12808299747558,34,28.46996835917493,5.773946766928251,3,False,True,0,0,True,False,25,0,True,True,False,nan,nan,nan,0,True,30.12808299747558
2149,187899.8,19.186764987883834,36,25.010902935951513,5.589285938166949,2,False,True,0,6,False,False,25,0,False,False,False,nan,nan,nan,1,True,nan
2150,187900.0,20.07135482993396,38,22.362928882246564,5.426250471914063,2,False,True,0,6,False,False,25,0,False,False,False,nan,nan,nan,2,True,nan
2151,187900.2,29.2675274617451,38,21.02504101283402,5.542003602827792,2,False,True,0,0,True,False,25,0,False,False,False,nan,nan,nan,0,True,nan
2152,187900.4,28.060007358019252,36,12.078315932585525,4.378339253494675,1,False,True,0,6,False,False,25,0,True,True,False,nan,nan,nan,1,True,28.060007358019252
2153,187900.6,28.047083159717968,35,12.275613036081706,4.2051314375847335,2,True,True,0,6,False,False,25,0,False,False,False,nan,nan,nan,2,True,nan
2154,187900.8,37.55504257658174,33,12.696045330281578,4.652946419241159,2,False,True,0,0,True,False,25,0,False,False,False,nan,nan,nan,0,True,nan
2155,187901.0,37.71879633751369,30,4.603253936453376,2.5677559840335045,1,False,True,0,6,False,False,25,0,True,True,False,nan,nan,nan,1,True,37.71879633751369
2156,187901.2,37.84343621562468,30,18.657899047573473,4.557228423907335,2,False,True,0,6,False,False,25,0,False,False,False,nan,nan,nan,2,True,nan
2157,187901.4,36.954743719213354,31,17.862481901180224,4.024818872334203,3,True,True,0,6,False,False,25,0,True,True,False,nan,nan,nan,3,True,36.954743719213354
2158,187901.6,34.42429533092029,33,32.20400199664712,5.8468851115450695,2,False,True,0,0,True,False,25,0,False,False,False,nan,nan,nan,0,True,nan
2159,187901.8,33.122596440957835,35,17.382376195149472,4.94691301233147,7,True,True,0,6,False,False,25,0,False,False,False,nan,nan,nan,1,True,nan
2160,187902.0,32.65784665090972,38,17.267241264587074,4.933099118614785,4,True,True,0,6,False,False,25,0,False,False,False,nan,nan,nan,2,True,nan
2161,187902.2,32.97756408271726,39,16.85973789423175,4.872835165210456,3,True,True,0,0,True,False,25,0,False,False,False,nan,nan,nan,0,True,nan
2162,187902.4,32.38546991287698,40,16.09831181316764,4.740389218380077,4,False,True,0,6,False,False,25,0,False,False,False,nan,nan,nan,1,True,nan
2163,187902.6,31.073736779259118,37,11.692818356742977,3.9643349669494126,1,False,True,0,6,False,False,25,0,True,True,False,nan,nan,nan,2,True,31.073736779259118
2164,187902.8,1.3721640811963038,34,11.677821504983736,3.9642753776864224,2,False,True,0,0,True,False,25,0,False,False,False,nan,nan,nan,0,True,nan
2165,187903.0,1.8750334049693635,31,0.304150657392899,0.304150657392899,7,True,True,0,6,False,False,25,0,False,False,False,nan,nan,nan,1,True,nan
2166,187903.2,1.8819741719227514,28,0.32004063388173964,0.32004063388173964,1,False,True,0,6,False,False,25,0,True,True,False,nan,nan,nan,2,True,1.8819741719227514
2167,187903.4,1.854290399647789,25,0.3146679484672285,0.3146679484672285,2,False,True,0,6,False,False,25,0,False,False,False,nan,nan,nan,3,True,nan
2168,187903.6,1.5293286665623207,25,0.2762302940191589,0.2762302940191589,2,False,True,0,6,False,False,25,0,False,False,False,nan,nan,nan,4,True,nan
2169,187903.8,1.3785719161457974,25,0.34884993679151843,0.34884993679151843,1,False,True,0,6,False,False,25,0,True,True,False,nan,nan,nan,5,True,1.3785719161457974
2170,187904.0,1.3603334906700726,25,0.46180779182271053,0.46180779182271053,3,True,True,0,6,False,False,25,0,True,True,False,nan,nan,nan,6,True,1.3603334906700726
2171,187904.2,1.2500717960197045,25,0.3970289149616974,0.3970289149616974,2,False,True,0,6,False,False,25,0,False,False,False,nan,nan,nan,7,True,nan
2172,187904.4,1.087590324723855,25,0.4013832414475262,0.4013832414475262,1,False,True,0,6,False,False,25,0,True,True,False,nan,nan,nan,8,True,1.087590324723855
2173,187904.6,1.2708155435412485,25,0.34832337158466276,0.34832337158466276,2,False,True,0,6,False,False,25,0,False,False,False,nan,nan,nan,9,True,nan
2174,187904.8,1.627553092177769,25,0.30660570851141133,0.30660570851141133,2,False,True,0,6,False,False,25,0,False,False,False,nan,nan,nan,10,True,nan
2175,187905.0,2.2352234516888636,26,3.948666439431259,1.6928399532585048,2,False,True,0,6,False,False,25,0,False,False,False,nan,nan,nan,11,True,nan
2176,187905.2,2.6451239033115326,27,3.5477743584518544,1.6308886088981074,2,False,True,0,6,False,False,25,0,False,False,False,nan,nan,nan,12,True,nan
2177,187905.4,2.58989730836758,28,3.251791353893392,1.5709481443689077,5,True,True,0,6,False,False,25,0,False,False,False,nan,nan,nan,13,True,nan
2178,187905.6,2.489027813933006,26,0.5794751111422057,0.5794751111422057,1,False,True,0,6,False,False,23,0,True,True,False,nan,nan,nan,14,True,2.489027813933006
2179,187905.8,2.360470226008832,27,2.5210744476079645,1.4652601945221708,2,False,True,0,6,False,False,23,0,False,False,False,nan,nan,nan,15,True,nan
2180,187906.0,2.1620898396563772,26,0.7713618590566761,0.7713618590566761,1,False,True,0,6,False,False,23,0,True,True,False,nan,nan,nan,16,True,2.1620898396563772
2181,187906.2,2.4114477822421265,25,0.89491500614106,0.89491500614106,2,False,True,0,6,False,False,23,0,False,False,False,nan,nan,nan,17,True,nan
2182,187906.4,2.930145166342834,24,0.9653747550552495,0.9653747550552495,2,False,True,0,6,False,False,23,0,False,False,False,nan,nan,nan,18,True,nan
2183,187906.6,3.5557110911957417,26,1.1962261268423109,1.1515951930941928,2,False,True,0,6,False,False,25,0,False,False,False,nan,nan,nan,19,True,nan
2184,187906.8,3.918877960639672,25,1.291489857320735,1.1791576907349477,2,False,True,0,6,False,False,25,0,False,False,False,nan,nan,nan,20,True,nan
2185,187907.0,3.7327384953105027,25,1.1429594800450564,1.085390870857591,3,False,True,0,6,False,False,25,0,False,False,False,nan,nan,nan,21,True,nan
2186,187907.2,3.4796009430935424,25,1.0262720629046973,1.0117213538996301,3,False,True,0,6,False,False,25,0,False,False,False,nan,nan,nan,22,True,nan
2187,187907.4,3.3136849093335052,26,5.763828297676049,2.0925266864151357,3,True,True,0,6,False,False,25,0,False,False,False,nan,nan,nan,23,True,nan
2188,187907.6,3.17155798076164,28,5.368148442301846,1.9821120848784246,4,True,True,0,6,False,False,25,0,False,False,False,nan,nan,nan,24,True,nan
2189,187907.8,3.105932418376095,30,5.181830088484115,2.0222201344080175,4,True,True,0,6,False,False,25,0,False,False,False,nan,nan,nan,25,True,nan
2190,187908.0,3.0654297686797993,31,1.048311955066718,1.048311955066718,4,True,True,0,6,False,False,25,0,False,False,False,nan,nan,nan,26,True,nan
2191,187908.2,3.02782779683949,32,1.0773227378323527,1.0773227378323527,1,False,True,0,6,False,False,25,0,True,True,False,nan,nan,nan,27,True,3.02782779683949
2192,187908.4,3.3823067925213373,32,1.1711203242814834,1.1711203242814834,2,False,True,0,6,False,False,26,0,False,False,False,nan,nan,nan,28,True,nan
2193,187908.6,4.111079477192054,32,4.704650978473668,2.0928827694895036,2,False,True,0,6,False,False,27,0,False,False,False,nan,nan,nan,29,True,nan
2194,187908.8,4.866909505118997,32,4.316579255466614,2.0993878208867245,1,False,True,0,6,False,False,27,0,True,True,False,nan,nan,nan,30,True,4.866909505118997
2195,187909.0,5.028405176206909,33,4.237198864762557,2.181353924975396,2,False,True,0,6,False,False,27,0,False,False,False,nan,nan,nan,31,True,nan
2196,187909.2,5.033591375720839,34,4.500424266487817,2.2922355267869383,2,False,True,0,6,False,False,27,0,True,True,False,nan,nan,nan,32,True,5.033591375720839
2197,187909.4,5.153424181513875,35,4.705243091678511,2.3584845047103764,2,False,True,0,6,False,False,26,0,False,False,False,nan,nan,nan,33,True,nan
2198,187909.6,5.356093306530737,35,5.069940540820144,2.428440138685104,2,False,True,0,6,False,False,25,0,False,False,False,nan,nan,nan,34,True,nan
2199,187909.8,5.70818732662818,35,5.3005344924952364,2.446446624573895,2,False,True,0,6,False,False,25,0,False,False,False,nan,nan,nan,35,True,nan
2200,187910.0,6.006609823488607,35,5.765130276525965,2.50376114839014,2,False,True,0,6,False,False,25,0,False,False,False,nan,nan,nan,36,True,nan
2201,187910.2,6.005380189568731,35,6.035087918045674,2.5493987389540322,2,True,True,0,6,False,False,25,0,False,False,False,nan,nan,nan,37,True,nan
2202,187910.4,5.992300108575868,35,6.265514399774286,2.6297006398362006,1,False,True,0,6,False,False,25,0,True,True,False,nan,nan,nan,38,True,5.992300108575868
2203,187910.6,14.604663116224838,35,6.546262589603586,2.5389239665042305,2,False,True,0,0,True,False,25,0,False,False,False,nan,nan,nan,0,True,nan
2204,187910.8,14.034180253047957,35,5.491750221241546,2.734176838926349,10,True,True,0,6,False,False,25,0,False,False,False,nan,nan,nan,1,True,nan
2205,187911.0,13.759511474629488,34,5.015055634362879,2.5555799236447565,3,False,True,0,6,False,False,25,0,False,False,False,nan,nan,nan,2,True,nan
2206,187911.2,13.528797581724408,33,4.951119746212959,2.5243390225879376,4,True,True,0,6,False,False,25,0,False,False,False,nan,nan,nan,3,True,nan
2207,187911.4,13.358381684884256,33,5.715329331493073,2.711130806045916,1,False,True,0,6,False,False,25,0,True,True,False,nan,nan,nan,4,True,13.358381684884256
2208,187911.6,13.699185304200558,32,4.107111105424166,2.4170391572680816,2,False,True,0,6,False,False,25,0,False,False,False,nan,nan,nan,5,True,nan
2209,187911.8,13.848551400940494,30,2.809805596525575,1.9719467079519724,2,False,True,0,6,False,False,25,0,False,False,False,nan,nan,nan,6,True,nan
2210,187912.0,13.910088785810567,30,3.922361857842691,2.3018542698866464,2,False,True,0,6,False,False,25,0,False,False,False,nan,nan,nan,7,True,nan
2211,187912.2,13.898514867611828,29,2.8696794202361637,1.984161798920588,1,False,True,0,6,False,False,25,0,True,True,False,nan,nan,nan,8,True,13.898514867611828
2212,187912.4,14.001594253304118,27,2.908763446645291,1.9661274305421401,2,False,True,0,6,False,False,25,0,False,False,False,nan,nan,nan,9,True,nan
2213,187912.6,13.98677277507196,27,4.038092933336829,2.2373526867367195,1,False,True,0,6,False,False,25,0,True,True,False,nan,nan,nan,10,True,13.98677277507196
2214,187912.8,14.066147300658285,28,4.2233363265652395,2.23779580352676,2,False,True,0,6,False,False,25,0,False,False,False,nan,nan,nan,11,True,nan
2215,187913.0,13.963673255268795,28,4.613071310758037,2.2742963544611356,1,False,True,0,6,False,False,25,0,True,True,False,nan,nan,nan,12,True,13.963673255268795
2216,187913.2,14.075136098576559,29,4.999446711392203,2.4681677355363028,2,False,True,0,6,False,False,25,0,False,False,False,nan,nan,nan,13,True,nan
2217,187913.4,14.059356661759297,30,4.92578328402396,2.268828224699222,2,False,True,0,6,False,False,25,0,False,False,False,nan,nan,nan,14,True,nan
2218,187913.6,14.269715199644601,31,7.11869354699466,3.1149942533558597,2,False,True,0,6,False,False,25,0,False,False,False,nan,nan,nan,15,True,nan
2219,187913.8,14.478310750551204,32,6.813968796986391,3.0316167723032703,2,True,True,0,6,False,False,25,0,True,True,False,nan,nan,nan,16,True,14.478310750551204
2220,187914.0,18.36598124050636,33,6.636747322069881,2.9619548125454833,1,False,True,0,0,True,False,25,0,True,True,False,nan,nan,nan,0,True,18.36598124050636
2221,187914.2,17.280848744320743,34,6.207244929279306,3.1376477402308964,7,True,True,0,6,False,False,25,0,False,False,False,nan,nan,nan,1,True,nan
2222,187914.4,17.663098072292506,35,6.3420867441638045,3.226018100184324,2,False,True,0,6,False,False,25,0,False,False,False,nan,nan,nan,2,True,nan
2223,187914.6,20.851133548957293,35,6.558260710766053,3.2758559788172605,2,False,True,0,0,True,False,25,0,False,False,False,nan,nan,nan,0,True,nan
2224,187914.8,20.499284968724947,35,6.724010699936805,3.3198378026407345,1,False,True,0,6,False,False,25,0,True,True,False,nan,nan,nan,1,True,20.499284968724947
2225,187915.0,20.58687015234275,35,7.02030742221242,3.3649027317385927,2,False,True,0,6,False,False,25,0,False,False,False,nan,nan,nan,2,True,nan
2226,187915.2,22.67722085053174,35,7.001906449839514,3.3724973521799964,2,False,True,0,0,True,False,25,0,False,False,False,nan,nan,nan,0,True,nan
2227,187915.4,22.26026074363634,35,6.954299926682821,3.042226332387725,5,False,True,0,6,False,False,25,0,False,False,False,nan,nan,nan,1,True,nan
2228,187915.6,22.24365501995368,34,4.744367725613227,2.740320440578549,1,False,True,0,6,False,False,25,0,True,True,False,nan,nan,nan,2,True,22.24365501995368
2229,187915.8,22.292068423265142,33,4.545696655905057,2.731173909121831,2,False,True,0,6,False,False,25,0,False,False,False,nan,nan,nan,3,True,nan
2230,187916.0,22.02870440480994,31,4.360449395206595,2.7548310754086973,2,False,True,0,6,False,False,25,0,False,False,False,nan,nan,nan,4,True,nan
2231,187916.2,21.79379857388452,28,4.643318031965025,2.8367687887669333,2,False,True,0,6,False,False,24,0,False,False,False,nan,nan,nan,5,True,nan
2232,187916.4,21.62080773127287,25,4.718923510180408,2.843890719576544,2,False,True,0,6,False,False,23,0,False,False,False,nan,nan,nan,6,True,nan
2233,187916.6,21.562374009844135,23,4.492772079011434,2.8611965657304674,1,False,True,0,6,False,False,21,0,True,True,False,nan,nan,nan,7,True,21.562374009844135
2234,187916.8,21.724408874759572,21,4.7383232126218875,2.7427413075774156,1,False,True,0,6,False,False,20,0,True,True,False,nan,nan,nan,8,True,21.724408874759572
2235,187917.0,21.826067779633647,20,4.9719364270184325,2.823316779747443,2,False,True,0,6,False,False,19,0,False,False,False,nan,nan,nan,9,True,nan
2236,187917.2,21.7796365394001,20,4.856518117307879,2.811287516644967,2,False,True,0,6,False,False,19,0,False,False,False,nan,nan,nan,10,True,nan
2237,187917.4,21.703063327181827,20,4.736095571827118,2.742091580804735,1,False,True,0,6,False,False,19,0,True,True,False,nan,nan,nan,11,True,21.703063327181827
2238,187917.6,21.80328979360866,20,4.727255553075377,2.7245370707406713,4,True,True,0,6,False,False,20,0,False,False,False,nan,nan,nan,12,True,nan
2239,187917.8,21.442644491767823,20,4.76017363449854,2.715880402071321,2,False,True,0,6,False,False,20,0,False,False,False,nan,nan,nan,13,True,nan
2240,187918.0,21.1085090265013,20,4.563233556919859,2.6320025251947974,2,False,True,0,6,False,False,20,0,False,False,False,nan,nan,nan,14,True,nan
2241,187918.2,20.821506369164737,21,4.022094092927137,2.233109142024779,1,False,True,0,6,False,False,20,0,True,True,False,nan,nan,nan,15,True,20.821506369164737
2242,187918.4,20.857743961798857,22,4.054669529840003,2.168675937950969,4,True,True,0,6,False,False,20,0,True,True,False,nan,nan,nan,16,True,20.857743961798857
2243,187918.6,20.70119860842542,23,3.942812159173554,2.111619875035015,2,False,True,0,6,False,False,20,0,False,False,False,nan,nan,nan,17,True,nan
2244,187918.8,20.463963183974645,24,3.760092139626973,2.0628219187962453,1,False,True,0,6,False,False,20,0,True,True,False,nan,nan,nan,18,True,20.463963183974645
2245,187919.0,20.562866201809346,25,3.992307385627689,2.2621273450423005,2,False,True,0,6,False,False,20,0,False,False,False,nan,nan,nan,19,True,nan
2246,187919.2,20.2095790337467,25,3.6143824513271174,2.080138170332058,1,False,True,0,6,False,False,20,0,True,True,False,nan,nan,nan,20,True,20.2095790337467
2247,187919.4,20.270076476113328,25,3.647174784939726,2.0579433064769614,2,False,True,0,6,False,False,20,0,False,False,False,nan,nan,nan,21,True,nan
2248,187919.6,20.026489401348556,26,5.360817165029914,2.5131567796224736,1,False,True,0,6,False,False,20,0,True,True,False,nan,nan,nan,22,True,20.026489401348556
2249,187919.8,19.920514496186236,27,5.116208877849334,2.485191811525742,2,False,True,0,6,False,False,20,0,False,False,False,nan,nan,nan,23,True,nan
2250,187920.0,19.96691113571864,28,4.992958141751176,2.7402943134452546,2,False,True,0,6,False,False,20,0,False,False,False,nan,nan,nan,24,True,nan
2251,187920.2,20.13787048361529,29,5.021022867917994,2.7913513866815944,2,False,True,0,6,False,False,20,0,False,False,False,nan,nan,nan,25,True,nan
2252,187920.4,20.27920427570212,31,4.6784577631535775,2.6655432381084014,1,False,True,0,6,False,False,20,0,True,True,False,nan,nan,nan,26,True,20.27920427570212
2253,187920.6,20.537046150942565,32,4.763199680805517,2.7363827806372836,2,False,True,0,6,False,False,20,0,False,False,False,nan,nan,nan,27,True,nan
2254,187920.8,20.7473808944165,32,5.031008202168704,2.818200936913156,2,False,True,0,6,False,False,21,0,False,False,False,nan,nan,nan,28,True,nan
2255,187921.0,20.865488238529885,32,5.014561147798587,2.8267791252121928,2,False,True,0,6,False,False,22,0,False,False,False,nan,nan,nan,29,True,nan
2256,187921.2,20.873791399432413,32,5.009070189591375,2.825899388474697,2,False,True,0,6,False,False,23,0,False,False,False,nan,nan,nan,30,True,nan
2257,187921.4,20.71518014507084,32,14.836848900833083,4.2381523207514595,2,False,True,0,6,False,False,24,0,False,False,False,nan,nan,nan,31,True,nan
2258,187921.6,20.470058254081884,32,14.892911240799824,4.218261645166084,1,False,True,0,6,False,False,25,0,True,True,False,nan,nan,nan,32,True,20.470058254081884
2259,187921.8,13.141275324930161,32,16.03679287242872,4.439081935626441,2,False,True,0,0,True,False,25,0,False,False,False,nan,nan,nan,0,True,nan
2260,187922.0,11.991254642882517,32,6.395763828110028,2.754128533002533,10,True,True,0,6,False,False,25,0,False,False,False,nan,nan,nan,1,True,nan
2261,187922.2,11.688643392734766,32,6.723794598232209,2.8276362952329115,3,False,True,0,6,False,False,25,0,False,False,False,nan,nan,nan,2,True,nan
2262,187922.4,13.347712738782487,31,6.749270138547071,2.8493637800963736,3,False,True,0,0,True,False,25,0,False,False,False,nan,nan,nan,0,True,nan
2263,187922.6,12.580040540429927,30,6.51219967517478,2.8320801261161748,8,True,True,0,6,False,False,25,0,False,False,False,nan,nan,nan,1,True,nan
2264,187922.8,12.275829605374295,30,6.662071428374788,2.8421700771100142,1,False,True,0,6,False,False,25,0,True,True,False,nan,nan,nan,2,True,12.275829605374295
2265,187923.0,24.099449938822,31,14.686795395890838,3.821956403020698,3,True,True,0,0,True,False,25,0,False,False,False,nan,nan,nan,0,True,nan
2266,187923.2,22.431246085751145,32,11.156722378831656,3.8738260295142406,6,False,True,0,6,False,False,25,0,False,False,False,nan,nan,nan,1,True,nan
2267,187923.4,21.916858990022916,33,11.535924725007227,3.9103150280214387,4,False,True,0,6,False,False,25,0,False,False,False,nan,nan,nan,2,True,nan
2268,187923.6,25.175913647677174,34,11.845793566458772,3.9526953785910095,1,False,True,0,0,True,False,25,0,True,True,False,nan,nan,nan,0,True,25.175913647677174
2269,187923.8,23.31059741258042,33,12.750210567812742,4.235279444351057,2,False,True,0,6,False,False,24,0,False,False,False,nan,nan,nan,1,True,nan
2270,187924.0,23.31676542802238,33,11.942768469492323,3.962040367434503,1,False,True,0,6,False,False,23,0,True,True,False,nan,nan,nan,2,True,23.31676542802238
2271,187924.2,26.558626237740395,33,12.074769720899933,3.9646262720930205,1,False,True,0,0,True,False,22,0,True,True,False,nan,nan,nan,0,True,26.558626237740395
2272,187924.4,25.945851051923054,33,11.61187949830425,3.9847090410259733,4,False,True,0,6,False,False,21,0,False,False,False,nan,nan,nan,1,True,nan
2273,187924.6,26.007403986930193,33,11.491934226930669,3.9497576850987572,2,False,True,0,6,False,False,20,0,False,False,False,nan,nan,nan,2,True,nan
2274,187924.8,25.559995997003984,35,11.498194665703213,3.944045985508989,2,False,True,0,0,True,False,20,0,False,False,False,nan,nan,nan,0,True,nan
2275,187925.0,24.884155531387318,34,11.523574096742477,3.8942293204404588,1,False,True,0,6,False,False,20,0,True,True,False,nan,nan,nan,1,True,24.884155531387318
2276,187925.2,24.909107017449976,32,12.594351024377989,4.269742807041769,2,False,True,0,6,False,False,20,0,False,False,False,nan,nan,nan,2,True,nan
2277,187925.4,24.11924724975781,30,12.463274499050161,4.260127466222107,2,False,True,0,0,True,False,20,0,False,False,False,nan,nan,nan,0,True,nan
2278,187925.6,23.70413789751933,28,3.8898304113641067,2.2934056981999786,5,True,True,0,6,False,False,20,0,False,False,False,nan,nan,nan,1,True,nan
2279,187925.8,23.734712641770532,27,6.828367730013405,3.042595273243611,3,True,True,0,6,False,False,20,0,False,False,False,nan,nan,nan,2,True,nan
2280,187926.0,23.84937022147576,27,6.744079977821661,3.016808799051235,3,False,True,0,6,False,False,20,0,False,False,False,nan,nan,nan,3,True,nan
2281,187926.2,26.0373303392554,28,6.726597618623583,3.0245344497921893,1,False,True,0,0,True,False,20,0,True,True,False,nan,nan,nan,0,True,26.0373303392554
2282,187926.4,24.940713704466802,29,6.490777545792506,2.984958876311438,1,False,True,0,6,False,False,20,0,True,True,False,nan,nan,nan,1,True,24.940713704466802
2283,187926.6,24.86035547236355,30,6.48686851360151,3.008658962136019,1,False,True,0,6,False,False,20,0,True,True,False,nan,nan,nan,2,True,24.86035547236355
2284,187926.8,27.174372500784184,30,6.552955743469758,3.04586416267315,1,False,True,0,0,True,False,20,0,True,True,False,nan,nan,nan,0,True,27.174372500784184
2285,187927.0,26.80554948154134,30,6.92794828841975,3.0949941028610275,2,False,True,0,6,False,False,20,0,True,True,False,nan,nan,nan,1,True,26.80554948154134
2286,187927.2,26.725130951506483,30,6.714619133862012,3.04160243566699,2,False,True,0,6,False,False,20,0,False,False,False,nan,nan,nan,2,True,nan
2287,187927.4,12.64578473924724,30,6.692775318657576,3.0420207947944533,1,False,True,0,0,True,False,20,0,True,True,False,nan,nan,nan,0,True,12.64578473924724
2288,187927.6,18.93546313689589,30,12.143193859534557,3.587195555871297,3,True,True,0,6,False,False,20,0,False,False,False,nan,nan,nan,1,True,nan
2289,187927.8,18.11836908692892,30,12.20886619844904,3.6010070150683604,2,False,True,0,6,False,False,20,0,False,False,False,nan,nan,nan,2,True,nan
2290,187928.0,18.253150471367874,30,12.30535830497285,3.6163269512125007,2,False,True,0,0,True,False,20,0,False,False,False,nan,nan,nan,0,True,nan
2291,187928.2,18.293456188870906,28,4.529871552374717,1.8955774924079385,6,False,True,0,6,False,False,20,0,False,False,False,nan,nan,nan,1,True,nan
2292,187928.4,18.424672383118335,27,4.357691980502907,1.9856929345389618,1,False,True,0,6,False,False,20,0,True,True,False,nan,nan,nan,2,True,18.424672383118335
2293,187928.6,18.428717332764858,27,6.124487161645436,2.695843153291256,1,False,True,0,6,False,False,20,0,False,False,False,nan,nan,nan,3,True,nan
2294,187928.8,18.7037360049543,27,6.203792588317873,2.721528986407227,1,False,True,0,6,False,False,20,0,True,True,False,nan,nan,nan,4,True,18.7037360049543
2295,187929.0,20.168664608860023,27,6.2363391737157405,2.727529919405959,3,False,True,0,0,True,False,20,0,False,False,False,nan,nan,nan,0,True,nan
2296,187929.2,20.786307056730696,29,5.880889708839244,2.6005063920063454,4,False,True,0,6,False,False,20,0,False,False,False,nan,nan,nan,1,True,nan
2297,187929.4,21.15734325616206,30,5.66176683384066,2.551882949701993,3,False,True,0,6,False,False,20,0,False,False,False,nan,nan,nan,2,True,nan
2298,187929.6,21.33660481077687,30,5.497697298603119,2.4951094292276523,2,False,True,0,6,False,False,20,0,False,False,False,nan,nan,nan,3,True,nan
2299,187929.8,21.446682815600408,30,6.245960083326384,2.5403890605483523,1,False,True,0,6,False,False,20,0,True,True,False,nan,nan,nan,4,True,21.446682815600408
2300,187930.0,21.434386528063627,29,4.613105220655747,2.0105795922243126,2,True,True,0,6,False,False,20,0,True,True,False,nan,nan,nan,5,True,21.434386528063627
2301,187930.2,21.40167391896492,29,6.170847354525309,2.57834217513658,2,False,True,0,6,False,False,20,0,False,False,False,nan,nan,nan,6,True,nan
2302,187930.4,21.391521468713705,29,6.196376496110167,2.576453082167272,1,False,True,0,6,False,False,20,0,True,True,False,nan,nan,nan,7,True,21.391521468713705
2303,187930.6,17.326339237349483,29,6.144473828123784,2.576431852089587,2,False,True,0,0,True,False,20,0,False,False,False,nan,nan,nan,0,True,nan
2304,187930.8,17.000770817745316,29,5.241538132973863,2.581329750832853,1,False,True,0,6,False,False,20,0,True,True,False,nan,nan,nan,1,True,17.000770817745316
2305,187931.0,16.989367993889122,30,5.40347492380143,2.6149857244155785,2,False,True,0,6,False,False,20,0,False,False,False,nan,nan,nan,2,True,nan
2306,187931.2,16.949884085839592,30,5.512721082613919,2.6408448891874508,2,False,True,0,6,False,False,20,0,False,False,False,nan,nan,nan,3,True,nan
2307,187931.4,16.855933018225723,30,5.726369105726676,2.6808651192924744,2,False,True,0,6,False,False,20,0,False,False,False,nan,nan,nan,4,True,nan
2308,187931.6,16.58876424992799,30,5.888076940927897,2.7226181872881887,1,False,True,0,6,False,False,20,0,True,True,False,nan,nan,nan,5,True,16.58876424992799
2309,187931.8,16.473511944013854,29,4.595125006579808,2.4057982178484996,2,False,True,0,6,False,False,20,0,False,False,False,nan,nan,nan,6,True,nan
2310,187932.0,16.40740698867725,28,4.675537311092786,2.4329040850626313,2,False,True,0,6,False,False,20,0,False,False,False,nan,nan,nan,7,True,nan
2311,187932.2,15.846223336645028,27,4.76420170005488,2.445121098634755,1,False,True,0,6,False,False,20,0,True,True,False,nan,nan,nan,8,True,15.846223336645028
2312,187932.4,15.505782201740868,27,4.540799254348528,2.444323743466284,1,False,True,0,6,False,False,20,0,True,True,False,nan,nan,nan,9,True,15.505782201740868
2313,187932.6,15.27667811320163,26,4.911597502456647,2.491407628713368,2,True,True,0,6,False,False,20,0,True,True,False,nan,nan,nan,10,True,15.27667811320163
2314,187932.8,15.069673751075094,27,4.614079075813454,2.3978746888564384,2,True,True,0,6,False,False,21,0,True,True,False,nan,nan,nan,11,True,15.069673751075094
2315,187933.0,14.945710284645523,28,4.700808819699282,2.3884697889734308,2,False,True,0,6,False,False,22,0,False,False,False,nan,nan,nan,12,True,nan
2316,187933.2,14.667975933694612,28,3.0900782966087688,1.8885697228240874,1,False,True,0,6,False,False,23,0,True,True,False,nan,nan,nan,13,True,14.667975933694612
2317,187933.4,14.39808104770205,28,4.86189396479664,2.371706602473866,2,False,True,0,6,False,False,24,0,False,False,False,nan,nan,nan,14,True,nan
2318,187933.6,13.794823897994585,28,2.9672969794926436,1.83929715009482,2,False,True,0,6,False,False,25,0,False,False,False,nan,nan,nan,15,True,nan
2319,187933.8,13.418762763892625,27,2.9573431607817278,1.8346495216216476,2,False,True,0,6,False,False,25,0,False,False,False,nan,nan,nan,16,True,nan
2320,187934.0,13.166035591509925,26,2.9456457520486334,2.0571647688856585,2,False,True,0,6,False,False,25,0,False,False,False,nan,nan,nan,17,True,nan
2321,187934.2,12.939328164534489,26,2.8546550868292466,2.010278158103946,2,False,True,0,6,False,False,25,0,False,False,False,nan,nan,nan,18,True,nan
2322,187934.4,12.759041798917071,25,2.769793341194341,1.976839113886539,2,False,True,0,6,False,False,25,0,False,False,False,nan,nan,nan,19,True,nan
2323,187934.6,12.579321058760339,25,2.768845303567113,1.9666912225003639,2,False,True,0,6,False,False,25,0,False,False,False,nan,nan,nan,20,True,nan
2324,187934.8,12.404236421469658,25,2.72517947698874,1.7829227131813414,2,False,True,0,6,False,False,25,0,False,False,False,nan,nan,nan,21,True,nan
2325,187935.0,12.224160330303157,25,2.662783290890357,1.7646031856059898,2,False,True,0,6,False,False,25,0,False,False,False,nan,nan,nan,22,True,nan
2326,187935.2,12.112641091331827,26,9.316035705940456,2.889769218327648,2,False,True,0,6,False,False,25,0,False,False,False,nan,nan,nan,23,True,nan
2327,187935.4,11.977291361634256,26,2.6741235726337536,1.7913327306972344,2,False,True,0,6,False,False,25,0,False,False,False,nan,nan,nan,24,True,nan
2328,187935.6,11.878396860856334,27,9.586244838020699,2.9203771156955107,2,False,True,0,6,False,False,25,0,False,False,False,nan,nan,nan,25,True,nan
2329,187935.8,11.823700557305164,28,9.801303353090077,2.9190907309513183,4,False,True,0,6,False,False,25,0,False,False,False,nan,nan,nan,26,True,nan
2330,187936.0,33.65863722094163,29,10.015696788890727,2.9259132051568235,1,False,True,0,0,True,False,25,0,True,True,False,nan,nan,nan,0,True,33.65863722094163
2331,187936.2,18.19022711425551,28,3.4403714552680267,1.933005596442183,3,False,True,0,6,False,False,25,0,False,False,False,nan,nan,nan,1,True,nan
2332,187936.4,17.498481956199974,28,3.3090568230457476,1.8809639353158176,2,False,True,0,6,False,False,25,0,True,True,False,nan,nan,nan,2,True,17.498481956199974
2333,187936.6,17.448924828318944,27,3.2638053765485293,1.8635864889848157,2,False,True,0,6,False,False,25,0,False,False,False,nan,nan,nan,3,True,nan
2334,187936.8,17.052623977199424,26,3.190102492326778,1.8375162896342896,1,False,True,0,6,False,False,25,0,True,True,False,nan,nan,nan,4,True,17.052623977199424
2335,187937.0,17.064382630429737,25,3.1643681469370577,1.8287111196277317,2,False,True,0,6,False,False,25,0,False,False,False,nan,nan,nan,5,True,nan
2336,187937.2,17.351669341252748,25,3.2541843705863442,1.8721865345882454,1,False,True,0,6,False,False,25,0,True,True,False,nan,nan,nan,6,True,17.351669341252748
2337,187937.4,17.311531175967307,26,8.199997050605804,2.832132661149048,1,False,True,0,6,False,False,25,0,True,True,False,nan,nan,nan,7,True,17.311531175967307
2338,187937.6,17.303501321448255,27,8.157134022660182,2.8487212078389508,2,False,True,0,6,False,False,25,0,False,False,False,nan,nan,nan,8,True,nan
2339,187937.8,30.069443893060217,29,11.917823352223927,3.4404789818172237,2,False,True,0,0,True,False,25,0,False,False,False,nan,nan,nan,0,True,nan
2340,187938.0,28.111469765033334,31,10.20992054031459,3.637057613614155,1,False,True,0,6,False,False,25,0,True,True,False,nan,nan,nan,1,True,28.111469765033334
2341,187938.2,28.11503828049754,32,8.637539251536673,3.2770071584695777,2,False,True,0,6,False,False,25,0,False,False,False,nan,nan,nan,2,True,nan
2342,187938.4,40.8704474550542,32,8.600831248545246,3.2649810091164433,2,False,True,0,0,True,False,25,0,False,False,False,nan,nan,nan,0,True,nan
2343,187938.6,41.026119709653045,31,6.0765026295291475,2.7354134407543187,14,True,True,0,6,False,False,24,0,False,False,False,nan,nan,nan,1,True,nan
2344,187938.8,41.12713557368647,29,6.106033158322319,2.737610574226593,3,False,True,0,6,False,False,24,0,False,False,False,nan,nan,nan,2,True,nan
2345,187939.0,42.401405253231324,27,6.057392561217136,2.7230108611326034,3,True,True,0,0,True,False,24,0,False,False,False,nan,nan,nan,0,True,nan
2346,187939.2,42.831260111570046,26,5.811635340772325,2.7368808352773892,1,False,True,0,6,False,False,24,0,True,True,False,nan,nan,nan,1,True,42.831260111570046
2347,187939.4,42.84165227370708,25,5.7559165572807265,2.9971178328386157,2,False,True,0,6,False,False,24,0,False,False,False,nan,nan,nan,2,True,nan
2348,187939.6,42.89746539529482,26,16.96199015838686,4.1431810269499945,2,False,True,0,6,False,False,26,0,False,False,False,nan,nan,nan,3,True,nan
2349,187939.8,42.088209067087924,27,16.478293221363746,4.069211278523395,4,False,True,0,6,False,False,27,0,True,True,False,nan,nan,nan,4,True,42.088209067087924
2350,187940.0,16.421854980177507,27,17.916511142375267,4.265132669926232,4,True,True,0,0,True,False,27,0,False,False,False,nan,nan,nan,0,True,nan
2351,187940.2,15.9256933776908,27,2.2346213335556318,1.6173089566795924,10,True,True,0,6,False,False,27,0,False,False,False,nan,nan,nan,1,True,nan
2352,187940.4,15.797837258162877,26,2.050410954726276,1.4304762064047911,4,True,True,0,6,False,False,26,0,False,False,False,nan,nan,nan,2,True,nan
2353,187940.6,15.70280135538797,26,19.70661917721354,3.8281331179459395,4,True,True,0,6,False,False,24,0,False,False,False,nan,nan,nan,3,True,nan
2354,187940.8,12.747089851560396,27,16.762614805956755,3.502656826076413,12,True,True,0,6,False,False,22,0,False,False,False,nan,nan,nan,4,True,nan
2355,187941.0,29.014747976997466,29,15.271396127703527,3.5081423811948462,2,False,True,0,0,True,False,21,0,True,True,False,nan,nan,nan,0,True,29.014747976997466
2356,187941.2,17.96408202240574,31,11.430621385145816,3.5309706065153774,2,False,True,0,6,False,False,20,0,True,True,False,nan,nan,nan,1,True,17.96408202240574
2357,187941.4,17.982538886845596,34,11.418654329170087,3.5222808595292063,2,False,True,0,6,False,False,20,0,False,False,False,nan,nan,nan,2,True,nan
2358,187941.6,29.517945756509725,35,11.474119932501019,3.5360174434285185,2,False,True,0,0,True,False,20,0,False,False,False,nan,nan,nan,0,True,nan
2359,187941.8,28.45124534805632,35,10.242147913508283,3.6000736874400916,9,True,True,0,6,False,False,20,0,False,False,False,nan,nan,nan,1,True,nan
2360,187942.0,28.078194320087142,35,10.349123358114309,3.5887928441375028,3,False,True,0,6,False,False,20,0,False,False,False,nan,nan,nan,2,True,nan
2361,187942.2,29.997288675327745,35,10.37419572215117,3.5822813956962505,1,False,True,0,0,True,False,20,0,True,True,False,nan,nan,nan,0,True,29.997288675327745
2362,187942.4,28.745113863379157,35,10.326138194978169,3.609821839988825,2,False,True,0,6,False,False,20,0,False,False,False,nan,nan,nan,1,True,nan
2363,187942.6,28.450694276468802,35,10.522119178500864,3.6123675564007525,2,False,True,0,6,False,False,20,0,True,True,False,nan,nan,nan,2,True,28.450694276468802
2364,187942.8,30.650386026834678,35,10.636761984558584,3.615578183572422,6,True,True,0,0,True,False,20,0,False,False,False,nan,nan,nan,0,True,nan
2365,187943.0,29.634793180645087,35,10.704011092980732,3.6386767617846507,1,False,True,0,6,False,False,20,0,True,True,False,nan,nan,nan,1,True,29.634793180645087
2366,187943.2,29.644637592850422,35,10.816085477245833,3.645385736924902,2,False,True,0,6,False,False,20,0,False,False,False,nan,nan,nan,2,True,nan
2367,187943.4,31.88025790962309,35,10.951336844596884,3.6638334024317345,2,False,True,0,0,True,False,20,0,False,False,False,nan,nan,nan,0,True,nan
2368,187943.6,30.905471069384237,35,11.018905645037663,3.6898111627215426,4,True,True,0,6,False,False,20,0,False,False,False,nan,nan,nan,1,True,nan
2369,187943.8,30.58824702558233,35,11.198294678206015,3.7069099726024284,3,False,True,0,6,False,False,20,0,False,False,False,nan,nan,nan,2,True,nan
2370,187944.0,32.5632498532744,35,11.342519165153007,3.724764299962504,1,False,True,0,0,True,False,20,0,True,True,False,nan,nan,nan,0,True,32.5632498532744
2371,187944.2,31.34214673368723,35,11.40689288235871,3.7408650402709536,2,False,True,0,6,False,False,20,0,False,False,False,nan,nan,nan,1,True,nan
2372,187944.4,31.40331954097666,35,11.51921716751075,3.764419765016268,2,False,True,0,6,False,False,21,0,False,False,False,nan,nan,nan,2,True,nan
2373,187944.6,34.0246314984167,34,12.644190399457734,4.090972297744509,2,False,True,0,0,True,False,22,0,False,False,False,nan,nan,nan,0,True,nan
2374,187944.8,33.16191126468532,33,12.650244887230961,4.10570633227519,4,True,True,0,6,False,False,23,0,False,False,False,nan,nan,nan,1,True,nan
2375,187945.0,32.87415438309553,32,12.762192033285006,4.1163515619158115,3,False,True,0,6,False,False,24,0,False,False,False,nan,nan,nan,2,True,nan
2376,187945.2,34.80344384966909,31,12.90203095012659,4.1276897684125045,3,True,True,0,0,True,False,25,0,False,False,False,nan,nan,nan,0,True,nan
2377,187945.4,34.183926017763504,31,11.946626063834973,3.8303270245978873,1,False,True,0,6,False,False,25,0,True,True,False,nan,nan,nan,1,True,34.183926017763504
2378,187945.6,34.18448971098795,32,12.032023092323135,3.8429212098464767,3,True,True,0,6,False,False,25,0,False,False,False,nan,nan,nan,2,True,nan
2379,187945.8,35.017803618732046,33,12.15687769638531,3.864569815212908,2,False,True,0,0,True,False,25,0,False,False,False,nan,nan,nan,0,True,nan
2380,187946.0,34.41750364103365,34,12.20810538489859,3.87626470074668,3,False,True,0,6,False,False,25,0,False,False,False,nan,nan,nan,1,True,nan
2381,187946.2,34.196640639086645,35,12.284841605217947,3.88538015344571,3,False,True,0,6,False,False,25,0,False,False,False,nan,nan,nan,2,True,nan
2382,187946.4,35.767082848680595,35,12.378925697041476,3.8995467062626608,3,False,True,0,0,True,False,25,0,False,False,False,nan,nan,nan,0,True,nan
2383,187946.6,35.0979273414789,35,12.393069497575997,3.9055529265707873,4,True,True,0,6,False,False,25,0,False,False,False,nan,nan,nan,1,True,nan
2384,187946.8,34.89097336058239,35,12.473110845917832,3.9170552850393126,1,False,True,0,6,False,False,25,0,True,True,False,nan,nan,nan,2,True,34.89097336058239
2385,187947.0,36.355090173725806,35,12.533490179246959,3.963958171058591,1,False,True,0,0,True,False,25,0,False,False,False,nan,nan,nan,0,True,nan
2386,187947.2,35.815017546414445,35,12.535600199704012,3.936231539655661,1,False,True,0,6,False,False,25,0,True,True,False,nan,nan,nan,1,True,35.815017546414445
2387,187947.4,35.802785774835776,35,12.59032001707973,3.957118210596241,2,False,True,0,6,False,False,25,0,False,False,False,nan,nan,nan,2,True,nan
2388,187947.6,36.4169650626381,35,12.64465583958899,3.999508073912162,1,False,True,0,0,True,False,25,0,True,True,False,nan,nan,nan,0,True,36.4169650626381
2389,187947.8,35.478146869791644,35,12.677293326869638,4.025284575345941,2,False,True,0,6,False,False,25,0,False,False,False,nan,nan,nan,1,True,nan
2390,187948.0,35.515846170995026,35,12.779453323767244,4.0440047500499405,1,False,True,0,6,False,False,25,0,True,True,False,nan,nan,nan,2,True,35.515846170995026
2391,187948.2,36.988339121641225,35,12.85037253601749,4.058413264127446,3,False,True,0,0,True,False,25,0,True,True,False,nan,nan,nan,0,True,36.988339121641225
2392,187948.4,37.34604658901172,35,12.764630656679646,3.9981756406400195,1,False,True,0,6,False,False,25,0,True,True,False,nan,nan,nan,1,True,37.34604658901172
2393,187948.6,37.32961713769609,35,12.775226012745131,4.038662230586485,2,False,True,0,6,False,False,25,0,False,False,False,nan,nan,nan,2,True,nan
2394,187948.8,40.649376427588365,35,12.77077580976888,4.477305480314433,2,False,True,0,0,True,False,25,0,False,False,False,nan,nan,nan,0,True,nan
2395,187949.0,40.37197126405954,35,12.828166453494136,4.508806823967142,1,True,True,0,6,False,False,25,0,True,True,False,nan,nan,nan,1,True,40.37197126405954
2396,187949.2,40.19601762857239,35,12.811245327064956,4.540799340800973,2,False,True,0,6,False,False,25,0,False,False,False,nan,nan,nan,2,True,nan
2397,187949.4,40.958793349329426,35,12.825525249861947,4.558158743582966,1,False,True,0,0,True,False,25,0,True,True,False,nan,nan,nan,0,True,40.958793349329426
2398,187949.6,39.67401601473605,35,12.756766628814514,4.084326066854599,2,False,True,0,6,False,False,25,0,False,False,False,nan,nan,nan,1,True,nan
2399,187949.8,39.61603102407851,35,12.649311217490286,4.599425556075969,2,False,True,0,6,False,False,25,0,False,False,False,nan,nan,nan,2,True,nan
2400,187950.0,40.82030877283419,35,12.571077144093826,4.56692448759767,1,False,True,0,0,True,False,25,0,True,True,False,nan,nan,nan,0,True,40.82030877283419
2401,187950.2,39.81606272812096,35,12.536576430146859,4.590378312981964,1,False,True,0,6,False,False,25,0,True,True,False,nan,nan,nan,1,True,39.81606272812096
2402,187950.4,39.81694347066561,35,12.461916391185133,4.099929168358429,1,False,True,0,6,False,False,25,0,False,False,False,nan,nan,nan,2,True,nan
2403,187950.6,38.13913193530722,35,12.39769422050512,4.088282837962183,2,False,True,0,0,True,False,25,0,False,False,False,nan,nan,nan,0,True,nan
2404,187950.8,38.409225799201906,35,12.348310927994504,4.002210938478024,1,False,True,0,6,False,False,25,0,True,True,False,nan,nan,nan,1,True,38.409225799201906
2405,187951.0,38.40391317666036,35,12.272925215759805,4.485049452843519,3,False,True,0,6,False,False,25,0,False,False,False,nan,nan,nan,2,True,nan
2406,187951.2,38.535548449436426,35,12.222844669852554,4.014992858921707,2,False,True,0,0,True,False,25,0,False,False,False,nan,nan,nan,0,True,nan
2407,187951.4,38.77533515823062,35,12.158966889048996,4.000036608085551,4,False,True,0,6,False,False,25,0,False,False,False,nan,nan,nan,1,True,nan
2408,187951.6,38.87243951376529,35,12.051478047869569,3.982784809367579,3,False,True,0,6,False,False,25,0,False,False,False,nan,nan,nan,2,True,nan
2409,187951.8,45.11514676117085,34,10.989407794667388,3.7152610686365377,1,False,True,0,0,True,False,24,0,True,True,False,nan,nan,nan,0,True,45.11514676117085
2410,187952.0,43.36141433198828,33,9.556544641271008,3.6202721709336747,2,False,True,0,6,False,False,23,0,True,True,False,nan,nan,nan,1,True,43.36141433198828
2411,187952.2,43.40692085795606,32,9.63827371024455,3.6382714519343216,4,True,True,0,6,False,False,22,0,True,True,False,nan,nan,nan,2,True,43.40692085795606
2412,187952.4,44.8946132208998,31,9.700255538520876,3.653209329606961,2,True,True,0,0,True,False,21,0,True,True,False,nan,nan,nan,0,True,44.8946132208998
2413,187952.6,44.42343607714423,30,9.646961017944138,3.506583362110708,4,True,True,0,6,False,False,20,0,False,False,False,nan,nan,nan,1,True,nan
2414,187952.8,44.408990008911594,30,9.71433851889528,3.515296495347685,2,False,True,0,6,False,False,20,0,False,False,False,nan,nan,nan,2,True,nan
2415,187953.0,44.6854434535965,30,9.820265383787381,3.5344070050721577,2,False,True,0,0,True,False,20,0,False,False,False,nan,nan,nan,0,True,nan
2416,187953.2,45.43959820067118,30,9.75666421520994,3.4762195035297774,1,False,True,0,6,False,False,20,0,True,True,False,nan,nan,nan,1,True,45.43959820067118
2417,187953.4,45.44136982784758,30,9.842186257627787,3.495489056823245,2,True,True,0,6,False,False,20,0,False,False,False,nan,nan,nan,2,True,nan
2418,187953.6,45.09955465073746,30,9.909734940210283,3.502988199037822,1,False,True,0,0,True,False,20,0,True,True,False,nan,nan,nan,0,True,45.09955465073746
2419,187953.8,45.558890413855124,30,9.990192576505844,3.5206598638882047,1,False,True,0,6,False,False,20,0,True,True,False,nan,nan,nan,1,True,45.558890413855124
2420,187954.0,45.656304958368516,30,10.104494924538253,3.5403659417471682,2,False,True,0,6,False,False,20,0,False,False,False,nan,nan,nan,2,True,nan
2421,187954.2,45.12340299053253,30,10.180932952453384,3.5559869090214926,1,False,True,0,0,True,False,20,0,True,True,False,nan,nan,nan,0,True,45.12340299053253
2422,187954.4,45.65217017558056,30,10.284977876216804,3.584504342778499,1,False,True,0,6,False,False,20,0,True,True,False,nan,nan,nan,1,True,45.65217017558056
2423,187954.6,45.647688155444776,30,10.380140277092393,3.6088291487245745,3,False,True,0,6,False,False,20,0,False,False,False,nan,nan,nan,2,True,nan
2424,187954.8,40.4976737784062,31,14.47258121154791,4.229153272418627,2,False,True,0,0,True,False,21,0,False,False,False,nan,nan,nan,0,True,nan
2425,187955.0,40.987123501694384,32,11.322187154826992,4.263478726985532,10,True,True,0,6,False,False,22,0,False,False,False,nan,nan,nan,1,True,nan
2426,187955.2,41.19739018460707,33,11.358388038217223,4.28457654996412,1,False,True,0,6,False,False,23,0,True,True,False,nan,nan,nan,2,True,41.19739018460707
2427,187955.4,43.89475761947459,34,11.296498671971431,4.24251149887995,2,False,True,0,0,True,False,24,0,False,False,False,nan,nan,nan,0,True,nan
2428,187955.6,44.154941488513984,35,11.159252728853138,4.241006302023453,4,False,True,0,6,False,False,25,0,False,False,False,nan,nan,nan,1,True,nan
2429,187955.8,44.34664875003308,35,11.113771416415833,4.2700488888568175,3,False,True,0,6,False,False,25,0,False,False,False,nan,nan,nan,2,True,nan
2430,187956.0,43.910316547522214,35,11.158641551361043,4.244594051335203,3,False,True,0,0,True,False,25,0,False,False,False,nan,nan,nan,0,True,nan
2431,187956.2,44.36884082162351,35,11.23457683923225,4.292748703744973,3,False,True,0,6,False,False,25,0,False,False,False,nan,nan,nan,1,True,nan
2432,187956.4,44.5665505620674,35,11.316776785638956,4.279337341324415,3,False,True,0,6,False,False,25,0,False,False,False,nan,nan,nan,2,True,nan
2433,187956.6,44.555220899868395,35,11.417869031470774,4.300762310078371,3,False,True,0,0,True,False,25,0,False,False,False,nan,nan,nan,0,True,nan
2434,187956.8,44.7862605186479,35,11.514787154898558,4.382504208792859,3,False,True,0,6,False,False,25,0,False,False,False,nan,nan,nan,1,True,nan
2435,187957.0,44.97284945820844,35,11.605431954697886,4.371010299461443,3,False,True,0,6,False,False,25,0,False,False,False,nan,nan,nan,2,True,nan
2436,187957.2,44.68618381467891,35,11.661419579994917,4.422906905954531,3,False,True,0,0,True,False,25,0,False,False,False,nan,nan,nan,0,True,nan
2437,187957.4,45.01668781156944,35,11.673093688470603,4.41255097255715,3,False,True,0,6,False,False,25,0,False,False,False,nan,nan,nan,1,True,nan
2438,187957.6,45.21201206891681,35,11.67748478559276,4.40241824763283,3,False,True,0,6,False,False,25,0,False,False,False,nan,nan,nan,2,True,nan
2439,187957.8,44.92905767456065,35,11.77766613718181,4.432634106278704,3,False,True,0,0,True,False,25,0,False,False,False,nan,nan,nan,0,True,nan
2440,187958.0,45.320134243139506,35,11.799648493235923,4.452436260915976,1,False,True,0,6,False,False,25,0,True,True,False,nan,nan,nan,1,True,45.320134243139506
2441,187958.2,45.30876687721353,35,11.835659622008814,4.009001880514745,1,False,True,0,6,False,False,25,0,True,True,False,nan,nan,nan,2,True,45.30876687721353
2442,187958.4,41.508895477399975,35,11.919352445989697,4.017383780693848,5,True,True,0,0,True,False,25,0,True,True,False,nan,nan,nan,0,True,41.508895477399975
2443,187958.6,43.05715945589945,35,11.952387084544238,4.06738412944717,2,False,True,0,6,False,False,25,0,False,False,False,nan,nan,nan,1,True,nan
2444,187958.8,43.12949733611488,35,12.03279360954048,4.0862145595620785,2,False,True,0,6,False,False,25,0,False,False,False,nan,nan,nan,2,True,nan
2445,187959.0,41.518403631714136,35,12.063571426125174,4.102005763590542,2,False,True,0,0,True,False,25,0,False,False,False,nan,nan,nan,0,True,nan
2446,187959.2,41.85923188391116,35,12.186644162785209,4.107978145459122,1,False,True,0,6,False,False,25,0,True,True,False,nan,nan,nan,1,True,41.85923188391116
2447,187959.4,41.99789508387453,35,12.202427168308159,4.106603232761081,2,False,True,0,6,False,False,25,0,False,False,False,nan,nan,nan,2,True,nan
2448,187959.6,41.60038894915315,35,12.252125400082889,4.1168493258479275,2,False,True,0,0,True,False,25,0,False,False,False,nan,nan,nan,0,True,nan
2449,187959.8,41.87482359044128,35,12.26916487871232,4.1275628444824175,3,False,True,0,6,False,False,25,0,False,False,False,nan,nan,nan,1,True,nan
2450,187960.0,41.94536591175256,35,12.352859750903916,4.141936627292989,3,True,True,0,6,False,False,25,0,False,False,False,nan,nan,nan,2,True,nan
2451,187960.2,41.45073203748623,35,12.458147340911133,4.163180582287961,2,True,True,0,0,True,False,25,0,False,False,False,nan,nan,nan,0,True,nan
2452,187960.4,41.70575642599725,35,12.556762554939898,4.1879024795209165,3,False,True,0,6,False,False,25,0,False,False,False,nan,nan,nan,1,True,nan
2453,187960.6,41.76397223928135,35,12.648210836757578,4.209057005778744,2,True,True,0,6,False,False,25,0,False,False,False,nan,nan,nan,2,True,nan
2454,187960.8,41.603498937837436,35,12.745209600000162,4.228491370345535,1,False,True,0,0,True,False,25,0,True,True,False,nan,nan,nan,0,True,41.603498937837436
2455,187961.0,42.44584648379579,35,12.703533676134134,4.226505940724017,4,True,True,0,6,False,False,25,0,False,False,False,nan,nan,nan,1,True,nan
2456,187961.2,43.15960362428799,35,12.677462418616965,4.2155545490153825,2,False,True,0,6,False,False,25,0,False,False,False,nan,nan,nan,2,True,nan
2457,187961.4,41.52633817474983,35,12.753846526858782,4.232234521497189,2,False,True,0,0,True,False,25,0,False,False,False,nan,nan,nan,0,True,nan
2458,187961.6,41.91688949741622,35,12.818247361054535,4.556430053372882,5,True,True,0,6,False,False,25,0,False,False,False,nan,nan,nan,1,True,nan
2459,187961.8,41.992938947844905,35,12.876676298336987,4.561461254329484,2,True,True,0,6,False,False,25,0,False,False,False,nan,nan,nan,2,True,nan
2460,187962.0,24.607664771088604,34,12.416433203181107,4.555611168180112,1,False,True,0,0,True,False,25,0,True,True,False,nan,nan,nan,0,True,24.607664771088604
2461,187962.2,31.165116063239545,34,14.346403347634014,4.669052231124221,2,False,True,0,6,False,False,25,0,True,True,False,nan,nan,nan,1,True,31.165116063239545
2462,187962.4,31.140378913747742,33,10.867502843242669,4.3823477520028264,3,True,True,0,6,False,False,25,0,False,False,False,nan,nan,nan,2,True,nan
2463,187962.6,24.460111324832372,32,10.833570293121834,4.40039862342043,2,False,True,0,0,True,False,25,0,False,False,False,nan,nan,nan,0,True,nan
2464,187962.8,24.093838442990375,31,8.947320887466661,3.6097942148907274,1,False,True,0,6,False,False,25,0,True,True,False,nan,nan,nan,1,True,24.093838442990375
2465,187963.0,24.058960167963285,30,9.798603061742922,4.00073044020216,1,False,True,0,6,False,False,24,0,False,False,False,nan,nan,nan,2,True,nan
2466,187963.2,24.73821179321813,29,8.884932545020893,3.7224544282189287,2,False,True,0,0,True,False,24,0,False,False,False,nan,nan,nan,0,True,nan
2467,187963.4,24.34237312545497,29,8.794473581119815,3.6972797939326103,4,False,True,0,6,False,False,23,0,False,False,False,nan,nan,nan,1,True,nan
2468,187963.6,24.279454800752575,29,8.668467792723094,3.6821274521092042,3,True,True,0,6,False,False,22,0,False,False,False,nan,nan,nan,2,True,nan
2469,187963.8,25.648236804192226,29,8.663066469085514,3.68322433625914,3,False,True,0,0,True,False,21,0,False,False,False,nan,nan,nan,0,True,nan
2470,187964.0,25.286145119342038,29,9.20446712707954,3.863187812559304,1,False,True,0,6,False,False,21,0,True,True,False,nan,nan,nan,1,True,25.286145119342038
2471,187964.2,25.243629995969705,28,8.92586413422316,3.7797978319109897,3,False,True,0,6,False,False,20,0,True,True,False,nan,nan,nan,2,True,25.243629995969705
2472,187964.4,42.92759185505328,29,23.867431181686175,4.69311662152,1,False,True,0,0,True,False,20,0,True,True,False,nan,nan,nan,0,True,42.92759185505328
2473,187964.6,38.4084399050731,30,16.175494761621124,4.835933155998554,1,False,True,0,6,False,False,20,0,True,True,False,nan,nan,nan,1,True,38.4084399050731
2474,187964.8,38.40883027902803,31,16.435268554069047,4.843801652341748,1,False,True,0,6,False,False,20,0,False,False,False,nan,nan,nan,2,True,nan
2475,187965.0,42.94159575352774,33,16.508604910465557,4.864641632678198,2,False,True,0,0,True,False,20,0,False,False,False,nan,nan,nan,0,True,nan
2476,187965.2,43.0374009393006,34,17.552876630465878,5.097629080542032,6,True,True,0,6,False,False,20,0,False,False,False,nan,nan,nan,1,True,nan
2477,187965.4,42.63504851582979,33,15.576084699042912,4.529126550454601,1,False,True,0,6,False,False,20,0,True,True,False,nan,nan,nan,2,True,42.63504851582979
2478,187965.6,38.4228110446595,32,15.407906525287292,4.513651901684023,2,True,True,0,0,True,False,20,0,False,False,False,nan,nan,nan,0,True,nan
2479,187965.8,37.98442093059661,31,15.344108089454362,4.551737325075595,1,False,True,0,6,False,False,20,0,True,True,False,nan,nan,nan,1,True,37.98442093059661
2480,187966.0,37.974856550486386,30,15.342406578051246,4.54825180864098,2,False,True,0,6,False,False,20,0,False,False,False,nan,nan,nan,2,True,nan
2481,187966.2,51.91619254906948,29,12.918401029249578,4.119727110860799,2,False,True,0,0,True,False,20,0,False,False,False,nan,nan,nan,0,True,nan
2482,187966.4,51.694564461646515,28,6.885526223899721,2.9890858479144407,1,False,True,0,6,False,False,20,0,True,True,False,nan,nan,nan,1,True,51.694564461646515
2483,187966.6,51.71954389972049,27,6.798933235406863,2.964887200655089,2,False,True,0,6,False,False,20,0,False,False,False,nan,nan,nan,2,True,nan
2484,187966.8,50.927180907780674,26,6.754884872788652,2.9345337783073826,2,False,True,0,0,True,False,20,0,False,False,False,nan,nan,nan,0,True,nan
2485,187967.0,51.19763148839449,26,23.676419919175128,4.761956167320664,1,False,True,0,6,False,False,20,0,True,True,False,nan,nan,nan,1,True,51.19763148839449
2486,187967.2,48.50438718367132,27,22.885855527226827,4.723740449059424,2,False,True,0,6,False,False,20,0,True,True,False,nan,nan,nan,2,True,48.50438718367132
2487,187967.4,37.463098957266354,28,22.51650510251539,4.709643427366278,3,True,True,0,0,True,False,20,0,True,True,False,nan,nan,nan,0,True,37.463098957266354
2488,187967.6,32.91812805554802,29,16.556815623016572,4.45464618039354,2,False,True,0,6,False,False,20,0,False,False,False,nan,nan,nan,1,True,nan
2489,187967.8,32.9573991739565,30,16.3994891213913,4.423012096053726,2,False,True,0,6,False,False,20,0,False,False,False,nan,nan,nan,2,True,nan
2490,187968.0,37.35639741376513,30,16.043850516232276,4.390814261652969,2,False,True,0,0,True,False,20,0,False,False,False,nan,nan,nan,0,True,nan
2491,187968.2,36.8375921166782,30,14.326079586517412,4.356267597067821,1,False,True,0,6,False,False,20,0,True,True,False,nan,nan,nan,1,True,36.8375921166782
2492,187968.4,36.827421721790934,30,14.190250243673958,4.3547086153560315,2,False,True,0,6,False,False,21,0,False,False,False,nan,nan,nan,2,True,nan
2493,187968.6,36.58355027995984,30,14.038012312225796,4.332606939075511,2,False,True,0,0,True,False,22,0,False,False,False,nan,nan,nan,0,True,nan
2494,187968.8,36.14559780199966,30,13.864583361606249,4.32105166073257,1,False,True,0,6,False,False,23,0,True,True,False,nan,nan,nan,1,True,36.14559780199966
2495,187969.0,36.14758960514902,30,13.525728097129035,4.3090244189827756,3,True,True,0,6,False,False,24,0,False,False,False,nan,nan,nan,2,True,nan
2496,187969.2,23.897695409942393,29,13.010027017703944,4.215083831966652,1,False,True,0,0,True,False,24,0,True,True,False,nan,nan,nan,0,True,23.897695409942393
2497,187969.4,18.57422405498452,29,18.177151616761776,4.282004395275372,3,False,True,0,6,False,False,23,0,False,False,False,nan,nan,nan,1,True,nan
2498,187969.6,19.293168375403745,29,16.19257669292032,4.2152224715186275,2,False,True,0,6,False,False,22,0,False,False,False,nan,nan,nan,2,True,nan
2499,187969.8,34.35722392172909,29,15.166458921485855,4.226887106276503,2,False,True,0,0,True,False,21,0,True,True,False,nan,nan,nan,0,True,34.35722392172909
2500,187970.0,26.12066836178758,29,13.634691728401322,4.227304999251855,2,False,True,0,6,False,False,20,0,True,True,False,nan,nan,nan,1,True,26.12066836178758
2501,187970.2,26.126806699386627,30,13.47105273240287,4.558728391125619,2,False,True,0,6,False,False,20,0,False,False,False,nan,nan,nan,2,True,nan
2502,187970.4,36.495669162534895,30,13.38875303652308,4.483150076996002,3,False,True,0,0,True,False,20,0,True,True,False,nan,nan,nan,0,True,36.495669162534895
2503,187970.6,31.849004582395,30,12.567695562252936,4.469610745427256,1,False,True,0,6,False,False,20,0,True,True,False,nan,nan,nan,1,True,31.849004582395
2504,187970.8,31.856132404658602,30,12.281950528033919,4.4624234836417855,2,False,True,0,6,False,False,20,0,False,False,False,nan,nan,nan,2,True,nan
2505,187971.0,34.12605934235066,30,12.039630886110723,4.432030683234028,3,True,True,0,0,True,False,20,0,True,True,False,nan,nan,nan,0,True,34.12605934235066
2506,187971.2,32.714562585200206,30,11.809170168898708,4.462226701393993,2,False,True,0,6,False,False,20,0,False,False,False,nan,nan,nan,1,True,nan
2507,187971.4,32.725253778814576,30,11.71082093104375,4.421466611609047,4,True,True,0,6,False,False,20,0,False,False,False,nan,nan,nan,2,True,nan
2508,187971.6,32.69374845422282,30,11.654140539771486,4.433532063058773,1,False,True,0,0,True,False,20,0,True,True,False,nan,nan,nan,0,True,32.69374845422282
2509,187971.8,32.875008344304554,30,11.628009673425947,4.445982838916251,2,False,True,0,6,False,False,20,0,False,False,False,nan,nan,nan,1,True,nan
2510,187972.0,32.7590214659833,30,11.65491766395321,4.446772732793151,2,False,True,0,6,False,False,20,0,False,False,False,nan,nan,nan,2,True,nan
2511,187972.2,32.98951065069629,30,11.799078347525272,4.48498759954641,1,False,True,0,0,True,False,20,0,True,True,False,nan,nan,nan,0,True,32.98951065069629
2512,187972.4,32.74310706362493,30,11.722504758761902,4.430097006150996,4,False,True,0,6,False,False,19,0,True,True,False,nan,nan,nan,1,True,32.74310706362493
2513,187972.6,32.73036895654732,30,11.701774444511406,4.465471193244432,1,False,True,0,6,False,False,18,0,True,True,False,nan,nan,nan,2,True,32.73036895654732
2514,187972.8,32.146843942115346,30,11.700329656599452,4.437448684861225,2,False,True,0,0,True,False,17,0,True,True,False,nan,nan,nan,0,True,32.146843942115346
2515,187973.0,32.039241836473416,30,11.794999796703145,4.484267622714837,4,True,True,0,6,False,False,17,0,False,False,False,nan,nan,nan,1,True,nan
2516,187973.2,32.1854519958732,29,9.491286210026255,3.8996427008196473,2,False,True,0,6,False,False,17,0,True,True,False,nan,nan,nan,2,True,32.1854519958732
2517,187973.4,42.701202424773115,28,9.498714338744811,3.901769608778441,2,False,True,0,0,True,False,18,0,True,True,False,nan,nan,nan,0,True,42.701202424773115
2518,187973.6,36.41685648863912,28,15.086722927029601,4.218164196966406,2,False,True,0,6,False,False,17,0,True,True,False,nan,nan,nan,1,True,36.41685648863912
2519,187973.8,32.969305275707,28,13.992173754501067,4.140772947139206,2,False,True,0,6,False,False,16,0,True,True,False,nan,nan,nan,2,True,32.969305275707
2520,187974.0,30.398419270913653,28,13.929078077613278,4.105381453789913,2,False,True,0,0,True,False,14,0,True,True,False,nan,nan,nan,0,True,30.398419270913653
2521,187974.2,29.04946117091032,29,12.100710962251217,4.061685163454463,6,True,True,0,6,False,False,14,0,False,False,False,nan,nan,nan,1,True,nan
2522,187974.4,28.65277166397596,30,11.746525138386637,4.051341386899911,2,False,True,0,6,False,False,14,0,True,True,False,nan,nan,nan,2,True,28.65277166397596
2523,187974.6,32.034350867076085,30,11.994532426351983,4.0562508655984075,2,False,True,0,0,True,False,16,0,False,False,False,nan,nan,nan,0,True,nan
2524,187974.8,31.461526792093746,30,11.97870821426769,4.065968424180818,5,False,True,0,6,False,False,18,0,False,False,False,nan,nan,nan,1,True,nan
2525,187975.0,31.290802516957477,30,12.06790293420035,4.075447880759976,1,False,True,0,6,False,False,20,0,True,True,False,nan,nan,nan,2,True,31.290802516957477
2526,187975.2,32.170946423534005,30,12.00413207847898,4.051817152530549,2,False,True,0,0,True,False,20,0,False,False,False,nan,nan,nan,0,True,nan
2527,187975.4,31.648213850628316,30,11.898336694090686,4.006860926977942,3,True,True,0,6,False,False,20,0,False,False,False,nan,nan,nan,1,True,nan
2528,187975.6,31.435682074809844,31,12.084854025108712,4.19299564866841,1,False,True,0,6,False,False,20,0,True,True,False,nan,nan,nan,2,True,31.435682074809844
2529,187975.8,29.35107529876099,32,11.966415780065581,4.188840148413027,2,False,True,0,0,True,False,20,0,False,False,False,nan,nan,nan,0,True,nan
2530,187976.0,28.56471181361921,33,11.508743019482596,3.9933568910933834,1,False,True,0,6,False,False,20,0,True,True,False,nan,nan,nan,1,True,28.56471181361921
2531,187976.2,28.592606150946853,34,11.43979375237763,4.006421201692342,3,False,True,0,6,False,False,20,0,True,True,False,nan,nan,nan,2,True,28.592606150946853
2532,187976.4,18.77318435969254,34,10.77721435690578,3.87158690782525,1,False,True,0,0,True,False,20,0,True,True,False,nan,nan,nan,0,True,18.77318435969254
2533,187976.6,14.739536794779518,34,18.961649772477045,3.810646536437577,3,False,True,0,6,False,False,20,0,False,False,False,nan,nan,nan,1,True,nan
2534,187976.8,9.219975016238548,34,14.406393614729309,3.794570972156904,2,False,True,0,6,False,False,20,0,True,True,False,nan,nan,nan,2,True,9.219975016238548
2535,187977.0,28.985541116201475,34,14.164662697961635,3.717176127519336,3,False,True,0,0,True,False,20,0,True,True,False,nan,nan,nan,0,True,28.985541116201475
2536,187977.2,21.317079852456764,34,11.34464851037553,3.7932689849391164,4,False,True,0,6,False,False,20,0,False,False,False,nan,nan,nan,1,True,nan
2537,187977.4,21.431731803414422,35,10.83101686269683,3.7200266804073854,2,False,True,0,6,False,False,20,0,False,False,False,nan,nan,nan,2,True,nan
2538,187977.6,27.087933459441196,35,10.520270930227827,3.686887141597399,2,True,True,0,0,True,False,20,0,True,True,False,nan,nan,nan,0,True,27.087933459441196
2539,187977.8,24.44729769859644,34,9.626876958640494,3.587273445721746,2,False,True,0,6,False,False,20,0,False,False,False,nan,nan,nan,1,True,nan
2540,187978.0,24.48624373498308,33,9.573474031387423,3.5588233490711687,2,True,True,0,6,False,False,20,0,False,False,False,nan,nan,nan,2,True,nan
2541,187978.2,17.90498297279464,32,9.599477784415873,3.5723599455020834,2,False,True,0,0,True,False,20,0,False,False,False,nan,nan,nan,0,True,nan
2542,187978.4,17.548446903693772,31,2.638132373242269,1.8528772634117792,1,False,True,0,6,False,False,20,0,True,True,False,nan,nan,nan,1,True,17.548446903693772
2543,187978.6,17.461207805557645,30,2.6801342637726515,1.8742342724001588,1,False,True,0,6,False,False,20,0,False,False,False,nan,nan,nan,2,True,nan
2544,187978.8,17.458308210842034,30,2.7308249724758484,1.9176665501047894,1,False,True,0,6,False,False,20,0,True,True,False,nan,nan,nan,3,True,17.458308210842034
2545,187979.0,17.375678693859935,30,2.771265537420745,1.9279052796890594,2,False,True,0,6,False,False,20,0,False,False,False,nan,nan,nan,4,True,nan
2546,187979.2,17.0644980826723,29,2.416712698137051,1.942474588377065,2,False,True,0,6,False,False,20,0,False,False,False,nan,nan,nan,5,True,nan
2547,187979.4,16.636256068849868,28,2.426255158003252,1.987622886645644,2,False,True,0,6,False,False,20,0,False,False,False,nan,nan,nan,6,True,nan
2548,187979.6,16.302671462962582,27,2.3712046989519386,1.9359363291482736,2,False,True,0,6,False,False,20,0,False,False,False,nan,nan,nan,7,True,nan
2549,187979.8,16.153631687375285,27,14.518968500084615,4.388994071177851,2,True,True,0,6,False,False,20,0,False,False,False,nan,nan,nan,8,True,nan
2550,187980.0,15.957530092334661,26,2.238023077685992,1.7970136930337022,2,True,True,0,6,False,False,20,0,False,False,False,nan,nan,nan,9,True,nan
2551,187980.2,15.79045715233621,28,19.85774802369426,4.987741118136239,2,True,True,0,6,False,False,20,0,False,False,False,nan,nan,nan,10,True,nan
2552,187980.4,13.966866966254397,31,18.270141798724996,4.459407166252757,11,True,True,0,6,False,False,20,0,False,False,False,nan,nan,nan,11,True,nan
2553,187980.6,27.569615110527813,34,17.837953543065222,4.484370048313301,16,True,True,0,0,True,False,20,0,False,False,False,nan,nan,nan,0,True,nan
2554,187980.8,26.36067818745175,36,15.437763528404025,4.741393769955552,7,False,True,0,6,False,False,22,0,False,False,False,nan,nan,nan,1,True,nan
2555,187981.0,26.630129856469352,39,15.569800650949839,4.7610288020139615,1,False,True,0,6,False,False,24,0,True,True,False,nan,nan,nan,2,True,26.630129856469352
2556,187981.2,35.42948944626169,39,15.16741883583911,4.718382442787076,2,False,True,0,0,True,False,25,0,False,False,False,nan,nan,nan,0,True,nan
2557,187981.4,33.271699927547814,38,7.068444279554723,3.163732185534761,1,False,True,0,6,False,False,26,0,True,True,False,nan,nan,nan,1,True,33.271699927547814
2558,187981.6,33.24916521167254,37,7.233100756644473,3.182223087229117,1,False,True,0,6,False,False,27,0,True,True,False,nan,nan,nan,2,True,33.24916521167254
2559,187981.8,36.09779447706815,36,7.526972077367683,3.232149755710887,2,False,True,0,0,True,False,26,0,True,True,False,nan,nan,nan,0,True,36.09779447706815
2560,187982.0,35.15302462374052,35,7.6896571749116,3.300135911910339,2,False,True,0,6,False,False,25,0,False,False,False,nan,nan,nan,1,True,nan
2561,187982.2,35.07232945358287,35,8.484243005790445,3.4134312986843067,2,False,True,0,6,False,False,25,0,False,False,False,nan,nan,nan,2,True,nan
2562,187982.4,39.03974469295516,35,9.500696705172668,3.557062024596661,2,False,True,0,0,True,False,25,0,False,False,False,nan,nan,nan,0,True,nan
2563,187982.6,37.50229747676395,34,5.193983006726263,2.7321609651385343,6,True,True,0,6,False,False,25,0,False,False,False,nan,nan,nan,1,True,nan
2564,187982.8,36.99531936827603,34,10.596038750303283,3.786282930573256,1,False,True,0,6,False,False,25,0,True,True,False,nan,nan,nan,2,True,36.99531936827603
2565,187983.0,36.89608693131047,33,26.395111895167176,4.672621491978796,2,False,True,0,6,False,False,25,0,False,False,False,nan,nan,nan,3,True,nan
2566,187983.2,36.447388795680126,32,24.396536440582747,4.344393480740729,2,False,True,0,0,True,False,25,0,False,False,False,nan,nan,nan,0,True,nan
2567,187983.4,35.723981235602146,31,4.682643205512996,2.5539343624371162,10,True,True,0,6,False,False,25,0,False,False,False,nan,nan,nan,1,True,nan
2568,187983.6,35.62769312779168,31,4.601987875916585,2.3212162537843306,1,False,True,0,6,False,False,25,0,True,True,False,nan,nan,nan,2,True,35.62769312779168
2569,187983.8,35.723757316353755,30,4.554813488705934,2.3065378525838875,1,False,True,0,6,False,False,25,0,False,False,False,nan,nan,nan,3,True,nan
2570,187984.0,35.67357048874778,31,13.589529716632246,3.5705792965822116,2,False,True,0,6,False,False,25,0,False,False,False,nan,nan,nan,4,True,nan
2571,187984.2,35.65669479353897,32,13.567406712106012,3.596695606899734,2,False,True,0,6,False,False,25,0,False,False,False,nan,nan,nan,5,True,nan
2572,187984.4,27.069502509502474,33,13.534477118861792,3.963062904873492,2,False,True,0,0,True,False,25,0,False,False,False,nan,nan,nan,0,True,nan
2573,187984.6,26.380083258343515,33,10.294546383348502,4.130649493813426,9,True,True,0,6,False,False,24,0,False,False,False,nan,nan,nan,1,True,nan
2574,187984.8,26.25347145641158,34,9.807112854970901,4.053063604435027,1,False,True,0,6,False,False,24,0,True,True,False,nan,nan,nan,2,True,26.25347145641158
2575,187985.0,37.68208335467211,33,7.467912240482689,3.532674621026478,2,False,True,0,0,True,False,23,0,False,False,False,nan,nan,nan,0,True,nan
2576,187985.2,37.816797890976964,32,4.448189143454399,2.627782439257216,1,False,True,0,6,False,False,22,0,True,True,False,nan,nan,nan,1,True,37.816797890976964
2577,187985.4,37.892057934399254,32,14.207709888678849,4.185433894956587,1,False,True,0,6,False,False,21,0,True,True,False,nan,nan,nan,2,True,37.892057934399254
2578,187985.6,37.985184935162245,31,4.821954046531382,2.7171623321596234,1,False,True,0,6,False,False,21,0,True,True,False,nan,nan,nan,3,True,37.985184935162245
2579,187985.8,37.96811419184136,30,4.454821747940439,2.6436175190270315,2,False,True,0,6,False,False,20,0,False,False,False,nan,nan,nan,4,True,nan
2580,187986.0,38.177653138163066,30,4.463076658032386,2.6394761534560143,2,False,True,0,6,False,False,20,0,False,False,False,nan,nan,nan,5,True,nan
2581,187986.2,38.32643342308907,30,4.484166010427691,2.56138657964891,1,False,True,0,6,False,False,20,0,True,True,False,nan,nan,nan,6,True,38.32643342308907
2582,187986.4,38.39487805487827,30,14.033092481545944,3.7501255890811223,1,False,True,0,6,False,False,20,0,True,True,False,nan,nan,nan,7,True,38.39487805487827
2583,187986.6,38.48267220483972,31,4.662414037616756,2.7022293994008915,3,False,True,0,6,False,False,20,0,True,True,False,nan,nan,nan,8,True,38.48267220483972
2584,187986.8,38.5472403067589,31,4.708953840768161,2.7380217340672637,3,True,True,0,6,False,False,20,0,True,True,False,nan,nan,nan,9,True,38.5472403067589
2585,187987.0,38.722336465650976,30,5.013737107849423,2.751962885239018,5,True,True,0,6,False,False,20,0,True,True,False,nan,nan,nan,10,True,38.722336465650976
2586,187987.2,38.80391184381653,30,4.791731875433735,2.7927521119398637,1,False,True,0,6,False,False,20,0,True,True,False,nan,nan,nan,11,True,38.80391184381653
2587,187987.4,38.869701314165496,29,4.863554734092616,2.837764171083282,2,False,True,0,6,False,False,20,0,False,False,False,nan,nan,nan,12,True,nan
2588,187987.6,39.02264119511823,28,5.013432447997848,2.7833076934586023,2,False,True,0,6,False,False,20,0,False,False,False,nan,nan,nan,13,True,nan
2589,187987.8,39.20068869339097,27,5.021826727724063,2.772815029717103,1,False,True,0,6,False,False,20,0,True,True,False,nan,nan,nan,14,True,39.20068869339097
2590,187988.0,39.588379472964824,28,5.113795314537755,2.908095446449535,2,False,True,0,6,False,False,20,0,False,False,False,nan,nan,nan,15,True,nan
2591,187988.2,39.88204808037822,27,5.019458117805058,2.676409113197999,2,False,True,0,6,False,False,20,0,False,False,False,nan,nan,nan,16,True,nan
2592,187988.4,40.10303729681501,26,5.0322893459306774,2.566859656710763,2,False,True,0,6,False,False,20,0,False,False,False,nan,nan,nan,17,True,nan
2593,187988.6,40.20608466822017,26,5.072110477427652,2.501014450231858,1,False,True,0,6,False,False,20,0,True,True,False,nan,nan,nan,18,True,40.20608466822017
2594,187988.8,40.36678320313763,26,5.185331440725059,2.6116036108361573,1,False,True,0,6,False,False,20,0,True,True,False,nan,nan,nan,19,True,40.36678320313763
2595,187989.0,40.42927368334396,25,5.265713499295331,2.6808628935095618,2,False,True,0,6,False,False,20,0,False,False,False,nan,nan,nan,20,True,nan
2596,187989.2,40.44405178338472,24,5.756222884814568,2.7826803702548735,2,False,True,0,6,False,False,20,0,False,False,False,nan,nan,nan,21,True,nan
2597,187989.4,40.42144728213729,23,5.810547127900267,2.823700753301981,2,False,True,0,6,False,False,20,0,False,False,False,nan,nan,nan,22,True,nan
2598,187989.6,40.279844215480075,23,5.335693284246349,2.782973309768994,2,False,True,0,6,False,False,20,0,False,False,False,nan,nan,nan,23,True,nan
2599,187989.8,40.09723529978414,23,5.285442385849512,2.760949891010206,2,False,True,0,6,False,False,20,0,False,False,False,nan,nan,nan,24,True,nan
2600,187990.0,39.877844217238305,22,5.4470713309060645,2.7687952085537924,1,False,True,0,6,False,False,19,0,True,True,False,nan,nan,nan,25,True,39.877844217238305
2601,187990.2,39.52963427209566,23,5.371205776469819,2.812564911690516,1,False,True,0,6,False,False,19,0,True,True,False,nan,nan,nan,26,True,39.52963427209566
2602,187990.4,39.00754729513758,24,5.422961347389549,2.5375698956335495,2,False,True,0,6,False,False,18,0,True,True,False,nan,nan,nan,27,True,39.00754729513758
2603,187990.6,38.591019196782916,22,4.990487939439992,2.5468135513573813,2,False,True,0,6,False,False,16,0,True,True,False,nan,nan,nan,28,True,38.591019196782916
2604,187990.8,38.01544650064555,19,4.989613502361583,2.529085607449076,2,False,True,0,6,False,False,14,0,True,True,False,nan,nan,nan,29,True,38.01544650064555
2605,187991.0,38.114457567640834,17,3.731693445963866,2.0732807147429733,1,False,True,0,6,False,False,12,0,True,False,False,nan,nan,nan,30,True,nan
2606,187991.2,38.22666985282214,15,4.573814022009904,2.5211551391793505,1,False,True,0,6,False,False,9,0,True,False,False,nan,nan,nan,31,True,nan
2607,187991.4,38.36169390957996,11,0.2191859669983387,0.2191859669983387,1,False,True,0,6,False,False,6,0,False,False,False,nan,nan,nan,32,True,nan
2608,187991.6,38.50805354710136,8,inf,inf,2,False,False,0,6,False,False,4,0,False,False,False,nan,nan,nan,33,True,nan
2609,187991.8,38.58824241191227,8,4.53979490629346,2.44523748451916,2,False,True,0,6,False,False,2,0,False,False,False,nan,nan,nan,34,True,nan
2610,187992.0,38.655344901306485,8,4.377891466822344,2.3517211444318504,2,False,True,0,6,False,False,1,0,False,False,False,nan,nan,nan,35,True,nan
2611,187992.2,38.69605283512119,9,4.992075929748735,2.4980067575694895,2,False,True,0,6,False,False,0,0,False,False,False,nan,nan,nan,36,True,nan
2612,187992.4,38.707731324534095,12,5.1255168690355895,2.392135851345972,2,False,True,0,6,False,False,0,0,False,False,False,nan,nan,nan,37,True,nan
2613,187992.6,38.7073773310824,15,5.432498423436539,2.307427118930498,2,False,True,0,6,False,False,0,0,False,False,False,nan,nan,nan,38,True,nan
2614,187992.8,38.69803253024587,16,5.427827662731979,2.178898889857276,2,False,True,0,6,False,False,0,0,False,False,False,nan,nan,nan,39,True,nan
2615,187993.0,38.68304559280163,17,5.625309278872219,2.2170116576426913,2,False,True,0,6,False,False,0,0,False,False,False,nan,nan,nan,40,True,nan
2616,187993.2,38.641098607657305,17,5.4709493437936265,2.241826870561707,2,False,True,0,6,False,False,0,0,False,False,False,nan,nan,nan,41,True,nan
2617,187993.4,38.60336135587227,17,5.746619805089805,2.5250926104264564,2,False,True,0,6,False,False,1,0,False,False,False,nan,nan,nan,42,True,nan
2618,187993.6,38.55760545573723,18,5.972662196675296,2.5240622878367134,2,False,True,0,6,False,False,2,0,False,False,False,nan,nan,nan,43,True,nan
2619,187993.8,38.42389740066676,20,15.570115370993301,4.027310214023233,1,False,True,0,6,False,False,3,0,True,True,False,nan,nan,nan,44,True,38.42389740066676
2620,187994.0,35.22956129636093,22,14.144523915264566,3.8279334010793478,2,False,True,0,6,False,False,5,0,False,False,False,nan,nan,nan,45,True,nan
2621,187994.2,14.094124201442146,23,14.108534363509149,3.8497660021213322,2,False,True,0,0,True,False,7,0,False,False,False,nan,nan,nan,0,True,nan
2622,187994.4,14.101125200790541,24,1.5712170329231987,1.4076510684691503,9,True,True,0,6,False,False,8,0,False,False,False,nan,nan,nan,1,True,nan
2623,187994.6,13.971889337007285,26,4.4157821492388285,2.019405166990461,1,False,True,0,6,False,False,10,0,True,True,False,nan,nan,nan,2,True,13.971889337007285
2624,187994.8,13.897230344226509,27,4.216919616861349,1.9560561304979545,2,False,True,0,6,False,False,12,0,False,False,False,nan,nan,nan,3,True,nan
2625,187995.0,13.81129677036118,28,4.0645910530939595,2.095575359223105,3,True,True,0,6,False,False,13,0,True,True,False,nan,nan,nan,4,True,13.81129677036118
2626,187995.2,13.789068489734758,29,3.930269633673855,2.127334317137616,2,False,True,0,6,False,False,14,0,True,True,False,nan,nan,nan,5,True,13.789068489734758
2627,187995.4,13.851365849796508,29,2.330297430967882,1.7045266766372122,2,False,True,0,6,False,False,15,0,True,True,False,nan,nan,nan,6,True,13.851365849796508
2628,187995.6,13.668181497138447,28,2.552706600396221,1.8132070968628242,2,True,True,0,6,False,False,15,0,True,True,False,nan,nan,nan,7,True,13.668181497138447
2629,187995.8,13.777350089292398,27,3.012539614579915,2.086110957520811,3,True,True,0,6,False,False,15,0,True,True,False,nan,nan,nan,8,True,13.777350089292398
2630,187996.0,13.68908574807891,26,3.3542014960255226,2.2375656876763577,2,False,True,0,6,False,False,14,0,True,True,False,nan,nan,nan,9,True,13.68908574807891
2631,187996.2,13.803800578089474,25,3.610657245883713,2.351894875076261,2,False,True,0,6,False,False,13,0,False,False,False,nan,nan,nan,10,True,nan
2632,187996.4,13.999953086791791,24,3.696148706784584,2.2473274200073905,2,False,True,0,6,False,False,12,0,True,True,False,nan,nan,nan,11,True,13.999953086791791
2633,187996.6,14.080396150995382,23,3.7981833340184354,2.2953534962013613,1,False,True,0,6,False,False,11,0,True,True,False,nan,nan,nan,12,True,14.080396150995382
2634,187996.8,14.028175648650933,21,2.42272492330802,1.8373780505348984,1,False,True,0,6,False,False,8,0,False,False,False,nan,nan,nan,13,True,nan
2635,187997.0,14.001683917531366,18,1.5101083376238156,1.456099891076375,3,True,True,0,6,False,False,7,0,True,False,False,nan,nan,nan,14,True,nan
2636,187997.2,14.110060432160234,16,2.917375961534598,2.112456272242656,2,False,True,0,6,False,False,6,0,False,False,False,nan,nan,nan,15,True,nan
2637,187997.4,14.050175498759371,16,4.553397579967769,2.597839588154828,1,False,True,0,6,False,False,5,0,True,True,False,nan,nan,nan,16,True,14.050175498759371
2638,187997.6,14.03471163750132,16,4.928986682931058,2.6783639135463986,1,False,True,0,6,False,False,5,0,True,True,False,nan,nan,nan,17,True,14.03471163750132
2639,187997.8,13.93704356198887,17,5.0750891890303516,2.5331220188036636,2,False,True,0,6,False,False,7,0,False,False,False,nan,nan,nan,18,True,nan
2640,187998.0,13.855146601309498,19,5.149799533724325,2.5130404948993035,1,False,True,0,6,False,False,8,0,True,True,False,nan,nan,nan,19,True,13.855146601309498
2641,187998.2,13.552213327249165,20,4.985326749475296,2.4535886636792514,1,False,True,0,6,False,False,9,0,True,True,False,nan,nan,nan,20,True,13.552213327249165
2642,187998.4,13.392259275357507,20,4.997234606173547,2.4309770960463997,2,False,True,0,6,False,False,11,0,False,False,False,nan,nan,nan,21,True,nan
2643,187998.6,13.13904639657944,20,4.768224647590378,2.3507072164797878,2,False,True,0,6,False,False,13,0,False,False,False,nan,nan,nan,22,True,nan
2644,187998.8,12.740658628689857,21,5.916417464211478,2.719236318926816,2,False,True,0,6,False,False,16,0,False,False,False,nan,nan,nan,23,True,nan
2645,187999.0,12.403117922637312,21,4.162575398553187,2.3772458265887075,2,False,True,0,6,False,False,18,0,False,False,False,nan,nan,nan,24,True,nan
2646,187999.2,12.11555369432589,22,5.330484297132934,2.8464859593398883,2,True,True,0,6,False,False,20,0,True,True,False,nan,nan,nan,25,True,12.11555369432589
2647,187999.4,12.287429224652561,23,5.316247946364647,2.858182722492694,2,True,True,0,6,False,False,21,0,True,True,False,nan,nan,nan,26,True,12.287429224652561
2648,187999.6,12.517864571792478,25,6.192194565621971,3.0293650516315087,2,False,True,0,6,False,False,21,0,False,False,False,nan,nan,nan,27,True,nan
2649,187999.8,12.568342027875905,26,5.827527614932661,2.958001884871937,1,False,True,0,6,False,False,20,0,True,True,False,nan,nan,nan,28,True,12.568342027875905
2650,188000.0,12.386498470064433,28,5.472483070572586,2.6953224881987996,2,False,True,0,6,False,False,20,0,False,False,False,nan,nan,nan,29,True,nan
2651,188000.2,11.846541951466488,29,5.050723719171437,2.599817437261853,2,False,True,0,6,False,False,20,0,False,False,False,nan,nan,nan,30,True,nan
2652,188000.4,11.076167960009652,31,14.629657362851665,4.154260712081549,1,False,True,0,6,False,False,20,0,True,True,False,nan,nan,nan,31,True,11.076167960009652
2653,188000.6,11.1237393814289,32,13.972217312600113,4.055227527317115,1,False,True,0,6,False,False,20,0,True,True,False,nan,nan,nan,32,True,11.1237393814289
2654,188000.8,20.629574868285104,33,13.21827325428403,3.955940369617705,2,False,True,0,0,True,False,20,0,False,False,False,nan,nan,nan,0,True,nan
2655,188001.0,18.222869451170666,34,10.043761265104134,3.7164746530496995,7,False,True,0,6,False,False,20,0,False,False,False,nan,nan,nan,1,True,nan
2656,188001.2,17.64615055830836,35,9.315143660397373,3.5742384933297835,1,False,True,0,6,False,False,20,0,True,True,False,nan,nan,nan,2,True,17.64615055830836
2657,188001.4,18.27116022169202,35,8.508337098207026,3.4338206983278274,2,False,True,0,0,True,False,20,0,False,False,False,nan,nan,nan,0,True,nan
2658,188001.6,17.128024896141483,35,7.858037701483245,3.3333626257616635,1,False,True,0,6,False,False,20,0,True,True,False,nan,nan,nan,1,True,17.128024896141483
2659,188001.8,16.92761531377726,35,7.1505095903452665,3.210283022004041,1,False,True,0,6,False,False,20,0,True,True,False,nan,nan,nan,2,True,16.92761531377726
2660,188002.0,16.674375469470338,35,6.481826830422784,3.069142913081621,2,True,True,0,0,True,False,20,0,True,True,False,nan,nan,nan,0,True,16.674375469470338
2661,188002.2,16.623188920116615,34,6.187914528952342,3.258428135726514,2,False,True,0,6,False,False,20,0,False,False,False,nan,nan,nan,1,True,nan
2662,188002.4,16.264200704931998,34,5.236299358611758,2.735388906528613,1,False,True,0,6,False,False,20,0,True,True,False,nan,nan,nan,2,True,16.264200704931998
2663,188002.6,15.949756930150366,35,4.474269515053804,2.394976227227065,2,False,True,0,6,False,False,20,0,False,False,False,nan,nan,nan,3,True,nan
2664,188002.8,15.757913595324444,36,4.052082529654369,2.276869781605426,1,False,True,0,6,False,False,20,0,True,True,False,nan,nan,nan,4,True,15.757913595324444
2665,188003.0,15.63320873278734,37,3.7046199498500147,2.1923196520377806,2,False,True,0,6,False,False,20,0,False,False,False,nan,nan,nan,5,True,nan
2666,188003.2,15.647256116585416,39,3.4945641208224036,2.159554333745187,2,False,True,0,6,False,False,20,0,False,False,False,nan,nan,nan,6,True,nan
2667,188003.4,15.788624059661611,40,3.448714966847878,2.15596968661674,2,False,True,0,6,False,False,20,0,False,False,False,nan,nan,nan,7,True,nan
2668,188003.6,15.838856886567694,40,3.465455451382207,2.162048072628093,2,False,True,0,6,False,False,20,0,False,False,False,nan,nan,nan,8,True,nan
2669,188003.8,15.630209549710921,40,3.4098488948019776,2.123770572647059,2,False,True,0,6,False,False,20,0,False,False,False,nan,nan,nan,9,True,nan
2670,188004.0,15.370493008418855,40,3.3508260340115474,2.0945224378466767,2,False,True,0,6,False,False,20,0,False,False,False,nan,nan,nan,10,True,nan
2671,188004.2,15.09099575008654,39,3.3869806225772146,2.0422112783959494,2,False,True,0,6,False,False,20,0,False,False,False,nan,nan,nan,11,True,nan
2672,188004.4,14.725279710702614,38,3.538918410537568,2.1058113739743476,2,True,True,0,6,False,False,20,0,True,True,False,nan,nan,nan,12,True,14.725279710702614
2673,188004.6,14.120786645966684,37,3.5096657901698025,2.090770782183656,2,False,True,0,6,False,False,20,0,False,False,False,nan,nan,nan,13,True,nan
2674,188004.8,13.485956733533571,35,3.415506244365488,2.0370381475300032,2,False,True,0,6,False,False,21,0,False,False,False,nan,nan,nan,14,True,nan
2675,188005.0,12.974996603428304,33,3.3858242842233515,2.0291153408813645,2,False,True,0,6,False,False,22,0,False,False,False,nan,nan,nan,15,True,nan
2676,188005.2,12.551136717170245,31,3.106112510337677,1.8741042618866024,2,False,True,0,6,False,False,22,0,True,True,False,nan,nan,nan,16,True,12.551136717170245
2677,188005.4,12.3896671908187,29,2.956481916787701,1.8253772923522653,1,False,True,0,6,False,False,22,0,True,True,False,nan,nan,nan,17,True,12.3896671908187
2678,188005.6,12.329772438373562,29,3.3354985427384274,2.1168400994323893,1,False,True,0,6,False,False,23,0,True,True,False,nan,nan,nan,18,True,12.329772438373562
2679,188005.8,12.197959076666155,30,3.401468758793798,2.1646207308174112,2,False,True,0,6,False,False,23,0,False,False,False,nan,nan,nan,19,True,nan
2680,188006.0,12.018557876664765,31,3.490675185051787,2.197210367629502,2,False,True,0,6,False,False,23,0,False,False,False,nan,nan,nan,20,True,nan
2681,188006.2,11.755250253596882,33,5.369453923498204,2.5415020409161455,2,False,True,0,6,False,False,24,0,False,False,False,nan,nan,nan,21,True,nan
2682,188006.4,11.449504608038774,35,5.705478775140282,2.5758373427680907,2,False,True,0,6,False,False,25,0,False,False,False,nan,nan,nan,22,True,nan
2683,188006.6,11.259092658367896,35,5.912273239214319,2.589334849738493,3,True,True,0,6,False,False,24,0,False,False,False,nan,nan,nan,23,True,nan
2684,188006.8,11.015007465500855,35,6.15101764589178,2.6444927983604205,2,False,True,0,6,False,False,23,0,True,True,False,nan,nan,nan,24,True,11.015007465500855
2685,188007.0,10.691088328590093,36,6.724229103098558,2.8861031110966198,2,False,True,0,6,False,False,22,0,True,True,False,nan,nan,nan,25,True,10.691088328590093
2686,188007.2,11.424451191697324,35,6.260775208889102,2.691080019525705,2,False,True,0,0,True,False,21,0,True,True,False,nan,nan,nan,0,True,11.424451191697324
2687,188007.4,10.567555627578665,36,8.847582556552751,3.1017511511937768,1,False,True,0,6,False,False,20,0,True,True,False,nan,nan,nan,1,True,10.567555627578665
2688,188007.6,10.591572000966334,35,10.436467616910408,3.477956190785424,1,False,True,0,6,False,False,19,0,True,True,False,nan,nan,nan,2,True,10.591572000966334
2689,188007.8,13.296383569023806,35,9.974705975093359,3.2987663093410595,1,False,True,0,0,True,False,18,0,True,True,False,nan,nan,nan,0,True,13.296383569023806
2690,188008.0,10.841807361433013,34,8.606720659716904,3.216667389466315,2,False,True,0,6,False,False,17,0,False,False,False,nan,nan,nan,1,True,nan
2691,188008.2,10.36965120676212,35,8.993140821455881,3.2514051205685117,1,False,True,0,6,False,False,16,0,True,True,False,nan,nan,nan,2,True,10.36965120676212
2692,188008.4,10.357464027887692,33,4.340028481815503,2.2486504908905567,1,False,True,0,6,False,False,15,0,True,True,False,nan,nan,nan,3,True,10.357464027887692
2693,188008.6,10.138054013888617,33,4.418560940860496,2.0797072077182976,2,False,True,0,6,False,False,15,0,True,True,False,nan,nan,nan,4,True,10.138054013888617
2694,188008.8,10.097574703308338,33,4.3899447302683665,2.0688262702304243,2,False,True,0,6,False,False,15,0,False,False,False,nan,nan,nan,5,True,nan
2695,188009.0,10.193708725295872,33,4.486681528059997,2.160364047554682,2,True,True,0,6,False,False,15,0,True,True,False,nan,nan,nan,6,True,10.193708725295872
2696,188009.2,9.892958538595966,33,4.571251103627794,2.2580786695712525,1,False,True,0,6,False,False,15,0,True,True,False,nan,nan,nan,7,True,9.892958538595966
2697,188009.4,9.652051500896297,34,4.928438699469242,2.34225038577231,2,False,True,0,6,False,False,15,0,True,True,False,nan,nan,nan,8,True,9.652051500896297
2698,188009.6,9.366533359227999,33,2.949403706336889,2.1407684188909104,2,False,True,0,6,False,False,15,0,False,False,False,nan,nan,nan,9,True,nan
2699,188009.8,8.84215657523819,32,6.426700983316454,2.6748105165133618,1,False,True,0,6,False,False,15,0,True,True,False,nan,nan,nan,10,True,8.84215657523819
2700,188010.0,8.561945634417283,31,5.616844463253353,2.598528739102624,1,False,True,0,6,False,False,15,0,True,True,False,nan,nan,nan,11,True,8.561945634417283
2701,188010.2,8.087142404654118,30,5.554492244807322,2.58953974081421,2,False,True,0,6,False,False,15,0,False,False,False,nan,nan,nan,12,True,nan
2702,188010.4,7.343998181076101,28,5.26376036623251,2.364057851614625,2,True,True,0,6,False,False,16,0,True,True,False,nan,nan,nan,13,True,7.343998181076101
2703,188010.6,6.832365966272286,28,5.316502631532528,2.630087742475459,2,False,True,0,6,False,False,17,0,True,True,False,nan,nan,nan,14,True,6.832365966272286
2704,188010.8,6.475155036658925,27,5.0644462318412895,2.517672757123767,2,False,True,0,6,False,False,18,0,True,True,False,nan,nan,nan,15,True,6.475155036658925
2705,188011.0,6.085710604656622,26,4.922898254389879,2.278553187692466,2,False,True,0,6,False,False,19,0,False,False,False,nan,nan,nan,16,True,nan
2706,188011.2,5.605043747791951,25,4.728830036282776,2.2117882970003837,2,False,True,0,6,False,False,20,0,False,False,False,nan,nan,nan,17,True,nan
2707,188011.4,5.216558530962255,25,4.418860640332857,2.036321059625184,3,True,True,0,6,False,False,20,0,True,True,False,nan,nan,nan,18,True,5.216558530962255
2708,188011.6,5.045442821168355,25,4.224609644037513,1.924454237083122,1,False,True,0,6,False,False,20,0,True,True,False,nan,nan,nan,19,True,5.045442821168355
2709,188011.8,4.993168218499637,25,4.253971023964205,1.8517868848301593,3,False,True,0,6,False,False,20,0,True,True,False,nan,nan,nan,20,True,4.993168218499637
2710,188012.0,4.931542131631269,24,4.783939166983386,1.8967909497337734,2,True,True,0,6,False,False,20,0,True,True,False,nan,nan,nan,21,True,4.931542131631269
2711,188012.2,4.853968669832607,23,4.890985644938325,1.924530023959911,2,False,True,0,6,False,False,20,0,False,False,False,nan,nan,nan,22,True,nan
2712,188012.4,4.883727312595593,22,5.12951759484723,1.986813831950894,2,False,True,0,6,False,False,20,0,False,False,False,nan,nan,nan,23,True,nan
2713,188012.6,4.91635799992564,21,5.375859399500087,2.0681326961324182,1,False,True,0,6,False,False,20,0,True,True,False,nan,nan,nan,24,True,4.91635799992564
2714,188012.8,4.825418028106757,20,5.5064312575196945,2.114745828056646,2,False,True,0,6,False,False,20,0,False,False,False,nan,nan,nan,25,True,nan
2715,188013.0,5.096272123669982,20,5.632063901214898,2.378293371883149,2,False,True,0,6,False,False,20,0,False,False,False,nan,nan,nan,26,True,nan
2716,188013.2,5.494326178558343,20,5.953084223160413,2.5269040645742415,2,False,True,0,6,False,False,20,0,True,True,False,nan,nan,nan,27,True,5.494326178558343
2717,188013.4,5.44841001139372,20,6.066994907045554,2.4021453107351056,2,False,True,0,6,False,False,20,0,False,False,False,nan,nan,nan,28,True,nan
2718,188013.6,5.368283571456317,20,6.196062162209061,2.350523334039636,2,False,True,0,6,False,False,20,0,True,True,False,nan,nan,nan,29,True,5.368283571456317
2719,188013.8,40.54147821576131,20,6.411557716688606,2.558512339949058,2,False,True,0,0,True,False,18,0,True,True,False,nan,nan,nan,0,True,40.54147821576131
2720,188014.0,38.54583584932851,20,4.348240895514194,2.5104942157031735,2,False,True,0,6,False,False,16,0,True,True,False,nan,nan,nan,1,True,38.54583584932851
2721,188014.2,38.655950627186385,20,4.2764702495801155,2.4799981026694433,2,False,True,0,6,False,False,14,0,True,True,False,nan,nan,nan,2,True,38.655950627186385
2722,188014.4,38.586714293322835,20,4.319620386729207,2.476428544964996,1,False,True,0,6,False,False,12,0,True,True,False,nan,nan,nan,3,True,38.586714293322835
2723,188014.6,38.55812765672929,21,4.814294272345169,2.811481116407973,1,False,True,0,6,False,False,10,0,True,True,False,nan,nan,nan,4,True,38.55812765672929
2724,188014.8,38.52954105645551,22,4.417858618073525,2.3493102752558084,1,False,True,0,6,False,False,11,0,True,True,False,nan,nan,nan,5,True,38.52954105645551
2725,188015.0,38.72202386853082,23,4.223941342003931,2.225579485456907,2,False,True,0,6,False,False,11,0,False,False,False,nan,nan,nan,6,True,nan
2726,188015.2,38.8982714482239,24,4.337536752045961,2.2259182164300535,1,False,True,0,6,False,False,11,0,True,True,False,nan,nan,nan,7,True,38.8982714482239
2727,188015.4,38.92827763966423,25,4.443969223816283,2.2302352108729426,1,False,True,0,6,False,False,11,0,True,True,False,nan,nan,nan,8,True,38.92827763966423
2728,188015.6,38.81911014587812,25,4.38724593201818,2.146249672623713,1,False,True,0,6,False,False,11,0,True,True,False,nan,nan,nan,9,True,38.81911014587812
2729,188015.8,38.480057550144195,25,4.191934505344381,2.009915296612732,1,False,True,0,6,False,False,11,0,True,True,False,nan,nan,nan,10,True,38.480057550144195
2730,188016.0,38.05280599235691,24,4.504770582829484,2.151594549702552,1,False,True,0,6,False,False,12,0,True,True,False,nan,nan,nan,11,True,38.05280599235691
2731,188016.2,37.6577289175508,23,4.454724725273011,2.0169123512183837,2,False,True,0,6,False,False,13,0,True,True,False,nan,nan,nan,12,True,37.6577289175508
2732,188016.4,37.315659960510985,22,4.352238918866061,1.932472561463472,2,False,True,0,6,False,False,14,0,True,True,False,nan,nan,nan,13,True,37.315659960510985
2733,188016.6,37.25324641428445,20,4.945592547014743,2.1700551120107323,2,False,True,0,6,False,False,14,0,False,False,False,nan,nan,nan,14,True,nan
2734,188016.8,37.3615669591182,18,4.924898912361046,2.2346064805315806,1,False,True,0,6,False,False,13,0,True,True,False,nan,nan,nan,15,True,37.3615669591182
2735,188017.0,37.46489403777375,17,4.969538058340293,2.2757668958873167,1,False,True,0,6,False,False,12,0,True,True,False,nan,nan,nan,16,True,37.46489403777375
2736,188017.2,37.55943194836412,16,4.953041942644812,2.4319629426967673,1,False,True,0,6,False,False,11,0,True,True,False,nan,nan,nan,17,True,37.55943194836412
2737,188017.4,37.46140484173683,15,5.011583740056994,2.444591681617871,1,False,True,0,6,False,False,10,0,True,True,False,nan,nan,nan,18,True,37.46140484173683
2738,188017.6,37.345711682483085,15,5.121255377240709,2.460010754395703,2,False,True,0,6,False,False,10,0,True,True,False,nan,nan,nan,19,True,37.345711682483085
2739,188017.8,37.31330817601734,15,5.268218737881296,2.32702112117349,2,False,True,0,6,False,False,10,0,False,False,False,nan,nan,nan,20,True,nan
2740,188018.0,37.333578159184476,16,24.383284378445374,4.654787086906336,2,False,True,0,6,False,False,10,0,True,True,False,nan,nan,nan,21,True,37.333578159184476
2741,188018.2,30.15060670734613,18,18.781678041757104,4.0951299830496914,2,False,True,0,6,False,False,10,0,True,True,False,nan,nan,nan,22,True,30.15060670734613
2742,188018.4,34.08749767428033,19,18.980401242391373,4.490038991104997,2,False,True,0,0,True,False,10,0,True,True,False,nan,nan,nan,0,True,34.08749767428033
2743,188018.6,33.35812941637354,21,4.534891649288364,2.0553491319596238,2,False,True,0,6,False,False,11,0,True,True,False,nan,nan,nan,1,True,33.35812941637354
2744,188018.8,33.945446811944244,23,4.471738978940609,2.0207243891877376,2,False,True,0,6,False,False,12,0,True,True,False,nan,nan,nan,2,True,33.945446811944244
2745,188019.0,34.113320184437654,24,4.34980005697416,1.975148516118552,2,False,True,0,6,False,False,13,0,True,True,False,nan,nan,nan,3,True,34.113320184437654
2746,188019.2,34.33450895087913,24,4.257531385153742,1.9150463119462453,2,False,True,0,6,False,False,14,0,True,True,False,nan,nan,nan,4,True,34.33450895087913
2747,188019.4,34.385946390285376,25,4.195022846149341,1.8934774695624796,2,False,True,0,6,False,False,15,0,True,True,False,nan,nan,nan,5,True,34.385946390285376
2748,188019.6,34.19403998207864,25,4.154878135596113,1.918696618787845,2,False,True,0,6,False,False,15,0,True,True,False,nan,nan,nan,6,True,34.19403998207864
2749,188019.8,34.165450736934226,25,4.200885350102521,2.031385766493609,1,False,True,0,6,False,False,15,0,True,True,False,nan,nan,nan,7,True,34.165450736934226
2750,188020.0,34.08544982088981,25,4.258692651837143,2.173210563434592,1,False,True,0,6,False,False,15,0,True,True,False,nan,nan,nan,8,True,34.08544982088981
2751,188020.2,33.82338558402169,24,4.77666138063229,2.3590808169072552,1,False,True,0,6,False,False,15,0,True,True,False,nan,nan,nan,9,True,33.82338558402169
2752,188020.4,33.13569837279321,22,5.015736832617795,2.067832389363617,2,False,True,0,6,False,False,15,0,False,False,False,nan,nan,nan,10,True,nan
2753,188020.6,32.364436142549806,20,4.853504632713966,2.0579187035482525,1,False,True,0,6,False,False,15,0,True,True,False,nan,nan,nan,11,True,32.364436142549806
2754,188020.8,31.78951399471902,19,4.483260299669008,2.0774883025135367,1,False,True,0,6,False,False,15,0,True,True,False,nan,nan,nan,12,True,31.78951399471902
2755,188021.0,31.416497157484557,17,4.705722713436982,2.0794098496096223,4,False,True,0,6,False,False,15,0,True,True,False,nan,nan,nan,13,True,31.416497157484557
2756,188021.2,31.429576493777095,16,4.646469396223814,2.048758861301186,4,True,True,0,6,False,False,15,0,True,True,False,nan,nan,nan,14,True,31.429576493777095
2757,188021.4,31.35171122844137,17,4.403794722323974,2.2110049393478475,5,True,True,0,6,False,False,15,0,True,True,False,nan,nan,nan,15,True,31.35171122844137
2758,188021.6,31.302902399202903,18,4.334417518249996,2.1787281972384407,4,True,True,0,6,False,False,15,0,True,True,False,nan,nan,nan,16,True,31.302902399202903
2759,188021.8,31.299748564498156,18,4.268048973237839,2.1440475272445285,3,True,True,0,6,False,False,15,0,True,True,False,nan,nan,nan,17,True,31.299748564498156
2760,188022.0,31.302814872373734,19,4.268506849273038,2.1444349214377136,2,False,True,0,6,False,False,15,0,False,False,False,nan,nan,nan,18,True,nan
2761,188022.2,31.176332314194653,21,13.207861289921567,4.052533799658241,2,True,True,0,6,False,False,15,0,True,True,False,nan,nan,nan,19,True,31.176332314194653
2762,188022.4,31.121918706646042,22,13.114982464973846,4.338318111544567,2,True,True,0,6,False,False,15,0,True,True,False,nan,nan,nan,20,True,31.121918706646042
2763,188022.6,9.643327670043156,23,13.159702755502463,4.349965455435587,1,False,True,0,0,True,False,15,0,True,True,False,nan,nan,nan,0,True,9.643327670043156
2764,188022.8,11.764109497750935,24,3.9315817871126115,2.5324177744165888,4,False,True,0,6,False,False,15,0,False,False,False,nan,nan,nan,1,True,nan
2765,188023.0,12.033812158155763,25,3.806142282785274,2.5072946114324273,1,False,True,0,6,False,False,15,0,True,True,False,nan,nan,nan,2,True,12.033812158155763
2766,188023.2,12.377402031980068,26,3.64013218323374,2.3694025868058057,1,False,True,0,6,False,False,15,0,True,True,False,nan,nan,nan,3,True,12.377402031980068
2767,188023.4,12.67423080767731,27,3.6566687154048876,2.329687437222879,2,False,True,0,6,False,False,15,0,True,True,False,nan,nan,nan,4,True,12.67423080767731
2768,188023.6,12.819230664267563,28,3.59866742666225,2.2851741787858555,2,False,True,0,6,False,False,15,0,True,True,False,nan,nan,nan,5,True,12.819230664267563
2769,188023.8,13.064578346669807,28,3.5953004375206477,2.4417857648232486,2,False,True,0,6,False,False,15,0,False,False,False,nan,nan,nan,6,True,nan
2770,188024.0,13.328257671871373,28,3.585044358982305,2.4859381248007613,1,False,True,0,6,False,False,15,0,True,True,False,nan,nan,nan,7,True,13.328257671871373
2771,188024.2,13.298488556508358,26,3.8858074343521167,2.4205422975670237,2,False,True,0,6,False,False,15,0,False,False,False,nan,nan,nan,8,True,nan
2772,188024.4,13.210579060999855,25,3.733590082676316,2.3624619662450645,1,False,True,0,6,False,False,15,0,True,True,False,nan,nan,nan,9,True,13.210579060999855
2773,188024.6,13.438989616783307,24,3.7930524288223753,2.3946278116500523,2,False,True,0,6,False,False,15,0,False,False,False,nan,nan,nan,10,True,nan
2774,188024.8,13.708137986465582,24,3.904722129330718,2.434031468987372,2,True,True,0,6,False,False,15,0,True,True,False,nan,nan,nan,11,True,13.708137986465582
2775,188025.0,13.999506084224087,23,3.3650885160369057,2.2676106326877825,1,False,True,0,6,False,False,15,0,True,True,False,nan,nan,nan,12,True,13.999506084224087
2776,188025.2,14.338773028179647,23,3.4936778090589176,2.286947175875112,2,True,True,0,6,False,False,15,0,True,True,False,nan,nan,nan,13,True,14.338773028179647
2777,188025.4,14.508736936929532,21,3.79602392608591,2.241798790338966,4,True,True,0,6,False,False,15,0,True,True,False,nan,nan,nan,14,True,14.508736936929532
2778,188025.6,14.640126137713743,19,3.8982717646910987,2.200912571701525,4,True,True,0,6,False,False,15,0,True,True,False,nan,nan,nan,15,True,14.640126137713743
2779,188025.8,14.822279226743248,18,3.6662999119517083,2.057722772575387,2,False,True,0,6,False,False,15,0,False,False,False,nan,nan,nan,16,True,nan
2780,188026.0,15.114377130573036,18,3.8296001495922716,2.084495914425794,2,True,True,0,6,False,False,15,0,True,True,False,nan,nan,nan,17,True,15.114377130573036
2781,188026.2,15.190725610440667,17,4.341289482679921,2.3484970882266403,2,False,True,0,6,False,False,15,0,False,False,False,nan,nan,nan,18,True,nan
2782,188026.4,15.679866630393414,18,6.733963007415202,3.0088135234898594,1,False,True,0,6,False,False,15,0,True,True,False,nan,nan,nan,19,True,15.679866630393414
2783,188026.6,15.951513969316757,19,7.066863804830036,3.109567793441334,2,False,True,0,6,False,False,15,0,False,False,False,nan,nan,nan,20,True,nan
2784,188026.8,25.99433808646179,19,7.329043415436492,3.2078592330211424,3,True,True,0,0,True,False,15,0,True,True,False,nan,nan,nan,0,True,25.99433808646179
2785,188027.0,23.987552848393083,18,4.631332682802618,2.5166237794848114,4,False,True,0,6,False,False,15,0,False,False,False,nan,nan,nan,1,True,nan
2786,188027.2,23.976528912157978,18,4.575059170472243,2.5578419251789595,1,False,True,0,6,False,False,15,0,True,True,False,nan,nan,nan,2,True,23.976528912157978
2787,188027.4,24.04373558888406,17,4.688866794484443,2.5969458794645837,4,True,True,0,6,False,False,15,0,False,False,False,nan,nan,nan,3,True,nan
2788,188027.6,23.814125076803755,16,4.45208332627383,2.5382803285897197,1,False,True,0,6,False,False,15,0,True,True,False,nan,nan,nan,4,True,23.814125076803755
2789,188027.8,23.87573196230068,15,4.534193310162526,2.833472121141497,3,True,True,0,6,False,False,15,0,True,True,False,nan,nan,nan,5,True,23.87573196230068
2790,188028.0,23.86598444654338,14,5.276838735439568,3.1534862832557415,3,False,True,0,6,False,False,14,0,True,True,False,nan,nan,nan,6,True,23.86598444654338
2791,188028.2,23.922112888313585,14,4.610321585578399,2.9152240089502515,1,False,True,0,6,False,False,14,0,True,True,False,nan,nan,nan,7,True,23.922112888313585
2792,188028.4,23.978082431686673,13,4.226970023782061,2.494959720362086,3,True,True,0,6,False,False,13,0,True,True,False,nan,nan,nan,8,True,23.978082431686673
2793,188028.6,23.24706033264046,11,5.812659900635481,2.8993363120023234,1,False,True,0,6,False,False,11,0,True,False,False,nan,nan,nan,9,True,nan
2794,188028.8,23.42416136985907,9,5.479298904538155,2.876031469467,1,False,True,0,6,False,False,9,0,True,True,False,nan,nan,nan,10,True,23.42416136985907
2795,188029.0,23.513232652855635,8,5.740978252142668,2.9148072795570252,1,False,True,0,6,False,False,8,0,False,False,False,nan,nan,nan,11,True,nan
2796,188029.2,24.049821015746115,6,5.358686249703169,2.8373186213880266,1,False,True,0,6,False,False,6,0,True,True,False,nan,nan,nan,12,True,24.049821015746115
2797,188029.4,24.15504099912376,5,6.281032979488373,3.053690720962017,1,False,True,0,6,False,False,5,0,True,True,False,nan,nan,nan,13,True,24.15504099912376
2798,188029.6,24.291393570855952,4,inf,inf,2,False,False,0,6,False,False,4,0,False,False,False,nan,nan,nan,14,True,nan
2799,188029.8,24.49119543639087,4,7.461667448282242,3.3481840469664013,1,False,True,0,6,False,False,4,0,True,False,False,nan,nan,nan,15,True,nan
2800,188030.0,24.72320977293651,4,8.275789339095354,3.404132597086005,2,False,True,0,6,False,False,4,0,False,False,False,nan,nan,nan,16,True,nan
2801,188030.2,24.79875815851733,4,8.778396602720022,3.627571402826247,1,False,True,0,6,False,False,4,0,True,True,False,nan,nan,nan,17,True,24.79875815851733
2802,188030.4,24.96270699426067,3,inf,inf,1,False,False,0,6,False,False,3,0,False,False,False,nan,nan,nan,18,True,nan
2803,188030.6,25.163500935397234,3,inf,inf,3,True,False,0,6,False,False,3,0,False,False,False,nan,nan,nan,19,True,nan
2804,188030.8,25.39086435920374,2,inf,inf,4,True,False,0,6,False,False,2,0,False,False,False,nan,nan,nan,20,True,nan
2805,188031.0,25.835479160471962,1,inf,inf,2,False,False,0,6,False,False,1,0,False,False,False,nan,nan,nan,21,True,nan
2806,188031.2,26.120239038690794,0,inf,inf,2,True,False,0,6,False,False,0,0,False,False,False,nan,nan,nan,22,True,nan
2807,188031.4,26.396423397468816,0,inf,inf,2,True,False,0,6,False,False,0,0,False,False,False,nan,nan,nan,23,True,nan
2808,188031.6,26.6971744956522,0,inf,inf,2,True,False,0,6,False,False,0,0,False,False,False,nan,nan,nan,24,True,nan
2809,188031.8,27.028523232918165,0,inf,inf,2,True,False,0,6,False,False,0,0,False,False,False,nan,nan,nan,25,True,nan
2810,188032.0,27.381657206424148,0,inf,inf,2,True,False,0,6,False,False,0,0,False,False,False,nan,nan,nan,26,True,nan
2811,188032.2,27.767690448786787,0,inf,inf,2,True,False,0,6,False,False,0,0,False,False,False,nan,nan,nan,27,True,nan
2812,188032.4,28.186801685608167,0,inf,inf,2,True,False,0,6,False,False,0,0,False,False,False,nan,nan,nan,28,True,nan
2813,188032.6,28.64397449427966,0,inf,inf,2,True,False,0,6,False,False,0,0,False,False,False,nan,nan,nan,29,True,nan
2814,188032.8,29.13359257457569,0,inf,inf,2,True,False,0,6,False,False,0,0,False,False,False,nan,nan,nan,30,True,nan
2815,188033.0,29.66415037532827,0,inf,inf,2,True,False,0,6,False,False,0,0,False,False,False,nan,nan,nan,31,True,nan
2816,188033.2,30.234353999785043,0,inf,inf,2,True,False,0,6,False,False,0,0,False,False,False,nan,nan,nan,32,True,nan
2817,188033.4,30.841896922283453,0,inf,inf,2,True,False,0,6,False,False,0,0,False,False,False,nan,nan,nan,33,True,nan
2818,188033.6,31.49395587002441,0,inf,inf,2,True,False,0,6,False,False,0,0,False,False,False,nan,nan,nan,34,True,nan
2819,188033.8,32.19181988952953,0,inf,inf,2,True,False,0,6,False,False,0,0,False,False,False,nan,nan,nan,35,True,nan
2820,188034.0,32.93011794119073,0,inf,inf,2,True,False,0,6,False,False,0,0,False,False,False,nan,nan,nan,36,True,nan
2821,188034.2,33.71411239906013,0,inf,inf,2,True,False,0,6,False,False,0,0,False,False,False,nan,nan,nan,37,True,nan
2822,188034.4,34.54301304727292,0,inf,inf,2,True,False,0,6,False,False,0,0,False,False,False,nan,nan,nan,38,True,nan
2823,188034.6,35.4121509029474,0,inf,inf,2,True,False,0,6,False,False,0,0,False,False,False,nan,nan,nan,39,True,nan
2824,188034.8,36.32103052568517,0,inf,inf,2,True,False,0,6,False,False,0,0,False,False,False,nan,nan,nan,40,True,nan
2825,188035.0,37.276786908652284,0,inf,inf,2,True,False,0,6,False,False,0,0,False,False,False,nan,nan,nan,41,True,nan
2826,188035.2,38.278886245600106,0,inf,inf,2,True,False,0,6,False,False,0,0,False,False,False,nan,nan,nan,42,True,nan
2827,188035.4,39.32787864006007,0,inf,inf,2,True,False,0,6,False,False,0,0,False,False,False,nan,nan,nan,43,True,nan
2828,188035.6,40.423700083927756,0,inf,inf,2,True,False,0,6,False,False,0,0,False,False,False,nan,nan,nan,44,True,nan
2829,188035.8,41.56477364553061,0,inf,inf,2,True,False,0,6,False,False,0,0,False,False,False,nan,nan,nan,45,True,nan
2830,188036.0,42.749529197337466,0,inf,inf,2,True,False,0,6,False,False,0,0,False,False,False,nan,nan,nan,46,True,nan
2831,188036.2,43.97251629800718,0,inf,inf,2,True,False,0,6,False,False,0,0,False,False,False,nan,nan,nan,47,True,nan
2832,188036.4,45.24908865665848,0,inf,inf,2,True,False,0,6,False,False,0,0,False,False,False,nan,nan,nan,48,True,nan
2833,188036.6,46.569790109197925,0,inf,inf,2,True,False,0,6,False,False,0,0,False,False,False,nan,nan,nan,49,True,nan
2834,188036.8,47.93220362900046,0,inf,inf,2,True,False,0,6,False,False,0,0,False,False,False,nan,nan,nan,50,True,nan
2835,188037.0,49.33783159445448,0,inf,inf,2,True,False,0,6,False,False,0,0,False,False,False,nan,nan,nan,51,True,nan
2836,188037.2,50.785583675509876,0,inf,inf,2,True,False,0,6,False,False,0,0,False,False,False,nan,nan,nan,52,True,nan
2837,188037.4,52.27575284371813,0,inf,inf,2,True,False,0,6,False,False,0,0,False,False,False,nan,nan,nan,53,True,nan
2838,188037.6,53.81099434299607,0,inf,inf,2,True,False,0,6,False,False,0,0,False,False,False,nan,nan,nan,54,True,nan
2839,188037.8,55.388206533004066,0,inf,inf,2,True,False,0,6,False,False,0,0,False,False,False,nan,nan,nan,55,True,nan
2840,188038.0,57.00956154417913,0,inf,inf,2,True,False,0,6,False,False,0,0,False,False,False,nan,nan,nan,56,True,nan
2841,188038.2,58.673050832612454,0,inf,inf,2,True,False,0,6,False,False,0,0,False,False,False,nan,nan,nan,57,True,nan
2842,188038.4,60.37991769737462,0,inf,inf,2,True,False,0,6,False,False,0,0,False,False,False,nan,nan,nan,58,True,nan
2843,188038.6,62.12969333982459,0,inf,inf,2,True,False,0,6,False,False,0,0,False,False,False,nan,nan,nan,59,True,nan
2844,188038.8,63.920787376227295,0,inf,inf,2,True,False,0,6,False,False,0,0,False,False,False,nan,nan,nan,60,True,nan
2845,188039.0,65.68903980561407,1,34.429086066782475,7.712203230379444,2,False,True,0,6,False,False,0,0,False,False,False,nan,nan,nan,61,True,nan
2846,188039.2,65.03473468126207,2,34.28961853682995,7.559455286474933,3,True,True,0,6,False,False,0,0,False,False,False,nan,nan,nan,62,True,nan
2847,188039.4,63.835790061214375,3,34.700505029410124,7.520643643807357,3,True,True,0,6,False,False,0,0,False,False,False,nan,nan,nan,63,True,nan
2848,188039.6,63.48857009332913,3,inf,inf,3,True,False,0,6,False,False,0,0,False,False,False,nan,nan,nan,64,True,nan
2849,188039.8,65.40112949145498,3,inf,inf,3,True,False,0,6,False,False,0,0,False,False,False,nan,nan,nan,65,True,nan
2850,188040.0,67.15449952401211,3,34.57191914692521,7.034174532779979,2,False,True,0,6,False,False,0,0,False,False,False,nan,nan,nan,66,True,nan
2851,188040.2,66.92270538977661,2,inf,inf,3,True,False,0,6,False,False,0,0,False,False,False,nan,nan,nan,67,True,nan
2852,188040.4,68.93628809306726,1,inf,inf,3,True,False,0,6,False,False,0,0,False,False,False,nan,nan,nan,68,True,nan
2853,188040.6,70.89038247434043,1,inf,inf,2,False,False,0,6,False,False,0,0,False,False,False,nan,nan,nan,69,True,nan
2854,188040.8,72.868092867733,1,inf,inf,2,False,False,0,6,False,False,0,0,False,False,False,nan,nan,nan,70,True,nan
2855,188041.0,74.91475382933855,0,inf,inf,2,True,False,0,6,False,False,0,0,False,False,False,nan,nan,nan,71,True,nan
2856,188041.2,77.00307789363956,0,inf,inf,2,True,False,0,6,False,False,0,0,False,False,False,nan,nan,nan,72,True,nan
2857,188041.4,79.13025472946549,0,inf,inf,2,True,False,0,6,False,False,0,0,False,False,False,nan,nan,nan,73,True,nan
2858,188041.6,81.29325217114378,0,inf,inf,2,True,False,0,6,False,False,0,0,False,False,False,nan,nan,nan,74,True,nan
2859,188041.8,83.49409814440804,0,inf,inf,2,True,False,0,6,False,False,0,0,False,False,False,nan,nan,nan,75,True,nan
2860,188042.0,85.73272284590442,0,inf,inf,2,True,False,0,6,False,False,0,0,False,False,False,nan,nan,nan,76,True,nan
2861,188042.2,88.00839876787856,0,inf,inf,2,True,False,0,6,False,False,0,0,False,False,False,nan,nan,nan,77,True,nan
2862,188042.4,90.32261142698675,0,inf,inf,2,True,False,0,6,False,False,0,0,False,False,False,nan,nan,nan,78,True,nan
2863,188042.6,92.67576414389724,0,inf,inf,2,True,False,0,6,False,False,0,0,False,False,False,nan,nan,nan,79,True,nan
2864,188042.8,95.06716531482589,0,inf,inf,2,True,False,0,6,False,False,0,0,False,False,False,nan,nan,nan,80,True,nan
2865,188043.0,97.42013859826815,1,47.34307676553726,8.376445813774694,2,False,True,0,6,False,False,0,0,False,False,False,nan,nan,nan,81,True,nan
2866,188043.2,95.54390650730394,2,45.570239655673504,8.211005282955343,3,True,True,0,6,False,False,0,0,False,False,False,nan,nan,nan,82,True,nan
2867,188043.4,93.0905546848426,3,43.65812970325351,8.027614138559048,3,True,True,0,6,False,False,0,0,False,False,False,nan,nan,nan,83,True,nan
2868,188043.6,91.98881719744864,3,inf,inf,3,True,False,0,6,False,False,0,0,False,False,False,nan,nan,nan,84,True,nan
2869,188043.8,94.42817952806523,3,inf,inf,3,True,False,0,6,False,False,0,0,False,False,False,nan,nan,nan,85,True,nan
2870,188044.0,96.72608065768145,2,inf,inf,2,False,False,0,6,False,False,0,0,False,False,False,nan,nan,nan,86,True,nan
2871,188044.2,98.9930758421039,2,47.281901355832815,8.289133836887746,2,False,True,0,6,False,False,0,0,False,False,False,nan,nan,nan,87,True,nan
2872,188044.4,99.35795328628541,1,inf,inf,3,True,False,0,6,False,False,0,0,False,False,False,nan,nan,nan,88,True,nan
2873,188044.6,101.92297267547929,2,48.657345436513424,8.478682278438958,3,True,True,0,6,False,False,0,0,False,False,False,nan,nan,nan,89,True,nan
2874,188044.8,101.137557678664,2,inf,inf,3,True,False,0,6,False,False,0,0,False,False,False,nan,nan,nan,90,True,nan
2875,188045.0,103.50904854051934,3,49.81154066696763,8.722654322350712,2,True,True,0,6,False,False,0,0,False,False,False,nan,nan,nan,91,True,nan
2876,188045.2,102.8627935198091,2,inf,inf,3,True,False,0,6,False,False,0,0,False,False,False,nan,nan,nan,92,True,nan
2877,188045.4,105.33601500466601,2,inf,inf,3,True,False,0,6,False,False,0,0,False,False,False,nan,nan,nan,93,True,nan
2878,188045.6,107.82234883026355,1,inf,inf,2,False,False,0,6,False,False,0,0,False,False,False,nan,nan,nan,94,True,nan
2879,188045.8,110.34455015755054,1,inf,inf,2,False,False,0,6,False,False,0,0,False,False,False,nan,nan,nan,95,True,nan
2880,188046.0,112.9319048269228,0,inf,inf,2,True,False,0,6,False,False,0,0,False,False,False,nan,nan,nan,96,True,nan
2881,188046.2,115.55995563454593,0,inf,inf,2,True,False,0,6,False,False,0,0,False,False,False,nan,nan,nan,97,True,nan
2882,188046.4,118.22631981555757,0,inf,inf,2,True,False,0,6,False,False,0,0,False,False,False,nan,nan,nan,98,True,nan
2883,188046.6,120.9291108380644,0,inf,inf,2,True,False,0,6,False,False,0,0,False,False,False,nan,nan,nan,99,True,nan
2884,188046.8,123.66915072291054,0,inf,inf,2,True,False,0,6,False,False,0,0,False,False,False,nan,nan,nan,100,True,nan
2885,188047.0,126.44689018138385,0,inf,inf,2,True,False,0,6,False,False,0,0,False,False,False,nan,nan,nan,101,True,nan
2886,188047.2,129.26220885115177,0,inf,inf,2,True,False,0,6,False,False,0,0,False,False,False,nan,nan,nan,102,True,nan
2887,188047.4,132.03891082763184,1,61.03112795948982,9.317767714832833,2,False,True,0,6,False,False,0,0,False,False,False,nan,nan,nan,103,True,nan
2888,188047.6,129.13398544449373,2,58.95920490846038,9.174846689583187,3,True,True,0,6,False,False,0,0,False,False,False,nan,nan,nan,104,True,nan
2889,188047.8,125.38659844415909,3,56.88605202361941,8.941703620023889,3,True,True,0,6,False,False,0,0,False,False,False,nan,nan,nan,105,True,nan
2890,188048.0,120.43192687760978,4,54.485102728009224,8.524151102408734,3,True,True,0,6,False,False,0,0,False,False,False,nan,nan,nan,106,True,nan
2891,188048.2,114.78579999597649,5,51.08461229130626,8.235911385656644,3,True,True,0,6,False,False,0,0,False,False,False,nan,nan,nan,107,True,nan
2892,188048.4,101.67349873688205,7,66.86381215662206,10.408316954461009,3,True,True,0,6,False,False,0,0,False,False,False,nan,nan,nan,108,True,nan
2893,188048.6,83.97983447243021,10,56.066596615037646,9.610028900605114,3,True,True,0,6,False,False,0,0,False,False,False,nan,nan,nan,109,True,nan
2894,188048.8,19.233378374657455,13,43.411357347933276,8.256426403446099,3,True,True,0,0,True,False,0,0,False,False,False,nan,nan,nan,0,True,nan
2895,188049.0,19.188162479629238,16,1.4757849758477908,1.3332217699356783,6,False,True,0,6,False,False,0,0,False,False,False,nan,nan,nan,1,True,nan
2896,188049.2,19.16192955162155,20,11.830155124548346,4.069934228121551,2,False,True,0,6,False,False,0,0,False,False,False,nan,nan,nan,2,True,nan
2897,188049.4,19.110572898543545,22,11.637257651207785,3.8368971013685775,2,False,True,0,6,False,False,0,0,False,False,False,nan,nan,nan,3,True,nan
2898,188049.6,5.125752050006403,22,12.464712945673275,4.347758955757711,2,False,True,0,0,True,False,0,0,False,False,False,nan,nan,nan,0,True,nan
2899,188049.8,5.460185269506159,22,2.8585564976950613,2.1122451499044,8,True,True,0,6,False,False,0,0,False,False,False,nan,nan,nan,1,True,nan
2900,188050.0,5.843060324089416,21,3.3832403147338095,2.3602114979130238,2,False,True,0,6,False,False,0,0,False,False,False,nan,nan,nan,2,True,nan
2901,188050.2,6.224656158817851,19,4.000868969102117,2.2659612856287525,2,False,True,0,6,False,False,0,0,False,False,False,nan,nan,nan,3,True,nan
2902,188050.4,6.619248974707769,17,3.741195360172806,2.2842469380437724,2,False,True,0,6,False,False,0,0,False,False,False,nan,nan,nan,4,True,nan
2903,188050.6,7.074719340078669,15,4.018775466635604,2.4752883342350236,2,False,True,0,6,False,False,0,0,False,False,False,nan,nan,nan,5,True,nan
2904,188050.8,7.640394022487662,12,5.8247090280056,3.0651007975548157,2,False,True,0,6,False,False,0,0,False,False,False,nan,nan,nan,6,True,nan
2905,188051.0,8.316522507239457,10,6.098429385572672,3.168051441233232,2,False,True,0,6,False,False,0,0,False,False,False,nan,nan,nan,7,True,nan
2906,188051.2,9.081021835682714,8,6.994297206401825,3.050423569910163,2,False,True,0,6,False,False,0,0,False,False,False,nan,nan,nan,8,True,nan
2907,188051.4,9.934700824712538,6,6.913277607411146,3.054415739939553,2,False,True,0,6,False,False,0,0,False,False,False,nan,nan,nan,9,True,nan
2908,188051.6,10.851914204185839,5,7.528443731367588,3.2166833889748605,2,False,True,0,6,False,False,0,0,False,False,False,nan,nan,nan,10,True,nan
2909,188051.8,11.81242029468776,5,7.553083062171936,3.2167103732912983,2,False,True,0,6,False,False,0,0,False,False,False,nan,nan,nan,11,True,nan
2910,188052.0,12.815358929953243,5,8.204304330050945,3.358002789167543,2,False,True,0,6,False,False,0,0,False,False,False,nan,nan,nan,12,True,nan
2911,188052.2,13.86306084282219,5,8.194601468741894,3.4052089782379396,2,False,True,0,6,False,False,0,0,False,False,False,nan,nan,nan,13,True,nan
2912,188052.4,14.953814180576506,5,8.675118781626225,3.4358295707968827,2,False,True,0,6,False,False,0,0,False,False,False,nan,nan,nan,14,True,nan
2913,188052.6,16.08572255546696,5,9.153254646807909,3.5432235660365095,2,False,True,0,6,False,False,0,0,False,False,False,nan,nan,nan,15,True,nan
2914,188052.8,17.26490035210981,5,9.916423372924328,3.676113220240889,2,False,True,0,6,False,False,1,0,False,False,False,nan,nan,nan,16,True,nan
2915,188053.0,18.181305001481483,5,10.185330122709274,3.725431801978232,11,True,True,0,6,False,False,2,0,False,False,False,nan,nan,nan,17,True,nan
2916,188053.2,19.029580781194692,5,10.24320251494646,3.7193460109522385,12,True,True,0,6,False,False,3,0,False,False,False,nan,nan,nan,18,True,nan
2917,188053.4,19.543123082261314,5,10.369032584130764,3.7408002537316283,20,True,True,0,6,False,False,4,0,False,False,False,nan,nan,nan,19,True,nan
2918,188053.6,19.88102051384929,5,9.558701917529106,3.567812312998321,25,True,True,0,6,False,False,5,0,False,False,False,nan,nan,nan,20,True,nan
2919,188053.8,21.033977922779048,4,inf,inf,13,True,False,0,6,False,False,4,0,False,False,False,nan,nan,nan,21,True,nan
2920,188054.0,22.350440832968303,3,inf,inf,14,True,False,0,6,False,False,3,0,False,False,False,nan,nan,nan,22,True,nan
2921,188054.2,23.504957664796915,3,10.437779039144516,3.751535717359636,13,True,True,0,6,False,False,3,0,False,False,False,nan,nan,nan,23,True,nan
2922,188054.4,24.773243696364094,2,inf,inf,2,False,False,0,6,False,False,2,0,False,False,False,nan,nan,nan,24,True,nan
2923,188054.6,26.0553364626422,2,11.849966429173946,4.175230511903767,2,False,True,0,6,False,False,2,0,False,False,False,nan,nan,nan,25,True,nan
2924,188054.8,27.04718647552541,3,11.794015370309353,4.1572022684801295,12,True,True,0,6,False,False,3,0,False,False,False,nan,nan,nan,26,True,nan
2925,188055.0,28.27696356448515,3,inf,inf,12,True,False,0,6,False,False,3,0,False,False,False,nan,nan,nan,27,True,nan
2926,188055.2,29.521509395019056,3,13.87418843433261,4.485836896610935,12,True,True,0,6,False,False,3,0,False,False,False,nan,nan,nan,28,True,nan
2927,188055.4,30.488161620450793,4,13.845170937478542,4.762629556551796,12,True,True,0,6,False,False,4,0,False,False,False,nan,nan,nan,29,True,nan
2928,188055.6,31.410800461207806,4,13.732864428311586,4.744709606859818,12,True,True,0,6,False,False,4,0,False,False,False,nan,nan,nan,30,True,nan
2929,188055.8,32.01044816056403,4,13.071781408041716,4.612295928476755,21,True,True,0,6,False,False,4,0,False,False,False,nan,nan,nan,31,True,nan
2930,188056.0,32.40951563545953,5,10.900611646473408,4.2431111533543495,1,False,True,0,6,False,False,5,0,True,False,False,nan,nan,nan,32,True,nan
2931,188056.2,34.27508929063651,5,12.131291963160038,4.467580389245101,2,False,True,0,6,False,False,5,0,False,False,False,nan,nan,nan,33,True,nan
2932,188056.4,35.927131494021985,5,10.84840651601553,4.236376226447372,13,True,True,0,6,False,False,5,0,False,False,False,nan,nan,nan,34,True,nan
2933,188056.6,37.549339432518316,4,inf,inf,13,True,False,0,6,False,False,4,0,False,False,False,nan,nan,nan,35,True,nan
2934,188056.8,38.70686617352181,4,15.281962342560291,5.059435160159022,14,True,True,0,6,False,False,4,0,False,False,False,nan,nan,nan,36,True,nan
2935,188057.0,38.35614443614382,4,16.009063884615898,5.166253177146059,10,True,True,0,6,False,False,4,0,False,False,False,nan,nan,nan,37,True,nan
2936,188057.2,37.70698262021818,4,15.20779500156641,4.4711044810648515,12,True,True,0,6,False,False,4,0,False,False,False,nan,nan,nan,38,True,nan
2937,188057.4,36.57394121049555,4,16.045622013509274,4.598451330519855,1,False,True,0,6,False,False,4,0,True,False,False,nan,nan,nan,39,True,nan
2938,188057.6,37.33697312935994,5,16.455473482608795,4.656864607340388,2,False,True,0,6,False,False,5,0,False,False,False,nan,nan,nan,40,True,nan
2939,188057.8,37.03621129002539,5,16.6316248588264,4.675705946944712,1,False,True,0,6,False,False,5,0,True,True,False,nan,nan,nan,41,True,37.03621129002539
2940,188058.0,38.07812213544782,5,17.33623043820262,5.049789878949253,1,False,True,0,6,False,False,5,0,True,False,False,nan,nan,nan,42,True,nan
2941,188058.2,38.5909101669919,5,17.446523148566484,5.074476507485973,1,False,True,0,6,False,False,5,0,True,True,False,nan,nan,nan,43,True,38.5909101669919
2942,188058.4,39.62894590829411,5,17.47064357623458,5.432676992588333,1,False,True,0,6,False,False,5,0,True,False,False,nan,nan,nan,44,True,nan
2943,188058.6,40.01272352259587,5,18.837454084306955,5.555066082643031,16,False,True,0,6,False,False,5,0,False,False,False,nan,nan,nan,45,True,nan
2944,188058.8,36.987668889105805,9,23.99329275424599,6.227911907472017,2,False,True,0,6,False,False,5,0,True,True,False,nan,nan,nan,46,True,36.987668889105805
2945,188059.0,35.559982831137496,12,23.70530835931501,5.978037187026896,2,False,True,0,6,False,False,5,0,False,False,False,nan,nan,nan,47,True,nan
2946,188059.2,32.40348597649839,15,21.237299014699186,5.688900104505233,1,False,True,0,0,True,False,5,0,True,True,False,nan,nan,nan,0,True,32.40348597649839
2947,188059.4,29.91982523189097,19,26.955667471937222,5.519116155015824,3,False,True,0,6,False,False,5,0,False,False,False,nan,nan,nan,1,True,nan
2948,188059.6,27.349714140622343,21,11.183473425465992,3.8870696041069195,2,False,True,0,6,False,False,4,0,False,False,False,nan,nan,nan,2,True,nan
2949,188059.8,24.549837578024878,21,10.806980819709253,3.819569807136759,1,True,True,0,0,True,False,4,0,False,False,False,nan,nan,nan,0,True,nan
2950,188060.0,23.513843412516216,22,5.346255119139737,2.8208176897628316,5,False,True,0,6,False,False,4,0,False,False,False,nan,nan,nan,1,True,nan
2951,188060.2,22.93500811911979,20,6.829714929897742,3.1370103286073863,1,False,True,0,6,False,False,4,0,True,True,False,nan,nan,nan,2,True,22.93500811911979
2952,188060.4,22.926719732054156,17,5.85441669975278,3.141768598365376,1,False,True,0,6,False,False,4,0,False,False,False,nan,nan,nan,3,True,nan
2953,188060.6,22.93737273091846,16,5.954047154946269,3.167210040617327,1,False,True,0,6,False,False,5,0,True,True,False,nan,nan,nan,4,True,22.93737273091846
2954,188060.8,22.95195144744001,12,4.66501971334219,2.564265149273544,1,False,True,0,6,False,False,5,0,True,True,False,nan,nan,nan,5,True,22.95195144744001
2955,188061.0,22.95224519579462,8,5.2564811408519745,2.9473639549469115,1,False,True,0,6,False,False,5,0,True,True,False,nan,nan,nan,6,True,22.95224519579462
2956,188061.2,22.95113474849503,7,6.333891127258539,3.3463034993462606,1,False,True,0,6,False,False,5,0,True,True,False,nan,nan,nan,7,True,22.95113474849503
2957,188061.4,22.959513398800507,6,5.0416598059237,2.938173963766817,2,False,True,0,6,False,False,5,0,False,False,False,nan,nan,nan,8,True,nan
2958,188061.6,22.95273710171816,5,5.635672006756067,3.1142516102217073,1,False,True,0,6,False,False,5,0,True,True,False,nan,nan,nan,9,True,22.95273710171816
2959,188061.8,22.95739579580719,4,inf,inf,3,False,False,0,6,False,False,4,0,False,False,False,nan,nan,nan,10,True,nan
2960,188062.0,22.94728580700934,4,5.469547778367996,3.0372519179579696,3,True,True,0,6,False,False,4,0,True,False,False,nan,nan,nan,11,True,nan
2961,188062.2,23.081985945924828,4,5.408647611737251,3.018206222182665,2,False,True,0,6,False,False,4,0,False,False,False,nan,nan,nan,12,True,nan
2962,188062.4,23.109783956845092,7,8.28397944663345,3.646961670753716,1,False,True,0,6,False,False,4,0,True,True,False,nan,nan,nan,13,True,23.109783956845092
2963,188062.6,23.10826791958715,11,8.118269013110037,3.636034842305012,1,False,True,0,6,False,False,4,0,True,True,False,nan,nan,nan,14,True,23.10826791958715
2964,188062.8,11.399543460794948,16,8.286933305271504,3.657321037407092,1,False,True,0,0,True,False,5,0,True,True,False,nan,nan,nan,0,True,11.399543460794948
2965,188063.0,15.09505864453604,19,3.8797578732482925,2.604565458008161,2,False,True,0,6,False,False,5,0,False,False,False,nan,nan,nan,1,True,nan
2966,188063.2,15.524233846026055,23,6.596536355249027,3.3157154151260375,2,False,True,0,6,False,False,5,0,False,False,False,nan,nan,nan,2,True,nan
2967,188063.4,15.64446980032204,23,2.832884834071009,2.030998536209392,2,False,True,0,6,False,False,5,0,False,False,False,nan,nan,nan,3,True,nan
2968,188063.6,15.708453571027714,24,5.966972956971345,2.7789822028131566,2,False,True,0,6,False,False,5,0,False,False,False,nan,nan,nan,4,True,nan
2969,188063.8,15.839049544196463,25,6.230874656796378,2.776618873811359,1,False,True,0,6,False,False,5,0,True,True,False,nan,nan,nan,5,True,15.839049544196463
2970,188064.0,15.913715686874617,27,6.4400492954497865,2.8217003634644104,1,False,True,0,6,False,False,5,0,True,True,False,nan,nan,nan,6,True,15.913715686874617
2971,188064.2,17.836609557078102,29,11.953234554635964,3.547502722455599,1,False,True,0,0,True,False,5,0,True,True,False,nan,nan,nan,0,True,17.836609557078102
2972,188064.4,15.302082424240183,32,6.628807164241387,3.0102616009939047,2,False,True,0,6,False,False,5,0,False,False,False,nan,nan,nan,1,True,nan
2973,188064.6,14.475367615533038,33,6.510463545015434,2.988631257918302,2,False,True,0,6,False,False,5,0,False,False,False,nan,nan,nan,2,True,nan
2974,188064.8,16.328720864038313,34,6.458012109868894,2.998296876983815,2,False,True,0,0,True,False,11,0,False,False,False,nan,nan,nan,0,True,nan
2975,188065.0,15.612572802910229,30,2.8226317510063272,1.736403094415127,6,True,True,0,6,False,False,12,0,False,False,False,nan,nan,nan,1,True,nan
2976,188065.2,15.188339660479043,27,4.510363097982636,2.7609889755900263,2,True,True,0,6,False,False,15,0,True,True,False,nan,nan,nan,2,True,15.188339660479043
2977,188065.4,15.057921733930437,25,7.215762252762108,3.1146163483821243,2,False,True,0,6,False,False,19,0,False,False,False,nan,nan,nan,3,True,nan
2978,188065.6,14.44984662324686,23,7.238484299666633,3.033713671300233,1,False,True,0,6,False,False,23,0,True,True,False,nan,nan,nan,4,True,14.44984662324686
2979,188065.8,19.763773201438262,21,7.192841818770805,3.0117462880360026,2,False,True,0,0,True,False,21,0,False,False,False,nan,nan,nan,0,True,nan
2980,188066.0,19.81629621569034,24,2.5653575117149217,1.7863757210263325,1,False,True,0,6,False,False,24,0,True,True,False,nan,nan,nan,1,True,19.81629621569034
2981,188066.2,19.637480714127804,25,2.6351580901250964,1.8059015379042545,2,False,True,0,6,False,False,25,0,False,False,False,nan,nan,nan,2,True,nan
2982,188066.4,19.630774991194425,25,2.7590895879034902,1.84733136642755,2,False,True,0,6,False,False,25,0,False,False,False,nan,nan,nan,3,True,nan
2983,188066.6,19.553205425732283,25,2.8783913503493364,1.897253688634273,2,False,True,0,6,False,False,25,0,False,False,False,nan,nan,nan,4,True,nan
2984,188066.8,19.5264598188102,25,2.9346364509301055,1.9179487818829575,2,False,True,0,6,False,False,25,0,False,False,False,nan,nan,nan,5,True,nan
2985,188067.0,19.54530076346367,25,3.04840383409157,1.979225829291391,3,False,True,0,6,False,False,25,0,False,False,False,nan,nan,nan,6,True,nan
2986,188067.2,19.571234953551617,25,3.169672863220692,2.0573580480516123,3,False,True,0,6,False,False,25,0,False,False,False,nan,nan,nan,7,True,nan
2987,188067.4,19.613486803696095,26,5.304206723376658,2.763998141302289,3,True,True,0,6,False,False,25,0,False,False,False,nan,nan,nan,8,True,nan
2988,188067.6,19.679611889650904,27,5.181010947938832,2.712370653511234,2,True,True,0,6,False,False,25,0,False,False,False,nan,nan,nan,9,True,nan
2989,188067.8,19.71063197738949,29,7.968835014234051,2.956300162146088,2,True,True,0,6,False,False,25,0,False,False,False,nan,nan,nan,10,True,nan
2990,188068.0,19.709187005617714,31,7.789928200084196,2.9337288944416393,3,False,True,0,6,False,False,25,0,False,False,False,nan,nan,nan,11,True,nan
2991,188068.2,17.645051367705403,33,7.6446368539659,2.9034971283214372,3,True,True,0,0,True,False,25,0,False,False,False,nan,nan,nan,0,True,nan
2992,188068.4,17.386888290692966,34,5.790097829322242,2.861447199894207,7,True,True,0,6,False,False,25,0,False,False,False,nan,nan,nan,1,True,nan
2993,188068.6,17.280243015635286,34,5.712915008870893,2.842568176659309,3,True,True,0,6,False,False,25,0,False,False,False,nan,nan,nan,2,True,nan
2994,188068.8,17.187179359863908,34,5.819721802167028,2.879398252591984,2,True,True,0,6,False,False,25,0,False,False,False,nan,nan,nan,3,True,nan
2995,188069.0,17.081667629883096,31,4.6203791634631255,2.3943466071892345,1,False,True,0,6,False,False,23,0,True,True,False,nan,nan,nan,4,True,17.081667629883096
2996,188069.2,17.101614914410252,26,2.505938183293602,1.7027278806029953,5,True,True,0,6,False,False,20,0,False,False,False,nan,nan,nan,5,True,nan
2997,188069.4,17.285880247694077,23,4.493692469019466,2.401870239476778,2,False,True,0,6,False,False,19,0,False,False,False,nan,nan,nan,6,True,nan
2998,188069.6,17.47820657374872,18,3.789176683872938,2.2925469373906333,1,False,True,0,6,False,False,15,0,True,True,False,nan,nan,nan,7,True,17.47820657374872
2999,188069.8,17.491743884569086,12,3.9296687841415405,2.3346643099118887,1,False,True,0,6,False,False,11,0,True,True,False,nan,nan,nan,8,True,17.491743884569086
3000,188070.0,17.497879776712587,9,3.920546069741249,2.335225851808056,1,False,True,0,6,False,False,9,0,True,True,False,nan,nan,nan,9,True,17.497879776712587
3001,188070.2,17.518709177545983,8,3.7969537302851677,2.303071896163371,1,False,True,0,6,False,False,8,0,True,True,False,nan,nan,nan,10,True,17.518709177545983
3002,188070.4,17.54759891962463,5,2.626175507903099,1.9121757588357198,1,False,True,0,6,False,False,5,0,True,True,False,nan,nan,nan,11,True,17.54759891962463
3003,188070.6,17.584112175638882,8,2.979718514523267,2.150778991999718,1,False,True,0,6,False,False,5,0,True,True,False,nan,nan,nan,12,True,17.584112175638882
3004,188070.8,17.653919683360115,11,3.48497087138201,2.163682891769583,1,False,True,0,6,False,False,5,0,True,True,False,nan,nan,nan,13,True,17.653919683360115
3005,188071.0,17.72650633963705,14,4.240251163114538,2.262679007507564,1,False,True,0,6,False,False,5,0,True,True,False,nan,nan,nan,14,True,17.72650633963705
3006,188071.2,17.830787508050843,18,5.0260291037947855,2.466374338851762,1,False,True,0,6,False,False,5,0,True,True,False,nan,nan,nan,15,True,17.830787508050843
3007,188071.4,17.974059992323102,23,5.945415845756644,2.777233229583407,1,False,True,0,6,False,False,5,0,True,True,False,nan,nan,nan,16,True,17.974059992323102
3008,188071.6,18.130063033106634,25,6.215458808835106,2.8620092435069715,2,False,True,0,6,False,False,5,0,False,False,False,nan,nan,nan,17,True,nan
3009,188071.8,17.499302048701416,27,6.128404156326162,2.8429773241198024,2,False,True,0,6,False,False,5,0,False,False,False,nan,nan,nan,18,True,nan
3010,188072.0,16.97400873262451,30,5.7720040918968225,2.868453331076621,2,False,True,0,6,False,False,5,0,False,False,False,nan,nan,nan,19,True,nan
3011,188072.2,16.330750770384896,32,5.513953886061341,2.826287721611747,6,True,True,0,6,False,False,5,0,False,False,False,nan,nan,nan,20,True,nan
3012,188072.4,15.92636391356418,33,5.22927728846181,2.780546279400811,1,False,True,0,6,False,False,5,0,True,True,False,nan,nan,nan,21,True,15.92636391356418
3013,188072.6,16.14275463302737,34,5.5652134840697265,2.853005073860963,1,False,True,0,6,False,False,5,0,True,True,False,nan,nan,nan,22,True,16.14275463302737
3014,188072.8,16.38325239174793,35,5.861626534085044,2.930403683288478,4,True,True,0,6,False,False,5,0,False,False,False,nan,nan,nan,23,True,nan
3015,188073.0,16.060841946718106,35,5.870705277585019,2.952698202577448,1,False,True,0,6,False,False,5,0,True,True,False,nan,nan,nan,24,True,16.060841946718106
3016,188073.2,16.370708005942557,35,6.17092777727499,3.074426958122659,1,False,True,0,6,False,False,5,0,True,False,False,nan,nan,nan,25,True,nan
3017,188073.4,16.100780708213694,35,6.303624356922884,3.0931322467770683,1,False,True,0,6,False,False,5,0,True,True,False,nan,nan,nan,26,True,16.100780708213694
3018,188073.6,7.8002501549429155,34,6.873135697522798,3.1541459819177686,1,False,True,0,0,True,False,6,0,True,True,False,nan,nan,nan,0,True,7.8002501549429155
3019,188073.8,8.979040596591986,34,5.273822413895639,2.5919328765886527,4,True,True,0,6,False,False,8,0,True,True,False,nan,nan,nan,1,True,8.979040596591986
3020,188074.0,9.344042088610804,34,5.071879246606305,2.5408769443026937,2,False,True,0,6,False,False,10,0,True,True,False,nan,nan,nan,2,True,9.344042088610804
3021,188074.2,9.552077716645103,34,4.929442102872455,2.5005888036902926,2,False,True,0,6,False,False,12,0,True,True,False,nan,nan,nan,3,True,9.552077716645103
3022,188074.4,9.637948756262448,34,4.905650911486946,2.4746454766113013,4,True,True,0,6,False,False,14,0,True,True,False,nan,nan,nan,4,True,9.637948756262448
3023,188074.6,10.034163904580751,35,4.769880798024242,2.434616279497139,1,False,True,0,6,False,False,15,0,True,True,False,nan,nan,nan,5,True,10.034163904580751
3024,188074.8,10.150190088312288,35,4.788501215103673,2.4412877679478977,1,True,True,0,6,False,False,15,0,True,True,False,nan,nan,nan,6,True,10.150190088312288
3025,188075.0,10.509426834917985,35,4.589042946189573,2.40896666152301,1,False,True,0,6,False,False,15,0,True,True,False,nan,nan,nan,7,True,10.509426834917985
3026,188075.2,10.797791296341638,34,4.908385651204209,2.601801267129997,3,True,True,0,6,False,False,14,0,True,True,False,nan,nan,nan,8,True,10.797791296341638
3027,188075.4,10.647407768441594,34,4.59220033338035,2.4386152825803022,2,False,True,0,6,False,False,14,0,True,True,False,nan,nan,nan,9,True,10.647407768441594
3028,188075.6,10.618981039049878,34,4.614314535006841,2.472673563272732,2,True,True,0,6,False,False,15,0,True,True,False,nan,nan,nan,10,True,10.618981039049878
3029,188075.8,10.640992545014775,34,4.535643692252824,2.4283616921198403,2,False,True,0,6,False,False,16,0,False,False,False,nan,nan,nan,11,True,nan
3030,188076.0,10.613901331586861,34,4.628667890728664,2.426920468502028,2,False,True,0,6,False,False,17,0,True,True,False,nan,nan,nan,12,True,10.613901331586861
3031,188076.2,10.468796114819474,35,3.5332509652739126,2.178197053130263,2,False,True,0,6,False,False,19,0,False,False,False,nan,nan,nan,13,True,nan
3032,188076.4,10.380031211660308,35,3.5619505328886314,2.1782354365328676,3,True,True,0,6,False,False,20,0,True,True,False,nan,nan,nan,14,True,10.380031211660308
3033,188076.6,10.720396111908375,35,3.461036417720885,2.17684705192853,2,False,True,0,6,False,False,20,0,True,True,False,nan,nan,nan,15,True,10.720396111908375
3034,188076.8,10.725587238809775,35,3.5035763919055505,2.1679674434081986,2,False,True,0,6,False,False,23,0,False,False,False,nan,nan,nan,16,True,nan
3035,188077.0,10.664463373558853,35,3.553203710202491,2.198280753009977,2,False,True,0,6,False,False,26,0,False,False,False,nan,nan,nan,17,True,nan
3036,188077.2,10.674670203209338,35,3.632755918026053,2.221177347477635,2,False,True,0,6,False,False,29,0,False,False,False,nan,nan,nan,18,True,nan
3037,188077.4,10.677214270196293,35,3.664390400113593,2.2196839584943384,2,False,True,0,6,False,False,32,0,False,False,False,nan,nan,nan,19,True,nan
3038,188077.6,10.64132111827014,35,3.6060752340404103,2.199743473327228,3,True,True,0,6,False,False,35,0,False,False,False,nan,nan,nan,20,True,nan
3039,188077.8,10.568846568027473,35,3.6519394815563215,2.2209330154307088,3,False,True,0,6,False,False,35,0,False,False,False,nan,nan,nan,21,True,nan
3040,188078.0,10.48477956606282,35,3.725738753164939,2.226370523485258,1,False,True,0,6,False,False,35,0,True,True,False,nan,nan,nan,22,True,10.48477956606282
3041,188078.2,10.388633355812319,35,3.7763716155164646,2.21063705197703,2,False,True,0,6,False,False,35,0,False,False,False,nan,nan,nan,23,True,nan
3042,188078.4,10.095767681283482,33,2.608156895140622,1.7911878443973797,2,False,True,0,6,False,False,33,0,False,False,False,nan,nan,nan,24,True,nan
3043,188078.6,10.128239133623765,32,4.425028995205469,2.6455824931928893,2,False,True,0,6,False,False,29,0,False,False,False,nan,nan,nan,25,True,nan
3044,188078.8,9.718843833602527,30,2.9707758975617904,1.8347497120459664,1,False,True,0,6,False,False,24,0,True,True,False,nan,nan,nan,26,True,9.718843833602527
3045,188079.0,9.656928114874422,30,4.045918733681763,2.2802464998746452,1,False,True,0,6,False,False,20,0,True,True,False,nan,nan,nan,27,True,9.656928114874422
3046,188079.2,9.793200725543723,30,4.0666461311927256,2.254707847416351,2,False,True,0,6,False,False,16,0,True,True,False,nan,nan,nan,28,True,9.793200725543723
3047,188079.4,10.050764651012269,32,4.103053604070406,2.292884476264419,2,False,True,0,6,False,False,14,0,False,False,False,nan,nan,nan,29,True,nan
3048,188079.6,10.146055320395092,33,4.148831297018267,2.3517428883327876,2,False,True,0,6,False,False,14,0,False,False,False,nan,nan,nan,30,True,nan
3049,188079.8,10.503398965270137,35,4.134440880760705,2.385983534228956,1,False,True,0,6,False,False,15,0,True,True,False,nan,nan,nan,31,True,10.503398965270137
3050,188080.0,10.667449538631429,35,4.197378785314012,2.40945540530445,1,False,True,0,6,False,False,15,0,True,True,False,nan,nan,nan,32,True,10.667449538631429
3051,188080.2,10.556533998323914,35,4.332424277894823,2.446019717685559,1,False,True,0,6,False,False,15,0,True,True,False,nan,nan,nan,33,True,10.556533998323914
3052,188080.4,10.618928435022534,35,4.564530747135868,2.5412621875773493,2,False,True,0,6,False,False,15,0,True,True,False,nan,nan,nan,34,True,10.618928435022534
3053,188080.6,10.672719170053993,35,4.672874725838196,2.5967750297346655,2,False,True,0,6,False,False,15,0,False,False,False,nan,nan,nan,35,True,nan
3054,188080.8,10.760418001040554,35,4.800200594789513,2.61693843764992,4,True,True,0,6,False,False,15,0,True,True,False,nan,nan,nan,36,True,10.760418001040554
3055,188081.0,10.581806228745652,34,4.857231690835334,2.590903637451713,2,True,True,0,6,False,False,15,0,True,True,False,nan,nan,nan,37,True,10.581806228745652
3056,188081.2,10.598600547123663,33,4.907150781461404,2.6165880806402404,4,True,True,0,6,False,False,15,0,True,True,False,nan,nan,nan,38,True,10.598600547123663
3057,188081.4,10.693257625845726,32,5.107438765192166,2.6402989870778075,2,False,True,0,6,False,False,15,0,False,False,False,nan,nan,nan,39,True,nan
3058,188081.6,10.74327240540887,31,5.271129087521077,2.6550623190194766,2,False,True,0,6,False,False,15,0,False,False,False,nan,nan,nan,40,True,nan
3059,188081.8,10.986267556994402,30,5.461422343293524,2.7004138039174417,4,True,True,0,6,False,False,15,0,True,True,False,nan,nan,nan,41,True,10.986267556994402
3060,188082.0,10.759441299475393,31,5.727622289130202,2.845362052766407,1,False,True,0,6,False,False,15,0,True,True,False,nan,nan,nan,42,True,10.759441299475393
3061,188082.2,10.696101675665078,31,5.507296644291205,2.762711685210181,2,False,True,0,6,False,False,15,0,True,True,False,nan,nan,nan,43,True,10.696101675665078
3062,188082.4,10.625907927147551,31,5.4368409481472835,2.7056454124141394,2,False,True,0,6,False,False,16,0,False,False,False,nan,nan,nan,44,True,nan
3063,188082.6,10.429213156534455,31,5.390012796706285,2.6686079660649114,2,False,True,0,6,False,False,17,0,False,False,False,nan,nan,nan,45,True,nan
3064,188082.8,10.273366432571736,31,6.326349884238889,2.965798452630137,2,False,True,0,6,False,False,18,0,False,False,False,nan,nan,nan,46,True,nan
3065,188083.0,10.0844909812852,29,5.346701596890916,2.594223630005883,2,False,True,0,6,False,False,19,0,False,False,False,nan,nan,nan,47,True,nan
3066,188083.2,9.96323607515288,30,5.95574020975535,2.8671902259555915,3,False,True,0,6,False,False,21,0,False,False,False,nan,nan,nan,48,True,nan
3067,188083.4,9.852251549248118,31,5.905674562964451,2.866019480744339,4,True,True,0,6,False,False,22,0,False,False,False,nan,nan,nan,49,True,nan
3068,188083.6,9.737567278209422,32,5.831723078366322,2.8416913412319413,3,True,True,0,6,False,False,23,0,False,False,False,nan,nan,nan,50,True,nan
3069,188083.8,9.636676869745164,33,5.653545629410693,2.792035941601892,3,True,True,0,6,False,False,24,0,False,False,False,nan,nan,nan,51,True,nan
3070,188084.0,9.543582329746389,35,5.721270784757008,2.8111061863969313,3,False,True,0,6,False,False,25,0,False,False,False,nan,nan,nan,52,True,nan
3071,188084.2,9.469273027450807,33,3.2011476087491504,1.8251054931496327,3,True,True,0,6,False,False,24,0,False,False,False,nan,nan,nan,53,True,nan
3072,188084.4,9.508416061187186,27,0.927539300173521,0.927539300173521,1,False,True,0,6,False,False,20,0,True,True,False,nan,nan,nan,54,True,9.508416061187186
3073,188084.6,9.595457347962514,25,3.5505615413322027,2.2296985467137973,1,False,True,0,6,False,False,19,0,True,True,False,nan,nan,nan,55,True,9.595457347962514
3074,188084.8,9.393072251242193,23,3.546307499650608,2.207655173907756,1,False,True,0,6,False,False,18,0,True,True,False,nan,nan,nan,56,True,9.393072251242193
3075,188085.0,9.254988562335125,21,3.546506409878827,2.0299329461833895,1,False,True,0,6,False,False,17,0,True,True,False,nan,nan,nan,57,True,9.254988562335125
3076,188085.2,8.979601251709546,19,3.8493884742597997,2.0047607091099775,2,False,True,0,6,False,False,16,0,True,True,False,nan,nan,nan,58,True,8.979601251709546
3077,188085.4,8.440148793810218,22,3.4107041370352653,1.9721735361632668,2,False,True,0,6,False,False,18,0,True,True,False,nan,nan,nan,59,True,8.440148793810218
3078,188085.6,7.904345462455977,22,3.4506636309630445,1.9860288358314302,2,False,True,0,6,False,False,17,0,True,True,False,nan,nan,nan,60,True,7.904345462455977
3079,188085.8,8.05498876398846,19,2.6029301605048727,1.814888559450599,1,False,True,0,6,False,False,14,0,True,False,False,nan,nan,nan,61,True,nan
3080,188086.0,8.250205849781612,18,4.122333273969317,2.191898805525924,2,False,True,0,6,False,False,13,0,True,True,False,nan,nan,nan,62,True,8.250205849781612
3081,188086.2,8.500727539031146,17,5.783455376793156,2.7380204505679764,1,False,True,0,6,False,False,12,0,True,True,False,nan,nan,nan,63,True,8.500727539031146
3082,188086.4,8.569783553582951,17,4.765533244845003,2.592573506666397,1,False,True,0,6,False,False,12,0,True,True,False,nan,nan,nan,64,True,8.569783553582951
3083,188086.6,8.80174481283666,16,4.8678070413454355,2.6419467343052982,2,False,True,0,6,False,False,12,0,False,False,False,nan,nan,nan,65,True,nan
3084,188086.8,9.274149519673934,16,3.601572308305013,2.0107777075699986,1,False,True,0,6,False,False,12,0,True,True,False,nan,nan,nan,66,True,9.274149519673934
3085,188087.0,9.549649996192382,16,5.5623758611404535,2.8531673008510756,1,False,True,0,6,False,False,11,0,True,True,False,nan,nan,nan,67,True,9.549649996192382
3086,188087.2,9.998150762235246,19,5.72674183857693,2.7615990994042696,2,False,True,0,6,False,False,12,0,False,False,False,nan,nan,nan,68,True,nan
3087,188087.4,10.46745936544567,20,6.113300725492253,2.7817570064065404,4,True,True,0,6,False,False,12,0,True,True,False,nan,nan,nan,69,True,10.46745936544567
3088,188087.6,10.463115181006069,21,6.08076077642523,2.7573857984445778,2,False,True,0,6,False,False,12,0,False,False,False,nan,nan,nan,70,True,nan
3089,188087.8,4.448619516186885,23,6.3692209200208705,2.8201429425508073,1,False,True,0,0,True,False,13,0,True,True,False,nan,nan,nan,0,True,4.448619516186885
3090,188088.0,6.475242625790743,22,3.8479967443111796,2.0453962119138174,3,False,True,0,6,False,False,13,0,True,True,False,nan,nan,nan,1,True,6.475242625790743
3091,188088.2,6.540191913664432,20,5.005409252371149,2.5588735263047324,2,False,True,0,6,False,False,13,0,True,True,False,nan,nan,nan,2,True,6.540191913664432
3092,188088.4,6.594210735786734,17,4.780889676741569,2.605570189583376,2,False,True,0,6,False,False,12,0,False,False,False,nan,nan,nan,3,True,nan
3093,188088.6,6.252447877197887,17,4.589007892647644,2.521092101217989,1,False,True,0,6,False,False,13,0,True,True,False,nan,nan,nan,4,True,6.252447877197887
3094,188088.8,6.32019512897551,19,4.170570397489666,2.3448124237091736,3,True,True,0,6,False,False,15,0,True,True,False,nan,nan,nan,5,True,6.32019512897551
3095,188089.0,6.171378948483905,22,3.9014590440872534,2.177979399749088,2,False,True,0,6,False,False,17,0,True,True,False,nan,nan,nan,6,True,6.171378948483905
3096,188089.2,6.070060820300245,25,3.773379488225591,2.1099572733564154,1,False,True,0,6,False,False,18,0,True,True,False,nan,nan,nan,7,True,6.070060820300245
3097,188089.4,6.066568648551628,29,3.6633737553515533,2.0550152614369472,1,False,True,0,6,False,False,20,0,True,True,False,nan,nan,nan,8,True,6.066568648551628
3098,188089.6,6.103969967131839,30,3.663359585837863,2.1278309800019684,2,False,True,0,6,False,False,20,0,False,False,False,nan,nan,nan,9,True,nan
3099,188089.8,5.794294984173707,30,3.440166345094661,2.076132586092062,2,False,True,0,6,False,False,20,0,False,False,False,nan,nan,nan,10,True,nan
3100,188090.0,5.462208301867749,30,3.128539528407037,1.9159718965812365,1,False,True,0,6,False,False,20,0,True,True,False,nan,nan,nan,11,True,5.462208301867749
3101,188090.2,5.323514201807454,30,2.9382773303531096,1.9342138023274502,1,False,True,0,6,False,False,20,0,True,True,False,nan,nan,nan,12,True,5.323514201807454
3102,188090.4,5.114785105578733,30,2.600437576651697,1.9670916458856353,1,False,True,0,6,False,False,20,0,True,True,False,nan,nan,nan,13,True,5.114785105578733
3103,188090.6,5.317878229946534,27,1.8559699453132834,1.603044344856805,2,False,True,0,6,False,False,18,0,False,False,False,nan,nan,nan,14,True,nan
3104,188090.8,5.22214901587332,26,2.260334008173378,1.6281117831789542,2,False,True,0,6,False,False,18,0,False,False,False,nan,nan,nan,15,True,nan
3105,188091.0,4.983247569404836,26,1.9826647971377682,1.5867174919301335,2,False,True,0,6,False,False,18,0,False,False,False,nan,nan,nan,16,True,nan
3106,188091.2,4.794507803976372,26,1.884113207976411,1.5029765854402475,1,False,True,0,6,False,False,18,0,True,True,False,nan,nan,nan,17,True,4.794507803976372
3107,188091.4,4.7828212221334585,26,1.8317104244248588,1.4840324250456063,1,False,True,0,6,False,False,18,0,True,True,False,nan,nan,nan,18,True,4.7828212221334585
3108,188091.6,4.645429159610965,29,1.8039706946667686,1.455526534737929,2,False,True,0,6,False,False,20,0,False,False,False,nan,nan,nan,19,True,nan
3109,188091.8,4.497437436479294,30,1.7990291949557622,1.4237634242897896,2,False,True,0,6,False,False,20,0,False,False,False,nan,nan,nan,20,True,nan
3110,188092.0,4.488394047951965,30,1.8556847672771144,1.427791136117406,2,False,True,0,6,False,False,20,0,False,False,False,nan,nan,nan,21,True,nan
3111,188092.2,4.563716101958494,30,1.8587756796371437,1.4399756650952602,1,False,True,0,6,False,False,20,0,True,True,False,nan,nan,nan,22,True,4.563716101958494
3112,188092.4,4.617958042008507,30,1.8779406801637197,1.384369203707583,2,False,True,0,6,False,False,20,0,False,False,False,nan,nan,nan,23,True,nan
3113,188092.6,4.731441611435158,31,5.93864322488457,2.523104816596021,2,False,True,0,6,False,False,20,0,False,False,False,nan,nan,nan,24,True,nan
3114,188092.8,4.912365266656477,32,5.7822827447548315,2.4864278430542206,1,False,True,0,6,False,False,20,0,True,True,False,nan,nan,nan,25,True,4.912365266656477
3115,188093.0,4.889499014152072,33,5.434850481633908,2.420086575747334,2,False,True,0,6,False,False,20,0,False,False,False,nan,nan,nan,26,True,nan
3116,188093.2,4.93192470535357,34,4.99082788090468,2.3456261211868656,2,False,True,0,6,False,False,20,0,False,False,False,nan,nan,nan,27,True,nan
3117,188093.4,5.115046588088215,35,4.789334471794605,2.3053095082778436,2,False,True,0,6,False,False,21,0,False,False,False,nan,nan,nan,28,True,nan
3118,188093.6,5.24697614511805,34,2.276485537310256,1.4487618195689425,2,False,True,0,6,False,False,22,0,False,False,False,nan,nan,nan,29,True,nan
3119,188093.8,5.12703410530688,33,2.279880264236975,1.4610254236566242,3,True,True,0,6,False,False,23,0,False,False,False,nan,nan,nan,30,True,nan
3120,188094.0,5.010201740597331,32,2.256366728936764,1.4983625841494685,3,True,True,0,6,False,False,24,0,False,False,False,nan,nan,nan,31,True,nan
3121,188094.2,4.9048442496891775,31,2.292671492336089,1.5783097951276237,2,True,True,0,6,False,False,25,0,False,False,False,nan,nan,nan,32,True,nan
3122,188094.4,4.8295286675822995,30,2.486950254033626,1.6846553306374794,3,True,True,0,6,False,False,25,0,False,False,False,nan,nan,nan,33,True,nan
3123,188094.6,4.779712541553235,30,2.392699380528853,1.6914333468370395,3,True,True,0,6,False,False,25,0,False,False,False,nan,nan,nan,34,True,nan
3124,188094.8,4.74848444847378,30,2.3864559201409055,1.6200839471204702,1,False,True,0,6,False,False,24,0,True,True,False,nan,nan,nan,35,True,4.74848444847378
3125,188095.0,4.868105908070739,30,2.2778733694718007,1.4871937945298144,1,False,True,0,6,False,False,23,0,True,True,False,nan,nan,nan,36,True,4.868105908070739
3126,188095.2,4.9326131535579565,30,3.3980643488961815,2.206078909586291,2,False,True,0,6,False,False,21,0,True,True,False,nan,nan,nan,37,True,4.9326131535579565
3127,188095.4,4.616009818951731,30,3.1533252510315384,2.081895318586022,2,False,True,0,6,False,False,19,0,True,True,False,nan,nan,nan,38,True,4.616009818951731
3128,188095.6,4.49886771416652,31,2.9784555642679673,1.9083199748555393,2,True,True,0,6,False,False,17,0,True,True,False,nan,nan,nan,39,True,4.49886771416652
3129,188095.8,4.142748646901232,32,2.9031307017892924,1.8795228399410333,1,False,True,0,6,False,False,16,0,True,True,False,nan,nan,nan,40,True,4.142748646901232
3130,188096.0,4.07756160099192,33,2.68767457471742,1.7165153043006436,2,False,True,0,6,False,False,15,0,False,False,False,nan,nan,nan,41,True,nan
3131,188096.2,3.666987619117052,34,2.494990490369137,1.6660625877505044,9,True,True,0,6,False,False,15,0,True,True,False,nan,nan,nan,42,True,3.666987619117052
3132,188096.4,3.4245116989329802,35,2.3086552731255674,1.5666903033129134,2,False,True,0,6,False,False,15,0,False,False,False,nan,nan,nan,43,True,nan
3133,188096.6,3.015087892244465,34,2.3823149365494607,1.7903458415316753,2,False,True,0,6,False,False,15,0,True,True,False,nan,nan,nan,44,True,3.015087892244465
3134,188096.8,2.5734137853069954,33,2.777245257605071,1.9735906263929925,2,False,True,0,6,False,False,15,0,False,False,False,nan,nan,nan,45,True,nan
3135,188097.0,2.1901699237522485,32,2.4678378246089068,1.8913524342914163,2,False,True,0,6,False,False,15,0,False,False,False,nan,nan,nan,46,True,nan
3136,188097.2,1.9350706464687335,31,2.1564363895435044,1.7929702666609848,2,False,True,0,6,False,False,15,0,True,True,False,nan,nan,nan,47,True,1.9350706464687335
3137,188097.4,1.62842241347873,30,1.7736773489724018,1.5956526037172132,2,False,True,0,6,False,False,15,0,True,True,False,nan,nan,nan,48,True,1.62842241347873
3138,188097.6,1.3848832440990055,30,1.4069383503842359,1.3759431974992185,2,False,True,0,6,False,False,15,0,False,False,False,nan,nan,nan,49,True,nan
3139,188097.8,1.3451000288302997,30,1.2754690196596101,1.2179294796868714,2,False,True,0,6,False,False,15,0,False,False,False,nan,nan,nan,50,True,nan
3140,188098.0,1.361191417901514,30,1.1467454622378666,1.1196072251559033,2,False,True,0,6,False,False,15,0,False,False,False,nan,nan,nan,51,True,nan
3141,188098.2,1.346436433898932,30,0.9444503938512647,0.9242171074898287,2,True,True,0,6,False,False,15,0,True,True,False,nan,nan,nan,52,True,1.346436433898932
3142,188098.4,1.2728277768338139,30,0.76327900112647,0.76327900112647,1,False,True,0,6,False,False,15,0,True,True,False,nan,nan,nan,53,True,1.2728277768338139
3143,188098.6,1.201211747760282,30,0.557084959166071,0.557084959166071,3,True,True,0,6,False,False,15,0,True,True,False,nan,nan,nan,54,True,1.201211747760282
3144,188098.8,1.1914725465211784,30,0.5992689244504144,0.5992689244504144,2,False,True,0,6,False,False,15,0,True,True,False,nan,nan,nan,55,True,1.1914725465211784
3145,188099.0,1.2062843033002595,30,0.6803480407789864,0.6803480407789864,2,False,True,0,6,False,False,15,0,True,True,False,nan,nan,nan,56,True,1.2062843033002595
3146,188099.2,1.2707468744048929,30,0.7949595201396935,0.7741777191481658,2,False,True,0,6,False,False,15,0,True,True,False,nan,nan,nan,57,True,1.2707468744048929
3147,188099.4,1.4787423181708927,30,0.9268254175860609,0.840366483307693,2,False,True,0,6,False,False,16,0,False,False,False,nan,nan,nan,58,True,nan
3148,188099.6,1.7380744865788298,30,0.9601811528690696,0.9208297462938692,3,True,True,0,6,False,False,17,0,True,True,False,nan,nan,nan,59,True,1.7380744865788298
3149,188099.8,1.8721041974602772,30,1.1870274304677668,1.152484645133684,2,True,True,0,6,False,False,18,0,True,True,False,nan,nan,nan,60,True,1.8721041974602772
3150,188100.0,1.8169527523585045,30,1.1665501136323946,1.1384627533170661,2,False,True,0,6,False,False,19,0,False,False,False,nan,nan,nan,61,True,nan
3151,188100.2,1.731620590851648,30,1.0987778261571473,1.0592113809409993,2,True,True,0,6,False,False,20,0,True,True,False,nan,nan,nan,62,True,1.731620590851648
3152,188100.4,1.9338358477690099,30,1.2032311703474763,1.1187241210661283,2,False,True,0,6,False,False,21,0,False,False,False,nan,nan,nan,63,True,nan
3153,188100.6,2.0617199677052755,30,1.170771509734455,1.0796531897890038,2,False,True,0,6,False,False,22,0,False,False,False,nan,nan,nan,64,True,nan
3154,188100.8,2.271581671079794,29,0.9818171180263354,0.9073497020467209,2,False,True,0,6,False,False,23,0,False,False,False,nan,nan,nan,65,True,nan
3155,188101.0,2.5169799887331172,25,1.414935120011892,1.414935120011892,2,False,True,0,6,False,False,21,0,True,True,False,nan,nan,nan,66,True,2.5169799887331172
3156,188101.2,2.7085457664288857,22,0.9634394044982372,0.9634394044982372,1,False,True,0,6,False,False,20,0,True,True,False,nan,nan,nan,67,True,2.7085457664288857
3157,188101.4,2.9717262203928496,18,1.3014607778740388,1.197674675556358,2,False,True,0,6,False,False,17,0,False,False,False,nan,nan,nan,68,True,nan
3158,188101.6,3.2905086737322353,13,0.8069319874048233,0.8069319874048233,1,False,True,0,6,False,False,13,0,True,True,False,nan,nan,nan,69,True,3.2905086737322353
3159,188101.8,3.672904976324325,12,1.67812845466496,1.3938440475117873,1,False,True,0,6,False,False,11,0,True,True,False,nan,nan,nan,70,True,3.672904976324325
3160,188102.0,4.112776952326351,12,3.314717829465959,2.258616667506529,2,True,True,0,6,False,False,9,0,False,False,False,nan,nan,nan,71,True,nan
3161,188102.2,4.350621237159041,11,1.799049477755765,1.4086808117582243,1,False,True,0,6,False,False,8,0,True,True,False,nan,nan,nan,72,True,4.350621237159041
3162,188102.4,4.411117340515029,11,1.7572990700236526,1.439400855505649,2,False,True,0,6,False,False,8,0,True,True,False,nan,nan,nan,73,True,4.411117340515029
3163,188102.6,4.329053773352298,15,2.5068291473075948,1.674131363279893,2,False,True,0,6,False,False,8,0,False,False,False,nan,nan,nan,74,True,nan
3164,188102.8,4.611738197325258,14,2.4622199750468834,1.9459433716787182,1,False,True,0,6,False,False,6,0,True,True,False,nan,nan,nan,75,True,4.611738197325258
3165,188103.0,5.10370541866514,14,1.7773113149566175,1.7773113149566175,1,False,True,0,6,False,False,6,0,False,False,False,nan,nan,nan,76,True,nan
3166,188103.2,5.652816137746795,14,0.7584233831060408,0.7584233831060408,2,False,True,0,6,False,False,4,0,False,False,False,nan,nan,nan,77,True,nan
3167,188103.4,6.3552143575357425,13,3.1454873606562614,2.2926525409954817,2,False,True,0,6,False,False,2,0,False,False,False,nan,nan,nan,78,True,nan
3168,188103.6,7.0115656355741365,14,4.1067352313508625,1.9731264110405207,4,True,True,0,6,False,False,2,0,False,False,False,nan,nan,nan,79,True,nan
3169,188103.8,7.048863508985021,17,4.154801754564638,1.905573213475429,2,False,True,0,6,False,False,2,0,False,False,False,nan,nan,nan,80,True,nan
3170,188104.0,6.80991489513097,21,4.033177773778,1.96530344063666,1,False,True,0,6,False,False,3,0,True,True,False,nan,nan,nan,81,True,6.80991489513097
3171,188104.2,7.5284439041493485,25,4.760026211839254,2.208200776187978,1,False,True,0,6,False,False,4,0,True,False,False,nan,nan,nan,82,True,nan
3172,188104.4,7.759562689624634,30,4.862537503360068,2.1963653829818255,2,False,True,0,6,False,False,5,0,False,False,False,nan,nan,nan,83,True,nan
3173,188104.6,7.607056314379882,30,4.716283711981257,2.127557701798902,1,False,True,0,6,False,False,5,0,True,True,False,nan,nan,nan,84,True,7.607056314379882
3174,188104.8,8.388112594488724,30,5.045939225432458,2.3951699576313255,1,False,True,0,6,False,False,5,0,True,False,False,nan,nan,nan,85,True,nan
3175,188105.0,9.048572785137912,30,5.398038370824599,2.4367218262377404,2,False,True,0,6,False,False,5,0,False,False,False,nan,nan,nan,86,True,nan
3176,188105.2,9.26085277695259,30,5.506326245544002,2.4724817585554684,2,False,True,0,6,False,False,5,0,False,False,False,nan,nan,nan,87,True,nan
3177,188105.4,9.136642437151343,29,5.839526481714994,2.602597054429966,1,False,True,0,6,False,False,5,0,True,True,False,nan,nan,nan,88,True,9.136642437151343
3178,188105.6,9.907628459697687,29,5.59555049758742,2.565883375061868,1,False,True,0,6,False,False,5,0,False,False,False,nan,nan,nan,89,True,nan
3179,188105.8,10.658773894080024,29,5.914374485123695,2.672935822798973,1,False,True,0,6,False,False,5,0,True,True,False,nan,nan,nan,90,True,10.658773894080024
3180,188106.0,11.467671787980352,29,6.30208485197088,2.7552363736653427,1,False,True,0,6,False,False,6,0,True,True,False,nan,nan,nan,91,True,11.467671787980352
3181,188106.2,12.150362888492808,30,13.631284749006339,4.042202418590798,2,False,True,0,6,False,False,7,0,False,False,False,nan,nan,nan,92,True,nan
3182,188106.4,2.4592164507062413,31,6.74922601663927,2.905437934743666,2,False,True,0,0,True,False,12,0,False,False,False,nan,nan,nan,0,True,nan
3183,188106.6,2.645906854313294,30,0.8561170995656674,0.8561170995656674,5,False,True,0,6,False,False,16,0,False,False,False,nan,nan,nan,1,True,nan
3184,188106.8,2.73042452626562,32,6.295957301290862,2.377198946868631,3,False,True,0,6,False,False,21,0,False,False,False,nan,nan,nan,2,True,nan
3185,188107.0,2.7731489924411012,32,0.7920485877982957,0.7920485877982957,1,False,True,0,6,False,False,25,0,True,True,False,nan,nan,nan,3,True,2.7731489924411012
3186,188107.2,3.029008418508863,31,0.7671277527037763,0.7671277527037763,2,False,True,0,6,False,False,29,0,False,False,False,nan,nan,nan,4,True,nan
3187,188107.4,3.7595890267269665,31,0.9057267874404565,0.9057267874404565,2,False,True,0,6,False,False,29,0,False,False,False,nan,nan,nan,5,True,nan
3188,188107.6,4.444031224702943,34,7.023369228473792,2.5698709733070557,2,False,True,0,6,False,False,30,0,False,False,False,nan,nan,nan,6,True,nan
3189,188107.8,4.782153979860065,34,7.484543762162094,2.644264521938902,2,False,True,0,6,False,False,30,0,False,False,False,nan,nan,nan,7,True,nan
3190,188108.0,4.646781208733061,34,1.0962238100024435,1.0441345067350922,3,True,True,0,6,False,False,30,0,False,False,False,nan,nan,nan,8,True,nan
3191,188108.2,4.56245662199744,33,0.7556970636543008,0.7450559225042382,1,False,True,0,6,False,False,29,0,True,True,False,nan,nan,nan,9,True,4.56245662199744
3192,188108.4,4.665930040593917,31,1.123729430489907,1.123729430489907,1,False,True,0,6,False,False,27,0,True,True,False,nan,nan,nan,10,True,4.665930040593917
3193,188108.6,4.712623938234506,26,1.3445199117738094,1.3445199117738094,1,False,True,0,6,False,False,24,0,True,True,False,nan,nan,nan,11,True,4.712623938234506
3194,188108.8,4.798076661463938,22,1.0496738011216449,1.0496738011216449,1,False,True,0,6,False,False,22,0,True,True,False,nan,nan,nan,12,True,4.798076661463938
3195,188109.0,4.9258801332714235,21,0.8366639503597565,0.8366639503597565,2,False,True,0,6,False,False,21,0,False,False,False,nan,nan,nan,13,True,nan
3196,188109.2,4.865386404890344,19,0.919953817498794,0.919953817498794,3,True,True,0,6,False,False,18,0,True,True,False,nan,nan,nan,14,True,4.865386404890344
3197,188109.4,4.626403818982494,20,1.1115611298411918,0.9697207396013454,2,False,True,0,6,False,False,19,0,False,False,False,nan,nan,nan,15,True,nan
3198,188109.6,4.692032993284933,19,0.1980604533313183,0.1980604533313183,2,False,True,0,6,False,False,18,0,False,False,False,nan,nan,nan,16,True,nan
3199,188109.8,4.35847907753775,17,0.7171091697393573,0.7171091697393573,1,False,True,0,6,False,False,16,0,True,True,False,nan,nan,nan,17,True,4.35847907753775
3200,188110.0,4.560338672257189,13,0.6926322504878044,0.6926322504878044,1,False,True,0,6,False,False,12,0,True,True,False,nan,nan,nan,18,True,4.560338672257189
3201,188110.2,4.836251669105878,12,1.8470351221158559,1.3739816933438223,1,False,True,0,6,False,False,12,0,True,True,False,nan,nan,nan,19,True,4.836251669105878
3202,188110.4,5.119535905558908,8,3.17207969725132,2.147776170525386,1,False,True,0,6,False,False,8,0,True,False,False,nan,nan,nan,20,True,nan
3203,188110.6,5.051189367100606,11,2.8250223469515867,2.0902340529478387,2,True,True,0,6,False,False,8,0,True,True,False,nan,nan,nan,21,True,5.051189367100606
3204,188110.8,4.842486826178096,15,2.125483358843399,1.6369407314396751,1,False,True,0,6,False,False,8,0,True,True,False,nan,nan,nan,22,True,4.842486826178096
3205,188111.0,4.42709948218143,20,2.058599077998694,1.5887536447792774,2,False,True,0,6,False,False,9,0,False,False,False,nan,nan,nan,23,True,nan
3206,188111.2,4.117628036554457,24,1.9934148218003946,1.570070950325836,3,True,True,0,6,False,False,9,0,True,True,False,nan,nan,nan,24,True,4.117628036554457
3207,188111.4,3.7210888119356254,29,1.9372206038045952,1.5591334803787906,1,False,True,0,6,False,False,10,0,True,True,False,nan,nan,nan,25,True,3.7210888119356254
3208,188111.6,3.3452705526441915,30,1.87609943231123,1.5181360699406108,2,False,True,0,6,False,False,10,0,False,False,False,nan,nan,nan,26,True,nan
3209,188111.8,3.4810726444805806,30,2.058538184208243,1.5838406696060126,4,True,True,0,6,False,False,10,0,True,True,False,nan,nan,nan,27,True,3.4810726444805806
3210,188112.0,3.139433902417681,30,1.8967284836243936,1.5114972432068243,1,False,True,0,6,False,False,10,0,True,True,False,nan,nan,nan,28,True,3.139433902417681
3211,188112.2,2.9081461242814126,30,1.7679163236467403,1.4673734018609332,1,False,True,0,6,False,False,10,0,True,True,False,nan,nan,nan,29,True,2.9081461242814126
3212,188112.4,2.7283791614719317,30,1.6823779433539492,1.4338710281252447,2,False,True,0,6,False,False,14,0,False,False,False,nan,nan,nan,30,True,nan
3213,188112.6,2.6691325917011923,29,1.5011020655002294,1.3124816339138312,2,False,True,0,6,False,False,17,0,False,False,False,nan,nan,nan,31,True,nan
3214,188112.8,2.684435012947131,29,1.3723427935743266,1.261455794758668,2,False,True,0,6,False,False,20,0,False,False,False,nan,nan,nan,32,True,nan
3215,188113.0,2.7660812673972055,29,1.1902839240330358,1.1416275141367542,2,False,True,0,6,False,False,23,0,False,False,False,nan,nan,nan,33,True,nan
3216,188113.2,2.7435048993858238,27,0.9621729307645903,0.9621729307645903,1,False,True,0,6,False,False,24,0,True,True,False,nan,nan,nan,34,True,2.7435048993858238
3217,188113.4,2.658775151226748,26,0.7896922470232238,0.7896922470232238,2,False,True,0,6,False,False,22,0,False,False,False,nan,nan,nan,35,True,nan
3218,188113.6,2.795161830183732,27,0.9880305795533524,0.985892160945754,2,False,True,0,6,False,False,22,0,False,False,False,nan,nan,nan,36,True,nan
3219,188113.8,2.950266207064323,23,1.3269725117110212,1.3269725117110212,1,False,True,0,6,False,False,18,0,True,True,False,nan,nan,nan,37,True,2.950266207064323
3220,188114.0,3.0279130018091367,23,1.405687224253143,1.3078413890888898,1,False,True,0,6,False,False,15,0,True,True,False,nan,nan,nan,38,True,3.0279130018091367
3221,188114.2,3.189175913579506,25,1.6226296889888505,1.4192963120530087,1,False,True,0,6,False,False,14,0,True,True,False,nan,nan,nan,39,True,3.189175913579506
3222,188114.4,3.4016835952960394,26,1.9612613251648867,1.5157547943031822,2,False,True,0,6,False,False,12,0,False,False,False,nan,nan,nan,40,True,nan
3223,188114.6,3.3523254169465795,27,6.7183053559755255,2.530888393693018,3,True,True,0,6,False,False,9,0,True,True,False,nan,nan,nan,41,True,3.3523254169465795
3224,188114.8,3.1406791467539836,31,7.052358120995863,2.590492994525394,1,False,True,0,6,False,False,10,0,True,True,False,nan,nan,nan,42,True,3.1406791467539836
3225,188115.0,13.171728131698183,31,6.452774340613219,2.7131771946895755,1,False,True,0,0,True,False,10,0,True,True,False,nan,nan,nan,0,True,13.171728131698183
3226,188115.2,9.263304313283285,32,5.330268768483393,2.8060853307715883,6,True,True,0,6,False,False,10,0,False,False,False,nan,nan,nan,1,True,nan
3227,188115.4,8.608501202475125,33,4.900158042196903,2.6810160516241908,1,False,True,0,6,False,False,10,0,True,True,False,nan,nan,nan,2,True,8.608501202475125
3228,188115.6,8.252792170666064,32,4.893260089031361,2.71346158715597,1,False,True,0,6,False,False,10,0,True,True,False,nan,nan,nan,3,True,8.252792170666064
3229,188115.8,7.9897808648072965,31,3.695533815942213,2.1481344090883856,1,False,True,0,6,False,False,10,0,True,True,False,nan,nan,nan,4,True,7.9897808648072965
3230,188116.0,7.701230347098325,32,3.8163143795379777,2.3313785540309784,1,False,True,0,6,False,False,10,0,True,True,False,nan,nan,nan,5,True,7.701230347098325
3231,188116.2,7.370563137886074,29,1.3734311200690077,1.3484949711201797,1,False,True,0,6,False,False,9,0,True,True,False,nan,nan,nan,6,True,7.370563137886074
3232,188116.4,7.3477025294203,25,1.291524380727001,1.2458908887545874,1,False,True,0,6,False,False,9,0,True,True,False,nan,nan,nan,7,True,7.3477025294203
3233,188116.6,7.272199016618507,22,1.7347598007717304,1.5512063118222401,1,False,True,0,6,False,False,9,0,True,True,False,nan,nan,nan,8,True,7.272199016618507
3234,188116.8,7.2885896507291665,19,1.9544389882650919,1.7631988042158677,1,False,True,0,6,False,False,8,0,True,True,False,nan,nan,nan,9,True,7.2885896507291665
3235,188117.0,7.333685943850783,14,1.9215909624454985,1.5474451718066569,2,False,True,0,6,False,False,7,0,False,False,False,nan,nan,nan,10,True,nan
3236,188117.2,7.697675037728552,12,2.2509152457740984,1.8579739754689526,2,False,True,0,6,False,False,7,0,False,False,False,nan,nan,nan,11,True,nan
3237,188117.4,7.944353802295384,11,3.174903531337655,2.102348860457206,1,False,True,0,6,False,False,6,0,True,True,False,nan,nan,nan,12,True,7.944353802295384
3238,188117.6,8.096405477168322,12,3.0805949547663083,2.285058613986391,1,False,True,0,6,False,False,6,0,True,True,False,nan,nan,nan,13,True,8.096405477168322
3239,188117.8,8.179133171867905,13,3.2467632593740294,2.231695859160585,6,True,True,0,6,False,False,7,0,True,True,False,nan,nan,nan,14,True,8.179133171867905
3240,188118.0,8.45438255670457,14,3.471017674431104,2.348756287991645,2,False,True,0,6,False,False,8,0,False,False,False,nan,nan,nan,15,True,nan
3241,188118.2,8.588967938552742,15,3.492157284838188,2.3071790034122737,2,False,True,0,6,False,False,9,0,True,True,False,nan,nan,nan,16,True,8.588967938552742
3242,188118.4,8.62641115093261,16,3.8310463552881924,2.387581410901392,2,False,True,0,6,False,False,11,0,True,True,False,nan,nan,nan,17,True,8.62641115093261
3243,188118.6,8.12023799397397,15,3.849704085385484,2.448101796133995,2,False,True,0,6,False,False,12,0,True,True,False,nan,nan,nan,18,True,8.12023799397397
3244,188118.8,7.530878649370515,15,3.7805102462421996,2.4832322395613855,2,True,True,0,6,False,False,13,0,True,True,False,nan,nan,nan,19,True,7.530878649370515
3245,188119.0,7.104220491743669,15,3.7702798935677517,2.4957508284425276,2,False,True,0,6,False,False,14,0,False,False,False,nan,nan,nan,20,True,nan
3246,188119.2,7.062320008252217,15,3.813918389534215,2.4087480270762236,1,False,True,0,6,False,False,15,0,True,True,False,nan,nan,nan,21,True,7.062320008252217
3247,188119.4,7.5890301353387235,14,3.541126607763506,2.1611129618606313,5,True,True,0,6,False,False,14,0,True,True,False,nan,nan,nan,22,True,7.5890301353387235
3248,188119.6,7.844982054240914,14,3.538772436438949,2.2325216350572497,2,False,True,0,6,False,False,14,0,False,False,False,nan,nan,nan,23,True,nan
3249,188119.8,7.897244719265577,15,3.7466747578914723,2.469235822342717,3,True,True,0,6,False,False,14,0,True,True,False,nan,nan,nan,24,True,7.897244719265577
3250,188120.0,7.6191719861437255,16,3.487836831491794,2.376612717973136,1,False,True,0,6,False,False,14,0,True,True,False,nan,nan,nan,25,True,7.6191719861437255
3251,188120.2,7.171994920380973,17,3.2471445063207005,2.317300789757735,2,False,True,0,6,False,False,14,0,True,True,False,nan,nan,nan,26,True,7.171994920380973
3252,188120.4,7.059201186203772,19,3.2921910008657296,2.3257284629299635,2,False,True,0,6,False,False,15,0,False,False,False,nan,nan,nan,27,True,nan
3253,188120.6,6.219639298519401,20,2.796957485685164,2.0938531090021013,2,False,True,0,6,False,False,15,0,False,False,False,nan,nan,nan,28,True,nan
3254,188120.8,5.270590872450668,20,2.3945001332223996,1.8880732821922415,1,False,True,0,6,False,False,15,0,True,True,False,nan,nan,nan,29,True,5.270590872450668
3255,188121.0,5.075375195116134,20,2.182646235024496,1.7425185104986411,1,False,True,0,6,False,False,15,0,True,True,False,nan,nan,nan,30,True,5.075375195116134
3256,188121.2,4.934857330919309,20,2.0826641218440005,1.679828417750944,1,False,True,0,6,False,False,15,0,True,True,False,nan,nan,nan,31,True,4.934857330919309
3257,188121.4,4.775753562645431,20,2.2112298976042624,1.6970375371807376,1,False,True,0,6,False,False,15,0,True,True,False,nan,nan,nan,32,True,4.775753562645431
3258,188121.6,4.604132968784973,20,2.330455806040389,1.7446602331592467,1,False,True,0,6,False,False,15,0,True,True,False,nan,nan,nan,33,True,4.604132968784973
3259,188121.8,4.188371190170182,20,2.1061304160071925,1.7020410036111555,1,False,True,0,6,False,False,15,0,True,True,False,nan,nan,nan,34,True,4.188371190170182
3260,188122.0,3.9910649821234756,20,1.7478362051563763,1.4336446171272295,2,False,True,0,6,False,False,15,0,False,False,False,nan,nan,nan,35,True,nan
3261,188122.2,3.1014137253993397,20,1.3325888086041917,1.2569363888313598,1,False,True,0,6,False,False,15,0,True,True,False,nan,nan,nan,36,True,3.1014137253993397
3262,188122.4,3.242113430562105,20,1.2916728808586897,1.2916728808586897,1,False,True,0,6,False,False,15,0,True,True,False,nan,nan,nan,37,True,3.242113430562105
3263,188122.6,3.0384211154043657,20,1.0870363570769255,1.0870363570769255,2,False,True,0,6,False,False,15,0,True,True,False,nan,nan,nan,38,True,3.0384211154043657
3264,188122.8,2.963259875875946,20,0.8727517860351777,0.8727517860351777,4,True,True,0,6,False,False,15,0,True,True,False,nan,nan,nan,39,True,2.963259875875946
3265,188123.0,2.545128673919979,20,0.5558011837874463,0.5558011837874463,1,False,True,0,6,False,False,15,0,True,True,False,nan,nan,nan,40,True,2.545128673919979
3266,188123.2,2.430075823347133,20,0.5787716292186809,0.5787716292186809,1,False,True,0,6,False,False,15,0,True,True,False,nan,nan,nan,41,True,2.430075823347133
3267,188123.4,2.3635141871043386,20,0.5270030963406731,0.5270030963406731,1,False,True,0,6,False,False,15,0,True,True,False,nan,nan,nan,42,True,2.3635141871043386
3268,188123.6,2.322254017360934,20,0.2426564930574324,0.2426564930574324,1,False,True,0,6,False,False,15,0,True,True,False,nan,nan,nan,43,True,2.322254017360934
3269,188123.8,2.254022533162599,20,0.24330496033031182,0.24330496033031182,1,False,True,0,6,False,False,15,0,True,True,False,nan,nan,nan,44,True,2.254022533162599
3270,188124.0,2.0021961043982546,19,0.4075372465177224,0.4075372465177224,2,True,True,0,6,False,False,14,0,True,True,False,nan,nan,nan,45,True,2.0021961043982546
3271,188124.2,1.902338238671647,18,0.50796887670984,0.50796887670984,2,False,True,0,6,False,False,13,0,False,False,False,nan,nan,nan,46,True,nan
3272,188124.4,1.201317811109749,17,0.8660180592904181,0.8660180592904181,1,False,True,0,6,False,False,12,0,True,True,False,nan,nan,nan,47,True,1.201317811109749
3273,188124.6,0.8498139637207851,16,0.9369822285116634,0.9369822285116634,2,False,True,0,6,False,False,11,0,False,False,False,nan,nan,nan,48,True,nan
3274,188124.8,0.5792547418947851,15,1.148166808128688,1.148166808128688,4,True,True,0,6,False,False,11,0,True,True,False,nan,nan,nan,49,True,0.5792547418947851
3275,188125.0,0.779851817456837,15,1.0147221258212744,1.0147221258212744,2,False,True,0,6,False,False,12,0,True,True,False,nan,nan,nan,50,True,0.779851817456837
3276,188125.2,1.227582975912333,15,1.102036299897637,1.100886358295894,2,False,True,0,6,False,False,13,0,True,True,False,nan,nan,nan,51,True,1.227582975912333
3277,188125.4,1.3474837145122622,15,1.097586512747252,1.097586512747252,2,False,True,0,6,False,False,14,0,True,True,False,nan,nan,nan,52,True,1.3474837145122622
3278,188125.6,1.4983408803522604,15,1.2680982121211264,1.155054431128586,2,False,True,0,6,False,False,15,0,False,False,False,nan,nan,nan,53,True,nan
3279,188125.8,1.9020269973070452,15,1.5424553987866394,1.2428496721280702,2,False,True,0,6,False,False,15,0,False,False,False,nan,nan,nan,54,True,nan
3280,188126.0,2.4083219949486314,15,1.5694206230896701,1.3293457194046305,2,False,True,0,6,False,False,15,0,False,False,False,nan,nan,nan,55,True,nan
3281,188126.2,2.7012566277438665,15,1.4162246155779585,1.2878422564892682,2,False,True,0,6,False,False,15,0,False,False,False,nan,nan,nan,56,True,nan
3282,188126.4,2.745526694781485,15,1.0607392838709866,1.0607392838709866,1,True,True,0,6,False,False,15,0,True,True,False,nan,nan,nan,57,True,2.745526694781485
3283,188126.6,3.0319806190263185,15,1.0876448280992843,1.0876448280992843,1,False,True,0,6,False,False,15,0,True,True,False,nan,nan,nan,58,True,3.0319806190263185
3284,188126.8,3.23331304443007,16,1.3439863926280164,1.2786623469653002,2,False,True,0,6,False,False,15,0,False,False,False,nan,nan,nan,59,True,nan
3285,188127.0,3.600413703081462,17,1.342469715168011,1.332240452163563,6,True,True,0,6,False,False,15,0,True,True,False,nan,nan,nan,60,True,3.600413703081462
3286,188127.2,3.59645977308055,18,1.470772953149335,1.4307141292376222,2,False,True,0,6,False,False,15,0,False,False,False,nan,nan,nan,61,True,nan
3287,188127.4,3.4576129787655,19,1.6782570324121515,1.5567092449305509,2,True,True,0,6,False,False,15,0,True,True,False,nan,nan,nan,62,True,3.4576129787655
3288,188127.6,3.155164804120897,20,1.5142030835787834,1.454710249047115,2,False,True,0,6,False,False,15,0,True,True,False,nan,nan,nan,63,True,3.155164804120897
3289,188127.8,2.983017908236047,20,1.3583358106622543,1.3030893390116989,2,False,True,0,6,False,False,15,0,True,True,False,nan,nan,nan,64,True,2.983017908236047
3290,188128.0,2.5692089129256543,20,1.0751835881773162,1.0751835881773162,2,False,True,0,6,False,False,15,0,True,True,False,nan,nan,nan,65,True,2.5692089129256543
3291,188128.2,1.9705462434924785,20,1.1665728237816717,1.1665728237816717,2,False,True,0,6,False,False,15,0,False,False,False,nan,nan,nan,66,True,nan
3292,188128.4,2.1845707849803713,19,1.1308152676737682,1.1308152676737682,2,False,True,0,6,False,False,14,0,True,True,False,nan,nan,nan,67,True,2.1845707849803713
3293,188128.6,2.3989669908620477,19,1.2631884273492062,1.1950811564723287,2,False,True,0,6,False,False,14,0,False,False,False,nan,nan,nan,68,True,nan
3294,188128.8,2.4183816719456694,19,1.2938207553731473,1.2375668073315194,2,False,True,0,6,False,False,14,0,True,True,False,nan,nan,nan,69,True,2.4183816719456694
3295,188129.0,2.6170868168518124,17,0.42668752018535633,0.42668752018535633,1,False,True,0,6,False,False,13,0,True,True,False,nan,nan,nan,70,True,2.6170868168518124
3296,188129.2,2.788150420655692,15,1.5056273871458312,1.5056273871458312,1,False,True,0,6,False,False,12,0,True,True,False,nan,nan,nan,71,True,2.788150420655692
3297,188129.4,3.0810447138825308,13,1.456801537424326,1.456801537424326,1,False,True,0,6,False,False,11,0,True,False,False,nan,nan,nan,72,True,nan
3298,188129.6,3.4172939472243753,9,inf,inf,2,False,False,0,6,False,False,8,0,False,False,False,nan,nan,nan,73,True,nan
3299,188129.8,3.703375965044906,5,inf,inf,2,False,False,0,6,False,False,5,0,False,False,False,nan,nan,nan,74,True,nan
3300,188130.0,4.104055957028869,3,inf,inf,4,True,False,0,6,False,False,3,0,False,False,False,nan,nan,nan,75,True,nan
3301,188130.2,4.354530286189172,5,3.1911478325990728,2.1695573133705635,1,False,True,0,6,False,False,4,0,True,True,False,nan,nan,nan,76,True,4.354530286189172
3302,188130.4,4.402740916184981,8,3.4832670554528593,2.2863416167521473,2,False,True,0,6,False,False,6,0,True,True,False,nan,nan,nan,77,True,4.402740916184981
3303,188130.6,4.502178127811184,12,3.189957215229578,2.2746054360491197,2,False,True,0,6,False,False,9,0,False,False,False,nan,nan,nan,78,True,nan
3304,188130.8,4.691030329894425,16,3.2375367351978075,2.3641471871728834,5,False,True,0,6,False,False,12,0,True,True,False,nan,nan,nan,79,True,4.691030329894425
3305,188131.0,4.675806680892137,19,3.492919402200474,2.456416480973,1,False,True,0,6,False,False,14,0,True,True,False,nan,nan,nan,80,True,4.675806680892137
3306,188131.2,5.100618472118642,19,3.4934212871666874,2.5020468755990066,1,False,True,0,6,False,False,14,0,True,True,False,nan,nan,nan,81,True,5.100618472118642
3307,188131.4,5.41490470630384,17,3.7594269516114256,2.6749251455599388,1,False,True,0,6,False,False,12,0,True,False,False,nan,nan,nan,82,True,nan
3308,188131.6,5.890680903739546,17,3.2336724120771394,2.364506799983319,2,False,True,0,6,False,False,11,0,False,False,False,nan,nan,nan,83,True,nan
3309,188131.8,6.101598430309341,16,3.8839943537487307,2.693529814391555,2,False,True,0,6,False,False,9,0,False,False,False,nan,nan,nan,84,True,nan
3310,188132.0,6.495670829452077,15,4.202732117416513,2.8924447921640075,2,True,True,0,6,False,False,7,0,False,False,False,nan,nan,nan,85,True,nan
3311,188132.2,6.728549697518918,11,inf,inf,2,False,False,0,6,False,False,4,0,False,False,False,nan,nan,nan,86,True,nan
3312,188132.4,6.939685081238658,10,3.935845896601677,2.5411560106422213,2,False,True,0,6,False,False,4,0,False,False,False,nan,nan,nan,87,True,nan
3313,188132.6,7.272396990069564,6,inf,inf,2,False,False,0,6,False,False,2,0,False,False,False,nan,nan,nan,88,True,nan
3314,188132.8,7.706868765012106,3,inf,inf,2,False,False,0,6,False,False,1,0,False,False,False,nan,nan,nan,89,True,nan
3315,188133.0,8.224898291789847,1,inf,inf,2,False,False,0,6,False,False,1,0,False,False,False,nan,nan,nan,90,True,nan
3316,188133.2,8.787742762862798,1,inf,inf,2,False,False,0,6,False,False,1,0,False,False,False,nan,nan,nan,91,True,nan
3317,188133.4,9.432064047719432,0,inf,inf,2,True,False,0,6,False,False,0,0,False,False,False,nan,nan,nan,92,True,nan
3318,188133.6,10.12775740867129,0,inf,inf,2,True,False,0,6,False,False,0,0,False,False,False,nan,nan,nan,93,True,nan
3319,188133.8,10.867599628233117,0,inf,inf,2,True,False,0,6,False,False,0,0,False,False,False,nan,nan,nan,94,True,nan
3320,188134.0,11.648409520425119,0,inf,inf,2,True,False,0,6,False,False,0,0,False,False,False,nan,nan,nan,95,True,nan
3321,188134.2,12.469973567465479,0,inf,inf,2,True,False,0,6,False,False,0,0,False,False,False,nan,nan,nan,96,True,nan
3322,188134.4,13.331482925696129,0,inf,inf,2,True,False,0,6,False,False,0,0,False,False,False,nan,nan,nan,97,True,nan
3323,188134.6,14.231792744507814,0,inf,inf,2,True,False,0,6,False,False,0,0,False,False,False,nan,nan,nan,98,True,nan
3324,188134.8,15.175359532569349,0,inf,inf,2,True,False,0,6,False,False,0,0,False,False,False,nan,nan,nan,99,True,nan
3325,188135.0,16.15872377294716,0,inf,inf,2,True,False,0,6,False,False,0,0,False,False,False,nan,nan,nan,100,True,nan
3326,188135.2,16.831037580489205,4,13.11576987475174,4.844488162126857,2,False,True,0,6,False,False,0,0,False,False,False,nan,nan,nan,101,True,nan
3327,188135.4,17.504411230499453,8,9.834944336793153,3.7471793256900106,2,False,True,0,6,False,False,0,0,False,False,False,nan,nan,nan,102,True,nan
3328,188135.6,10.305618647774397,13,11.93599848487088,3.974951124314745,2,False,True,0,0,True,False,0,0,False,False,False,nan,nan,nan,0,True,nan
3329,188135.8,9.730097404748985,19,5.246860283681616,2.6859296107909314,3,False,True,0,6,False,False,0,0,False,False,False,nan,nan,nan,1,True,nan
3330,188136.0,9.58027677334429,25,5.086287225820112,2.6023471498965276,2,False,True,0,6,False,False,0,0,False,False,False,nan,nan,nan,2,True,nan
3331,188136.2,9.703275906282341,27,5.1753177996341,2.5902282730057675,2,False,True,0,6,False,False,0,0,False,False,False,nan,nan,nan,3,True,nan
3332,188136.4,9.91946546441199,28,5.759154037548974,2.71502544333195,1,False,True,0,6,False,False,3,0,True,True,False,nan,nan,nan,4,True,9.91946546441199
3333,188136.6,9.510353275357543,28,5.356185844971639,2.580000696980861,2,False,True,0,6,False,False,6,0,True,True,False,nan,nan,nan,5,True,9.510353275357543
3334,188136.8,9.54390176565329,27,5.10846598071484,2.551696443920686,2,False,True,0,6,False,False,10,0,True,True,False,nan,nan,nan,6,True,9.54390176565329
3335,188137.0,9.507995802706292,26,4.926551079175178,2.480884894769941,2,False,True,0,6,False,False,14,0,True,True,False,nan,nan,nan,7,True,9.507995802706292
3336,188137.2,9.453672373341066,24,5.396045526419893,2.620079583669644,4,False,True,0,6,False,False,18,0,True,True,False,nan,nan,nan,8,True,9.453672373341066
3337,188137.4,9.259199147466937,23,5.434038745133348,2.8620366319397657,2,False,True,0,6,False,False,18,0,True,True,False,nan,nan,nan,9,True,9.259199147466937
3338,188137.6,9.010705288818995,21,6.013597213126566,3.1077346749922676,2,False,True,0,6,False,False,18,0,True,True,False,nan,nan,nan,10,True,9.010705288818995
3339,188137.8,8.959215587528131,19,6.00361573117928,3.361715956176653,2,False,True,0,6,False,False,17,0,False,False,False,nan,nan,nan,11,True,nan
3340,188138.0,8.611409924953081,18,4.98790111769939,2.52540466308169,1,False,True,0,6,False,False,16,0,True,True,False,nan,nan,nan,12,True,8.611409924953081
3341,188138.2,8.52511744915471,18,4.991889557995552,2.53873936632729,1,False,True,0,6,False,False,15,0,True,True,False,nan,nan,nan,13,True,8.52511744915471
3342,188138.4,8.436468014131158,19,4.427072291895307,2.3845077919459796,1,False,True,0,6,False,False,16,0,True,True,False,nan,nan,nan,14,True,8.436468014131158
3343,188138.6,8.233104392853729,20,4.918620561574298,2.8295678653664362,2,False,True,0,6,False,False,17,0,False,False,False,nan,nan,nan,15,True,nan
3344,188138.8,7.8885489773670745,21,4.820558593107972,2.8092006384266193,2,False,True,0,6,False,False,18,0,False,False,False,nan,nan,nan,16,True,nan
3345,188139.0,7.541934235472231,21,4.715495358938697,2.5501185385964105,1,False,True,0,6,False,False,19,0,True,True,False,nan,nan,nan,17,True,7.541934235472231
3346,188139.2,7.218062880636469,21,4.806296017920543,2.5459227058116993,3,False,True,0,6,False,False,20,0,True,True,False,nan,nan,nan,18,True,7.218062880636469
3347,188139.4,7.127879253945594,20,4.9443337607432865,2.766745437895609,3,True,True,0,6,False,False,20,0,True,True,False,nan,nan,nan,19,True,7.127879253945594
3348,188139.6,7.000849667601295,20,4.977917667588179,2.799598639928595,2,False,True,0,6,False,False,20,0,False,False,False,nan,nan,nan,20,True,nan
3349,188139.8,6.76693208799076,20,4.979588971591237,2.807113258535967,3,True,True,0,6,False,False,20,0,True,True,False,nan,nan,nan,21,True,6.76693208799076
3350,188140.0,6.88205951768313,20,5.0996178653658,2.9115448721857926,2,True,True,0,6,False,False,20,0,True,True,False,nan,nan,nan,22,True,6.88205951768313
3351,188140.2,7.073049249259336,20,5.054622152245608,2.908809271174088,2,False,True,0,6,False,False,20,0,False,False,False,nan,nan,nan,23,True,nan
3352,188140.4,7.366499921067002,21,19.275581490199095,4.572161962326045,1,False,True,0,6,False,False,20,0,True,True,False,nan,nan,nan,24,True,7.366499921067002
3353,188140.6,7.609582414369593,22,18.21374204594531,4.75772528488538,2,False,True,0,6,False,False,20,0,True,True,False,nan,nan,nan,25,True,7.609582414369593
3354,188140.8,42.10341370700365,23,17.21258401715768,4.684704960380542,2,False,True,0,0,True,False,20,0,True,True,False,nan,nan,nan,0,True,42.10341370700365
3355,188141.0,36.06736308646829,24,6.576267377183101,3.016360173631374,3,False,True,0,6,False,False,20,0,True,True,False,nan,nan,nan,1,True,36.06736308646829
3356,188141.2,36.163524458344206,25,6.537276038002336,2.797284504136244,2,False,True,0,6,False,False,20,0,False,False,False,nan,nan,nan,2,True,nan
3357,188141.4,36.38276362274135,24,4.89069536975126,2.4425983215315124,2,False,True,0,6,False,False,20,0,False,False,False,nan,nan,nan,3,True,nan
3358,188141.6,36.73005073689818,23,4.916619747784046,2.5691632742543042,2,False,True,0,6,False,False,20,0,False,False,False,nan,nan,nan,4,True,nan
3359,188141.8,36.98270277490549,22,4.887363083625137,2.568392360310136,1,False,True,0,6,False,False,20,0,True,True,False,nan,nan,nan,5,True,36.98270277490549
3360,188142.0,36.92627872373205,21,4.800275242066151,2.654463425179956,2,True,True,0,6,False,False,20,0,True,True,False,nan,nan,nan,6,True,36.92627872373205
3361,188142.2,36.73194981281324,20,4.814494396650203,2.605080173105855,2,False,True,0,6,False,False,20,0,True,True,False,nan,nan,nan,7,True,36.73194981281324
3362,188142.4,36.692721962286946,20,4.855696727283755,2.4141982303323624,2,False,True,0,6,False,False,20,0,False,False,False,nan,nan,nan,8,True,nan
3363,188142.6,36.4161220769436,20,4.95763957983213,2.5022282066377777,2,False,True,0,6,False,False,20,0,False,False,False,nan,nan,nan,9,True,nan
3364,188142.8,36.29145832087834,20,5.064582418027121,2.5199353336341948,2,False,True,0,6,False,False,20,0,True,True,False,nan,nan,nan,10,True,36.29145832087834
3365,188143.0,36.029221447293025,20,5.313854268773788,2.6441818996886566,3,False,True,0,6,False,False,20,0,True,True,False,nan,nan,nan,11,True,36.029221447293025
3366,188143.2,35.95116023071566,20,5.263649110228845,2.667587795786586,2,False,True,0,6,False,False,20,0,False,False,False,nan,nan,nan,12,True,nan
3367,188143.4,35.68574880207791,20,5.205974719262891,2.622200195041066,2,True,True,0,6,False,False,20,0,True,True,False,nan,nan,nan,13,True,35.68574880207791
3368,188143.6,35.09240727267302,19,5.703179663137124,2.722871822307755,2,False,True,0,6,False,False,19,0,True,True,False,nan,nan,nan,14,True,35.09240727267302
3369,188143.8,34.492579513300385,19,5.286752806184487,2.7624567294683144,2,False,True,0,6,False,False,19,0,False,False,False,nan,nan,nan,15,True,nan
3370,188144.0,33.93319504404641,19,5.055252831856992,2.804125883393256,2,False,True,0,6,False,False,18,0,True,True,False,nan,nan,nan,16,True,33.93319504404641
3371,188144.2,33.54739402057102,19,4.955375496206911,2.7082387391833276,2,False,True,0,6,False,False,17,0,False,False,False,nan,nan,nan,17,True,nan
3372,188144.4,33.298144206404146,19,5.0184915679346265,2.672288502508945,1,False,True,0,6,False,False,16,0,True,True,False,nan,nan,nan,18,True,33.298144206404146
3373,188144.6,33.1035278581976,20,5.064677204548885,2.761768203270755,2,False,True,0,6,False,False,16,0,True,True,False,nan,nan,nan,19,True,33.1035278581976
3374,188144.8,32.882509365885326,20,4.979650785587473,2.516634619311471,2,False,True,0,6,False,False,15,0,True,True,False,nan,nan,nan,20,True,32.882509365885326
3375,188145.0,32.54040101759899,20,5.086996411350507,2.5129111382030067,2,False,True,0,6,False,False,15,0,True,True,False,nan,nan,nan,21,True,32.54040101759899
3376,188145.2,32.38957752021332,19,5.840963536744151,2.718722238637335,2,False,True,0,6,False,False,15,0,False,False,False,nan,nan,nan,22,True,nan
3377,188145.4,32.135765740666564,18,5.832785976556666,2.833351617031103,2,False,True,0,6,False,False,15,0,True,True,False,nan,nan,nan,23,True,32.135765740666564
3378,188145.6,31.954942988232574,18,5.111970892429976,2.4501071518310416,2,False,True,0,6,False,False,15,0,True,True,False,nan,nan,nan,24,True,31.954942988232574
3379,188145.8,31.663927616007552,17,6.0858894103174,2.840981472347618,2,False,True,0,6,False,False,15,0,True,True,False,nan,nan,nan,25,True,31.663927616007552
3380,188146.0,31.450346707538593,16,6.198142462030383,2.8490738088730954,2,False,True,0,6,False,False,15,0,True,True,False,nan,nan,nan,26,True,31.450346707538593
3381,188146.2,31.10202186771844,17,5.386433861104049,2.3132590915873092,2,False,True,0,6,False,False,15,0,True,True,False,nan,nan,nan,27,True,31.10202186771844
3382,188146.4,30.934126904280795,19,8.921964972641545,3.4214765628649597,2,False,True,0,6,False,False,15,0,False,False,False,nan,nan,nan,28,True,nan
3383,188146.6,30.60955183588441,20,8.904924218857499,3.417828667507136,2,False,True,0,6,False,False,15,0,True,True,False,nan,nan,nan,29,True,30.60955183588441
3384,188146.8,31.831558367633324,23,8.777913021913978,3.4331487253528477,2,False,True,0,0,True,False,15,0,True,True,False,nan,nan,nan,0,True,31.831558367633324
3385,188147.0,29.460882698868843,26,5.609460369896011,2.726932711270622,1,False,True,0,6,False,False,15,0,True,True,False,nan,nan,nan,1,True,29.460882698868843
3386,188147.2,28.452123469957233,28,5.689521658154459,2.7265939590038353,1,False,True,0,6,False,False,15,0,True,True,False,nan,nan,nan,2,True,28.452123469957233
3387,188147.4,28.067029794163115,28,5.200995528741352,2.578069648664798,2,False,True,0,6,False,False,15,0,True,True,False,nan,nan,nan,3,True,28.067029794163115
3388,188147.6,27.031137169375484,28,4.918902283597216,2.6374915439445594,3,True,True,0,6,False,False,15,0,True,True,False,nan,nan,nan,4,True,27.031137169375484
3389,188147.8,26.33703172514201,27,4.708902327172578,2.5970860237224382,3,True,True,0,6,False,False,15,0,True,True,False,nan,nan,nan,5,True,26.33703172514201
3390,188148.0,25.41947131799353,26,6.720188242647346,3.0956919300515557,2,False,True,0,6,False,False,15,0,False,False,False,nan,nan,nan,6,True,nan
3391,188148.2,24.43769854576412,26,6.213026097539708,2.8434223623315993,1,False,True,0,6,False,False,15,0,True,True,False,nan,nan,nan,7,True,24.43769854576412
3392,188148.4,29.556466064497712,26,6.138234861051101,2.9063890257914045,1,False,True,0,0,True,False,15,0,True,True,False,nan,nan,nan,0,True,29.556466064497712
3393,188148.6,27.410064575759048,26,3.7266828210189815,2.118350777762582,3,True,True,0,6,False,False,15,0,True,True,False,nan,nan,nan,1,True,27.410064575759048
3394,188148.8,27.376083532771172,26,3.5284960520973665,1.9438655580750526,2,False,True,0,6,False,False,16,0,False,False,False,nan,nan,nan,2,True,nan
3395,188149.0,27.4177855686536,27,3.665215406945398,1.9952317679409306,2,False,True,0,6,False,False,17,0,True,True,False,nan,nan,nan,3,True,27.4177855686536
3396,188149.2,27.449565361395198,26,3.262410974494051,1.688524652723655,2,False,True,0,6,False,False,18,0,False,False,False,nan,nan,nan,4,True,nan
3397,188149.4,27.498689518891872,26,3.114234846833535,1.5891415966241982,2,False,True,0,6,False,False,18,0,True,True,False,nan,nan,nan,5,True,27.498689518891872
3398,188149.6,27.591839216440658,25,3.376265206342909,1.6585395866369474,2,True,True,0,6,False,False,18,0,True,True,False,nan,nan,nan,6,True,27.591839216440658
3399,188149.8,27.66213213771176,24,3.402316373472918,1.7543381679670111,2,False,True,0,6,False,False,17,0,True,True,False,nan,nan,nan,7,True,27.66213213771176
3400,188150.0,27.512494977735795,22,6.2475399559172935,2.6461326752036505,2,False,True,0,6,False,False,15,0,True,True,False,nan,nan,nan,8,True,27.512494977735795
3401,188150.2,27.237803831227836,21,5.950528294802583,2.5595326259049487,2,False,True,0,6,False,False,13,0,True,True,False,nan,nan,nan,9,True,27.237803831227836
3402,188150.4,27.256365461370653,21,27.580000863418345,4.7742762861031,2,False,True,0,6,False,False,12,0,True,True,False,nan,nan,nan,10,True,27.256365461370653
3403,188150.6,33.309274850547794,23,24.63515262484884,4.489410107537253,1,False,True,0,6,False,False,10,0,True,True,False,nan,nan,nan,11,True,33.309274850547794
3404,188150.8,34.30475470849898,24,5.493796264554126,2.525394409215304,1,False,True,0,6,False,False,8,0,True,True,False,nan,nan,nan,12,True,34.30475470849898
3405,188151.0,34.294324536644986,26,5.266958543364867,2.4852512538518683,2,True,True,0,6,False,False,7,0,False,False,False,nan,nan,nan,13,True,nan
3406,188151.2,34.439520897276445,28,5.190541386839415,2.427992663513666,2,False,True,0,6,False,False,6,0,False,False,False,nan,nan,nan,14,True,nan
3407,188151.4,34.53514965275967,28,4.304140014756903,2.163064902516967,2,False,True,0,6,False,False,4,0,False,False,False,nan,nan,nan,15,True,nan
3408,188151.6,34.50015218196699,28,5.460772099634479,2.5560572804748167,2,False,True,0,6,False,False,3,0,False,False,False,nan,nan,nan,16,True,nan
3409,188151.8,34.332142249801876,28,3.4177644830579035,2.1645435782634603,2,False,True,0,6,False,False,2,0,False,False,False,nan,nan,nan,17,True,nan
3410,188152.0,34.215377536126624,26,2.954544202600426,1.968343766223394,2,False,True,0,6,False,False,1,0,False,False,False,nan,nan,nan,18,True,nan
3411,188152.2,34.11546167198646,23,2.8078464187593135,2.202944026895363,2,False,True,0,6,False,False,0,0,False,False,False,nan,nan,nan,19,True,nan
3412,188152.4,34.01310340901524,20,4.1338088493379965,2.6305969137163263,2,False,True,0,6,False,False,0,0,False,False,False,nan,nan,nan,20,True,nan
3413,188152.6,33.93488741595341,17,6.372386818676209,3.6926621674306053,2,False,True,0,6,False,False,0,0,False,False,False,nan,nan,nan,21,True,nan
3414,188152.8,33.754965742933216,16,13.000736758305623,5.138765351572814,2,False,True,0,6,False,False,0,0,False,False,False,nan,nan,nan,22,True,nan
3415,188153.0,14.006478024007736,15,6.25729355384376,3.580953094158705,2,False,True,0,0,True,False,0,0,False,False,False,nan,nan,nan,0,True,nan
3416,188153.2,14.394656514948355,16,0.7836570906402271,0.7836570906402271,4,True,True,0,6,False,False,0,0,False,False,False,nan,nan,nan,1,True,nan
3417,188153.4,14.440418984478603,19,7.044566652362522,3.6356125491115163,2,False,True,0,6,False,False,0,0,False,False,False,nan,nan,nan,2,True,nan
3418,188153.6,14.291548150184004,22,7.805310796998234,3.764152721016681,2,False,True,0,6,False,False,0,0,False,False,False,nan,nan,nan,3,True,nan
3419,188153.8,13.456178331319569,23,7.323785644087697,3.14834474734536,2,False,True,0,0,True,False,0,0,False,False,False,nan,nan,nan,0,True,nan
3420,188154.0,12.347104770740257,25,5.422745736155864,2.655365770379285,5,True,True,0,6,False,False,0,0,False,False,False,nan,nan,nan,1,True,nan
3421,188154.2,11.879982941212809,26,5.716435900328964,2.5227806162453894,2,False,True,0,6,False,False,0,0,False,False,False,nan,nan,nan,2,True,nan
3422,188154.4,11.705161462909125,26,6.683483745347648,2.82081067924585,2,False,True,0,6,False,False,0,0,False,False,False,nan,nan,nan,3,True,nan
3423,188154.6,11.716842729180716,24,7.842055286789173,3.118842117212615,2,False,True,0,6,False,False,0,0,False,False,False,nan,nan,nan,4,True,nan
3424,188154.8,6.749649958415321,23,8.21164222904756,3.136557928330303,2,False,True,0,0,True,False,0,0,False,False,False,nan,nan,nan,0,True,nan
3425,188155.0,5.538205165945629,23,4.320957815230872,2.398077451625122,6,True,True,0,6,False,False,0,0,False,False,False,nan,nan,nan,1,True,nan
3426,188155.2,5.063391664970512,22,4.601930491189658,2.890722244700966,2,False,True,0,6,False,False,0,0,False,False,False,nan,nan,nan,2,True,nan
3427,188155.4,4.811965136722479,19,10.35271632550245,4.949275989483097,2,False,True,0,6,False,False,0,0,False,False,False,nan,nan,nan,3,True,nan
3428,188155.6,4.678772396822764,16,8.120729517191648,3.923869566149829,2,False,True,0,6,False,False,0,0,False,False,False,nan,nan,nan,4,True,nan
3429,188155.8,4.645853920461469,13,10.071785163134336,4.329152634645613,2,False,True,0,6,False,False,0,0,False,False,False,nan,nan,nan,5,True,nan
3430,188156.0,4.595135192687782,10,9.36524032860838,4.402209856479933,2,False,True,0,6,False,False,0,0,False,False,False,nan,nan,nan,6,True,nan
3431,188156.2,4.653693058164163,6,inf,inf,2,False,False,0,6,False,False,0,0,False,False,False,nan,nan,nan,7,True,nan
3432,188156.4,4.84229456860029,4,inf,inf,2,False,False,0,6,False,False,0,0,False,False,False,nan,nan,nan,8,True,nan
3433,188156.6,5.201601465430855,5,9.507424381053436,4.011550153155176,2,False,True,0,6,False,False,0,0,False,False,False,nan,nan,nan,9,True,nan
3434,188156.8,5.548926022926684,7,14.064496009065119,4.288164048220127,2,False,True,0,6,False,False,0,0,False,False,False,nan,nan,nan,10,True,nan
3435,188157.0,6.018167062640998,8,11.994371481883812,3.646918219397504,2,False,True,0,6,False,False,0,0,False,False,False,nan,nan,nan,11,True,nan
3436,188157.2,24.84245446800228,12,9.127159756676305,3.1238852610911145,2,False,True,0,0,True,False,0,0,False,False,False,nan,nan,nan,0,True,nan
3437,188157.4,24.47834860740402,16,4.694173013651382,2.4659432731345188,4,True,True,0,6,False,False,0,0,False,False,False,nan,nan,nan,1,True,nan
3438,188157.6,24.150350579549002,19,11.497797294270764,3.747333345334055,2,False,True,0,6,False,False,0,0,False,False,False,nan,nan,nan,2,True,nan
3439,188157.8,23.786567495841165,21,12.055620504465324,3.710620402118375,2,False,True,0,6,False,False,0,0,False,False,False,nan,nan,nan,3,True,nan
3440,188158.0,17.692385485517026,23,20.275068369971134,5.330787032266422,2,False,True,0,0,True,False,0,0,False,False,False,nan,nan,nan,0,True,nan
3441,188158.2,18.19846923717885,23,3.1849790542889895,2.195542183350047,6,False,True,0,6,False,False,0,0,False,False,False,nan,nan,nan,1,True,nan
3442,188158.4,18.94984102498031,21,3.0926437960198885,2.2619596952026275,3,False,True,0,6,False,False,0,0,False,False,False,nan,nan,nan,2,True,nan
3443,188158.6,19.829203356351282,17,3.92424950376153,2.5773142436692216,2,False,True,0,6,False,False,0,0,False,False,False,nan,nan,nan,3,True,nan
3444,188158.8,20.829058651792163,15,4.541986978447454,2.9520382467386717,2,False,True,0,6,False,False,0,0,False,False,False,nan,nan,nan,4,True,nan
3445,188159.0,21.923306542352147,13,4.498418361295264,2.8339036168086333,2,False,True,0,6,False,False,0,0,False,False,False,nan,nan,nan,5,True,nan
3446,188159.2,23.038144686135187,12,4.366010395665275,2.7464445190171616,2,False,True,0,6,False,False,0,0,False,False,False,nan,nan,nan,6,True,nan
3447,188159.4,24.21854780741051,13,4.016868490183635,2.593885641747859,2,False,True,0,6,False,False,0,0,False,False,False,nan,nan,nan,7,True,nan
3448,188159.6,25.444391711227215,14,5.302719425858115,3.107084266426758,2,False,True,0,6,False,False,0,0,False,False,False,nan,nan,nan,8,True,nan
3449,188159.8,26.754584735670353,14,5.059115857066776,2.6710032567257014,2,False,True,0,6,False,False,0,0,False,False,False,nan,nan,nan,9,True,nan
3450,188160.0,28.073834600104053,14,5.121865990326032,2.5191088528719123,2,False,True,0,6,False,False,0,0,False,False,False,nan,nan,nan,10,True,nan
3451,188160.2,29.367405302161057,14,5.494016296635947,2.577240041220837,2,False,True,0,6,False,False,0,0,False,False,False,nan,nan,nan,11,True,nan
3452,188160.4,30.634825610094435,14,6.521744552715767,3.0071386478983118,2,False,True,0,6,False,False,0,0,False,False,False,nan,nan,nan,12,True,nan
3453,188160.6,31.90342249591085,15,7.097373035860004,3.2043994771800266,2,False,True,0,6,False,False,0,0,False,False,False,nan,nan,nan,13,True,nan
3454,188160.8,60.928994838361206,15,7.579401526614095,3.3249533647630614,2,False,True,0,0,True,False,1,0,False,False,False,nan,nan,nan,0,True,nan
3455,188161.0,61.73096312224938,14,1.8477856127349304,1.7480458093346014,9,True,True,0,6,False,False,2,0,False,False,False,nan,nan,nan,1,True,nan
3456,188161.2,61.99912154354871,14,43.771741128138586,9.648230079581205,7,True,True,0,6,False,False,3,0,False,False,False,nan,nan,nan,2,True,nan
3457,188161.4,52.84747106892104,14,32.209165972705044,8.34154507317408,4,False,True,0,6,False,False,4,0,False,False,False,nan,nan,nan,3,True,nan
3458,188162.4,15.490830951592688,14,14.483078223510683,4.349288847209813,4,True,True,0,0,True,False,4,0,False,False,False,nan,nan,nan,0,True,nan
3459,188162.6,15.80325039030687,14,0.786084259237919,0.786084259237919,9,True,True,0,6,False,False,3,0,False,False,False,nan,nan,nan,1,True,nan
3460,188162.8,15.762401548819756,16,2.4676149507302516,1.4792292744538518,3,False,True,0,6,False,False,2,0,False,False,False,nan,nan,nan,2,True,nan
3461,188163.0,15.598733227649507,17,2.4974209755817096,1.5290639375686572,2,False,True,0,6,False,False,1,0,False,False,False,nan,nan,nan,3,True,nan
3462,188163.2,15.334418744311552,18,2.488770032647026,1.5730362027568958,2,False,True,0,6,False,False,0,0,False,False,False,nan,nan,nan,4,True,nan
3463,188163.4,15.04022680401813,19,2.4506471173342033,1.494686975972764,2,False,True,0,6,False,False,0,0,False,False,False,nan,nan,nan,5,True,nan
3464,188163.6,14.720484328497239,20,2.485187699841171,1.55385394544599,2,False,True,0,6,False,False,0,0,False,False,False,nan,nan,nan,6,True,nan
3465,188163.8,14.394097968806957,20,2.586355575063541,1.6588333625671008,2,False,True,0,6,False,False,0,0,False,False,False,nan,nan,nan,7,True,nan
3466,188164.0,14.086581368799774,20,2.496692096264459,1.6353373432876142,2,False,True,0,6,False,False,0,0,False,False,False,nan,nan,nan,8,True,nan
3467,188164.2,13.78714974209424,20,2.4593087070640753,1.638047689038558,2,False,True,0,6,False,False,0,0,False,False,False,nan,nan,nan,9,True,nan
3468,188164.4,13.499197381413643,20,2.4637756570194083,1.6432056350545419,2,False,True,0,6,False,False,0,0,False,False,False,nan,nan,nan,10,True,nan
3469,188164.6,13.215517826633157,20,2.4114950331542513,1.6145074873234924,2,False,True,0,6,False,False,0,0,False,False,False,nan,nan,nan,11,True,nan
3470,188164.8,12.945053419828763,20,2.4071530598603075,1.624767264989514,2,False,True,0,6,False,False,0,0,False,False,False,nan,nan,nan,12,True,nan
3471,188165.0,12.686606096345669,20,2.4282113616370835,1.656837967657499,2,False,True,0,6,False,False,0,0,False,False,False,nan,nan,nan,13,True,nan
3472,188165.2,12.43806704378825,20,2.734829796867052,1.8065884071416438,2,False,True,0,6,False,False,0,0,False,False,False,nan,nan,nan,14,True,nan
3473,188165.4,12.205128012369165,20,2.7130844958412963,1.824133101336147,2,False,True,0,6,False,False,0,0,False,False,False,nan,nan,nan,15,True,nan
3474,188165.6,12.020724042878657,18,1.3824792578269833,1.1735882886067703,2,False,True,0,6,False,False,0,0,False,False,False,nan,nan,nan,16,True,nan
3475,188165.8,11.82748474082301,17,3.403859766705843,2.1290433898201884,2,False,True,0,6,False,False,0,0,False,False,False,nan,nan,nan,17,True,nan
3476,188166.0,11.695828870083565,15,1.837726500356488,1.509937648229266,2,False,True,0,6,False,False,0,0,False,False,False,nan,nan,nan,18,True,nan
3477,188166.2,11.606665979182596,13,2.028272331644345,1.6422208921522312,2,False,True,0,6,False,False,0,0,False,False,False,nan,nan,nan,19,True,nan
3478,188166.4,11.566874571756777,11,2.3911592729671667,1.897428681160414,2,False,True,0,6,False,False,0,0,False,False,False,nan,nan,nan,20,True,nan
3479,188166.6,11.563960424542167,11,2.67187369241529,2.0442554829106445,1,False,True,0,6,False,False,2,0,True,True,False,nan,nan,nan,21,True,11.563960424542167
3480,188166.8,11.463644269455676,10,2.8985954139450496,2.1343635370207994,2,False,True,0,6,False,False,4,0,False,False,False,nan,nan,nan,22,True,nan
3481,188167.0,11.100864188311014,10,2.80884771543613,2.0969412536828003,2,False,True,0,6,False,False,6,0,False,False,False,nan,nan,nan,23,True,nan
3482,188167.2,10.90069593679469,10,2.6935758570645048,2.1084629965183903,2,False,True,0,6,False,False,8,0,True,True,False,nan,nan,nan,24,True,10.90069593679469
3483,188167.4,11.81602365944989,10,3.0989491238611873,2.2268422342918877,2,False,True,0,6,False,False,10,0,False,False,False,nan,nan,nan,25,True,nan
3484,188167.6,12.42846275023273,10,3.5557987717170954,2.425352252414387,2,False,True,0,6,False,False,9,0,False,False,False,nan,nan,nan,26,True,nan
3485,188167.8,12.960156530096349,10,4.038002168626316,2.5945681155944937,1,False,True,0,6,False,False,8,0,True,True,False,nan,nan,nan,27,True,12.960156530096349
3486,188168.0,13.215679813919246,11,5.176933829633465,2.769348189147271,1,False,True,0,6,False,False,7,0,True,False,False,nan,nan,nan,28,True,nan
3487,188168.2,13.32868541386712,12,5.510871511253511,2.852419581021255,2,False,True,0,6,False,False,6,0,False,False,False,nan,nan,nan,29,True,nan
3488,188168.4,13.36851327445771,12,5.437144072406481,2.9223508115122496,1,False,True,0,6,False,False,5,0,True,True,False,nan,nan,nan,30,True,13.36851327445771
3489,188168.6,13.725549731431446,13,6.760131568585039,3.139400117221334,1,False,True,0,6,False,False,5,0,True,False,False,nan,nan,nan,31,True,nan
3490,188168.8,14.122097179389304,14,7.5177586985091045,3.354478131765198,3,True,True,0,6,False,False,4,0,False,False,False,nan,nan,nan,32,True,nan
3491,188169.0,19.99177473280785,14,8.349667277061066,3.4732282508408594,2,False,True,0,0,True,False,3,0,False,False,False,nan,nan,nan,0,True,nan
3492,188169.2,19.935556621809372,13,1.6254456989142902,1.238184954007121,9,True,True,0,6,False,False,2,0,False,False,False,nan,nan,nan,1,True,nan
3493,188169.4,19.97506012273681,13,2.077315254785886,1.4713573514435792,2,False,True,0,6,False,False,1,0,False,False,False,nan,nan,nan,2,True,nan
3494,188169.6,20.03513098444091,12,2.4358248264109013,1.5503817989171436,2,False,True,0,6,False,False,0,0,False,False,False,nan,nan,nan,3,True,nan
3495,188169.8,20.120832983941973,11,2.924358677974046,1.7600650606045158,2,False,True,0,6,False,False,0,0,False,False,False,nan,nan,nan,4,True,nan
3496,188170.0,20.32185483640614,11,3.289616239567019,1.921981814178678,3,True,True,0,6,False,False,0,0,False,False,False,nan,nan,nan,5,True,nan
3497,188170.2,20.37338488770755,11,1.9690188038848502,1.4580220688119732,2,False,True,0,6,False,False,0,0,False,False,False,nan,nan,nan,6,True,nan
3498,188170.4,20.402392336939855,11,1.9638553185926748,1.4431071148999695,2,False,True,0,6,False,False,0,0,False,False,False,nan,nan,nan,7,True,nan
3499,188170.6,20.753271130731793,11,1.3165754094376945,1.2010715316906582,3,True,True,0,6,False,False,0,0,False,False,False,nan,nan,nan,8,True,nan
3500,188170.8,20.79648308627048,11,1.0414915513971537,1.0414915513971537,2,False,True,0,6,False,False,0,0,False,False,False,nan,nan,nan,9,True,nan
3501,188171.0,20.777727627652393,10,1.1465504297557172,1.1465504297557172,3,True,True,0,6,False,False,0,0,False,False,False,nan,nan,nan,10,True,nan
3502,188171.2,22.409074255099647,10,1.889993366153519,1.7996569290143207,3,False,True,0,6,False,False,0,0,False,False,False,nan,nan,nan,11,True,nan
3503,188171.4,22.888445263288997,10,1.7084263469246221,1.5359726668486002,4,True,True,0,6,False,False,0,0,False,False,False,nan,nan,nan,12,True,nan
3504,188171.6,22.983949381300942,10,1.6138935862442074,1.5922299200333268,2,False,True,0,6,False,False,0,0,False,False,False,nan,nan,nan,13,True,nan
3505,188171.8,23.005782377648682,10,1.780988011943708,1.54721890411811,2,False,True,0,6,False,False,0,0,False,False,False,nan,nan,nan,14,True,nan
3506,188172.0,23.052604508574213,9,0.34011969715356827,0.34011969715356827,2,False,True,0,6,False,False,0,0,False,False,False,nan,nan,nan,15,True,nan
3507,188172.2,23.119839049369958,8,0.32146982103586197,0.32146982103586197,2,False,True,0,6,False,False,0,0,False,False,False,nan,nan,nan,16,True,nan
3508,188172.4,23.213693154802016,7,0.7196717262268066,0.7196717262268066,2,False,True,0,6,False,False,0,0,False,False,False,nan,nan,nan,17,True,nan
3509,188172.6,23.323302849915407,6,1.4077927954494953,1.4077927954494953,2,False,True,0,6,False,False,0,0,False,False,False,nan,nan,nan,18,True,nan
3510,188172.8,23.46044611714256,5,2.167203340679407,1.9989847706876038,2,False,True,0,6,False,False,0,0,False,False,False,nan,nan,nan,19,True,nan
3511,188173.0,24.02061447559705,5,2.7844842709600925,2.2614247384472685,3,True,True,0,6,False,False,0,0,False,False,False,nan,nan,nan,20,True,nan
3512,188173.2,25.05645671674863,5,3.9789323285222054,2.697489561102213,3,False,True,0,6,False,False,0,0,False,False,False,nan,nan,nan,21,True,nan
3513,188173.4,25.371778419616533,5,5.078638359904289,3.041110069560843,2,False,True,0,6,False,False,0,0,False,False,False,nan,nan,nan,22,True,nan
3514,188173.6,25.525463682794417,6,4.700328367535675,2.975110576240095,2,False,True,0,6,False,False,0,0,False,False,False,nan,nan,nan,23,True,nan
3515,188173.8,25.701559845643217,6,5.863536216318607,3.240208381467121,2,False,True,0,6,False,False,0,0,False,False,False,nan,nan,nan,24,True,nan
3516,188174.0,25.889407376381147,6,6.600544475018978,3.463820866516818,2,False,True,0,6,False,False,0,0,False,False,False,nan,nan,nan,25,True,nan
3517,188174.2,26.096117751882417,6,7.207171875983477,3.6553359055773162,2,False,True,0,6,False,False,0,0,False,False,False,nan,nan,nan,26,True,nan
3518,188174.4,26.333373083164282,6,7.995326332747936,3.8523715975339363,2,False,True,0,6,False,False,0,0,False,False,False,nan,nan,nan,27,True,nan
3519,188174.6,26.617949458290347,5,9.037791009992361,4.092707301390502,2,False,True,0,6,False,False,0,0,False,False,False,nan,nan,nan,28,True,nan
3520,188174.8,26.882438372539966,6,8.460679590857346,3.999177872233587,2,False,True,0,6,False,False,0,0,False,False,False,nan,nan,nan,29,True,nan
3521,188175.0,27.144294089274652,7,8.886004082487778,4.054245684930292,2,False,True,0,6,False,False,0,0,False,False,False,nan,nan,nan,30,True,nan
3522,188175.2,27.386217846378603,8,9.375241567027611,3.9436513888543607,2,False,True,0,6,False,False,0,0,False,False,False,nan,nan,nan,31,True,nan
3523,188175.4,27.627204698632504,9,9.873881537372673,4.034828723338702,2,False,True,0,6,False,False,0,0,False,False,False,nan,nan,nan,32,True,nan
3524,188175.6,27.877290334881003,10,10.739513409548827,4.179117626590846,2,False,True,0,6,False,False,0,0,False,False,False,nan,nan,nan,33,True,nan
3525,188175.8,28.180039084222873,10,11.359908451664708,4.5112575991777355,2,False,True,0,6,False,False,0,0,False,False,False,nan,nan,nan,34,True,nan
3526,188176.0,28.516466912394495,10,11.94378415272469,4.419370536375556,2,False,True,0,6,False,False,0,0,False,False,False,nan,nan,nan,35,True,nan
3527,188176.2,28.9015742225501,10,12.743757345359477,4.576304542231649,2,False,True,0,6,False,False,0,0,False,False,False,nan,nan,nan,36,True,nan
3528,188176.4,29.33839683593471,10,12.918334551921241,4.517591375500418,2,False,True,0,6,False,False,0,0,False,False,False,nan,nan,nan,37,True,nan
3529,188176.6,30.59599476990499,9,18.34240423887968,5.8679443533877995,2,False,True,0,6,False,False,0,0,False,False,False,nan,nan,nan,38,True,nan
3530,188176.8,28.982679296482647,8,16.723530616611242,5.6017773471799615,3,True,True,0,6,False,False,0,0,False,False,False,nan,nan,nan,39,True,nan
3531,188177.0,27.988026060113526,7,15.949876673519611,5.484401224431734,3,True,True,0,6,False,False,0,0,False,False,False,nan,nan,nan,40,True,nan
3532,188177.2,27.32842706386652,6,15.596960075199604,5.430209669021309,3,True,True,0,6,False,False,0,0,False,False,False,nan,nan,nan,41,True,nan
3533,188177.4,26.86601227301485,5,14.792446859180927,5.264812361892035,3,True,True,0,6,False,False,0,0,False,False,False,nan,nan,nan,42,True,nan
3534,188177.6,27.753929318568936,6,11.292491912358676,4.346797915252572,2,False,True,0,6,False,False,0,0,False,False,False,nan,nan,nan,43,True,nan
3535,188177.8,28.580133629244006,6,16.278216499835253,5.542156043775441,2,False,True,0,6,False,False,0,0,False,False,False,nan,nan,nan,44,True,nan
3536,188178.0,27.743379075392077,6,15.329673614352942,5.3533472678449705,3,True,True,0,6,False,False,0,0,False,False,False,nan,nan,nan,45,True,nan
3537,188178.2,27.291417488148575,6,13.94841818884015,5.103070917362175,3,True,True,0,6,False,False,0,0,False,False,False,nan,nan,nan,46,True,nan
3538,188178.4,28.273041968615942,6,15.57798234000802,5.362637033167955,2,False,True,0,6,False,False,0,0,False,False,False,nan,nan,nan,47,True,nan
3539,188178.6,27.55742452669293,6,11.2074422842456,4.274973462414795,3,True,True,0,6,False,False,0,0,False,False,False,nan,nan,nan,48,True,nan
3540,188178.8,28.519679491687103,7,12.019931045410722,4.4013354448125,2,False,True,0,6,False,False,0,0,False,False,False,nan,nan,nan,49,True,nan
3541,188179.0,29.36232011832769,8,12.351697004328749,4.549313841118331,2,False,True,0,6,False,False,0,0,False,False,False,nan,nan,nan,50,True,nan
3542,188179.2,30.195347600425123,9,13.184519659183664,4.684537434162267,2,False,True,0,6,False,False,0,0,False,False,False,nan,nan,nan,51,True,nan
3543,188179.4,31.049684268805493,10,13.865170449300514,4.815855037016442,2,False,True,0,6,False,False,0,0,False,False,False,nan,nan,nan,52,True,nan
3544,188179.6,31.95243140975885,10,14.700570898290472,4.921337488092835,2,False,True,0,6,False,False,0,0,False,False,False,nan,nan,nan,53,True,nan
3545,188179.8,32.90151984629357,10,15.554502244611017,5.053852176439506,2,False,True,0,6,False,False,0,0,False,False,False,nan,nan,nan,54,True,nan
3546,188180.0,31.199619095135954,10,14.144568283737284,4.809244440935085,3,True,True,0,6,False,False,0,0,False,False,False,nan,nan,nan,55,True,nan
3547,188180.2,32.3676927014257,10,15.48341721162292,5.027469703574424,2,False,True,0,6,False,False,0,0,False,False,False,nan,nan,nan,56,True,nan
3548,188180.4,31.070449560288527,9,19.738366190344095,6.077086916007977,3,True,True,0,6,False,False,0,0,False,False,False,nan,nan,nan,57,True,nan
3549,188180.6,30.37769045283396,8,18.32314996048808,5.871615695449292,3,True,True,0,6,False,False,0,0,False,False,False,nan,nan,nan,58,True,nan
3550,188180.8,29.95576424445509,7,17.03850146383047,5.648252684389844,3,True,True,0,6,False,False,0,0,False,False,False,nan,nan,nan,59,True,nan
3551,188181.0,30.233585818857804,5,inf,inf,3,True,False,0,6,False,False,0,0,False,False,False,nan,nan,nan,60,True,nan
3552,188181.2,31.44312366357905,4,18.984597835689783,5.951588250748515,2,False,True,0,6,False,False,0,0,False,False,False,nan,nan,nan,61,True,nan
3553,188181.4,31.819539825638923,3,inf,inf,3,True,False,0,6,False,False,0,0,False,False,False,nan,nan,nan,62,True,nan
3554,188181.6,33.09342121327629,3,20.294046700000763,6.155027680116562,2,False,True,0,6,False,False,0,0,False,False,False,nan,nan,nan,63,True,nan
3555,188181.8,32.92371624288926,3,18.69005887955427,5.960684550232152,3,True,True,0,6,False,False,0,0,False,False,False,nan,nan,nan,64,True,nan
3556,188182.0,33.36859452636846,3,inf,inf,3,True,False,0,6,False,False,0,0,False,False,False,nan,nan,nan,65,True,nan
3557,188182.2,34.82084468826931,2,inf,inf,3,True,False,0,6,False,False,0,0,False,False,False,nan,nan,nan,66,True,nan
3558,188182.4,36.27742198107752,2,inf,inf,2,False,False,0,6,False,False,0,0,False,False,False,nan,nan,nan,67,True,nan
3559,188182.6,37.81560674109535,1,inf,inf,2,False,False,0,6,False,False,0,0,False,False,False,nan,nan,nan,68,True,nan
3560,188182.8,39.44723843395568,0,inf,inf,2,True,False,0,6,False,False,0,0,False,False,False,nan,nan,nan,69,True,nan
3561,188183.0,41.144833386368184,0,inf,inf,2,True,False,0,6,False,False,0,0,False,False,False,nan,nan,nan,70,True,nan
3562,188183.2,42.90218820831061,0,inf,inf,2,True,False,0,6,False,False,0,0,False,False,False,nan,nan,nan,71,True,nan
3563,188183.4,44.71699514323566,0,inf,inf,2,True,False,0,6,False,False,0,0,False,False,False,nan,nan,nan,72,True,nan
3564,188183.6,46.587848751082866,0,inf,inf,2,True,False,0,6,False,False,0,0,False,False,False,nan,nan,nan,73,True,nan
3565,188183.8,48.51335513913883,0,inf,inf,2,True,False,0,6,False,False,0,0,False,False,False,nan,nan,nan,74,True,nan
3566,188184.0,50.49229268872169,0,inf,inf,2,True,False,0,6,False,False,0,0,False,False,False,nan,nan,nan,75,True,nan
3567,188184.2,52.523594448910735,0,inf,inf,2,True,False,0,6,False,False,0,0,False,False,False,nan,nan,nan,76,True,nan
3568,188184.4,54.60631345171449,0,inf,inf,2,True,False,0,6,False,False,0,0,False,False,False,nan,nan,nan,77,True,nan
3569,188184.6,56.739431518221295,0,inf,inf,2,True,False,0,6,False,False,0,0,False,False,False,nan,nan,nan,78,True,nan
3570,188184.8,58.92238012323308,0,inf,inf,2,True,False,0,6,False,False,0,0,False,False,False,nan,nan,nan,79,True,nan
3571,188185.0,61.154082303945636,0,inf,inf,2,True,False,0,6,False,False,0,0,False,False,False,nan,nan,nan,80,True,nan
3572,188185.2,63.434284638765284,0,inf,inf,2,True,False,0,6,False,False,0,0,False,False,False,nan,nan,nan,81,True,nan
3573,188185.4,65.76200487973273,0,inf,inf,2,True,False,0,6,False,False,0,0,False,False,False,nan,nan,nan,82,True,nan
3574,188185.6,68.13673961145379,0,inf,inf,2,True,False,0,6,False,False,0,0,False,False,False,nan,nan,nan,83,True,nan
3575,188185.8,70.55818569195134,0,inf,inf,2,True,False,0,6,False,False,0,0,False,False,False,nan,nan,nan,84,True,nan
3576,188186.0,73.02564989338147,0,inf,inf,2,True,False,0,6,False,False,0,0,False,False,False,nan,nan,nan,85,True,nan
3577,188186.2,75.53880985993388,0,inf,inf,2,True,False,0,6,False,False,0,0,False,False,False,nan,nan,nan,86,True,nan
3578,188186.4,78.0975339720171,0,inf,inf,2,True,False,0,6,False,False,0,0,False,False,False,nan,nan,nan,87,True,nan
3579,188186.6,80.70125410355207,0,inf,inf,2,True,False,0,6,False,False,0,0,False,False,False,nan,nan,nan,88,True,nan
3580,188186.8,83.34945148794407,0,inf,inf,2,True,False,0,6,False,False,0,0,False,False,False,nan,nan,nan,89,True,nan
3581,188187.0,86.04186962045607,0,inf,inf,2,True,False,0,6,False,False,0,0,False,False,False,nan,nan,nan,90,True,nan
3582,188187.2,88.77839473860853,0,inf,inf,2,True,False,0,6,False,False,0,0,False,False,False,nan,nan,nan,91,True,nan
3583,188187.4,91.55880604956137,0,inf,inf,2,True,False,0,6,False,False,0,0,False,False,False,nan,nan,nan,92,True,nan
3584,188187.6,94.38242230571188,0,inf,inf,2,True,False,0,6,False,False,0,0,False,False,False,nan,nan,nan,93,True,nan
3585,188187.8,97.24944115765088,0,inf,inf,2,True,False,0,6,False,False,0,0,False,False,False,nan,nan,nan,94,True,nan
3586,188188.0,100.15985893454686,0,inf,inf,2,True,False,0,6,False,False,0,0,False,False,False,nan,nan,nan,95,True,nan
3587,188188.2,103.11303598205744,0,inf,inf,2,True,False,0,6,False,False,0,0,False,False,False,nan,nan,nan,96,True,nan
3588,188188.4,106.10914557704305,0,inf,inf,2,True,False,0,6,False,False,0,0,False,False,False,nan,nan,nan,97,True,nan
3589,188188.6,109.14796141415935,0,inf,inf,2,True,False,0,6,False,False,0,0,False,False,False,nan,nan,nan,98,True,nan
3590,188188.8,112.22932227714598,0,inf,inf,2,True,False,0,6,False,False,0,0,False,False,False,nan,nan,nan,99,True,nan
3591,188189.0,115.35297490394353,0,inf,inf,2,True,False,0,6,False,False,0,0,False,False,False,nan,nan,nan,100,True,nan
3592,188189.2,118.5189661158198,0,inf,inf,2,True,False,0,6,False,False,0,0,False,False,False,nan,nan,nan,101,True,nan
3593,188189.4,121.72713948714934,0,inf,inf,2,True,False,0,6,False,False,0,0,False,False,False,nan,nan,nan,102,True,nan
3594,188189.6,124.97734867552285,0,inf,inf,2,True,False,0,6,False,False,0,0,False,False,False,nan,nan,nan,103,True,nan
3595,188189.8,128.26959897500814,0,inf,inf,2,True,False,0,6,False,False,0,0,False,False,False,nan,nan,nan,104,True,nan
3596,188190.0,131.60359558965837,0,inf,inf,2,True,False,0,6,False,False,0,0,False,False,False,nan,nan,nan,105,True,nan
3597,188190.2,134.97985066268595,0,inf,inf,2,True,False,0,6,False,False,0,0,False,False,False,nan,nan,nan,106,True,nan
3598,188190.4,138.39786027913547,0,inf,inf,2,True,False,0,6,False,False,0,0,False,False,False,nan,nan,nan,107,True,nan
3599,188190.6,141.85747983233506,0,inf,inf,2,True,False,0,6,False,False,0,0,False,False,False,nan,nan,nan,108,True,nan
3600,188190.8,145.35868744973004,0,inf,inf,2,True,False,0,6,False,False,0,0,False,False,False,nan,nan,nan,109,True,nan
3601,188191.0,148.901471179383,0,inf,inf,2,True,False,0,6,False,False,0,0,False,False,False,nan,nan,nan,110,True,nan
3602,188191.2,152.48572621368086,0,inf,inf,2,True,False,0,6,False,False,0,0,False,False,False,nan,nan,nan,111,True,nan
3603,188191.4,156.11168199070727,0,inf,inf,2,True,False,0,6,False,False,0,0,False,False,False,nan,nan,nan,112,True,nan
3604,188191.6,159.77897830362357,0,inf,inf,2,True,False,0,6,False,False,0,0,False,False,False,nan,nan,nan,113,True,nan
3605,188191.8,163.48746792153446,0,inf,inf,2,True,False,0,6,False,False,0,0,False,False,False,nan,nan,nan,114,True,nan
3606,188192.0,167.2372197194678,0,inf,inf,2,True,False,0,6,False,False,0,0,False,False,False,nan,nan,nan,115,True,nan
3607,188192.2,171.02847746144838,0,inf,inf,2,True,False,0,6,False,False,0,0,False,False,False,nan,nan,nan,116,True,nan
3608,188192.4,174.8608738611671,0,inf,inf,2,True,False,0,6,False,False,0,0,False,False,False,nan,nan,nan,117,True,nan
3609,188192.6,193.2923666104532,0,inf,inf,3,True,False,0,6,False,False,0,0,False,False,False,nan,nan,nan,118,True,nan
3610,188192.8,199.8946074579966,0,inf,inf,3,True,False,0,6,False,False,0,0,False,False,False,nan,nan,nan,119,True,nan
3611,188193.0,203.38574663338144,0,inf,inf,3,True,False,0,6,False,False,0,0,False,False,False,nan,nan,nan,120,True,nan
3612,188193.2,205.74924935267023,0,inf,inf,2,True,False,0,6,False,False,0,0,False,False,False,nan,nan,nan,121,True,nan
3613,188193.4,209.12678040927292,0,inf,inf,3,True,False,0,6,False,False,0,0,False,False,False,nan,nan,nan,122,True,nan
3614,188193.6,211.56731403899178,0,inf,inf,2,True,False,0,6,False,False,0,0,False,False,False,nan,nan,nan,123,True,nan
3615,188193.8,213.89872860392978,0,inf,inf,2,True,False,0,6,False,False,0,0,False,False,False,nan,nan,nan,124,True,nan
3616,188194.0,216.24686411007337,0,inf,inf,2,True,False,0,6,False,False,0,0,False,False,False,nan,nan,nan,125,True,nan
3617,188194.2,218.63184382423748,0,inf,inf,2,True,False,0,6,False,False,0,0,False,False,False,nan,nan,nan,126,True,nan
3618,188194.4,221.05678106646775,0,inf,inf,2,True,False,0,6,False,False,0,0,False,False,False,nan,nan,nan,127,True,nan
3619,188194.6,231.17456131599332,0,inf,inf,3,True,False,0,6,False,False,0,0,False,False,False,nan,nan,nan,128,True,nan
3620,188194.8,234.86310177223123,0,inf,inf,3,True,False,0,6,False,False,0,0,False,False,False,nan,nan,nan,129,True,nan
3621,188195.0,237.4405711433206,0,inf,inf,2,True,False,0,6,False,False,0,0,False,False,False,nan,nan,nan,130,True,nan
3622,188195.2,239.84368236802598,0,inf,inf,2,True,False,0,6,False,False,0,0,False,False,False,nan,nan,nan,131,True,nan
3623,188195.4,242.2539275657701,0,inf,inf,2,True,False,0,6,False,False,0,0,False,False,False,nan,nan,nan,132,True,nan
3624,188195.6,244.69853067744242,0,inf,inf,2,True,False,0,6,False,False,0,0,False,False,False,nan,nan,nan,133,True,nan
3625,188195.8,247.1826782270874,0,inf,inf,2,True,False,0,6,False,False,0,0,False,False,False,nan,nan,nan,134,True,nan
3626,188196.0,249.7072022786945,0,inf,inf,2,True,False,0,6,False,False,0,0,False,False,False,nan,nan,nan,135,True,nan
3627,188196.2,252.2718314480632,0,inf,inf,2,True,False,0,6,False,False,0,0,False,False,False,nan,nan,nan,136,True,nan
3628,188196.4,254.87722178846545,0,inf,inf,2,True,False,0,6,False,False,0,0,False,False,False,nan,nan,nan,137,True,nan
3629,188196.6,257.5231751584548,0,inf,inf,2,True,False,0,6,False,False,0,0,False,False,False,nan,nan,nan,138,True,nan
3630,188196.8,260.20924597390103,0,inf,inf,2,True,False,0,6,False,False,0,0,False,False,False,nan,nan,nan,139,True,nan
3631,188197.0,262.9360074986841,0,inf,inf,2,True,False,0,6,False,False,0,0,False,False,False,nan,nan,nan,140,True,nan
3632,188197.2,265.7032893076663,0,inf,inf,2,True,False,0,6,False,False,0,0,False,False,False,nan,nan,nan,141,True,nan
3633,188197.4,268.5108836784652,0,inf,inf,2,True,False,0,6,False,False,0,0,False,False,False,nan,nan,nan,142,True,nan
3634,188197.6,271.3592649626277,0,inf,inf,2,True,False,0,6,False,False,0,0,False,False,False,nan,nan,nan,143,True,nan
3635,188197.8,274.248069128832,0,inf,inf,2,True,False,0,6,False,False,0,0,False,False,False,nan,nan,nan,144,True,nan
3636,188198.0,277.1774009140711,0,inf,inf,2,True,False,0,6,False,False,0,0,False,False,False,nan,nan,nan,145,True,nan
3637,188198.2,280.14722152209544,0,inf,inf,2,True,False,0,6,False,False,0,0,False,False,False,nan,nan,nan,146,True,nan
3638,188198.4,283.15769962052985,0,inf,inf,2,True,False,0,6,False,False,0,0,False,False,False,nan,nan,nan,147,True,nan
3639,188198.6,286.20860588748036,0,inf,inf,2,True,False,0,6,False,False,0,0,False,False,False,nan,nan,nan,148,True,nan
3640,188198.8,289.3003430736802,0,inf,inf,2,True,False,0,6,False,False,0,0,False,False,False,nan,nan,nan,149,True,nan
3641,188199.0,292.432726050357,0,inf,inf,2,True,False,0,6,False,False,0,0,False,False,False,nan,nan,nan,150,True,nan
3642,188199.2,295.6054725425638,0,inf,inf,2,True,False,0,6,False,False,0,0,False,False,False,nan,nan,nan,151,True,nan
3643,188199.4,298.81900444846633,0,inf,inf,2,True,False,0,6,False,False,0,0,False,False,False,nan,nan,nan,152,True,nan
3644,188199.6,302.07315215485414,0,inf,inf,2,True,False,0,6,False,False,0,0,False,False,False,nan,nan,nan,153,True,nan
3645,188199.8,305.3681030530258,0,inf,inf,2,True,False,0,6,False,False,0,0,False,False,False,nan,nan,nan,154,True,nan
3646,188200.0,308.70357040218374,0,inf,inf,2,True,False,0,6,False,False,0,0,False,False,False,nan,nan,nan,155,True,nan
3647,188200.2,312.07971744567595,0,inf,inf,2,True,False,0,6,False,False,0,0,False,False,False,nan,nan,nan,156,True,nan
3648,188200.4,315.4966402980071,0,inf,inf,2,True,False,0,6,False,False,0,0,False,False,False,nan,nan,nan,157,True,nan
3649,188200.6,320.8946535505346,0,inf,inf,3,True,False,0,6,False,False,0,0,False,False,False,nan,nan,nan,158,True,nan
3650,188200.8,337.02518516417,0,inf,inf,3,True,False,0,6,False,False,0,0,False,False,False,nan,nan,nan,159,True,nan
3651,188201.0,342.3956262832562,0,inf,inf,3,True,False,0,6,False,False,0,0,False,False,False,nan,nan,nan,160,True,nan
3652,188201.2,345.67071137338365,0,inf,inf,2,True,False,0,6,False,False,0,0,False,False,False,nan,nan,nan,161,True,nan
3653,188201.4,348.5273998657507,0,inf,inf,2,True,False,0,6,False,False,0,0,False,False,False,nan,nan,nan,162,True,nan
3654,188201.6,351.356898425873,0,inf,inf,2,True,False,0,6,False,False,0,0,False,False,False,nan,nan,nan,163,True,nan
3655,188201.8,354.2161562203605,0,inf,inf,2,True,False,0,6,False,False,0,0,False,False,False,nan,nan,nan,164,True,nan
3656,188202.0,357.11449314429075,0,inf,inf,2,True,False,0,6,False,False,0,0,False,False,False,nan,nan,nan,165,True,nan
3657,188202.2,360.05288763226355,0,inf,inf,2,True,False,0,6,False,False,0,0,False,False,False,nan,nan,nan,166,True,nan
3658,188202.4,363.03229590036904,0,inf,inf,2,True,False,0,6,False,False,0,0,False,False,False,nan,nan,nan,167,True,nan
3659,188202.6,366.052312259299,0,inf,inf,2,True,False,0,6,False,False,0,0,False,False,False,nan,nan,nan,168,True,nan
3660,188202.8,369.1130516932049,0,inf,inf,2,True,False,0,6,False,False,0,0,False,False,False,nan,nan,nan,169,True,nan
3661,188203.0,372.21471398697406,0,inf,inf,2,True,False,0,6,False,False,0,0,False,False,False,nan,nan,nan,170,True,nan
3662,188203.2,375.3570696549726,0,inf,inf,2,True,False,0,6,False,False,0,0,False,False,False,nan,nan,nan,171,True,nan
3663,188203.4,378.539963675697,0,inf,inf,2,True,False,0,6,False,False,0,0,False,False,False,nan,nan,nan,172,True,nan
3664,188203.6,381.7639045209272,0,inf,inf,2,True,False,0,6,False,False,0,0,False,False,False,nan,nan,nan,173,True,nan
3665,188203.8,385.0284613479415,0,inf,inf,2,True,False,0,6,False,False,0,0,False,False,False,nan,nan,nan,174,True,nan
3666,188204.0,388.33399660396145,0,inf,inf,2,True,False,0,6,False,False,0,0,False,False,False,nan,nan,nan,175,True,nan
3667,188204.2,391.68010084755355,0,inf,inf,2,True,False,0,6,False,False,0,0,False,False,False,nan,nan,nan,176,True,nan
3668,188204.4,395.0671221228552,0,inf,inf,2,True,False,0,6,False,False,0,0,False,False,False,nan,nan,nan,177,True,nan
3669,188204.6,398.4949419117199,0,inf,inf,2,True,False,0,6,False,False,0,0,False,False,False,nan,nan,nan,178,True,nan
3670,188204.8,401.9633149566046,0,inf,inf,2,True,False,0,6,False,False,0,0,False,False,False,nan,nan,nan,179,True,nan
3671,188205.0,405.47263403460914,0,inf,inf,2,True,False,0,6,False,False,0,0,False,False,False,nan,nan,nan,180,True,nan
3672,188205.2,409.02262344075024,0,inf,inf,2,True,False,0,6,False,False,0,0,False,False,False,nan,nan,nan,181,True,nan
3673,188205.4,412.6136243485901,0,inf,inf,2,True,False,0,6,False,False,0,0,False,False,False,nan,nan,nan,182,True,nan
3674,188205.6,416.24535360001,0,inf,inf,2,True,False,0,6,False,False,0,0,False,False,False,nan,nan,nan,183,True,nan
3675,188205.8,419.91782642310704,0,inf,inf,2,True,False,0,6,False,False,0,0,False,False,False,nan,nan,nan,184,True,nan
3676,188206.0,423.6311826557325,0,inf,inf,2,True,False,0,6,False,False,0,0,False,False,False,nan,nan,nan,185,True,nan
3677,188206.2,427.38541630223455,0,inf,inf,2,True,False,0,6,False,False,0,0,False,False,False,nan,nan,nan,186,True,nan
3678,188206.4,431.18033016619137,0,inf,inf,2,True,False,0,6,False,False,0,0,False,False,False,nan,nan,nan,187,True,nan
3679,188206.6,435.016035765082,0,inf,inf,2,True,False,0,6,False,False,0,0,False,False,False,nan,nan,nan,188,True,nan
3680,188206.8,438.89268311607736,0,inf,inf,2,True,False,0,6,False,False,0,0,False,False,False,nan,nan,nan,189,True,nan
3681,188207.0,442.80992329252325,0,inf,inf,2,True,False,0,6,False,False,0,0,False,False,False,nan,nan,nan,190,True,nan
3682,188207.2,446.76797221004745,0,inf,inf,2,True,False,0,6,False,False,0,0,False,False,False,nan,nan,nan,191,True,nan
3683,188207.4,450.7669477551978,0,inf,inf,2,True,False,0,6,False,False,0,0,False,False,False,nan,nan,nan,192,True,nan
3684,188207.6,454.8066083501298,0,inf,inf,2,True,False,0,6,False,False,0,0,False,False,False,nan,nan,nan,193,True,nan
3685,188207.8,458.8873524372649,0,inf,inf,2,True,False,0,6,False,False,0,0,False,False,False,nan,nan,nan,194,True,nan
3686,188208.0,463.0086915849625,0,inf,inf,2,True,False,0,6,False,False,0,0,False,False,False,nan,nan,nan,195,True,nan
3687,188208.2,467.1710127926599,0,inf,inf,2,True,False,0,6,False,False,0,0,False,False,False,nan,nan,nan,196,True,nan
3688,188208.4,471.3742407730075,0,inf,inf,2,True,False,0,6,False,False,0,0,False,False,False,nan,nan,nan,197,True,nan
3689,188208.6,475.61823882084855,0,inf,inf,2,True,False,0,6,False,False,0,0,False,False,False,nan,nan,nan,198,True,nan
3690,188208.8,479.90329368273353,0,inf,inf,2,True,False,0,6,False,False,0,0,False,False,False,nan,nan,nan,199,True,nan
3691,188209.0,484.2292059825781,0,inf,inf,2,True,False,0,6,False,False,0,0,False,False,False,nan,nan,nan,200,True,nan
3692,188209.2,488.59579259395065,0,inf,inf,2,True,False,0,6,False,False,0,0,False,False,False,nan,nan,nan,201,True,nan
3693,188209.4,493.0036901515298,0,inf,inf,2,True,False,0,6,False,False,0,0,False,False,False,nan,nan,nan,202,True,nan
3694,188209.6,497.45242336300885,0,inf,inf,2,True,False,0,6,False,False,0,0,False,False,False,nan,nan,nan,203,True,nan
3695,188209.8,501.9419640191713,0,inf,inf,2,True,False,0,6,False,False,0,0,False,False,False,nan,nan,nan,204,True,nan
3696,188210.0,506.47256959686075,0,inf,inf,2,True,False,0,6,False,False,0,0,False,False,False,nan,nan,nan,205,True,nan
3697,188210.2,511.0442398318962,0,inf,inf,2,True,False,0,6,False,False,0,0,False,False,False,nan,nan,nan,206,True,nan
3698,188210.4,515.6567977920756,0,inf,inf,2,True,False,0,6,False,False,0,0,False,False,False,nan,nan,nan,207,True,nan
3699,188210.6,520.3104313983458,0,inf,inf,2,True,False,0,6,False,False,0,0,False,False,False,nan,nan,nan,208,True,nan
3700,188210.8,525.0053045556307,0,inf,inf,2,True,False,0,6,False,False,0,0,False,False,False,nan,nan,nan,209,True,nan
3701,188211.0,529.7411789186253,0,inf,inf,2,True,False,0,6,False,False,0,0,False,False,False,nan,nan,nan,210,True,nan
3702,188211.2,534.5181026707668,0,inf,inf,2,True,False,0,6,False,False,0,0,False,False,False,nan,nan,nan,211,True,nan
3703,188211.4,539.3362872852276,0,inf,inf,2,True,False,0,6,False,False,0,0,False,False,False,nan,nan,nan,212,True,nan
3704,188211.6,544.1956110303637,0,inf,inf,2,True,False,0,6,False,False,0,0,False,False,False,nan,nan,nan,213,True,nan
3705,188211.8,549.0959430941308,0,inf,inf,2,True,False,0,6,False,False,0,0,False,False,False,nan,nan,nan,214,True,nan
3706,188212.0,554.0374275138454,0,inf,inf,2,True,False,0,6,False,False,0,0,False,False,False,nan,nan,nan,215,True,nan
3707,188212.2,559.0198098792259,0,inf,inf,2,True,False,0,6,False,False,0,0,False,False,False,nan,nan,nan,216,True,nan
3708,188212.4,564.0433746712804,0,inf,inf,2,True,False,0,6,False,False,0,0,False,False,False,nan,nan,nan,217,True,nan
3709,188212.6,569.1081388083408,0,inf,inf,2,True,False,0,6,False,False,0,0,False,False,False,nan,nan,nan,218,True,nan
3710,188212.8,574.2138986013409,0,inf,inf,2,True,False,0,6,False,False,0,0,False,False,False,nan,nan,nan,219,True,nan
3711,188213.0,579.3609488358379,0,inf,inf,2,True,False,0,6,False,False,0,0,False,False,False,nan,nan,nan,220,True,nan
3712,188213.2,584.5490413947731,0,inf,inf,2,True,False,0,6,False,False,0,0,False,False,False,nan,nan,nan,221,True,nan
3713,188213.4,589.7781093335215,0,inf,inf,2,True,False,0,6,False,False,0,0,False,False,False,nan,nan,nan,222,True,nan
3714,188213.6,595.0484432470109,0,inf,inf,2,True,False,0,6,False,False,0,0,False,False,False,nan,nan,nan,223,True,nan
3715,188213.8,600.3596466210116,0,inf,inf,2,True,False,0,6,False,False,0,0,False,False,False,nan,nan,nan,224,True,nan
3716,188214.0,605.7122551215955,0,inf,inf,2,True,False,0,6,False,False,0,0,False,False,False,nan,nan,nan,225,True,nan
3717,188214.2,611.1058413877672,0,inf,inf,2,True,False,0,6,False,False,0,0,False,False,False,nan,nan,nan,226,True,nan
3718,188214.4,616.5406223857641,0,inf,inf,2,True,False,0,6,False,False,0,0,False,False,False,nan,nan,nan,227,True,nan
3719,188214.6,622.0165424626842,0,inf,inf,2,True,False,0,6,False,False,0,0,False,False,False,nan,nan,nan,228,True,nan
3720,188214.8,627.533492825092,0,inf,inf,2,True,False,0,6,False,False,0,0,False,False,False,nan,nan,nan,229,True,nan
3721,188215.0,633.0918875630027,0,inf,inf,2,True,False,0,6,False,False,0,0,False,False,False,nan,nan,nan,230,True,nan
3722,188215.2,638.6913461100147,0,inf,inf,2,True,False,0,6,False,False,0,0,False,False,False,nan,nan,nan,231,True,nan
3723,188215.4,644.3321393627728,0,inf,inf,2,True,False,0,6,False,False,0,0,False,False,False,nan,nan,nan,232,True,nan
3724,188215.6,650.0139755783783,0,inf,inf,2,True,False,0,6,False,False,0,0,False,False,False,nan,nan,nan,233,True,nan
3725,188215.8,655.7371928561698,0,inf,inf,2,True,False,0,6,False,False,0,0,False,False,False,nan,nan,nan,234,True,nan
3726,188216.0,661.4246517075447,1,268.66707514226437,21.419171786525265,2,False,True,0,6,False,False,0,0,False,False,False,nan,nan,nan,235,True,nan
3727,188216.2,657.2208040918206,1,inf,inf,3,True,False,0,6,False,False,0,0,False,False,False,nan,nan,nan,236,True,nan
3728,188216.4,664.1316982139243,1,inf,inf,3,True,False,0,6,False,False,0,0,False,False,False,nan,nan,nan,237,True,nan
3729,188216.6,669.9421187816896,1,inf,inf,2,True,False,0,6,False,False,0,0,False,False,False,nan,nan,nan,238,True,nan
3730,188216.8,675.6193632743946,1,inf,inf,2,False,False,0,6,False,False,0,0,False,False,False,nan,nan,nan,239,True,nan
3731,188217.0,681.3417786768103,0,inf,inf,2,True,False,0,6,False,False,0,0,False,False,False,nan,nan,nan,240,True,nan
3732,188217.2,687.1061507097877,0,inf,inf,2,True,False,0,6,False,False,0,0,False,False,False,nan,nan,nan,241,True,nan
3733,188217.4,692.9117958533622,0,inf,inf,2,True,False,0,6,False,False,0,0,False,False,False,nan,nan,nan,242,True,nan
3734,188217.6,698.758920538083,0,inf,inf,2,True,False,0,6,False,False,0,0,False,False,False,nan,nan,nan,243,True,nan
3735,188217.8,704.6475382275144,0,inf,inf,2,True,False,0,6,False,False,0,0,False,False,False,nan,nan,nan,244,True,nan
3736,188218.0,710.5772216279947,0,inf,inf,2,True,False,0,6,False,False,0,0,False,False,False,nan,nan,nan,245,True,nan
3737,188218.2,716.5484051219022,0,inf,inf,2,True,False,0,6,False,False,0,0,False,False,False,nan,nan,nan,246,True,nan
3738,188218.4,722.5608404645451,0,inf,inf,2,True,False,0,6,False,False,0,0,False,False,False,nan,nan,nan,247,True,nan
3739,188218.6,728.6144770920661,0,inf,inf,2,True,False,0,6,False,False,0,0,False,False,False,nan,nan,nan,248,True,nan
3740,188218.8,734.7095008661845,0,inf,inf,2,True,False,0,6,False,False,0,0,False,False,False,nan,nan,nan,249,True,nan
3741,188219.0,740.8460272040875,0,inf,inf,2,True,False,0,6,False,False,0,0,False,False,False,nan,nan,nan,250,True,nan
3742,188219.2,747.0238304893091,0,inf,inf,2,True,False,0,6,False,False,0,0,False,False,False,nan,nan,nan,251,True,nan
3743,188219.4,753.2429777385115,0,inf,inf,2,True,False,0,6,False,False,0,0,False,False,False,nan,nan,nan,252,True,nan
3744,188219.6,759.503644770551,0,inf,inf,2,True,False,0,6,False,False,0,0,False,False,False,nan,nan,nan,253,True,nan
3745,188219.8,765.8055506145564,0,inf,inf,2,True,False,0,6,False,False,0,0,False,False,False,nan,nan,nan,254,True,nan
3746,188220.0,772.1488659874477,0,inf,inf,2,True,False,0,6,False,False,0,0,False,False,False,nan,nan,nan,255,True,nan
3747,188220.2,778.5336861515926,0,inf,inf,2,True,False,0,6,False,False,0,0,False,False,False,nan,nan,nan,256,True,nan
3748,188220.4,784.9597067469831,0,inf,inf,2,True,False,0,6,False,False,0,0,False,False,False,nan,nan,nan,257,True,nan
3749,188220.6,791.4271788842449,0,inf,inf,2,True,False,0,6,False,False,0,0,False,False,False,nan,nan,nan,258,True,nan
3750,188220.8,797.9361819640004,0,inf,inf,2,True,False,0,6,False,False,0,0,False,False,False,nan,nan,nan,259,True,nan
3751,188221.0,804.4866058074148,0,inf,inf,2,True,False,0,6,False,False,0,0,False,False,False,nan,nan,nan,260,True,nan
3752,188221.2,811.0784108882682,0,inf,inf,2,True,False,0,6,False,False,0,0,False,False,False,nan,nan,nan,261,True,nan
3753,188221.4,817.7115613407555,0,inf,inf,2,True,False,0,6,False,False,0,0,False,False,False,nan,nan,nan,262,True,nan
3754,188221.6,824.3863525527632,0,inf,inf,2,True,False,0,6,False,False,0,0,False,False,False,nan,nan,nan,263,True,nan
3755,188221.8,831.1025529587849,0,inf,inf,2,True,False,0,6,False,False,0,0,False,False,False,nan,nan,nan,264,True,nan
3756,188222.0,837.8602234044932,0,inf,inf,2,True,False,0,6,False,False,0,0,False,False,False,nan,nan,nan,265,True,nan
3757,188222.2,844.6593916303472,0,inf,inf,2,True,False,0,6,False,False,0,0,False,False,False,nan,nan,nan,266,True,nan
3758,188222.4,851.4998663161363,0,inf,inf,2,True,False,0,6,False,False,0,0,False,False,False,nan,nan,nan,267,True,nan
3759,188222.6,858.3820183727344,0,inf,inf,2,True,False,0,6,False,False,0,0,False,False,False,nan,nan,nan,268,True,nan
3760,188222.8,865.305666056363,0,inf,inf,2,True,False,0,6,False,False,0,0,False,False,False,nan,nan,nan,269,True,nan
3761,188223.0,872.2705586266846,0,inf,inf,2,True,False,0,6,False,False,0,0,False,False,False,nan,nan,nan,270,True,nan
3762,188223.2,879.2772558264508,0,inf,inf,2,True,False,0,6,False,False,0,0,False,False,False,nan,nan,nan,271,True,nan
3763,188223.4,886.325368224482,0,inf,inf,2,True,False,0,6,False,False,0,0,False,False,False,nan,nan,nan,272,True,nan
3764,188223.6,901.0980802336102,0,inf,inf,3,True,False,0,6,False,False,0,0,False,False,False,nan,nan,nan,273,True,nan
3765,188223.8,909.261122227941,0,inf,inf,3,True,False,0,6,False,False,0,0,False,False,False,nan,nan,nan,274,True,nan
3766,188224.0,916.4259569248644,0,inf,inf,2,True,False,0,6,False,False,0,0,False,False,False,nan,nan,nan,275,True,nan
3767,188224.2,923.4648972315993,0,inf,inf,2,True,False,0,6,False,False,0,0,False,False,False,nan,nan,nan,276,True,nan
3768,188224.4,930.5188308985237,0,inf,inf,2,True,False,0,6,False,False,0,0,False,False,False,nan,nan,nan,277,True,nan
3769,188224.6,937.6104984510255,0,inf,inf,2,True,False,0,6,False,False,0,0,False,False,False,nan,nan,nan,278,True,nan
3770,188224.8,944.742707073155,0,inf,inf,2,True,False,0,6,False,False,0,0,False,False,False,nan,nan,nan,279,True,nan
3771,188225.0,951.9163013053277,0,inf,inf,2,True,False,0,6,False,False,0,0,False,False,False,nan,nan,nan,280,True,nan
3772,188225.2,959.131718565982,0,inf,inf,2,True,False,0,6,False,False,0,0,False,False,False,nan,nan,nan,281,True,nan
3773,188225.4,966.388348790605,0,inf,inf,2,True,False,0,6,False,False,0,0,False,False,False,nan,nan,nan,282,True,nan
3774,188225.6,973.6866382990208,0,inf,inf,2,True,False,0,6,False,False,0,0,False,False,False,nan,nan,nan,283,True,nan
3775,188225.8,981.0267436484728,0,inf,inf,2,True,False,0,6,False,False,0,0,False,False,False,nan,nan,nan,284,True,nan
3776,188226.0,988.4084413903827,0,inf,inf,2,True,False,0,6,False,False,0,0,False,False,False,nan,nan,nan,285,True,nan
3777,188226.2,995.8320487819511,0,inf,inf,2,True,False,0,6,False,False,0,0,False,False,False,nan,nan,nan,286,True,nan
3778,188226.4,1003.297100785525,0,inf,inf,2,True,False,0,6,False,False,0,0,False,False,False,nan,nan,nan,287,True,nan
3779,188226.6,1010.8039524978955,0,inf,inf,2,True,False,0,6,False,False,0,0,False,False,False,nan,nan,nan,288,True,nan
3780,188226.8,1018.3526311991355,0,inf,inf,2,True,False,0,6,False,False,0,0,False,False,False,nan,nan,nan,289,True,nan
3781,188227.0,1025.9426939525438,0,inf,inf,2,True,False,0,6,False,False,0,0,False,False,False,nan,nan,nan,290,True,nan
3782,188227.2,1033.5744906477241,0,inf,inf,2,True,False,0,6,False,False,0,0,False,False,False,nan,nan,nan,291,True,nan
3783,188227.4,1041.1844763919412,1,414.7474554851651,24.04868511300433,2,False,True,0,6,False,False,0,0,False,False,False,nan,nan,nan,292,True,nan
3784,188227.6,1015.3682346896943,2,395.08700229227543,23.52749686739172,3,True,True,0,6,False,False,0,0,False,False,False,nan,nan,nan,293,True,nan
3785,188227.8,986.6188318515258,3,371.9800905920565,22.92376043825127,3,True,True,0,6,False,False,0,0,False,False,False,nan,nan,nan,294,True,nan
3786,188228.0,968.1943056956815,3,inf,inf,3,True,False,0,6,False,False,0,0,False,False,False,nan,nan,nan,295,True,nan
3787,188228.2,975.2252180300759,3,inf,inf,3,True,False,0,6,False,False,0,0,False,False,False,nan,nan,nan,296,True,nan
3788,188228.4,980.8547574939965,2,inf,inf,2,True,False,0,6,False,False,0,0,False,False,False,nan,nan,nan,297,True,nan
3789,188228.6,986.3341711559536,1,inf,inf,2,False,False,0,6,False,False,0,0,False,False,False,nan,nan,nan,298,True,nan
3790,188228.8,991.8484274163345,0,inf,inf,2,True,False,0,6,False,False,0,0,False,False,False,nan,nan,nan,299,True,nan
3791,188229.0,997.4033768069254,0,inf,inf,2,True,False,0,6,False,False,0,0,False,False,False,nan,nan,nan,300,True,nan
3792,188229.2,1003.0003161739095,0,inf,inf,2,True,False,0,6,False,False,0,0,False,False,False,nan,nan,nan,301,True,nan
3793,188229.4,1008.639056750309,0,inf,inf,2,True,False,0,6,False,False,0,0,False,False,False,nan,nan,nan,302,True,nan
3794,188229.6,1014.3196153227859,0,inf,inf,2,True,False,0,6,False,False,0,0,False,False,False,nan,nan,nan,303,True,nan
3795,188229.8,1020.0414484430119,0,inf,inf,2,True,False,0,6,False,False,0,0,False,False,False,nan,nan,nan,304,True,nan
3796,188230.0,1025.8100057847319,0,inf,inf,2,True,False,0,6,False,False,0,0,False,False,False,nan,nan,nan,305,True,nan
3797,188230.2,1031.632185034115,0,inf,inf,2,True,False,0,6,False,False,0,0,False,False,False,nan,nan,nan,306,True,nan
3798,188230.4,1037.50479732864,0,inf,inf,2,True,False,0,6,False,False,0,0,False,False,False,nan,nan,nan,307,True,nan
3799,188230.6,1043.424775689518,0,inf,inf,2,True,False,0,6,False,False,0,0,False,False,False,nan,nan,nan,308,True,nan
3800,188230.8,1049.3908587425963,0,inf,inf,2,True,False,0,6,False,False,0,0,False,False,False,nan,nan,nan,309,True,nan
3801,188231.0,1055.4042638142312,0,inf,inf,2,True,False,0,6,False,False,0,0,False,False,False,nan,nan,nan,310,True,nan
3802,188231.2,1061.4637943355078,0,inf,inf,2,True,False,0,6,False,False,0,0,False,False,False,nan,nan,nan,311,True,nan
3803,188231.4,1067.5059936934447,1,394.5074596889317,22.760205819640607,2,False,True,0,6,False,False,0,0,False,False,False,nan,nan,nan,312,True,nan
3804,188231.6,1018.8668674500092,3,530.6937332438185,30.630761757865383,3,True,True,0,6,False,False,0,0,False,False,False,nan,nan,nan,313,True,nan
3805,188231.8,933.3483159868169,6,452.7191157336115,26.862811662610458,3,True,True,0,6,False,False,0,0,False,False,False,nan,nan,nan,314,True,nan
3806,188232.0,852.3054229244519,8,427.2470006894217,27.2397542120717,3,True,True,0,6,False,False,0,0,False,False,False,nan,nan,nan,315,True,nan
3807,188232.2,773.3562892543421,10,377.60806023607626,26.02106480298784,3,True,True,0,6,False,False,0,0,False,False,False,nan,nan,nan,316,True,nan
3808,188232.4,702.0972106547639,11,330.2338180121151,24.65730751429924,3,True,True,0,6,False,False,0,0,False,False,False,nan,nan,nan,317,True,nan
3809,188232.6,647.1212703028613,10,206.38182456046343,17.093148359988085,3,True,True,0,6,False,False,0,0,False,False,False,nan,nan,nan,318,True,nan
3810,188232.8,609.9551212688183,8,184.50118112936616,16.057974272013208,3,True,True,0,6,False,False,0,0,False,False,False,nan,nan,nan,319,True,nan
3811,188233.0,581.5978309215028,7,166.8208321556449,15.153611180090262,3,True,True,0,6,False,False,0,0,False,False,False,nan,nan,nan,320,True,nan
3812,188233.2,559.6239676124783,6,150.1338797658682,14.228897462425746,3,True,True,0,6,False,False,0,0,False,False,False,nan,nan,nan,321,True,nan
3813,188233.4,543.0325086605034,5,134.8090670593083,13.474489450825303,3,True,True,0,6,False,False,0,0,False,False,False,nan,nan,nan,322,True,nan
3814,188233.6,501.9772962548829,6,261.62203647526127,18.248144811192667,3,True,True,0,6,False,False,0,0,False,False,False,nan,nan,nan,323,True,nan
3815,188233.8,458.6766790350524,6,301.4757867679,21.1907057077689,3,True,True,0,6,False,False,0,0,False,False,False,nan,nan,nan,324,True,nan
3816,188234.0,419.19460912623396,6,250.8613956645131,20.016161867670107,3,True,True,0,6,False,False,0,0,False,False,False,nan,nan,nan,325,True,nan
3817,188234.2,383.86629384796447,7,143.5265531057739,13.124766883532908,3,True,True,0,6,False,False,0,0,False,False,False,nan,nan,nan,326,True,nan
3818,188234.4,354.8543783704608,7,156.71516953781247,15.496874669758537,3,True,True,0,6,False,False,0,0,False,False,False,nan,nan,nan,327,True,nan
3819,188234.6,330.2764379138371,7,109.3429929457552,12.902002039361182,3,True,True,0,6,False,False,0,0,False,False,False,nan,nan,nan,328,True,nan
3820,188234.8,314.542458643484,7,88.16599827259779,11.334387162607946,3,True,True,0,6,False,False,0,0,False,False,False,nan,nan,nan,329,True,nan
3821,188235.0,303.5793968022415,7,64.7750250659883,10.210258521526054,3,True,True,0,6,False,False,0,0,False,False,False,nan,nan,nan,330,True,nan
3822,188235.2,295.60805070100866,6,44.49952885881066,8.04931712679447,3,True,True,0,6,False,False,0,0,False,False,False,nan,nan,nan,331,True,nan
3823,188235.4,289.7201504645679,6,27.57944517582655,6.324175603288185,3,True,True,0,6,False,False,0,0,False,False,False,nan,nan,nan,332,True,nan
3824,188235.6,286.4337720346603,5,12.79018846899271,4.298431889531504,3,True,True,0,6,False,False,0,0,False,False,False,nan,nan,nan,333,True,nan
3825,188235.8,284.51244625460316,5,3.6931778714060783,2.2705055098674247,3,False,True,0,6,False,False,0,0,False,False,False,nan,nan,nan,334,True,nan
3826,188236.0,282.950967749141,6,115.55429864407608,11.475177393189721,2,False,True,0,6,False,False,1,0,False,False,False,nan,nan,nan,335,True,nan
3827,188236.2,271.3070475610137,8,97.06241193966277,10.451031374841829,5,True,True,0,6,False,False,2,0,False,False,False,nan,nan,nan,336,True,nan
3828,188236.4,261.7696708175794,9,49.900191295753366,6.593437052046282,6,True,True,0,6,False,False,3,0,False,False,False,nan,nan,nan,337,True,nan
3829,188236.6,252.1338316769251,10,47.74105613741055,6.499739101945478,7,True,True,0,6,False,False,4,0,False,False,False,nan,nan,nan,338,True,nan
3830,188236.8,242.2562470248699,11,45.29904789663178,6.428328987304432,8,True,True,0,6,False,False,5,0,False,False,False,nan,nan,nan,339,True,nan
3831,188237.0,232.98451944428118,11,43.363149154393675,6.339777715254884,8,True,True,0,6,False,False,5,0,False,False,False,nan,nan,nan,340,True,nan
3832,188237.2,225.0575747111213,10,42.06370886026517,6.287149425057822,9,True,True,0,6,False,False,5,0,False,False,False,nan,nan,nan,341,True,nan
3833,188237.4,217.7943678615222,10,40.168445710928445,6.224206637150917,9,True,True,0,6,False,False,5,0,False,False,False,nan,nan,nan,342,True,nan
3834,188237.6,211.02687001868733,10,38.95083753446783,6.163732012475948,9,True,True,0,6,False,False,5,0,False,False,False,nan,nan,nan,343,True,nan
3835,188237.8,204.70062674546054,10,37.983351156276875,6.08969212347668,9,True,True,0,6,False,False,5,0,False,False,False,nan,nan,nan,344,True,nan
3836,188238.0,198.76253877169125,10,36.84459309869891,5.967315429344601,9,True,True,0,6,False,False,5,0,False,False,False,nan,nan,nan,345,True,nan
3837,188238.2,193.16695095025588,10,35.46822746230828,5.853425977580177,10,True,True,0,6,False,False,5,0,False,False,False,nan,nan,nan,346,True,nan
3838,188238.4,184.17709901174373,10,52.59457096368075,7.833597659883062,13,True,True,0,6,False,False,5,0,False,False,False,nan,nan,nan,347,True,nan
3839,188238.6,180.23115427725764,10,44.89163004733792,6.900959835422493,12,False,True,0,6,False,False,5,0,False,False,False,nan,nan,nan,348,True,nan
3840,188238.8,179.32593071698952,9,22.260643605142832,6.019947573490666,9,False,True,0,6,False,False,5,0,False,False,False,nan,nan,nan,349,True,nan
3841,188239.0,181.20008136355935,8,12.093255240470171,4.448486773174153,15,True,True,0,6,False,False,5,0,False,False,False,nan,nan,nan,350,True,nan
3842,188239.2,183.58663043614894,7,8.585744224488735,3.720098642925156,25,False,True,0,6,False,False,5,0,False,False,False,nan,nan,nan,351,True,nan
3843,188239.4,185.05397065498644,6,7.771580792963505,3.535785606800274,1,False,True,0,6,False,False,5,0,True,True,False,nan,nan,nan,352,True,185.05397065498644
3844,188239.6,186.06288725469656,5,7.6597501039505005,3.200229867773464,1,False,True,0,6,False,False,5,0,True,True,False,nan,nan,nan,353,True,186.06288725469656
3845,188239.8,187.017861146487,5,7.516737345606089,3.167156587238363,1,False,True,0,6,False,False,5,0,True,True,False,nan,nan,nan,354,True,187.017861146487
3846,188240.0,188.0059819422627,6,25.076784611894038,5.144501223437154,1,False,True,0,6,False,False,5,0,True,True,False,nan,nan,nan,355,True,188.0059819422627
3847,188240.2,187.26335046363465,7,24.04609268829785,4.987550559237625,2,False,True,0,6,False,False,5,0,False,False,False,nan,nan,nan,356,True,nan
3848,188240.4,186.87397200711396,8,22.905713055529898,4.817900302776869,2,False,True,0,6,False,False,5,0,False,False,False,nan,nan,nan,357,True,nan
3849,188240.6,186.52570017589466,9,21.11255198613823,4.508050768620537,1,False,True,0,6,False,False,5,0,True,True,False,nan,nan,nan,358,True,186.52570017589466
3850,188240.8,184.99977697800352,10,20.151609361211722,4.326212638445261,1,False,True,0,6,False,False,5,0,True,False,False,nan,nan,nan,359,True,nan
3851,188241.0,183.9343682347471,10,18.485026450892747,4.097744956943989,2,False,True,0,6,False,False,5,0,False,False,False,nan,nan,nan,360,True,nan
3852,188241.2,183.31998998330403,10,17.742485489664748,4.107285366488179,1,False,True,0,6,False,False,5,0,True,True,False,nan,nan,nan,361,True,183.31998998330403
3853,188241.4,182.5580400657665,10,17.04935379616572,4.043946461063658,2,False,True,0,6,False,False,5,0,False,False,False,nan,nan,nan,362,True,nan
3854,188241.6,182.13633802460095,10,16.586463366041038,4.058045981797869,2,False,True,0,6,False,False,5,0,False,False,False,nan,nan,nan,363,True,nan
3855,188241.8,181.86508524610045,10,16.453261786361185,4.122697162120092,2,False,True,0,6,False,False,5,0,False,False,False,nan,nan,nan,364,True,nan
3856,188242.0,181.65158502503186,10,16.345418447889244,4.187294560642211,1,False,True,0,6,False,False,5,0,True,True,False,nan,nan,nan,365,True,181.65158502503186
3857,188242.2,183.3536906010442,10,16.97801603931831,4.284461074340003,1,False,True,0,6,False,False,5,0,True,False,False,nan,nan,nan,366,True,nan
3858,188242.4,183.56623107634107,9,6.808809347450733,3.125062382121207,2,False,True,0,6,False,False,5,0,False,False,False,nan,nan,nan,367,True,nan
3859,188242.6,185.23883917821317,8,7.498884614557028,3.3021843091261136,1,False,True,0,6,False,False,5,0,True,True,False,nan,nan,nan,368,True,185.23883917821317
3860,188242.8,187.00832339396456,7,8.481661703437567,3.5222288287589976,1,False,True,0,6,False,False,5,0,True,False,False,nan,nan,nan,369,True,nan
3861,188243.0,188.60236004769538,6,9.144483402371407,3.673237302765074,2,False,True,0,6,False,False,5,0,False,False,False,nan,nan,nan,370,True,nan
3862,188243.2,190.14762399400766,5,9.432336203753948,3.753412969045316,2,False,True,0,6,False,False,5,0,False,False,False,nan,nan,nan,371,True,nan
3863,188243.4,191.63487990226704,5,9.542324297130108,3.746549532272668,2,False,True,0,6,False,False,5,0,False,False,False,nan,nan,nan,372,True,nan
3864,188243.6,192.92710076384992,5,9.269798543304205,3.6537176218569214,1,False,True,0,6,False,False,5,0,True,True,False,nan,nan,nan,373,True,192.92710076384992
3865,188243.8,194.67885117980134,5,9.895962357521057,3.7594307003892555,1,False,True,0,6,False,False,5,0,True,False,False,nan,nan,nan,374,True,nan
3866,188244.0,196.3041462586886,5,10.49154955521226,3.8528029844907854,2,False,True,0,6,False,False,5,0,False,False,False,nan,nan,nan,375,True,nan
3867,188244.2,197.88009155355704,5,10.934489704668522,3.9239810782633064,1,False,True,0,6,False,False,5,0,True,True,False,nan,nan,nan,376,True,197.88009155355704
3868,188244.4,199.6418800910448,5,11.682226154953241,4.044770047344843,1,False,True,0,6,False,False,5,0,True,False,False,nan,nan,nan,377,True,nan
3869,188244.6,201.31240347514523,5,12.349535886198282,4.635273828129636,2,False,True,0,6,False,False,5,0,False,False,False,nan,nan,nan,378,True,nan
3870,188244.8,202.93008687290697,5,12.884074594825506,4.713414625753809,2,False,True,0,6,False,False,5,0,False,False,False,nan,nan,nan,379,True,nan
3871,188245.0,204.4278987304816,5,13.1587025038898,4.299256040023549,1,False,True,0,6,False,False,5,0,True,True,False,nan,nan,nan,380,True,204.4278987304816
3872,188245.2,206.21131790862415,5,13.58101461455226,4.818084587656994,1,False,True,0,6,False,False,5,0,True,False,False,nan,nan,nan,381,True,nan
3873,188245.4,207.7705022665624,5,14.074473172426224,4.875757980846361,2,False,True,0,6,False,False,5,0,False,False,False,nan,nan,nan,382,True,nan
3874,188245.6,209.30756693454518,5,14.494492456316948,4.912674890689191,1,False,True,0,6,False,False,5,0,True,True,False,nan,nan,nan,383,True,209.30756693454518
3875,188245.8,211.1330835456,6,22.595291792819722,5.703074430544164,1,False,True,0,6,False,False,6,0,True,True,False,nan,nan,nan,384,True,211.1330835456
3876,188246.0,211.76714724963446,7,22.434925783044555,5.703982912583885,2,False,True,0,6,False,False,7,0,True,True,False,nan,nan,nan,385,True,211.76714724963446
3877,188246.2,212.33194058860872,8,22.277220759455133,5.70047158228013,2,True,True,0,6,False,False,8,0,True,True,False,nan,nan,nan,386,True,212.33194058860872
3878,188246.4,212.5640024811648,9,22.03685189216399,5.812548010378229,2,True,True,0,6,False,False,9,0,True,True,False,nan,nan,nan,387,True,212.5640024811648
3879,188246.6,212.4722234600816,10,21.728205355222737,5.176095532380363,2,False,True,0,6,False,False,10,0,False,False,False,nan,nan,nan,388,True,nan
3880,188246.8,211.87229620110492,10,21.13774211767498,5.126234181081636,2,False,True,0,6,False,False,10,0,False,False,False,nan,nan,nan,389,True,nan
3881,188247.0,211.3530127973191,10,20.549145475062144,5.070312549133485,1,False,True,0,6,False,False,9,0,True,True,False,nan,nan,nan,390,True,211.3530127973191
3882,188247.2,213.13377289926862,10,20.696596390233967,5.096284682740189,2,True,True,0,6,False,False,8,0,True,False,False,nan,nan,nan,391,True,nan
3883,188247.4,212.95988636868077,10,20.41114864562812,5.09651341139276,2,False,True,0,6,False,False,7,0,False,False,False,nan,nan,nan,392,True,nan
3884,188247.6,212.75811014752327,10,20.15808793616154,5.080942716977753,1,False,True,0,6,False,False,6,0,True,True,False,nan,nan,nan,393,True,212.75811014752327
3885,188247.8,212.69908497302737,10,19.75429958518945,5.033354849416555,2,False,True,0,6,False,False,5,0,False,False,False,nan,nan,nan,394,True,nan
3886,188248.0,212.0905793587631,10,19.375170141405196,4.970095061875269,2,False,True,0,6,False,False,5,0,False,False,False,nan,nan,nan,395,True,nan
3887,188248.2,211.11976247058772,10,18.83631620468013,4.916457580232335,1,False,True,0,6,False,False,5,0,True,True,False,nan,nan,nan,396,True,211.11976247058772
3888,188248.4,212.29525810796378,11,40.70511407130968,7.1732344552207445,1,False,True,0,6,False,False,6,0,True,True,False,nan,nan,nan,397,True,212.29525810796378
3889,188248.6,212.70329806062182,11,18.192703606772618,5.228996313611376,2,False,True,0,6,False,False,7,0,False,False,False,nan,nan,nan,398,True,nan
3890,188248.8,213.061280626569,11,17.885235794647887,5.189420128258535,1,True,True,0,6,False,False,7,0,True,True,False,nan,nan,nan,399,True,213.061280626569
3891,188249.0,213.73056592328751,11,17.726981400007094,4.780772123138334,2,False,True,0,6,False,False,7,0,False,False,False,nan,nan,nan,400,True,nan
3892,188249.2,213.73839401138923,11,17.28404169863441,4.75244704102086,2,False,True,0,6,False,False,7,0,False,False,False,nan,nan,nan,401,True,nan
3893,188249.4,213.42019628320685,10,16.80577375657234,4.707810241459697,2,False,True,0,6,False,False,6,0,False,False,False,nan,nan,nan,402,True,nan
3894,188249.6,212.7766321038766,10,16.25106554787141,4.625089003153845,2,False,True,0,6,False,False,5,0,False,False,False,nan,nan,nan,403,True,nan
3895,188249.8,211.74455631248142,10,15.57684561014021,4.553445488010761,4,True,True,0,6,False,False,5,0,False,False,False,nan,nan,nan,404,True,nan
3896,188250.0,210.8956705104222,10,15.052435211860393,4.487382950877909,4,True,True,0,6,False,False,5,0,False,False,False,nan,nan,nan,405,True,nan
3897,188250.2,209.87868775293845,11,13.220391589225429,4.2717110372049305,1,False,True,0,6,False,False,5,0,True,True,False,nan,nan,nan,406,True,209.87868775293845
3898,188250.4,211.03869688783473,12,13.43593302622623,4.329485698066245,1,False,True,0,6,False,False,5,0,True,False,False,nan,nan,nan,407,True,nan
3899,188250.6,166.19598395557276,13,13.364626809819352,4.345622062301021,2,False,True,0,0,True,False,5,0,False,False,False,nan,nan,nan,0,True,nan
